1.900000000000000000e+01,1.900000000000000000e+01,1.900000000000000000e+01,1.900000000000000000e+01,1.900000000000000000e+01,1.900000000000000000e+01,0.000000000000000000e+00,0.000000000000000000e+00,1.900000000000000000e+01,1.900000000000000000e+01,1.900000000000000000e+01,1.900000000000000000e+01,1.900000000000000000e+01,0.000000000000000000e+00,0.000000000000000000e+00,0.000000000000000000e+00,0.000000000000000000e+00,1.900000000000000000e+01,1.900000000000000000e+01,1.900000000000000000e+01,1.900000000000000000e+01,0.000000000000000000e+00,0.000000000000000000e+00,0.000000000000000000e+00,0.000000000000000000e+00,0.000000000000000000e+00,1.900000000000000000e+01,1.900000000000000000e+01,1.900000000000000000e+01,1.900000000000000000e+01,0.000000000000000000e+00,0.000000000000000000e+00,0.000000000000000000e+00,0.000000000000000000e+00,0.000000000000000000e+00,0.000000000000000000e+00,1.900000000000000000e+01,1.900000000000000000e+01,1.900000000000000000e+01,1.900000000000000000e+01,1.900000000000000000e+01,0.000000000000000000e+00,0.000000000000000000e+00,0.000000000000000000e+00,0.000000000000000000e+00,0.000000000000000000e+00,0.000000000000000000e+00,1.900000000000000000e+01,1.900000000000000000e+01,1.900000000000000000e+01,1.900000000000000000e+01,1.900000000000000000e+01,0.000000000000000000e+00,0.000000000000000000e+00,0.000000000000000000e+00,0.000000000000000000e+00,0.000000000000000000e+00,0.000000000000000000e+00,1.900000000000000000e+01,1.900000000000000000e+01,1.900000000000000000e+01,1.900000000000000000e+01,0.000000000000000000e+00,0.000000000000000000e+00,0.000000000000000000e+00,0.000000000000000000e+00,0.000000000000000000e+00,1.900000000000000000e+01,1.900000000000000000e+01,1.900000000000000000e+01,1.900000000000000000e+01,0.000000000000000000e+00,0.000000000000000000e+00,0.000000000000000000e+00,0.000000000000000000e+00,0.000000000000000000e+00,1.900000000000000000e+01,1.900000000000000000e+01,1.900000000000000000e+01,0.000000000000000000e+00,0.000000000000000000e+00,0.000000000000000000e+00,0.000000000000000000e+00,1.900000000000000000e+01,1.900000000000000000e+01,1.900000000000000000e+01,0.000000000000000000e+00,0.000000000000000000e+00,0.000000000000000000e+00,0.000000000000000000e+00,1.900000000000000000e+01
1.900000000000000000e+01,1.896914180951606710e+01,1.900000000000000000e+01,1.900000000000000000e+01,1.900000000000000000e+01,1.900000000000000000e+01,8.226182700976129858e-03,0.000000000000000000e+00,1.900000000000000000e+01,1.900000000000000000e+01,1.900000000000000000e+01,1.900000000000000000e+01,1.900000000000000000e+01,0.000000000000000000e+00,0.000000000000000000e+00,0.000000000000000000e+00,0.000000000000000000e+00,1.900000000000000000e+01,1.900000000000000000e+01,1.901061205033969870e+01,1.900000000000000000e+01,0.000000000000000000e+00,0.000000000000000000e+00,0.000000000000000000e+00,0.000000000000000000e+00,0.000000000000000000e+00,1.900000000000000000e+01,1.900000000000000000e+01,1.907741018369036112e+01,1.900000000000000000e+01,0.000000000000000000e+00,0.000000000000000000e+00,0.000000000000000000e+00,0.000000000000000000e+00,0.000000000000000000e+00,3.707660866863307040e-03,1.900000000000000000e+01,1.900000000000000000e+01,1.900000000000000000e+01,1.900000000000000000e+01,1.900000000000000000e+01,0.000000000000000000e+00,0.000000000000000000e+00,0.000000000000000000e+00,0.000000000000000000e+00,0.000000000000000000e+00,0.000000000000000000e+00,1.900000000000000000e+01,1.900000000000000000e+01,1.900000000000000000e+01,1.900000000000000000e+01,1.900000000000000000e+01,0.000000000000000000e+00,0.000000000000000000e+00,0.000000000000000000e+00,0.000000000000000000e+00,5.849749032204242319e-03,0.000000000000000000e+00,1.900000000000000000e+01,1.900000000000000000e+01,1.900000000000000000e+01,1.899074960287439495e+01,0.000000000000000000e+00,0.000000000000000000e+00,0.000000000000000000e+00,0.000000000000000000e+00,4.349240484054536782e-03,1.900000000000000000e+01,1.900000000000000000e+01,1.900000000000000000e+01,1.900000000000000000e+01,0.000000000000000000e+00,0.000000000000000000e+00,0.000000000000000000e+00,0.000000000000000000e+00,0.000000000000000000e+00,1.899645816802020093e+01,1.900000000000000000e+01,1.900000000000000000e+01,0.000000000000000000e+00,0.000000000000000000e+00,0.000000000000000000e+00,0.000000000000000000e+00,1.900000000000000000e+01,1.900000000000000000e+01,1.900000000000000000e+01,0.000000000000000000e+00,0.000000000000000000e+00,0.000000000000000000e+00,0.000000000000000000e+00,1.900000000000000000e+01
1.900000000000000000e+01,1.896914180951606710e+01,1.900000000000000000e+01,1.900000000000000000e+01,1.900000000000000000e+01,1.900000000000000000e+01,8.226182700976129858e-03,0.000000000000000000e+00,1.900000000000000000e+01,1.900000000000000000e+01,1.900000000000000000e+01,1.902651434976345968e+01,1.900000000000000000e+01,0.000000000000000000e+00,0.000000000000000000e+00,0.000000000000000000e+00,0.000000000000000000e+00,1.900000000000000000e+01,1.900000000000000000e+01,1.901061205033969870e+01,1.900000000000000000e+01,0.000000000000000000e+00,0.000000000000000000e+00,1.183608535952265436e-02,0.000000000000000000e+00,0.000000000000000000e+00,1.900000000000000000e+01,1.900000000000000000e+01,1.907741018369036112e+01,1.900000000000000000e+01,0.000000000000000000e+00,0.000000000000000000e+00,0.000000000000000000e+00,0.000000000000000000e+00,0.000000000000000000e+00,3.707660866863307040e-03,1.900000000000000000e+01,1.900000000000000000e+01,1.900000000000000000e+01,1.900724245887264274e+01,1.898741284144045238e+01,0.000000000000000000e+00,0.000000000000000000e+00,0.000000000000000000e+00,0.000000000000000000e+00,0.000000000000000000e+00,-9.195670927941691775e-03,1.900000000000000000e+01,1.900000000000000000e+01,1.898373927678602158e+01,1.900000000000000000e+01,1.900000000000000000e+01,0.000000000000000000e+00,5.038945382287975810e-02,-1.178219364219316306e-02,0.000000000000000000e+00,5.849749032204242319e-03,0.000000000000000000e+00,1.900000000000000000e+01,1.900000000000000000e+01,1.900000000000000000e+01,1.899074960287439495e+01,0.000000000000000000e+00,0.000000000000000000e+00,0.000000000000000000e+00,0.000000000000000000e+00,4.349240484054536782e-03,1.900000000000000000e+01,1.900000000000000000e+01,1.900000000000000000e+01,1.900000000000000000e+01,-5.794771498059221246e-03,0.000000000000000000e+00,0.000000000000000000e+00,0.000000000000000000e+00,0.000000000000000000e+00,1.899645816802020093e+01,1.900000000000000000e+01,1.900000000000000000e+01,0.000000000000000000e+00,0.000000000000000000e+00,0.000000000000000000e+00,0.000000000000000000e+00,1.900000000000000000e+01,1.900000000000000000e+01,1.900000000000000000e+01,0.000000000000000000e+00,0.000000000000000000e+00,0.000000000000000000e+00,0.000000000000000000e+00,1.900000000000000000e+01
1.900000000000000000e+01,1.896914180951606710e+01,1.900000000000000000e+01,1.900000000000000000e+01,1.900000000000000000e+01,1.900000000000000000e+01,8.226182700976129858e-03,0.000000000000000000e+00,1.900000000000000000e+01,1.900000000000000000e+01,1.889402068178720384e+01,1.902651434976345968e+01,1.900000000000000000e+01,0.000000000000000000e+00,-1.396009255462015222e-02,0.000000000000000000e+00,0.000000000000000000e+00,1.900000000000000000e+01,1.900000000000000000e+01,1.901061205033969870e+01,1.900000000000000000e+01,0.000000000000000000e+00,0.000000000000000000e+00,1.183608535952265436e-02,0.000000000000000000e+00,0.000000000000000000e+00,1.900000000000000000e+01,1.900000000000000000e+01,1.907741018369036112e+01,1.900000000000000000e+01,0.000000000000000000e+00,0.000000000000000000e+00,0.000000000000000000e+00,0.000000000000000000e+00,0.000000000000000000e+00,3.707660866863307040e-03,1.900000000000000000e+01,1.900000000000000000e+01,1.900000000000000000e+01,1.900724245887264274e+01,1.898741284144045238e+01,0.000000000000000000e+00,0.000000000000000000e+00,0.000000000000000000e+00,0.000000000000000000e+00,0.000000000000000000e+00,-9.195670927941691775e-03,1.900000000000000000e+01,1.900000000000000000e+01,1.898373927678602158e+01,1.900000000000000000e+01,1.900000000000000000e+01,-7.554679339970653273e-02,5.038945382287975810e-02,-1.178219364219316306e-02,0.000000000000000000e+00,5.849749032204242319e-03,0.000000000000000000e+00,1.861662418405907715e+01,1.892450974514558482e+01,1.900000000000000000e+01,1.899074960287439495e+01,0.000000000000000000e+00,0.000000000000000000e+00,0.000000000000000000e+00,0.000000000000000000e+00,4.349240484054536782e-03,1.900000000000000000e+01,1.900000000000000000e+01,1.900000000000000000e+01,1.900000000000000000e+01,-5.794771498059221246e-03,-2.001016121192404629e-02,0.000000000000000000e+00,4.157276565798908446e-02,0.000000000000000000e+00,1.899645816802020093e+01,1.906991539570953620e+01,1.900000000000000000e+01,0.000000000000000000e+00,0.000000000000000000e+00,0.000000000000000000e+00,0.000000000000000000e+00,1.900000000000000000e+01,1.900000000000000000e+01,1.900000000000000000e+01,0.000000000000000000e+00,0.000000000000000000e+00,3.129295057601753222e-02,0.000000000000000000e+00,1.900000000000000000e+01
1.900000000000000000e+01,1.896914180951606710e+01,1.900000000000000000e+01,1.892586472418000554e+01,1.900000000000000000e+01,1.900000000000000000e+01,8.226182700976129858e-03,0.000000000000000000e+00,1.900000000000000000e+01,1.900000000000000000e+01,1.889402068178720384e+01,1.902651434976345968e+01,1.900000000000000000e+01,0.000000000000000000e+00,-1.396009255462015222e-02,0.000000000000000000e+00,1.778621133853865999e-01,1.900000000000000000e+01,1.900000000000000000e+01,1.901061205033969870e+01,1.900000000000000000e+01,0.000000000000000000e+00,0.000000000000000000e+00,1.183608535952265436e-02,0.000000000000000000e+00,0.000000000000000000e+00,1.900000000000000000e+01,1.909850784947191826e+01,1.907741018369036112e+01,1.900000000000000000e+01,0.000000000000000000e+00,0.000000000000000000e+00,-2.594961675186007177e-01,0.000000000000000000e+00,0.000000000000000000e+00,3.707660866863307040e-03,1.900000000000000000e+01,1.900000000000000000e+01,1.900000000000000000e+01,1.900724245887264274e+01,1.898741284144045238e+01,0.000000000000000000e+00,0.000000000000000000e+00,0.000000000000000000e+00,0.000000000000000000e+00,0.000000000000000000e+00,-9.195670927941691775e-03,1.900000000000000000e+01,1.900000000000000000e+01,1.898373927678602158e+01,1.900000000000000000e+01,1.900000000000000000e+01,-7.554679339970653273e-02,5.038945382287975810e-02,-1.178219364219316306e-02,0.000000000000000000e+00,5.849749032204242319e-03,0.000000000000000000e+00,1.861662418405907715e+01,1.892450974514558482e+01,1.900000000000000000e+01,1.899074960287439495e+01,0.000000000000000000e+00,0.000000000000000000e+00,0.000000000000000000e+00,0.000000000000000000e+00,4.349240484054536782e-03,1.900000000000000000e+01,1.837392876415668397e+01,1.900000000000000000e+01,1.918518049435214934e+01,-5.794771498059221246e-03,-2.001016121192404629e-02,0.000000000000000000e+00,4.157276565798908446e-02,0.000000000000000000e+00,1.899645816802020093e+01,1.906991539570953620e+01,1.900000000000000000e+01,-1.636275908879873953e-01,0.000000000000000000e+00,0.000000000000000000e+00,-7.037775701328387312e-02,1.900000000000000000e+01,1.900000000000000000e+01,1.900000000000000000e+01,0.000000000000000000e+00,0.000000000000000000e+00,3.129295057601753222e-02,-5.189876391732887312e-02,1.900000000000000000e+01
1.900000000000000000e+01,1.896914180951606710e+01,1.900000000000000000e+01,1.892586472418000554e+01,1.900000000000000000e+01,1.900000000000000000e+01,8.226182700976129858e-03,0.000000000000000000e+00,1.900000000000000000e+01,1.900000000000000000e+01,1.889402068178720384e+01,1.902651434976345968e+01,1.900000000000000000e+01,0.000000000000000000e+00,-1.396009255462015222e-02,1.387611057769281286e-01,1.778621133853865999e-01,1.900000000000000000e+01,1.900000000000000000e+01,1.901061205033969870e+01,1.892080618412454029e+01,-5.077233100496270080e-02,0.000000000000000000e+00,1.183608535952265436e-02,0.000000000000000000e+00,0.000000000000000000e+00,1.900000000000000000e+01,1.909850784947191826e+01,1.907741018369036112e+01,1.900000000000000000e+01,0.000000000000000000e+00,0.000000000000000000e+00,-2.594961675186007177e-01,0.000000000000000000e+00,0.000000000000000000e+00,3.707660866863307040e-03,1.900000000000000000e+01,1.900000000000000000e+01,1.900000000000000000e+01,1.900724245887264274e+01,1.898741284144045238e+01,0.000000000000000000e+00,0.000000000000000000e+00,0.000000000000000000e+00,0.000000000000000000e+00,1.923048813741437824e-01,-9.195670927941691775e-03,1.900000000000000000e+01,1.900000000000000000e+01,1.898373927678602158e+01,1.900000000000000000e+01,1.900000000000000000e+01,-7.554679339970653273e-02,5.038945382287975810e-02,-1.178219364219316306e-02,0.000000000000000000e+00,5.849749032204242319e-03,6.085053972342503725e-02,1.861662418405907715e+01,1.892450974514558482e+01,1.900000000000000000e+01,1.899074960287439495e+01,-1.265603347923007771e-01,0.000000000000000000e+00,0.000000000000000000e+00,0.000000000000000000e+00,4.349240484054536782e-03,1.932767681066040311e+01,1.837392876415668397e+01,1.900000000000000000e+01,1.918518049435214934e+01,-5.794771498059221246e-03,-2.001016121192404629e-02,0.000000000000000000e+00,4.157276565798908446e-02,0.000000000000000000e+00,1.899645816802020093e+01,1.906991539570953620e+01,1.900000000000000000e+01,-1.636275908879873953e-01,0.000000000000000000e+00,0.000000000000000000e+00,-7.037775701328387312e-02,1.900000000000000000e+01,1.900000000000000000e+01,1.858700589455709462e+01,0.000000000000000000e+00,0.000000000000000000e+00,3.129295057601753222e-02,-5.189876391732887312e-02,1.911146940671975969e+01
1.900000000000000000e+01,1.896914180951606710e+01,1.900000000000000000e+01,1.892586472418000554e+01,1.900000000000000000e+01,1.900000000000000000e+01,8.226182700976129858e-03,0.000000000000000000e+00,1.927537762711358127e+01,1.900000000000000000e+01,1.889402068178720384e+01,1.902651434976345968e+01,1.900000000000000000e+01,0.000000000000000000e+00,-1.396009255462015222e-02,1.387611057769281286e-01,1.778621133853865999e-01,1.900000000000000000e+01,1.900000000000000000e+01,1.901061205033969870e+01,1.892080618412454029e+01,-5.077233100496270080e-02,0.000000000000000000e+00,1.183608535952265436e-02,0.000000000000000000e+00,0.000000000000000000e+00,1.900000000000000000e+01,1.909850784947191826e+01,1.907741018369036112e+01,1.900000000000000000e+01,-1.604072650948317191e+00,-2.087098650786893828e-01,-2.594961675186007177e-01,0.000000000000000000e+00,0.000000000000000000e+00,3.707660866863307040e-03,1.900000000000000000e+01,1.867030028159886612e+01,1.900000000000000000e+01,1.900724245887264274e+01,1.898741284144045238e+01,0.000000000000000000e+00,0.000000000000000000e+00,-6.802672399366455069e-01,0.000000000000000000e+00,1.923048813741437824e-01,-9.195670927941691775e-03,1.900000000000000000e+01,1.900000000000000000e+01,1.898373927678602158e+01,1.900000000000000000e+01,1.900000000000000000e+01,-7.554679339970653273e-02,5.038945382287975810e-02,-1.178219364219316306e-02,0.000000000000000000e+00,5.849749032204242319e-03,6.085053972342503725e-02,1.861662418405907715e+01,1.892450974514558482e+01,1.976544690823021000e+01,1.899074960287439495e+01,-1.265603347923007771e-01,-2.386234864088535024e-01,0.000000000000000000e+00,0.000000000000000000e+00,4.349240484054536782e-03,1.932767681066040311e+01,1.837392876415668397e+01,1.900000000000000000e+01,1.918518049435214934e+01,-5.794771498059221246e-03,-2.001016121192404629e-02,0.000000000000000000e+00,4.157276565798908446e-02,-1.235036197746627540e+00,1.899645816802020093e+01,1.906991539570953620e+01,1.900000000000000000e+01,-1.636275908879873953e-01,0.000000000000000000e+00,0.000000000000000000e+00,-7.037775701328387312e-02,1.900000000000000000e+01,1.881711525644056238e+01,1.858700589455709462e+01,0.000000000000000000e+00,0.000000000000000000e+00,3.129295057601753222e-02,-5.189876391732887312e-02,1.911146940671975969e+01
1.900000000000000000e+01,1.896914180951606710e+01,1.904021738295624289e+01,1.892586472418000554e+01,1.900000000000000000e+01,1.900000000000000000e+01,8.226182700976129858e-03,0.000000000000000000e+00,1.927537762711358127e+01,1.900000000000000000e+01,1.889402068178720384e+01,1.902651434976345968e+01,1.887396001204962204e+01,0.000000000000000000e+00,-1.396009255462015222e-02,1.387611057769281286e-01,1.778621133853865999e-01,1.900000000000000000e+01,1.902611762464054834e+01,1.901061205033969870e+01,1.892080618412454029e+01,-5.077233100496270080e-02,3.033226391345912321e-01,1.183608535952265436e-02,0.000000000000000000e+00,0.000000000000000000e+00,1.900000000000000000e+01,1.909850784947191826e+01,1.907741018369036112e+01,1.900000000000000000e+01,-1.604072650948317191e+00,-2.087098650786893828e-01,-2.594961675186007177e-01,0.000000000000000000e+00,-4.344550031780380905e-02,3.707660866863307040e-03,1.900000000000000000e+01,1.867030028159886612e+01,1.900000000000000000e+01,1.900724245887264274e+01,1.898741284144045238e+01,0.000000000000000000e+00,0.000000000000000000e+00,-6.802672399366455069e-01,0.000000000000000000e+00,1.923048813741437824e-01,-9.195670927941691775e-03,1.900000000000000000e+01,1.900000000000000000e+01,1.898373927678602158e+01,1.886687443163242506e+01,1.894696759841669831e+01,-7.554679339970653273e-02,5.038945382287975810e-02,-1.178219364219316306e-02,0.000000000000000000e+00,5.849749032204242319e-03,6.085053972342503725e-02,1.861662418405907715e+01,1.892450974514558482e+01,1.976544690823021000e+01,1.899074960287439495e+01,-1.265603347923007771e-01,-2.386234864088535024e-01,0.000000000000000000e+00,0.000000000000000000e+00,4.349240484054536782e-03,1.932767681066040311e+01,1.837392876415668397e+01,1.902623026885003910e+01,1.918518049435214934e+01,-5.794771498059221246e-03,-2.001016121192404629e-02,0.000000000000000000e+00,4.157276565798908446e-02,-1.235036197746627540e+00,1.899645816802020093e+01,1.906991539570953620e+01,1.900000000000000000e+01,-1.636275908879873953e-01,0.000000000000000000e+00,0.000000000000000000e+00,-7.037775701328387312e-02,1.900000000000000000e+01,1.881711525644056238e+01,1.858700589455709462e+01,0.000000000000000000e+00,-5.824875339531884744e-02,3.129295057601753222e-02,-5.189876391732887312e-02,1.911146940671975969e+01
1.823372883669190614e+01,1.896914180951606710e+01,1.904021738295624289e+01,1.892586472418000554e+01,1.897963038298801308e+01,1.900000000000000000e+01,8.226182700976129858e-03,0.000000000000000000e+00,1.927537762711358127e+01,1.912103556087235035e+01,1.889402068178720384e+01,1.902651434976345968e+01,1.887396001204962204e+01,-5.280062770799132804e-02,-1.396009255462015222e-02,1.387611057769281286e-01,1.778621133853865999e-01,1.937990795159563362e+01,1.902611762464054834e+01,1.901061205033969870e+01,1.892080618412454029e+01,-5.077233100496270080e-02,3.033226391345912321e-01,1.183608535952265436e-02,0.000000000000000000e+00,3.456416381647164221e-02,1.900000000000000000e+01,1.909850784947191826e+01,1.907741018369036112e+01,1.907274744878423078e+01,-1.604072650948317191e+00,-2.087098650786893828e-01,-2.594961675186007177e-01,0.000000000000000000e+00,-4.344550031780380905e-02,3.707660866863307040e-03,1.900000000000000000e+01,1.867030028159886612e+01,1.900000000000000000e+01,1.900724245887264274e+01,1.898741284144045238e+01,0.000000000000000000e+00,0.000000000000000000e+00,-6.802672399366455069e-01,0.000000000000000000e+00,1.923048813741437824e-01,-9.195670927941691775e-03,-2.067316480687438229e+01,1.900000000000000000e+01,1.898373927678602158e+01,1.886687443163242506e+01,1.894696759841669831e+01,-7.554679339970653273e-02,5.038945382287975810e-02,-1.178219364219316306e-02,0.000000000000000000e+00,5.849749032204242319e-03,6.085053972342503725e-02,1.861662418405907715e+01,1.892450974514558482e+01,1.976544690823021000e+01,1.899074960287439495e+01,-1.265603347923007771e-01,-2.386234864088535024e-01,0.000000000000000000e+00,0.000000000000000000e+00,4.349240484054536782e-03,1.932767681066040311e+01,1.837392876415668397e+01,1.902623026885003910e+01,1.918518049435214934e+01,-5.794771498059221246e-03,-2.001016121192404629e-02,0.000000000000000000e+00,4.157276565798908446e-02,-1.235036197746627540e+00,1.899645816802020093e+01,1.906991539570953620e+01,1.900000000000000000e+01,-1.636275908879873953e-01,0.000000000000000000e+00,0.000000000000000000e+00,-7.037775701328387312e-02,1.900000000000000000e+01,1.881711525644056238e+01,1.858700589455709462e+01,-3.443483923803861146e-02,-5.824875339531884744e-02,3.129295057601753222e-02,-5.189876391732887312e-02,1.911146940671975969e+01
1.823372883669190614e+01,1.896914180951606710e+01,1.904021738295624289e+01,1.892586472418000554e+01,1.897963038298801308e+01,1.900000000000000000e+01,8.226182700976129858e-03,8.573352101164332106e-01,1.927537762711358127e+01,1.912103556087235035e+01,1.889402068178720384e+01,1.902651434976345968e+01,1.887396001204962204e+01,-5.280062770799132804e-02,-1.396009255462015222e-02,1.387611057769281286e-01,1.778621133853865999e-01,1.937990795159563362e+01,1.902611762464054834e+01,1.901061205033969870e+01,1.892080618412454029e+01,-5.077233100496270080e-02,3.033226391345912321e-01,1.183608535952265436e-02,0.000000000000000000e+00,3.456416381647164221e-02,1.900000000000000000e+01,1.909850784947191826e+01,1.907741018369036112e+01,1.907274744878423078e+01,-1.604072650948317191e+00,-2.087098650786893828e-01,-2.594961675186007177e-01,0.000000000000000000e+00,-4.344550031780380905e-02,3.707660866863307040e-03,1.900000000000000000e+01,1.867030028159886612e+01,1.900000000000000000e+01,1.900724245887264274e+01,1.898741284144045238e+01,-3.193608286741317359e-01,1.073463591991384858e+00,-6.802672399366455069e-01,1.402916059825681128e+00,1.923048813741437824e-01,-9.195670927941691775e-03,-2.067316480687438229e+01,2.106552082715020902e+01,1.898373927678602158e+01,1.886687443163242506e+01,1.894696759841669831e+01,-7.554679339970653273e-02,5.038945382287975810e-02,-1.178219364219316306e-02,-3.331537409722938881e-01,5.849749032204242319e-03,6.085053972342503725e-02,1.861662418405907715e+01,1.892450974514558482e+01,1.976544690823021000e+01,1.899074960287439495e+01,-1.265603347923007771e-01,-2.386234864088535024e-01,-1.250782053132237559e+00,0.000000000000000000e+00,4.349240484054536782e-03,1.932767681066040311e+01,1.837392876415668397e+01,1.902623026885003910e+01,1.918518049435214934e+01,-5.794771498059221246e-03,-2.001016121192404629e-02,-2.338910983939925359e+00,4.157276565798908446e-02,-1.235036197746627540e+00,1.899645816802020093e+01,1.906991539570953620e+01,1.900000000000000000e+01,-1.636275908879873953e-01,1.318277754513470512e+00,0.000000000000000000e+00,-7.037775701328387312e-02,1.900000000000000000e+01,1.881711525644056238e+01,1.858700589455709462e+01,-3.443483923803861146e-02,-5.824875339531884744e-02,3.129295057601753222e-02,-5.189876391732887312e-02,1.911146940671975969e+01
1.823372883669190614e+01,1.896914180951606710e+01,1.904021738295624289e+01,1.892586472418000554e+01,1.897963038298801308e+01,1.955370552123009631e+01,8.226182700976129858e-03,8.573352101164332106e-01,1.927537762711358127e+01,1.912103556087235035e+01,1.889402068178720384e+01,1.902651434976345968e+01,1.887396001204962204e+01,-5.280062770799132804e-02,-1.396009255462015222e-02,1.387611057769281286e-01,1.778621133853865999e-01,1.937990795159563362e+01,1.902611762464054834e+01,1.901061205033969870e+01,1.892080618412454029e+01,-5.077233100496270080e-02,3.033226391345912321e-01,1.183608535952265436e-02,-7.539967031521320751e-01,3.456416381647164221e-02,1.858005234707273701e+01,1.909850784947191826e+01,1.907741018369036112e+01,1.907274744878423078e+01,-1.604072650948317191e+00,-2.087098650786893828e-01,-2.594961675186007177e-01,-2.362018317621532026e-01,-4.344550031780380905e-02,3.707660866863307040e-03,1.707524158678730686e+01,1.867030028159886612e+01,1.878186279175535134e+01,1.900724245887264274e+01,1.898741284144045238e+01,-3.193608286741317359e-01,1.073463591991384858e+00,-6.802672399366455069e-01,1.402916059825681128e+00,1.923048813741437824e-01,-9.195670927941691775e-03,-2.067316480687438229e+01,2.106552082715020902e+01,1.898373927678602158e+01,1.886687443163242506e+01,1.894696759841669831e+01,-7.554679339970653273e-02,5.038945382287975810e-02,-1.178219364219316306e-02,-3.331537409722938881e-01,5.849749032204242319e-03,6.085053972342503725e-02,1.861662418405907715e+01,1.892450974514558482e+01,1.976544690823021000e+01,1.899074960287439495e+01,-1.265603347923007771e-01,-2.386234864088535024e-01,-1.250782053132237559e+00,2.298131341385429294e-01,4.349240484054536782e-03,1.932767681066040311e+01,1.837392876415668397e+01,1.902623026885003910e+01,1.918518049435214934e+01,-5.794771498059221246e-03,-2.001016121192404629e-02,-2.338910983939925359e+00,4.157276565798908446e-02,-1.235036197746627540e+00,1.899645816802020093e+01,1.906991539570953620e+01,1.927091080040640136e+01,-1.636275908879873953e-01,1.318277754513470512e+00,-6.179763492746996878e-01,-7.037775701328387312e-02,1.879118898240697888e+01,1.881711525644056238e+01,1.858700589455709462e+01,-3.443483923803861146e-02,-5.824875339531884744e-02,3.129295057601753222e-02,-5.189876391732887312e-02,1.911146940671975969e+01
1.823372883669190614e+01,1.896914180951606710e+01,1.904021738295624289e+01,1.892586472418000554e+01,1.897963038298801308e+01,1.955370552123009631e+01,8.226182700976129858e-03,8.430071437157825587e-01,1.927537762711358127e+01,1.912103556087235035e+01,1.889402068178720384e+01,1.902651434976345968e+01,1.887396001204962204e+01,-8.413171563992201396e-02,-1.396009255462015222e-02,1.387611057769281286e-01,1.778621133853865999e-01,1.939960780434295984e+01,1.902611762464054834e+01,1.901061205033969870e+01,1.892080618412454029e+01,-3.047453536491696521e-02,3.033226391345912321e-01,1.183608535952265436e-02,-7.539967031521320751e-01,3.456416381647164221e-02,1.858005234707273701e+01,1.909850784947191826e+01,1.911624603978341597e+01,1.907274744878423078e+01,-1.604072650948317191e+00,-2.087098650786893828e-01,-2.594961675186007177e-01,-2.362018317621532026e-01,-4.344550031780380905e-02,3.707660866863307040e-03,1.707524158678730686e+01,1.867030028159886612e+01,1.878186279175535134e+01,1.900724245887264274e+01,1.898741284144045238e+01,-3.193608286741317359e-01,1.073463591991384858e+00,-6.802672399366455069e-01,1.402916059825681128e+00,1.923048813741437824e-01,-9.195670927941691775e-03,-2.067316480687438229e+01,2.106552082715020902e+01,1.898373927678602158e+01,1.886687443163242506e+01,1.894696759841669831e+01,-7.554679339970653273e-02,5.038945382287975810e-02,-6.325378537606875240e-02,-3.331537409722938881e-01,5.849749032204242319e-03,6.085053972342503725e-02,1.861662418405907715e+01,1.892450974514558482e+01,1.976544690823021000e+01,1.917605506220306566e+01,-1.265603347923007771e-01,-2.386234864088535024e-01,-1.250782053132237559e+00,2.298131341385429294e-01,4.349240484054536782e-03,1.932767681066040311e+01,1.837392876415668397e+01,1.902623026885003910e+01,1.914448851668288043e+01,-5.794771498059221246e-03,-2.001016121192404629e-02,-2.228347623163128066e+00,4.157276565798908446e-02,-1.235036197746627540e+00,1.899645816802020093e+01,1.906991539570953620e+01,1.927091080040640136e+01,-1.636275908879873953e-01,1.318277754513470512e+00,-6.179763492746996878e-01,-7.037775701328387312e-02,1.879118898240697888e+01,1.881711525644056238e+01,1.858700589455709462e+01,-3.443483923803861146e-02,-5.824875339531884744e-02,3.129295057601753222e-02,-5.189876391732887312e-02,1.911146940671975969e+01
1.823372883669190614e+01,1.896914180951606710e+01,1.904021738295624289e+01,1.892586472418000554e+01,1.900873978666332675e+01,1.955370552123009631e+01,-2.141184078663731227e-02,8.430071437157825587e-01,1.927537762711358127e+01,1.912103556087235035e+01,1.889402068178720384e+01,1.902651434976345968e+01,1.887396001204962204e+01,-8.413171563992201396e-02,5.803018214347892278e-02,1.387611057769281286e-01,1.778621133853865999e-01,1.939960780434295984e+01,1.902611762464054834e+01,1.901061205033969870e+01,1.892080618412454029e+01,-3.047453536491696521e-02,3.033226391345912321e-01,1.183608535952265436e-02,-7.539967031521320751e-01,3.456416381647164221e-02,1.858005234707273701e+01,1.909850784947191826e+01,1.911624603978341597e+01,1.907274744878423078e+01,-1.604072650948317191e+00,-2.087098650786893828e-01,-2.317235372583376085e-01,-2.362018317621532026e-01,-4.344550031780380905e-02,3.707660866863307040e-03,1.707524158678730686e+01,1.867030028159886612e+01,1.878186279175535134e+01,1.929255218893003843e+01,1.898741284144045238e+01,-3.193608286741317359e-01,1.073463591991384858e+00,-6.802672399366455069e-01,1.402916059825681128e+00,1.923048813741437824e-01,-9.195670927941691775e-03,-2.067316480687438229e+01,2.106552082715020902e+01,1.898373927678602158e+01,1.886687443163242506e+01,1.894696759841669831e+01,-7.554679339970653273e-02,5.038945382287975810e-02,-6.325378537606875240e-02,-3.331537409722938881e-01,5.849749032204242319e-03,6.085053972342503725e-02,1.861662418405907715e+01,1.892450974514558482e+01,1.976544690823021000e+01,1.917605506220306566e+01,-1.265603347923007771e-01,-2.386234864088535024e-01,-1.250782053132237559e+00,2.298131341385429294e-01,4.349240484054536782e-03,1.932767681066040311e+01,1.837392876415668397e+01,1.910410966189667192e+01,1.914448851668288043e+01,-5.794771498059221246e-03,-2.001016121192404629e-02,-2.228347623163128066e+00,4.157276565798908446e-02,-1.235036197746627540e+00,1.899645816802020093e+01,1.906991539570953620e+01,1.927091080040640136e+01,-9.732575615202720964e-02,1.318277754513470512e+00,-6.179763492746996878e-01,-4.629659939443241390e-01,1.879118898240697888e+01,1.881711525644056238e+01,1.858700589455709462e+01,1.052619005559338738e-01,-5.824875339531884744e-02,3.129295057601753222e-02,-5.189876391732887312e-02,1.911146940671975969e+01
1.823372883669190614e+01,1.896914180951606710e+01,1.904021738295624289e+01,1.892586472418000554e+01,1.900873978666332675e+01,1.955370552123009631e+01,-2.141184078663731227e-02,8.430071437157825587e-01,1.927537762711358127e+01,1.912103556087235035e+01,1.889402068178720384e+01,1.902651434976345968e+01,1.887396001204962204e+01,-8.413171563992201396e-02,5.803018214347892278e-02,1.387611057769281286e-01,1.778621133853865999e-01,1.939960780434295984e+01,1.902611762464054834e+01,1.901061205033969870e+01,1.892080618412454029e+01,-3.047453536491696521e-02,3.033226391345912321e-01,1.183608535952265436e-02,-7.539967031521320751e-01,3.456416381647164221e-02,1.858005234707273701e+01,1.911518023226420482e+01,1.911624603978341597e+01,1.907274744878423078e+01,-1.604072650948317191e+00,-2.087098650786893828e-01,-2.317235372583376085e-01,-2.362018317621532026e-01,-4.344550031780380905e-02,3.707660866863307040e-03,1.707524158678730686e+01,1.867030028159886612e+01,1.875622919638906083e+01,1.929255218893003843e+01,1.898741284144045238e+01,-3.193608286741317359e-01,1.073463591991384858e+00,-6.802672399366455069e-01,1.402916059825681128e+00,1.923048813741437824e-01,-9.195670927941691775e-03,-2.067316480687438229e+01,2.106552082715020902e+01,1.898373927678602158e+01,1.886687443163242506e+01,1.894696759841669831e+01,-7.554679339970653273e-02,5.038945382287975810e-02,-6.325378537606875240e-02,-3.015350019097052803e-01,5.849749032204242319e-03,6.085053972342503725e-02,1.861662418405907715e+01,1.892450974514558482e+01,1.976544690823021000e+01,1.917605506220306566e+01,-1.265603347923007771e-01,-2.199726966460492927e-01,-1.250782053132237559e+00,2.124690834512146520e-01,4.349240484054536782e-03,1.932767681066040311e+01,1.837392876415668397e+01,1.910410966189667192e+01,1.914448851668288043e+01,-1.224451989076928426e-01,-2.001016121192404629e-02,-2.228347623163128066e+00,4.157276565798908446e-02,-1.235036197746627540e+00,1.899645816802020093e+01,1.906991539570953620e+01,1.927091080040640136e+01,-9.732575615202720964e-02,1.318277754513470512e+00,-6.179763492746996878e-01,-4.629659939443241390e-01,1.879118898240697888e+01,1.879611733451523037e+01,1.860051925971320230e+01,1.052619005559338738e-01,-5.824875339531884744e-02,6.534277819286561650e-02,-5.189876391732887312e-02,1.911146940671975969e+01
1.827706975841773840e+01,1.896914180951606710e+01,1.904021738295624289e+01,1.892586472418000554e+01,1.900873978666332675e+01,1.955370552123009631e+01,-2.141184078663731227e-02,8.430071437157825587e-01,1.927537762711358127e+01,1.912103556087235035e+01,1.889402068178720384e+01,1.892550355959857100e+01,1.887396001204962204e+01,-8.413171563992201396e-02,5.803018214347892278e-02,1.387611057769281286e-01,1.778621133853865999e-01,1.939960780434295984e+01,1.902611762464054834e+01,1.901061205033969870e+01,1.892080618412454029e+01,-3.047453536491696521e-02,3.033226391345912321e-01,1.183608535952265436e-02,-7.539967031521320751e-01,3.456416381647164221e-02,1.863597165323519533e+01,1.911518023226420482e+01,1.911624603978341597e+01,1.907274744878423078e+01,-1.604072650948317191e+00,-2.087098650786893828e-01,-2.317235372583376085e-01,-2.362018317621532026e-01,-4.344550031780380905e-02,3.707660866863307040e-03,1.707524158678730686e+01,1.867030028159886612e+01,1.875622919638906083e+01,1.929255218893003843e+01,1.892747246600913513e+01,-3.193608286741317359e-01,1.073463591991384858e+00,-6.802672399366455069e-01,1.498212537366129693e+00,1.923048813741437824e-01,6.183586970990536530e-02,-2.067316480687438229e+01,2.106552082715020902e+01,1.898373927678602158e+01,1.886687443163242506e+01,1.894696759841669831e+01,-7.554679339970653273e-02,5.038945382287975810e-02,-6.325378537606875240e-02,-3.015350019097052803e-01,5.849749032204242319e-03,7.980339022393340143e-03,1.861662418405907715e+01,1.892450974514558482e+01,1.976544690823021000e+01,1.917605506220306566e+01,-1.265603347923007771e-01,-2.199726966460492927e-01,-1.250782053132237559e+00,2.124690834512146520e-01,4.349240484054536782e-03,1.932767681066040311e+01,1.873686036512500408e+01,1.910410966189667192e+01,1.914448851668288043e+01,-1.224451989076928426e-01,-2.001016121192404629e-02,-2.228347623163128066e+00,4.157276565798908446e-02,-1.235036197746627540e+00,1.899645816802020093e+01,1.906991539570953620e+01,1.927091080040640136e+01,-9.732575615202720964e-02,8.273024028065125712e-01,-6.179763492746996878e-01,-4.629659939443241390e-01,1.879118898240697888e+01,1.879611733451523037e+01,1.860051925971320230e+01,1.052619005559338738e-01,-5.824875339531884744e-02,6.534277819286561650e-02,-5.189876391732887312e-02,1.911146940671975969e+01
1.827706975841773840e+01,1.896914180951606710e+01,1.901880541395755486e+01,1.892586472418000554e+01,1.900873978666332675e+01,1.955370552123009631e+01,-2.141184078663731227e-02,8.430071437157825587e-01,1.927537762711358127e+01,1.912103556087235035e+01,1.889402068178720384e+01,1.892550355959857100e+01,1.890332339252800509e+01,-8.413171563992201396e-02,5.803018214347892278e-02,1.387611057769281286e-01,1.778621133853865999e-01,1.939960780434295984e+01,1.902611762464054834e+01,1.901061205033969870e+01,1.888361680754270111e+01,-3.047453536491696521e-02,2.601339128424231539e-01,1.183608535952265436e-02,-7.539967031521320751e-01,3.456416381647164221e-02,1.863597165323519533e+01,1.911518023226420482e+01,1.911624603978341597e+01,1.907274744878423078e+01,-1.604072650948317191e+00,-2.087098650786893828e-01,-2.317235372583376085e-01,-2.362018317621532026e-01,-1.299465381621635329e-02,3.707660866863307040e-03,1.707524158678730686e+01,1.867030028159886612e+01,1.875622919638906083e+01,1.929255218893003843e+01,1.892747246600913513e+01,-3.193608286741317359e-01,1.073463591991384858e+00,-6.802672399366455069e-01,1.498212537366129693e+00,1.923048813741437824e-01,6.183586970990536530e-02,-2.067316480687438229e+01,2.104344229381921139e+01,1.898373927678602158e+01,1.886687443163242506e+01,1.894696759841669831e+01,-7.554679339970653273e-02,3.265813185025037702e-02,-6.325378537606875240e-02,-3.015350019097052803e-01,2.807628972767475112e-02,7.980339022393340143e-03,1.861662418405907715e+01,1.892450974514558482e+01,1.976544690823021000e+01,1.917605506220306566e+01,-1.265603347923007771e-01,-2.199726966460492927e-01,-1.250782053132237559e+00,2.124690834512146520e-01,4.349240484054536782e-03,1.932767681066040311e+01,1.873686036512500408e+01,1.910410966189667192e+01,1.914448851668288043e+01,-1.224451989076928426e-01,-2.001016121192404629e-02,-2.228347623163128066e+00,4.157276565798908446e-02,-1.235036197746627540e+00,1.899645816802020093e+01,1.906991539570953620e+01,1.927091080040640136e+01,-9.732575615202720964e-02,8.273024028065125712e-01,-6.179763492746996878e-01,-4.629659939443241390e-01,1.879118898240697888e+01,1.879611733451523037e+01,1.860051925971320230e+01,1.052619005559338738e-01,-5.824875339531884744e-02,6.534277819286561650e-02,-2.434111934079194114e-02,1.911146940671975969e+01
1.827706975841773840e+01,1.897454082469694825e+01,1.901880541395755486e+01,1.892586472418000554e+01,1.900873978666332675e+01,1.955370552123009631e+01,-2.141184078663731227e-02,8.430071437157825587e-01,1.927537762711358127e+01,1.912103556087235035e+01,1.889402068178720384e+01,1.892550355959857100e+01,1.890332339252800509e+01,-8.413171563992201396e-02,5.803018214347892278e-02,1.333612187991205233e-01,1.778621133853865999e-01,1.939960780434295984e+01,1.902611762464054834e+01,1.901061205033969870e+01,1.888361680754270111e+01,-3.047453536491696521e-02,2.601339128424231539e-01,1.183608535952265436e-02,-7.638252722141132267e-01,3.456416381647164221e-02,1.863597165323519533e+01,1.911518023226420482e+01,1.911624603978341597e+01,1.907274744878423078e+01,-1.604072650948317191e+00,-2.087098650786893828e-01,-2.317235372583376085e-01,-2.362018317621532026e-01,-1.299465381621635329e-02,3.707660866863307040e-03,1.707524158678730686e+01,1.865764947848905564e+01,1.875622919638906083e+01,1.929255218893003843e+01,1.892747246600913513e+01,-3.327708373784494800e-01,1.073463591991384858e+00,-6.802672399366455069e-01,1.498212537366129693e+00,1.923048813741437824e-01,6.183586970990536530e-02,-2.067316480687438229e+01,2.104344229381921139e+01,1.898373927678602158e+01,1.886687443163242506e+01,1.894696759841669831e+01,-7.554679339970653273e-02,3.265813185025037702e-02,-6.325378537606875240e-02,-3.015350019097052803e-01,2.807628972767475112e-02,7.980339022393340143e-03,1.861662418405907715e+01,1.892450974514558482e+01,1.976544690823021000e+01,1.917605506220306566e+01,-1.265603347923007771e-01,-2.199726966460492927e-01,-1.250782053132237559e+00,2.124690834512146520e-01,4.349240484054536782e-03,1.921150213784346761e+01,1.873686036512500408e+01,1.910410966189667192e+01,1.914448851668288043e+01,-1.224451989076928426e-01,-2.001016121192404629e-02,-2.228347623163128066e+00,4.157276565798908446e-02,-1.235036197746627540e+00,1.898717705353658403e+01,1.907867394180903275e+01,1.927091080040640136e+01,-9.732575615202720964e-02,8.273024028065125712e-01,-6.334716571264846774e-01,-4.629659939443241390e-01,1.879118898240697888e+01,1.879611733451523037e+01,1.860051925971320230e+01,1.052619005559338738e-01,-5.824875339531884744e-02,6.534277819286561650e-02,-2.434111934079194114e-02,1.911146940671975969e+01
1.827706975841773840e+01,1.897454082469694825e+01,1.901880541395755486e+01,1.894295515345873326e+01,1.900873978666332675e+01,1.955370552123009631e+01,-2.141184078663731227e-02,8.430071437157825587e-01,1.927537762711358127e+01,1.912103556087235035e+01,1.888989373540263017e+01,1.892550355959857100e+01,1.890332339252800509e+01,-8.413171563992201396e-02,5.803018214347892278e-02,1.333612187991205233e-01,1.778621133853865999e-01,1.939960780434295984e+01,1.902611762464054834e+01,1.901061205033969870e+01,1.888361680754270111e+01,-3.047453536491696521e-02,2.601339128424231539e-01,1.183608535952265436e-02,-7.638252722141132267e-01,3.456416381647164221e-02,1.863597165323519533e+01,1.911518023226420482e+01,1.911624603978341597e+01,1.907274744878423078e+01,-1.604072650948317191e+00,-2.087098650786893828e-01,-2.317235372583376085e-01,-2.362018317621532026e-01,-1.299465381621635329e-02,3.707660866863307040e-03,1.707524158678730686e+01,1.865764947848905564e+01,1.875622919638906083e+01,1.929255218893003843e+01,1.892747246600913513e+01,-3.327708373784494800e-01,1.073463591991384858e+00,-6.802672399366455069e-01,1.498212537366129693e+00,1.923048813741437824e-01,6.183586970990536530e-02,-2.067316480687438229e+01,2.104344229381921139e+01,1.898373927678602158e+01,1.886260625860413853e+01,1.892036333396373493e+01,-7.554679339970653273e-02,3.265813185025037702e-02,-6.325378537606875240e-02,-3.015350019097052803e-01,2.807628972767475112e-02,7.980339022393340143e-03,1.858979669445119143e+01,1.892450974514558482e+01,1.976544690823021000e+01,1.917605506220306566e+01,-1.265603347923007771e-01,-2.199726966460492927e-01,-1.250782053132237559e+00,2.124690834512146520e-01,4.349240484054536782e-03,1.921150213784346761e+01,1.873686036512500408e+01,1.910410966189667192e+01,1.914448851668288043e+01,-1.224451989076928426e-01,2.182264477023340699e-03,-2.228347623163128066e+00,4.157276565798908446e-02,-1.240227076478523704e+00,1.898717705353658403e+01,1.907867394180903275e+01,1.927524746026090696e+01,-9.732575615202720964e-02,8.273024028065125712e-01,-6.334716571264846774e-01,-4.629659939443241390e-01,1.879118898240697888e+01,1.879611733451523037e+01,1.860051925971320230e+01,1.052619005559338738e-01,-5.824875339531884744e-02,6.534277819286561650e-02,-2.434111934079194114e-02,1.909109744821972043e+01
1.827706975841773840e+01,1.897454082469694825e+01,1.901880541395755486e+01,1.894295515345873326e+01,1.900873978666332675e+01,1.955370552123009631e+01,-2.141184078663731227e-02,8.430071437157825587e-01,1.927276651165660581e+01,1.912239230768431142e+01,1.888989373540263017e+01,1.892550355959857100e+01,1.890332339252800509e+01,-8.413171563992201396e-02,5.803018214347892278e-02,1.333612187991205233e-01,1.778621133853865999e-01,1.939960780434295984e+01,1.902611762464054834e+01,1.901275053521368363e+01,1.888361680754270111e+01,-3.047453536491696521e-02,2.601339128424231539e-01,1.183608535952265436e-02,-7.638252722141132267e-01,3.456416381647164221e-02,1.863597165323519533e+01,1.911518023226420482e+01,1.911624603978341597e+01,1.907274744878423078e+01,-1.604072650948317191e+00,-2.104611160442188822e-01,-2.317235372583376085e-01,-2.370192176611297386e-01,-1.299465381621635329e-02,3.707660866863307040e-03,1.707524158678730686e+01,1.865764947848905564e+01,1.875622919638906083e+01,1.929255218893003843e+01,1.892747246600913513e+01,-3.327708373784494800e-01,1.078278707439473516e+00,-6.813954304778501170e-01,1.498212537366129693e+00,1.999015382585435929e-01,6.183586970990536530e-02,-2.067316480687438229e+01,2.104344229381921139e+01,1.898373927678602158e+01,1.886260625860413853e+01,1.892036333396373493e+01,-7.554679339970653273e-02,3.265813185025037702e-02,-6.325378537606875240e-02,-3.015350019097052803e-01,2.807628972767475112e-02,7.980339022393340143e-03,1.858979669445119143e+01,1.892450974514558482e+01,1.976157167176636165e+01,1.917605506220306566e+01,-1.265603347923007771e-01,-2.199726966460492927e-01,-1.250782053132237559e+00,2.124690834512146520e-01,4.349240484054536782e-03,1.921150213784346761e+01,1.873686036512500408e+01,1.910410966189667192e+01,1.914448851668288043e+01,-1.224451989076928426e-01,2.182264477023340699e-03,-2.228347623163128066e+00,4.157276565798908446e-02,-1.240227076478523704e+00,1.898717705353658403e+01,1.907867394180903275e+01,1.927524746026090696e+01,-9.732575615202720964e-02,8.273024028065125712e-01,-6.334716571264846774e-01,-4.629659939443241390e-01,1.879118898240697888e+01,1.879611733451523037e+01,1.860051925971320230e+01,1.052619005559338738e-01,-5.824875339531884744e-02,6.534277819286561650e-02,-2.434111934079194114e-02,1.909109744821972043e+01
1.827706975841773840e+01,1.897454082469694825e+01,1.901880541395755486e+01,1.894295515345873326e+01,1.900873978666332675e+01,1.955370552123009631e+01,-2.141184078663731227e-02,8.430071437157825587e-01,1.927276651165660581e+01,1.912239230768431142e+01,1.888989373540263017e+01,1.892550355959857100e+01,1.890332339252800509e+01,-8.413171563992201396e-02,5.803018214347892278e-02,1.333612187991205233e-01,1.763026338128388937e-01,1.939960780434295984e+01,1.902764451076548369e+01,1.901275053521368363e+01,1.888361680754270111e+01,-3.047453536491696521e-02,2.601339128424231539e-01,1.183608535952265436e-02,-7.638252722141132267e-01,2.842603689179142024e-02,1.863597165323519533e+01,1.911518023226420482e+01,1.911624603978341597e+01,1.896988656996652622e+01,-1.591417655229678818e+00,-2.104611160442188822e-01,-2.317235372583376085e-01,-2.370192176611297386e-01,-1.299465381621635329e-02,3.707660866863307040e-03,1.707524158678730686e+01,1.865764947848905564e+01,1.875622919638906083e+01,1.929255218893003843e+01,1.892747246600913513e+01,-3.327708373784494800e-01,1.078278707439473516e+00,-6.813954304778501170e-01,1.498212537366129693e+00,1.999015382585435929e-01,6.183586970990536530e-02,-2.067316480687438229e+01,2.104344229381921139e+01,1.898373927678602158e+01,1.886260625860413853e+01,1.892036333396373493e+01,-7.646121524634590105e-02,3.265813185025037702e-02,-6.325378537606875240e-02,-3.015350019097052803e-01,2.807628972767475112e-02,7.980339022393340143e-03,1.858979669445119143e+01,1.892450974514558482e+01,1.976157167176636165e+01,1.917605506220306566e+01,-1.265603347923007771e-01,-2.199726966460492927e-01,-1.247400420904900775e+00,2.124690834512146520e-01,2.426511795895716639e-03,1.921150213784346761e+01,1.873686036512500408e+01,1.910410966189667192e+01,1.914448851668288043e+01,-1.224451989076928426e-01,2.182264477023340699e-03,-2.228347623163128066e+00,4.157276565798908446e-02,-1.240227076478523704e+00,1.898717705353658403e+01,1.907867394180903275e+01,1.927524746026090696e+01,-9.732575615202720964e-02,8.273024028065125712e-01,-6.334716571264846774e-01,-4.629659939443241390e-01,1.878810605748137164e+01,1.879611733451523037e+01,1.860051925971320230e+01,1.052619005559338738e-01,-5.824875339531884744e-02,6.534277819286561650e-02,-2.434111934079194114e-02,1.909109744821972043e+01
1.827706975841773840e+01,1.897454082469694825e+01,1.901880541395755486e+01,1.894295515345873326e+01,1.900873978666332675e+01,1.943697557246117569e+01,-2.141184078663731227e-02,8.430071437157825587e-01,1.927276651165660581e+01,1.912239230768431142e+01,1.888989373540263017e+01,1.892550355959857100e+01,1.890332339252800509e+01,-8.413171563992201396e-02,5.803018214347892278e-02,1.333612187991205233e-01,1.763026338128388937e-01,1.939960780434295984e+01,1.902764451076548369e+01,1.901275053521368363e+01,1.888361680754270111e+01,-3.047453536491696521e-02,2.601339128424231539e-01,1.287619235587443289e-01,-7.638252722141132267e-01,2.842603689179142024e-02,1.863597165323519533e+01,1.911518023226420482e+01,1.911624603978341597e+01,1.896988656996652622e+01,-1.591417655229678818e+00,-2.104611160442188822e-01,-2.317235372583376085e-01,-2.370192176611297386e-01,-1.299465381621635329e-02,2.660989561626992544e-02,1.710098729781731564e+01,1.865764947848905564e+01,1.875622919638906083e+01,1.929255218893003843e+01,1.892747246600913513e+01,-3.327708373784494800e-01,1.078278707439473516e+00,-6.813954304778501170e-01,1.498212537366129693e+00,1.999015382585435929e-01,6.183586970990536530e-02,-2.063994219191088675e+01,2.104344229381921139e+01,1.900725351959889409e+01,1.886260625860413853e+01,1.892036333396373493e+01,-7.646121524634590105e-02,3.265813185025037702e-02,-6.325378537606875240e-02,-3.015350019097052803e-01,2.807628972767475112e-02,7.980339022393340143e-03,1.858979669445119143e+01,1.889553417798929047e+01,1.976157167176636165e+01,1.917605506220306566e+01,-2.245924299931739143e-01,-2.199726966460492927e-01,-1.247400420904900775e+00,2.124690834512146520e-01,2.426511795895716639e-03,1.921150213784346761e+01,1.873686036512500408e+01,1.910410966189667192e+01,1.914448851668288043e+01,-1.224451989076928426e-01,2.182264477023340699e-03,-2.228347623163128066e+00,-7.601995778264353243e-02,-1.240227076478523704e+00,1.898717705353658403e+01,1.907867394180903275e+01,1.927524746026090696e+01,-9.732575615202720964e-02,8.273024028065125712e-01,-6.334716571264846774e-01,-4.629659939443241390e-01,1.878810605748137164e+01,1.879611733451523037e+01,1.860051925971320230e+01,1.052619005559338738e-01,-2.708377718427514361e-02,6.534277819286561650e-02,-2.434111934079194114e-02,1.909109744821972043e+01
1.778409681251322638e+01,1.897454082469694825e+01,1.901880541395755486e+01,1.894295515345873326e+01,1.900873978666332675e+01,1.943697557246117569e+01,-2.141184078663731227e-02,8.430071437157825587e-01,1.927276651165660581e+01,1.912239230768431142e+01,1.888989373540263017e+01,1.892550355959857100e+01,1.890332339252800509e+01,-8.413171563992201396e-02,5.803018214347892278e-02,1.333612187991205233e-01,1.763026338128388937e-01,1.939960780434295984e+01,1.994945377907991002e+01,1.901275053521368363e+01,1.888361680754270111e+01,-3.047453536491696521e-02,2.601339128424231539e-01,1.287619235587443289e-01,-7.638252722141132267e-01,2.842603689179142024e-02,1.863597165323519533e+01,1.911518023226420482e+01,1.911624603978341597e+01,1.896988656996652622e+01,-2.012376527822964611e+00,1.213127541207443150e+00,-2.317235372583376085e-01,-2.370192176611297386e-01,-1.299465381621635329e-02,2.660989561626992544e-02,1.710098729781731564e+01,1.865764947848905564e+01,1.875622919638906083e+01,1.929255218893003843e+01,1.892747246600913513e+01,-3.327708373784494800e-01,1.078278707439473516e+00,-6.813954304778501170e-01,1.498212537366129693e+00,1.999015382585435929e-01,6.183586970990536530e-02,-2.063994219191088675e+01,2.104344229381921139e+01,1.715937046378538966e+01,1.886260625860413853e+01,1.892036333396373493e+01,-7.646121524634590105e-02,3.265813185025037702e-02,-6.325378537606875240e-02,-3.015350019097052803e-01,2.807628972767475112e-02,6.639887120761913675e-01,1.858979669445119143e+01,1.889553417798929047e+01,1.976157167176636165e+01,1.917605506220306566e+01,-2.245924299931739143e-01,-2.199726966460492927e-01,-1.247400420904900775e+00,2.124690834512146520e-01,1.401915130879236804e+00,1.921150213784346761e+01,1.873686036512500408e+01,1.910410966189667192e+01,1.699187845725844070e+01,-1.224451989076928426e-01,2.182264477023340699e-03,-2.228347623163128066e+00,-7.601995778264353243e-02,-1.240227076478523704e+00,1.898717705353658403e+01,1.907867394180903275e+01,1.927524746026090696e+01,-9.732575615202720964e-02,8.273024028065125712e-01,-6.334716571264846774e-01,-4.629659939443241390e-01,1.878810605748137164e+01,1.879611733451523037e+01,1.860051925971320230e+01,1.052619005559338738e-01,2.461129341668829795e+00,6.534277819286561650e-02,-2.434111934079194114e-02,1.909109744821972043e+01
1.778409681251322638e+01,1.897454082469694825e+01,1.901880541395755486e+01,1.829121854153434157e+01,1.900873978666332675e+01,1.925817633544666663e+01,-2.141184078663731227e-02,8.430071437157825587e-01,1.952638208135399722e+01,1.912239230768431142e+01,1.888989373540263017e+01,1.892550355959857100e+01,1.890332339252800509e+01,-8.413171563992201396e-02,5.803018214347892278e-02,-1.343861387354534920e-01,1.763026338128388937e-01,1.939960780434295984e+01,1.994945377907991002e+01,1.901275053521368363e+01,1.888361680754270111e+01,-3.047453536491696521e-02,2.601339128424231539e-01,1.287619235587443289e-01,-7.638252722141132267e-01,-1.048615397756702317e+00,1.863597165323519533e+01,1.911518023226420482e+01,1.911624603978341597e+01,1.896988656996652622e+01,-2.012376527822964611e+00,1.213127541207443150e+00,-2.317235372583376085e-01,-2.370192176611297386e-01,-1.299465381621635329e-02,2.660989561626992544e-02,1.710098729781731564e+01,1.835667587204550699e+01,1.875622919638906083e+01,1.929255218893003843e+01,1.892747246600913513e+01,-3.327708373784494800e-01,1.078278707439473516e+00,-6.813954304778501170e-01,1.498212537366129693e+00,1.999015382585435929e-01,6.183586970990536530e-02,-2.044371104203003497e+01,2.104344229381921139e+01,1.715937046378538966e+01,1.886260625860413853e+01,1.892036333396373493e+01,-7.646121524634590105e-02,3.265813185025037702e-02,-6.325378537606875240e-02,-3.015350019097052803e-01,2.807628972767475112e-02,6.639887120761913675e-01,1.858979669445119143e+01,1.889553417798929047e+01,1.976157167176636165e+01,1.917605506220306566e+01,-2.245924299931739143e-01,-3.814788206477747745e-01,-1.247400420904900775e+00,2.124690834512146520e-01,1.401915130879236804e+00,1.921150213784346761e+01,1.873686036512500408e+01,1.910410966189667192e+01,1.699187845725844070e+01,-1.224451989076928426e-01,2.182264477023340699e-03,-2.531223201791220845e+00,-7.601995778264353243e-02,-1.240227076478523704e+00,1.898717705353658403e+01,1.907867394180903275e+01,1.927524746026090696e+01,-9.732575615202720964e-02,8.273024028065125712e-01,-6.334716571264846774e-01,-4.629659939443241390e-01,1.878810605748137164e+01,1.879611733451523037e+01,1.860051925971320230e+01,1.052619005559338738e-01,2.461129341668829795e+00,6.534277819286561650e-02,-2.434111934079194114e-02,1.909109744821972043e+01
1.778409681251322638e+01,1.897454082469694825e+01,1.901880541395755486e+01,1.829121854153434157e+01,1.900873978666332675e+01,1.925817633544666663e+01,3.018183399802901179e-01,8.430071437157825587e-01,1.952638208135399722e+01,1.912239230768431142e+01,1.888989373540263017e+01,1.892550355959857100e+01,1.890332339252800509e+01,-8.413171563992201396e-02,5.803018214347892278e-02,-1.343861387354534920e-01,1.763026338128388937e-01,1.939960780434295984e+01,1.994945377907991002e+01,1.901275053521368363e+01,1.888361680754270111e+01,-3.047453536491696521e-02,4.697309275823170482e-01,1.287619235587443289e-01,-8.600644832927076822e-01,-1.048615397756702317e+00,1.863597165323519533e+01,1.911518023226420482e+01,1.911624603978341597e+01,1.896988656996652622e+01,-2.012376527822964611e+00,1.213127541207443150e+00,-2.317235372583376085e-01,-2.370192176611297386e-01,-1.299465381621635329e-02,2.660989561626992544e-02,1.710098729781731564e+01,1.835667587204550699e+01,1.875622919638906083e+01,1.952196586792685551e+01,1.892747246600913513e+01,-3.327708373784494800e-01,1.078278707439473516e+00,-6.813954304778501170e-01,1.498212537366129693e+00,1.999015382585435929e-01,6.183586970990536530e-02,-2.044371104203003497e+01,2.104344229381921139e+01,1.715937046378538966e+01,1.886260625860413853e+01,1.892036333396373493e+01,-7.646121524634590105e-02,3.265813185025037702e-02,-6.325378537606875240e-02,-3.015350019097052803e-01,2.807628972767475112e-02,6.639887120761913675e-01,1.858979669445119143e+01,1.889553417798929047e+01,1.976157167176636165e+01,1.917605506220306566e+01,-4.272358120427751649e-01,-3.814788206477747745e-01,-1.247400420904900775e+00,2.124690834512146520e-01,1.401915130879236804e+00,1.921150213784346761e+01,1.873686036512500408e+01,1.910410966189667192e+01,1.699187845725844070e+01,-3.525363327566664040e-01,2.182264477023340699e-03,-2.531223201791220845e+00,-7.601995778264353243e-02,-1.240227076478523704e+00,1.898717705353658403e+01,-1.693175344038954577e+01,1.927524746026090696e+01,-9.732575615202720964e-02,8.273024028065125712e-01,-6.334716571264846774e-01,-4.629659939443241390e-01,1.899231608309075625e+01,1.879611733451523037e+01,1.860051925971320230e+01,4.962100160135529681e-01,2.461129341668829795e+00,6.534277819286561650e-02,-2.434111934079194114e-02,1.909109744821972043e+01
1.778409681251322638e+01,1.897454082469694825e+01,1.901880541395755486e+01,1.829121854153434157e+01,1.900873978666332675e+01,1.925817633544666663e+01,3.018183399802901179e-01,6.139698649244054174e-01,1.952638208135399722e+01,1.912239230768431142e+01,1.870824046857059741e+01,1.892550355959857100e+01,1.890332339252800509e+01,-8.413171563992201396e-02,5.803018214347892278e-02,-1.343861387354534920e-01,1.763026338128388937e-01,1.939960780434295984e+01,1.994945377907991002e+01,1.901275053521368363e+01,1.888361680754270111e+01,-8.209263153960860704e-02,4.697309275823170482e-01,1.287619235587443289e-01,-8.600644832927076822e-01,-1.048615397756702317e+00,1.863597165323519533e+01,1.920571724391594159e+01,1.911624603978341597e+01,1.896988656996652622e+01,-2.012376527822964611e+00,1.213127541207443150e+00,-2.317235372583376085e-01,-2.370192176611297386e-01,-1.299465381621635329e-02,2.660989561626992544e-02,1.710098729781731564e+01,1.835667587204550699e+01,1.875622919638906083e+01,1.952196586792685551e+01,1.892747246600913513e+01,-3.327708373784494800e-01,1.078278707439473516e+00,-4.480236070991883146e-01,1.498212537366129693e+00,1.999015382585435929e-01,6.183586970990536530e-02,-2.044371104203003497e+01,2.104344229381921139e+01,1.715937046378538966e+01,1.889628331129722838e+01,1.892036333396373493e+01,-7.646121524634590105e-02,3.265813185025037702e-02,-6.325378537606875240e-02,-3.015350019097052803e-01,1.600446058178534581e-01,6.639887120761913675e-01,1.858979669445119143e+01,1.889553417798929047e+01,1.976157167176636165e+01,1.917605506220306566e+01,-4.272358120427751649e-01,-3.814788206477747745e-01,-1.247400420904900775e+00,2.124690834512146520e-01,1.401915130879236804e+00,1.921150213784346761e+01,1.873686036512500408e+01,1.910410966189667192e+01,1.699187845725844070e+01,-3.525363327566664040e-01,2.182264477023340699e-03,-2.531223201791220845e+00,-7.601995778264353243e-02,-1.240227076478523704e+00,1.898717705353658403e+01,-1.693175344038954577e+01,1.927524746026090696e+01,-9.732575615202720964e-02,8.273024028065125712e-01,-6.334716571264846774e-01,-4.629659939443241390e-01,1.899231608309075625e+01,1.879611733451523037e+01,1.860051925971320230e+01,4.962100160135529681e-01,2.461129341668829795e+00,3.831283511663181873e-02,-2.434111934079194114e-02,1.929909656098588755e+01
1.778409681251322638e+01,1.897454082469694825e+01,1.901880541395755486e+01,1.829121854153434157e+01,1.900873978666332675e+01,1.925817633544666663e+01,3.018183399802901179e-01,6.139698649244054174e-01,1.952638208135399722e+01,1.912239230768431142e+01,1.870824046857059741e+01,1.892550355959857100e+01,1.890332339252800509e+01,-8.413171563992201396e-02,-3.443025878316755550e-01,-1.343861387354534920e-01,1.763026338128388937e-01,1.939960780434295984e+01,1.994945377907991002e+01,1.901275053521368363e+01,1.888361680754270111e+01,-8.209263153960860704e-02,4.697309275823170482e-01,1.287619235587443289e-01,-8.600644832927076822e-01,-1.048615397756702317e+00,1.863597165323519533e+01,1.920571724391594159e+01,1.911624603978341597e+01,1.896988656996652622e+01,-2.012376527822964611e+00,1.213127541207443150e+00,-2.317235372583376085e-01,-2.370192176611297386e-01,-1.299465381621635329e-02,2.660989561626992544e-02,1.710098729781731564e+01,1.835667587204550699e+01,1.875622919638906083e+01,1.952196586792685551e+01,1.871862198801807153e+01,-3.327708373784494800e-01,1.078278707439473516e+00,-4.480236070991883146e-01,1.498212537366129693e+00,1.999015382585435929e-01,6.183586970990536530e-02,-2.044371104203003497e+01,2.104344229381921139e+01,1.715937046378538966e+01,1.889628331129722838e+01,1.892036333396373493e+01,-1.237628686409611545e+00,3.265813185025037702e-02,3.169891674409813787e-01,-3.015350019097052803e-01,1.600446058178534581e-01,6.639887120761913675e-01,1.858979669445119143e+01,1.889553417798929047e+01,2.351188291928704643e+01,1.945031266819136562e+01,-4.272358120427751649e-01,-3.814788206477747745e-01,-1.247400420904900775e+00,2.124690834512146520e-01,1.401915130879236804e+00,1.949843005251507577e+01,1.873686036512500408e+01,1.910410966189667192e+01,1.699187845725844070e+01,-3.525363327566664040e-01,2.182264477023340699e-03,-2.531223201791220845e+00,-7.601995778264353243e-02,-1.240227076478523704e+00,1.898717705353658403e+01,-1.693175344038954577e+01,1.927524746026090696e+01,-9.732575615202720964e-02,8.273024028065125712e-01,-6.334716571264846774e-01,1.550103356285303047e+00,1.899231608309075625e+01,1.879611733451523037e+01,1.860051925971320230e+01,4.962100160135529681e-01,2.461129341668829795e+00,3.831283511663181873e-02,-4.291406302778587589e-01,1.929909656098588755e+01
1.778409681251322638e+01,1.897454082469694825e+01,1.901880541395755486e+01,1.829121854153434157e+01,1.900873978666332675e+01,1.925817633544666663e+01,3.018183399802901179e-01,6.139698649244054174e-01,1.952638208135399722e+01,1.912239230768431142e+01,1.870824046857059741e+01,1.892550355959857100e+01,1.890332339252800509e+01,-8.413171563992201396e-02,-3.443025878316755550e-01,-1.343861387354534920e-01,2.368388314520939175e-01,1.939960780434295984e+01,1.994945377907991002e+01,1.901275053521368363e+01,1.888361680754270111e+01,-8.209263153960860704e-02,4.697309275823170482e-01,1.287619235587443289e-01,-8.600644832927076822e-01,-1.048615397756702317e+00,1.946842107930709531e+01,1.920571724391594159e+01,1.895445540734771228e+01,1.896988656996652622e+01,-2.012376527822964611e+00,1.213127541207443150e+00,-2.317235372583376085e-01,-2.370192176611297386e-01,-1.299465381621635329e-02,2.660989561626992544e-02,1.710098729781731564e+01,1.835667587204550699e+01,1.875622919638906083e+01,1.952196586792685551e+01,1.871862198801807153e+01,-3.327708373784494800e-01,1.078278707439473516e+00,-4.480236070991883146e-01,1.498212537366129693e+00,1.999015382585435929e-01,6.183586970990536530e-02,-2.044371104203003497e+01,2.104344229381921139e+01,1.715937046378538966e+01,1.889628331129722838e+01,1.898660688119561613e+01,-1.237628686409611545e+00,8.839685005732242917e-01,3.169891674409813787e-01,-3.015350019097052803e-01,1.600446058178534581e-01,6.639887120761913675e-01,1.858979669445119143e+01,1.889553417798929047e+01,2.351188291928704643e+01,1.945031266819136562e+01,-4.272358120427751649e-01,-3.814788206477747745e-01,-1.020772844423527115e+00,2.124690834512146520e-01,1.401915130879236804e+00,1.949843005251507577e+01,1.877933279188185978e+01,1.918464728524136831e+01,1.699187845725844070e+01,-3.525363327566664040e-01,2.182264477023340699e-03,-2.531223201791220845e+00,-7.601995778264353243e-02,-1.240227076478523704e+00,1.898717705353658403e+01,-1.693175344038954577e+01,1.927524746026090696e+01,-1.340822114215549643e-01,8.273024028065125712e-01,-6.334716571264846774e-01,1.550103356285303047e+00,1.899231608309075625e+01,1.879611733451523037e+01,1.860051925971320230e+01,4.962100160135529681e-01,2.461129341668829795e+00,3.831283511663181873e-02,-4.291406302778587589e-01,1.929909656098588755e+01
1.778409681251322638e+01,1.897454082469694825e+01,1.902380789364209335e+01,1.829121854153434157e+01,1.900873978666332675e+01,1.925817633544666663e+01,3.018183399802901179e-01,6.139698649244054174e-01,1.952638208135399722e+01,1.912239230768431142e+01,1.870824046857059741e+01,1.893390443401890266e+01,1.890332339252800509e+01,-8.413171563992201396e-02,-3.443025878316755550e-01,-1.343861387354534920e-01,2.368388314520939175e-01,1.939960780434295984e+01,1.994945377907991002e+01,1.901275053521368363e+01,1.888361680754270111e+01,-8.209263153960860704e-02,4.697309275823170482e-01,1.287619235587443289e-01,-8.600644832927076822e-01,-1.048615397756702317e+00,1.946842107930709531e+01,1.920571724391594159e+01,1.895445540734771228e+01,1.896988656996652622e+01,-2.012376527822964611e+00,1.213127541207443150e+00,-2.317235372583376085e-01,-2.416698036908505598e-01,1.978634851717972140e-03,2.660989561626992544e-02,1.710098729781731564e+01,1.835667587204550699e+01,1.875622919638906083e+01,1.952196586792685551e+01,1.871862198801807153e+01,-3.390089537537976372e-01,1.078278707439473516e+00,-4.480236070991883146e-01,1.498212537366129693e+00,1.999015382585435929e-01,6.697557364936562729e-02,-2.044371104203003497e+01,2.104344229381921139e+01,1.715937046378538966e+01,1.889628331129722838e+01,1.898660688119561613e+01,-1.237628686409611545e+00,8.839685005732242917e-01,3.169891674409813787e-01,-2.976754150508038044e-01,1.600446058178534581e-01,6.639887120761913675e-01,1.858979669445119143e+01,1.889553417798929047e+01,2.351188291928704643e+01,1.945031266819136562e+01,-4.272358120427751649e-01,-3.814788206477747745e-01,-1.020772844423527115e+00,2.124690834512146520e-01,1.401915130879236804e+00,1.949843005251507577e+01,1.877933279188185978e+01,1.918464728524136831e+01,1.699187845725844070e+01,-3.525363327566664040e-01,2.182264477023340699e-03,-2.531223201791220845e+00,-7.601995778264353243e-02,-1.240227076478523704e+00,1.895415910257681702e+01,-1.693175344038954577e+01,1.927524746026090696e+01,-1.340822114215549643e-01,8.273024028065125712e-01,-6.046816378265662539e-01,1.550103356285303047e+00,1.899231608309075625e+01,1.879611733451523037e+01,1.860051925971320230e+01,4.962100160135529681e-01,2.461129341668829795e+00,3.831283511663181873e-02,-4.291406302778587589e-01,1.929909656098588755e+01
1.778409681251322638e+01,1.897602733451277501e+01,1.902380789364209335e+01,1.829121854153434157e+01,1.900873978666332675e+01,1.925817633544666663e+01,3.018183399802901179e-01,6.139698649244054174e-01,1.952638208135399722e+01,1.912239230768431142e+01,1.870824046857059741e+01,1.893390443401890266e+01,1.890332339252800509e+01,-8.413171563992201396e-02,-3.443025878316755550e-01,-1.343861387354534920e-01,2.368388314520939175e-01,1.939553718806691407e+01,1.994945377907991002e+01,1.901827976401235176e+01,1.888361680754270111e+01,-8.209263153960860704e-02,4.697309275823170482e-01,1.287619235587443289e-01,-8.600644832927076822e-01,-1.048615397756702317e+00,1.946842107930709531e+01,1.920571724391594159e+01,1.895445540734771228e+01,1.897164107399121846e+01,-2.012376527822964611e+00,1.213127541207443150e+00,-2.317235372583376085e-01,-2.416698036908505598e-01,1.978634851717972140e-03,2.660989561626992544e-02,1.710426772145614294e+01,1.835667587204550699e+01,1.877035459778751658e+01,1.952196586792685551e+01,1.871862198801807153e+01,-3.390089537537976372e-01,1.078278707439473516e+00,-4.480236070991883146e-01,1.498212537366129693e+00,1.999015382585435929e-01,6.697557364936562729e-02,-2.044371104203003497e+01,2.104344229381921139e+01,1.715937046378538966e+01,1.889628331129722838e+01,1.898660688119561613e+01,-1.237628686409611545e+00,8.839685005732242917e-01,3.169891674409813787e-01,-2.976754150508038044e-01,1.600446058178534581e-01,6.639887120761913675e-01,1.858979669445119143e+01,1.887255848959554072e+01,2.351188291928704643e+01,1.945031266819136562e+01,-4.272358120427751649e-01,-3.814788206477747745e-01,-1.020772844423527115e+00,2.292040652775839682e-01,1.401915130879236804e+00,1.949843005251507577e+01,1.877933279188185978e+01,1.918464728524136831e+01,1.699187845725844070e+01,-3.525363327566664040e-01,-2.639252914154399665e-03,-2.531223201791220845e+00,-7.601995778264353243e-02,-1.240227076478523704e+00,1.895415910257681702e+01,-1.693175344038954577e+01,1.927524746026090696e+01,-1.340822114215549643e-01,8.273024028065125712e-01,-6.046816378265662539e-01,1.550103356285303047e+00,1.899231608309075625e+01,1.879611733451523037e+01,1.860051925971320230e+01,4.962100160135529681e-01,2.461129341668829795e+00,3.831283511663181873e-02,-4.291406302778587589e-01,1.929909656098588755e+01
1.778409681251322638e+01,1.897602733451277501e+01,1.902380789364209335e+01,1.829121854153434157e+01,1.902298338845109171e+01,1.925817633544666663e+01,3.018183399802901179e-01,6.139698649244054174e-01,1.952638208135399722e+01,1.912480911041204479e+01,1.870824046857059741e+01,1.893390443401890266e+01,1.890102684364583396e+01,-8.413171563992201396e-02,-3.443025878316755550e-01,-1.343861387354534920e-01,2.368388314520939175e-01,1.939553718806691407e+01,1.994945377907991002e+01,1.901827976401235176e+01,1.888087900017831799e+01,-8.209263153960860704e-02,4.697309275823170482e-01,1.287619235587443289e-01,-8.600644832927076822e-01,-1.048615397756702317e+00,1.946842107930709531e+01,1.920571724391594159e+01,1.895445540734771228e+01,1.897164107399121846e+01,-2.012376527822964611e+00,1.213127541207443150e+00,-2.317235372583376085e-01,-2.416698036908505598e-01,1.978634851717972140e-03,2.660989561626992544e-02,1.710426772145614294e+01,1.835667587204550699e+01,1.877035459778751658e+01,1.952196586792685551e+01,1.871862198801807153e+01,-3.390089537537976372e-01,1.074738209347855911e+00,-4.480236070991883146e-01,1.498212537366129693e+00,1.999015382585435929e-01,6.697557364936562729e-02,-2.044371104203003497e+01,2.104032621928737257e+01,1.715937046378538966e+01,1.889628331129722838e+01,1.898660688119561613e+01,-1.237628686409611545e+00,8.839685005732242917e-01,3.169891674409813787e-01,-2.976754150508038044e-01,1.600446058178534581e-01,6.639887120761913675e-01,1.856899917083904583e+01,1.887255848959554072e+01,2.351188291928704643e+01,1.945031266819136562e+01,-4.272358120427751649e-01,-3.814788206477747745e-01,-1.020772844423527115e+00,2.292040652775839682e-01,1.401915130879236804e+00,1.949843005251507577e+01,1.877933279188185978e+01,1.918464728524136831e+01,1.699187845725844070e+01,-3.525363327566664040e-01,-2.639252914154399665e-03,-2.531223201791220845e+00,-7.601995778264353243e-02,-1.240227076478523704e+00,1.895415910257681702e+01,-1.693175344038954577e+01,1.927524746026090696e+01,-1.340822114215549643e-01,8.295977760873277651e-01,-6.046816378265662539e-01,1.550103356285303047e+00,1.899231608309075625e+01,1.879611733451523037e+01,1.860868058724058471e+01,4.962100160135529681e-01,2.461129341668829795e+00,3.831283511663181873e-02,-4.291406302778587589e-01,1.929909656098588755e+01
1.778409681251322638e+01,1.897602733451277501e+01,1.902380789364209335e+01,1.829121854153434157e+01,1.902298338845109171e+01,1.925817633544666663e+01,3.018183399802901179e-01,6.139698649244054174e-01,1.952638208135399722e+01,1.912480911041204479e+01,1.870824046857059741e+01,1.893390443401890266e+01,1.890102684364583396e+01,-9.219751434031385473e-02,-3.443025878316755550e-01,-1.343861387354534920e-01,2.368388314520939175e-01,1.939553718806691407e+01,1.994945377907991002e+01,1.901827976401235176e+01,1.888087900017831799e+01,-8.209263153960860704e-02,4.697309275823170482e-01,1.361020578877420173e-01,-8.600644832927076822e-01,-1.048615397756702317e+00,1.946842107930709531e+01,1.920571724391594159e+01,1.895445540734771228e+01,1.897164107399121846e+01,-2.012376527822964611e+00,1.213127541207443150e+00,-2.242312620778559862e-01,-2.416698036908505598e-01,1.978634851717972140e-03,4.005396766340721393e-02,1.710426772145614294e+01,1.835667587204550699e+01,1.877035459778751658e+01,1.952196586792685551e+01,1.871862198801807153e+01,-3.390089537537976372e-01,1.074738209347855911e+00,-4.480236070991883146e-01,1.496381920665890153e+00,2.056523105312678679e-01,6.697557364936562729e-02,-2.044371104203003497e+01,2.104032621928737257e+01,1.715937046378538966e+01,1.889628331129722838e+01,1.898660688119561613e+01,-1.237628686409611545e+00,8.839685005732242917e-01,3.169891674409813787e-01,-2.976754150508038044e-01,1.600446058178534581e-01,6.639887120761913675e-01,1.856899917083904583e+01,1.887255848959554072e+01,2.351188291928704643e+01,1.945031266819136562e+01,-4.272358120427751649e-01,-3.814788206477747745e-01,-1.020772844423527115e+00,2.292040652775839682e-01,1.401915130879236804e+00,1.949843005251507577e+01,1.877933279188185978e+01,1.918464728524136831e+01,1.699187845725844070e+01,-3.525363327566664040e-01,-2.639252914154399665e-03,-2.531223201791220845e+00,-7.397726218691132172e-02,-1.236230958042614736e+00,1.895415910257681702e+01,-1.693175344038954577e+01,1.927362383969761694e+01,-1.340822114215549643e-01,8.295977760873277651e-01,-6.046816378265662539e-01,1.550103356285303047e+00,1.899231608309075625e+01,1.879883797579739024e+01,1.860868058724058471e+01,4.962100160135529681e-01,2.461129341668829795e+00,3.831283511663181873e-02,-4.291406302778587589e-01,1.929909656098588755e+01
1.778409681251322638e+01,1.897602733451277501e+01,1.902380789364209335e+01,1.829121854153434157e+01,1.902298338845109171e+01,1.925817633544666663e+01,3.018183399802901179e-01,6.139698649244054174e-01,1.952638208135399722e+01,1.922932107033602023e+01,1.870824046857059741e+01,1.893390443401890266e+01,1.891310774697424435e+01,-9.219751434031385473e-02,-3.443025878316755550e-01,-1.343861387354534920e-01,2.368388314520939175e-01,1.939553718806691407e+01,1.994945377907991002e+01,1.901827976401235176e+01,1.888087900017831799e+01,-8.209263153960860704e-02,4.697309275823170482e-01,1.361020578877420173e-01,-8.600644832927076822e-01,-1.048615397756702317e+00,1.942670796087762142e+01,1.920571724391594159e+01,1.895445540734771228e+01,1.897164107399121846e+01,-2.012376527822964611e+00,1.181109388782167313e+00,-2.242312620778559862e-01,-2.416698036908505598e-01,1.978634851717972140e-03,4.005396766340721393e-02,1.710426772145614294e+01,1.835667587204550699e+01,1.877035459778751658e+01,1.952196586792685551e+01,1.871862198801807153e+01,-3.390089537537976372e-01,1.074738209347855911e+00,-4.480236070991883146e-01,1.496381920665890153e+00,2.056523105312678679e-01,6.697557364936562729e-02,-2.044371104203003497e+01,2.104032621928737257e+01,1.715937046378538966e+01,1.889628331129722838e+01,1.898660688119561613e+01,-1.237628686409611545e+00,8.839685005732242917e-01,3.362474364511202074e-01,-2.976754150508038044e-01,1.600446058178534581e-01,6.639887120761913675e-01,1.856899917083904583e+01,1.887255848959554072e+01,2.351188291928704643e+01,1.945031266819136562e+01,-4.272358120427751649e-01,-3.814788206477747745e-01,-1.020772844423527115e+00,2.292040652775839682e-01,1.401915130879236804e+00,1.949843005251507577e+01,1.877933279188185978e+01,1.918464728524136831e+01,1.699187845725844070e+01,-3.525363327566664040e-01,-2.639252914154399665e-03,-2.531223201791220845e+00,-7.397726218691132172e-02,-1.236230958042614736e+00,1.895415910257681702e+01,-1.696549076402481759e+01,1.927362383969761694e+01,-1.340822114215549643e-01,8.295977760873277651e-01,-6.046816378265662539e-01,1.550103356285303047e+00,1.899231608309075625e+01,1.871346365014722224e+01,1.860868058724058471e+01,4.707779952056901918e-01,2.461129341668829795e+00,3.831283511663181873e-02,-4.435649415130185624e-01,1.929909656098588755e+01
1.778409681251322638e+01,1.897602733451277501e+01,1.902380789364209335e+01,1.829121854153434157e+01,1.902298338845109171e+01,1.925817633544666663e+01,3.018183399802901179e-01,6.129569429701349215e-01,1.952638208135399722e+01,1.922932107033602023e+01,1.870824046857059741e+01,1.893390443401890266e+01,1.891310774697424435e+01,-9.219751434031385473e-02,-3.443025878316755550e-01,-1.343861387354534920e-01,2.317623664473515144e-01,1.939553718806691407e+01,1.994945377907991002e+01,1.901827976401235176e+01,1.888087900017831799e+01,-1.416549800939965187e-01,4.697309275823170482e-01,1.381066599466092837e-01,-8.600644832927076822e-01,-1.048615397756702317e+00,1.942670796087762142e+01,1.920571724391594159e+01,1.895445540734771228e+01,1.897164107399121846e+01,-2.012376527822964611e+00,1.181109388782167313e+00,-2.242312620778559862e-01,-2.416698036908505598e-01,1.978634851717972140e-03,4.005396766340721393e-02,1.710552053671162653e+01,1.835667587204550699e+01,1.877035459778751658e+01,1.952196586792685551e+01,1.871862198801807153e+01,-3.390089537537976372e-01,1.074738209347855911e+00,-4.480236070991883146e-01,1.496381920665890153e+00,2.043873772499274766e-01,6.697557364936562729e-02,-2.044371104203003497e+01,2.104032621928737257e+01,1.715937046378538966e+01,1.889628331129722838e+01,1.898491044859789412e+01,-1.237628686409611545e+00,8.839685005732242917e-01,3.362474364511202074e-01,-2.976754150508038044e-01,1.600446058178534581e-01,6.639887120761913675e-01,1.855148612447986167e+01,1.887255848959554072e+01,2.351188291928704643e+01,1.945031266819136562e+01,-4.272358120427751649e-01,-3.814788206477747745e-01,-1.020772844423527115e+00,2.292040652775839682e-01,1.401915130879236804e+00,1.949843005251507577e+01,1.877933279188185978e+01,1.918464728524136831e+01,1.699187845725844070e+01,-3.525363327566664040e-01,-2.639252914154399665e-03,-2.531223201791220845e+00,-7.397726218691132172e-02,-1.236230958042614736e+00,1.895415910257681702e+01,-1.696549076402481759e+01,1.927362383969761694e+01,-1.340822114215549643e-01,8.295977760873277651e-01,-6.046816378265662539e-01,1.550103356285303047e+00,1.899231608309075625e+01,1.871346365014722224e+01,1.860868058724058471e+01,4.707779952056901918e-01,2.460089136792657616e+00,3.831283511663181873e-02,-4.435649415130185624e-01,1.929909656098588755e+01
1.778122240948456678e+01,1.897602733451277501e+01,1.902380789364209335e+01,1.828535519128270082e+01,1.902298338845109171e+01,1.925817633544666663e+01,3.018183399802901179e-01,6.129569429701349215e-01,1.952638208135399722e+01,1.922932107033602023e+01,1.870824046857059741e+01,1.893390443401890266e+01,1.891310774697424435e+01,-9.219751434031385473e-02,-3.443025878316755550e-01,-1.244887783372416734e-01,2.317623664473515144e-01,1.939448188416779573e+01,1.994945377907991002e+01,1.901827976401235176e+01,1.888087900017831799e+01,-1.416549800939965187e-01,4.697309275823170482e-01,1.381066599466092837e-01,-8.600644832927076822e-01,-1.047520989887188003e+00,1.942670796087762142e+01,1.920571724391594159e+01,1.895445540734771228e+01,1.897164107399121846e+01,-2.012376527822964611e+00,1.181109388782167313e+00,-2.242312620778559862e-01,-2.416698036908505598e-01,1.978634851717972140e-03,4.005396766340721393e-02,1.710552053671162653e+01,1.835667587204550699e+01,1.877035459778751658e+01,1.952196586792685551e+01,1.871862198801807153e+01,-3.390089537537976372e-01,1.074738209347855911e+00,-4.480236070991883146e-01,1.496381920665890153e+00,2.043873772499274766e-01,6.697557364936562729e-02,-2.044371104203003497e+01,2.104032621928737257e+01,1.715937046378538966e+01,1.889628331129722838e+01,1.898491044859789412e+01,-1.237628686409611545e+00,8.839685005732242917e-01,3.362474364511202074e-01,-2.995031854830988438e-01,1.600446058178534581e-01,6.639887120761913675e-01,1.855148612447986167e+01,1.887255848959554072e+01,2.351188291928704643e+01,1.945031266819136562e+01,-4.272358120427751649e-01,-3.814788206477747745e-01,-1.020772844423527115e+00,2.292040652775839682e-01,1.402743598454432528e+00,1.949843005251507577e+01,1.877933279188185978e+01,1.918464728524136831e+01,1.699187845725844070e+01,-3.525363327566664040e-01,-2.639252914154399665e-03,-2.534419524626023268e+00,-7.397726218691132172e-02,-1.236230958042614736e+00,1.895415910257681702e+01,-1.696549076402481759e+01,1.927362383969761694e+01,-1.326800307106390520e-01,8.295977760873277651e-01,-6.046816378265662539e-01,1.550103356285303047e+00,1.899231608309075625e+01,1.871346365014722224e+01,1.860868058724058471e+01,4.707779952056901918e-01,2.460089136792657616e+00,3.831283511663181873e-02,-4.435649415130185624e-01,1.929909656098588755e+01
1.778122240948456678e+01,1.897602733451277501e+01,1.902380789364209335e+01,1.828535519128270082e+01,1.902298338845109171e+01,1.925817633544666663e+01,3.018183399802901179e-01,6.129569429701349215e-01,1.952638208135399722e+01,1.922932107033602023e+01,1.870824046857059741e+01,1.893390443401890266e+01,1.891310774697424435e+01,-9.219751434031385473e-02,-3.443025878316755550e-01,-1.244887783372416734e-01,2.317623664473515144e-01,1.939448188416779573e+01,1.994945377907991002e+01,1.901827976401235176e+01,1.888087900017831799e+01,-1.416549800939965187e-01,4.697309275823170482e-01,1.381066599466092837e-01,-8.600644832927076822e-01,-1.047520989887188003e+00,1.942670796087762142e+01,1.920571724391594159e+01,1.895445540734771228e+01,1.897232549360128928e+01,-2.012376527822964611e+00,1.181109388782167313e+00,-2.242312620778559862e-01,-2.419699732544630666e-01,1.978634851717972140e-03,4.005396766340721393e-02,1.710552053671162653e+01,1.835667587204550699e+01,1.877035459778751658e+01,1.952196586792685551e+01,1.871862198801807153e+01,-3.390089537537976372e-01,1.074738209347855911e+00,-4.480236070991883146e-01,1.496381920665890153e+00,2.043873772499274766e-01,6.697557364936562729e-02,-2.044371104203003497e+01,2.104032621928737257e+01,1.715937046378538966e+01,1.889628331129722838e+01,1.898491044859789412e+01,-1.237628686409611545e+00,8.839685005732242917e-01,3.362474364511202074e-01,-2.995031854830988438e-01,1.600446058178534581e-01,6.639887120761913675e-01,1.855148612447986167e+01,1.887255848959554072e+01,2.351188291928704643e+01,1.945031266819136562e+01,-4.274430010777869327e-01,-3.814788206477747745e-01,-1.020772844423527115e+00,2.292040652775839682e-01,1.402743598454432528e+00,1.949932723785141420e+01,1.877933279188185978e+01,1.918513829550880700e+01,1.699170938724316926e+01,-3.525363327566664040e-01,-2.639252914154399665e-03,-2.534419524626023268e+00,-7.370110185341356701e-02,-1.236230958042614736e+00,1.899482454899717965e+01,-1.696549076402481759e+01,1.927362383969761694e+01,-1.326800307106390520e-01,8.295977760873277651e-01,-6.046816378265662539e-01,1.550103356285303047e+00,1.899231608309075625e+01,1.871346365014722224e+01,1.860868058724058471e+01,4.707779952056901918e-01,2.460089136792657616e+00,4.028313819921015837e-02,-4.435649415130185624e-01,1.929909656098588755e+01
1.778122240948456678e+01,1.897602733451277501e+01,1.902380789364209335e+01,1.828535519128270082e+01,1.902298338845109171e+01,1.926064040522586751e+01,3.018183399802901179e-01,6.129569429701349215e-01,1.952638208135399722e+01,1.922932107033602023e+01,1.870824046857059741e+01,1.893390443401890266e+01,1.891310774697424435e+01,-9.201198768402042705e-02,-3.443025878316755550e-01,-1.244887783372416734e-01,2.317623664473515144e-01,1.939448188416779573e+01,1.994945377907991002e+01,1.901877691223856104e+01,1.888087900017831799e+01,-1.416549800939965187e-01,4.697309275823170482e-01,1.381066599466092837e-01,-8.603546873771290571e-01,-1.047520989887188003e+00,1.942670796087762142e+01,1.920509118051471376e+01,1.895445540734771228e+01,1.897232549360128928e+01,-2.012376527822964611e+00,1.181109388782167313e+00,-2.242312620778559862e-01,-2.419699732544630666e-01,3.748976074433556759e-03,3.954347020762130627e-02,1.710552053671162653e+01,1.835667587204550699e+01,1.877035459778751658e+01,1.952196586792685551e+01,1.871862198801807153e+01,-3.390089537537976372e-01,1.074738209347855911e+00,-4.480236070991883146e-01,1.496381920665890153e+00,2.043873772499274766e-01,6.697557364936562729e-02,-2.044371104203003497e+01,2.104032621928737257e+01,1.715937046378538966e+01,1.889628331129722838e+01,1.898491044859789412e+01,-1.237628686409611545e+00,8.839685005732242917e-01,3.362474364511202074e-01,-2.995031854830988438e-01,1.596143665317263372e-01,6.639887120761913675e-01,1.855148612447986167e+01,1.887255848959554072e+01,2.351188291928704643e+01,1.945031266819136562e+01,-4.274430010777869327e-01,-3.814788206477747745e-01,-1.020772844423527115e+00,2.292040652775839682e-01,1.402743598454432528e+00,1.949932723785141420e+01,1.877933279188185978e+01,1.918513829550880700e+01,1.699170938724316926e+01,-3.525363327566664040e-01,-2.639252914154399665e-03,-2.534419524626023268e+00,-7.370110185341356701e-02,-1.236230958042614736e+00,1.899482454899717965e+01,-1.696549076402481759e+01,1.927362383969761694e+01,-1.326800307106390520e-01,8.304184481253842343e-01,-6.046816378265662539e-01,1.550103356285303047e+00,1.899231608309075625e+01,1.871346365014722224e+01,1.860868058724058471e+01,4.707779952056901918e-01,2.460089136792657616e+00,4.028313819921015837e-02,-4.435649415130185624e-01,1.929909656098588755e+01
1.778122240948456678e+01,1.897207434067250276e+01,1.903666366091390927e+01,1.828535519128270082e+01,1.902298338845109171e+01,1.926064040522586751e+01,3.018183399802901179e-01,6.129569429701349215e-01,1.952638208135399722e+01,1.922932107033602023e+01,1.870824046857059741e+01,1.893390443401890266e+01,1.891310774697424435e+01,-9.201198768402042705e-02,-3.443025878316755550e-01,-1.244887783372416734e-01,2.317623664473515144e-01,1.939448188416779573e+01,1.994945377907991002e+01,1.901877691223856104e+01,1.888271780815727041e+01,-1.416549800939965187e-01,4.697309275823170482e-01,1.381066599466092837e-01,-8.603546873771290571e-01,-1.047520989887188003e+00,1.942670796087762142e+01,1.920509118051471376e+01,1.895445540734771228e+01,1.897232549360128928e+01,-2.012376527822964611e+00,1.181109388782167313e+00,-2.242312620778559862e-01,-2.419699732544630666e-01,3.748976074433556759e-03,3.954347020762130627e-02,1.710552053671162653e+01,1.835667587204550699e+01,1.877035459778751658e+01,1.952196586792685551e+01,1.871862198801807153e+01,-3.390089537537976372e-01,1.074738209347855911e+00,-4.480236070991883146e-01,1.496381920665890153e+00,2.043873772499274766e-01,6.697557364936562729e-02,-2.044371104203003497e+01,2.104032621928737257e+01,1.715937046378538966e+01,1.889628331129722838e+01,1.898491044859789412e+01,-1.233967415023044190e+00,8.798842505856773188e-01,3.362474364511202074e-01,-2.995031854830988438e-01,1.596143665317263372e-01,6.639887120761913675e-01,1.855148612447986167e+01,1.887255848959554072e+01,2.351188291928704643e+01,1.944617874524642431e+01,-4.274430010777869327e-01,-3.782031779495411139e-01,-1.020772844423527115e+00,2.325051570292358816e-01,1.402743598454432528e+00,1.949932723785141420e+01,1.877933279188185978e+01,1.918513829550880700e+01,1.699170938724316926e+01,-3.525363327566664040e-01,-2.639252914154399665e-03,-2.534419524626023268e+00,-7.370110185341356701e-02,-1.236230958042614736e+00,1.899482454899717965e+01,-1.696549076402481759e+01,1.927362383969761694e+01,-1.326800307106390520e-01,8.304184481253842343e-01,-6.645088446303086815e-01,1.550103356285303047e+00,1.899231608309075625e+01,1.871346365014722224e+01,1.860868058724058471e+01,4.707779952056901918e-01,2.460089136792657616e+00,4.028313819921015837e-02,-4.435649415130185624e-01,1.929909656098588755e+01
1.778122240948456678e+01,1.897207434067250276e+01,1.903666366091390927e+01,1.828535519128270082e+01,1.902298338845109171e+01,1.926064040522586751e+01,2.981056843493574693e-01,6.129569429701349215e-01,1.952638208135399722e+01,1.922932107033602023e+01,1.870824046857059741e+01,1.893390443401890266e+01,1.891310774697424435e+01,-9.201198768402042705e-02,-3.443025878316755550e-01,-1.244887783372416734e-01,2.317623664473515144e-01,1.939448188416779573e+01,1.994945377907991002e+01,1.901877691223856104e+01,1.888271780815727041e+01,-1.416549800939965187e-01,4.697309275823170482e-01,1.381066599466092837e-01,-8.603546873771290571e-01,-1.047520989887188003e+00,1.942670796087762142e+01,1.920509118051471376e+01,1.895445540734771228e+01,1.897232549360128928e+01,-2.011946391197062312e+00,1.181109388782167313e+00,-2.252181669529012553e-01,-2.419699732544630666e-01,3.748976074433556759e-03,3.954347020762130627e-02,1.710552053671162653e+01,1.835667587204550699e+01,1.877035459778751658e+01,1.952196586792685551e+01,1.871862198801807153e+01,-3.390089537537976372e-01,1.074738209347855911e+00,-4.441678512894354225e-01,1.496381920665890153e+00,2.043873772499274766e-01,6.697557364936562729e-02,-2.044371104203003497e+01,2.103981036788969305e+01,1.715937046378538966e+01,1.889628331129722838e+01,1.898491044859789412e+01,-1.233967415023044190e+00,8.798842505856773188e-01,3.362474364511202074e-01,-2.995031854830988438e-01,1.596143665317263372e-01,6.639887120761913675e-01,1.855148612447986167e+01,1.887255848959554072e+01,2.351188291928704643e+01,1.944617874524642431e+01,-4.274430010777869327e-01,-3.782031779495411139e-01,-1.020772844423527115e+00,2.325051570292358816e-01,1.402743598454432528e+00,1.949932723785141420e+01,1.883858441769643832e+01,1.918513829550880700e+01,1.699170938724316926e+01,-3.546671619999985925e-01,-3.354253621260943913e-03,-2.534419524626023268e+00,-7.370110185341356701e-02,-1.236230958042614736e+00,1.899482454899717965e+01,-1.696549076402481759e+01,1.927362383969761694e+01,-1.326800307106390520e-01,8.304184481253842343e-01,-6.645088446303086815e-01,1.550103356285303047e+00,1.899231608309075625e+01,1.871346365014722224e+01,1.860868058724058471e+01,4.707779952056901918e-01,2.460089136792657616e+00,4.028313819921015837e-02,-4.435649415130185624e-01,1.929996874877654278e+01
1.778122240948456678e+01,1.897207434067250276e+01,1.903666366091390927e+01,1.828535519128270082e+01,1.902298338845109171e+01,1.926064040522586751e+01,2.981056843493574693e-01,6.129569429701349215e-01,1.952638208135399722e+01,1.922932107033602023e+01,1.869897164042676962e+01,1.893390443401890266e+01,1.891310774697424435e+01,-9.201198768402042705e-02,-3.443025878316755550e-01,-1.244887783372416734e-01,2.317623664473515144e-01,1.939448188416779573e+01,1.994945377907991002e+01,1.901877691223856104e+01,1.888271780815727041e+01,-1.416549800939965187e-01,4.697309275823170482e-01,1.381066599466092837e-01,-8.603546873771290571e-01,-1.047520989887188003e+00,1.942670796087762142e+01,1.920509118051471376e+01,1.895982969672680696e+01,1.897232549360128928e+01,-2.011946391197062312e+00,1.181109388782167313e+00,-2.252181669529012553e-01,-2.419699732544630666e-01,3.748976074433556759e-03,3.954347020762130627e-02,1.710552053671162653e+01,1.835667587204550699e+01,1.877035459778751658e+01,1.952196586792685551e+01,1.872208408040307859e+01,-3.390089537537976372e-01,1.074738209347855911e+00,-4.441678512894354225e-01,1.491437866835242154e+00,2.043873772499274766e-01,6.697557364936562729e-02,-2.044730042067243048e+01,2.103981036788969305e+01,1.715937046378538966e+01,1.889189520166062408e+01,1.898491044859789412e+01,-1.233967415023044190e+00,8.798842505856773188e-01,3.362474364511202074e-01,-2.995031854830988438e-01,1.596143665317263372e-01,6.639887120761913675e-01,1.855148612447986167e+01,1.886922578010551277e+01,2.351188291928704643e+01,1.944617874524642431e+01,-4.274430010777869327e-01,-3.782031779495411139e-01,-1.020772844423527115e+00,2.325051570292358816e-01,1.402743598454432528e+00,1.949932723785141420e+01,1.883858441769643832e+01,1.918513829550880700e+01,1.699170938724316926e+01,-3.546671619999985925e-01,-3.354253621260943913e-03,-2.534419524626023268e+00,-7.370110185341356701e-02,-1.236230958042614736e+00,1.899482454899717965e+01,-1.696549076402481759e+01,1.927362383969761694e+01,-1.326800307106390520e-01,8.304184481253842343e-01,-6.645088446303086815e-01,1.493488750560904688e+00,1.899231608309075625e+01,1.871346365014722224e+01,1.859285264543174421e+01,4.707779952056901918e-01,2.460089136792657616e+00,4.028313819921015837e-02,-4.435649415130185624e-01,1.929996874877654278e+01
1.778122240948456678e+01,1.897207434067250276e+01,1.903666366091390927e+01,1.828535519128270082e+01,1.902208764845711286e+01,1.926064040522586751e+01,2.981056843493574693e-01,6.129569429701349215e-01,1.952638208135399722e+01,1.922932107033602023e+01,1.869897164042676962e+01,1.893390443401890266e+01,1.891310774697424435e+01,-9.201198768402042705e-02,-3.433793629105851841e-01,-1.244887783372416734e-01,2.317623664473515144e-01,1.939448188416779573e+01,1.995011270496712186e+01,1.901877691223856104e+01,1.888271780815727041e+01,-1.416549800939965187e-01,4.837316339904845219e-01,1.381066599466092837e-01,-8.603546873771290571e-01,-1.047520989887188003e+00,1.942670796087762142e+01,1.920509118051471376e+01,1.895982969672680696e+01,1.897232549360128928e+01,-2.011946391197062312e+00,1.181109388782167313e+00,-2.252181669529012553e-01,-2.419699732544630666e-01,3.748976074433556759e-03,3.954347020762130627e-02,1.710552053671162653e+01,1.835667587204550699e+01,1.877035459778751658e+01,1.952196586792685551e+01,1.872208408040307859e+01,-3.382833721913855451e-01,1.074738209347855911e+00,-4.441678512894354225e-01,1.491437866835242154e+00,2.043873772499274766e-01,6.768310324555031066e-02,-2.044730042067243048e+01,2.103981036788969305e+01,1.716001010365086188e+01,1.889189520166062408e+01,1.898491044859789412e+01,-1.233967415023044190e+00,8.798842505856773188e-01,3.362474364511202074e-01,-2.995031854830988438e-01,1.596143665317263372e-01,6.639887120761913675e-01,1.855148612447986167e+01,1.886922578010551277e+01,2.352581852336792778e+01,1.944617874524642431e+01,-4.274430010777869327e-01,-3.782031779495411139e-01,-1.020772844423527115e+00,2.325051570292358816e-01,1.402743598454432528e+00,1.949932723785141420e+01,1.883858441769643832e+01,1.918513829550880700e+01,1.699170938724316926e+01,-3.546671619999985925e-01,-3.354253621260943913e-03,-2.534419524626023268e+00,-7.370110185341356701e-02,-1.236656005979207107e+00,1.899482454899717965e+01,-1.696549076402481759e+01,1.927362383969761694e+01,-1.326800307106390520e-01,8.304184481253842343e-01,-6.645088446303086815e-01,1.493488750560904688e+00,1.899231608309075625e+01,1.871346365014722224e+01,1.859285264543174421e+01,4.707779952056901918e-01,2.460089136792657616e+00,4.028313819921015837e-02,-4.435649415130185624e-01,1.929996874877654278e+01
1.778122240948456678e+01,1.897207434067250276e+01,1.903666366091390927e+01,1.828535519128270082e+01,1.902208764845711286e+01,1.926064040522586751e+01,2.981056843493574693e-01,6.129569429701349215e-01,1.952579306169679185e+01,1.922932107033602023e+01,1.869897164042676962e+01,1.893719198614950727e+01,1.891310774697424435e+01,-9.201198768402042705e-02,-3.433793629105851841e-01,-1.244887783372416734e-01,2.317623664473515144e-01,1.939448188416779573e+01,1.995011270496712186e+01,1.901877691223856104e+01,1.888271780815727041e+01,-1.416549800939965187e-01,4.837316339904845219e-01,1.381066599466092837e-01,-8.603546873771290571e-01,-1.047520989887188003e+00,1.942670796087762142e+01,1.920509118051471376e+01,1.895982969672680696e+01,1.897232549360128928e+01,-2.011946391197062312e+00,1.181109388782167313e+00,-2.252181669529012553e-01,-2.419699732544630666e-01,3.748976074433556759e-03,3.954347020762130627e-02,1.710552053671162653e+01,1.835731091655629399e+01,1.877186470205106872e+01,1.952135388586656717e+01,1.872208408040307859e+01,-3.382833721913855451e-01,1.075643819186590688e+00,-4.441678512894354225e-01,1.491437866835242154e+00,2.043873772499274766e-01,6.768310324555031066e-02,-2.044730042067243048e+01,2.103981036788969305e+01,1.716001010365086188e+01,1.889189520166062408e+01,1.898491044859789412e+01,-1.233967415023044190e+00,8.798842505856773188e-01,3.362474364511202074e-01,-2.995031854830988438e-01,1.596143665317263372e-01,6.647141139623631290e-01,1.855148612447986167e+01,1.886922578010551277e+01,2.352581852336792778e+01,1.944617874524642431e+01,-4.274430010777869327e-01,-3.782031779495411139e-01,-9.954706623857720871e-01,2.325051570292358816e-01,1.402743598454432528e+00,1.949932723785141420e+01,1.883858441769643832e+01,1.918513829550880700e+01,1.699170938724316926e+01,-3.546671619999985925e-01,-3.354253621260943913e-03,-2.534419524626023268e+00,-7.370110185341356701e-02,-1.236656005979207107e+00,1.899482454899717965e+01,-1.696549076402481759e+01,1.927298873641829857e+01,-1.326800307106390520e-01,8.304184481253842343e-01,-6.645088446303086815e-01,1.493488750560904688e+00,1.899121073528367631e+01,1.871346365014722224e+01,1.859285264543174421e+01,4.707779952056901918e-01,2.460089136792657616e+00,4.028313819921015837e-02,-4.435649415130185624e-01,1.929996874877654278e+01
1.778122240948456678e+01,1.897207434067250276e+01,1.903666366091390927e+01,1.828535519128270082e+01,1.902208764845711286e+01,1.926064040522586751e+01,3.199960082343289436e-01,6.315609986444123969e-01,1.952579306169679185e+01,1.922932107033602023e+01,1.869897164042676962e+01,1.893719198614950727e+01,1.891310774697424435e+01,-9.201198768402042705e-02,-3.433793629105851841e-01,-1.244887783372416734e-01,2.317623664473515144e-01,1.939448188416779573e+01,1.995011270496712186e+01,1.901877691223856104e+01,1.888271780815727041e+01,-1.416549800939965187e-01,4.837316339904845219e-01,1.381066599466092837e-01,-8.603546873771290571e-01,-1.047520989887188003e+00,1.942670796087762142e+01,1.920509118051471376e+01,1.895982969672680696e+01,1.897232549360128928e+01,-2.011946391197062312e+00,1.168324794726436133e+00,-2.252181669529012553e-01,-2.419699732544630666e-01,3.748976074433556759e-03,3.954347020762130627e-02,1.710552053671162653e+01,1.835731091655629399e+01,1.877186470205106872e+01,1.951880738014825312e+01,1.872208408040307859e+01,-3.382833721913855451e-01,1.075643819186590688e+00,-4.441678512894354225e-01,1.491437866835242154e+00,2.043873772499274766e-01,6.768310324555031066e-02,-2.044730042067243048e+01,2.103981036788969305e+01,1.716001010365086188e+01,1.889189520166062408e+01,1.898491044859789412e+01,-1.233967415023044190e+00,8.798842505856773188e-01,3.362474364511202074e-01,-3.038465549201124216e-01,1.596143665317263372e-01,6.647141139623631290e-01,1.855148612447986167e+01,1.886922578010551277e+01,2.352581852336792778e+01,1.942202099568509865e+01,-4.274430010777869327e-01,-3.782031779495411139e-01,-9.954706623857720871e-01,2.356046453780817618e-01,1.402743598454432528e+00,1.949932723785141420e+01,1.883858441769643832e+01,1.918513829550880700e+01,1.699170938724316926e+01,-3.546671619999985925e-01,-3.354253621260943913e-03,-2.534419524626023268e+00,-1.328024646600790143e-02,-1.236656005979207107e+00,1.899482454899717965e+01,-1.696549076402481759e+01,1.927298873641829857e+01,-1.326800307106390520e-01,8.304184481253842343e-01,-6.645088446303086815e-01,1.493488750560904688e+00,1.899121073528367631e+01,1.871346365014722224e+01,1.859285264543174421e+01,4.767740656146429723e-01,2.460089136792657616e+00,4.028313819921015837e-02,-4.435649415130185624e-01,1.929996874877654278e+01
1.778122240948456678e+01,1.896956003106911837e+01,1.903666366091390927e+01,1.828535519128270082e+01,1.902208764845711286e+01,1.926064040522586751e+01,3.199960082343289436e-01,6.315609986444123969e-01,1.952944400918712375e+01,1.922932107033602023e+01,1.869897164042676962e+01,1.893719198614950727e+01,1.891310774697424435e+01,-9.201198768402042705e-02,-3.433793629105851841e-01,-1.244887783372416734e-01,2.317623664473515144e-01,1.939448188416779573e+01,1.987922829638589306e+01,1.901877691223856104e+01,1.888271780815727041e+01,-1.325672823377580800e-01,4.837316339904845219e-01,1.381066599466092837e-01,-8.603546873771290571e-01,-1.047520989887188003e+00,1.942670796087762142e+01,1.920509118051471376e+01,1.895982969672680696e+01,1.897232549360128928e+01,-2.011946391197062312e+00,1.168324794726436133e+00,-2.252181669529012553e-01,-2.460016022117531287e-01,3.748976074433556759e-03,3.954347020762130627e-02,1.710552053671162653e+01,1.835731091655629399e+01,1.877186470205106872e+01,1.951880738014825312e+01,1.872208408040307859e+01,-3.382833721913855451e-01,1.075643819186590688e+00,-4.441678512894354225e-01,1.491437866835242154e+00,2.292076814447724653e-01,6.768310324555031066e-02,-2.044730042067243048e+01,2.104616185563763153e+01,1.716001010365086188e+01,1.889189520166062408e+01,1.898491044859789412e+01,-1.233967415023044190e+00,8.798842505856773188e-01,3.362474364511202074e-01,-3.038465549201124216e-01,1.596143665317263372e-01,6.647141139623631290e-01,1.855148612447986167e+01,3.114526253015694124e+01,2.352581852336792778e+01,1.942202099568509865e+01,-4.274430010777869327e-01,-3.782031779495411139e-01,-9.954706623857720871e-01,2.356046453780817618e-01,1.402743598454432528e+00,1.950672023887127438e+01,1.883858441769643832e+01,1.918513829550880700e+01,1.699170938724316926e+01,-3.546671619999985925e-01,-3.354253621260943913e-03,-2.534419524626023268e+00,-1.328024646600790143e-02,-1.236656005979207107e+00,1.899482454899717965e+01,-1.696549076402481759e+01,1.927298873641829857e+01,-1.326800307106390520e-01,8.304184481253842343e-01,-6.645088446303086815e-01,1.493488750560904688e+00,1.899121073528367631e+01,1.871346365014722224e+01,1.859285264543174421e+01,4.767740656146429723e-01,2.460089136792657616e+00,4.028313819921015837e-02,-4.435649415130185624e-01,1.929996874877654278e+01
1.778122240948456678e+01,1.896956003106911837e+01,1.903666366091390927e+01,1.828535519128270082e+01,1.902208764845711286e+01,1.926064040522586751e+01,3.199960082343289436e-01,6.315609986444123969e-01,1.952944400918712375e+01,1.922932107033602023e+01,1.869897164042676962e+01,1.893719198614950727e+01,1.891310774697424435e+01,-9.201198768402042705e-02,-3.433793629105851841e-01,-1.244887783372416734e-01,2.317623664473515144e-01,1.939448188416779573e+01,1.987922829638589306e+01,1.901877691223856104e+01,1.888271780815727041e+01,-1.325672823377580800e-01,4.837316339904845219e-01,1.381066599466092837e-01,-8.603546873771290571e-01,-1.047520989887188003e+00,1.942670796087762142e+01,1.920509118051471376e+01,1.894454830079366303e+01,1.897232549360128928e+01,-1.921817981969663691e+00,1.168324794726436133e+00,-2.252181669529012553e-01,-2.460016022117531287e-01,3.748976074433556759e-03,3.954347020762130627e-02,1.710552053671162653e+01,1.835731091655629399e+01,1.877474911986429973e+01,1.951880738014825312e+01,1.872208408040307859e+01,-3.382833721913855451e-01,1.075643819186590688e+00,-4.441678512894354225e-01,1.491437866835242154e+00,2.292076814447724653e-01,6.768310324555031066e-02,-2.044730042067243048e+01,2.104616185563763153e+01,1.716001010365086188e+01,1.889189520166062408e+01,1.898491044859789412e+01,-1.233967415023044190e+00,9.204855910208843417e-01,3.481743105061779753e-01,-3.038465549201124216e-01,1.596143665317263372e-01,6.647141139623631290e-01,1.855148612447986167e+01,3.114526253015694124e+01,2.352581852336792778e+01,1.942202099568509865e+01,-4.008164707291517748e-01,-3.842581431819337423e-01,-9.954706623857720871e-01,2.356046453780817618e-01,1.390488377101395834e+00,1.950672023887127438e+01,1.883858441769643832e+01,1.918513829550880700e+01,1.699170938724316926e+01,-3.546671619999985925e-01,-1.310118356362328755e-02,-2.534419524626023268e+00,-1.328024646600790143e-02,-1.236656005979207107e+00,1.899482454899717965e+01,-1.696549076402481759e+01,1.927298873641829857e+01,-1.326800307106390520e-01,8.304184481253842343e-01,-6.645088446303086815e-01,1.493488750560904688e+00,1.899121073528367631e+01,1.871346365014722224e+01,1.859285264543174421e+01,4.767740656146429723e-01,2.460089136792657616e+00,4.028313819921015837e-02,-4.435649415130185624e-01,1.929996874877654278e+01
1.778122240948456678e+01,1.896956003106911837e+01,1.903666366091390927e+01,1.828535519128270082e+01,1.902208764845711286e+01,1.926064040522586751e+01,3.199960082343289436e-01,6.315609986444123969e-01,1.952944400918712375e+01,1.922932107033602023e+01,1.869897164042676962e+01,1.892612046102999201e+01,1.891310774697424435e+01,-9.201198768402042705e-02,-3.433793629105851841e-01,-1.244887783372416734e-01,1.014829208929003690e-01,1.939448188416779573e+01,1.987922829638589306e+01,1.901877691223856104e+01,1.888271780815727041e+01,-1.325672823377580800e-01,4.837316339904845219e-01,1.381066599466092837e-01,-8.603546873771290571e-01,-1.047520989887188003e+00,1.943813903956032973e+01,1.920509118051471376e+01,1.894454830079366303e+01,1.897232549360128928e+01,-1.921817981969663691e+00,1.168324794726436133e+00,-2.252181669529012553e-01,-2.460016022117531287e-01,3.748976074433556759e-03,3.954347020762130627e-02,1.710552053671162653e+01,1.838299818872250313e+01,1.877474911986429973e+01,1.951880738014825312e+01,1.872208408040307859e+01,-3.382833721913855451e-01,1.075643819186590688e+00,-4.441678512894354225e-01,1.491437866835242154e+00,2.292076814447724653e-01,7.417921675851589514e-02,-2.044730042067243048e+01,2.104616185563763153e+01,1.716001010365086188e+01,1.889189520166062408e+01,1.897203514452478501e+01,-1.233967415023044190e+00,9.204855910208843417e-01,3.481743105061779753e-01,-3.038465549201124216e-01,1.596143665317263372e-01,6.647141139623631290e-01,1.855148612447986167e+01,3.114526253015694124e+01,2.352581852336792778e+01,1.942202099568509865e+01,-4.008164707291517748e-01,-3.842581431819337423e-01,-9.954706623857720871e-01,2.356046453780817618e-01,1.390488377101395834e+00,1.950672023887127438e+01,1.883858441769643832e+01,1.918513829550880700e+01,1.699170938724316926e+01,-3.546671619999985925e-01,-1.310118356362328755e-02,-2.534419524626023268e+00,-1.328024646600790143e-02,-1.236656005979207107e+00,1.899482454899717965e+01,-1.696549076402481759e+01,1.927298873641829857e+01,-1.326800307106390520e-01,8.304184481253842343e-01,-6.645088446303086815e-01,1.493488750560904688e+00,1.899356421326202948e+01,1.871346365014722224e+01,1.859285264543174421e+01,4.767740656146429723e-01,2.460089136792657616e+00,4.028313819921015837e-02,-4.369295690805367061e-01,1.929440896591590260e+01
1.778122240948456678e+01,1.896956003106911837e+01,1.903666366091390927e+01,1.828535519128270082e+01,1.902208764845711286e+01,1.926064040522586751e+01,3.199960082343289436e-01,6.315609986444123969e-01,1.952944400918712375e+01,1.922932107033602023e+01,1.869897164042676962e+01,1.892612046102999201e+01,1.891310774697424435e+01,-9.201198768402042705e-02,-3.433793629105851841e-01,-1.244887783372416734e-01,1.014829208929003690e-01,1.939448188416779573e+01,1.987922829638589306e+01,1.901877691223856104e+01,1.888271780815727041e+01,-1.325672823377580800e-01,4.837316339904845219e-01,1.381066599466092837e-01,-8.603546873771290571e-01,-1.562241879402261002e+00,1.943813903956032973e+01,1.920509118051471376e+01,1.894454830079366303e+01,1.897232549360128928e+01,-1.921817981969663691e+00,1.168324794726436133e+00,-2.252181669529012553e-01,-2.460016022117531287e-01,3.748976074433556759e-03,3.954347020762130627e-02,1.710552053671162653e+01,1.838299818872250313e+01,1.877474911986429973e+01,1.951880738014825312e+01,1.872208408040307859e+01,-3.382833721913855451e-01,1.075643819186590688e+00,-4.441678512894354225e-01,1.447076678464217281e+00,2.292076814447724653e-01,7.417921675851589514e-02,-2.044241498698825765e+01,2.104616185563763153e+01,1.716001010365086188e+01,1.889908980047722054e+01,1.897203514452478501e+01,-1.233967415023044190e+00,9.204855910208843417e-01,3.481743105061779753e-01,-3.038465549201124216e-01,1.596143665317263372e-01,6.647141139623631290e-01,1.855148612447986167e+01,3.114526253015694124e+01,2.352581852336792778e+01,1.942202099568509865e+01,-4.008164707291517748e-01,-3.842581431819337423e-01,-9.954706623857720871e-01,2.356046453780817618e-01,1.390488377101395834e+00,1.950672023887127438e+01,1.883858441769643832e+01,1.918513829550880700e+01,1.698498678572361342e+01,-3.546671619999985925e-01,-1.310118356362328755e-02,-2.534419524626023268e+00,-1.328024646600790143e-02,-1.244198223498370837e+00,1.899482454899717965e+01,-1.697278267869878476e+01,1.927298873641829857e+01,-1.227638318949099416e-01,8.304184481253842343e-01,-6.645088446303086815e-01,1.493488750560904688e+00,1.899356421326202948e+01,1.870577978868946900e+01,1.859285264543174421e+01,4.767740656146429723e-01,2.460089136792657616e+00,4.028313819921015837e-02,-4.369295690805367061e-01,1.929440896591590260e+01
1.778122240948456678e+01,1.896956003106911837e+01,1.903666366091390927e+01,1.828535519128270082e+01,1.902208764845711286e+01,1.926064040522586751e+01,3.199960082343289436e-01,6.315609986444123969e-01,1.952944400918712375e+01,1.922932107033602023e+01,1.869897164042676962e+01,1.892612046102999201e+01,1.891310774697424435e+01,-9.269384795833053581e-02,-3.411659884272950083e-01,-1.244887783372416734e-01,1.014829208929003690e-01,1.939448188416779573e+01,1.987922829638589306e+01,1.901949131319505071e+01,1.888271780815727041e+01,-1.325672823377580800e-01,4.837316339904845219e-01,1.381066599466092837e-01,-8.603546873771290571e-01,-1.562241879402261002e+00,1.943813903956032973e+01,1.920509118051471376e+01,1.894454830079366303e+01,1.897232549360128928e+01,-1.921817981969663691e+00,1.168324794726436133e+00,-2.252181669529012553e-01,-2.460016022117531287e-01,3.748976074433556759e-03,3.954347020762130627e-02,1.710552053671162653e+01,1.838299818872250313e+01,1.877474911986429973e+01,1.951880738014825312e+01,1.872208408040307859e+01,-3.382833721913855451e-01,1.075643819186590688e+00,-4.441678512894354225e-01,1.447076678464217281e+00,2.292076814447724653e-01,7.417921675851589514e-02,-2.044241498698825765e+01,2.104616185563763153e+01,1.716001010365086188e+01,1.889908980047722054e+01,1.897203514452478501e+01,-1.233967415023044190e+00,9.204855910208843417e-01,3.481743105061779753e-01,-3.038465549201124216e-01,1.596143665317263372e-01,6.647141139623631290e-01,1.855148612447986167e+01,3.114526253015694124e+01,2.352620954917424001e+01,1.942202099568509865e+01,-4.008164707291517748e-01,-3.842581431819337423e-01,-9.954706623857720871e-01,2.356046453780817618e-01,1.390488377101395834e+00,1.950672023887127438e+01,1.883858441769643832e+01,1.918513829550880700e+01,1.698498678572361342e+01,-3.542403687833005077e-01,-1.310118356362328755e-02,-2.534635965866043339e+00,-1.328024646600790143e-02,-1.244198223498370837e+00,1.899482454899717965e+01,-1.697278267869878476e+01,1.927298873641829857e+01,-1.227638318949099416e-01,8.309947564138369103e-01,-6.645088446303086815e-01,1.493488750560904688e+00,1.899356421326202948e+01,1.870577978868946900e+01,1.859285264543174421e+01,4.767740656146429723e-01,2.460297367513869737e+00,3.790058322797795753e-02,-4.369295690805367061e-01,1.929440896591590260e+01
1.778122240948456678e+01,1.896956003106911837e+01,1.903666366091390927e+01,1.828581774270067584e+01,1.902206117119033024e+01,1.926064040522586751e+01,3.199960082343289436e-01,6.315609986444123969e-01,1.952944400918712375e+01,1.922932107033602023e+01,1.869897164042676962e+01,1.892612046102999201e+01,1.891310774697424435e+01,-9.269384795833053581e-02,-3.411659884272950083e-01,-1.244887783372416734e-01,1.014829208929003690e-01,1.939448188416779573e+01,1.987922829638589306e+01,1.901949131319505071e+01,1.888271780815727041e+01,-1.325672823377580800e-01,4.837316339904845219e-01,1.380202877745965451e-01,-8.603546873771290571e-01,-1.562241879402261002e+00,1.943813903956032973e+01,1.920559863649976151e+01,1.894454830079366303e+01,1.897232549360128928e+01,-1.921817981969663691e+00,1.168324794726436133e+00,-2.251641660727628780e-01,-2.460016022117531287e-01,3.748976074433556759e-03,3.954347020762130627e-02,1.710552053671162653e+01,1.838299818872250313e+01,1.877474911986429973e+01,1.951880738014825312e+01,1.872206916771262897e+01,-3.382833721913855451e-01,1.075643819186590688e+00,-4.440938777396382653e-01,1.447076678464217281e+00,2.292076814447724653e-01,7.417921675851589514e-02,-2.044241498698825765e+01,2.104616185563763153e+01,1.716001010365086188e+01,1.889908980047722054e+01,1.897203514452478501e+01,-1.233967415023044190e+00,9.204855910208843417e-01,3.481743105061779753e-01,-3.038465549201124216e-01,1.596143665317263372e-01,6.646764272394353190e-01,1.855148612447986167e+01,3.114526253015694124e+01,2.352620954917424001e+01,1.942202099568509865e+01,-4.008164707291517748e-01,-3.842581431819337423e-01,-9.954706623857720871e-01,2.356046453780817618e-01,1.390488377101395834e+00,1.950672023887127438e+01,1.883858441769643832e+01,1.918513829550880700e+01,1.698498678572361342e+01,-3.542403687833005077e-01,-1.310118356362328755e-02,-2.534635965866043339e+00,-1.328024646600790143e-02,-1.244198223498370837e+00,1.899482454899717965e+01,-1.697278267869878476e+01,1.927298873641829857e+01,-1.227638318949099416e-01,8.309947564138369103e-01,-6.645609284114981641e-01,1.493488750560904688e+00,1.899356421326202948e+01,1.870577978868946900e+01,1.859285264543174421e+01,4.767740656146429723e-01,2.460297367513869737e+00,3.790058322797795753e-02,-4.369295690805367061e-01,1.929440896591590260e+01
1.778122240948456678e+01,1.896956003106911837e+01,1.907256917974399713e+01,1.828581774270067584e+01,1.902206117119033024e+01,1.926064040522586751e+01,3.199960082343289436e-01,6.315609986444123969e-01,1.952944400918712375e+01,1.922932107033602023e+01,1.870072672944677805e+01,1.892612046102999201e+01,1.891310774697424435e+01,-9.269384795833053581e-02,-3.411659884272950083e-01,-1.230768433079639096e-01,1.014829208929003690e-01,1.939448188416779573e+01,1.987922829638589306e+01,1.901949131319505071e+01,1.888271780815727041e+01,-1.325672823377580800e-01,4.837316339904845219e-01,1.380202877745965451e-01,-8.603546873771290571e-01,-1.562241879402261002e+00,1.943813903956032973e+01,1.920559863649976151e+01,1.894454830079366303e+01,1.897232549360128928e+01,-1.921817981969663691e+00,1.168324794726436133e+00,-2.251641660727628780e-01,-2.460016022117531287e-01,2.615487468900454596e-03,3.954347020762130627e-02,1.710552053671162653e+01,1.838299818872250313e+01,1.877474911986429973e+01,1.951880738014825312e+01,1.872206916771262897e+01,-3.382833721913855451e-01,1.075643819186590688e+00,-4.440938777396382653e-01,1.447076678464217281e+00,2.292076814447724653e-01,7.417921675851589514e-02,-2.044241498698825765e+01,2.104616185563763153e+01,1.716001010365086188e+01,1.889908980047722054e+01,1.897203514452478501e+01,-1.258220800818522722e+00,9.204855910208843417e-01,3.481743105061779753e-01,-3.038465549201124216e-01,1.581608927011621812e-01,6.646764272394353190e-01,1.852386982692802420e+01,3.114526253015694124e+01,2.352620954917424001e+01,1.942202099568509865e+01,-4.008164707291517748e-01,-3.842581431819337423e-01,-9.954706623857720871e-01,2.356046453780817618e-01,1.390488377101395834e+00,1.950672023887127438e+01,1.883858441769643832e+01,1.918513829550880700e+01,1.698498678572361342e+01,-3.542403687833005077e-01,-1.310118356362328755e-02,-2.534635965866043339e+00,-1.328024646600790143e-02,-1.244198223498370837e+00,1.899482454899717965e+01,-1.697278267869878476e+01,1.927692949126113930e+01,-1.227638318949099416e-01,8.309947564138369103e-01,-6.645609284114981641e-01,1.493488750560904688e+00,1.899356421326202948e+01,1.870577978868946900e+01,1.859518478742078784e+01,4.767740656146429723e-01,2.460297367513869737e+00,3.790058322797795753e-02,-4.369295690805367061e-01,1.929440896591590260e+01
1.778520038031273387e+01,1.896956003106911837e+01,1.907256917974399713e+01,1.828581774270067584e+01,1.902206117119033024e+01,1.926064040522586751e+01,3.199960082343289436e-01,6.315609986444123969e-01,1.952944400918712375e+01,1.922932107033602023e+01,1.870072672944677805e+01,1.892612046102999201e+01,1.891017875932081438e+01,-9.269384795833053581e-02,-3.411659884272950083e-01,-1.230768433079639096e-01,1.014829208929003690e-01,1.939448188416779573e+01,1.987922829638589306e+01,1.901949131319505071e+01,1.888271780815727041e+01,-1.325672823377580800e-01,4.837316339904845219e-01,1.380202877745965451e-01,-8.584486863365071718e-01,-1.562241879402261002e+00,1.943813903956032973e+01,1.920559863649976151e+01,1.894454830079366303e+01,1.897232549360128928e+01,-1.921817981969663691e+00,1.168324794726436133e+00,-2.251641660727628780e-01,-2.460016022117531287e-01,2.615487468900454596e-03,3.954347020762130627e-02,1.710552053671162653e+01,1.838299818872250313e+01,1.877474911986429973e+01,1.951880738014825312e+01,1.872206916771262897e+01,-3.332686562345864023e-01,1.075643819186590688e+00,-4.440938777396382653e-01,1.447076678464217281e+00,2.292076814447724653e-01,7.417921675851589514e-02,-2.044241498698825765e+01,2.104616185563763153e+01,1.716159237897134560e+01,1.889908980047722054e+01,1.897203514452478501e+01,-1.258220800818522722e+00,9.204855910208843417e-01,3.481743105061779753e-01,-3.038465549201124216e-01,1.581608927011621812e-01,6.646764272394353190e-01,1.852386982692802420e+01,3.114526253015694124e+01,2.352620954917424001e+01,1.942202099568509865e+01,-4.008164707291517748e-01,-3.842581431819337423e-01,-9.979802395339039123e-01,2.356046453780817618e-01,1.390488377101395834e+00,1.950672023887127438e+01,1.883500662413215210e+01,1.918659551075777259e+01,1.698498678572361342e+01,-3.542403687833005077e-01,-1.310118356362328755e-02,-2.534635965866043339e+00,-1.328024646600790143e-02,-1.244198223498370837e+00,1.900041680982734249e+01,-1.697278267869878476e+01,1.927692949126113930e+01,-1.227638318949099416e-01,8.309947564138369103e-01,-6.645609284114981641e-01,1.493488750560904688e+00,1.899356421326202948e+01,1.870577978868946900e+01,1.859518478742078784e+01,4.767740656146429723e-01,2.460297367513869737e+00,3.790058322797795753e-02,-4.369295690805367061e-01,1.929440896591590260e+01
1.778520038031273387e+01,1.896956003106911837e+01,1.907256917974399713e+01,1.828581774270067584e+01,1.902206117119033024e+01,1.926990957336128574e+01,3.199960082343289436e-01,6.315609986444123969e-01,1.952944400918712375e+01,1.930958417287874695e+01,1.870072672944677805e+01,1.892612046102999201e+01,1.891017875932081438e+01,-9.269384795833053581e-02,-3.411659884272950083e-01,-1.230768433079639096e-01,1.014829208929003690e-01,1.938542371512619411e+01,1.987922829638589306e+01,1.901949131319505071e+01,1.892357473795468437e+01,-1.325672823377580800e-01,4.677032607405720577e-01,1.380202877745965451e-01,-8.584486863365071718e-01,-1.562241879402261002e+00,1.943813903956032973e+01,1.920559863649976151e+01,1.894454830079366303e+01,1.860967738208400846e+01,-1.921817981969663691e+00,1.168324794726436133e+00,-2.251641660727628780e-01,-2.460016022117531287e-01,2.615487468900454596e-03,2.467322218177103732e-02,1.708205446629738589e+01,1.838299818872250313e+01,1.877474911986429973e+01,1.951880738014825312e+01,1.872206916771262897e+01,-3.332686562345864023e-01,1.106636490398817063e+00,-4.440938777396382653e-01,1.447076678464217281e+00,2.292076814447724653e-01,7.417921675851589514e-02,-2.044241498698825765e+01,2.104616185563763153e+01,1.716159237897134560e+01,1.889908980047722054e+01,1.897203514452478501e+01,-1.258220800818522722e+00,9.204855910208843417e-01,3.481743105061779753e-01,-3.038465549201124216e-01,1.581608927011621812e-01,6.646764272394353190e-01,1.852386982692802420e+01,3.114526253015694124e+01,2.352620954917424001e+01,1.942202099568509865e+01,-4.008164707291517748e-01,-3.842581431819337423e-01,-9.979802395339039123e-01,2.356046453780817618e-01,1.390488377101395834e+00,1.950672023887127438e+01,1.883500662413215210e+01,1.918659551075777259e+01,1.698498678572361342e+01,-3.542403687833005077e-01,-1.310118356362328755e-02,-2.534635965866043339e+00,-1.328024646600790143e-02,-1.244198223498370837e+00,1.900041680982734249e+01,-1.697278267869878476e+01,1.927692949126113930e+01,-1.227638318949099416e-01,8.309947564138369103e-01,-6.645609284114981641e-01,1.473624351255952591e+00,1.899356421326202948e+01,1.870577978868946900e+01,1.859518478742078784e+01,4.767740656146429723e-01,2.460297367513869737e+00,3.790058322797795753e-02,-4.369295690805367061e-01,1.929440896591590260e+01
1.823372883669190614e+01,1.896914180951606710e+01,1.904021738295624289e+01,1.806050861114583128e+01,1.897963038298801308e+01,1.900000000000000000e+01,8.226182700976129858e-03,3.923334855032159334e-03,1.927537762711358127e+01,1.912103556087235035e+01,1.889402068178720384e+01,2.241938456394439783e+00,1.887396001204962204e+01,-5.280062770799132804e-02,-1.396009255462015222e-02,1.387611057769281286e-01,1.651244330969445784e+01,1.937990795159563362e+01,1.902611762464054834e+01,1.901061205033969870e+01,1.892080618412454029e+01,-5.077233100496270080e-02,3.033226391345912321e-01,1.183608535952265436e-02,0.000000000000000000e+00,3.456416381647164221e-02,1.900000000000000000e+01,1.909850784947191826e+01,1.907741018369036112e+01,1.839720233858490417e+01,-1.604072650948317191e+00,-2.087098650786893828e-01,-2.594961675186007177e-01,0.000000000000000000e+00,-4.344550031780380905e-02,3.707660866863307040e-03,1.900000000000000000e+01,1.867030028159886612e+01,1.900000000000000000e+01,1.900724245887264274e+01,1.898741284144045238e+01,3.411878890898230599e-01,3.133420747361759760e-03,-6.802672399366455069e-01,2.397586822233671068e-03,1.923048813741437824e-01,-9.195670927941691775e-03,-2.067316480687438229e+01,1.900162845755281893e+01,1.898373927678602158e+01,1.886687443163242506e+01,1.894696759841669831e+01,-7.554679339970653273e-02,5.038945382287975810e-02,-1.178219364219316306e-02,-1.009627933796711056e-02,5.849749032204242319e-03,3.915630072709093690e-01,1.861662418405907715e+01,1.892450974514558482e+01,1.976544690823021000e+01,1.899074960287439495e+01,-1.265603347923007771e-01,-2.386234864088535024e-01,-2.689208175544740426e-03,0.000000000000000000e+00,4.349240484054536782e-03,1.932767681066040311e+01,1.837392876415668397e+01,1.902623026885003910e+01,1.918518049435214934e+01,-5.794771498059221246e-03,-2.001016121192404629e-02,-1.438110922141505339e-03,2.508023277691264763e-01,-1.235036197746627540e+00,1.899645816802020093e+01,1.906991539570953620e+01,1.900000000000000000e+01,-7.588459578767207114e-01,1.717193560650437156e+00,0.000000000000000000e+00,-7.037775701328387312e-02,1.900000000000000000e+01,1.881711525644056238e+01,1.858700589455709462e+01,-3.443483923803861146e-02,-5.824875339531884744e-02,3.129295057601753222e-02,-5.189876391732887312e-02,1.911146940671975969e+01
1.823372883669190614e+01,1.896914180951606710e+01,1.904021738295624289e+01,1.806050861114583128e+01,1.897963038298801308e+01,1.900000000000000000e+01,1.302004743760648009e-01,3.923334855032159334e-03,1.927537762711358127e+01,1.912103556087235035e+01,1.889402068178720384e+01,2.241938456394439783e+00,1.887396001204962204e+01,-5.280062770799132804e-02,-1.396009255462015222e-02,1.387611057769281286e-01,1.651244330969445784e+01,1.937990795159563362e+01,1.902611762464054834e+01,1.901061205033969870e+01,1.892080618412454029e+01,-5.077233100496270080e-02,3.033226391345912321e-01,1.183608535952265436e-02,0.000000000000000000e+00,-9.240609935136287478e-02,1.900000000000000000e+01,1.909850784947191826e+01,1.907741018369036112e+01,1.839720233858490417e+01,-1.604072650948317191e+00,-2.087098650786893828e-01,-2.594961675186007177e-01,0.000000000000000000e+00,-4.344550031780380905e-02,-3.243077012619668853e+00,1.900000000000000000e+01,1.867030028159886612e+01,1.900000000000000000e+01,1.900724245887264274e+01,1.898741284144045238e+01,3.411878890898230599e-01,3.133420747361759760e-03,-7.440538183623219837e-01,2.397586822233671068e-03,1.923048813741437824e-01,-9.195670927941691775e-03,-2.067316480687438229e+01,1.917838454291026906e+01,1.898373927678602158e+01,1.886687443163242506e+01,1.894696759841669831e+01,-7.554679339970653273e-02,-2.015057625786680628e-01,-1.178219364219316306e-02,-1.009627933796711056e-02,5.849749032204242319e-03,3.915630072709093690e-01,1.861662418405907715e+01,1.892450974514558482e+01,1.976544690823021000e+01,1.899074960287439495e+01,-1.265603347923007771e-01,-2.386234864088535024e-01,-2.689208175544740426e-03,0.000000000000000000e+00,4.349240484054536782e-03,1.932767681066040311e+01,1.837392876415668397e+01,1.902623026885003910e+01,1.918518049435214934e+01,-5.794771498059221246e-03,-2.001016121192404629e-02,-1.438110922141505339e-03,2.508023277691264763e-01,-1.235036197746627540e+00,1.899645816802020093e+01,1.867200976686421399e+01,1.900000000000000000e+01,-7.588459578767207114e-01,1.717193560650437156e+00,0.000000000000000000e+00,-7.037775701328387312e-02,1.900000000000000000e+01,1.881711525644056238e+01,1.886269031670632756e+01,-3.443483923803861146e-02,-5.824875339531884744e-02,3.129295057601753222e-02,5.910035452517561211e-02,1.911146940671975969e+01
1.890556619183645637e+01,1.896914180951606710e+01,1.904021738295624289e+01,1.806050861114583128e+01,1.897963038298801308e+01,1.900000000000000000e+01,1.302004743760648009e-01,3.923334855032159334e-03,1.927537762711358127e+01,1.912103556087235035e+01,1.889402068178720384e+01,2.241938456394439783e+00,1.866999376504290353e+01,1.422548875544516755e-01,-1.396009255462015222e-02,2.014900188346822607e-01,1.651244330969445784e+01,1.937990795159563362e+01,1.902611762464054834e+01,1.901061205033969870e+01,1.892080618412454029e+01,-5.077233100496270080e-02,3.033226391345912321e-01,1.183608535952265436e-02,0.000000000000000000e+00,-9.240609935136287478e-02,1.900000000000000000e+01,1.909850784947191826e+01,1.907741018369036112e+01,1.839720233858490417e+01,-1.604072650948317191e+00,-2.087098650786893828e-01,-2.594961675186007177e-01,0.000000000000000000e+00,-4.344550031780380905e-02,-3.243077012619668853e+00,1.900000000000000000e+01,1.833948371366252417e+01,1.900000000000000000e+01,1.900724245887264274e+01,1.898741284144045238e+01,3.411878890898230599e-01,3.133420747361759760e-03,-7.440538183623219837e-01,2.397586822233671068e-03,1.923048813741437824e-01,-9.195670927941691775e-03,-2.067316480687438229e+01,1.917838454291026906e+01,1.898373927678602158e+01,1.886687443163242506e+01,1.894696759841669831e+01,-7.554679339970653273e-02,-2.015057625786680628e-01,-1.178219364219316306e-02,-1.009627933796711056e-02,5.849749032204242319e-03,3.915630072709093690e-01,1.861662418405907715e+01,1.892450974514558482e+01,1.984116691877528638e+01,1.899074960287439495e+01,-1.265603347923007771e-01,-2.386234864088535024e-01,-2.689208175544740426e-03,-2.570549430145826486e-01,4.349240484054536782e-03,1.932767681066040311e+01,1.837392876415668397e+01,1.902623026885003910e+01,1.947930353278199789e+01,-5.794771498059221246e-03,-2.001016121192404629e-02,-1.438110922141505339e-03,2.508023277691264763e-01,-1.235036197746627540e+00,1.899645816802020093e+01,1.867200976686421399e+01,1.900000000000000000e+01,-7.588459578767207114e-01,1.717193560650437156e+00,0.000000000000000000e+00,-2.710386618976250439e-01,1.900000000000000000e+01,1.881711525644056238e+01,1.886269031670632756e+01,-3.443483923803861146e-02,-5.824875339531884744e-02,3.129295057601753222e-02,5.910035452517561211e-02,1.911146940671975969e+01
1.890556619183645637e+01,1.896914180951606710e+01,1.904021738295624289e+01,1.806050861114583128e+01,1.897963038298801308e+01,1.900000000000000000e+01,1.302004743760648009e-01,3.923334855032159334e-03,1.927537762711358127e+01,1.912103556087235035e+01,1.889402068178720384e+01,2.241938456394439783e+00,1.866999376504290353e+01,1.422548875544516755e-01,-1.396009255462015222e-02,2.014900188346822607e-01,1.651244330969445784e+01,1.937990795159563362e+01,1.897637389542828501e+01,1.901061205033969870e+01,1.880420696243592005e+01,-5.077233100496270080e-02,3.033226391345912321e-01,1.183608535952265436e-02,0.000000000000000000e+00,-9.240609935136287478e-02,1.900000000000000000e+01,1.909850784947191826e+01,1.907741018369036112e+01,1.839720233858490417e+01,-1.676853137847366337e+00,-2.087098650786893828e-01,-4.681723191579809651e-01,4.440048720256273979e-02,-4.344550031780380905e-02,-3.243077012619668853e+00,1.900000000000000000e+01,1.833948371366252417e+01,1.900000000000000000e+01,1.869238529381016889e+01,1.898741284144045238e+01,3.411878890898230599e-01,3.133420747361759760e-03,-7.440538183623219837e-01,2.397586822233671068e-03,1.923048813741437824e-01,-9.195670927941691775e-03,-2.067316480687438229e+01,1.917838454291026906e+01,1.902374913352938535e+01,1.886687443163242506e+01,1.894696759841669831e+01,-7.554679339970653273e-02,-2.015057625786680628e-01,-1.178219364219316306e-02,-1.009627933796711056e-02,5.849749032204242319e-03,3.915630072709093690e-01,1.849224579885103381e+01,1.892450974514558482e+01,1.984116691877528638e+01,1.925237776073259965e+01,-1.265603347923007771e-01,-2.386234864088535024e-01,-2.689208175544740426e-03,-2.570549430145826486e-01,4.349240484054536782e-03,1.932767681066040311e+01,1.837392876415668397e+01,1.902623026885003910e+01,1.947930353278199789e+01,-5.794771498059221246e-03,-2.001016121192404629e-02,-1.438110922141505339e-03,2.508023277691264763e-01,-1.235036197746627540e+00,1.899645816802020093e+01,1.867200976686421399e+01,1.900000000000000000e+01,-7.588459578767207114e-01,1.717193560650437156e+00,0.000000000000000000e+00,-2.710386618976250439e-01,1.900000000000000000e+01,1.881711525644056238e+01,1.886269031670632756e+01,-3.443483923803861146e-02,-5.824875339531884744e-02,3.129295057601753222e-02,5.910035452517561211e-02,1.911146940671975969e+01
1.890556619183645637e+01,1.896914180951606710e+01,1.904021738295624289e+01,1.806050861114583128e+01,1.897963038298801308e+01,1.894873813703438614e+01,1.302004743760648009e-01,3.923334855032159334e-03,1.927537762711358127e+01,1.912103556087235035e+01,1.933812696713129498e+01,2.241938456394439783e+00,1.866999376504290353e+01,1.422548875544516755e-01,-1.396009255462015222e-02,2.014900188346822607e-01,1.651244330969445784e+01,1.929573993041084989e+01,1.897637389542828501e+01,1.901061205033969870e+01,1.880420696243592005e+01,-5.077233100496270080e-02,7.723104848815176560e-01,1.183608535952265436e-02,0.000000000000000000e+00,-9.240609935136287478e-02,1.900000000000000000e+01,1.909850784947191826e+01,1.907741018369036112e+01,1.839720233858490417e+01,-1.676853137847366337e+00,-2.087098650786893828e-01,-4.681723191579809651e-01,4.440048720256273979e-02,-4.344550031780380905e-02,-3.243077012619668853e+00,1.900000000000000000e+01,1.833948371366252417e+01,1.888292048940643753e+01,1.869238529381016889e+01,1.898741284144045238e+01,3.411878890898230599e-01,3.133420747361759760e-03,-7.440538183623219837e-01,-6.906051607006989668e-02,1.923048813741437824e-01,-9.195670927941691775e-03,-2.067316480687438229e+01,1.917838454291026906e+01,1.902374913352938535e+01,1.886687443163242506e+01,1.856633627830097311e+01,-7.554679339970653273e-02,-2.015057625786680628e-01,-1.178219364219316306e-02,-1.009627933796711056e-02,5.849749032204242319e-03,3.915630072709093690e-01,1.849224579885103381e+01,1.872780613190502308e+01,1.984116691877528638e+01,1.925237776073259965e+01,7.424331126199507080e-01,-2.386234864088535024e-01,-2.689208175544740426e-03,-2.570549430145826486e-01,4.349240484054536782e-03,1.932767681066040311e+01,1.837392876415668397e+01,1.902623026885003910e+01,1.947930353278199789e+01,-5.794771498059221246e-03,-2.001016121192404629e-02,-1.438110922141505339e-03,2.508023277691264763e-01,-1.235036197746627540e+00,1.899645816802020093e+01,1.867200976686421399e+01,1.900000000000000000e+01,-7.588459578767207114e-01,1.717193560650437156e+00,0.000000000000000000e+00,-2.710386618976250439e-01,1.900000000000000000e+01,1.881711525644056238e+01,1.886269031670632756e+01,-3.443483923803861146e-02,-5.824875339531884744e-02,3.129295057601753222e-02,5.910035452517561211e-02,1.911146940671975969e+01
1.890556619183645637e+01,1.932358577623212526e+01,1.904021738295624289e+01,1.806050861114583128e+01,1.897963038298801308e+01,1.894873813703438614e+01,1.302004743760648009e-01,3.923334855032159334e-03,1.927537762711358127e+01,1.912103556087235035e+01,1.933812696713129498e+01,2.241938456394439783e+00,1.866999376504290353e+01,1.422548875544516755e-01,-1.396009255462015222e-02,2.014900188346822607e-01,1.651244330969445784e+01,1.929573993041084989e+01,1.897637389542828501e+01,1.893518662044079903e+01,1.880420696243592005e+01,-5.077233100496270080e-02,7.723104848815176560e-01,3.261110455460130009e-01,0.000000000000000000e+00,-9.240609935136287478e-02,1.900000000000000000e+01,1.909850784947191826e+01,1.907741018369036112e+01,1.839720233858490417e+01,-1.676853137847366337e+00,-2.087098650786893828e-01,-4.681723191579809651e-01,4.440048720256273979e-02,-4.344550031780380905e-02,-3.243077012619668853e+00,1.900000000000000000e+01,1.833948371366252417e+01,1.888292048940643753e+01,1.869238529381016889e+01,1.898741284144045238e+01,3.411878890898230599e-01,3.133420747361759760e-03,-7.440538183623219837e-01,-6.906051607006989668e-02,1.923048813741437824e-01,-9.195670927941691775e-03,-2.080664849386404924e+01,1.917838454291026906e+01,1.902374913352938535e+01,1.886687443163242506e+01,1.856633627830097311e+01,-7.554679339970653273e-02,-2.015057625786680628e-01,-1.178219364219316306e-02,-1.009627933796711056e-02,5.849749032204242319e-03,3.915630072709093690e-01,1.849224579885103381e+01,1.872780613190502308e+01,1.984116691877528638e+01,1.925237776073259965e+01,7.424331126199507080e-01,-2.386234864088535024e-01,-5.420880393844049738e-01,-2.570549430145826486e-01,4.349240484054536782e-03,1.932767681066040311e+01,1.837392876415668397e+01,1.871933086617251973e+01,1.947930353278199789e+01,-9.104268401473900596e+00,-2.001016121192404629e-02,-1.438110922141505339e-03,2.508023277691264763e-01,-1.235036197746627540e+00,1.899645816802020093e+01,1.867200976686421399e+01,1.900000000000000000e+01,-7.588459578767207114e-01,1.717193560650437156e+00,0.000000000000000000e+00,-2.710386618976250439e-01,1.900000000000000000e+01,1.881711525644056238e+01,1.886269031670632756e+01,-3.443483923803861146e-02,-7.593985073528909668e-03,3.129295057601753222e-02,5.910035452517561211e-02,1.915584361158109061e+01
1.890556619183645637e+01,1.932358577623212526e+01,1.917859092706045487e+01,1.806050861114583128e+01,1.897963038298801308e+01,1.894873813703438614e+01,1.302004743760648009e-01,3.923334855032159334e-03,1.927537762711358127e+01,1.923708090936747794e+01,1.933812696713129498e+01,2.241938456394439783e+00,1.866999376504290353e+01,1.422548875544516755e-01,-1.396009255462015222e-02,2.014900188346822607e-01,1.651244330969445784e+01,1.929573993041084989e+01,1.897637389542828501e+01,1.893518662044079903e+01,1.880420696243592005e+01,-5.077233100496270080e-02,7.723104848815176560e-01,3.261110455460130009e-01,0.000000000000000000e+00,-9.240609935136287478e-02,2.148237354546270339e+01,1.909850784947191826e+01,1.907741018369036112e+01,1.839720233858490417e+01,-1.676853137847366337e+00,-2.087098650786893828e-01,-4.681723191579809651e-01,4.440048720256273979e-02,4.984763024596121639e+00,-3.243077012619668853e+00,1.900000000000000000e+01,1.833948371366252417e+01,1.888292048940643753e+01,1.869238529381016889e+01,1.898741284144045238e+01,3.411878890898230599e-01,3.133420747361759760e-03,-7.440538183623219837e-01,-6.906051607006989668e-02,1.923048813741437824e-01,-9.195670927941691775e-03,-2.080664849386404924e+01,1.917838454291026906e+01,1.902374913352938535e+01,1.886687443163242506e+01,1.856633627830097311e+01,7.610348290587640174e-03,-2.015057625786680628e-01,-1.178219364219316306e-02,-1.009627933796711056e-02,5.849749032204242319e-03,3.915630072709093690e-01,1.849224579885103381e+01,1.872780613190502308e+01,1.984116691877528638e+01,1.925237776073259965e+01,7.424331126199507080e-01,-1.602770707398150363e-01,-5.420880393844049738e-01,-2.570549430145826486e-01,4.349240484054536782e-03,1.932767681066040311e+01,1.837392876415668397e+01,1.871933086617251973e+01,1.947930353278199789e+01,-9.104268401473900596e+00,-2.001016121192404629e-02,-1.438110922141505339e-03,2.508023277691264763e-01,-1.172733116907096695e+00,1.899645816802020093e+01,1.867200976686421399e+01,1.900000000000000000e+01,-7.588459578767207114e-01,1.717193560650437156e+00,8.009843795446545955e-02,-2.710386618976250439e-01,1.940589280096037683e+01,1.881711525644056238e+01,1.886269031670632756e+01,-3.443483923803861146e-02,-7.593985073528909668e-03,3.129295057601753222e-02,5.910035452517561211e-02,1.915584361158109061e+01
1.890556619183645637e+01,1.932358577623212526e+01,1.917859092706045487e+01,1.806050861114583128e+01,1.897963038298801308e+01,1.894873813703438614e+01,1.302004743760648009e-01,3.923334855032159334e-03,1.950485304366616290e+01,1.923708090936747794e+01,1.933812696713129498e+01,2.241938456394439783e+00,1.866999376504290353e+01,1.422548875544516755e-01,8.868457162088173584e-01,2.014900188346822607e-01,1.651244330969445784e+01,1.929573993041084989e+01,1.897637389542828501e+01,1.893518662044079903e+01,1.880420696243592005e+01,-5.077233100496270080e-02,7.723104848815176560e-01,3.261110455460130009e-01,0.000000000000000000e+00,-9.240609935136287478e-02,2.148237354546270339e+01,1.928772927812505955e+01,1.848073910976135892e+01,1.839720233858490417e+01,-1.676853137847366337e+00,-2.087098650786893828e-01,-4.681723191579809651e-01,4.440048720256273979e-02,4.984763024596121639e+00,-3.243077012619668853e+00,1.900000000000000000e+01,1.833948371366252417e+01,1.888292048940643753e+01,1.869238529381016889e+01,1.898741284144045238e+01,3.411878890898230599e-01,3.133420747361759760e-03,-7.440538183623219837e-01,-6.906051607006989668e-02,1.923048813741437824e-01,-9.195670927941691775e-03,-2.080664849386404924e+01,1.917838454291026906e+01,1.902374913352938535e+01,1.886687443163242506e+01,1.856633627830097311e+01,7.610348290587640174e-03,-2.015057625786680628e-01,-1.178219364219316306e-02,1.757237143081195330e-01,5.849749032204242319e-03,3.915630072709093690e-01,1.849224579885103381e+01,1.872780613190502308e+01,1.984116691877528638e+01,1.925237776073259965e+01,7.424331126199507080e-01,-1.602770707398150363e-01,-5.420880393844049738e-01,-2.570549430145826486e-01,4.349240484054536782e-03,1.960547212534972417e+01,1.803664155569423500e+01,1.871933086617251973e+01,1.947930353278199789e+01,-9.104268401473900596e+00,-2.001016121192404629e-02,-1.438110922141505339e-03,2.508023277691264763e-01,-1.172733116907096695e+00,1.899645816802020093e+01,1.867200976686421399e+01,1.900000000000000000e+01,-7.588459578767207114e-01,1.717193560650437156e+00,8.009843795446545955e-02,-2.710386618976250439e-01,1.940589280096037683e+01,1.881711525644056238e+01,1.886269031670632756e+01,-2.767771451020726303e-01,-7.593985073528909668e-03,-3.427975484273095286e-01,5.910035452517561211e-02,1.915584361158109061e+01
1.890556619183645637e+01,1.932358577623212526e+01,1.917859092706045487e+01,1.806050861114583128e+01,1.903913656083993899e+01,1.894873813703438614e+01,1.302004743760648009e-01,3.923334855032159334e-03,1.950485304366616290e+01,1.923708090936747794e+01,1.933812696713129498e+01,2.241938456394439783e+00,1.866999376504290353e+01,1.422548875544516755e-01,8.868457162088173584e-01,2.014900188346822607e-01,1.651244330969445784e+01,1.929573993041084989e+01,1.897637389542828501e+01,1.893518662044079903e+01,1.880420696243592005e+01,-3.224751170247555088e+00,7.723104848815176560e-01,3.261110455460130009e-01,0.000000000000000000e+00,-9.240609935136287478e-02,2.148237354546270339e+01,1.928772927812505955e+01,1.848073910976135892e+01,1.839720233858490417e+01,-1.676853137847366337e+00,-2.948136199718028871e-01,-4.681723191579809651e-01,4.440048720256273979e-02,4.984763024596121639e+00,-3.243077012619668853e+00,1.900000000000000000e+01,1.833948371366252417e+01,1.888292048940643753e+01,1.869238529381016889e+01,1.902197569691517032e+01,3.411878890898230599e-01,3.133420747361759760e-03,-7.440538183623219837e-01,-6.906051607006989668e-02,1.923048813741437824e-01,-9.195670927941691775e-03,-2.080664849386404924e+01,1.917838454291026906e+01,1.902374913352938535e+01,1.906878539745160950e+01,1.856633627830097311e+01,7.610348290587640174e-03,-2.015057625786680628e-01,1.926399624765982033e-01,1.757237143081195330e-01,5.849749032204242319e-03,3.915630072709093690e-01,1.849224579885103381e+01,1.872780613190502308e+01,1.984116691877528638e+01,1.925237776073259965e+01,7.424331126199507080e-01,-1.602770707398150363e-01,-5.420880393844049738e-01,-2.570549430145826486e-01,2.209142796805048728e-02,1.960547212534972417e+01,1.803664155569423500e+01,1.871933086617251973e+01,1.947930353278199789e+01,-9.104268401473900596e+00,-2.001016121192404629e-02,-1.438110922141505339e-03,2.508023277691264763e-01,-1.172733116907096695e+00,1.896597680861412627e+01,1.867200976686421399e+01,1.900000000000000000e+01,-7.588459578767207114e-01,1.717193560650437156e+00,8.009843795446545955e-02,-2.710386618976250439e-01,1.940589280096037683e+01,1.884844296277203668e+01,1.886269031670632756e+01,-2.767771451020726303e-01,-7.593985073528909668e-03,-3.427975484273095286e-01,5.910035452517561211e-02,1.915584361158109061e+01
1.890556619183645637e+01,1.932358577623212526e+01,1.917859092706045487e+01,1.806050861114583128e+01,1.903913656083993899e+01,1.894873813703438614e+01,1.302004743760648009e-01,1.568257270414262217e-01,1.950485304366616290e+01,1.923708090936747794e+01,1.933812696713129498e+01,2.241938456394439783e+00,1.866999376504290353e+01,1.422548875544516755e-01,8.868457162088173584e-01,2.014900188346822607e-01,1.651244330969445784e+01,1.929573993041084989e+01,1.897637389542828501e+01,1.893518662044079903e+01,1.880420696243592005e+01,-3.224751170247555088e+00,7.723104848815176560e-01,3.261110455460130009e-01,-6.141841075433801533e-01,-9.240609935136287478e-02,2.148237354546270339e+01,1.928772927812505955e+01,1.848073910976135892e+01,1.839720233858490417e+01,-1.676853137847366337e+00,-2.948136199718028871e-01,-4.681723191579809651e-01,4.440048720256273979e-02,4.984763024596121639e+00,-3.243077012619668853e+00,1.978361577151854789e+01,1.833948371366252417e+01,1.888292048940643753e+01,1.869238529381016889e+01,1.902197569691517032e+01,3.411878890898230599e-01,-8.457147885757235750e-01,-7.440538183623219837e-01,-6.906051607006989668e-02,1.752017691946598177e+00,-1.334984985168709837e-01,-2.080664849386404924e+01,1.917838454291026906e+01,1.902374913352938535e+01,1.906878539745160950e+01,1.856633627830097311e+01,7.610348290587640174e-03,-2.015057625786680628e-01,1.926399624765982033e-01,1.757237143081195330e-01,-2.267216986913644372e-01,3.915630072709093690e-01,1.849224579885103381e+01,1.872780613190502308e+01,1.984116691877528638e+01,1.925237776073259965e+01,7.424331126199507080e-01,-1.602770707398150363e-01,-5.420880393844049738e-01,-2.570549430145826486e-01,2.209142796805048728e-02,1.960547212534972417e+01,1.803664155569423500e+01,1.871933086617251973e+01,1.947930353278199789e+01,-9.104268401473900596e+00,1.058350770179273592e+00,-2.167817674957167040e-01,2.508023277691264763e-01,-1.172733116907096695e+00,1.896597680861412627e+01,1.867200976686421399e+01,1.930100503523743427e+01,-7.588459578767207114e-01,1.717193560650437156e+00,8.009843795446545955e-02,-2.710386618976250439e-01,1.940589280096037683e+01,1.884844296277203668e+01,1.886269031670632756e+01,-2.767771451020726303e-01,-7.593985073528909668e-03,-3.427975484273095286e-01,5.910035452517561211e-02,1.915584361158109061e+01
1.890556619183645637e+01,1.932358577623212526e+01,1.917859092706045487e+01,1.806050861114583128e+01,1.903913656083993899e+01,1.894873813703438614e+01,-4.105119155628250693e-02,1.568257270414262217e-01,1.950485304366616290e+01,1.923708090936747794e+01,1.933812696713129498e+01,2.241938456394439783e+00,1.866999376504290353e+01,1.422548875544516755e-01,9.998381474789248546e-01,2.014900188346822607e-01,1.651244330969445784e+01,1.929573993041084989e+01,1.897637389542828501e+01,1.893518662044079903e+01,1.880420696243592005e+01,-3.363093537392937371e+00,7.723104848815176560e-01,3.261110455460130009e-01,-6.141841075433801533e-01,-9.240609935136287478e-02,2.148237354546270339e+01,1.928772927812505955e+01,1.848073910976135892e+01,1.832240476150424158e+01,-1.676853137847366337e+00,-2.948136199718028871e-01,-4.681723191579809651e-01,4.440048720256273979e-02,4.984763024596121639e+00,-3.243077012619668853e+00,1.978361577151854789e+01,1.833948371366252417e+01,1.888292048940643753e+01,1.869238529381016889e+01,1.911866010770565083e+01,3.411878890898230599e-01,-8.457147885757235750e-01,-8.314644370381767402e-01,-6.906051607006989668e-02,1.855753583152824460e+00,-1.334984985168709837e-01,-2.080664849386404924e+01,1.917838454291026906e+01,1.673317223010725030e+01,1.906878539745160950e+01,1.856633627830097311e+01,7.610348290587640174e-03,-2.015057625786680628e-01,1.926399624765982033e-01,1.757237143081195330e-01,-2.267216986913644372e-01,3.915630072709093690e-01,1.849224579885103381e+01,1.872780613190502308e+01,1.984116691877528638e+01,1.925237776073259965e+01,7.424331126199507080e-01,-1.602770707398150363e-01,-5.420880393844049738e-01,-2.570549430145826486e-01,2.209142796805048728e-02,1.960547212534972417e+01,1.803664155569423500e+01,1.871933086617251973e+01,1.947930353278199789e+01,-9.104268401473900596e+00,1.058350770179273592e+00,-2.167817674957167040e-01,2.508023277691264763e-01,-1.172733116907096695e+00,1.908746300725249156e+01,1.867200976686421399e+01,1.930100503523743427e+01,-7.588459578767207114e-01,1.717193560650437156e+00,8.009843795446545955e-02,-2.710386618976250439e-01,1.940589280096037683e+01,1.884844296277203668e+01,1.886269031670632756e+01,-2.767771451020726303e-01,-7.593985073528909668e-03,-3.427975484273095286e-01,5.910035452517561211e-02,1.915584361158109061e+01
1.878301889014858972e+01,1.932358577623212526e+01,1.917859092706045487e+01,1.806050861114583128e+01,1.903913656083993899e+01,1.894873813703438614e+01,-4.105119155628250693e-02,1.568257270414262217e-01,1.952851085885492921e+01,1.923708090936747794e+01,1.933812696713129498e+01,2.241938456394439783e+00,1.866999376504290353e+01,1.422548875544516755e-01,9.998381474789248546e-01,2.014900188346822607e-01,1.651244330969445784e+01,1.929573993041084989e+01,1.897637389542828501e+01,1.893518662044079903e+01,1.880420696243592005e+01,-3.363093537392937371e+00,7.723104848815176560e-01,3.261110455460130009e-01,-6.141841075433801533e-01,-9.240609935136287478e-02,2.148237354546270339e+01,1.929865605345417379e+01,1.848073910976135892e+01,1.832240476150424158e+01,-1.676853137847366337e+00,-2.948136199718028871e-01,-4.681723191579809651e-01,4.440048720256273979e-02,4.984763024596121639e+00,-3.243077012619668853e+00,1.978361577151854789e+01,1.809806527213168792e+01,1.890360557252508755e+01,1.869238529381016889e+01,1.911866010770565083e+01,3.411878890898230599e-01,-6.979654049622422418e-01,-8.314644370381767402e-01,-6.906051607006989668e-02,1.855753583152824460e+00,-1.334984985168709837e-01,-2.080664849386404924e+01,1.917838454291026906e+01,1.673317223010725030e+01,1.906878539745160950e+01,1.856633627830097311e+01,7.610348290587640174e-03,-2.015057625786680628e-01,1.926399624765982033e-01,1.757237143081195330e-01,-2.267216986913644372e-01,3.915630072709093690e-01,1.849224579885103381e+01,1.870541957758774743e+01,1.984116691877528638e+01,1.925237776073259965e+01,7.424331126199507080e-01,-1.602770707398150363e-01,-5.420880393844049738e-01,-2.570549430145826486e-01,2.209142796805048728e-02,1.960547212534972417e+01,1.803664155569423500e+01,1.871933086617251973e+01,1.947930353278199789e+01,-9.104268401473900596e+00,1.058350770179273592e+00,-2.167817674957167040e-01,2.508023277691264763e-01,-1.172733116907096695e+00,1.908746300725249156e+01,1.867200976686421399e+01,1.930100503523743427e+01,-7.588459578767207114e-01,1.717193560650437156e+00,8.009843795446545955e-02,-2.612247590802204145e-01,1.940589280096037683e+01,1.884844296277203668e+01,1.885487940192743395e+01,-2.767771451020726303e-01,-7.593985073528909668e-03,-3.427975484273095286e-01,5.910035452517561211e-02,1.915584361158109061e+01
1.878301889014858972e+01,1.932358577623212526e+01,1.917859092706045487e+01,1.806050861114583128e+01,1.903913656083993899e+01,1.894873813703438614e+01,-4.105119155628250693e-02,1.568257270414262217e-01,1.952851085885492921e+01,1.923708090936747794e+01,1.933812696713129498e+01,2.241938456394439783e+00,1.866999376504290353e+01,1.422548875544516755e-01,9.998381474789248546e-01,1.994457918314045952e-01,1.651244330969445784e+01,1.925691434207861263e+01,1.897637389542828501e+01,1.893518662044079903e+01,1.880420696243592005e+01,-3.363093537392937371e+00,7.752476325304649141e-01,3.261110455460130009e-01,-6.141841075433801533e-01,-9.240609935136287478e-02,2.148237354546270339e+01,1.929865605345417379e+01,1.848073910976135892e+01,1.832240476150424158e+01,-1.676853137847366337e+00,-2.948136199718028871e-01,-4.681723191579809651e-01,4.559974306899460678e-02,4.984763024596121639e+00,-3.237209549440684508e+00,1.978361577151854789e+01,1.809806527213168792e+01,1.890360557252508755e+01,1.869238529381016889e+01,1.911866010770565083e+01,3.411878890898230599e-01,-6.979654049622422418e-01,-8.314644370381767402e-01,-6.906051607006989668e-02,1.855753583152824460e+00,-1.334984985168709837e-01,-2.080664849386404924e+01,1.917838454291026906e+01,1.673317223010725030e+01,1.906878539745160950e+01,1.856303617491268554e+01,7.610348290587640174e-03,-2.015057625786680628e-01,1.926399624765982033e-01,1.757237143081195330e-01,-2.267216986913644372e-01,3.915630072709093690e-01,1.849224579885103381e+01,1.870541957758774743e+01,1.984116691877528638e+01,1.925237776073259965e+01,7.440670684079504493e-01,-1.602770707398150363e-01,-5.420880393844049738e-01,-2.570549430145826486e-01,2.209142796805048728e-02,1.960547212534972417e+01,1.805521272018174628e+01,1.871933086617251973e+01,1.947636414713697306e+01,-9.104268401473900596e+00,1.058350770179273592e+00,-2.167817674957167040e-01,2.508023277691264763e-01,-1.172733116907096695e+00,1.908746300725249156e+01,1.867200976686421399e+01,1.930100503523743427e+01,-7.588459578767207114e-01,1.717193560650437156e+00,8.009843795446545955e-02,-2.612247590802204145e-01,1.940589280096037683e+01,1.884844296277203668e+01,1.885487940192743395e+01,-2.767771451020726303e-01,-7.593985073528909668e-03,-3.427975484273095286e-01,5.910035452517561211e-02,1.915584361158109061e+01
1.878301889014858972e+01,1.932358577623212526e+01,1.917859092706045487e+01,1.806050861114583128e+01,1.903913656083993899e+01,1.894873813703438614e+01,-4.105119155628250693e-02,1.568257270414262217e-01,1.952851085885492921e+01,1.923708090936747794e+01,1.933812696713129498e+01,2.241938456394439783e+00,1.884215108318112541e+01,1.057182723644138900e-01,9.998381474789248546e-01,1.994457918314045952e-01,1.651244330969445784e+01,1.925691434207861263e+01,1.897637389542828501e+01,1.893518662044079903e+01,1.880420696243592005e+01,-3.363093537392937371e+00,7.752476325304649141e-01,3.261110455460130009e-01,-6.141841075433801533e-01,-9.240609935136287478e-02,2.148237354546270339e+01,1.929865605345417379e+01,1.848073910976135892e+01,1.832240476150424158e+01,-1.676853137847366337e+00,-2.948136199718028871e-01,-4.681723191579809651e-01,4.559974306899460678e-02,4.984763024596121639e+00,-3.237209549440684508e+00,1.978361577151854789e+01,1.809806527213168792e+01,1.890360557252508755e+01,1.764741217846361820e+01,1.911866010770565083e+01,3.411878890898230599e-01,-6.979654049622422418e-01,-8.314644370381767402e-01,-6.906051607006989668e-02,1.855753583152824460e+00,-1.334984985168709837e-01,-2.080664849386404924e+01,1.917838454291026906e+01,1.673317223010725030e+01,1.906878539745160950e+01,1.856303617491268554e+01,3.616019273334893092e-02,-2.015057625786680628e-01,1.926399624765982033e-01,1.757237143081195330e-01,-2.267216986913644372e-01,3.915630072709093690e-01,1.849224579885103381e+01,1.870541957758774743e+01,1.984116691877528638e+01,1.925237776073259965e+01,7.440670684079504493e-01,-1.602770707398150363e-01,-5.420880393844049738e-01,-2.570549430145826486e-01,-4.793025289925981897e-03,1.960547212534972417e+01,1.805521272018174628e+01,1.871933086617251973e+01,1.947636414713697306e+01,-9.104268401473900596e+00,1.300813503181347919e+00,-2.167817674957167040e-01,2.508023277691264763e-01,-1.172733116907096695e+00,1.908746300725249156e+01,1.867200976686421399e+01,1.930100503523743427e+01,-7.588459578767207114e-01,1.717193560650437156e+00,8.009843795446545955e-02,-2.612247590802204145e-01,1.927006901044236997e+01,1.884844296277203668e+01,1.885487940192743395e+01,-2.767771451020726303e-01,-7.593985073528909668e-03,-3.662046635266051342e-01,3.736718506017212837e-02,1.915584361158109061e+01
1.878301889014858972e+01,1.932358577623212526e+01,1.917859092706045487e+01,1.806050861114583128e+01,1.903913656083993899e+01,1.914056424064637341e+01,-4.105119155628250693e-02,2.152320540334025367e-01,1.952851085885492921e+01,1.923708090936747794e+01,1.933812696713129498e+01,2.241938456394439783e+00,1.884215108318112541e+01,1.057182723644138900e-01,9.998381474789248546e-01,1.994457918314045952e-01,1.642560700380239425e+01,1.925691434207861263e+01,1.897637389542828501e+01,1.893518662044079903e+01,1.880420696243592005e+01,-3.363093537392937371e+00,7.752476325304649141e-01,3.261110455460130009e-01,-6.141841075433801533e-01,-9.240609935136287478e-02,2.148237354546270339e+01,1.929865605345417379e+01,1.848073910976135892e+01,1.832240476150424158e+01,-1.275391707185279389e+00,-2.948136199718028871e-01,-4.681723191579809651e-01,4.559974306899460678e-02,4.984763024596121639e+00,-3.237209549440684508e+00,1.978361577151854789e+01,1.809806527213168792e+01,1.890360557252508755e+01,1.764741217846361820e+01,1.911866010770565083e+01,3.411878890898230599e-01,-6.979654049622422418e-01,-8.314644370381767402e-01,-6.906051607006989668e-02,1.855753583152824460e+00,-1.334984985168709837e-01,-2.080664849386404924e+01,1.917838454291026906e+01,1.673317223010725030e+01,1.906878539745160950e+01,1.856303617491268554e+01,3.616019273334893092e-02,-1.012439793190031551e-01,1.926399624765982033e-01,1.757237143081195330e-01,-2.267216986913644372e-01,3.915630072709093690e-01,1.842753274236317651e+01,1.870541957758774743e+01,1.984116691877528638e+01,1.925237776073259965e+01,7.440670684079504493e-01,-1.602770707398150363e-01,-5.420880393844049738e-01,-2.570549430145826486e-01,-4.793025289925981897e-03,1.960547212534972417e+01,1.805521272018174628e+01,1.871933086617251973e+01,1.947636414713697306e+01,-9.104268401473900596e+00,1.300813503181347919e+00,-2.167817674957167040e-01,2.175645317278452340e-01,-1.366138304426017358e+00,1.908746300725249156e+01,1.867200976686421399e+01,1.930100503523743427e+01,-7.588459578767207114e-01,1.868574206686761219e+00,8.009843795446545955e-02,-2.612247590802204145e-01,1.927006901044236997e+01,1.884844296277203668e+01,1.885487940192743395e+01,-2.767771451020726303e-01,-7.593985073528909668e-03,-3.662046635266051342e-01,3.736718506017212837e-02,1.915584361158109061e+01
1.878301889014858972e+01,1.932358577623212526e+01,1.917859092706045487e+01,1.806050861114583128e+01,1.905845166658763645e+01,1.914056424064637341e+01,-4.105119155628250693e-02,2.152320540334025367e-01,1.952851085885492921e+01,1.923708090936747794e+01,1.933812696713129498e+01,2.241938456394439783e+00,1.884215108318112541e+01,1.057182723644138900e-01,9.998381474789248546e-01,1.994457918314045952e-01,1.642560700380239425e+01,1.925691434207861263e+01,1.897637389542828501e+01,1.893518662044079903e+01,1.880420696243592005e+01,-3.363093537392937371e+00,7.752476325304649141e-01,2.918360004296242649e-01,-6.285099297965639487e-01,-9.240609935136287478e-02,2.147429172196179437e+01,1.929865605345417379e+01,1.848073910976135892e+01,1.832240476150424158e+01,-1.275391707185279389e+00,-2.948136199718028871e-01,-4.681723191579809651e-01,4.559974306899460678e-02,4.984763024596121639e+00,-3.237209549440684508e+00,1.978361577151854789e+01,1.809806527213168792e+01,1.890360557252508755e+01,1.764741217846361820e+01,1.911866010770565083e+01,3.411878890898230599e-01,-6.979654049622422418e-01,-8.314644370381767402e-01,-6.906051607006989668e-02,1.855753583152824460e+00,-1.334984985168709837e-01,-2.081297423402658708e+01,1.917838454291026906e+01,1.673317223010725030e+01,1.906878539745160950e+01,1.856303617491268554e+01,3.616019273334893092e-02,-1.012439793190031551e-01,1.926399624765982033e-01,2.112156103092729664e-01,-2.267216986913644372e-01,4.011515057188445588e-01,1.842753274236317651e+01,1.870541957758774743e+01,1.984116691877528638e+01,1.925237776073259965e+01,7.440670684079504493e-01,-1.602770707398150363e-01,-5.420880393844049738e-01,-2.570549430145826486e-01,-4.793025289925981897e-03,1.960547212534972417e+01,1.805521272018174628e+01,1.871933086617251973e+01,1.947636414713697306e+01,-1.000237507715500840e+01,1.300813503181347919e+00,-2.167817674957167040e-01,2.175645317278452340e-01,-1.366138304426017358e+00,1.908746300725249156e+01,1.867200976686421399e+01,1.930100503523743427e+01,-7.588459578767207114e-01,1.868574206686761219e+00,6.764147571647308177e-02,-2.612247590802204145e-01,1.927006901044236997e+01,1.884844296277203668e+01,1.885487940192743395e+01,-2.767771451020726303e-01,-7.593985073528909668e-03,-3.662046635266051342e-01,3.736718506017212837e-02,1.915584361158109061e+01
1.878301889014858972e+01,1.932358577623212526e+01,1.917062366245616190e+01,1.806050861114583128e+01,1.905845166658763645e+01,1.914056424064637341e+01,-4.105119155628250693e-02,2.152320540334025367e-01,1.952851085885492921e+01,1.923708090936747794e+01,1.933812696713129498e+01,2.241938456394439783e+00,1.884215108318112541e+01,1.057182723644138900e-01,9.998381474789248546e-01,1.994457918314045952e-01,1.642560700380239425e+01,1.925691434207861263e+01,1.897637389542828501e+01,1.893518662044079903e+01,1.880420696243592005e+01,-3.363093537392937371e+00,7.752476325304649141e-01,2.918360004296242649e-01,-6.285099297965639487e-01,-9.240609935136287478e-02,2.147429172196179437e+01,1.929865605345417379e+01,1.848073910976135892e+01,1.832240476150424158e+01,-1.275391707185279389e+00,-2.948136199718028871e-01,-4.681723191579809651e-01,4.559974306899460678e-02,4.984763024596121639e+00,-3.237209549440684508e+00,1.978361577151854789e+01,1.809806527213168792e+01,1.890360557252508755e+01,1.764741217846361820e+01,1.911866010770565083e+01,3.411878890898230599e-01,-6.979654049622422418e-01,-8.314644370381767402e-01,-6.906051607006989668e-02,1.855753583152824460e+00,-1.334984985168709837e-01,-2.081297423402658708e+01,1.917838454291026906e+01,1.673317223010725030e+01,1.906878539745160950e+01,1.856303617491268554e+01,3.616019273334893092e-02,-1.012439793190031551e-01,1.926399624765982033e-01,2.112156103092729664e-01,-2.343428869607277198e-01,4.011515057188445588e-01,1.842753274236317651e+01,1.870541957758774743e+01,1.984116691877528638e+01,1.925237776073259965e+01,7.440670684079504493e-01,-1.602770707398150363e-01,-5.140248177893358417e-01,-2.731015548503178958e-01,-4.793025289925981897e-03,1.970672665656320532e+01,1.805521272018174628e+01,1.869298678209665709e+01,1.947636414713697306e+01,-1.000237507715500840e+01,1.300813503181347919e+00,-2.038020674081067463e-01,2.175645317278452340e-01,-1.366138304426017358e+00,1.908746300725249156e+01,1.868354834952597443e+01,1.931820966421540575e+01,-7.588459578767207114e-01,1.868574206686761219e+00,6.764147571647308177e-02,-2.612247590802204145e-01,1.927006901044236997e+01,1.884844296277203668e+01,1.885487940192743395e+01,-2.767771451020726303e-01,-7.593985073528909668e-03,-3.662046635266051342e-01,3.736718506017212837e-02,1.915584361158109061e+01
1.878301889014858972e+01,1.932358577623212526e+01,1.917062366245616190e+01,1.806050861114583128e+01,1.905845166658763645e+01,1.914056424064637341e+01,-4.105119155628250693e-02,2.152320540334025367e-01,1.952851085885492921e+01,1.923708090936747794e+01,1.933812696713129498e+01,2.234045198004295241e+00,1.884215108318112541e+01,1.057182723644138900e-01,9.998381474789248546e-01,1.994457918314045952e-01,1.642560700380239425e+01,1.925691434207861263e+01,1.897637389542828501e+01,1.893518662044079903e+01,1.886466605325952628e+01,-3.363093537392937371e+00,7.752476325304649141e-01,2.918360004296242649e-01,-6.285099297965639487e-01,-9.240609935136287478e-02,2.147429172196179437e+01,1.929865605345417379e+01,1.848073910976135892e+01,1.832240476150424158e+01,-1.275391707185279389e+00,-3.000926569949808886e-01,-4.745167140619482304e-01,4.559974306899460678e-02,4.984763024596121639e+00,-3.237209549440684508e+00,1.978361577151854789e+01,1.809806527213168792e+01,1.890360557252508755e+01,1.764741217846361820e+01,1.911866010770565083e+01,3.306622882986298140e-01,-6.979654049622422418e-01,-8.314644370381767402e-01,-6.906051607006989668e-02,1.855753583152824460e+00,-1.245512470225967061e-01,-2.081297423402658708e+01,1.917838454291026906e+01,1.673317223010725030e+01,1.905650743172896000e+01,1.856303617491268554e+01,3.616019273334893092e-02,-1.012439793190031551e-01,1.926399624765982033e-01,2.112156103092729664e-01,-2.343428869607277198e-01,4.011515057188445588e-01,1.842753274236317651e+01,1.870541957758774743e+01,1.984116691877528638e+01,1.925237776073259965e+01,7.440670684079504493e-01,-1.602770707398150363e-01,-5.140248177893358417e-01,-2.731015548503178958e-01,-4.793025289925981897e-03,1.970672665656320532e+01,1.805521272018174628e+01,1.869298678209665709e+01,1.947636414713697306e+01,-1.000237507715500840e+01,1.300813503181347919e+00,-2.038020674081067463e-01,2.175645317278452340e-01,-1.366138304426017358e+00,1.908746300725249156e+01,1.868354834952597443e+01,1.931820966421540575e+01,-7.588459578767207114e-01,1.868574206686761219e+00,6.764147571647308177e-02,-2.612247590802204145e-01,1.927006901044236997e+01,1.884844296277203668e+01,1.885487940192743395e+01,-2.799859839141087270e-01,-9.559130861350573216e-03,-3.662046635266051342e-01,3.736718506017212837e-02,1.915584361158109061e+01
1.878301889014858972e+01,1.932358577623212526e+01,1.917062366245616190e+01,1.806050861114583128e+01,1.905845166658763645e+01,1.914056424064637341e+01,-4.105119155628250693e-02,2.152320540334025367e-01,1.952851085885492921e+01,1.923368949736726208e+01,1.933812696713129498e+01,2.234045198004295241e+00,1.884215108318112541e+01,1.057182723644138900e-01,9.998381474789248546e-01,1.994457918314045952e-01,1.642560700380239425e+01,1.925691434207861263e+01,1.895607537144865162e+01,1.893299441910034631e+01,1.886466605325952628e+01,-3.363093537392937371e+00,7.752476325304649141e-01,2.918360004296242649e-01,-6.285099297965639487e-01,-9.749187073004630943e-02,2.147429172196179437e+01,1.929865605345417379e+01,1.848073910976135892e+01,1.832240476150424158e+01,-1.275391707185279389e+00,-3.000926569949808886e-01,-4.745167140619482304e-01,4.559974306899460678e-02,4.984763024596121639e+00,-3.237209549440684508e+00,1.978175971204672123e+01,1.809806527213168792e+01,1.890360557252508755e+01,1.764741217846361820e+01,1.911866010770565083e+01,3.306622882986298140e-01,-6.979654049622422418e-01,-8.314644370381767402e-01,-6.552480124678392026e-02,1.855753583152824460e+00,-1.245512470225967061e-01,-2.081297423402658708e+01,1.917838454291026906e+01,1.673317223010725030e+01,1.905650743172896000e+01,1.856303617491268554e+01,3.616019273334893092e-02,-1.012439793190031551e-01,1.926399624765982033e-01,2.112156103092729664e-01,-2.343428869607277198e-01,4.011515057188445588e-01,1.842753274236317651e+01,1.870541957758774743e+01,1.984116691877528638e+01,1.925237776073259965e+01,7.440670684079504493e-01,-1.528276145758117321e-01,-5.140248177893358417e-01,-2.731015548503178958e-01,-4.793025289925981897e-03,1.970672665656320532e+01,1.805521272018174628e+01,1.869298678209665709e+01,1.947636414713697306e+01,-1.000237507715500840e+01,1.300813503181347919e+00,-2.038020674081067463e-01,2.175645317278452340e-01,-1.366138304426017358e+00,1.908746300725249156e+01,1.868354834952597443e+01,1.931820966421540575e+01,-7.571958210386432464e-01,1.868574206686761219e+00,6.764147571647308177e-02,-2.612247590802204145e-01,1.927006901044236997e+01,1.884844296277203668e+01,1.885487940192743395e+01,-2.799859839141087270e-01,-9.559130861350573216e-03,-3.662046635266051342e-01,3.736718506017212837e-02,1.914043760361998281e+01
1.878301889014858972e+01,1.932141037985546461e+01,1.917062366245616190e+01,1.812332156496159641e+01,1.905845166658763645e+01,1.914056424064637341e+01,-4.105119155628250693e-02,2.152320540334025367e-01,1.952851085885492921e+01,1.923368949736726208e+01,1.933745889120068995e+01,2.234045198004295241e+00,1.884215108318112541e+01,1.057182723644138900e-01,9.998381474789248546e-01,1.994457918314045952e-01,1.642560700380239425e+01,1.925691434207861263e+01,1.895607537144865162e+01,1.893299441910034631e+01,1.886466605325952628e+01,-3.363093537392937371e+00,7.752476325304649141e-01,2.918360004296242649e-01,-6.285099297965639487e-01,-9.749187073004630943e-02,2.147429172196179437e+01,1.929865605345417379e+01,1.847550180274399878e+01,1.832240476150424158e+01,-1.275391707185279389e+00,-3.000926569949808886e-01,-4.745167140619482304e-01,4.559974306899460678e-02,4.983205832899308518e+00,-3.237209549440684508e+00,1.978175971204672123e+01,1.809806527213168792e+01,1.890360557252508755e+01,1.764741217846361820e+01,1.911866010770565083e+01,3.306622882986298140e-01,-6.979654049622422418e-01,-8.314644370381767402e-01,-6.552480124678392026e-02,1.855753583152824460e+00,-1.245512470225967061e-01,-2.081297423402658708e+01,1.918566787425009323e+01,1.673317223010725030e+01,1.905650743172896000e+01,1.856303617491268554e+01,3.616019273334893092e-02,-1.012439793190031551e-01,1.904862137883819861e-01,2.112156103092729664e-01,-2.343428869607277198e-01,4.011515057188445588e-01,1.842753274236317651e+01,1.870541957758774743e+01,1.984432442678244968e+01,1.924965147385606201e+01,7.440670684079504493e-01,-1.528276145758117321e-01,-5.140248177893358417e-01,-2.731015548503178958e-01,-4.793025289925981897e-03,1.970672665656320532e+01,1.805521272018174628e+01,1.869298678209665709e+01,1.947636414713697306e+01,-1.000237507715500840e+01,1.300813503181347919e+00,-2.038020674081067463e-01,2.175645317278452340e-01,-1.366138304426017358e+00,1.908746300725249156e+01,1.868354834952597443e+01,1.931820966421540575e+01,-7.571958210386432464e-01,1.868574206686761219e+00,6.764147571647308177e-02,-2.612247590802204145e-01,1.927006901044236997e+01,1.885456473324063253e+01,1.885487940192743395e+01,-2.799859839141087270e-01,-9.559130861350573216e-03,-3.662046635266051342e-01,3.736718506017212837e-02,1.914043760361998281e+01
1.878301889014858972e+01,1.932141037985546461e+01,1.917062366245616190e+01,1.812332156496159641e+01,1.905845166658763645e+01,1.914056424064637341e+01,-4.105119155628250693e-02,2.152320540334025367e-01,1.952851085885492921e+01,1.923368949736726208e+01,1.933745889120068995e+01,2.234045198004295241e+00,1.884215108318112541e+01,1.057182723644138900e-01,9.998381474789248546e-01,1.994457918314045952e-01,1.642560700380239425e+01,1.925691434207861263e+01,1.895607537144865162e+01,1.893299441910034631e+01,1.886466605325952628e+01,-3.363093537392937371e+00,7.300052513139928534e-01,2.918360004296242649e-01,-6.285099297965639487e-01,-9.749187073004630943e-02,2.147429172196179437e+01,1.929865605345417379e+01,1.847550180274399878e+01,1.832240476150424158e+01,-1.275391707185279389e+00,-3.000926569949808886e-01,-4.745167140619482304e-01,4.559974306899460678e-02,4.990586683228021236e+00,-3.237209549440684508e+00,1.978175971204672123e+01,1.809806527213168792e+01,1.890360557252508755e+01,1.764741217846361820e+01,1.911866010770565083e+01,3.306622882986298140e-01,-6.979654049622422418e-01,-8.314644370381767402e-01,-6.552480124678392026e-02,1.918905683158824038e+00,-1.130201013670519561e-01,-2.081297423402658708e+01,1.918566787425009323e+01,1.673317223010725030e+01,1.905650743172896000e+01,1.856303617491268554e+01,3.616019273334893092e-02,-1.012439793190031551e-01,1.904862137883819861e-01,2.112156103092729664e-01,-2.343428869607277198e-01,4.011515057188445588e-01,1.842753274236317651e+01,1.870541957758774743e+01,1.984432442678244968e+01,1.924965147385606201e+01,7.440670684079504493e-01,-1.528276145758117321e-01,-5.140248177893358417e-01,-2.731015548503178958e-01,-4.793025289925981897e-03,1.970672665656320532e+01,1.805521272018174628e+01,1.868414019539432047e+01,1.947636414713697306e+01,-1.001232627460839097e+01,1.300813503181347919e+00,-2.038020674081067463e-01,2.175645317278452340e-01,-1.366138304426017358e+00,1.908746300725249156e+01,1.868354834952597443e+01,1.931820966421540575e+01,-7.571958210386432464e-01,1.868574206686761219e+00,6.764147571647308177e-02,-2.612247590802204145e-01,1.927006901044236997e+01,1.885891244917875653e+01,1.883935140662649133e+01,-2.799859839141087270e-01,-9.559130861350573216e-03,-3.662046635266051342e-01,3.736718506017212837e-02,1.913775887032000256e+01
1.878301889014858972e+01,1.932141037985546461e+01,1.917062366245616190e+01,1.812332156496159641e+01,1.905845166658763645e+01,1.914056424064637341e+01,-4.105119155628250693e-02,2.152320540334025367e-01,1.952851085885492921e+01,1.923368949736726208e+01,1.933745889120068995e+01,2.234045198004295241e+00,1.884215108318112541e+01,1.057182723644138900e-01,9.998381474789248546e-01,2.039390995272160889e-01,1.642735939072393592e+01,1.925691434207861263e+01,1.895607537144865162e+01,1.894178684519664557e+01,1.886466605325952628e+01,-3.363093537392937371e+00,7.300052513139928534e-01,2.918360004296242649e-01,-6.285099297965639487e-01,-9.749187073004630943e-02,2.147429172196179437e+01,1.930346124133214403e+01,1.847550180274399878e+01,1.832240476150424158e+01,-1.275391707185279389e+00,-3.000926569949808886e-01,-4.745167140619482304e-01,4.559974306899460678e-02,4.990586683228021236e+00,-3.237209549440684508e+00,1.978175971204672123e+01,1.809806527213168792e+01,1.890971253427082743e+01,1.764741217846361820e+01,1.911866010770565083e+01,3.306622882986298140e-01,-6.979654049622422418e-01,-8.314644370381767402e-01,-6.552480124678392026e-02,1.918905683158824038e+00,-1.130201013670519561e-01,-2.081297423402658708e+01,1.918566787425009323e+01,1.673317223010725030e+01,1.905650743172896000e+01,1.856303617491268554e+01,3.616019273334893092e-02,-1.012439793190031551e-01,1.904862137883819861e-01,2.112156103092729664e-01,-2.343428869607277198e-01,4.166070908147335716e-01,1.842753274236317651e+01,1.870427458233609030e+01,1.984432442678244968e+01,1.924965147385606201e+01,7.440670684079504493e-01,-1.528276145758117321e-01,-5.140248177893358417e-01,-2.731015548503178958e-01,-4.793025289925981897e-03,1.970672665656320532e+01,1.805521272018174628e+01,1.868414019539432047e+01,1.947636414713697306e+01,-1.001232627460839097e+01,1.300813503181347919e+00,-2.038020674081067463e-01,2.175645317278452340e-01,-1.366138304426017358e+00,1.908746300725249156e+01,1.868354834952597443e+01,1.931820966421540575e+01,-7.571958210386432464e-01,1.871521109893110824e+00,6.764147571647308177e-02,-2.986847528728427403e-01,1.927006901044236997e+01,1.885891244917875653e+01,1.883935140662649133e+01,-2.799859839141087270e-01,-9.559130861350573216e-03,-3.662046635266051342e-01,3.736718506017212837e-02,1.913775887032000256e+01
1.878301889014858972e+01,1.930530927084123505e+01,1.918229449410126009e+01,1.812332156496159641e+01,1.905845166658763645e+01,1.914056424064637341e+01,-4.105119155628250693e-02,2.115184971673545467e-01,1.952851085885492921e+01,1.923368949736726208e+01,1.933745889120068995e+01,2.234045198004295241e+00,1.884215108318112541e+01,1.057182723644138900e-01,9.998381474789248546e-01,2.039390995272160889e-01,1.642735939072393592e+01,1.925691434207861263e+01,1.895607537144865162e+01,1.894178684519664557e+01,1.886466605325952628e+01,-3.363093537392937371e+00,7.300052513139928534e-01,2.918360004296242649e-01,-6.285099297965639487e-01,-9.749187073004630943e-02,2.147429172196179437e+01,1.930346124133214403e+01,1.847550180274399878e+01,1.832240476150424158e+01,-1.275391707185279389e+00,-3.041196314806765555e-01,-4.745167140619482304e-01,4.559974306899460678e-02,4.990586683228021236e+00,-3.237209549440684508e+00,1.978175971204672123e+01,1.809806527213168792e+01,1.890971253427082743e+01,1.764741217846361820e+01,1.911866010770565083e+01,3.306622882986298140e-01,-6.979654049622422418e-01,-8.341029418933380013e-01,-6.552480124678392026e-02,1.918905683158824038e+00,-1.130201013670519561e-01,-2.081297423402658708e+01,1.938988208440414951e+01,1.673317223010725030e+01,1.905650743172896000e+01,1.856303617491268554e+01,3.616019273334893092e-02,-1.012439793190031551e-01,1.904862137883819861e-01,2.112156103092729664e-01,-2.343428869607277198e-01,4.166070908147335716e-01,1.842753274236317651e+01,1.870427458233609030e+01,1.969709454718621089e+01,1.924965147385606201e+01,7.440670684079504493e-01,-1.528276145758117321e-01,-5.140248177893358417e-01,-2.731015548503178958e-01,-4.793025289925981897e-03,1.970672665656320532e+01,1.805521272018174628e+01,1.868414019539432047e+01,1.947636414713697306e+01,-1.001232627460839097e+01,1.295686394684335108e+00,-2.038020674081067463e-01,2.175645317278452340e-01,-1.366138304426017358e+00,1.908746300725249156e+01,1.868354834952597443e+01,1.931820966421540575e+01,-7.571958210386432464e-01,1.871521109893110824e+00,6.764147571647308177e-02,-2.986847528728427403e-01,1.927006901044236997e+01,1.885891244917875653e+01,1.883935140662649133e+01,-2.799859839141087270e-01,-1.800217709435761315e-02,-3.662046635266051342e-01,3.736718506017212837e-02,1.913775887032000256e+01
1.878301889014858972e+01,1.930530927084123505e+01,1.918229449410126009e+01,1.812332156496159641e+01,1.905517970849973608e+01,1.913250802559601738e+01,-2.105686655134751326e-02,2.115184971673545467e-01,1.953294183500466374e+01,1.923368949736726208e+01,1.933745889120068995e+01,2.234045198004295241e+00,1.884215108318112541e+01,1.057182723644138900e-01,9.998381474789248546e-01,2.039390995272160889e-01,1.642735939072393592e+01,1.925691434207861263e+01,1.895607537144865162e+01,1.894178684519664557e+01,1.886466605325952628e+01,-3.363093537392937371e+00,7.300052513139928534e-01,2.918360004296242649e-01,-6.285099297965639487e-01,-9.749187073004630943e-02,2.147429172196179437e+01,1.930346124133214403e+01,1.847550180274399878e+01,1.832240476150424158e+01,-1.275391707185279389e+00,-3.041196314806765555e-01,-4.745167140619482304e-01,4.559974306899460678e-02,4.990586683228021236e+00,-3.237209549440684508e+00,1.978175971204672123e+01,1.809806527213168792e+01,1.890971253427082743e+01,1.764741217846361820e+01,1.912927625823245137e+01,3.306622882986298140e-01,-6.979654049622422418e-01,-8.341029418933380013e-01,-6.552480124678392026e-02,1.918905683158824038e+00,-1.130201013670519561e-01,-2.081758248824688451e+01,1.938988208440414951e+01,1.673317223010725030e+01,1.905650743172896000e+01,1.856303617491268554e+01,3.616019273334893092e-02,-1.012439793190031551e-01,1.904862137883819861e-01,2.112156103092729664e-01,-2.343428869607277198e-01,4.166070908147335716e-01,1.844808022798439850e+01,1.870427458233609030e+01,1.969709454718621089e+01,1.924965147385606201e+01,7.440670684079504493e-01,-1.528276145758117321e-01,-4.806669215677503715e-01,-2.731015548503178958e-01,-4.793025289925981897e-03,1.970672665656320532e+01,1.805521272018174628e+01,1.868414019539432047e+01,1.947636414713697306e+01,-1.001232627460839097e+01,1.295686394684335108e+00,-2.038020674081067463e-01,2.175645317278452340e-01,-1.366138304426017358e+00,1.908746300725249156e+01,1.868354834952597443e+01,1.931820966421540575e+01,-7.571958210386432464e-01,1.871521109893110824e+00,6.764147571647308177e-02,-2.986847528728427403e-01,1.927006901044236997e+01,1.885891244917875653e+01,1.883935140662649133e+01,-2.674446881934428033e-01,-1.800217709435761315e-02,-3.662046635266051342e-01,3.736718506017212837e-02,1.913775887032000256e+01
1.878301889014858972e+01,1.930530927084123505e+01,1.918229449410126009e+01,1.812332156496159641e+01,1.905517970849973608e+01,1.913250802559601738e+01,-2.105686655134751326e-02,2.115184971673545467e-01,1.953294183500466374e+01,1.923368949736726208e+01,1.933745889120068995e+01,2.257475477214948345e+00,1.884215108318112541e+01,1.057182723644138900e-01,9.998381474789248546e-01,2.039390995272160889e-01,1.642735939072393592e+01,1.925691434207861263e+01,1.895607537144865162e+01,1.894178684519664557e+01,1.886466605325952628e+01,-3.363093537392937371e+00,7.300052513139928534e-01,2.918360004296242649e-01,-6.285099297965639487e-01,-9.749187073004630943e-02,2.147429172196179437e+01,1.930346124133214403e+01,1.847550180274399878e+01,1.832240476150424158e+01,-1.270963066715758316e+00,-3.041196314806765555e-01,-4.899690826164330715e-01,4.559974306899460678e-02,4.990586683228021236e+00,-3.237209549440684508e+00,1.978175971204672123e+01,1.809806527213168792e+01,1.890971253427082743e+01,1.764741217846361820e+01,1.912927625823245137e+01,3.306622882986298140e-01,-6.979654049622422418e-01,-8.341029418933380013e-01,-6.552480124678392026e-02,1.918905683158824038e+00,-1.130201013670519561e-01,-2.081758248824688451e+01,1.938988208440414951e+01,1.673317223010725030e+01,1.905650743172896000e+01,1.856303617491268554e+01,3.616019273334893092e-02,-1.012439793190031551e-01,1.904862137883819861e-01,2.112156103092729664e-01,-2.343428869607277198e-01,4.166070908147335716e-01,1.844808022798439850e+01,1.870427458233609030e+01,1.969709454718621089e+01,1.924965147385606201e+01,7.440670684079504493e-01,-1.528276145758117321e-01,-4.806669215677503715e-01,-2.731015548503178958e-01,-4.793025289925981897e-03,1.974210712657502498e+01,1.804315636828956215e+01,1.868414019539432047e+01,1.947636414713697306e+01,-1.001232627460839097e+01,1.295686394684335108e+00,-2.038020674081067463e-01,2.175645317278452340e-01,-1.366138304426017358e+00,1.908746300725249156e+01,1.872325954453032182e+01,1.931820966421540575e+01,-7.747647703506169714e-01,1.871521109893110824e+00,5.918430550770315685e-02,-2.986847528728427403e-01,1.924591637793695753e+01,1.885891244917875653e+01,1.883935140662649133e+01,-2.674446881934428033e-01,-1.800217709435761315e-02,-3.662046635266051342e-01,3.736718506017212837e-02,1.913775887032000256e+01
1.878301889014858972e+01,1.930530927084123505e+01,1.918229449410126009e+01,1.812332156496159641e+01,1.905517970849973608e+01,1.913250802559601738e+01,-2.105686655134751326e-02,2.115184971673545467e-01,1.953294183500466374e+01,1.923368949736726208e+01,1.933745889120068995e+01,2.257475477214948345e+00,1.889549140458070298e+01,1.057182723644138900e-01,1.005426434210042075e+00,2.039390995272160889e-01,1.642735939072393592e+01,1.925691434207861263e+01,1.895607537144865162e+01,1.894178684519664557e+01,1.886466605325952628e+01,-3.357952376591124111e+00,7.300052513139928534e-01,2.907831664302887309e-01,-6.285099297965639487e-01,-9.749187073004630943e-02,2.149287889159316123e+01,1.930346124133214403e+01,1.847550180274399878e+01,1.832240476150424158e+01,-1.270963066715758316e+00,-3.041196314806765555e-01,-4.899690826164330715e-01,4.559974306899460678e-02,4.990586683228021236e+00,-3.237209549440684508e+00,1.978175971204672123e+01,1.809806527213168792e+01,1.890971253427082743e+01,1.766713407240671074e+01,1.912927625823245137e+01,3.306622882986298140e-01,-6.979654049622422418e-01,-8.341029418933380013e-01,-6.552480124678392026e-02,1.918905683158824038e+00,-1.130201013670519561e-01,-2.081758248824688451e+01,1.938988208440414951e+01,1.673576544501409558e+01,1.905650743172896000e+01,1.856303617491268554e+01,3.616019273334893092e-02,-1.012439793190031551e-01,1.904862137883819861e-01,2.112156103092729664e-01,-1.993240229911329986e-01,4.166070908147335716e-01,1.844808022798439850e+01,1.870427458233609030e+01,1.969709454718621089e+01,1.924965147385606201e+01,7.440670684079504493e-01,-1.528276145758117321e-01,-4.806669215677503715e-01,-2.731015548503178958e-01,-4.793025289925981897e-03,1.974210712657502498e+01,1.804315636828956215e+01,1.868414019539432047e+01,1.947636414713697306e+01,-1.001232627460839097e+01,1.295686394684335108e+00,-2.038020674081067463e-01,2.175645317278452340e-01,-1.366138304426017358e+00,1.909049790417292414e+01,1.872325954453032182e+01,1.931820966421540575e+01,-7.747647703506169714e-01,1.871521109893110824e+00,5.918430550770315685e-02,-2.986847528728427403e-01,1.924591637793695753e+01,1.885891244917875653e+01,1.883935140662649133e+01,-2.674446881934428033e-01,-1.800217709435761315e-02,-3.662046635266051342e-01,3.736718506017212837e-02,1.913775887032000256e+01
1.878301889014858972e+01,1.930530927084123505e+01,1.918229449410126009e+01,1.812332156496159641e+01,1.905517970849973608e+01,1.913250802559601738e+01,-2.105686655134751326e-02,2.115184971673545467e-01,1.953294183500466374e+01,1.923368949736726208e+01,1.933745889120068995e+01,2.257475477214948345e+00,1.889549140458070298e+01,1.057182723644138900e-01,1.005426434210042075e+00,2.039390995272160889e-01,1.642735939072393592e+01,1.925691434207861263e+01,1.895607537144865162e+01,1.894178684519664557e+01,1.889156997940147420e+01,-3.357952376591124111e+00,7.300052513139928534e-01,2.907831664302887309e-01,-1.548926813437680572e+00,-3.301183901150282485e-01,2.149287889159316123e+01,1.930346124133214403e+01,1.847550180274399878e+01,1.832240476150424158e+01,-1.270963066715758316e+00,-3.041196314806765555e-01,-4.899690826164330715e-01,-2.309240518638887990e-02,4.990586683228021236e+00,-3.237209549440684508e+00,1.978175971204672123e+01,1.809806527213168792e+01,1.890971253427082743e+01,1.766713407240671074e+01,1.912927625823245137e+01,2.985129946240933640e-01,-7.605101036981521956e-01,-8.341029418933380013e-01,-6.552480124678392026e-02,1.918905683158824038e+00,-1.130201013670519561e-01,-2.081758248824688451e+01,1.938988208440414951e+01,1.673576544501409558e+01,1.905650743172896000e+01,1.856303617491268554e+01,3.616019273334893092e-02,-1.012439793190031551e-01,1.904862137883819861e-01,2.112156103092729664e-01,-1.993240229911329986e-01,4.166070908147335716e-01,1.844808022798439850e+01,1.870427458233609030e+01,1.969709454718621089e+01,1.924965147385606201e+01,7.440670684079504493e-01,-1.528276145758117321e-01,-4.806669215677503715e-01,-2.731015548503178958e-01,-4.793025289925981897e-03,1.974210712657502498e+01,1.804315636828956215e+01,1.868414019539432047e+01,1.950998140048368512e+01,-1.001232627460839097e+01,1.295686394684335108e+00,-2.038020674081067463e-01,3.028567625138084418e-01,-1.366138304426017358e+00,1.909049790417292414e+01,1.872325954453032182e+01,1.925869552482392066e+01,-7.747647703506169714e-01,1.871521109893110824e+00,5.918430550770315685e-02,-2.986847528728427403e-01,1.924591637793695753e+01,1.885891244917875653e+01,1.883935140662649133e+01,-2.674446881934428033e-01,-1.800217709435761315e-02,-3.662046635266051342e-01,3.736718506017212837e-02,1.913775887032000256e+01
1.866914165003127479e+01,1.930530927084123505e+01,1.918229449410126009e+01,1.812332156496159641e+01,1.905517970849973608e+01,1.913250802559601738e+01,-2.105686655134751326e-02,2.115184971673545467e-01,1.953294183500466374e+01,1.923368949736726208e+01,1.933745889120068995e+01,2.257475477214948345e+00,1.889549140458070298e+01,1.057182723644138900e-01,1.005426434210042075e+00,2.039390995272160889e-01,1.642735939072393592e+01,1.925691434207861263e+01,1.950984460322359837e+01,1.894178684519664557e+01,1.889156997940147420e+01,-3.357952376591124111e+00,7.300052513139928534e-01,2.907831664302887309e-01,-1.548926813437680572e+00,-3.301183901150282485e-01,2.149287889159316123e+01,1.930346124133214403e+01,1.847550180274399878e+01,1.832240476150424158e+01,-1.270963066715758316e+00,-3.041196314806765555e-01,-4.899690826164330715e-01,-2.309240518638887990e-02,4.990586683228021236e+00,-3.237209549440684508e+00,2.020037156612656659e+01,1.823242537273528541e+01,1.890971253427082743e+01,1.766713407240671074e+01,1.912927625823245137e+01,2.985129946240933640e-01,-7.605101036981521956e-01,-8.341029418933380013e-01,-1.407163014345864938e-01,1.918905683158824038e+00,-1.130201013670519561e-01,-2.081758248824688451e+01,1.938988208440414951e+01,1.673576544501409558e+01,1.905650743172896000e+01,1.856303617491268554e+01,3.616019273334893092e-02,-1.012439793190031551e-01,1.904862137883819861e-01,3.510373021944582783e-01,-1.993240229911329986e-01,4.166070908147335716e-01,1.844808022798439850e+01,1.870427458233609030e+01,1.969709454718621089e+01,1.924965147385606201e+01,7.440670684079504493e-01,-1.528276145758117321e-01,-4.806669215677503715e-01,-2.731015548503178958e-01,-8.736372214126188196e-02,1.974210712657502498e+01,1.804315636828956215e+01,1.868414019539432047e+01,1.950998140048368512e+01,-1.001232627460839097e+01,1.295686394684335108e+00,1.006933332948092841e-02,3.028567625138084418e-01,-1.002047193553281978e+00,1.909049790417292414e+01,1.872325954453032182e+01,1.925869552482392066e+01,-7.747647703506169714e-01,1.871521109893110824e+00,5.918430550770315685e-02,-2.986847528728427403e-01,1.924591637793695753e+01,1.885891244917875653e+01,1.883935140662649133e+01,-2.674446881934428033e-01,-1.800217709435761315e-02,-3.662046635266051342e-01,3.736718506017212837e-02,1.913775887032000256e+01
1.866914165003127479e+01,1.930530927084123505e+01,1.918229449410126009e+01,1.809646489689359683e+01,1.905517970849973608e+01,1.913250802559601738e+01,-2.105686655134751326e-02,2.115184971673545467e-01,1.953294183500466374e+01,1.923368949736726208e+01,1.933745889120068995e+01,2.257475477214948345e+00,1.889549140458070298e+01,1.057182723644138900e-01,1.005426434210042075e+00,2.039390995272160889e-01,1.642735939072393592e+01,6.277203082824352975e+01,1.950984460322359837e+01,1.894178684519664557e+01,1.889156997940147420e+01,-3.357952376591124111e+00,7.300052513139928534e-01,2.907831664302887309e-01,-1.548926813437680572e+00,-3.301183901150282485e-01,2.149287889159316123e+01,1.930346124133214403e+01,1.852837148972874459e+01,1.835801919080789091e+01,-1.270963066715758316e+00,-3.041196314806765555e-01,-4.899690826164330715e-01,-2.309240518638887990e-02,4.990586683228021236e+00,-3.202730964744438413e+00,2.020037156612656659e+01,1.823242537273528541e+01,1.890971253427082743e+01,1.766713407240671074e+01,1.912927625823245137e+01,2.985129946240933640e-01,-7.605101036981521956e-01,-8.341029418933380013e-01,-1.407163014345864938e-01,1.918905683158824038e+00,-1.130201013670519561e-01,-2.081758248824688451e+01,1.938988208440414951e+01,1.673576544501409558e+01,1.900135394563735503e+01,1.865741467583286450e+01,3.616019273334893092e-02,1.137935469893027879e-01,1.904862137883819861e-01,3.510373021944582783e-01,-1.993240229911329986e-01,4.166070908147335716e-01,1.844808022798439850e+01,1.870427458233609030e+01,1.969709454718621089e+01,1.924965147385606201e+01,7.440670684079504493e-01,-1.528276145758117321e-01,-4.806669215677503715e-01,-2.731015548503178958e-01,-8.736372214126188196e-02,1.974210712657502498e+01,1.804315636828956215e+01,1.868414019539432047e+01,1.950998140048368512e+01,-1.001232627460839097e+01,1.295686394684335108e+00,1.006933332948092841e-02,3.028567625138084418e-01,-1.002047193553281978e+00,1.909049790417292414e+01,1.872325954453032182e+01,1.925869552482392066e+01,-7.747647703506169714e-01,1.871521109893110824e+00,5.918430550770315685e-02,-2.986847528728427403e-01,1.924591637793695753e+01,1.885891244917875653e+01,1.883935140662649133e+01,-2.674446881934428033e-01,-1.800217709435761315e-02,-3.662046635266051342e-01,-1.166844942403433283e-03,1.913775887032000256e+01
1.866914165003127479e+01,1.930530927084123505e+01,1.918229449410126009e+01,1.809646489689359683e+01,1.905517970849973608e+01,1.913250802559601738e+01,-2.105686655134751326e-02,2.115184971673545467e-01,1.953294183500466374e+01,1.900919123777044106e+01,1.946063149693711125e+01,2.257475477214948345e+00,1.889549140458070298e+01,2.278981915904178535e-01,1.005426434210042075e+00,2.039390995272160889e-01,1.642735939072393592e+01,6.277203082824352975e+01,1.950984460322359837e+01,1.894178684519664557e+01,1.889156997940147420e+01,-3.357952376591124111e+00,7.300052513139928534e-01,2.907831664302887309e-01,-1.548926813437680572e+00,-3.301183901150282485e-01,2.149287889159316123e+01,1.930346124133214403e+01,1.852837148972874459e+01,1.835801919080789091e+01,-1.270963066715758316e+00,-3.041196314806765555e-01,-4.899690826164330715e-01,-2.309240518638887990e-02,4.990586683228021236e+00,-3.202730964744438413e+00,2.020037156612656659e+01,1.823242537273528541e+01,1.890971253427082743e+01,1.766713407240671074e+01,1.912927625823245137e+01,2.985129946240933640e-01,-7.605101036981521956e-01,-8.341029418933380013e-01,-1.407163014345864938e-01,1.918905683158824038e+00,-1.130201013670519561e-01,-2.081758248824688451e+01,1.938988208440414951e+01,1.673576544501409558e+01,1.900135394563735503e+01,1.865741467583286450e+01,-1.170949150635493402e-01,1.137935469893027879e-01,5.409914324485531889e-02,3.510373021944582783e-01,-1.993240229911329986e-01,4.166070908147335716e-01,1.844808022798439850e+01,1.870427458233609030e+01,1.969709454718621089e+01,1.918263924797859232e+01,5.337307406900418938e-01,-6.196499833536843749e-01,-4.806669215677503715e-01,-1.176569269612134094e-01,-8.736372214126188196e-02,1.974210712657502498e+01,1.804315636828956215e+01,1.868414019539432047e+01,1.950998140048368512e+01,-1.001232627460839097e+01,1.295686394684335108e+00,1.006933332948092841e-02,3.028567625138084418e-01,-1.002047193553281978e+00,1.909049790417292414e+01,1.872325954453032182e+01,1.925869552482392066e+01,-7.747647703506169714e-01,1.871521109893110824e+00,5.918430550770315685e-02,-2.986847528728427403e-01,1.924591637793695753e+01,1.885891244917875653e+01,1.883935140662649133e+01,-2.674446881934428033e-01,-1.800217709435761315e-02,-6.547433664993721480e-01,-1.166844942403433283e-03,1.913775887032000256e+01
1.866914165003127479e+01,1.930530927084123505e+01,1.918229449410126009e+01,1.809646489689359683e+01,1.905517970849973608e+01,1.913250802559601738e+01,-9.137673083188993517e-02,2.115184971673545467e-01,1.945885975377840538e+01,1.906091178358571980e+01,1.946063149693711125e+01,2.257475477214948345e+00,1.889549140458070298e+01,2.278981915904178535e-01,1.005426434210042075e+00,2.039390995272160889e-01,1.642735939072393592e+01,6.277203082824352975e+01,1.950984460322359837e+01,1.894178684519664557e+01,1.889156997940147420e+01,-3.357952376591124111e+00,7.300052513139928534e-01,2.907831664302887309e-01,-1.548926813437680572e+00,-3.301183901150282485e-01,2.149287889159316123e+01,1.930346124133214403e+01,1.852837148972874459e+01,1.835801919080789091e+01,-1.270963066715758316e+00,-3.041196314806765555e-01,-4.899690826164330715e-01,-2.309240518638887990e-02,4.990586683228021236e+00,-3.202730964744438413e+00,2.020037156612656659e+01,1.823242537273528541e+01,1.890971253427082743e+01,1.766713407240671074e+01,1.912927625823245137e+01,2.985129946240933640e-01,-7.605101036981521956e-01,-8.341029418933380013e-01,-1.407163014345864938e-01,1.918905683158824038e+00,-1.130201013670519561e-01,-2.081758248824688451e+01,1.938988208440414951e+01,1.738722066786333542e+01,1.895965569467471923e+01,1.869640211998727963e+01,-1.170949150635493402e-01,1.137935469893027879e-01,5.409914324485531889e-02,3.510373021944582783e-01,-1.993240229911329986e-01,4.166070908147335716e-01,1.844808022798439850e+01,1.870427458233609030e+01,1.969709454718621089e+01,1.918263924797859232e+01,5.337307406900418938e-01,-6.196499833536843749e-01,-4.806669215677503715e-01,-1.176569269612134094e-01,-8.736372214126188196e-02,1.974210712657502498e+01,1.804315636828956215e+01,1.868414019539432047e+01,1.950998140048368512e+01,-1.001232627460839097e+01,1.196707372187979956e+00,1.006933332948092841e-02,3.028567625138084418e-01,-1.002047193553281978e+00,1.909049790417292414e+01,1.872325954453032182e+01,1.925869552482392066e+01,-7.747647703506169714e-01,1.668577216052013590e+00,5.918430550770315685e-02,-2.986847528728427403e-01,1.924591637793695753e+01,1.891689589676850147e+01,1.883935140662649133e+01,-2.674446881934428033e-01,-1.800217709435761315e-02,-6.547433664993721480e-01,-1.166844942403433283e-03,1.913775887032000256e+01
1.866914165003127479e+01,1.930530927084123505e+01,1.918229449410126009e+01,1.809646489689359683e+01,1.905517970849973608e+01,1.913250802559601738e+01,-9.137673083188993517e-02,2.115184971673545467e-01,1.945885975377840538e+01,1.906091178358571980e+01,1.946063149693711125e+01,2.257475477214948345e+00,1.889549140458070298e+01,2.278981915904178535e-01,1.005426434210042075e+00,2.039390995272160889e-01,1.642735939072393592e+01,6.277923158906390455e+01,1.950984460322359837e+01,1.894178684519664557e+01,1.889131406456324669e+01,-3.357952376591124111e+00,7.300052513139928534e-01,2.907831664302887309e-01,-1.548926813437680572e+00,-3.301183901150282485e-01,2.149693762827228838e+01,1.930346124133214403e+01,1.852837148972874459e+01,1.835715877146616748e+01,-1.270963066715758316e+00,-3.041196314806765555e-01,-4.899690826164330715e-01,-2.309240518638887990e-02,4.990586683228021236e+00,-3.202730964744438413e+00,2.020037156612656659e+01,1.823201089191969260e+01,1.890971253427082743e+01,1.766713407240671074e+01,1.912927625823245137e+01,2.985129946240933640e-01,-7.605101036981521956e-01,-8.341029418933380013e-01,-1.407163014345864938e-01,1.918905683158824038e+00,-1.130201013670519561e-01,-2.081758248824688451e+01,1.938988208440414951e+01,1.738722066786333542e+01,1.895965569467471923e+01,1.869640211998727963e+01,-1.170949150635493402e-01,1.137935469893027879e-01,5.409914324485531889e-02,3.510373021944582783e-01,-1.993240229911329986e-01,4.166070908147335716e-01,1.844808022798439850e+01,1.870427458233609030e+01,1.969709454718621089e+01,1.918202491121310160e+01,5.337307406900418938e-01,-6.123267334265665163e-01,-4.806669215677503715e-01,-1.176569269612134094e-01,-8.736372214126188196e-02,1.974210712657502498e+01,1.804315636828956215e+01,1.868414019539432047e+01,1.950998140048368512e+01,-1.001232627460839097e+01,1.196707372187979956e+00,1.006933332948092841e-02,3.028567625138084418e-01,-1.002047193553281978e+00,1.909049790417292414e+01,1.872325954453032182e+01,1.925869552482392066e+01,-7.747647703506169714e-01,1.668577216052013590e+00,5.284713394557158384e-02,-2.986847528728427403e-01,1.924591637793695753e+01,1.891689589676850147e+01,1.883935140662649133e+01,-2.674446881934428033e-01,-1.800217709435761315e-02,-6.557200733690472516e-01,-1.166844942403433283e-03,1.913775887032000256e+01
1.866914165003127479e+01,1.930530927084123505e+01,1.918229449410126009e+01,1.809456153555825253e+01,1.905517970849973608e+01,1.913250802559601738e+01,-9.137673083188993517e-02,2.091038364869917399e-01,1.945885975377840538e+01,1.906091178358571980e+01,1.946063149693711125e+01,2.257475477214948345e+00,1.889549140458070298e+01,2.278981915904178535e-01,1.005426434210042075e+00,2.039390995272160889e-01,1.642735939072393592e+01,6.277923158906390455e+01,1.950984460322359837e+01,1.894178684519664557e+01,1.889131406456324669e+01,-3.357952376591124111e+00,7.300052513139928534e-01,2.907831664302887309e-01,-1.548926813437680572e+00,-3.301183901150282485e-01,2.149693762827228838e+01,1.930346124133214403e+01,1.852837148972874459e+01,1.835715877146616748e+01,-1.270963066715758316e+00,-3.041196314806765555e-01,-4.899690826164330715e-01,-2.309240518638887990e-02,4.990586683228021236e+00,-3.202730964744438413e+00,2.020037156612656659e+01,1.823201089191969260e+01,1.890971253427082743e+01,1.766713407240671074e+01,1.912829164576519148e+01,2.985129946240933640e-01,-7.605101036981521956e-01,-8.363958461371958641e-01,-1.407163014345864938e-01,1.918905683158824038e+00,-1.130201013670519561e-01,-2.081678886986338739e+01,1.938988208440414951e+01,1.738722066786333542e+01,1.895965569467471923e+01,1.869640211998727963e+01,-1.170949150635493402e-01,1.137935469893027879e-01,5.409914324485531889e-02,3.523809514137036802e-01,-1.993240229911329986e-01,4.166070908147335716e-01,1.844808022798439850e+01,1.870427458233609030e+01,1.969709454718621089e+01,1.918202491121310160e+01,5.337307406900418938e-01,-6.123267334265665163e-01,-4.806669215677503715e-01,-1.176569269612134094e-01,-8.736372214126188196e-02,1.974210712657502498e+01,1.804315636828956215e+01,1.868414019539432047e+01,1.950998140048368512e+01,-1.001232627460839097e+01,1.196707372187979956e+00,9.219728414796719493e-03,3.028567625138084418e-01,-1.002047193553281978e+00,1.909049790417292414e+01,1.872325954453032182e+01,1.925869552482392066e+01,-7.747647703506169714e-01,1.668577216052013590e+00,5.284713394557158384e-02,-2.967577532742863844e-01,1.924591637793695753e+01,1.891689589676850147e+01,1.883935140662649133e+01,-2.674446881934428033e-01,-1.800217709435761315e-02,-6.557200733690472516e-01,-1.896709829164277281e-03,1.913775887032000256e+01
1.866914165003127479e+01,1.930530927084123505e+01,1.918229449410126009e+01,1.809456153555825253e+01,1.905517970849973608e+01,1.913250802559601738e+01,-9.137673083188993517e-02,2.091038364869917399e-01,1.945885975377840538e+01,1.906091178358571980e+01,1.946063149693711125e+01,2.257475477214948345e+00,1.889549140458070298e+01,2.224610592195169489e-01,1.005426434210042075e+00,2.039390995272160889e-01,1.642735939072393592e+01,6.277923158906390455e+01,1.950984460322359837e+01,1.894178684519664557e+01,1.889131406456324669e+01,-3.356165623987259483e+00,7.300052513139928534e-01,2.907831664302887309e-01,-1.548926813437680572e+00,-3.314114380590584830e-01,2.149693762827228838e+01,1.930346124133214403e+01,1.852837148972874459e+01,1.835715877146616748e+01,-1.270963066715758316e+00,-3.041196314806765555e-01,-4.899690826164330715e-01,-2.309240518638887990e-02,4.990586683228021236e+00,-3.202730964744438413e+00,2.020037156612656659e+01,1.823201089191969260e+01,1.890971253427082743e+01,1.766713407240671074e+01,1.912829164576519148e+01,2.985129946240933640e-01,-7.605101036981521956e-01,-8.363958461371958641e-01,-1.407163014345864938e-01,1.918905683158824038e+00,-1.138574910821523040e-01,-2.081678886986338739e+01,1.938988208440414951e+01,1.738722066786333542e+01,1.895965569467471923e+01,1.869640211998727963e+01,-1.170949150635493402e-01,1.137935469893027879e-01,5.270601057664072581e-02,3.523809514137036802e-01,-1.993240229911329986e-01,4.166070908147335716e-01,1.844808022798439850e+01,1.870427458233609030e+01,1.969546741375967969e+01,1.918202491121310160e+01,5.337307406900418938e-01,-6.123267334265665163e-01,-4.806669215677503715e-01,-1.195609370644765412e-01,-8.736372214126188196e-02,1.974210712657502498e+01,1.804315636828956215e+01,1.868414019539432047e+01,1.950998140048368512e+01,-1.001287151613979987e+01,1.196707372187979956e+00,9.219728414796719493e-03,3.028567625138084418e-01,-1.002047193553281978e+00,1.909049790417292414e+01,1.872325954453032182e+01,1.925810923171068723e+01,-7.747647703506169714e-01,1.668577216052013590e+00,5.284713394557158384e-02,-2.967577532742863844e-01,1.924591637793695753e+01,1.891689589676850147e+01,1.883935140662649133e+01,-2.674446881934428033e-01,-1.800217709435761315e-02,-6.557200733690472516e-01,-1.896709829164277281e-03,1.913775887032000256e+01
1.866915766169924140e+01,1.930530927084123505e+01,1.918229449410126009e+01,1.809456153555825253e+01,1.905517970849973608e+01,1.913250802559601738e+01,-9.137673083188993517e-02,2.091038364869917399e-01,1.945885975377840538e+01,1.906091178358571980e+01,1.946063149693711125e+01,2.257475477214948345e+00,1.889549140458070298e+01,2.224610592195169489e-01,1.005426434210042075e+00,2.039390995272160889e-01,1.642735939072393592e+01,6.277923158906390455e+01,1.950984460322359837e+01,1.894178684519664557e+01,1.889131406456324669e+01,-3.356165623987259483e+00,7.300052513139928534e-01,2.907975539743224425e-01,-1.548926813437680572e+00,-3.314114380590584830e-01,2.149693762827228838e+01,1.930346124133214403e+01,1.852837148972874459e+01,1.835715877146616748e+01,-1.270963066715758316e+00,-3.041196314806765555e-01,-4.899256744478265868e-01,-2.309240518638887990e-02,4.990586683228021236e+00,-3.202730964744438413e+00,2.020037156612656659e+01,1.823201089191969260e+01,1.890970040695059495e+01,1.766713407240671074e+01,1.912829164576519148e+01,2.985129946240933640e-01,-7.605101036981521956e-01,-8.363958461371958641e-01,-1.406992000013879140e-01,1.918937348140250299e+00,-1.138574910821523040e-01,-2.081678886986338739e+01,1.938991877799197994e+01,1.738722066786333542e+01,1.895965569467471923e+01,1.869640211998727963e+01,-1.170949150635493402e-01,1.137935469893027879e-01,5.270601057664072581e-02,3.523809514137036802e-01,-1.993240229911329986e-01,4.166070908147335716e-01,1.844808022798439850e+01,1.870427458233609030e+01,1.969546741375967969e+01,1.918202491121310160e+01,5.337307406900418938e-01,-6.123267334265665163e-01,-4.806669215677503715e-01,-1.195609370644765412e-01,-8.736372214126188196e-02,1.974210712657502498e+01,1.804297862333428881e+01,1.868414019539432047e+01,1.950998140048368512e+01,-1.001287151613979987e+01,1.196707372187979956e+00,9.219728414796719493e-03,3.028567625138084418e-01,-1.002047193553281978e+00,1.909049790417292414e+01,1.872325954453032182e+01,1.925810923171068723e+01,-7.747647703506169714e-01,1.668577216052013590e+00,5.284713394557158384e-02,-2.967577532742863844e-01,1.924591637793695753e+01,1.891689589676850147e+01,1.883935140662649133e+01,-2.674446881934428033e-01,-1.800217709435761315e-02,-6.557200733690472516e-01,-1.896709829164277281e-03,1.913773940214747427e+01
1.866915766169924140e+01,1.930530927084123505e+01,1.918229449410126009e+01,1.809456153555825253e+01,1.905517970849973608e+01,1.913250802559601738e+01,-9.137673083188993517e-02,2.091038364869917399e-01,1.945885975377840538e+01,1.906091178358571980e+01,1.946214874147430862e+01,2.257475477214948345e+00,1.890178315835232681e+01,2.224610592195169489e-01,1.005426434210042075e+00,2.039390995272160889e-01,1.642735939072393592e+01,6.277923158906390455e+01,1.950984460322359837e+01,1.894178684519664557e+01,1.889131406456324669e+01,-3.356165623987259483e+00,7.300052513139928534e-01,2.907975539743224425e-01,-1.548926813437680572e+00,-3.314114380590584830e-01,2.149693762827228838e+01,1.930346124133214403e+01,1.852837148972874459e+01,1.835715877146616748e+01,-1.270963066715758316e+00,-3.041196314806765555e-01,-4.899256744478265868e-01,-9.419314562260517470e-03,4.990586683228021236e+00,-3.202730964744438413e+00,2.020037156612656659e+01,1.823201089191969260e+01,1.890970040695059495e+01,1.766713407240671074e+01,1.912829164576519148e+01,3.047774166246759453e-01,-7.719140748278151554e-01,-8.363958461371958641e-01,-1.406992000013879140e-01,1.918937348140250299e+00,-1.138574910821523040e-01,-2.081678886986338739e+01,1.938991877799197994e+01,1.738722066786333542e+01,1.895965569467471923e+01,1.869640211998727963e+01,-1.170949150635493402e-01,1.118604295152277467e-01,5.270601057664072581e-02,3.523809514137036802e-01,-2.032237413771408596e-01,4.166070908147335716e-01,1.844808022798439850e+01,1.870427458233609030e+01,1.969546741375967969e+01,1.918202491121310160e+01,5.022176652375567318e-01,-6.123267334265665163e-01,-4.806669215677503715e-01,-1.195609370644765412e-01,-8.577341739143305721e-02,1.974210712657502498e+01,1.804297862333428881e+01,1.868414019539432047e+01,1.950998140048368512e+01,-1.001287151613979987e+01,1.196707372187979956e+00,9.219728414796719493e-03,3.028567625138084418e-01,-1.002047193553281978e+00,1.909049790417292414e+01,1.872325954453032182e+01,1.925810923171068723e+01,-7.747647703506169714e-01,1.668577216052013590e+00,5.284713394557158384e-02,-2.967577532742863844e-01,1.924591637793695753e+01,1.891689589676850147e+01,1.883935140662649133e+01,-2.674446881934428033e-01,-1.800217709435761315e-02,-6.557200733690472516e-01,-1.896709829164277281e-03,1.913773940214747427e+01
1.866915766169924140e+01,1.933485798916733245e+01,1.918229449410126009e+01,1.809456153555825253e+01,1.905517970849973608e+01,1.913250802559601738e+01,-9.137673083188993517e-02,2.091038364869917399e-01,1.945885975377840538e+01,1.906091178358571980e+01,1.946214874147430862e+01,2.257475477214948345e+00,1.890178315835232681e+01,2.224610592195169489e-01,4.978885510297481609e-01,2.039390995272160889e-01,1.641877210206053306e+01,6.277923158906390455e+01,1.950984460322359837e+01,1.894178684519664557e+01,1.889131406456324669e+01,-3.356165623987259483e+00,7.300052513139928534e-01,2.907975539743224425e-01,-1.548926813437680572e+00,-3.314114380590584830e-01,2.149693762827228838e+01,1.930346124133214403e+01,1.852837148972874459e+01,1.835715877146616748e+01,-1.270963066715758316e+00,-3.041196314806765555e-01,-4.899256744478265868e-01,-9.419314562260517470e-03,4.990586683228021236e+00,-3.211568915828815651e+00,2.020037156612656659e+01,1.823201089191969260e+01,1.890970040695059495e+01,1.766713407240671074e+01,1.912829164576519148e+01,3.047774166246759453e-01,-7.719140748278151554e-01,-8.363958461371958641e-01,-1.406992000013879140e-01,1.918937348140250299e+00,-1.138574910821523040e-01,-2.081678886986338739e+01,1.938991877799197994e+01,1.738722066786333542e+01,1.895965569467471923e+01,1.869640211998727963e+01,-1.170949150635493402e-01,1.118604295152277467e-01,5.270601057664072581e-02,3.523809514137036802e-01,-2.032237413771408596e-01,4.166070908147335716e-01,1.844808022798439850e+01,1.871605844771045568e+01,1.969546741375967969e+01,1.918202491121310160e+01,5.022176652375567318e-01,-6.123267334265665163e-01,-4.806669215677503715e-01,-1.195609370644765412e-01,-8.577341739143305721e-02,1.974210712657502498e+01,1.804297862333428881e+01,1.866563607605201369e+01,1.950998140048368512e+01,-1.001287151613979987e+01,1.196707372187979956e+00,9.219728414796719493e-03,3.028567625138084418e-01,-1.002047193553281978e+00,1.909049790417292414e+01,1.872325954453032182e+01,1.925810923171068723e+01,-8.104380008752427589e-01,1.668577216052013590e+00,5.284713394557158384e-02,-2.967577532742863844e-01,1.925304067589918944e+01,1.891689589676850147e+01,1.883935140662649133e+01,-2.531894842460782336e-01,-1.800217709435761315e-02,-6.557200733690472516e-01,-1.896709829164277281e-03,1.913773940214747427e+01
1.866915766169924140e+01,1.933485798916733245e+01,1.918229449410126009e+01,1.809456153555825253e+01,1.905517970849973608e+01,1.913250802559601738e+01,-9.137673083188993517e-02,2.091038364869917399e-01,1.945885975377840538e+01,1.906091178358571980e+01,1.946214874147430862e+01,2.257475477214948345e+00,1.890178315835232681e+01,2.224610592195169489e-01,4.978885510297481609e-01,2.039390995272160889e-01,1.641877210206053306e+01,6.277923158906390455e+01,1.950984460322359837e+01,1.894178684519664557e+01,1.889131406456324669e+01,-3.356165623987259483e+00,7.300052513139928534e-01,2.907975539743224425e-01,-1.547555987068123917e+00,-3.314114380590584830e-01,2.149693762827228838e+01,1.930346124133214403e+01,1.852837148972874459e+01,1.835715877146616748e+01,-1.270963066715758316e+00,-3.000407985110039588e-01,-4.899256744478265868e-01,-9.419314562260517470e-03,4.990586683228021236e+00,-3.211568915828815651e+00,2.020037156612656659e+01,1.823201089191969260e+01,1.890970040695059495e+01,1.766713407240671074e+01,1.912829164576519148e+01,3.047774166246759453e-01,-7.719140748278151554e-01,-8.363958461371958641e-01,-1.406992000013879140e-01,1.918937348140250299e+00,-1.138574910821523040e-01,-2.081678886986338739e+01,1.938991877799197994e+01,1.738722066786333542e+01,1.895965569467471923e+01,1.869640211998727963e+01,-1.151325277395952168e-01,1.118604295152277467e-01,5.270601057664072581e-02,3.523809514137036802e-01,-2.032237413771408596e-01,4.166070908147335716e-01,1.844808022798439850e+01,1.871605844771045568e+01,1.969546741375967969e+01,1.918202491121310160e+01,5.022176652375567318e-01,-6.123267334265665163e-01,-4.907325632101383062e-01,-1.195609370644765412e-01,-8.577341739143305721e-02,1.974210712657502498e+01,1.804297862333428881e+01,1.866563607605201369e+01,1.955196399933852902e+01,-1.001287151613979987e+01,1.196707372187979956e+00,9.219728414796719493e-03,3.058707063009458160e-01,-1.002047193553281978e+00,1.909222353722477550e+01,1.876186658810237162e+01,1.925810923171068723e+01,-8.104380008752427589e-01,1.668577216052013590e+00,5.284713394557158384e-02,-2.967577532742863844e-01,1.925304067589918944e+01,1.891689589676850147e+01,1.884259802287990837e+01,-2.531894842460782336e-01,-1.800217709435761315e-02,-6.557200733690472516e-01,-1.896709829164277281e-03,1.913773940214747427e+01
1.866915766169924140e+01,1.933485798916733245e+01,1.918277042451795822e+01,1.809456153555825253e+01,1.905517970849973608e+01,1.913250802559601738e+01,-9.137673083188993517e-02,2.091038364869917399e-01,1.945885975377840538e+01,1.906091178358571980e+01,1.946214874147430862e+01,2.257475477214948345e+00,1.890178315835232681e+01,2.224610592195169489e-01,4.978885510297481609e-01,2.116132413194131978e-01,1.641877210206053306e+01,6.277923158906390455e+01,1.950984460322359837e+01,1.894178684519664557e+01,1.889131406456324669e+01,-3.356165623987259483e+00,7.308366841162496907e-01,2.907975539743224425e-01,-1.547555987068123917e+00,-3.314114380590584830e-01,2.149693762827228838e+01,1.930346124133214403e+01,1.852760082994172208e+01,1.835715877146616748e+01,-1.268781014674189800e+00,-3.000407985110039588e-01,-4.899256744478265868e-01,-9.419314562260517470e-03,4.989988114004703768e+00,-3.211568915828815651e+00,2.020037156612656659e+01,1.823201089191969260e+01,1.890970040695059495e+01,1.766676396979683972e+01,1.912829164576519148e+01,3.047774166246759453e-01,-7.719140748278151554e-01,-8.363958461371958641e-01,-1.406992000013879140e-01,1.918937348140250299e+00,-1.138574910821523040e-01,-2.081678886986338739e+01,1.938991877799197994e+01,1.738722066786333542e+01,1.895965569467471923e+01,1.869640211998727963e+01,-1.151325277395952168e-01,1.118604295152277467e-01,5.270601057664072581e-02,3.523809514137036802e-01,-2.032237413771408596e-01,4.175386337970146688e-01,1.845047674771307200e+01,1.871605844771045568e+01,1.969546741375967969e+01,1.918202491121310160e+01,5.022176652375567318e-01,-6.123267334265665163e-01,-4.907325632101383062e-01,-1.195609370644765412e-01,-8.577341739143305721e-02,1.974210712657502498e+01,1.804297862333428881e+01,1.866563607605201369e+01,1.955196399933852902e+01,-1.001287151613979987e+01,1.196707372187979956e+00,9.219728414796719493e-03,3.058707063009458160e-01,-1.002047193553281978e+00,1.909222353722477550e+01,1.876186658810237162e+01,1.925810923171068723e+01,-8.104380008752427589e-01,1.668577216052013590e+00,5.284713394557158384e-02,-2.967577532742863844e-01,1.925304067589918944e+01,1.891689589676850147e+01,1.884259802287990837e+01,-2.531894842460782336e-01,-1.800217709435761315e-02,-6.557200733690472516e-01,-1.896709829164277281e-03,1.913773940214747427e+01
1.866915766169924140e+01,1.933485798916733245e+01,1.918277042451795822e+01,1.809456153555825253e+01,1.905218439913530304e+01,1.913004613500255147e+01,-9.137673083188993517e-02,2.091038364869917399e-01,1.945885975377840538e+01,1.906091178358571980e+01,1.946214874147430862e+01,2.255168283132254814e+00,1.890178315835232681e+01,2.224610592195169489e-01,4.978885510297481609e-01,2.116132413194131978e-01,1.641877210206053306e+01,6.277923158906390455e+01,1.950361572024834800e+01,1.894387021283197825e+01,1.889131406456324669e+01,-3.356165623987259483e+00,7.308366841162496907e-01,2.907975539743224425e-01,-1.547555987068123917e+00,-3.314114380590584830e-01,2.149693762827228838e+01,1.930053818960436374e+01,1.852760082994172208e+01,1.835715877146616748e+01,-1.268781014674189800e+00,-3.000407985110039588e-01,-4.899256744478265868e-01,-9.419314562260517470e-03,4.989988114004703768e+00,-3.211568915828815651e+00,2.020138183754918870e+01,1.823201089191969260e+01,1.890970040695059495e+01,1.766676396979683972e+01,1.912829164576519148e+01,3.047774166246759453e-01,-7.719140748278151554e-01,-8.363958461371958641e-01,-1.406992000013879140e-01,1.918937348140250299e+00,-1.138574910821523040e-01,-2.081678886986338739e+01,1.938991877799197994e+01,1.738722066786333542e+01,1.895965569467471923e+01,1.869640211998727963e+01,-1.151325277395952168e-01,1.118604295152277467e-01,5.270601057664072581e-02,3.523809514137036802e-01,-2.032237413771408596e-01,4.175386337970146688e-01,1.845047674771307200e+01,1.871605844771045568e+01,1.969546741375967969e+01,1.918202491121310160e+01,5.022176652375567318e-01,-6.123267334265665163e-01,-4.907325632101383062e-01,-1.195609370644765412e-01,-8.577341739143305721e-02,1.972389136285793754e+01,1.804297862333428881e+01,1.866563607605201369e+01,1.955196399933852902e+01,-1.001287151613979987e+01,1.196707372187979956e+00,9.219728414796719493e-03,3.058707063009458160e-01,-1.016502909642850838e+00,1.909222353722477550e+01,1.876186658810237162e+01,1.925810923171068723e+01,-8.104380008752427589e-01,1.668577216052013590e+00,5.284713394557158384e-02,-2.967577532742863844e-01,1.925304067589918944e+01,1.891689589676850147e+01,1.884259802287990837e+01,-2.531894842460782336e-01,-2.012688687295839662e-02,-6.557200733690472516e-01,-1.896709829164277281e-03,1.913773940214747427e+01
1.866915766169924140e+01,1.933618515882599098e+01,1.918277042451795822e+01,1.809240435539110692e+01,1.905218439913530304e+01,1.912871476862473585e+01,-9.137673083188993517e-02,2.091038364869917399e-01,1.945885975377840538e+01,1.906091178358571980e+01,1.946214874147430862e+01,2.255168283132254814e+00,1.890178315835232681e+01,2.287710721818852211e-01,4.978885510297481609e-01,2.103910929977456934e-01,1.641877210206053306e+01,6.277923158906390455e+01,1.948601812399183686e+01,1.894387021283197825e+01,1.889131406456324669e+01,-3.356165623987259483e+00,7.308366841162496907e-01,2.907975539743224425e-01,-1.547555987068123917e+00,-3.314114380590584830e-01,2.149693762827228838e+01,1.930053818960436374e+01,1.852760082994172208e+01,1.880716981245313590e+01,-1.268781014674189800e+00,-3.000407985110039588e-01,-4.899256744478265868e-01,-9.419314562260517470e-03,4.989988114004703768e+00,-3.211568915828815651e+00,2.020138183754918870e+01,1.823201089191969260e+01,1.890970040695059495e+01,1.766676396979683972e+01,1.912829164576519148e+01,3.065915913292093786e-01,-7.719140748278151554e-01,-8.363958461371958641e-01,-1.406992000013879140e-01,1.918937348140250299e+00,-1.138574910821523040e-01,-2.081678886986338739e+01,1.938991877799197994e+01,1.738722066786333542e+01,1.895965569467471923e+01,1.869640211998727963e+01,-1.151325277395952168e-01,1.118604295152277467e-01,5.270601057664072581e-02,3.523809514137036802e-01,-2.032237413771408596e-01,4.175386337970146688e-01,1.845047674771307200e+01,1.871605844771045568e+01,1.969546741375967969e+01,1.918202491121310160e+01,5.022176652375567318e-01,-6.123267334265665163e-01,-4.907325632101383062e-01,-1.195609370644765412e-01,-8.577341739143305721e-02,1.972389136285793754e+01,1.804297862333428881e+01,1.866563607605201369e+01,1.955196399933852902e+01,-1.001287151613979987e+01,1.196707372187979956e+00,-2.609096817087550035e-01,3.058707063009458160e-01,-1.016502909642850838e+00,1.909222353722477550e+01,1.876186658810237162e+01,1.925810923171068723e+01,-8.104380008752427589e-01,1.668577216052013590e+00,5.284713394557158384e-02,-2.967577532742863844e-01,1.925304067589918944e+01,1.891689589676850147e+01,1.884259802287990837e+01,-2.531894842460782336e-01,-2.012688687295839662e-02,-6.557200733690472516e-01,-1.896709829164277281e-03,1.913773940214747427e+01
1.866915766169924140e+01,1.933618515882599098e+01,1.918277042451795822e+01,1.809240435539110692e+01,1.905218439913530304e+01,1.912871476862473585e+01,-9.137673083188993517e-02,2.100505797607221115e-01,1.945885975377840538e+01,1.906091178358571980e+01,1.946214874147430862e+01,2.255168283132254814e+00,1.890178315835232681e+01,2.287710721818852211e-01,4.972709530623508067e-01,2.103910929977456934e-01,1.642009207068633359e+01,6.277923158906390455e+01,1.948601812399183686e+01,1.894387021283197825e+01,1.889131406456324669e+01,-3.356165623987259483e+00,7.308366841162496907e-01,2.907975539743224425e-01,-1.547555987068123917e+00,-3.314114380590584830e-01,2.149693762827228838e+01,1.930053818960436374e+01,1.852760082994172208e+01,1.880716981245313590e+01,-1.268781014674189800e+00,-3.000407985110039588e-01,-4.899256744478265868e-01,-1.221599909334355853e-02,4.989988114004703768e+00,-3.210915052226785971e+00,2.020138183754918870e+01,1.823201089191969260e+01,1.890970040695059495e+01,1.766676396979683972e+01,1.912829164576519148e+01,3.065915913292093786e-01,-7.714755678235832859e-01,-8.363958461371958641e-01,-1.406992000013879140e-01,1.918937348140250299e+00,-1.138574910821523040e-01,-2.081678886986338739e+01,1.938991877799197994e+01,1.738814237966398224e+01,1.895965569467471923e+01,1.869640211998727963e+01,-1.151325277395952168e-01,1.118604295152277467e-01,5.270601057664072581e-02,3.523809514137036802e-01,-2.026867373542178274e-01,4.175386337970146688e-01,1.845047674771307200e+01,1.871605844771045568e+01,1.969546741375967969e+01,1.918202491121310160e+01,5.022176652375567318e-01,-6.123267334265665163e-01,-4.907325632101383062e-01,-1.195609370644765412e-01,-8.577341739143305721e-02,1.972389136285793754e+01,1.804343978409458771e+01,1.866563607605201369e+01,1.955196399933852902e+01,-1.001287151613979987e+01,1.196707372187979956e+00,-2.609096817087550035e-01,3.058707063009458160e-01,-1.016502909642850838e+00,1.909222353722477550e+01,1.876186658810237162e+01,1.925810923171068723e+01,-8.104380008752427589e-01,1.668577216052013590e+00,5.284713394557158384e-02,-2.967577532742863844e-01,1.925304067589918944e+01,1.891689589676850147e+01,1.884259802287990837e+01,-2.531894842460782336e-01,-2.012688687295839662e-02,-6.557200733690472516e-01,-1.896709829164277281e-03,1.913773940214747427e+01
1.866915766169924140e+01,1.933618515882599098e+01,1.918277042451795822e+01,1.809240435539110692e+01,1.905218439913530304e+01,1.912871476862473585e+01,-9.137673083188993517e-02,2.100505797607221115e-01,1.945885975377840538e+01,1.906091178358571980e+01,1.946426453443028493e+01,2.255168283132254814e+00,1.890178315835232681e+01,2.287710721818852211e-01,4.972709530623508067e-01,2.103910929977456934e-01,1.642009207068633359e+01,6.277923158906390455e+01,1.948601812399183686e+01,1.894387021283197825e+01,1.889131406456324669e+01,-3.356165623987259483e+00,7.308366841162496907e-01,2.907975539743224425e-01,-1.547555987068123917e+00,-3.314114380590584830e-01,2.149693762827228838e+01,1.930053818960436374e+01,1.852760082994172208e+01,1.880716981245313590e+01,-1.268781014674189800e+00,-3.000407985110039588e-01,-4.899256744478265868e-01,-1.221599909334355853e-02,4.989988114004703768e+00,-3.210915052226785971e+00,2.020138183754918870e+01,1.823201089191969260e+01,1.890970040695059495e+01,1.766676396979683972e+01,1.912829164576519148e+01,3.065915913292093786e-01,-7.714755678235832859e-01,-8.363958461371958641e-01,-1.406992000013879140e-01,1.918937348140250299e+00,-1.138574910821523040e-01,-2.081678886986338739e+01,1.938991877799197994e+01,1.738814237966398224e+01,1.895965569467471923e+01,1.869413304325909309e+01,-1.151325277395952168e-01,1.118604295152277467e-01,5.270601057664072581e-02,3.523809514137036802e-01,-2.026867373542178274e-01,4.175386337970146688e-01,1.845047674771307200e+01,1.871605844771045568e+01,1.969546741375967969e+01,1.918132507163167588e+01,5.022176652375567318e-01,-5.987838368167323067e-01,-4.907325632101383062e-01,-1.195609370644765412e-01,-8.577341739143305721e-02,1.972389136285793754e+01,1.804343978409458771e+01,1.866563607605201369e+01,1.955445786944295250e+01,-1.001287151613979987e+01,1.196707372187979956e+00,-2.609096817087550035e-01,3.052811109614635976e-01,-1.016502909642850838e+00,1.909222353722477550e+01,1.876186658810237162e+01,1.925810923171068723e+01,-8.104380008752427589e-01,1.668577216052013590e+00,5.284713394557158384e-02,-2.977793866467550732e-01,1.925304067589918944e+01,1.891689589676850147e+01,1.884259802287990837e+01,-2.531894842460782336e-01,-2.165814053571453804e-02,-6.550988009168831061e-01,-1.896709829164277281e-03,1.913773940214747427e+01
1.866915766169924140e+01,1.933618515882599098e+01,1.918277042451795822e+01,1.809240435539110692e+01,1.905218439913530304e+01,1.912871476862473585e+01,-9.137673083188993517e-02,2.100505797607221115e-01,1.946305294757000226e+01,1.906091178358571980e+01,1.946426453443028493e+01,2.255168283132254814e+00,1.890178315835232681e+01,2.287710721818852211e-01,4.972709530623508067e-01,2.103910929977456934e-01,1.642009207068633359e+01,6.274611747089285529e+01,1.948601812399183686e+01,1.894387021283197825e+01,1.889131406456324669e+01,-3.356165623987259483e+00,7.297975274637343857e-01,2.907975539743224425e-01,-1.548786160556483438e+00,-3.314114380590584830e-01,2.149693762827228838e+01,1.930053818960436374e+01,1.852760082994172208e+01,1.880716981245313590e+01,-1.268781014674189800e+00,-3.000407985110039588e-01,-4.899256744478265868e-01,-1.221599909334355853e-02,4.989988114004703768e+00,-3.210915052226785971e+00,2.020138183754918870e+01,1.823201089191969260e+01,1.890970040695059495e+01,1.766676396979683972e+01,1.912829164576519148e+01,3.065915913292093786e-01,-7.714755678235832859e-01,-8.363958461371958641e-01,-1.430352326535346275e-01,1.918937348140250299e+00,-1.138574910821523040e-01,-2.081678886986338739e+01,1.938991877799197994e+01,1.738814237966398224e+01,1.895965569467471923e+01,1.869413304325909309e+01,-1.151325277395952168e-01,1.118604295152277467e-01,5.270601057664072581e-02,3.523809514137036802e-01,-2.026867373542178274e-01,4.175386337970146688e-01,1.844874735387525178e+01,1.871605844771045568e+01,1.969546741375967969e+01,1.918132507163167588e+01,4.992906832298291686e-01,-5.987838368167323067e-01,-4.907325632101383062e-01,-1.195609370644765412e-01,-8.577341739143305721e-02,1.972389136285793754e+01,1.804343978409458771e+01,1.866563607605201369e+01,1.955445786944295250e+01,-1.001287151613979987e+01,1.196707372187979956e+00,-2.609096817087550035e-01,3.052811109614635976e-01,-1.016502909642850838e+00,1.908460516049692401e+01,1.857843158094555491e+01,1.925810923171068723e+01,-8.104380008752427589e-01,1.668577216052013590e+00,5.284713394557158384e-02,-2.977793866467550732e-01,1.925304067589918944e+01,1.891689589676850147e+01,1.884259802287990837e+01,-2.531894842460782336e-01,-2.165814053571453804e-02,-6.550988009168831061e-01,-1.896709829164277281e-03,1.913773940214747427e+01
1.866915766169924140e+01,1.933618515882599098e+01,1.918277042451795822e+01,1.809240435539110692e+01,1.905218439913530304e+01,1.912871476862473585e+01,-9.137673083188993517e-02,2.100505797607221115e-01,1.946305294757000226e+01,1.906091178358571980e+01,1.946426453443028493e+01,2.255168283132254814e+00,1.890178315835232681e+01,2.287710721818852211e-01,4.972709530623508067e-01,2.103910929977456934e-01,1.642009207068633359e+01,6.274611747089285529e+01,1.948601812399183686e+01,1.893927170078450217e+01,1.889131406456324669e+01,-3.356165623987259483e+00,7.297975274637343857e-01,2.907975539743224425e-01,-1.548786160556483438e+00,-3.314114380590584830e-01,2.152207989693240719e+01,1.930053818960436374e+01,1.853357033413289301e+01,1.880716981245313590e+01,-1.268781014674189800e+00,-3.000407985110039588e-01,-4.924886275709801087e-01,-1.221599909334355853e-02,4.989988114004703768e+00,-3.210915052226785971e+00,2.020138183754918870e+01,1.823201089191969260e+01,1.890970040695059495e+01,1.767795157740912515e+01,1.912829164576519148e+01,3.065915913292093786e-01,-7.714755678235832859e-01,-8.363958461371958641e-01,-1.430352326535346275e-01,1.918937348140250299e+00,-1.138574910821523040e-01,-2.081678886986338739e+01,1.938991877799197994e+01,1.738814237966398224e+01,1.895965569467471923e+01,1.869413304325909309e+01,-1.151325277395952168e-01,1.118604295152277467e-01,5.270601057664072581e-02,3.537814269709189108e-01,-2.026867373542178274e-01,4.175386337970146688e-01,1.844874735387525178e+01,1.871605844771045568e+01,1.969546741375967969e+01,1.918132507163167588e+01,4.992906832298291686e-01,-5.987838368167323067e-01,-4.819394344120792595e-01,-1.195609370644765412e-01,-8.577341739143305721e-02,1.972389136285793754e+01,1.804343978409458771e+01,1.866563607605201369e+01,1.955445786944295250e+01,-1.001287151613979987e+01,1.196707372187979956e+00,-2.609096817087550035e-01,3.052811109614635976e-01,-1.016502909642850838e+00,1.908460516049692401e+01,1.857843158094555491e+01,1.926012765837129237e+01,-6.404790614858921760e-01,1.668577216052013590e+00,5.284713394557158384e-02,-2.977793866467550732e-01,1.925304067589918944e+01,1.891689589676850147e+01,1.884259802287990837e+01,-2.531894842460782336e-01,-2.165814053571453804e-02,-6.550988009168831061e-01,-1.896709829164277281e-03,1.913773940214747427e+01
1.866397099011683025e+01,1.933618515882599098e+01,1.918277042451795822e+01,1.809240435539110692e+01,1.905218439913530304e+01,1.912871476862473585e+01,-9.137673083188993517e-02,2.100505797607221115e-01,1.946305294757000226e+01,1.906091178358571980e+01,1.946426453443028493e+01,2.255168283132254814e+00,1.890178315835232681e+01,2.287710721818852211e-01,4.972709530623508067e-01,2.103910929977456934e-01,1.642009207068633359e+01,6.274611747089285529e+01,1.948601812399183686e+01,1.893927170078450217e+01,1.889446343169032616e+01,-3.356165623987259483e+00,7.297975274637343857e-01,2.869191672834590645e-01,-1.548786160556483438e+00,-3.314114380590584830e-01,2.152207989693240719e+01,1.930053818960436374e+01,1.853357033413289301e+01,1.880716981245313590e+01,-1.268781014674189800e+00,-3.000407985110039588e-01,-4.924886275709801087e-01,-1.221599909334355853e-02,4.989988114004703768e+00,-3.210915052226785971e+00,2.020138183754918870e+01,1.823201089191969260e+01,1.890970040695059495e+01,1.767795157740912515e+01,1.912829164576519148e+01,3.065915913292093786e-01,-7.714755678235832859e-01,-8.363958461371958641e-01,-1.430352326535346275e-01,1.910823530019885697e+00,-1.291882036806099865e-01,-2.081678886986338739e+01,1.938991877799197994e+01,1.738814237966398224e+01,1.885311816143994790e+01,1.869413304325909309e+01,-1.151325277395952168e-01,1.118604295152277467e-01,5.270601057664072581e-02,3.537814269709189108e-01,-2.026867373542178274e-01,4.175386337970146688e-01,1.844874735387525178e+01,1.870806652476654008e+01,1.969546741375967969e+01,1.918132507163167588e+01,4.992906832298291686e-01,-5.987838368167323067e-01,-4.819394344120792595e-01,-1.195609370644765412e-01,-8.577341739143305721e-02,1.972389136285793754e+01,1.804343978409458771e+01,1.866563607605201369e+01,1.955445786944295250e+01,-1.001287151613979987e+01,1.196707372187979956e+00,-2.609096817087550035e-01,3.052811109614635976e-01,-1.016502909642850838e+00,1.908460516049692401e+01,1.857843158094555491e+01,1.926012765837129237e+01,-6.404790614858921760e-01,1.655175934823714723e+00,5.284713394557158384e-02,-2.977793866467550732e-01,1.925304067589918944e+01,1.891689589676850147e+01,1.894413207386601528e+01,-2.531894842460782336e-01,-2.165814053571453804e-02,-6.550988009168831061e-01,-1.896709829164277281e-03,1.913773940214747427e+01
1.866397099011683025e+01,1.933618515882599098e+01,1.918277042451795822e+01,1.809240435539110692e+01,1.905218439913530304e+01,1.912871476862473585e+01,-9.137673083188993517e-02,2.100505797607221115e-01,1.946305294757000226e+01,1.906091178358571980e+01,1.946426453443028493e+01,2.255772322110741523e+00,1.890178315835232681e+01,2.287710721818852211e-01,4.972709530623508067e-01,2.103910929977456934e-01,1.642009207068633359e+01,6.274611747089285529e+01,1.948601812399183686e+01,1.893927170078450217e+01,1.889446343169032616e+01,-3.356165623987259483e+00,7.297975274637343857e-01,2.869191672834590645e-01,-1.548786160556483438e+00,-3.319259469829025644e-01,2.152207989693240719e+01,1.930053818960436374e+01,1.853357033413289301e+01,1.880716981245313590e+01,-1.272202927513381265e+00,-3.010522078011416691e-01,-4.924886275709801087e-01,-1.221599909334355853e-02,4.989988114004703768e+00,-3.210915052226785971e+00,2.020138183754918870e+01,1.823201089191969260e+01,1.890970040695059495e+01,1.767795157740912515e+01,1.912829164576519148e+01,3.065915913292093786e-01,-7.714755678235832859e-01,-8.363958461371958641e-01,-1.430352326535346275e-01,1.910823530019885697e+00,-1.291882036806099865e-01,-2.081678886986338739e+01,1.938991877799197994e+01,1.738814237966398224e+01,1.885311816143994790e+01,1.869413304325909309e+01,-1.151325277395952168e-01,1.169462696747779057e-01,5.270601057664072581e-02,3.537814269709189108e-01,-2.026867373542178274e-01,4.175386337970146688e-01,1.844874735387525178e+01,1.870806652476654008e+01,1.969576034104404982e+01,1.918132507163167588e+01,4.992906832298291686e-01,-5.987838368167323067e-01,-4.819394344120792595e-01,-1.206464448167645920e-01,-8.577341739143305721e-02,1.972389136285793754e+01,1.804343978409458771e+01,1.866563607605201369e+01,1.955445786944295250e+01,-1.001287151613979987e+01,1.196707372187979956e+00,-2.609096817087550035e-01,3.052811109614635976e-01,-1.016502909642850838e+00,1.908460516049692401e+01,1.857843158094555491e+01,1.926012765837129237e+01,-6.404790614858921760e-01,1.655175934823714723e+00,5.398255699545773112e-02,-2.977793866467550732e-01,1.925304067589918944e+01,1.891689589676850147e+01,1.894413207386601528e+01,-2.516784372047093932e-01,-2.165814053571453804e-02,-6.550988009168831061e-01,-1.896709829164277281e-03,1.913773940214747427e+01
1.866397099011683025e+01,1.933618515882599098e+01,1.919434529901894848e+01,1.809240435539110692e+01,1.906526168082508121e+01,1.912871476862473585e+01,-9.344211170652431953e-02,2.100505797607221115e-01,1.946305294757000226e+01,1.906091178358571980e+01,1.946426453443028493e+01,2.255772322110741523e+00,1.890178315835232681e+01,2.287710721818852211e-01,4.972709530623508067e-01,2.103910929977456934e-01,1.642009207068633359e+01,6.274611747089285529e+01,1.948601812399183686e+01,1.893927170078450217e+01,1.889446343169032616e+01,-3.356165623987259483e+00,7.297975274637343857e-01,2.869191672834590645e-01,-1.548786160556483438e+00,-3.319259469829025644e-01,2.152207989693240719e+01,1.930053818960436374e+01,1.853357033413289301e+01,1.880716981245313590e+01,-1.272202927513381265e+00,-3.010522078011416691e-01,-4.924886275709801087e-01,-1.221599909334355853e-02,4.989988114004703768e+00,-3.210915052226785971e+00,2.020138183754918870e+01,1.823201089191969260e+01,1.890970040695059495e+01,1.767795157740912515e+01,1.914337768460816847e+01,3.065915913292093786e-01,-7.714755678235832859e-01,-8.363958461371958641e-01,-1.430352326535346275e-01,1.910823530019885697e+00,-1.291882036806099865e-01,-2.082276645434781415e+01,1.938991877799197994e+01,1.738814237966398224e+01,1.885311816143994790e+01,1.869413304325909309e+01,-1.151325277395952168e-01,1.169462696747779057e-01,5.270601057664072581e-02,3.537814269709189108e-01,-2.026867373542178274e-01,4.175386337970146688e-01,1.844874735387525178e+01,1.870806652476654008e+01,1.969576034104404982e+01,1.918132507163167588e+01,4.992906832298291686e-01,-5.987838368167323067e-01,-4.819394344120792595e-01,-1.206464448167645920e-01,-8.577341739143305721e-02,1.972389136285793754e+01,1.804343978409458771e+01,1.867111831995955740e+01,1.955445786944295250e+01,-1.001287151613979987e+01,1.196707372187979956e+00,-2.609096817087550035e-01,3.052811109614635976e-01,-1.016502909642850838e+00,1.908460516049692401e+01,1.857843158094555491e+01,1.926012765837129237e+01,-6.404790614858921760e-01,1.655175934823714723e+00,5.398255699545773112e-02,-2.977793866467550732e-01,1.924427498391671776e+01,1.891689589676850147e+01,1.894413207386601528e+01,-2.516784372047093932e-01,-2.165814053571453804e-02,-6.550988009168831061e-01,-4.441770303670075463e-03,1.914074436336821705e+01
1.866397099011683025e+01,1.933618515882599098e+01,1.919434529901894848e+01,1.809240435539110692e+01,1.906526168082508121e+01,1.912871476862473585e+01,-9.344211170652431953e-02,2.100505797607221115e-01,1.946305294757000226e+01,1.905452397279273669e+01,1.946426453443028493e+01,2.255772322110741523e+00,1.890178315835232681e+01,2.287710721818852211e-01,4.972709530623508067e-01,2.103910929977456934e-01,1.642009207068633359e+01,6.274611747089285529e+01,1.948601812399183686e+01,1.893927170078450217e+01,1.889446343169032616e+01,-3.288765451439475740e+00,7.297975274637343857e-01,2.869191672834590645e-01,-1.548786160556483438e+00,-3.319259469829025644e-01,2.152207989693240719e+01,1.933323576587855186e+01,1.853357033413289301e+01,1.880716981245313590e+01,-1.272202927513381265e+00,-3.010522078011416691e-01,-4.924886275709801087e-01,-1.221599909334355853e-02,4.989988114004703768e+00,-3.210915052226785971e+00,2.019003991657622166e+01,1.823828198087718278e+01,1.890970040695059495e+01,1.767795157740912515e+01,1.914337768460816847e+01,3.065915913292093786e-01,-7.714755678235832859e-01,-8.412389438573896205e-01,-1.430352326535346275e-01,1.910823530019885697e+00,-1.291882036806099865e-01,-2.082276645434781415e+01,1.934837884859686241e+01,1.738814237966398224e+01,1.885311816143994790e+01,1.869413304325909309e+01,-1.151325277395952168e-01,1.169462696747779057e-01,5.270601057664072581e-02,3.537814269709189108e-01,-2.026867373542178274e-01,4.175386337970146688e-01,1.844874735387525178e+01,1.870806652476654008e+01,1.969576034104404982e+01,1.918132507163167588e+01,4.992906832298291686e-01,-5.987838368167323067e-01,-4.819394344120792595e-01,-1.206464448167645920e-01,-8.577341739143305721e-02,1.959050559315210194e+01,1.804343978409458771e+01,1.867111831995955740e+01,1.955445786944295250e+01,-1.001287151613979987e+01,1.196707372187979956e+00,-2.609096817087550035e-01,3.052811109614635976e-01,-1.009020844046189858e+00,1.908460516049692401e+01,1.857843158094555491e+01,1.926012765837129237e+01,-6.404790614858921760e-01,1.655175934823714723e+00,5.398255699545773112e-02,-2.977793866467550732e-01,1.924427498391671776e+01,1.891689589676850147e+01,1.894413207386601528e+01,-2.516784372047093932e-01,-2.165814053571453804e-02,-6.550988009168831061e-01,-4.441770303670075463e-03,1.914074436336821705e+01
1.866397099011683025e+01,1.933618515882599098e+01,1.919434529901894848e+01,1.809240435539110692e+01,1.906526168082508121e+01,1.912871476862473585e+01,-9.344211170652431953e-02,2.100505797607221115e-01,1.946305294757000226e+01,1.905452397279273669e+01,1.946426453443028493e+01,2.255772322110741523e+00,1.894275171142029990e+01,2.287710721818852211e-01,4.972709530623508067e-01,2.103910929977456934e-01,1.642009207068633359e+01,6.274611747089285529e+01,1.948601812399183686e+01,1.893927170078450217e+01,1.889446343169032616e+01,-3.288765451439475740e+00,7.297975274637343857e-01,2.869191672834590645e-01,-1.548786160556483438e+00,-3.319259469829025644e-01,2.152207989693240719e+01,1.933323576587855186e+01,1.853357033413289301e+01,1.880716981245313590e+01,-1.272202927513381265e+00,-3.010522078011416691e-01,-4.924886275709801087e-01,-1.221599909334355853e-02,4.935120621958271947e+00,-3.210915052226785971e+00,2.019003991657622166e+01,1.823828198087718278e+01,1.885036241247151167e+01,1.767795157740912515e+01,1.914337768460816847e+01,3.065915913292093786e-01,-7.714755678235832859e-01,-8.412389438573896205e-01,-1.430352326535346275e-01,1.910823530019885697e+00,-1.291882036806099865e-01,-2.082276645434781415e+01,1.934837884859686241e+01,1.738814237966398224e+01,1.885311816143994790e+01,1.869413304325909309e+01,-7.614623608855938253e-01,1.169462696747779057e-01,8.242000923881749597e-02,3.537814269709189108e-01,-2.026867373542178274e-01,-7.686369394131886690e-01,1.844874735387525178e+01,1.870806652476654008e+01,1.969576034104404982e+01,1.918132507163167588e+01,4.992906832298291686e-01,-5.987838368167323067e-01,-4.819394344120792595e-01,-1.206464448167645920e-01,-2.098573152663302521e-01,1.959050559315210194e+01,1.804343978409458771e+01,1.867111831995955740e+01,1.955445786944295250e+01,-1.009620179075575486e+01,1.252560240842631289e+00,-2.609096817087550035e-01,3.052811109614635976e-01,-1.009020844046189858e+00,1.908460516049692401e+01,1.857843158094555491e+01,1.926012765837129237e+01,-6.404790614858921760e-01,1.655175934823714723e+00,5.398255699545773112e-02,-2.977793866467550732e-01,1.924427498391671776e+01,1.901189275058976236e+01,1.894413207386601528e+01,-2.516784372047093932e-01,-2.165814053571453804e-02,-6.550988009168831061e-01,-4.441770303670075463e-03,1.914074436336821705e+01
1.890556619183645637e+01,1.932358577623212526e+01,1.917859092706045487e+01,1.806050861114583128e+01,1.898365491485427370e+01,1.894873813703438614e+01,5.665749651982991075e+00,3.923334855032159334e-03,1.950485304366616290e+01,1.923708090936747794e+01,1.933812696713129498e+01,2.241938456394439783e+00,1.866999376504290353e+01,1.422548875544516755e-01,8.868457162088173584e-01,2.014900188346822607e-01,1.651244330969445784e+01,6.314323781906372091e+01,1.897637389542828501e+01,1.893518662044079903e+01,1.880420696243592005e+01,-5.084778356607999594e-02,7.723104848815176560e-01,3.261110455460130009e-01,0.000000000000000000e+00,-9.240609935136287478e-02,2.148237354546270339e+01,1.928772927812505955e+01,1.848073910976135892e+01,1.656183799539723722e+01,-1.676853137847366337e+00,-2.114912132772985287e-01,-4.681723191579809651e-01,4.440048720256273979e-02,4.984763024596121639e+00,-3.243077012619668853e+00,1.900000000000000000e+01,1.833948371366252417e+01,1.888292048940643753e+01,1.869238529381016889e+01,1.899434179763372654e+01,3.411878890898230599e-01,3.133420747361759760e-03,-7.440538183623219837e-01,-6.906051607006989668e-02,1.923048813741437824e-01,-9.195670927941691775e-03,-2.080664849386404924e+01,1.917838454291026906e+01,1.902374913352938535e+01,1.886806052122291533e+01,1.856633627830097311e+01,7.610348290587640174e-03,-1.862329247888894646e+00,-1.061067437510507250e-02,1.757237143081195330e-01,5.849749032204242319e-03,3.915630072709093690e-01,1.849224579885103381e+01,1.872780613190502308e+01,2.283018293070190552e+01,1.925237776073259965e+01,7.424331126199507080e-01,-1.602770707398150363e-01,-5.420880393844049738e-01,-2.570549430145826486e-01,1.784726677855027685e-02,1.960547212534972417e+01,1.803664155569423500e+01,1.871933086617251973e+01,1.947930353278199789e+01,-9.104268401473900596e+00,-2.001016121192404629e-02,-9.219209002914117157e-01,2.508023277691264763e-01,-1.172733116907096695e+00,1.959753950758656771e+01,1.867200976686421399e+01,1.898510443463166908e+01,-1.316278391812979676e+00,1.717193560650437156e+00,8.009843795446545955e-02,-2.710386618976250439e-01,1.940589280096037683e+01,1.882475975199629659e+01,1.886269031670632756e+01,-2.767771451020726303e-01,-7.593985073528909668e-03,-3.427975484273095286e-01,5.910035452517561211e-02,1.915584361158109061e+01
1.890556619183645637e+01,1.932358577623212526e+01,1.917859092706045487e+01,1.808120693017953329e+01,1.898365491485427370e+01,1.894873813703438614e+01,5.665749651982991075e+00,3.923334855032159334e-03,1.950485304366616290e+01,1.923708090936747794e+01,1.933812696713129498e+01,2.241938456394439783e+00,1.866999376504290353e+01,1.422548875544516755e-01,8.868457162088173584e-01,2.014900188346822607e-01,1.651244330969445784e+01,6.314323781906372091e+01,1.897637389542828501e+01,1.893518662044079903e+01,1.880420696243592005e+01,-5.084778356607999594e-02,7.723104848815176560e-01,3.401982056135361421e-01,0.000000000000000000e+00,-9.240609935136287478e-02,2.146873560311659190e+01,1.928772927812505955e+01,1.848073910976135892e+01,1.656183799539723722e+01,-1.676853137847366337e+00,-2.114912132772985287e-01,-4.681723191579809651e-01,4.440048720256273979e-02,4.984763024596121639e+00,-3.243077012619668853e+00,1.900000000000000000e+01,1.833948371366252417e+01,1.888292048940643753e+01,1.869238529381016889e+01,1.899434179763372654e+01,3.411878890898230599e-01,3.133420747361759760e-03,-7.440538183623219837e-01,-6.906051607006989668e-02,1.923048813741437824e-01,-9.195670927941691775e-03,-2.080664849386404924e+01,1.917838454291026906e+01,1.902374913352938535e+01,1.886806052122291533e+01,1.856633627830097311e+01,7.610348290587640174e-03,-1.862329247888894646e+00,-1.061067437510507250e-02,1.757237143081195330e-01,5.849749032204242319e-03,3.915630072709093690e-01,1.862330277809887136e+01,1.874335752679978029e+01,2.283018293070190552e+01,1.925237776073259965e+01,7.424331126199507080e-01,-1.744411428283356713e-01,-5.420880393844049738e-01,-2.570549430145826486e-01,1.784726677855027685e-02,1.961665362836081528e+01,1.803664155569423500e+01,1.871933086617251973e+01,1.947930353278199789e+01,-9.104268401473900596e+00,-2.001016121192404629e-02,-9.219209002914117157e-01,2.508023277691264763e-01,-1.172733116907096695e+00,1.959753950758656771e+01,1.867200976686421399e+01,1.898510443463166908e+01,-1.316278391812979676e+00,1.717193560650437156e+00,2.382117514715531570e-02,-2.710386618976250439e-01,1.939599200553496772e+01,1.882475975199629659e+01,1.886269031670632756e+01,-2.767771451020726303e-01,-7.593985073528909668e-03,-3.427975484273095286e-01,5.910035452517561211e-02,1.915584361158109061e+01
1.897737668070352157e+01,1.932358577623212526e+01,1.917859092706045487e+01,1.808120693017953329e+01,1.898365491485427370e+01,1.894873813703438614e+01,5.665749651982991075e+00,3.923334855032159334e-03,1.950485304366616290e+01,1.903538045287061919e+01,1.933812696713129498e+01,2.241938456394439783e+00,1.866999376504290353e+01,1.422548875544516755e-01,8.868457162088173584e-01,2.014900188346822607e-01,1.644997565155607333e+01,6.314323781906372091e+01,1.897637389542828501e+01,1.893518662044079903e+01,1.880420696243592005e+01,-5.084778356607999594e-02,7.723104848815176560e-01,3.401982056135361421e-01,0.000000000000000000e+00,-9.240609935136287478e-02,2.146873560311659190e+01,1.928772927812505955e+01,1.848073910976135892e+01,1.656183799539723722e+01,-1.676853137847366337e+00,-2.114912132772985287e-01,-4.681723191579809651e-01,4.440048720256273979e-02,4.984763024596121639e+00,-3.243077012619668853e+00,1.900000000000000000e+01,1.833948371366252417e+01,1.888292048940643753e+01,1.869238529381016889e+01,1.899434179763372654e+01,3.411878890898230599e-01,3.133420747361759760e-03,-7.440538183623219837e-01,-6.906051607006989668e-02,-1.484527251787464974e-01,-9.195670927941691775e-03,-2.080664849386404924e+01,1.909737306916710153e+01,1.902374913352938535e+01,1.886806052122291533e+01,1.856633627830097311e+01,7.610348290587640174e-03,-1.862329247888894646e+00,-1.061067437510507250e-02,1.757237143081195330e-01,5.849749032204242319e-03,4.871282121317851432e-01,1.862330277809887136e+01,1.874335752679978029e+01,2.283018293070190552e+01,1.925237776073259965e+01,7.424331126199507080e-01,-1.744411428283356713e-01,-5.420880393844049738e-01,-2.570549430145826486e-01,1.784726677855027685e-02,1.961665362836081528e+01,1.803664155569423500e+01,1.871933086617251973e+01,1.947930353278199789e+01,-9.531560195784587464e+00,-2.001016121192404629e-02,-9.219209002914117157e-01,3.827796959388728437e-01,-1.172733116907096695e+00,1.959753950758656771e+01,1.867200976686421399e+01,1.898510443463166908e+01,-1.316278391812979676e+00,1.717193560650437156e+00,2.382117514715531570e-02,-2.710386618976250439e-01,1.939599200553496772e+01,1.882475975199629659e+01,1.886269031670632756e+01,-2.767771451020726303e-01,-7.593985073528909668e-03,-3.427975484273095286e-01,5.910035452517561211e-02,1.872725200597891870e+01
1.897737668070352157e+01,1.932358577623212526e+01,1.917859092706045487e+01,1.808120693017953329e+01,1.890147115125091304e+01,1.894873813703438614e+01,5.665749651982991075e+00,3.923334855032159334e-03,1.950485304366616290e+01,1.903538045287061919e+01,1.933812696713129498e+01,2.241938456394439783e+00,1.866999376504290353e+01,1.422548875544516755e-01,8.868457162088173584e-01,2.014900188346822607e-01,1.644997565155607333e+01,6.314323781906372091e+01,1.897637389542828501e+01,1.893518662044079903e+01,1.880420696243592005e+01,3.196634103364967561e-01,7.723104848815176560e-01,3.401982056135361421e-01,0.000000000000000000e+00,-9.240609935136287478e-02,2.146873560311659190e+01,1.928772927812505955e+01,1.848073910976135892e+01,1.656183799539723722e+01,-1.676853137847366337e+00,-2.114912132772985287e-01,-4.681723191579809651e-01,4.440048720256273979e-02,4.984763024596121639e+00,-3.243077012619668853e+00,1.924152924550079291e+01,1.833948371366252417e+01,1.888292048940643753e+01,1.869238529381016889e+01,1.899434179763372654e+01,3.411878890898230599e-01,-1.749963215769033131e-01,-7.440538183623219837e-01,-6.906051607006989668e-02,-1.484527251787464974e-01,-9.195670927941691775e-03,-2.088063051167872430e+01,1.909737306916710153e+01,1.902374913352938535e+01,1.886806052122291533e+01,1.856633627830097311e+01,-2.104424224072259375e-01,-1.862329247888894646e+00,-1.061067437510507250e-02,1.757237143081195330e-01,9.153860800657383223e-02,4.871282121317851432e-01,1.862330277809887136e+01,1.874335752679978029e+01,2.283018293070190552e+01,1.925237776073259965e+01,7.424331126199507080e-01,-1.744411428283356713e-01,-5.420880393844049738e-01,-2.570549430145826486e-01,1.784726677855027685e-02,1.961665362836081528e+01,1.803664155569423500e+01,1.871933086617251973e+01,1.947930353278199789e+01,-9.531560195784587464e+00,-2.001016121192404629e-02,-9.219209002914117157e-01,3.827796959388728437e-01,-1.172733116907096695e+00,1.959753950758656771e+01,1.977735091125885347e+01,1.898510443463166908e+01,-1.316278391812979676e+00,1.717193560650437156e+00,2.382117514715531570e-02,-2.710386618976250439e-01,1.939599200553496772e+01,1.681693102266452300e+01,1.886269031670632756e+01,-2.767771451020726303e-01,-7.593985073528909668e-03,-3.427975484273095286e-01,5.910035452517561211e-02,1.872725200597891870e+01
1.897737668070352157e+01,1.932358577623212526e+01,1.917859092706045487e+01,1.808120693017953329e+01,1.890147115125091304e+01,1.894873813703438614e+01,5.665749651982991075e+00,3.923334855032159334e-03,1.950485304366616290e+01,1.903538045287061919e+01,1.933812696713129498e+01,2.241938456394439783e+00,1.864024123783518405e+01,1.422548875544516755e-01,8.868457162088173584e-01,2.014900188346822607e-01,1.644997565155607333e+01,6.314323781906372091e+01,1.897637389542828501e+01,1.893518662044079903e+01,1.880420696243592005e+01,3.196634103364967561e-01,7.723104848815176560e-01,3.401982056135361421e-01,0.000000000000000000e+00,-9.240609935136287478e-02,2.146873560311659190e+01,1.928772927812505955e+01,1.850630932592650879e+01,1.656183799539723722e+01,-1.676853137847366337e+00,-5.433793400812821917e-01,-4.681723191579809651e-01,4.440048720256273979e-02,4.984763024596121639e+00,-3.243077012619668853e+00,1.924152924550079291e+01,1.836603647632828284e+01,1.888292048940643753e+01,1.869238529381016889e+01,1.899434179763372654e+01,3.411878890898230599e-01,-1.749963215769033131e-01,-7.245818962151685527e-01,-6.906051607006989668e-02,-1.484527251787464974e-01,5.192979292817868631e-01,-2.088063051167872430e+01,1.909737306916710153e+01,1.902374913352938535e+01,1.886806052122291533e+01,1.856633627830097311e+01,-2.104424224072259375e-01,-1.862329247888894646e+00,-1.061067437510507250e-02,1.757237143081195330e-01,9.153860800657383223e-02,4.871282121317851432e-01,1.862330277809887136e+01,1.874335752679978029e+01,2.283018293070190552e+01,1.925237776073259965e+01,7.424331126199507080e-01,-1.744411428283356713e-01,-5.420880393844049738e-01,-2.001367407563458267e-01,1.784726677855027685e-02,1.961665362836081528e+01,1.803664155569423500e+01,1.871933086617251973e+01,1.947930353278199789e+01,-9.531560195784587464e+00,-2.001016121192404629e-02,-9.219209002914117157e-01,3.827796959388728437e-01,-1.172733116907096695e+00,1.959753950758656771e+01,1.977735091125885347e+01,1.898510443463166908e+01,-1.316278391812979676e+00,1.717193560650437156e+00,2.382117514715531570e-02,-2.710386618976250439e-01,1.939599200553496772e+01,1.681693102266452300e+01,1.886269031670632756e+01,-3.272990232018219148e-01,-4.222918265911440594e-02,-3.427975484273095286e-01,5.910035452517561211e-02,1.872725200597891870e+01
1.897737668070352157e+01,1.932358577623212526e+01,1.917859092706045487e+01,1.808120693017953329e+01,1.890147115125091304e+01,1.894873813703438614e+01,5.665749651982991075e+00,3.923334855032159334e-03,1.950485304366616290e+01,1.903538045287061919e+01,1.933812696713129498e+01,2.241938456394439783e+00,1.864024123783518405e+01,1.422548875544516755e-01,8.868457162088173584e-01,2.014900188346822607e-01,1.644997565155607333e+01,6.314323781906372091e+01,1.897637389542828501e+01,1.893518662044079903e+01,1.880420696243592005e+01,3.196634103364967561e-01,7.723104848815176560e-01,3.401982056135361421e-01,0.000000000000000000e+00,-9.240609935136287478e-02,2.146873560311659190e+01,1.928772927812505955e+01,1.850630932592650879e+01,1.656183799539723722e+01,-1.676853137847366337e+00,-5.433793400812821917e-01,-4.681723191579809651e-01,-6.029630313529873442e-01,4.984763024596121639e+00,-3.198290016482275622e+00,1.924152924550079291e+01,1.836603647632828284e+01,1.888292048940643753e+01,1.869238529381016889e+01,1.899434179763372654e+01,3.411878890898230599e-01,-1.749963215769033131e-01,-7.245818962151685527e-01,-1.328122485816687348e-01,-1.484527251787464974e-01,5.192979292817868631e-01,-2.088063051167872430e+01,1.909737306916710153e+01,1.902374913352938535e+01,1.881610574870662234e+01,1.853413805894561861e+01,-2.104424224072259375e-01,-1.862329247888894646e+00,-6.876352741012364822e-02,1.757237143081195330e-01,9.153860800657383223e-02,4.871282121317851432e-01,1.862330277809887136e+01,1.874335752679978029e+01,2.283018293070190552e+01,1.925237776073259965e+01,7.424331126199507080e-01,-1.744411428283356713e-01,-5.420880393844049738e-01,-2.001367407563458267e-01,1.784726677855027685e-02,1.961665362836081528e+01,1.803664155569423500e+01,1.871933086617251973e+01,1.947930353278199789e+01,-9.531560195784587464e+00,-2.001016121192404629e-02,-9.219209002914117157e-01,3.827796959388728437e-01,-1.236574662189139140e+00,1.959753950758656771e+01,1.977735091125885347e+01,1.898510443463166908e+01,-1.316278391812979676e+00,2.270464728368552176e+00,2.382117514715531570e-02,-2.710386618976250439e-01,1.939599200553496772e+01,1.681693102266452300e+01,1.889157236525139894e+01,-3.272990232018219148e-01,-4.222918265911440594e-02,-3.427975484273095286e-01,5.910035452517561211e-02,1.872725200597891870e+01
1.897737668070352157e+01,1.941779210045300985e+01,1.917859092706045487e+01,1.808120693017953329e+01,1.890147115125091304e+01,1.818596466877232132e+01,5.665749651982991075e+00,3.923334855032159334e-03,1.950485304366616290e+01,1.903538045287061919e+01,1.933812696713129498e+01,2.241938456394439783e+00,1.864024123783518405e+01,1.422548875544516755e-01,8.868457162088173584e-01,2.701623212754733494e-01,1.644997565155607333e+01,6.314323781906372091e+01,1.897637389542828501e+01,1.943614607445963216e+01,1.880420696243592005e+01,3.196634103364967561e-01,7.723104848815176560e-01,3.401982056135361421e-01,1.516870578186002294e-01,-9.240609935136287478e-02,2.146873560311659190e+01,1.928772927812505955e+01,1.850630932592650879e+01,1.656183799539723722e+01,-1.676853137847366337e+00,-5.433793400812821917e-01,-3.648261364733812462e-01,-6.029630313529873442e-01,4.984763024596121639e+00,-3.198290016482275622e+00,1.924152924550079291e+01,1.836603647632828284e+01,1.888292048940643753e+01,1.839666375205561977e+01,1.899434179763372654e+01,2.974784943232899881e-01,-1.749963215769033131e-01,-7.245818962151685527e-01,-1.328122485816687348e-01,-1.484527251787464974e-01,5.192979292817868631e-01,-2.088063051167872430e+01,1.909737306916710153e+01,1.902374913352938535e+01,1.881610574870662234e+01,1.853413805894561861e+01,-2.104424224072259375e-01,-1.862329247888894646e+00,-6.876352741012364822e-02,1.757237143081195330e-01,9.153860800657383223e-02,4.871282121317851432e-01,1.862330277809887136e+01,1.874335752679978029e+01,2.283018293070190552e+01,1.925237776073259965e+01,7.424331126199507080e-01,-1.744411428283356713e-01,-6.194595418777398832e-01,-2.001367407563458267e-01,1.784726677855027685e-02,1.961665362836081528e+01,1.803664155569423500e+01,1.871933086617251973e+01,1.947930353278199789e+01,-9.531560195784587464e+00,-2.001016121192404629e-02,-9.219209002914117157e-01,3.827796959388728437e-01,-1.236574662189139140e+00,1.959753950758656771e+01,1.977735091125885347e+01,1.898510443463166908e+01,-1.316278391812979676e+00,2.270464728368552176e+00,2.382117514715531570e-02,-2.710386618976250439e-01,1.939599200553496772e+01,1.681693102266452300e+01,1.889157236525139894e+01,-3.272990232018219148e-01,-4.222918265911440594e-02,-3.427975484273095286e-01,5.910035452517561211e-02,1.872725200597891870e+01
1.897737668070352157e+01,1.941779210045300985e+01,1.917859092706045487e+01,1.808120693017953329e+01,1.890147115125091304e+01,1.818596466877232132e+01,5.665749651982991075e+00,3.923334855032159334e-03,1.955299896974578644e+01,1.903538045287061919e+01,1.933812696713129498e+01,2.153102750218214290e+00,1.864024123783518405e+01,1.156976284786490061e-02,7.237732488511761098e-01,2.701623212754733494e-01,1.644997565155607333e+01,6.314323781906372091e+01,1.897637389542828501e+01,1.943614607445963216e+01,1.880420696243592005e+01,3.196634103364967561e-01,7.723104848815176560e-01,3.401982056135361421e-01,1.516870578186002294e-01,-9.240609935136287478e-02,2.146873560311659190e+01,1.928772927812505955e+01,1.850630932592650879e+01,1.656183799539723722e+01,-1.676853137847366337e+00,-5.433793400812821917e-01,-3.648261364733812462e-01,-6.029630313529873442e-01,4.984763024596121639e+00,-3.198290016482275622e+00,1.924152924550079291e+01,1.836603647632828284e+01,1.888292048940643753e+01,1.839666375205561977e+01,1.877777996480613965e+01,2.974784943232899881e-01,-1.749963215769033131e-01,-7.245818962151685527e-01,-1.328122485816687348e-01,-1.484527251787464974e-01,5.192979292817868631e-01,-2.088063051167872430e+01,1.909737306916710153e+01,1.902374913352938535e+01,1.881610574870662234e+01,1.853413805894561861e+01,-2.104424224072259375e-01,-1.862329247888894646e+00,-6.876352741012364822e-02,1.757237143081195330e-01,9.153860800657383223e-02,4.871282121317851432e-01,1.862330277809887136e+01,1.874335752679978029e+01,2.283018293070190552e+01,1.925237776073259965e+01,7.424331126199507080e-01,-1.744411428283356713e-01,-6.194595418777398832e-01,-2.001367407563458267e-01,1.784726677855027685e-02,1.961665362836081528e+01,1.799350658993993335e+01,1.876739676294138093e+01,1.947930353278199789e+01,-9.531560195784587464e+00,-2.001016121192404629e-02,-9.219209002914117157e-01,3.827796959388728437e-01,-1.236574662189139140e+00,1.959753950758656771e+01,1.977735091125885347e+01,1.898510443463166908e+01,-1.316278391812979676e+00,2.270464728368552176e+00,2.382117514715531570e-02,-2.710386618976250439e-01,1.939599200553496772e+01,1.681693102266452300e+01,1.889157236525139894e+01,-3.272990232018219148e-01,-4.222918265911440594e-02,-2.705204361068453967e-01,9.381550268044427932e-02,1.872725200597891870e+01
1.897737668070352157e+01,1.941779210045300985e+01,1.917859092706045487e+01,1.808120693017953329e+01,1.890147115125091304e+01,1.818596466877232132e+01,5.665749651982991075e+00,3.923334855032159334e-03,1.955299896974578644e+01,1.903538045287061919e+01,1.940734382955880477e+01,2.153102750218214290e+00,1.864024123783518405e+01,1.156976284786490061e-02,7.237732488511761098e-01,2.701623212754733494e-01,1.644997565155607333e+01,6.314323781906372091e+01,1.897637389542828501e+01,1.943614607445963216e+01,1.880420696243592005e+01,3.196634103364967561e-01,7.723104848815176560e-01,3.401982056135361421e-01,1.516870578186002294e-01,-9.240609935136287478e-02,2.146873560311659190e+01,1.922208819805922531e+01,1.850630932592650879e+01,1.656183799539723722e+01,-1.676853137847366337e+00,-5.433793400812821917e-01,-3.648261364733812462e-01,-6.029630313529873442e-01,5.042725775697396884e+00,-3.198290016482275622e+00,1.924152924550079291e+01,1.836603647632828284e+01,1.879599692756779206e+01,1.839666375205561977e+01,1.877777996480613965e+01,2.974784943232899881e-01,-1.749963215769033131e-01,-7.245818962151685527e-01,-1.328122485816687348e-01,-1.484527251787464974e-01,5.192979292817868631e-01,-2.088063051167872430e+01,1.909737306916710153e+01,1.906370274968973533e+01,1.881610574870662234e+01,1.853413805894561861e+01,-2.104424224072259375e-01,-1.862329247888894646e+00,-6.876352741012364822e-02,1.757237143081195330e-01,9.153860800657383223e-02,4.871282121317851432e-01,1.862330277809887136e+01,1.874335752679978029e+01,2.283018293070190552e+01,1.921793441944586434e+01,7.424331126199507080e-01,-1.744411428283356713e-01,-6.194595418777398832e-01,-2.001367407563458267e-01,1.784726677855027685e-02,1.961665362836081528e+01,1.799350658993993335e+01,1.876739676294138093e+01,2.003319480049078649e+01,-9.531560195784587464e+00,-3.170653235962840877e-01,-9.219209002914117157e-01,3.827796959388728437e-01,-1.236574662189139140e+00,1.959753950758656771e+01,1.977735091125885347e+01,1.898510443463166908e+01,-1.316278391812979676e+00,2.270464728368552176e+00,2.382117514715531570e-02,-5.188674493953443490e-01,1.939599200553496772e+01,1.681693102266452300e+01,1.889157236525139894e+01,-3.272990232018219148e-01,-4.222918265911440594e-02,-2.705204361068453967e-01,9.381550268044427932e-02,1.872725200597891870e+01
1.897737668070352157e+01,1.941779210045300985e+01,1.917863031103660276e+01,1.808120693017953329e+01,1.890147115125091304e+01,1.818596466877232132e+01,5.665749651982991075e+00,4.028322062248581269e-03,1.955299896974578644e+01,1.903538045287061919e+01,1.940734382955880477e+01,2.153102750218214290e+00,1.864024123783518405e+01,1.156976284786490061e-02,7.237732488511761098e-01,2.701623212754733494e-01,1.644997565155607333e+01,6.314323781906372091e+01,1.897644486781587503e+01,1.943614607445963216e+01,1.880387194679333618e+01,3.196634103364967561e-01,7.715540661436435244e-01,3.401982056135361421e-01,1.516870578186002294e-01,-8.208805690787021603e-02,2.146873560311659190e+01,1.922208819805922531e+01,1.850630932592650879e+01,1.656183799539723722e+01,-1.677382211276643220e+00,-5.433793400812821917e-01,-3.648261364733812462e-01,-6.029630313529873442e-01,5.042725775697396884e+00,-3.198290016482275622e+00,1.924152924550079291e+01,1.836603647632828284e+01,1.879599692756779206e+01,1.839666375205561977e+01,1.877777996480613965e+01,2.974784943232899881e-01,-1.749963215769033131e-01,-7.245818962151685527e-01,-1.328122485816687348e-01,-1.484527251787464974e-01,5.192979292817868631e-01,-2.088063051167872430e+01,1.909737306916710153e+01,1.906370274968973533e+01,1.881610574870662234e+01,1.853413805894561861e+01,-2.104424224072259375e-01,-1.862329247888894646e+00,-6.876352741012364822e-02,1.756768552682919093e-01,9.153860800657383223e-02,4.871282121317851432e-01,1.862330277809887136e+01,1.874335752679978029e+01,2.283018293070190552e+01,1.921793441944586434e+01,7.423797463543779784e-01,-1.744411428283356713e-01,-6.194595418777398832e-01,-2.001367407563458267e-01,1.805480519448383891e-02,1.961665362836081528e+01,1.799350658993993335e+01,1.876739676294138093e+01,2.003319480049078649e+01,-9.531560195784587464e+00,-3.170653235962840877e-01,-9.219209002914117157e-01,3.827796959388728437e-01,-1.236574662189139140e+00,1.959753950758656771e+01,1.977735091125885347e+01,1.898510443463166908e+01,-1.316278391812979676e+00,2.270464728368552176e+00,2.382117514715531570e-02,-5.188674493953443490e-01,1.939599200553496772e+01,1.681693102266452300e+01,1.889157236525139894e+01,-3.272990232018219148e-01,-4.222918265911440594e-02,-2.705204361068453967e-01,9.381550268044427932e-02,1.872725200597891870e+01
1.897737668070352157e+01,1.941779210045300985e+01,1.917863031103660276e+01,1.808120693017953329e+01,1.890147115125091304e+01,1.818596466877232132e+01,5.665749651982991075e+00,4.028322062248581269e-03,1.955299896974578644e+01,1.903538045287061919e+01,1.940734382955880477e+01,2.153102750218214290e+00,1.864024123783518405e+01,1.156976284786490061e-02,7.237732488511761098e-01,2.684992439767664441e-01,1.644583076909170671e+01,6.314323781906372091e+01,1.897644486781587503e+01,1.943708542215326673e+01,1.880387194679333618e+01,3.044282440957874480e-01,7.715540661436435244e-01,3.401982056135361421e-01,1.516870578186002294e-01,-8.208805690787021603e-02,2.146980072481443358e+01,1.922208819805922531e+01,1.850630932592650879e+01,1.656183799539723722e+01,-1.676697592164658301e+00,-5.433793400812821917e-01,-3.648261364733812462e-01,-6.029630313529873442e-01,5.042725775697396884e+00,-3.198290016482275622e+00,1.924152924550079291e+01,1.836603647632828284e+01,1.879599692756779206e+01,1.839666375205561977e+01,1.877777996480613965e+01,2.974784943232899881e-01,-1.749963215769033131e-01,-7.245818962151685527e-01,-1.314696591063181930e-01,-1.484527251787464974e-01,5.192979292817868631e-01,-2.088063051167872430e+01,1.909737306916710153e+01,1.906370274968973533e+01,1.882579380296072813e+01,1.853413805894561861e+01,-2.104424224072259375e-01,-1.862329247888894646e+00,-6.876352741012364822e-02,1.756768552682919093e-01,9.153860800657383223e-02,4.871282121317851432e-01,1.862330277809887136e+01,1.874335752679978029e+01,2.283018293070190552e+01,1.921793441944586434e+01,7.423797463543779784e-01,-1.744411428283356713e-01,-6.194595418777398832e-01,-2.001367407563458267e-01,1.805480519448383891e-02,1.961665362836081528e+01,1.799350658993993335e+01,1.876739676294138093e+01,2.003319480049078649e+01,-9.531560195784587464e+00,-3.170653235962840877e-01,-9.219209002914117157e-01,3.827796959388728437e-01,-1.236574662189139140e+00,1.959753950758656771e+01,1.977735091125885347e+01,1.898510443463166908e+01,-1.316278391812979676e+00,2.270464728368552176e+00,2.382117514715531570e-02,-5.188674493953443490e-01,1.939599200553496772e+01,1.681693102266452300e+01,1.889157236525139894e+01,-3.272990232018219148e-01,-4.222918265911440594e-02,-2.705204361068453967e-01,9.381550268044427932e-02,1.873071671473010369e+01
1.897832937225041761e+01,1.941779210045300985e+01,1.917863031103660276e+01,1.808120693017953329e+01,1.890147115125091304e+01,1.818596466877232132e+01,5.665749651982991075e+00,4.028322062248581269e-03,1.955299896974578644e+01,1.903538045287061919e+01,1.940734382955880477e+01,2.153649129841834764e+00,1.864024123783518405e+01,1.156976284786490061e-02,7.237732488511761098e-01,2.684992439767664441e-01,1.644583076909170671e+01,6.314323781906372091e+01,1.897644486781587503e+01,1.943708542215326673e+01,1.880387194679333618e+01,3.044282440957874480e-01,7.715540661436435244e-01,3.401982056135361421e-01,1.516870578186002294e-01,-8.208805690787021603e-02,2.146980072481443358e+01,1.922208819805922531e+01,1.850630932592650879e+01,1.656183799539723722e+01,-1.676697592164658301e+00,-5.433793400812821917e-01,-3.648261364733812462e-01,-6.029630313529873442e-01,5.042725775697396884e+00,-3.198290016482275622e+00,1.924152924550079291e+01,1.836689062315471332e+01,1.879599692756779206e+01,1.839531090761923338e+01,1.877668479754596831e+01,2.986902549749081426e-01,-1.749963215769033131e-01,-7.245818962151685527e-01,-1.314696591063181930e-01,-1.484527251787464974e-01,5.192979292817868631e-01,-2.088427931361248469e+01,1.909737306916710153e+01,1.906370274968973533e+01,1.882579380296072813e+01,1.853413805894561861e+01,-2.104424224072259375e-01,-1.862329247888894646e+00,-6.876352741012364822e-02,1.756768552682919093e-01,9.153860800657383223e-02,4.871282121317851432e-01,1.862330277809887136e+01,1.875191643959595567e+01,2.283018293070190552e+01,1.921793441944586434e+01,7.423797463543779784e-01,-1.744411428283356713e-01,-6.194595418777398832e-01,-2.001367407563458267e-01,1.805480519448383891e-02,1.961665362836081528e+01,1.799350658993993335e+01,1.876739676294138093e+01,2.003319480049078649e+01,-9.534649466241273075e+00,-3.170653235962840877e-01,-9.219209002914117157e-01,3.827796959388728437e-01,-1.236574662189139140e+00,1.959753950758656771e+01,1.977735091125885347e+01,1.898510443463166908e+01,-1.316278391812979676e+00,2.270464728368552176e+00,2.382117514715531570e-02,-5.188674493953443490e-01,1.939599200553496772e+01,1.681693102266452300e+01,1.889157236525139894e+01,-3.272990232018219148e-01,-4.222918265911440594e-02,-2.705204361068453967e-01,9.381550268044427932e-02,1.873071671473010369e+01
1.897832937225041761e+01,1.941779210045300985e+01,1.917863031103660276e+01,1.808120693017953329e+01,1.890147115125091304e+01,1.818596466877232132e+01,5.665749651982991075e+00,4.028322062248581269e-03,1.955299896974578644e+01,1.903538045287061919e+01,1.940734382955880477e+01,2.153649129841834764e+00,1.864024123783518405e+01,1.156976284786490061e-02,7.237732488511761098e-01,2.684992439767664441e-01,1.644583076909170671e+01,6.314323781906372091e+01,1.897644486781587503e+01,1.943708542215326673e+01,1.880387194679333618e+01,3.044282440957874480e-01,7.715540661436435244e-01,3.401982056135361421e-01,1.516870578186002294e-01,-8.208805690787021603e-02,2.146980072481443358e+01,1.922208819805922531e+01,1.850630932592650879e+01,1.656183799539723722e+01,-1.676697592164658301e+00,-5.433793400812821917e-01,-3.648261364733812462e-01,-6.029630313529873442e-01,5.042725775697396884e+00,-3.177359228941035063e+00,1.924640381230808117e+01,1.836689062315471332e+01,1.879599692756779206e+01,1.839531090761923338e+01,1.877668479754596831e+01,2.986902549749081426e-01,-1.749963215769033131e-01,-7.245818962151685527e-01,-1.314696591063181930e-01,-1.484527251787464974e-01,5.192979292817868631e-01,-2.088427931361248469e+01,1.910361327321733071e+01,1.906370274968973533e+01,1.882579380296072813e+01,1.853413805894561861e+01,-2.104424224072259375e-01,-1.862329247888894646e+00,-6.876352741012364822e-02,1.756768552682919093e-01,9.153860800657383223e-02,4.791014582080000972e-01,1.862982846961110894e+01,1.875191643959595567e+01,2.283018293070190552e+01,1.921793441944586434e+01,7.423797463543779784e-01,-1.744411428283356713e-01,-6.194595418777398832e-01,-2.001367407563458267e-01,1.805480519448383891e-02,1.961405779290551621e+01,1.799350658993993335e+01,1.876739676294138093e+01,2.003319480049078649e+01,-9.534649466241273075e+00,-3.170653235962840877e-01,-9.111917709663782672e-01,3.827796959388728437e-01,-1.236574662189139140e+00,1.959753950758656771e+01,1.977735091125885347e+01,1.898510443463166908e+01,-1.298626568119028102e+00,2.270464728368552176e+00,2.382117514715531570e-02,-5.188674493953443490e-01,1.939599200553496772e+01,1.681693102266452300e+01,1.889157236525139894e+01,-3.272990232018219148e-01,-4.425309177189645782e-02,-2.705204361068453967e-01,9.381550268044427932e-02,1.873071671473010369e+01
1.897832937225041761e+01,1.941779210045300985e+01,1.917863031103660276e+01,1.808120693017953329e+01,1.890249268920049630e+01,1.818596466877232132e+01,5.665749651982991075e+00,4.028322062248581269e-03,1.955299896974578644e+01,1.903538045287061919e+01,1.940734382955880477e+01,2.153649129841834764e+00,1.864024123783518405e+01,1.156976284786490061e-02,7.268967273716718802e-01,2.684992439767664441e-01,1.644583076909170671e+01,6.314323781906372091e+01,1.897644486781587503e+01,1.943708542215326673e+01,1.879967306178003739e+01,3.044282440957874480e-01,7.715540661436435244e-01,3.401982056135361421e-01,1.516870578186002294e-01,-8.208805690787021603e-02,2.146980072481443358e+01,1.922208819805922531e+01,1.850630932592650879e+01,1.656183799539723722e+01,-1.676697592164658301e+00,-5.433793400812821917e-01,-3.648261364733812462e-01,-6.029630313529873442e-01,5.042725775697396884e+00,-3.177359228941035063e+00,1.924640381230808117e+01,1.836689062315471332e+01,1.879599692756779206e+01,1.839531090761923338e+01,1.877668479754596831e+01,2.986902549749081426e-01,-1.749963215769033131e-01,-7.245818962151685527e-01,-1.314696591063181930e-01,-1.484527251787464974e-01,5.192979292817868631e-01,-2.088427931361248469e+01,1.910361327321733071e+01,1.906370274968973533e+01,1.882579380296072813e+01,1.853413805894561861e+01,-2.104424224072259375e-01,-1.862329247888894646e+00,-6.876352741012364822e-02,1.756768552682919093e-01,9.766813775315517920e-02,4.791014582080000972e-01,1.862982846961110894e+01,1.875191643959595567e+01,2.283018293070190552e+01,1.921104155692607662e+01,7.423797463543779784e-01,-1.744411428283356713e-01,-6.194595418777398832e-01,-2.001367407563458267e-01,1.891847533480212756e-02,1.961405779290551621e+01,1.799350658993993335e+01,1.876739676294138093e+01,2.003199034907436271e+01,-9.534649466241273075e+00,-3.170653235962840877e-01,-9.111917709663782672e-01,3.827796959388728437e-01,-1.237371672432993064e+00,1.959753950758656771e+01,1.977735091125885347e+01,1.898510443463166908e+01,-1.298626568119028102e+00,2.270464728368552176e+00,3.230222646570704570e-02,-5.188674493953443490e-01,1.939599200553496772e+01,1.681693102266452300e+01,1.889157236525139894e+01,-3.272990232018219148e-01,-4.425309177189645782e-02,-2.705204361068453967e-01,9.381550268044427932e-02,1.873071671473010369e+01
1.897832937225041761e+01,1.941491825592176568e+01,1.917863031103660276e+01,1.808120693017953329e+01,1.890249268920049630e+01,1.818596466877232132e+01,5.665749651982991075e+00,4.028322062248581269e-03,1.955299896974578644e+01,1.903538045287061919e+01,1.940734382955880477e+01,2.153649129841834764e+00,1.864024123783518405e+01,3.842662881108541324e-03,7.268967273716718802e-01,2.684992439767664441e-01,1.644583076909170671e+01,6.314323781906372091e+01,1.897892446616978646e+01,1.943708542215326673e+01,1.879967306178003739e+01,3.044282440957874480e-01,7.715540661436435244e-01,3.401982056135361421e-01,1.516870578186002294e-01,-8.208805690787021603e-02,2.146980072481443358e+01,1.922208819805922531e+01,1.864828551014292657e+01,1.656183799539723722e+01,-1.676697592164658301e+00,-5.367728523377092165e-01,-3.648261364733812462e-01,-6.053289573462974360e-01,5.042725775697396884e+00,-3.177359228941035063e+00,1.924640381230808117e+01,1.836689062315471332e+01,1.881070446680976005e+01,1.839531090761923338e+01,1.877668479754596831e+01,2.986902549749081426e-01,-1.749963215769033131e-01,-7.245818962151685527e-01,-1.314696591063181930e-01,-1.484527251787464974e-01,5.192979292817868631e-01,-2.088427931361248469e+01,1.910361327321733071e+01,1.906370274968973533e+01,1.882579380296072813e+01,1.853261468303714210e+01,-2.104424224072259375e-01,-1.862329247888894646e+00,-6.876352741012364822e-02,1.756768552682919093e-01,9.766813775315517920e-02,4.791014582080000972e-01,1.862982846961110894e+01,1.875191643959595567e+01,2.283018293070190552e+01,1.921104155692607662e+01,7.423797463543779784e-01,-1.744411428283356713e-01,-6.194595418777398832e-01,-2.001367407563458267e-01,1.891847533480212756e-02,1.961405779290551621e+01,1.799350658993993335e+01,1.876739676294138093e+01,2.003199034907436271e+01,-9.534649466241273075e+00,-4.059313042314606212e-01,-9.111917709663782672e-01,3.827796959388728437e-01,-1.237371672432993064e+00,1.959753950758656771e+01,1.977735091125885347e+01,1.898510443463166908e+01,-1.298626568119028102e+00,2.270464728368552176e+00,3.230222646570704570e-02,-5.188674493953443490e-01,1.939599200553496772e+01,1.681693102266452300e+01,1.889157236525139894e+01,-3.272990232018219148e-01,-4.425309177189645782e-02,-2.705204361068453967e-01,9.381550268044427932e-02,1.873071671473010369e+01
1.897832937225041761e+01,1.941491825592176568e+01,1.917863031103660276e+01,1.808120693017953329e+01,1.890249268920049630e+01,1.818596466877232132e+01,5.665749651982991075e+00,4.028322062248581269e-03,1.955299896974578644e+01,1.903538045287061919e+01,1.940734382955880477e+01,2.153649129841834764e+00,1.864024123783518405e+01,3.842662881108541324e-03,7.268967273716718802e-01,2.684992439767664441e-01,1.644583076909170671e+01,6.314323781906372091e+01,1.897892446616978646e+01,1.943708542215326673e+01,1.879967306178003739e+01,3.044282440957874480e-01,7.715540661436435244e-01,3.386332857214600645e-01,1.516870578186002294e-01,-8.208805690787021603e-02,2.146980072481443358e+01,1.922208819805922531e+01,1.864828551014292657e+01,1.656183799539723722e+01,-1.676697592164658301e+00,-5.367728523377092165e-01,-3.648261364733812462e-01,-6.053289573462974360e-01,5.042725775697396884e+00,-3.177359228941035063e+00,1.924640381230808117e+01,1.836689062315471332e+01,1.881070446680976005e+01,1.839531090761923338e+01,1.877668479754596831e+01,2.986902549749081426e-01,-1.749963215769033131e-01,-7.245818962151685527e-01,-1.314696591063181930e-01,-1.546250906747333453e-01,5.192979292817868631e-01,-2.088427931361248469e+01,1.910361327321733071e+01,1.906241080860614545e+01,1.882579380296072813e+01,1.853261468303714210e+01,-2.104424224072259375e-01,-1.862329247888894646e+00,-6.876352741012364822e-02,1.756768552682919093e-01,9.766813775315517920e-02,4.791014582080000972e-01,1.862982846961110894e+01,1.875191643959595567e+01,2.283018293070190552e+01,1.921104155692607662e+01,7.432021170559586221e-01,-1.744411428283356713e-01,-6.194595418777398832e-01,-2.001367407563458267e-01,1.891847533480212756e-02,1.961405779290551621e+01,1.798506849821887599e+01,1.876739676294138093e+01,2.003199034907436271e+01,-9.534649466241273075e+00,-4.059313042314606212e-01,-9.111917709663782672e-01,3.807634589693188465e-01,-1.237371672432993064e+00,1.959753950758656771e+01,1.977865244466037709e+01,1.898510443463166908e+01,-1.298626568119028102e+00,2.270464728368552176e+00,3.230222646570704570e-02,-5.167048619275951271e-01,1.939599200553496772e+01,1.681693102266452300e+01,1.889157236525139894e+01,-3.198116409218123013e-01,-4.425309177189645782e-02,-2.705204361068453967e-01,9.381550268044427932e-02,1.873071671473010369e+01
1.897832937225041761e+01,1.941491825592176568e+01,1.917863031103660276e+01,1.808120693017953329e+01,1.890249268920049630e+01,1.818596466877232132e+01,5.665749651982991075e+00,3.040710227358636546e-03,1.953984938035791785e+01,1.903538045287061919e+01,1.940734382955880477e+01,2.153649129841834764e+00,1.864024123783518405e+01,3.842662881108541324e-03,7.268967273716718802e-01,2.684992439767664441e-01,1.644583076909170671e+01,6.314119539606588205e+01,1.897892446616978646e+01,1.943708542215326673e+01,1.879967306178003739e+01,3.044282440957874480e-01,7.715540661436435244e-01,3.386332857214600645e-01,1.516870578186002294e-01,-8.208805690787021603e-02,2.146980072481443358e+01,1.920103687151988225e+01,1.864828551014292657e+01,1.656057464857053318e+01,-1.676697592164658301e+00,-5.367728523377092165e-01,-3.648261364733812462e-01,-6.053289573462974360e-01,5.042725775697396884e+00,-3.177359228941035063e+00,1.924640381230808117e+01,1.836689062315471332e+01,1.881070446680976005e+01,1.839531090761923338e+01,1.877668479754596831e+01,2.986902549749081426e-01,-1.749963215769033131e-01,-7.245818962151685527e-01,-1.314696591063181930e-01,-1.546250906747333453e-01,5.257489833326660644e-01,-2.088427931361248469e+01,1.910361327321733071e+01,1.906241080860614545e+01,1.882579380296072813e+01,1.853261468303714210e+01,-2.117935655969406528e-01,-1.864904627329387887e+00,-6.876352741012364822e-02,1.729374953122052583e-01,9.766813775315517920e-02,4.791014582080000972e-01,1.862982846961110894e+01,1.875191643959595567e+01,2.283018293070190552e+01,1.921104155692607662e+01,7.432021170559586221e-01,-1.744411428283356713e-01,-6.194595418777398832e-01,-2.001367407563458267e-01,1.891847533480212756e-02,1.961405779290551621e+01,1.798506849821887599e+01,1.876739676294138093e+01,2.003199034907436271e+01,-9.534649466241273075e+00,-4.059313042314606212e-01,-9.111917709663782672e-01,3.807634589693188465e-01,-1.237371672432993064e+00,1.959753950758656771e+01,1.977865244466037709e+01,1.898510443463166908e+01,-1.298626568119028102e+00,2.270464728368552176e+00,3.230222646570704570e-02,-5.167048619275951271e-01,1.939599200553496772e+01,1.681693102266452300e+01,1.889157236525139894e+01,-3.198116409218123013e-01,-4.425309177189645782e-02,-2.705204361068453967e-01,9.381550268044427932e-02,1.873071671473010369e+01
1.897832937225041761e+01,1.941491825592176568e+01,1.917863031103660276e+01,1.808120693017953329e+01,1.890249268920049630e+01,1.818596466877232132e+01,5.666083011434474237e+00,3.040710227358636546e-03,1.953984938035791785e+01,1.903538045287061919e+01,1.940734382955880477e+01,2.153649129841834764e+00,1.864024123783518405e+01,3.842662881108541324e-03,7.268967273716718802e-01,2.684992439767664441e-01,1.644583076909170671e+01,6.314119539606588205e+01,1.897892446616978646e+01,1.943708542215326673e+01,1.879967306178003739e+01,3.044282440957874480e-01,7.730018830824014753e-01,3.386332857214600645e-01,1.516870578186002294e-01,-8.208805690787021603e-02,2.146980072481443358e+01,1.920103687151988225e+01,1.864828551014292657e+01,1.656057464857053318e+01,-1.676697592164658301e+00,-5.367728523377092165e-01,-3.648261364733812462e-01,-6.053289573462974360e-01,5.044773624717530325e+00,-3.177359228941035063e+00,1.924640381230808117e+01,1.836689062315471332e+01,1.881070446680976005e+01,1.839531090761923338e+01,1.877668479754596831e+01,2.986902549749081426e-01,-1.742274005492920885e-01,-7.245818962151685527e-01,-1.314696591063181930e-01,-1.546250906747333453e-01,5.257489833326660644e-01,-2.088427931361248469e+01,1.910361327321733071e+01,1.906241080860614545e+01,1.882579380296072813e+01,1.853261468303714210e+01,-2.117935655969406528e-01,-1.864904627329387887e+00,-6.876352741012364822e-02,1.729374953122052583e-01,9.766813775315517920e-02,4.791014582080000972e-01,1.862982846961110894e+01,1.875191643959595567e+01,2.283018293070190552e+01,1.921104155692607662e+01,7.432021170559586221e-01,-1.715671547051970947e-01,-6.194595418777398832e-01,-2.001367407563458267e-01,1.891847533480212756e-02,1.961405779290551621e+01,1.798506849821887599e+01,1.876739676294138093e+01,2.003199034907436271e+01,-9.534649466241273075e+00,-4.059313042314606212e-01,-9.111917709663782672e-01,3.807634589693188465e-01,-1.237371672432993064e+00,1.959753950758656771e+01,1.977865244466037709e+01,1.899615572148286802e+01,-1.298626568119028102e+00,2.270464728368552176e+00,3.230222646570704570e-02,-5.167048619275951271e-01,1.939599200553496772e+01,1.681624641706836698e+01,1.889157236525139894e+01,-3.198116409218123013e-01,-4.425309177189645782e-02,-2.689092546592076194e-01,9.459546123104040083e-02,1.873071671473010369e+01
1.897832937225041761e+01,1.941491825592176568e+01,1.917863031103660276e+01,1.808856308162870974e+01,1.890249268920049630e+01,1.818596466877232132e+01,5.666083011434474237e+00,3.040710227358636546e-03,1.953984938035791785e+01,1.898315603343544566e+01,1.948382472348854932e+01,2.153649129841834764e+00,1.865228303066896132e+01,3.842662881108541324e-03,7.268967273716718802e-01,2.684992439767664441e-01,1.644583076909170671e+01,6.314119539606588205e+01,1.897892446616978646e+01,1.943708542215326673e+01,1.879967306178003739e+01,3.044282440957874480e-01,7.730018830824014753e-01,3.386332857214600645e-01,1.516870578186002294e-01,-8.012343135976679465e-02,2.146980072481443358e+01,1.920103687151988225e+01,1.864828551014292657e+01,1.656057464857053318e+01,-1.676697592164658301e+00,-5.367728523377092165e-01,-3.648261364733812462e-01,-6.053289573462974360e-01,5.044773624717530325e+00,-3.177359228941035063e+00,1.924640381230808117e+01,1.836689062315471332e+01,1.881070446680976005e+01,1.839531090761923338e+01,1.877668479754596831e+01,2.986902549749081426e-01,-1.742274005492920885e-01,-7.245818962151685527e-01,-1.314696591063181930e-01,-1.546250906747333453e-01,5.257489833326660644e-01,-2.088427931361248469e+01,1.910361327321733071e+01,1.906241080860614545e+01,1.882579380296072813e+01,1.853261468303714210e+01,-2.117935655969406528e-01,-1.864904627329387887e+00,-6.876352741012364822e-02,1.729374953122052583e-01,9.766813775315517920e-02,4.791014582080000972e-01,1.862982846961110894e+01,1.875191643959595567e+01,2.283018293070190552e+01,1.921104155692607662e+01,7.432021170559586221e-01,-1.715671547051970947e-01,-6.194595418777398832e-01,-2.030676351179317440e-01,1.891847533480212756e-02,1.961405779290551621e+01,1.798506849821887599e+01,1.876923260828018059e+01,2.003199034907436271e+01,-9.534649466241273075e+00,-4.059313042314606212e-01,-9.111917709663782672e-01,3.807634589693188465e-01,-1.237371672432993064e+00,1.962686105310224960e+01,1.977865244466037709e+01,1.899615572148286802e+01,-1.298626568119028102e+00,2.273661308205900511e+00,3.230222646570704570e-02,-5.167048619275951271e-01,1.939599200553496772e+01,1.681624641706836698e+01,1.889157236525139894e+01,-3.198116409218123013e-01,-4.425309177189645782e-02,-2.689092546592076194e-01,9.459546123104040083e-02,1.873071671473010369e+01
1.897832937225041761e+01,1.941491825592176568e+01,1.918134709049234488e+01,1.808856308162870974e+01,1.890249268920049630e+01,1.817190001528936705e+01,5.666083011434474237e+00,3.040710227358636546e-03,1.953984938035791785e+01,1.898315603343544566e+01,1.948382472348854932e+01,2.153649129841834764e+00,1.865228303066896132e+01,3.842662881108541324e-03,7.268967273716718802e-01,2.684992439767664441e-01,1.644583076909170671e+01,6.314119539606588205e+01,1.897892446616978646e+01,1.943708542215326673e+01,1.879967306178003739e+01,3.044282440957874480e-01,7.730018830824014753e-01,3.386332857214600645e-01,1.692856166265848117e-01,-8.012343135976679465e-02,2.146980072481443358e+01,1.920103687151988225e+01,1.864828551014292657e+01,1.656057464857053318e+01,-1.676697592164658301e+00,-5.367728523377092165e-01,-3.623831276294862680e-01,-6.053289573462974360e-01,5.044773624717530325e+00,-3.177359228941035063e+00,1.924640381230808117e+01,1.836689062315471332e+01,1.881070446680976005e+01,1.839531090761923338e+01,1.877668479754596831e+01,2.986902549749081426e-01,-1.742274005492920885e-01,-7.292698402382212786e-01,-1.314696591063181930e-01,-1.546250906747333453e-01,5.257489833326660644e-01,-2.088427931361248469e+01,1.910361327321733071e+01,1.906241080860614545e+01,1.882579380296072813e+01,1.853261468303714210e+01,-2.117935655969406528e-01,-1.864904627329387887e+00,-7.146200267555960495e-02,1.729374953122052583e-01,9.766813775315517920e-02,4.791014582080000972e-01,1.862982846961110894e+01,1.875191643959595567e+01,2.283676970304961173e+01,1.921104155692607662e+01,7.432021170559586221e-01,-1.715671547051970947e-01,-6.213483782286217671e-01,-2.030676351179317440e-01,1.891847533480212756e-02,1.961405779290551621e+01,1.798506849821887599e+01,1.876923260828018059e+01,2.003199034907436271e+01,-9.534649466241273075e+00,-4.059313042314606212e-01,-9.111917709663782672e-01,3.807634589693188465e-01,-1.237371672432993064e+00,1.962686105310224960e+01,1.977865244466037709e+01,1.899615572148286802e+01,-1.298626568119028102e+00,2.273661308205900511e+00,3.230222646570704570e-02,-5.167048619275951271e-01,1.940483481497714990e+01,1.681624641706836698e+01,1.889350202262025391e+01,-3.198116409218123013e-01,-4.425309177189645782e-02,-2.689092546592076194e-01,9.459546123104040083e-02,1.873071671473010369e+01
1.897832937225041761e+01,1.941491825592176568e+01,1.918134709049234488e+01,1.809122101556060969e+01,1.890249268920049630e+01,1.817450877735494785e+01,5.666083011434474237e+00,3.040710227358636546e-03,1.953984938035791785e+01,1.898315603343544566e+01,1.948382472348854932e+01,2.153649129841834764e+00,1.865228303066896132e+01,3.842662881108541324e-03,7.268967273716718802e-01,2.684992439767664441e-01,1.644583076909170671e+01,6.314119539606588205e+01,1.897892446616978646e+01,1.943708542215326673e+01,1.879967306178003739e+01,3.044282440957874480e-01,7.730018830824014753e-01,3.386332857214600645e-01,1.692856166265848117e-01,-8.012343135976679465e-02,2.146980072481443358e+01,1.920103687151988225e+01,1.864828551014292657e+01,1.656057464857053318e+01,-1.676697592164658301e+00,-5.367728523377092165e-01,-3.623831276294862680e-01,-6.053289573462974360e-01,5.044773624717530325e+00,-3.177359228941035063e+00,1.924640381230808117e+01,1.836500855133863297e+01,1.881070446680976005e+01,1.839531090761923338e+01,1.877668479754596831e+01,2.986902549749081426e-01,-1.742274005492920885e-01,-7.292698402382212786e-01,-1.314696591063181930e-01,-1.546250906747333453e-01,5.257489833326660644e-01,-2.088427931361248469e+01,1.910361327321733071e+01,1.906241080860614545e+01,1.882579380296072813e+01,1.853261468303714210e+01,-3.578552026905121863e-01,-1.864904627329387887e+00,-7.146200267555960495e-02,1.729374953122052583e-01,9.766813775315517920e-02,4.791014582080000972e-01,1.862982846961110894e+01,1.875191643959595567e+01,2.283676970304961173e+01,1.921104155692607662e+01,7.416872646000975955e-01,-1.715671547051970947e-01,-6.213483782286217671e-01,-2.030676351179317440e-01,2.317731985825761953e-02,1.961405779290551621e+01,1.798506849821887599e+01,1.876923260828018059e+01,2.003199034907436271e+01,-9.534649466241273075e+00,-4.059313042314606212e-01,-9.111917709663782672e-01,3.846279949183594171e-01,-1.237371672432993064e+00,1.962686105310224960e+01,1.977865244466037709e+01,1.899615572148286802e+01,-1.298626568119028102e+00,2.273661308205900511e+00,3.230222646570704570e-02,-5.167048619275951271e-01,1.940483481497714990e+01,1.681624641706836698e+01,1.889350202262025391e+01,-3.244460485137393713e-01,-4.425309177189645782e-02,-2.689092546592076194e-01,9.459546123104040083e-02,1.872429703626420761e+01
1.897832937225041761e+01,1.941491825592176568e+01,1.918134709049234488e+01,1.809122101556060969e+01,1.890249268920049630e+01,1.817450877735494785e+01,5.666083011434474237e+00,3.040710227358636546e-03,1.953984938035791785e+01,1.898315603343544566e+01,1.948382472348854932e+01,2.153649129841834764e+00,1.865228303066896132e+01,3.842662881108541324e-03,7.268967273716718802e-01,2.678264155488484510e-01,1.644583076909170671e+01,6.314119539606588205e+01,1.897892446616978646e+01,1.943708542215326673e+01,1.879967306178003739e+01,3.044282440957874480e-01,7.730018830824014753e-01,3.386332857214600645e-01,1.692856166265848117e-01,-8.012343135976679465e-02,2.146980072481443358e+01,1.920103687151988225e+01,1.864828551014292657e+01,1.656057464857053318e+01,-1.677228121030756691e+00,-5.367728523377092165e-01,-3.623831276294862680e-01,-6.048760723320146804e-01,5.044773624717530325e+00,-3.177359228941035063e+00,1.924640381230808117e+01,1.836500855133863297e+01,1.881070446680976005e+01,1.839531090761923338e+01,1.877668479754596831e+01,2.986902549749081426e-01,-1.742274005492920885e-01,-7.292698402382212786e-01,-1.314696591063181930e-01,-1.546250906747333453e-01,5.257489833326660644e-01,-2.088427931361248469e+01,1.910361327321733071e+01,1.906241080860614545e+01,1.882385953803474976e+01,1.853261468303714210e+01,-3.578552026905121863e-01,-1.864904627329387887e+00,-7.146200267555960495e-02,1.729374953122052583e-01,9.766813775315517920e-02,4.794016376154096037e-01,1.862982846961110894e+01,1.875191643959595567e+01,2.283676970304961173e+01,1.921104155692607662e+01,7.416872646000975955e-01,-1.742945527277270645e-01,-6.213483782286217671e-01,-2.030676351179317440e-01,2.317731985825761953e-02,1.961405779290551621e+01,1.798353304292858468e+01,1.876923260828018059e+01,2.003199034907436271e+01,-9.534649466241273075e+00,-4.059313042314606212e-01,-9.111917709663782672e-01,3.846279949183594171e-01,-1.237371672432993064e+00,1.962686105310224960e+01,1.977865244466037709e+01,1.899615572148286802e+01,-1.298626568119028102e+00,2.274542966970259261e+00,3.230222646570704570e-02,-5.167048619275951271e-01,1.940519545476059093e+01,1.681624641706836698e+01,1.889350202262025391e+01,-3.244460485137393713e-01,-4.425309177189645782e-02,-2.689092546592076194e-01,9.459546123104040083e-02,1.872429703626420761e+01
1.897832937225041761e+01,1.941578064074847276e+01,1.918134709049234488e+01,1.809122101556060969e+01,1.890249268920049630e+01,1.817450877735494785e+01,5.666083011434474237e+00,3.040710227358636546e-03,1.954122337258231212e+01,1.887079414567206115e+01,1.948382472348854932e+01,2.153649129841834764e+00,1.865228303066896132e+01,3.842662881108541324e-03,7.268967273716718802e-01,2.678264155488484510e-01,1.643687418522439714e+01,6.314119539606588205e+01,1.897892446616978646e+01,1.944177148202500405e+01,1.879967306178003739e+01,3.044282440957874480e-01,7.730018830824014753e-01,3.386332857214600645e-01,1.692856166265848117e-01,-8.012343135976679465e-02,2.146980072481443358e+01,1.920103687151988225e+01,1.864828551014292657e+01,1.656057464857053318e+01,-1.677228121030756691e+00,-5.367728523377092165e-01,-3.623831276294862680e-01,-6.048760723320146804e-01,5.044773624717530325e+00,-3.177359228941035063e+00,1.924640381230808117e+01,1.836500855133863297e+01,1.881070446680976005e+01,1.839531090761923338e+01,1.877668479754596831e+01,2.986902549749081426e-01,-1.742274005492920885e-01,-7.292698402382212786e-01,-1.314696591063181930e-01,-1.546250906747333453e-01,5.257489833326660644e-01,-2.088427931361248469e+01,1.910361327321733071e+01,1.906241080860614545e+01,1.882385953803474976e+01,1.853261468303714210e+01,-3.578552026905121863e-01,-1.863691504013207156e+00,-7.146200267555960495e-02,1.729374953122052583e-01,9.766813775315517920e-02,4.794016376154096037e-01,1.862982846961110894e+01,1.875191643959595567e+01,2.283676970304961173e+01,1.920921645189065785e+01,7.416872646000975955e-01,-1.742945527277270645e-01,-6.213483782286217671e-01,-2.030676351179317440e-01,2.317731985825761953e-02,1.961579861175651374e+01,1.798353304292858468e+01,1.876923260828018059e+01,2.003199034907436271e+01,-9.534649466241273075e+00,-4.059313042314606212e-01,-9.111917709663782672e-01,3.846279949183594171e-01,-1.237371672432993064e+00,1.962770771425467586e+01,1.977865244466037709e+01,1.899615572148286802e+01,-1.298626568119028102e+00,2.274542966970259261e+00,3.230222646570704570e-02,-5.167048619275951271e-01,1.940519545476059093e+01,1.681624641706836698e+01,1.889350202262025391e+01,-3.244460485137393713e-01,-4.425309177189645782e-02,-2.689092546592076194e-01,9.459546123104040083e-02,1.872429703626420761e+01
1.897832937225041761e+01,1.941578064074847276e+01,1.918134709049234488e+01,1.809122101556060969e+01,1.890249268920049630e+01,1.817450877735494785e+01,5.666083011434474237e+00,3.040710227358636546e-03,1.954122337258231212e+01,1.887079414567206115e+01,1.947902429336958363e+01,2.153649129841834764e+00,1.865228303066896132e+01,3.842662881108541324e-03,7.268967273716718802e-01,2.678264155488484510e-01,1.643687418522439714e+01,6.314080631882988826e+01,1.897903847216282358e+01,1.944177148202500405e+01,1.879967306178003739e+01,3.044282440957874480e-01,7.730018830824014753e-01,3.386332857214600645e-01,1.692856166265848117e-01,-8.012343135976679465e-02,2.146980072481443358e+01,1.920099275385208770e+01,1.864828551014292657e+01,1.656057464857053318e+01,-1.677228121030756691e+00,-5.367728523377092165e-01,-3.623831276294862680e-01,-6.048760723320146804e-01,5.044773624717530325e+00,-3.177685831159489549e+00,1.924640381230808117e+01,1.836500855133863297e+01,1.881070446680976005e+01,1.839531090761923338e+01,1.877668479754596831e+01,2.986902549749081426e-01,-1.742274005492920885e-01,-7.292698402382212786e-01,-1.314696591063181930e-01,-1.546250906747333453e-01,5.257489833326660644e-01,-2.088427931361248469e+01,1.910361327321733071e+01,1.906241080860614545e+01,1.882385953803474976e+01,1.853261468303714210e+01,-3.578552026905121863e-01,-1.863691504013207156e+00,-7.146200267555960495e-02,1.730678787249625150e-01,9.766813775315517920e-02,4.794016376154096037e-01,1.862982846961110894e+01,1.875163616411984790e+01,2.283676970304961173e+01,1.920921645189065785e+01,7.416872646000975955e-01,-1.742945527277270645e-01,-6.219157198952959265e-01,-2.030676351179317440e-01,2.317731985825761953e-02,1.961579861175651374e+01,1.798353304292858468e+01,1.876923260828018059e+01,2.003199034907436271e+01,-9.534649466241273075e+00,-4.059313042314606212e-01,-9.111917709663782672e-01,3.846279949183594171e-01,-1.237371672432993064e+00,1.962770771425467586e+01,1.977865244466037709e+01,1.899583603813728061e+01,-1.298626568119028102e+00,2.274542966970259261e+00,3.230222646570704570e-02,-5.167048619275951271e-01,1.940519545476059093e+01,1.681624641706836698e+01,1.889350202262025391e+01,-3.244460485137393713e-01,-4.425309177189645782e-02,-2.689092546592076194e-01,9.459546123104040083e-02,1.872429703626420761e+01
1.897832937225041761e+01,1.941578064074847276e+01,1.918134709049234488e+01,1.809122101556060969e+01,1.890249268920049630e+01,1.817450877735494785e+01,5.666083011434474237e+00,3.040710227358636546e-03,1.954122337258231212e+01,1.887079414567206115e+01,1.947902429336958363e+01,2.153649129841834764e+00,1.865228303066896132e+01,3.842662881108541324e-03,7.268967273716718802e-01,2.678264155488484510e-01,1.643687418522439714e+01,6.314080631882988826e+01,1.897903847216282358e+01,1.944177148202500405e+01,1.881556020742591429e+01,3.044282440957874480e-01,7.730018830824014753e-01,3.386332857214600645e-01,1.692856166265848117e-01,-8.012343135976679465e-02,2.146980072481443358e+01,1.920099275385208770e+01,1.864828551014292657e+01,1.656057464857053318e+01,-1.677228121030756691e+00,-5.367728523377092165e-01,-3.623831276294862680e-01,-6.048760723320146804e-01,5.044773624717530325e+00,-3.177685831159489549e+00,1.924640381230808117e+01,1.836500855133863297e+01,1.881070446680976005e+01,1.839531090761923338e+01,1.877668479754596831e+01,2.986902549749081426e-01,-1.742274005492920885e-01,-7.266280064549167639e-01,-1.314696591063181930e-01,-1.546250906747333453e-01,5.280049665288215621e-01,-2.089670165061655993e+01,1.910719545434300315e+01,1.906241080860614545e+01,1.882385953803474976e+01,1.853261468303714210e+01,-3.578552026905121863e-01,-1.863691504013207156e+00,-7.498730849340541627e-02,1.730678787249625150e-01,9.766813775315517920e-02,4.794016376154096037e-01,1.862982846961110894e+01,1.875163616411984790e+01,2.283676970304961173e+01,1.920921645189065785e+01,7.416872646000975955e-01,-1.742945527277270645e-01,-6.219157198952959265e-01,-2.030676351179317440e-01,2.317731985825761953e-02,1.961579861175651374e+01,1.798353304292858468e+01,1.877233823492882436e+01,2.003199034907436271e+01,-9.534649466241273075e+00,-4.059313042314606212e-01,-9.111917709663782672e-01,3.846279949183594171e-01,-1.237371672432993064e+00,1.962770771425467586e+01,1.977865244466037709e+01,1.899583603813728061e+01,-1.298626568119028102e+00,2.274542966970259261e+00,3.015984610153375073e-02,-5.192336632169759492e-01,1.940519545476059093e+01,1.681624641706836698e+01,1.889350202262025391e+01,-3.244460485137393713e-01,-4.425309177189645782e-02,-2.689092546592076194e-01,9.459546123104040083e-02,1.872429703626420761e+01
1.897832937225041761e+01,1.941578064074847276e+01,1.918134709049234488e+01,1.809122101556060969e+01,1.890421476167735904e+01,1.817450877735494785e+01,5.666083011434474237e+00,3.040710227358636546e-03,1.954122337258231212e+01,1.887079414567206115e+01,1.947902429336958363e+01,2.153649129841834764e+00,1.865228303066896132e+01,3.842662881108541324e-03,7.268967273716718802e-01,2.678264155488484510e-01,1.643687418522439714e+01,6.314080631882988826e+01,1.897903847216282358e+01,1.944177148202500405e+01,1.881556020742591429e+01,3.044282440957874480e-01,7.730018830824014753e-01,3.365048155181694089e-01,1.699851390790800831e-01,-7.809860210378083423e-02,2.146879781000812670e+01,1.920099275385208770e+01,1.864828551014292657e+01,1.656057464857053318e+01,-1.677228121030756691e+00,-5.367728523377092165e-01,-3.623831276294862680e-01,-6.048760723320146804e-01,5.044773624717530325e+00,-3.177685831159489549e+00,1.924640381230808117e+01,1.836500855133863297e+01,1.881070446680976005e+01,1.839531090761923338e+01,1.877668479754596831e+01,2.986902549749081426e-01,-1.742274005492920885e-01,-7.266280064549167639e-01,-1.314696591063181930e-01,-1.551897198293627766e-01,5.280049665288215621e-01,-2.089670165061655993e+01,1.910719545434300315e+01,1.906241080860614545e+01,1.882385953803474976e+01,1.853374865482640743e+01,-3.578552026905121863e-01,-1.863691504013207156e+00,-7.498730849340541627e-02,1.730678787249625150e-01,9.766813775315517920e-02,4.794016376154096037e-01,1.862982846961110894e+01,1.875163616411984790e+01,2.283676970304961173e+01,1.920921645189065785e+01,7.416872646000975955e-01,-1.742945527277270645e-01,-6.219157198952959265e-01,-2.030676351179317440e-01,2.317731985825761953e-02,1.961579861175651374e+01,1.798353304292858468e+01,1.877233823492882436e+01,2.003199034907436271e+01,-9.534649466241273075e+00,-4.059313042314606212e-01,-9.141853090301188534e-01,3.846279949183594171e-01,-1.237371672432993064e+00,1.962770771425467586e+01,1.977865244466037709e+01,1.899583603813728061e+01,-1.298626568119028102e+00,2.274542966970259261e+00,3.015984610153375073e-02,-5.192336632169759492e-01,1.940519545476059093e+01,1.681624641706836698e+01,1.889350202262025391e+01,-3.244460485137393713e-01,-4.425309177189645782e-02,-2.689092546592076194e-01,9.200925220368896817e-02,1.872429703626420761e+01
1.897832937225041761e+01,1.941578064074847276e+01,1.918134709049234488e+01,1.809122101556060969e+01,1.890421476167735904e+01,1.817450877735494785e+01,5.666083011434474237e+00,3.040710227358636546e-03,1.954122337258231212e+01,1.887079414567206115e+01,1.947902429336958363e+01,2.153649129841834764e+00,1.865596359286297812e+01,3.842662881108541324e-03,7.304536140433216529e-01,2.678264155488484510e-01,1.643687418522439714e+01,6.314080631882988826e+01,1.897903847216282358e+01,1.944177148202500405e+01,1.881556020742591429e+01,3.044282440957874480e-01,7.730018830824014753e-01,3.365048155181694089e-01,1.699851390790800831e-01,-7.809860210378083423e-02,2.146879781000812670e+01,1.920099275385208770e+01,1.865328870670657935e+01,1.656057464857053318e+01,-1.677228121030756691e+00,-6.656895773421009910e-01,-3.691944648636512616e-01,-6.048760723320146804e-01,5.044773624717530325e+00,-3.177685831159489549e+00,1.924640381230808117e+01,1.836500855133863297e+01,1.881070446680976005e+01,1.839531090761923338e+01,1.877668479754596831e+01,2.986902549749081426e-01,-1.742274005492920885e-01,-7.266280064549167639e-01,-1.314696591063181930e-01,-1.551897198293627766e-01,5.280049665288215621e-01,-2.089670165061655993e+01,1.910719545434300315e+01,1.906241080860614545e+01,1.882385953803474976e+01,1.853374865482640743e+01,-3.578552026905121863e-01,-1.863691504013207156e+00,-7.498730849340541627e-02,1.730678787249625150e-01,9.766813775315517920e-02,4.794016376154096037e-01,1.862982846961110894e+01,1.875163616411984790e+01,2.283676970304961173e+01,1.920921645189065785e+01,7.416872646000975955e-01,-1.742945527277270645e-01,-6.219157198952959265e-01,-2.030676351179317440e-01,2.317731985825761953e-02,1.961579861175651374e+01,1.798353304292858468e+01,1.877233823492882436e+01,2.003199034907436271e+01,-9.534649466241273075e+00,-4.059313042314606212e-01,-9.141853090301188534e-01,3.846279949183594171e-01,-1.237371672432993064e+00,1.962770771425467586e+01,1.978019401421032697e+01,1.899583603813728061e+01,-1.295117277015682911e+00,2.274542966970259261e+00,3.015984610153375073e-02,-5.192336632169759492e-01,1.940519545476059093e+01,1.681624641706836698e+01,1.889350202262025391e+01,-3.244460485137393713e-01,-6.772798358783302386e-02,-2.673697240293475552e-01,9.200925220368896817e-02,1.872429703626420761e+01
1.897832937225041761e+01,1.941578064074847276e+01,1.917949616474518137e+01,1.809122101556060969e+01,1.890421476167735904e+01,1.817450877735494785e+01,5.666083011434474237e+00,3.040710227358636546e-03,1.954122337258231212e+01,1.887079414567206115e+01,1.947902429336958363e+01,2.153649129841834764e+00,1.865596359286297812e+01,3.842662881108541324e-03,7.304536140433216529e-01,2.678264155488484510e-01,1.643687418522439714e+01,6.314080631882988826e+01,1.897903847216282358e+01,1.944177148202500405e+01,1.881556020742591429e+01,2.993581971867902980e-01,7.730018830824014753e-01,3.365048155181694089e-01,1.699851390790800831e-01,-7.809860210378083423e-02,2.146879781000812670e+01,1.920099275385208770e+01,1.865328870670657935e+01,1.655537916172824353e+01,-1.677228121030756691e+00,-6.656895773421009910e-01,-3.691944648636512616e-01,-6.048760723320146804e-01,5.044773624717530325e+00,-3.177685831159489549e+00,1.923822329157338729e+01,1.836500855133863297e+01,1.880707014195152027e+01,1.839531090761923338e+01,1.877668479754596831e+01,2.986902549749081426e-01,-1.742274005492920885e-01,-7.266280064549167639e-01,-1.314696591063181930e-01,-1.551897198293627766e-01,5.280049665288215621e-01,-2.089670165061655993e+01,1.910719545434300315e+01,1.906241080860614545e+01,1.882385953803474976e+01,1.853374865482640743e+01,-3.578552026905121863e-01,-1.863691504013207156e+00,-7.498730849340541627e-02,1.730678787249625150e-01,9.766813775315517920e-02,4.794016376154096037e-01,1.864203055510343887e+01,1.875163616411984790e+01,2.284052225330750119e+01,1.920921645189065785e+01,7.416872646000975955e-01,-1.742945527277270645e-01,-6.219157198952959265e-01,-2.091161900787798511e-01,2.317731985825761953e-02,1.961579861175651374e+01,1.798353304292858468e+01,1.877233823492882436e+01,2.003199034907436271e+01,-9.506649350881614779e+00,-4.059313042314606212e-01,-9.141853090301188534e-01,3.846279949183594171e-01,-1.237371672432993064e+00,1.962770771425467586e+01,1.978019401421032697e+01,1.899583603813728061e+01,-1.295117277015682911e+00,2.274542966970259261e+00,3.015984610153375073e-02,-5.192336632169759492e-01,1.940519545476059093e+01,1.681624641706836698e+01,1.889350202262025391e+01,-3.244460485137393713e-01,-6.772798358783302386e-02,-2.673697240293475552e-01,9.200925220368896817e-02,1.872429703626420761e+01
1.897832937225041761e+01,1.941578064074847276e+01,1.917949616474518137e+01,1.809122101556060969e+01,1.890421476167735904e+01,1.817450877735494785e+01,5.656792523524135419e+00,1.545106225034308112e-02,1.954122337258231212e+01,1.887079414567206115e+01,1.947902429336958363e+01,2.159240519809798364e+00,1.865596359286297812e+01,3.599069787519049157e-02,7.304536140433216529e-01,2.678264155488484510e-01,1.643687418522439714e+01,6.314080631882988826e+01,1.897903847216282358e+01,1.944177148202500405e+01,1.881556020742591429e+01,2.993581971867902980e-01,7.695467895075324138e-01,3.365048155181694089e-01,1.699851390790800831e-01,-7.809860210378083423e-02,2.146879781000812670e+01,1.920099275385208770e+01,1.865328870670657935e+01,1.655537916172824353e+01,-1.677228121030756691e+00,-6.656895773421009910e-01,-3.691944648636512616e-01,-6.048760723320146804e-01,5.051327580775085480e+00,-3.177685831159489549e+00,1.923822329157338729e+01,1.836500855133863297e+01,1.880707014195152027e+01,1.839531090761923338e+01,1.877668479754596831e+01,2.943253402436196153e-01,-1.721882069528678783e-01,-7.266280064549167639e-01,-1.314696591063181930e-01,-1.551897198293627766e-01,5.280049665288215621e-01,-2.089670165061655993e+01,1.910719545434300315e+01,1.906241080860614545e+01,1.882385953803474976e+01,1.853374865482640743e+01,-3.578552026905121863e-01,-1.863691504013207156e+00,-7.498730849340541627e-02,1.730678787249625150e-01,9.766813775315517920e-02,4.794016376154096037e-01,1.864203055510343887e+01,1.875163616411984790e+01,2.284052225330750119e+01,1.920921645189065785e+01,7.416872646000975955e-01,-1.742945527277270645e-01,-6.219157198952959265e-01,-2.091161900787798511e-01,2.317731985825761953e-02,1.961579861175651374e+01,1.798353304292858468e+01,1.877233823492882436e+01,2.003199034907436271e+01,-9.506649350881614779e+00,-5.943015993500843086e-01,-9.141853090301188534e-01,3.846279949183594171e-01,-1.237371672432993064e+00,1.962770771425467586e+01,1.978019401421032697e+01,1.899583603813728061e+01,-1.295117277015682911e+00,2.274542966970259261e+00,3.015984610153375073e-02,-5.192336632169759492e-01,1.940519545476059093e+01,1.681624641706836698e+01,1.889350202262025391e+01,-3.244460485137393713e-01,-6.772798358783302386e-02,-2.673697240293475552e-01,9.200925220368896817e-02,1.872429703626420761e+01
1.926397907445653601e+01,1.941578064074847276e+01,1.917949616474518137e+01,1.809122101556060969e+01,1.890421476167735904e+01,1.817450877735494785e+01,5.656792523524135419e+00,1.545106225034308112e-02,1.954122337258231212e+01,1.887079414567206115e+01,1.947902429336958363e+01,2.159240519809798364e+00,1.865596359286297812e+01,3.599069787519049157e-02,7.304536140433216529e-01,2.678264155488484510e-01,1.643687418522439714e+01,6.314080631882988826e+01,1.897903847216282358e+01,1.944177148202500405e+01,1.881556020742591429e+01,2.993581971867902980e-01,7.695467895075324138e-01,3.365048155181694089e-01,1.699851390790800831e-01,-7.809860210378083423e-02,2.146879781000812670e+01,1.920099275385208770e+01,1.865328870670657935e+01,1.655537916172824353e+01,-1.677228121030756691e+00,-6.656895773421009910e-01,-3.691944648636512616e-01,-6.048760723320146804e-01,5.051327580775085480e+00,-3.177685831159489549e+00,1.923822329157338729e+01,1.836500855133863297e+01,1.880707014195152027e+01,1.898620523940386562e+01,1.871781509399218635e+01,2.943253402436196153e-01,-1.721882069528678783e-01,-7.266280064549167639e-01,-4.813381926039686509e-02,-1.551897198293627766e-01,5.280049665288215621e-01,-2.089670165061655993e+01,1.910719545434300315e+01,1.917977856417808269e+01,1.882385953803474976e+01,1.853374865482640743e+01,-3.578552026905121863e-01,-1.863691504013207156e+00,-7.498730849340541627e-02,1.730678787249625150e-01,-1.070237993619339995e-01,4.794016376154096037e-01,1.864203055510343887e+01,1.875163616411984790e+01,2.284052225330750119e+01,1.920921645189065785e+01,7.416872646000975955e-01,-1.742945527277270645e-01,-6.219157198952959265e-01,-2.091161900787798511e-01,2.317731985825761953e-02,1.961579861175651374e+01,1.798353304292858468e+01,1.877233823492882436e+01,1.976730256466434099e+01,-9.506649350881614779e+00,-5.943015993500843086e-01,-9.141853090301188534e-01,3.846279949183594171e-01,-1.373301756623115821e+00,1.962770771425467586e+01,1.978019401421032697e+01,1.899583603813728061e+01,-1.295117277015682911e+00,2.274542966970259261e+00,3.015984610153375073e-02,-5.192336632169759492e-01,1.940519545476059093e+01,1.655384508563173895e+01,1.981741771831980969e+01,-3.244460485137393713e-01,-6.772798358783302386e-02,-2.673697240293475552e-01,9.200925220368896817e-02,1.872429703626420761e+01
1.926397907445653601e+01,1.941578064074847276e+01,1.917949616474518137e+01,1.809122101556060969e+01,1.890421476167735904e+01,1.817450877735494785e+01,5.656792523524135419e+00,1.545106225034308112e-02,1.954122337258231212e+01,1.887079414567206115e+01,1.947902429336958363e+01,2.159240519809798364e+00,1.865596359286297812e+01,3.599069787519049157e-02,7.304536140433216529e-01,2.678264155488484510e-01,1.604694773628675719e+01,6.314080631882988826e+01,1.897903847216282358e+01,1.944177148202500405e+01,1.881556020742591429e+01,2.993581971867902980e-01,7.695467895075324138e-01,3.365048155181694089e-01,1.699851390790800831e-01,-7.809860210378083423e-02,2.146879781000812670e+01,1.920099275385208770e+01,1.865328870670657935e+01,1.655537916172824353e+01,-1.677228121030756691e+00,-6.656895773421009910e-01,-3.691944648636512616e-01,-6.048760723320146804e-01,5.051327580775085480e+00,-3.177685831159489549e+00,1.856119782506035421e+01,2.269962688891784452e+01,1.544533257784246771e+01,1.898620523940386562e+01,1.871781509399218635e+01,2.943253402436196153e-01,-1.721882069528678783e-01,-7.266280064549167639e-01,-4.813381926039686509e-02,-1.551897198293627766e-01,5.280049665288215621e-01,-2.089670165061655993e+01,1.910719545434300315e+01,1.772869638396403502e+01,1.882385953803474976e+01,1.853374865482640743e+01,-3.578552026905121863e-01,-1.863691504013207156e+00,-7.498730849340541627e-02,1.730678787249625150e-01,1.386321290728377731e+00,4.794016376154096037e-01,1.864203055510343887e+01,1.918063654485029446e+01,2.284052225330750119e+01,1.920921645189065785e+01,7.416872646000975955e-01,-1.742945527277270645e-01,-1.067633086191005498e-01,-2.091161900787798511e-01,-1.601590369085365007e-01,1.961579861175651374e+01,1.798353304292858468e+01,1.877233823492882436e+01,1.976730256466434099e+01,-9.506649350881614779e+00,-5.943015993500843086e-01,-9.141853090301188534e-01,3.846279949183594171e-01,-1.373301756623115821e+00,1.962770771425467586e+01,1.978019401421032697e+01,1.899583603813728061e+01,-1.295117277015682911e+00,2.274542966970259261e+00,3.015984610153375073e-02,-5.192336632169759492e-01,1.940519545476059093e+01,1.655384508563173895e+01,1.981741771831980969e+01,-3.244460485137393713e-01,-6.772798358783302386e-02,-2.673697240293475552e-01,9.200925220368896817e-02,1.872429703626420761e+01
1.926397907445653601e+01,1.941578064074847276e+01,1.917949616474518137e+01,1.809122101556060969e+01,1.890421476167735904e+01,1.817450877735494785e+01,5.996857012863103797e+00,1.545106225034308112e-02,1.971231425559258454e+01,1.887079414567206115e+01,1.947902429336958363e+01,2.421787268216551769e+00,1.865596359286297812e+01,3.599069787519049157e-02,7.304536140433216529e-01,2.678264155488484510e-01,1.604694773628675719e+01,6.314080631882988826e+01,1.897903847216282358e+01,1.944177148202500405e+01,1.881556020742591429e+01,2.993581971867902980e-01,7.695467895075324138e-01,1.105904242248271441e+00,1.699851390790800831e-01,-7.809860210378083423e-02,2.146879781000812670e+01,1.920099275385208770e+01,1.922002102377352983e+01,1.655537916172824353e+01,-2.246024848474306168e+00,-6.656895773421009910e-01,-3.691944648636512616e-01,-6.048760723320146804e-01,5.051327580775085480e+00,-3.177685831159489549e+00,1.856119782506035421e+01,2.269962688891784452e+01,1.544533257784246771e+01,1.898620523940386562e+01,1.871781509399218635e+01,2.943253402436196153e-01,-1.721882069528678783e-01,-7.266280064549167639e-01,-4.813381926039686509e-02,-1.551897198293627766e-01,5.280049665288215621e-01,-2.089670165061655993e+01,1.910719545434300315e+01,1.772869638396403502e+01,1.882385953803474976e+01,1.853374865482640743e+01,-3.578552026905121863e-01,-1.863691504013207156e+00,-7.498730849340541627e-02,1.730678787249625150e-01,1.386321290728377731e+00,4.794016376154096037e-01,1.876332711427490452e+01,1.918063654485029446e+01,2.284052225330750119e+01,1.920921645189065785e+01,7.416872646000975955e-01,-1.742945527277270645e-01,-1.067633086191005498e-01,-7.605364625995666983e-02,-1.601590369085365007e-01,1.961579861175651374e+01,1.798353304292858468e+01,1.877233823492882436e+01,1.976730256466434099e+01,-9.506649350881614779e+00,-5.943015993500843086e-01,-9.141853090301188534e-01,3.846279949183594171e-01,-1.373301756623115821e+00,1.962770771425467586e+01,1.946091910643442802e+01,1.899583603813728061e+01,-1.295117277015682911e+00,2.274542966970259261e+00,3.015984610153375073e-02,-5.192336632169759492e-01,1.940519545476059093e+01,1.655384508563173895e+01,1.981741771831980969e+01,-3.244460485137393713e-01,-6.772798358783302386e-02,-2.673697240293475552e-01,9.200925220368896817e-02,1.872429703626420761e+01
1.926397907445653601e+01,1.941578064074847276e+01,1.917949616474518137e+01,1.809122101556060969e+01,1.890421476167735904e+01,1.817450877735494785e+01,5.996857012863103797e+00,1.545106225034308112e-02,1.971231425559258454e+01,1.887079414567206115e+01,1.947902429336958363e+01,2.421787268216551769e+00,1.865596359286297812e+01,-4.140490839602703477e-02,7.304536140433216529e-01,2.778278951234149363e-01,1.604694773628675719e+01,6.314080631882988826e+01,1.897903847216282358e+01,1.945882322194353620e+01,1.878801044218461413e+01,2.993581971867902980e-01,7.695467895075324138e-01,1.105904242248271441e+00,1.699851390790800831e-01,-7.809860210378083423e-02,2.146879781000812670e+01,1.920099275385208770e+01,1.922002102377352983e+01,1.653918107410023808e+01,-2.246024848474306168e+00,-6.656895773421009910e-01,-3.691944648636512616e-01,-6.048760723320146804e-01,5.051327580775085480e+00,-3.177685831159489549e+00,1.856119782506035421e+01,2.269962688891784452e+01,1.544533257784246771e+01,1.898620523940386562e+01,1.871781509399218635e+01,2.943253402436196153e-01,-1.721882069528678783e-01,-7.266280064549167639e-01,-4.813381926039686509e-02,-1.551897198293627766e-01,5.280049665288215621e-01,-2.089670165061655993e+01,1.910719545434300315e+01,1.772869638396403502e+01,1.882385953803474976e+01,1.853374865482640743e+01,-3.871504493032303929e-01,-1.520581449300477672e+00,-7.498730849340541627e-02,1.730678787249625150e-01,1.386321290728377731e+00,4.794016376154096037e-01,1.876332711427490452e+01,1.918063654485029446e+01,2.284052225330750119e+01,1.920921645189065785e+01,7.416872646000975955e-01,-1.742945527277270645e-01,-1.067633086191005498e-01,-7.605364625995666983e-02,-1.601590369085365007e-01,1.961579861175651374e+01,1.798353304292858468e+01,1.877233823492882436e+01,1.976730256466434099e+01,-9.506649350881614779e+00,-5.943015993500843086e-01,-9.141853090301188534e-01,3.846279949183594171e-01,-1.373301756623115821e+00,1.962770771425467586e+01,1.946091910643442802e+01,1.899583603813728061e+01,-1.295117277015682911e+00,2.274542966970259261e+00,3.015984610153375073e-02,-9.613724537455803354e-02,1.981026092598291299e+01,1.655384508563173895e+01,1.981741771831980969e+01,-3.244460485137393713e-01,-6.772798358783302386e-02,-2.673697240293475552e-01,9.200925220368896817e-02,1.872429703626420761e+01
1.926397907445653601e+01,1.941578064074847276e+01,1.917949616474518137e+01,1.809122101556060969e+01,1.890421476167735904e+01,1.817450877735494785e+01,5.996857012863103797e+00,1.545106225034308112e-02,1.971231425559258454e+01,1.887079414567206115e+01,1.947902429336958363e+01,2.421787268216551769e+00,1.222633045948810704e+01,-4.140490839602703477e-02,6.354604126738772063e-01,2.778278951234149363e-01,1.604694773628675719e+01,6.314080631882988826e+01,1.897903847216282358e+01,1.945882322194353620e+01,1.878801044218461413e+01,1.056477363245746703e+00,7.695467895075324138e-01,1.105904242248271441e+00,1.699851390790800831e-01,-7.809860210378083423e-02,2.146879781000812670e+01,1.920099275385208770e+01,1.922002102377352983e+01,1.653918107410023808e+01,-2.246024848474306168e+00,-6.656895773421009910e-01,-3.691944648636512616e-01,-6.048760723320146804e-01,5.051327580775085480e+00,-3.177685831159489549e+00,1.856119782506035421e+01,2.269962688891784452e+01,1.544533257784246771e+01,1.898620523940386562e+01,1.871781509399218635e+01,2.943253402436196153e-01,-1.721882069528678783e-01,-7.266280064549167639e-01,-4.813381926039686509e-02,-1.551897198293627766e-01,1.089933725297379308e+00,-2.077708194921924800e+01,1.910719545434300315e+01,1.772869638396403502e+01,1.882385953803474976e+01,1.853374865482640743e+01,-3.871504493032303929e-01,-1.520581449300477672e+00,-7.498730849340541627e-02,1.730678787249625150e-01,1.386321290728377731e+00,4.794016376154096037e-01,1.876332711427490452e+01,1.918063654485029446e+01,2.284052225330750119e+01,1.920921645189065785e+01,7.416872646000975955e-01,-1.742945527277270645e-01,-1.067633086191005498e-01,-7.605364625995666983e-02,-1.601590369085365007e-01,1.961579861175651374e+01,1.798353304292858468e+01,1.877233823492882436e+01,1.958446211470088727e+01,-9.576911838621992246e+00,-5.943015993500843086e-01,-9.141853090301188534e-01,3.846279949183594171e-01,-1.373301756623115821e+00,1.962770771425467586e+01,1.946091910643442802e+01,1.899583603813728061e+01,-1.295117277015682911e+00,2.990542142416176219e+00,3.015984610153375073e-02,-9.613724537455803354e-02,1.981026092598291299e+01,1.655384508563173895e+01,1.995772482221473254e+01,-3.244460485137393713e-01,-6.772798358783302386e-02,-2.673697240293475552e-01,9.200925220368896817e-02,1.872429703626420761e+01
1.926397907445653601e+01,1.941578064074847276e+01,1.917949616474518137e+01,1.809122101556060969e+01,1.890421476167735904e+01,1.817450877735494785e+01,5.996857012863103797e+00,1.545106225034308112e-02,1.971231425559258454e+01,1.887079414567206115e+01,1.947902429336958363e+01,2.421787268216551769e+00,1.222633045948810704e+01,-4.140490839602703477e-02,6.354604126738772063e-01,2.778278951234149363e-01,1.604694773628675719e+01,6.314080631882988826e+01,1.897903847216282358e+01,1.945882322194353620e+01,1.878801044218461413e+01,1.056477363245746703e+00,7.695467895075324138e-01,1.105904242248271441e+00,1.699851390790800831e-01,-7.809860210378083423e-02,2.146879781000812670e+01,1.920099275385208770e+01,1.922002102377352983e+01,1.653918107410023808e+01,-2.246024848474306168e+00,-6.656895773421009910e-01,-5.108157612275989745e-01,-6.048760723320146804e-01,5.051327580775085480e+00,-3.177685831159489549e+00,1.856119782506035421e+01,2.269962688891784452e+01,1.544533257784246771e+01,1.898620523940386562e+01,1.871781509399218635e+01,2.943253402436196153e-01,-1.721882069528678783e-01,-7.159255032342651814e-01,-4.813381926039686509e-02,-1.551897198293627766e-01,1.089933725297379308e+00,-2.077708194921924800e+01,1.910719545434300315e+01,1.772869638396403502e+01,1.882385953803474976e+01,1.853374865482640743e+01,-3.871504493032303929e-01,-1.520581449300477672e+00,-7.498730849340541627e-02,1.730678787249625150e-01,1.386321290728377731e+00,4.794016376154096037e-01,1.876332711427490452e+01,1.918063654485029446e+01,2.284052225330750119e+01,1.919677861829044474e+01,7.416872646000975955e-01,-1.782243447416814452e-01,-1.067633086191005498e-01,-7.605364625995666983e-02,-1.601590369085365007e-01,1.962074364275685667e+01,1.798353304292858468e+01,1.877233823492882436e+01,1.958446211470088727e+01,-9.576911838621992246e+00,-5.943015993500843086e-01,-9.141853090301188534e-01,3.866076276031363834e-01,-1.386527600512618141e+00,1.963219259553570595e+01,1.946091910643442802e+01,1.899583603813728061e+01,-1.295117277015682911e+00,2.990542142416176219e+00,3.015984610153375073e-02,-9.613724537455803354e-02,1.981026092598291299e+01,1.655384508563173895e+01,1.995772482221473254e+01,-3.244460485137393713e-01,-6.772798358783302386e-02,-2.673697240293475552e-01,9.200925220368896817e-02,1.713942548281785605e+01
1.926397907445653601e+01,1.941578064074847276e+01,1.918448147210170873e+01,1.809122101556060969e+01,1.890421476167735904e+01,1.817450877735494785e+01,5.996857012863103797e+00,1.545106225034308112e-02,1.971231425559258454e+01,1.887079414567206115e+01,1.947563811680407397e+01,2.421787268216551769e+00,1.222633045948810704e+01,-4.140490839602703477e-02,6.354604126738772063e-01,2.778278951234149363e-01,1.604694773628675719e+01,6.314080631882988826e+01,1.897903847216282358e+01,1.945882322194353620e+01,1.878801044218461413e+01,1.056477363245746703e+00,7.695467895075324138e-01,1.105904242248271441e+00,1.699851390790800831e-01,-7.809860210378083423e-02,2.146879781000812670e+01,1.920099275385208770e+01,1.922002102377352983e+01,1.653918107410023808e+01,-2.246024848474306168e+00,-6.613205283345365837e-01,-5.108157612275989745e-01,-6.048760723320146804e-01,5.049310580450815600e+00,-3.192339899725069596e+00,1.856119782506035421e+01,2.269962688891784452e+01,1.544533257784246771e+01,1.898620523940386562e+01,1.871781509399218635e+01,2.943253402436196153e-01,-1.782677568108351485e-01,-7.159255032342651814e-01,-4.813381926039686509e-02,-1.551897198293627766e-01,1.089933725297379308e+00,-2.077708194921924800e+01,1.910899592156383875e+01,1.772869638396403502e+01,1.882385953803474976e+01,1.853374865482640743e+01,-3.871504493032303929e-01,-1.520581449300477672e+00,-7.498730849340541627e-02,1.730678787249625150e-01,1.386321290728377731e+00,4.794016376154096037e-01,1.876332711427490452e+01,1.918063654485029446e+01,2.284052225330750119e+01,1.919677861829044474e+01,7.416872646000975955e-01,-1.782243447416814452e-01,-1.067633086191005498e-01,-7.605364625995666983e-02,-1.601590369085365007e-01,1.962074364275685667e+01,1.798353304292858468e+01,1.877233823492882436e+01,1.958446211470088727e+01,-9.576911838621992246e+00,-5.943015993500843086e-01,-9.141853090301188534e-01,3.866076276031363834e-01,-1.386527600512618141e+00,1.963219259553570595e+01,1.946091910643442802e+01,1.899906582798339727e+01,-1.295117277015682911e+00,2.990542142416176219e+00,3.015984610153375073e-02,-9.613724537455803354e-02,1.981026092598291299e+01,1.655384508563173895e+01,1.995772482221473254e+01,-3.188105752129039017e-01,-6.772798358783302386e-02,-2.673697240293475552e-01,9.200925220368896817e-02,1.713942548281785605e+01
1.926397907445653601e+01,1.941578064074847276e+01,1.918448147210170873e+01,1.809122101556060969e+01,1.891704289054395716e+01,1.818893557209642253e+01,5.996857012863103797e+00,1.545106225034308112e-02,1.971231425559258454e+01,1.887079414567206115e+01,1.947563811680407397e+01,2.421787268216551769e+00,1.222633045948810704e+01,-4.140490839602703477e-02,6.354604126738772063e-01,2.778278951234149363e-01,1.604694773628675719e+01,6.314080631882988826e+01,1.893678043068506156e+01,1.945882322194353620e+01,1.878801044218461413e+01,1.056477363245746703e+00,7.695467895075324138e-01,1.105904242248271441e+00,1.699851390790800831e-01,-7.809860210378083423e-02,2.146879781000812670e+01,1.920099275385208770e+01,1.922002102377352983e+01,1.653918107410023808e+01,-2.246024848474306168e+00,-6.613205283345365837e-01,-5.108157612275989745e-01,-6.048760723320146804e-01,5.049310580450815600e+00,-3.192339899725069596e+00,1.856119782506035421e+01,2.269962688891784452e+01,1.544533257784246771e+01,1.923219369652594679e+01,1.871781509399218635e+01,2.943253402436196153e-01,-1.782677568108351485e-01,-7.159255032342651814e-01,-4.813381926039686509e-02,-1.551897198293627766e-01,1.089933725297379308e+00,-2.077708194921924800e+01,1.910899592156383875e+01,1.772869638396403502e+01,1.885012049267825063e+01,1.851900844337265895e+01,-3.871504493032303929e-01,-1.520581449300477672e+00,-7.498730849340541627e-02,1.730678787249625150e-01,1.386321290728377731e+00,4.794016376154096037e-01,1.876332711427490452e+01,1.918063654485029446e+01,2.284052225330750119e+01,1.919677861829044474e+01,7.416872646000975955e-01,-1.782243447416814452e-01,-1.067633086191005498e-01,-7.605364625995666983e-02,-1.601590369085365007e-01,1.962074364275685667e+01,1.798353304292858468e+01,1.881126226318628980e+01,1.958446211470088727e+01,-9.576911838621992246e+00,-5.943015993500843086e-01,-9.141853090301188534e-01,3.866076276031363834e-01,-1.386527600512618141e+00,1.963219259553570595e+01,1.946091910643442802e+01,1.899906582798339727e+01,-1.295117277015682911e+00,2.990542142416176219e+00,-2.607598575793054763e-03,-9.613724537455803354e-02,1.981026092598291299e+01,1.655384508563173895e+01,1.995772482221473254e+01,-3.188105752129039017e-01,-6.772798358783302386e-02,-2.783485054248370782e-01,9.200925220368896817e-02,1.713942548281785605e+01
1.926397907445653601e+01,1.941578064074847276e+01,1.918448147210170873e+01,1.809122101556060969e+01,1.891704289054395716e+01,1.818893557209642253e+01,5.996857012863103797e+00,1.545106225034308112e-02,1.971231425559258454e+01,1.892241416372848661e+01,1.947563811680407397e+01,2.421787268216551769e+00,1.222633045948810704e+01,-4.140490839602703477e-02,6.354604126738772063e-01,2.778278951234149363e-01,1.604694773628675719e+01,6.357668772742179186e+01,1.893678043068506156e+01,1.945882322194353620e+01,1.878801044218461413e+01,1.056477363245746703e+00,1.002497126296450158e+00,1.105904242248271441e+00,1.699851390790800831e-01,-7.809860210378083423e-02,2.146879781000812670e+01,1.920099275385208770e+01,1.922002102377352983e+01,1.653918107410023808e+01,-2.246024848474306168e+00,-6.613205283345365837e-01,-5.108157612275989745e-01,-6.048760723320146804e-01,5.049310580450815600e+00,-3.192339899725069596e+00,1.856119782506035421e+01,2.269962688891784452e+01,1.544533257784246771e+01,1.923219369652594679e+01,1.871781509399218635e+01,4.945650749657970913e+00,-1.782677568108351485e-01,-7.159255032342651814e-01,-4.813381926039686509e-02,-1.551897198293627766e-01,1.089933725297379308e+00,-2.077708194921924800e+01,1.910899592156383875e+01,1.772869638396403502e+01,1.885012049267825063e+01,1.851900844337265895e+01,-3.871504493032303929e-01,-1.520581449300477672e+00,-7.498730849340541627e-02,-3.883250447679212902e-01,1.386321290728377731e+00,4.794016376154096037e-01,1.876332711427490452e+01,1.918063654485029446e+01,2.284052225330750119e+01,1.919677861829044474e+01,7.416872646000975955e-01,-1.782243447416814452e-01,-1.067633086191005498e-01,-7.605364625995666983e-02,-1.601590369085365007e-01,1.962074364275685667e+01,1.798353304292858468e+01,1.881126226318628980e+01,1.958446211470088727e+01,-9.576911838621992246e+00,-3.949752068072519506e+01,-7.955631320203232493e-01,3.866076276031363834e-01,-1.386527600512618141e+00,1.963219259553570595e+01,1.946091910643442802e+01,1.899906582798339727e+01,-1.295117277015682911e+00,2.990542142416176219e+00,-2.607598575793054763e-03,-9.613724537455803354e-02,1.981026092598291299e+01,1.655384508563173895e+01,1.995772482221473254e+01,-3.188105752129039017e-01,-2.391685563993272562e-02,-2.783485054248370782e-01,1.526497895926924642e+01,1.713942548281785605e+01
1.926397907445653601e+01,1.945920567620363073e+01,1.918448147210170873e+01,1.809122101556060969e+01,1.891704289054395716e+01,1.818893557209642253e+01,5.996857012863103797e+00,1.545106225034308112e-02,1.971231425559258454e+01,1.892241416372848661e+01,1.947563811680407397e+01,2.421787268216551769e+00,1.222633045948810704e+01,-4.140490839602703477e-02,6.354604126738772063e-01,2.778278951234149363e-01,1.604694773628675719e+01,6.357668772742179186e+01,1.893678043068506156e+01,1.945882322194353620e+01,1.878801044218461413e+01,1.056477363245746703e+00,1.002497126296450158e+00,1.105904242248271441e+00,2.816144120950971330e-01,-7.809860210378083423e-02,2.146879781000812670e+01,1.922111273846704904e+01,1.922002102377352983e+01,1.653918107410023808e+01,-2.246024848474306168e+00,-6.613205283345365837e-01,-5.108157612275989745e-01,-6.048760723320146804e-01,5.049310580450815600e+00,-3.192339899725069596e+00,1.856119782506035421e+01,2.269962688891784452e+01,1.544533257784246771e+01,1.923219369652594679e+01,1.871781509399218635e+01,4.945650749657970913e+00,-1.782677568108351485e-01,-7.159255032342651814e-01,-3.462532240210589030e-02,-1.353965365478992933e-01,1.089933725297379308e+00,-2.077708194921924800e+01,1.910899592156383875e+01,1.772869638396403502e+01,1.885012049267825063e+01,1.851900844337265895e+01,-3.871504493032303929e-01,-1.520581449300477672e+00,-8.474265584165255327e-02,-3.883250447679212902e-01,1.386321290728377731e+00,4.794016376154096037e-01,1.876332711427490452e+01,1.918063654485029446e+01,2.276691571700551719e+01,1.919677861829044474e+01,7.416872646000975955e-01,-1.782243447416814452e-01,-1.067633086191005498e-01,-7.605364625995666983e-02,-1.601590369085365007e-01,1.962074364275685667e+01,1.796419112083306047e+01,1.881126226318628980e+01,1.958446211470088727e+01,-9.576911838621992246e+00,-3.949752068072519506e+01,-7.955631320203232493e-01,3.866076276031363834e-01,-1.386527600512618141e+00,1.963219259553570595e+01,1.946091910643442802e+01,1.899906582798339727e+01,-1.264604115299349463e+00,2.990542142416176219e+00,-2.607598575793054763e-03,-9.613724537455803354e-02,1.981026092598291299e+01,1.655384508563173895e+01,1.995772482221473254e+01,-3.188105752129039017e-01,-2.391685563993272562e-02,-2.783485054248370782e-01,1.526497895926924642e+01,1.713942548281785605e+01
1.932028035456052706e+01,1.945920567620363073e+01,1.918448147210170873e+01,1.809941100991059670e+01,1.891704289054395716e+01,1.818893557209642253e+01,5.996857012863103797e+00,1.116719206599153628e-02,1.971231425559258454e+01,1.892241416372848661e+01,1.947563811680407397e+01,2.421787268216551769e+00,1.222633045948810704e+01,-4.140490839602703477e-02,6.354604126738772063e-01,2.778278951234149363e-01,1.604694773628675719e+01,6.357668772742179186e+01,1.893678043068506156e+01,1.945882322194353620e+01,1.878801044218461413e+01,1.056477363245746703e+00,1.002497126296450158e+00,1.105904242248271441e+00,2.816144120950971330e-01,-7.484218051268758110e-02,2.146509913490734789e+01,1.922111273846704904e+01,1.922002102377352983e+01,1.653918107410023808e+01,-2.246024848474306168e+00,-6.613205283345365837e-01,-5.108157612275989745e-01,-6.090877128783772632e-01,5.049310580450815600e+00,-3.192339899725069596e+00,1.856119782506035421e+01,2.269962688891784452e+01,1.544533257784246771e+01,1.923219369652594679e+01,1.871980755625541804e+01,4.945650749657970913e+00,-1.782677568108351485e-01,-7.159255032342651814e-01,-3.462532240210589030e-02,-1.353965365478992933e-01,1.089933725297379308e+00,-2.077708194921924800e+01,1.910899592156383875e+01,1.772869638396403502e+01,1.885012049267825063e+01,1.851900844337265895e+01,-3.871504493032303929e-01,-1.520581449300477672e+00,-8.474265584165255327e-02,-3.883250447679212902e-01,1.386321290728377731e+00,4.824606585712497009e-01,1.876332711427490452e+01,1.918063654485029446e+01,2.276691571700551719e+01,1.919677861829044474e+01,7.495307511366736675e-01,-1.782243447416814452e-01,-1.067633086191005498e-01,-7.605364625995666983e-02,-1.601590369085365007e-01,1.962074364275685667e+01,1.796419112083306047e+01,1.881126226318628980e+01,1.958446211470088727e+01,-9.576911838621992246e+00,-3.949752068072519506e+01,-7.955631320203232493e-01,3.866076276031363834e-01,-1.386527600512618141e+00,1.963219259553570595e+01,1.946091910643442802e+01,1.899906582798339727e+01,-1.264604115299349463e+00,2.990542142416176219e+00,-2.607598575793054763e-03,-9.613724537455803354e-02,1.981026092598291299e+01,1.655224238095249234e+01,1.995772482221473254e+01,-3.188105752129039017e-01,-2.391685563993272562e-02,-2.783485054248370782e-01,1.526497895926924642e+01,1.713942548281785605e+01
1.932028035456052706e+01,1.945920567620363073e+01,1.918448147210170873e+01,1.828695883429345059e+01,1.891704289054395716e+01,1.818893557209642253e+01,5.996857012863103797e+00,1.116719206599153628e-02,1.971231425559258454e+01,1.892241416372848661e+01,1.947563811680407397e+01,2.421787268216551769e+00,1.222633045948810704e+01,-4.140490839602703477e-02,6.354604126738772063e-01,2.778278951234149363e-01,1.603945807153116121e+01,6.357668772742179186e+01,1.893678043068506156e+01,1.945882322194353620e+01,1.878801044218461413e+01,1.056477363245746703e+00,1.002497126296450158e+00,1.105904242248271441e+00,2.816144120950971330e-01,-7.484218051268758110e-02,2.145457895669211013e+01,1.922111273846704904e+01,1.921487830960583310e+01,1.653918107410023808e+01,-2.246024848474306168e+00,-6.613205283345365837e-01,-5.108157612275989745e-01,-6.090877128783772632e-01,5.049310580450815600e+00,-3.192339899725069596e+00,1.856119782506035421e+01,2.269962688891784452e+01,1.544533257784246771e+01,1.923219369652594679e+01,1.871980755625541804e+01,4.945650749657970913e+00,-1.782677568108351485e-01,-7.159255032342651814e-01,-5.710090759890223966e-02,-1.353965365478992933e-01,1.099618680105726387e+00,-2.077708194921924800e+01,1.910899592156383875e+01,1.772869638396403502e+01,1.885012049267825063e+01,1.851900844337265895e+01,-3.871504493032303929e-01,-1.483094079657380382e+00,-8.474265584165255327e-02,-1.395933628456656805e+00,1.386321290728377731e+00,4.824606585712497009e-01,1.876332711427490452e+01,1.918063654485029446e+01,2.276691571700551719e+01,1.919677861829044474e+01,7.495307511366736675e-01,-1.782243447416814452e-01,-1.067633086191005498e-01,-7.605364625995666983e-02,-1.601590369085365007e-01,1.962074364275685667e+01,1.796419112083306047e+01,1.881126226318628980e+01,1.958446211470088727e+01,-9.576911838621992246e+00,-3.949752068072519506e+01,-7.955631320203232493e-01,3.866076276031363834e-01,-1.386527600512618141e+00,1.963219259553570595e+01,1.946091910643442802e+01,1.899906582798339727e+01,-1.264604115299349463e+00,2.990542142416176219e+00,-2.607598575793054763e-03,-1.050679046596012384e-01,1.981026092598291299e+01,1.655224238095249234e+01,1.995772482221473254e+01,-3.188105752129039017e-01,-2.391685563993272562e-02,-2.783485054248370782e-01,1.526497895926924642e+01,1.713942548281785605e+01
1.932028035456052706e+01,1.945920567620363073e+01,1.918448147210170873e+01,1.828695883429345059e+01,1.891704289054395716e+01,1.818893557209642253e+01,5.996857012863103797e+00,1.116719206599153628e-02,1.971231425559258454e+01,1.892241416372848661e+01,1.947494447554587182e+01,2.421787268216551769e+00,1.222633045948810704e+01,-4.140490839602703477e-02,6.354604126738772063e-01,2.778278951234149363e-01,1.603945807153116121e+01,6.357668772742179186e+01,1.893678043068506156e+01,1.945882322194353620e+01,1.878801044218461413e+01,1.060888784270672014e+00,1.002497126296450158e+00,1.105904242248271441e+00,2.816144120950971330e-01,-7.561101167366854336e-02,2.145457895669211013e+01,1.922111273846704904e+01,1.921487830960583310e+01,1.654308100675983795e+01,-2.246024848474306168e+00,-6.613205283345365837e-01,-5.108157612275989745e-01,-6.090877128783772632e-01,5.049310580450815600e+00,-3.192339899725069596e+00,1.855837110395829370e+01,2.269962688891784452e+01,1.544745073113573675e+01,1.923219369652594679e+01,1.871980755625541804e+01,4.945650749657970913e+00,-1.782677568108351485e-01,-7.159255032342651814e-01,-5.710090759890223966e-02,-1.353965365478992933e-01,1.099618680105726387e+00,-2.077708194921924800e+01,1.910899592156383875e+01,1.772869638396403502e+01,1.885012049267825063e+01,1.851900844337265895e+01,-3.871504493032303929e-01,-1.483094079657380382e+00,-8.474265584165255327e-02,-1.395933628456656805e+00,1.386321290728377731e+00,4.824606585712497009e-01,1.876332711427490452e+01,1.918063654485029446e+01,2.276691571700551719e+01,1.919677861829044474e+01,7.495307511366736675e-01,-1.782243447416814452e-01,-1.087872877934559640e-01,-7.605364625995666983e-02,-1.601590369085365007e-01,1.962074364275685667e+01,1.796419112083306047e+01,1.881126226318628980e+01,1.958446211470088727e+01,-9.576911838621992246e+00,-3.949752068072519506e+01,-7.955631320203232493e-01,3.866076276031363834e-01,-1.386527600512618141e+00,1.963219259553570595e+01,1.946091910643442802e+01,1.899906582798339727e+01,-1.264604115299349463e+00,2.978840666049476837e+00,-2.607598575793054763e-03,-1.050679046596012384e-01,1.981026092598291299e+01,1.655224238095249234e+01,1.995772482221473254e+01,-3.188105752129039017e-01,-2.391685563993272562e-02,-2.730791300095553598e-01,1.526497895926924642e+01,1.713942548281785605e+01
1.932268846164580012e+01,1.945920567620363073e+01,1.918448147210170873e+01,1.828695883429345059e+01,1.891704289054395716e+01,1.818893557209642253e+01,5.996857012863103797e+00,1.116719206599153628e-02,1.971231425559258454e+01,1.892241416372848661e+01,1.947494447554587182e+01,2.421787268216551769e+00,1.222633045948810704e+01,-4.140490839602703477e-02,6.475949283435079584e-01,2.778278951234149363e-01,1.603945807153116121e+01,6.357668772742179186e+01,1.893754396286410113e+01,1.945882322194353620e+01,1.878801044218461413e+01,1.060888784270672014e+00,1.002497126296450158e+00,1.105904242248271441e+00,2.816144120950971330e-01,-7.561101167366854336e-02,2.145457895669211013e+01,1.922111273846704904e+01,1.921487830960583310e+01,1.654308100675983795e+01,-2.246024848474306168e+00,-6.613205283345365837e-01,-5.108157612275989745e-01,-6.090877128783772632e-01,5.049310580450815600e+00,-3.186747423140035895e+00,1.855837110395829370e+01,2.270042041231517160e+01,1.544745073113573675e+01,1.923435628847012424e+01,1.872605622938375092e+01,4.945650749657970913e+00,-1.782677568108351485e-01,-7.159255032342651814e-01,-5.710090759890223966e-02,-1.353965365478992933e-01,1.099618680105726387e+00,-2.077802806070604191e+01,1.910899592156383875e+01,1.772869638396403502e+01,1.885012049267825063e+01,1.851900844337265895e+01,-3.871504493032303929e-01,-1.483094079657380382e+00,-8.474265584165255327e-02,-1.395933628456656805e+00,1.386321290728377731e+00,4.824606585712497009e-01,1.876332711427490452e+01,1.918063654485029446e+01,2.276691571700551719e+01,1.919677861829044474e+01,7.495307511366736675e-01,-1.782243447416814452e-01,-1.087872877934559640e-01,-7.605364625995666983e-02,-1.601590369085365007e-01,1.962074364275685667e+01,1.796419112083306047e+01,1.881126226318628980e+01,1.958446211470088727e+01,-9.576911838621992246e+00,-3.949752068072519506e+01,-7.955631320203232493e-01,3.866076276031363834e-01,-1.386527600512618141e+00,1.963219259553570595e+01,1.946091910643442802e+01,1.899906582798339727e+01,-1.264604115299349463e+00,2.978840666049476837e+00,-2.607598575793054763e-03,-1.050679046596012384e-01,1.981026092598291299e+01,1.655224238095249234e+01,1.995772482221473254e+01,-3.178622691365854402e-01,-2.391685563993272562e-02,-2.730791300095553598e-01,1.526497895926924642e+01,1.713942548281785605e+01
1.932268846164580012e+01,1.945920567620363073e+01,1.918448147210170873e+01,1.828695883429345059e+01,1.891704289054395716e+01,1.818893557209642253e+01,5.996857012863103797e+00,1.116719206599153628e-02,1.971231425559258454e+01,1.892241416372848661e+01,1.947494447554587182e+01,2.421787268216551769e+00,1.222633045948810704e+01,-4.140490839602703477e-02,6.475949283435079584e-01,2.778278951234149363e-01,1.603945807153116121e+01,6.357668772742179186e+01,1.893754396286410113e+01,1.945882322194353620e+01,1.878801044218461413e+01,1.060888784270672014e+00,1.006900173569469814e+00,1.105904242248271441e+00,2.816144120950971330e-01,-7.561101167366854336e-02,2.145457895669211013e+01,1.922111273846704904e+01,1.921487830960583310e+01,1.654308100675983795e+01,-2.246024848474306168e+00,-6.613205283345365837e-01,-5.082142939474678656e-01,-6.090877128783772632e-01,5.049310580450815600e+00,-3.186747423140035895e+00,1.855837110395829370e+01,2.270042041231517160e+01,1.544745073113573675e+01,1.923435628847012424e+01,1.872605622938375092e+01,4.945650749657970913e+00,-1.782677568108351485e-01,-7.159255032342651814e-01,-5.710090759890223966e-02,-1.353965365478992933e-01,1.099618680105726387e+00,-2.077802806070604191e+01,1.910899592156383875e+01,1.772869638396403502e+01,1.885415097044044330e+01,1.851900844337265895e+01,-3.871504493032303929e-01,-1.483094079657380382e+00,-8.474265584165255327e-02,-1.395933628456656805e+00,1.386321290728377731e+00,4.824606585712497009e-01,1.876332711427490452e+01,1.918063654485029446e+01,2.276691571700551719e+01,1.919677861829044474e+01,7.720904781287389884e-01,-1.798800016772102162e-01,-1.087872877934559640e-01,-7.605364625995666983e-02,-1.601590369085365007e-01,1.962074364275685667e+01,1.796419112083306047e+01,1.948015508222334091e+01,1.958446211470088727e+01,-9.576911838621992246e+00,-3.949752068072519506e+01,-8.084982047088439261e-01,3.866076276031363834e-01,-1.386527600512618141e+00,1.963219259553570595e+01,1.946091910643442802e+01,1.899906582798339727e+01,-1.264604115299349463e+00,2.978840666049476837e+00,-2.607598575793054763e-03,-1.050679046596012384e-01,1.980808517784290146e+01,1.655224238095249234e+01,1.995594891239782953e+01,-3.178622691365854402e-01,-2.391685563993272562e-02,-2.730791300095553598e-01,1.526497895926924642e+01,1.713942548281785605e+01
1.932268846164580012e+01,1.945920567620363073e+01,1.918448147210170873e+01,1.828695883429345059e+01,1.891704289054395716e+01,1.818893557209642253e+01,5.996857012863103797e+00,2.477111289350242967e-02,1.971231425559258454e+01,1.892241416372848661e+01,1.947494447554587182e+01,2.421787268216551769e+00,1.222633045948810704e+01,-4.140490839602703477e-02,6.475949283435079584e-01,2.778278951234149363e-01,1.603945807153116121e+01,6.357668772742179186e+01,1.893754396286410113e+01,1.945882322194353620e+01,1.878801044218461413e+01,1.060888784270672014e+00,1.006900173569469814e+00,1.105904242248271441e+00,2.816144120950971330e-01,-7.561101167366854336e-02,2.145457895669211013e+01,1.922725087759834040e+01,1.921487830960583310e+01,1.654308100675983795e+01,-2.246024848474306168e+00,-6.613205283345365837e-01,-5.082142939474678656e-01,-6.048004750502661286e-01,5.049310580450815600e+00,-3.186747423140035895e+00,1.855837110395829370e+01,2.270042041231517160e+01,1.544745073113573675e+01,1.923435628847012424e+01,1.872605622938375092e+01,5.286847138995350193e+00,-1.782677568108351485e-01,-7.159255032342651814e-01,-5.710090759890223966e-02,-1.353965365478992933e-01,1.099618680105726387e+00,-2.077802806070604191e+01,1.911086384975916275e+01,1.772869638396403502e+01,1.885415097044044330e+01,1.851900844337265895e+01,-3.871504493032303929e-01,-1.483094079657380382e+00,-8.474265584165255327e-02,-1.395933628456656805e+00,1.386321290728377731e+00,4.824606585712497009e-01,1.876332711427490452e+01,1.918063654485029446e+01,2.278381658664121545e+01,1.919677861829044474e+01,7.720904781287389884e-01,-1.798800016772102162e-01,-1.087872877934559640e-01,-7.605364625995666983e-02,-1.601590369085365007e-01,1.962074364275685667e+01,1.796419112083306047e+01,1.948015508222334091e+01,1.958446211470088727e+01,-9.576911838621992246e+00,-3.949752068072519506e+01,-8.084982047088439261e-01,3.866076276031363834e-01,-1.386527600512618141e+00,1.963219259553570595e+01,1.946091910643442802e+01,1.899906582798339727e+01,-1.220946397038785491e+00,2.978840666049476837e+00,-7.278531087485412554e-03,-1.050679046596012384e-01,1.980808517784290146e+01,1.655224238095249234e+01,1.995594891239782953e+01,-3.178622691365854402e-01,-3.496846154984855487e-02,-2.730791300095553598e-01,1.526497895926924642e+01,1.713942548281785605e+01
1.932268846164580012e+01,1.945920567620363073e+01,1.919404708850339958e+01,1.828695883429345059e+01,1.892296773949139777e+01,1.818893557209642253e+01,5.996857012863103797e+00,2.477111289350242967e-02,1.971231425559258454e+01,1.879831710532041100e+01,1.947494447554587182e+01,2.421787268216551769e+00,1.222633045948810704e+01,-4.140490839602703477e-02,6.475949283435079584e-01,2.778278951234149363e-01,1.603945807153116121e+01,6.357668772742179186e+01,1.893754396286410113e+01,1.945882322194353620e+01,1.878801044218461413e+01,1.060888784270672014e+00,1.006900173569469814e+00,1.105904242248271441e+00,2.542169239103458378e-01,-7.561101167366854336e-02,2.145457895669211013e+01,1.922725087759834040e+01,1.921487830960583310e+01,1.654308100675983795e+01,-2.039577292326395064e+00,-6.613205283345365837e-01,-5.082142939474678656e-01,-6.048004750502661286e-01,5.049310580450815600e+00,-3.186747423140035895e+00,1.855837110395829370e+01,2.270042041231517160e+01,1.544745073113573675e+01,1.923435628847012424e+01,1.872605622938375092e+01,5.286847138995350193e+00,-1.782677568108351485e-01,-7.159255032342651814e-01,-5.710090759890223966e-02,-1.353965365478992933e-01,1.099618680105726387e+00,-2.077802806070604191e+01,1.911086384975916275e+01,1.773551876169655728e+01,1.885415097044044330e+01,1.851900844337265895e+01,-3.871504493032303929e-01,-1.483094079657380382e+00,-8.474265584165255327e-02,-1.395933628456656805e+00,1.386321290728377731e+00,4.824606585712497009e-01,1.876332711427490452e+01,1.918063654485029446e+01,2.278381658664121545e+01,1.919677861829044474e+01,7.720904781287389884e-01,-1.798800016772102162e-01,-1.087872877934559640e-01,-7.605364625995666983e-02,-1.601590369085365007e-01,1.962074364275685667e+01,1.781766411514515625e+01,1.948015508222334091e+01,1.958446211470088727e+01,-9.576911838621992246e+00,-3.954376265547708158e+01,-8.084982047088439261e-01,3.866076276031363834e-01,-1.386527600512618141e+00,1.963219259553570595e+01,1.946091910643442802e+01,1.899906582798339727e+01,-1.220946397038785491e+00,2.978840666049476837e+00,-7.278531087485412554e-03,-1.050679046596012384e-01,1.980808517784290146e+01,1.655746512131665327e+01,1.995594891239782953e+01,-3.178622691365854402e-01,-3.496846154984855487e-02,-2.730791300095553598e-01,1.526497895926924642e+01,1.713942548281785605e+01
1.932268846164580012e+01,1.945920567620363073e+01,1.919404708850339958e+01,1.828695883429345059e+01,1.892296773949139777e+01,1.818270037741725886e+01,5.996857012863103797e+00,2.477111289350242967e-02,1.971231425559258454e+01,1.879831710532041100e+01,1.947494447554587182e+01,2.417189381616567267e+00,1.222633045948810704e+01,-4.630462368409347246e-02,6.475949283435079584e-01,2.778278951234149363e-01,1.603945807153116121e+01,6.357668772742179186e+01,1.893754396286410113e+01,1.945882322194353620e+01,1.878801044218461413e+01,1.060888784270672014e+00,1.006900173569469814e+00,1.105904242248271441e+00,2.542169239103458378e-01,-7.561101167366854336e-02,2.145457895669211013e+01,1.922725087759834040e+01,1.921487830960583310e+01,1.654308100675983795e+01,-2.039577292326395064e+00,-6.613205283345365837e-01,-5.082142939474678656e-01,-6.048004750502661286e-01,5.047204340576191939e+00,-3.186747423140035895e+00,1.855837110395829370e+01,2.270042041231517160e+01,1.544745073113573675e+01,1.923435628847012424e+01,1.872605622938375092e+01,5.286847138995350193e+00,-1.782677568108351485e-01,-7.159255032342651814e-01,-5.710090759890223966e-02,-1.353965365478992933e-01,1.099618680105726387e+00,-2.077802806070604191e+01,1.911086384975916275e+01,1.773551876169655728e+01,1.885415097044044330e+01,1.851408637981437622e+01,-3.871504493032303929e-01,-1.483094079657380382e+00,-8.474265584165255327e-02,-1.395933628456656805e+00,1.386321290728377731e+00,4.824606585712497009e-01,1.876332711427490452e+01,1.918063654485029446e+01,2.278381658664121545e+01,1.919677861829044474e+01,7.720904781287389884e-01,-1.798800016772102162e-01,-1.087872877934559640e-01,-7.605364625995666983e-02,-1.601590369085365007e-01,1.962074364275685667e+01,1.781766411514515625e+01,1.948015508222334091e+01,1.958446211470088727e+01,-9.576911838621992246e+00,-3.954376265547708158e+01,-8.084982047088439261e-01,3.866076276031363834e-01,-1.368954113380288051e+00,1.962305355147229236e+01,1.946091910643442802e+01,1.900252459862208454e+01,-1.220946397038785491e+00,2.978840666049476837e+00,-7.278531087485412554e-03,-1.050679046596012384e-01,1.980808517784290146e+01,1.655746512131665327e+01,1.995594891239782953e+01,-3.178622691365854402e-01,-3.496846154984855487e-02,-2.730791300095553598e-01,1.526497895926924642e+01,1.714320393956745292e+01
1.932268846164580012e+01,1.944142712436908127e+01,1.919404708850339958e+01,1.828695883429345059e+01,1.892296773949139777e+01,1.818270037741725886e+01,5.993366172398187253e+00,2.477111289350242967e-02,1.971231425559258454e+01,1.879831710532041100e+01,1.947494447554587182e+01,2.417189381616567267e+00,1.222633045948810704e+01,-4.630462368409347246e-02,6.475949283435079584e-01,2.778278951234149363e-01,1.603945807153116121e+01,6.357668772742179186e+01,1.893754396286410113e+01,1.945882322194353620e+01,1.878801044218461413e+01,1.060888784270672014e+00,1.006900173569469814e+00,1.105904242248271441e+00,2.542169239103458378e-01,-7.561101167366854336e-02,2.145457895669211013e+01,1.922725087759834040e+01,1.921487830960583310e+01,1.654308100675983795e+01,-2.039577292326395064e+00,-6.613205283345365837e-01,-5.082142939474678656e-01,-6.048004750502661286e-01,5.047204340576191939e+00,-3.186747423140035895e+00,1.855837110395829370e+01,2.270042041231517160e+01,1.544745073113573675e+01,1.923435628847012424e+01,1.872605622938375092e+01,5.286847138995350193e+00,-1.782677568108351485e-01,-7.231692822030036938e-01,-5.710090759890223966e-02,-1.353965365478992933e-01,1.099618680105726387e+00,-2.077802806070604191e+01,1.911086384975916275e+01,1.773551876169655728e+01,1.885415097044044330e+01,1.851408637981437622e+01,-3.871504493032303929e-01,-1.483094079657380382e+00,-8.474265584165255327e-02,-1.395933628456656805e+00,1.386321290728377731e+00,4.847615591143136227e-01,1.876332711427490452e+01,1.918063654485029446e+01,2.278381658664121545e+01,1.916316625399790752e+01,7.720904781287389884e-01,-1.798800016772102162e-01,-1.087872877934559640e-01,-7.605364625995666983e-02,-1.713548715394705435e-01,1.960856136707250386e+01,1.781766411514515625e+01,1.948015508222334091e+01,1.958122314759724958e+01,-9.576911838621992246e+00,-3.954376265547708158e+01,-8.084982047088439261e-01,3.866076276031363834e-01,-1.368954113380288051e+00,1.962305355147229236e+01,1.946441899649951068e+01,1.900252459862208454e+01,-1.220946397038785491e+00,2.978840666049476837e+00,-7.278531087485412554e-03,-1.050679046596012384e-01,1.980808517784290146e+01,1.655746512131665327e+01,1.995594891239782953e+01,-3.178622691365854402e-01,-3.496846154984855487e-02,-2.730791300095553598e-01,1.526497895926924642e+01,1.714320393956745292e+01
1.932268846164580012e+01,1.944142712436908127e+01,1.919404708850339958e+01,1.828695883429345059e+01,1.892296773949139777e+01,1.818270037741725886e+01,5.993366172398187253e+00,2.477111289350242967e-02,1.971231425559258454e+01,1.879831710532041100e+01,1.947494447554587182e+01,2.417189381616567267e+00,1.222633045948810704e+01,-4.630462368409347246e-02,6.475949283435079584e-01,2.779713977932716795e-01,1.603945807153116121e+01,6.357652390375150020e+01,1.893754396286410113e+01,1.945882322194353620e+01,1.878801044218461413e+01,1.060888784270672014e+00,1.006900173569469814e+00,1.106563747477390169e+00,2.542169239103458378e-01,-7.561101167366854336e-02,2.145457895669211013e+01,1.922725087759834040e+01,1.921487830960583310e+01,1.654308100675983795e+01,-2.039577292326395064e+00,-6.613205283345365837e-01,-5.082142939474678656e-01,-6.048004750502661286e-01,5.047204340576191939e+00,-3.186747423140035895e+00,1.855837110395829370e+01,2.270042041231517160e+01,1.544745073113573675e+01,1.923435628847012424e+01,1.872605622938375092e+01,5.286847138995350193e+00,-1.785906437432483451e-01,-7.231692822030036938e-01,-5.710090759890223966e-02,-1.352342823723002296e-01,1.099618680105726387e+00,-2.077802806070604191e+01,1.911086384975916275e+01,1.773551876169655728e+01,1.885415097044044330e+01,1.851408637981437622e+01,-3.871504493032303929e-01,-1.483094079657380382e+00,-8.451862596361087165e-02,-1.395933628456656805e+00,1.386321290728377731e+00,4.847615591143136227e-01,1.876332711427490452e+01,1.918101660491908333e+01,2.278381658664121545e+01,1.916316625399790752e+01,7.720904781287389884e-01,-1.798800016772102162e-01,-1.087872877934559640e-01,-7.605364625995666983e-02,-1.713548715394705435e-01,1.960856136707250386e+01,1.781766411514515625e+01,1.948015508222334091e+01,1.958122314759724958e+01,-9.576665611353933016e+00,-3.954376265547708158e+01,-8.084982047088439261e-01,3.878747989735107371e-01,-1.368954113380288051e+00,1.962305355147229236e+01,1.946441899649951068e+01,1.900252459862208454e+01,-1.220946397038785491e+00,2.978840666049476837e+00,-7.278531087485412554e-03,-1.050679046596012384e-01,1.980808517784290146e+01,1.655746512131665327e+01,1.995594891239782953e+01,-3.178622691365854402e-01,-3.496846154984855487e-02,-2.730791300095553598e-01,1.526497895926924642e+01,1.714320393956745292e+01
1.932268846164580012e+01,1.944142712436908127e+01,1.919404708850339958e+01,1.828695883429345059e+01,1.892296773949139777e+01,1.818270037741725886e+01,5.993366172398187253e+00,2.477111289350242967e-02,1.970871647918114178e+01,1.879831710532041100e+01,1.947494447554587182e+01,2.417189381616567267e+00,1.221123622574302559e+01,-4.630462368409347246e-02,6.475949283435079584e-01,2.779713977932716795e-01,1.603945807153116121e+01,6.357652390375150020e+01,1.893754396286410113e+01,1.946995700700475851e+01,1.882746275025891691e+01,1.060888784270672014e+00,1.006900173569469814e+00,1.106563747477390169e+00,2.542169239103458378e-01,-7.561101167366854336e-02,2.145457895669211013e+01,1.922725087759834040e+01,1.921487830960583310e+01,1.654308100675983795e+01,-2.039577292326395064e+00,-6.409064010409997181e-01,-5.082142939474678656e-01,-6.048004750502661286e-01,5.047204340576191939e+00,-3.186747423140035895e+00,1.855837110395829370e+01,2.270042041231517160e+01,1.544745073113573675e+01,1.923435628847012424e+01,1.872605622938375092e+01,5.286847138995350193e+00,-1.785906437432483451e-01,-7.231692822030036938e-01,-5.710090759890223966e-02,-1.352342823723002296e-01,1.099618680105726387e+00,-2.077802806070604191e+01,1.911086384975916275e+01,1.773551876169655728e+01,1.885415097044044330e+01,1.851408637981437622e+01,-4.078774173141316295e-01,-1.483094079657380382e+00,-8.451862596361087165e-02,-1.395933628456656805e+00,1.541494733442988485e+00,4.847615591143136227e-01,1.875853973837910615e+01,1.918101660491908333e+01,2.278381658664121545e+01,1.916316625399790752e+01,7.720904781287389884e-01,-1.798800016772102162e-01,-1.087872877934559640e-01,-8.282776684623674446e-02,-1.713548715394705435e-01,1.960856136707250386e+01,1.781766411514515625e+01,1.948015508222334091e+01,1.958122314759724958e+01,-9.576665611353933016e+00,-3.954376265547708158e+01,-8.084982047088439261e-01,3.878747989735107371e-01,-1.368954113380288051e+00,1.962305355147229236e+01,1.946441899649951068e+01,1.900252459862208454e+01,-1.220946397038785491e+00,2.978840666049476837e+00,-7.278531087485412554e-03,-1.050679046596012384e-01,1.980808517784290146e+01,1.655746512131665327e+01,1.995594891239782953e+01,-3.178622691365854402e-01,-3.496846154984855487e-02,-2.730791300095553598e-01,1.523565666324806323e+01,1.714320393956745292e+01
1.926397907445653601e+01,1.941578064074847276e+01,1.917949616474518137e+01,1.809122101556060969e+01,1.890421476167735904e+01,1.872865870668355370e+01,5.656792523524135419e+00,2.088280016123893468e-01,1.954122337258231212e+01,1.887079414567206115e+01,1.947902429336958363e+01,2.159240519809798364e+00,1.865596359286297812e+01,5.387191893325292691e-01,7.304536140433216529e-01,2.678264155488484510e-01,1.481192329219747172e+01,6.314080631882988826e+01,1.897903847216282358e+01,1.944177148202500405e+01,1.881556020742591429e+01,2.993581971867902980e-01,7.695467895075324138e-01,3.365048155181694089e-01,1.699851390790800831e-01,-7.809860210378083423e-02,2.146879781000812670e+01,1.920099275385208770e+01,1.865328870670657935e+01,1.643220429818893891e+01,-1.677228121030756691e+00,-6.656895773421009910e-01,-3.691944648636512616e-01,-6.048760723320146804e-01,5.051327580775085480e+00,-3.177685831159489549e+00,1.923330053651772431e+01,1.836577743795733042e+01,1.880607874070647867e+01,2.285285330837282913e+01,1.871781509399218635e+01,2.943253402436196153e-01,-1.721882069528678783e-01,-7.266280064549167639e-01,-4.813381926039686509e-02,-1.551897198293627766e-01,5.280049665288215621e-01,-2.089670165061655993e+01,1.910719545434300315e+01,1.724756858134573179e+01,1.882385953803474976e+01,1.853374865482640743e+01,-3.578552026905121863e-01,-1.863691504013207156e+00,-7.498730849340541627e-02,1.730678787249625150e-01,-1.047920109138593403e-01,4.794016376154096037e-01,1.864203055510343887e+01,1.875940499272044804e+01,2.284052225330750119e+01,1.861478941839307311e+01,7.416872646000975955e-01,-1.742945527277270645e-01,-6.154461191598254999e-01,-2.091161900787798511e-01,4.998544259699658210e-03,1.961579861175651374e+01,1.798353304292858468e+01,1.877233823492882436e+01,1.976730256466434099e+01,-9.506649350881614779e+00,-5.943015993500843086e-01,-9.141853090301188534e-01,3.846279949183594171e-01,-1.373301756623115821e+00,1.962770771425467586e+01,1.978019401421032697e+01,1.899583603813728061e+01,-1.295117277015682911e+00,2.274542966970259261e+00,3.015984610153375073e-02,-5.192336632169759492e-01,1.940519545476059093e+01,1.655384508563173895e+01,1.981741771831980969e+01,-3.244460485137393713e-01,-6.772798358783302386e-02,-5.114055465610569673e-01,9.200925220368896817e-02,1.872429703626420761e+01
1.926397907445653601e+01,1.941578064074847276e+01,1.917949616474518137e+01,1.809122101556060969e+01,1.890421476167735904e+01,1.872865870668355370e+01,5.656792523524135419e+00,2.088280016123893468e-01,1.954122337258231212e+01,1.887079414567206115e+01,1.947902429336958363e+01,2.159240519809798364e+00,1.865596359286297812e+01,5.387191893325292691e-01,7.304536140433216529e-01,2.678264155488484510e-01,1.481192329219747172e+01,6.314080631882988826e+01,1.897903847216282358e+01,1.944177148202500405e+01,1.881556020742591429e+01,2.993581971867902980e-01,7.020975780894032070e-01,3.365048155181694089e-01,1.699851390790800831e-01,-7.809860210378083423e-02,2.146879781000812670e+01,1.920099275385208770e+01,1.865328870670657935e+01,1.643220429818893891e+01,-1.677228121030756691e+00,-7.938103284797943804e-01,-3.691944648636512616e-01,-6.048760723320146804e-01,5.051327580775085480e+00,-3.177685831159489549e+00,1.923330053651772431e+01,1.833595882633169083e+01,1.880607874070647867e+01,2.285285330837282913e+01,1.871781509399218635e+01,2.943253402436196153e-01,-1.721882069528678783e-01,-7.266280064549167639e-01,-4.813381926039686509e-02,-1.551897198293627766e-01,5.280049665288215621e-01,-2.089670165061655993e+01,1.910719545434300315e+01,1.724756858134573179e+01,1.882385953803474976e+01,1.853374865482640743e+01,-3.578552026905121863e-01,-1.842367828359077420e+00,-7.498730849340541627e-02,1.730678787249625150e-01,-1.047920109138593403e-01,4.222145827923934336e-01,1.864203055510343887e+01,1.875940499272044804e+01,2.284052225330750119e+01,1.861478941839307311e+01,7.018939978303395666e-01,-1.431561138425038182e-01,-6.154461191598254999e-01,-2.091161900787798511e-01,4.998544259699658210e-03,1.961579861175651374e+01,1.798353304292858468e+01,1.894134583301032748e+01,1.976730256466434099e+01,-9.506649350881614779e+00,-5.943015993500843086e-01,-9.141853090301188534e-01,3.846279949183594171e-01,-1.373301756623115821e+00,1.962770771425467586e+01,1.978019401421032697e+01,1.899583603813728061e+01,-1.295117277015682911e+00,2.274542966970259261e+00,3.015984610153375073e-02,-5.192336632169759492e-01,1.940519545476059093e+01,1.655384508563173895e+01,1.983481345773437710e+01,-3.244460485137393713e-01,-6.772798358783302386e-02,-5.114055465610569673e-01,9.200925220368896817e-02,1.872429703626420761e+01
1.926716036902334395e+01,1.941578064074847276e+01,1.917949616474518137e+01,1.809122101556060969e+01,1.890421476167735904e+01,1.872865870668355370e+01,5.656792523524135419e+00,2.088280016123893468e-01,1.954122337258231212e+01,1.887079414567206115e+01,1.947902429336958363e+01,2.159240519809798364e+00,1.865596359286297812e+01,5.387191893325292691e-01,7.304536140433216529e-01,2.678264155488484510e-01,1.481192329219747172e+01,6.314080631882988826e+01,1.897903847216282358e+01,1.944177148202500405e+01,1.881556020742591429e+01,2.993581971867902980e-01,7.020975780894032070e-01,3.365048155181694089e-01,1.699851390790800831e-01,-7.809860210378083423e-02,2.146802504878892748e+01,1.920099275385208770e+01,1.865328870670657935e+01,1.643220429818893891e+01,-1.677228121030756691e+00,-7.938103284797943804e-01,-3.691944648636512616e-01,-6.048760723320146804e-01,5.051327580775085480e+00,-3.174016841193316729e+00,1.923330053651772431e+01,1.833595882633169083e+01,1.877914785875580250e+01,2.285285330837282913e+01,1.871781509399218635e+01,2.943253402436196153e-01,-1.721882069528678783e-01,-7.266280064549167639e-01,-4.813381926039686509e-02,-1.551897198293627766e-01,5.280049665288215621e-01,-2.089670165061655993e+01,1.910719545434300315e+01,1.724756858134573179e+01,1.881577249507653349e+01,1.853374865482640743e+01,-3.578552026905121863e-01,-1.842367828359077420e+00,-7.498730849340541627e-02,1.730678787249625150e-01,-1.047920109138593403e-01,4.222145827923934336e-01,1.864203055510343887e+01,1.875940499272044804e+01,2.284052225330750119e+01,1.861478941839307311e+01,7.018939978303395666e-01,-1.431561138425038182e-01,-6.154461191598254999e-01,-1.073978978688957253e-01,4.998544259699658210e-03,1.961579861175651374e+01,1.798552796130338294e+01,1.894134583301032748e+01,1.976730256466434099e+01,-9.506649350881614779e+00,-5.943015993500843086e-01,-9.141853090301188534e-01,3.863554032201991784e-01,-1.373301756623115821e+00,1.962770771425467586e+01,1.978019401421032697e+01,1.899583603813728061e+01,-1.295117277015682911e+00,2.274542966970259261e+00,3.015984610153375073e-02,-5.192336632169759492e-01,1.940519545476059093e+01,1.655384508563173895e+01,1.983481345773437710e+01,-3.269102562675960666e-01,-6.772798358783302386e-02,-5.114055465610569673e-01,9.200925220368896817e-02,1.872429703626420761e+01
1.926716036902334395e+01,1.941922590059830256e+01,1.917949616474518137e+01,1.809122101556060969e+01,1.891671153412577411e+01,1.872865870668355370e+01,5.656792523524135419e+00,2.088280016123893468e-01,1.954122337258231212e+01,1.888074022475472802e+01,1.947902429336958363e+01,2.159240519809798364e+00,1.865596359286297812e+01,5.387191893325292691e-01,7.304536140433216529e-01,2.678264155488484510e-01,1.481192329219747172e+01,6.313492780663572290e+01,1.898723159183102993e+01,1.944177148202500405e+01,1.881556020742591429e+01,2.993581971867902980e-01,7.020975780894032070e-01,3.282233427222627786e-01,1.699851390790800831e-01,-7.809860210378083423e-02,2.146802504878892748e+01,1.920099275385208770e+01,1.865328870670657935e+01,1.643220429818893891e+01,-1.677228121030756691e+00,-7.938103284797943804e-01,-3.823580769422719738e-01,-6.048760723320146804e-01,5.051327580775085480e+00,-3.174016841193316729e+00,1.923330053651772431e+01,1.833595882633169083e+01,1.877914785875580250e+01,2.285285330837282913e+01,1.871781509399218635e+01,2.943253402436196153e-01,-1.721882069528678783e-01,-7.266280064549167639e-01,-4.813381926039686509e-02,-1.551897198293627766e-01,5.280049665288215621e-01,-2.088206136708226168e+01,1.910719545434300315e+01,1.724756858134573179e+01,1.881577249507653349e+01,1.853374865482640743e+01,-3.578552026905121863e-01,-1.842367828359077420e+00,-7.498730849340541627e-02,1.730678787249625150e-01,-1.047920109138593403e-01,4.222145827923934336e-01,1.864203055510343887e+01,1.875940499272044804e+01,2.284052225330750119e+01,1.861478941839307311e+01,7.018939978303395666e-01,-1.431561138425038182e-01,-6.154461191598254999e-01,-1.073978978688957253e-01,4.998544259699658210e-03,1.961579861175651374e+01,1.798552796130338294e+01,1.894134583301032748e+01,1.976730256466434099e+01,-9.506649350881614779e+00,-5.943015993500843086e-01,-9.080519887714462168e-01,3.863554032201991784e-01,-1.373301756623115821e+00,1.962770771425467586e+01,1.978019401421032697e+01,1.899583603813728061e+01,-1.295117277015682911e+00,2.274542966970259261e+00,3.015984610153375073e-02,-5.192336632169759492e-01,1.940519545476059093e+01,1.655384508563173895e+01,1.983481345773437710e+01,-3.269102562675960666e-01,-6.772798358783302386e-02,-5.114055465610569673e-01,9.200925220368896817e-02,1.872429703626420761e+01
1.926716036902334395e+01,1.941922590059830256e+01,1.917949616474518137e+01,1.808792836183863173e+01,1.891671153412577411e+01,1.872865870668355370e+01,5.670580143509032389e+00,2.088280016123893468e-01,1.954122337258231212e+01,1.888074022475472802e+01,1.947902429336958363e+01,2.159240519809798364e+00,1.865596359286297812e+01,5.387191893325292691e-01,7.304536140433216529e-01,2.678264155488484510e-01,1.481192329219747172e+01,6.313492780663572290e+01,1.898723159183102993e+01,1.944177148202500405e+01,1.879748687674124596e+01,2.993581971867902980e-01,7.020975780894032070e-01,3.282233427222627786e-01,1.699851390790800831e-01,-7.671564702580015160e-02,2.146802504878892748e+01,1.920099275385208770e+01,1.865328870670657935e+01,1.643220429818893891e+01,-1.671352900928617879e+00,-7.938103284797943804e-01,-3.823580769422719738e-01,-6.048760723320146804e-01,5.051327580775085480e+00,-3.174016841193316729e+00,1.923330053651772431e+01,1.833595882633169083e+01,1.877914785875580250e+01,2.285285330837282913e+01,1.871781509399218635e+01,2.954050920070546704e-01,-1.721882069528678783e-01,-7.266280064549167639e-01,-4.813381926039686509e-02,-1.551897198293627766e-01,5.280049665288215621e-01,-2.088206136708226168e+01,1.910719545434300315e+01,1.724756858134573179e+01,1.881577249507653349e+01,1.853374865482640743e+01,-3.578552026905121863e-01,-1.842367828359077420e+00,-7.498730849340541627e-02,1.730678787249625150e-01,-1.047920109138593403e-01,4.222145827923934336e-01,1.864203055510343887e+01,1.875940499272044804e+01,2.284052225330750119e+01,1.861478941839307311e+01,7.018939978303395666e-01,-1.431561138425038182e-01,-6.076087885185607051e-01,-1.073978978688957253e-01,4.998544259699658210e-03,1.961579861175651374e+01,1.798552796130338294e+01,1.894134583301032748e+01,1.976730256466434099e+01,-9.506649350881614779e+00,-5.943015993500843086e-01,-9.080519887714462168e-01,3.863554032201991784e-01,-1.373301756623115821e+00,1.962770771425467586e+01,1.978019401421032697e+01,1.899583603813728061e+01,-1.297793517117273865e+00,2.273733514372151099e+00,3.015984610153375073e-02,-5.192336632169759492e-01,1.940519545476059093e+01,1.655384508563173895e+01,1.983481345773437710e+01,-3.269102562675960666e-01,-6.772798358783302386e-02,-5.114055465610569673e-01,9.200925220368896817e-02,1.872429703626420761e+01
1.926716036902334395e+01,1.941922590059830256e+01,1.917949616474518137e+01,1.808792836183863173e+01,1.891671153412577411e+01,1.872865870668355370e+01,5.670580143509032389e+00,2.088280016123893468e-01,1.954122337258231212e+01,1.888074022475472802e+01,1.948164500753969008e+01,2.161411977421613617e+00,1.865817631610096683e+01,5.387191893325292691e-01,7.304536140433216529e-01,2.678264155488484510e-01,1.481192329219747172e+01,6.313492780663572290e+01,1.898723159183102993e+01,1.944177148202500405e+01,1.879748687674124596e+01,2.993581971867902980e-01,7.020975780894032070e-01,3.282233427222627786e-01,1.699851390790800831e-01,-7.671564702580015160e-02,2.146802504878892748e+01,1.920099275385208770e+01,1.865328870670657935e+01,1.643220429818893891e+01,-1.671352900928617879e+00,-7.938103284797943804e-01,-3.823580769422719738e-01,-6.048760723320146804e-01,5.051327580775085480e+00,-3.174016841193316729e+00,1.923330053651772431e+01,1.833595882633169083e+01,1.877914785875580250e+01,2.285285330837282913e+01,1.871781509399218635e+01,2.954050920070546704e-01,-1.721882069528678783e-01,-7.266280064549167639e-01,-4.813381926039686509e-02,-1.551897198293627766e-01,5.235229881488334680e-01,-2.088206136708226168e+01,1.910719545434300315e+01,1.724756858134573179e+01,1.881577249507653349e+01,1.857926161383953811e+01,-3.578552026905121863e-01,-1.842367828359077420e+00,-7.498730849340541627e-02,1.730678787249625150e-01,-1.047920109138593403e-01,4.222145827923934336e-01,1.864203055510343887e+01,1.875940499272044804e+01,2.284052225330750119e+01,1.861478941839307311e+01,7.018939978303395666e-01,-1.431561138425038182e-01,-6.076087885185607051e-01,-1.073978978688957253e-01,4.998544259699658210e-03,1.962989256595983889e+01,1.798552796130338294e+01,1.894134583301032748e+01,1.977281892421543574e+01,-9.506649350881614779e+00,-5.943015993500843086e-01,-9.080519887714462168e-01,3.863554032201991784e-01,-1.373301756623115821e+00,1.962770771425467586e+01,1.898149900624008524e+01,1.899583603813728061e+01,-1.297793517117273865e+00,2.273733514372151099e+00,3.015984610153375073e-02,-5.192336632169759492e-01,1.940927993339598601e+01,1.655384508563173895e+01,1.983481345773437710e+01,-3.269102562675960666e-01,-6.772798358783302386e-02,-5.114055465610569673e-01,9.200925220368896817e-02,1.872429703626420761e+01
1.926716036902334395e+01,1.941922590059830256e+01,1.917949616474518137e+01,1.808792836183863173e+01,1.891671153412577411e+01,1.872865870668355370e+01,5.670580143509032389e+00,2.088280016123893468e-01,1.952972520350116170e+01,1.888074022475472802e+01,1.948164500753969008e+01,2.161411977421613617e+00,1.865817631610096683e+01,5.387191893325292691e-01,7.304536140433216529e-01,2.678264155488484510e-01,1.481192329219747172e+01,6.313492780663572290e+01,1.898723159183102993e+01,1.943683217508861816e+01,1.879748687674124596e+01,2.993581971867902980e-01,7.020975780894032070e-01,3.282233427222627786e-01,1.415882890019951879e-01,-7.671564702580015160e-02,2.146802504878892748e+01,1.920099275385208770e+01,1.865328870670657935e+01,1.643220429818893891e+01,-1.671352900928617879e+00,-7.938103284797943804e-01,-3.823580769422719738e-01,-6.048760723320146804e-01,5.013476073707467506e+00,-3.174016841193316729e+00,1.923330053651772431e+01,1.833595882633169083e+01,1.877914785875580250e+01,2.285285330837282913e+01,1.871781509399218635e+01,2.954050920070546704e-01,-1.721882069528678783e-01,-7.266280064549167639e-01,-4.813381926039686509e-02,-1.551897198293627766e-01,5.235229881488334680e-01,-2.088206136708226168e+01,1.910719545434300315e+01,1.724756858134573179e+01,1.881577249507653349e+01,1.857926161383953811e+01,-3.578552026905121863e-01,-1.842367828359077420e+00,-7.498730849340541627e-02,1.730678787249625150e-01,-1.047920109138593403e-01,4.222145827923934336e-01,1.864701362708152033e+01,1.875940499272044804e+01,2.284052225330750119e+01,1.861478941839307311e+01,7.018939978303395666e-01,-1.431561138425038182e-01,-6.076087885185607051e-01,-1.073978978688957253e-01,4.998544259699658210e-03,1.962989256595983889e+01,1.798552796130338294e+01,1.894134583301032748e+01,1.977281892421543574e+01,-9.506649350881614779e+00,-5.922809889611989620e-01,-9.080519887714462168e-01,3.863554032201991784e-01,-1.366563379503083153e+00,1.962770771425467586e+01,1.898149900624008524e+01,1.899583603813728061e+01,-1.297793517117273865e+00,2.273733514372151099e+00,3.015984610153375073e-02,-5.118729776306626400e-01,1.940927993339598601e+01,1.655384508563173895e+01,1.983481345773437710e+01,-3.269102562675960666e-01,-6.772798358783302386e-02,-5.114055465610569673e-01,9.200925220368896817e-02,1.877518987684736373e+01
1.926716036902334395e+01,1.941922590059830256e+01,1.918513424884114116e+01,1.808792836183863173e+01,1.891671153412577411e+01,1.872865870668355370e+01,5.670580143509032389e+00,2.088280016123893468e-01,1.952972520350116170e+01,1.888074022475472802e+01,1.948164500753969008e+01,2.161411977421613617e+00,1.865817631610096683e+01,5.387191893325292691e-01,7.304536140433216529e-01,2.708773673222319989e-01,1.481192329219747172e+01,6.313492780663572290e+01,1.898723159183102993e+01,1.943683217508861816e+01,1.879748687674124596e+01,2.993581971867902980e-01,7.020975780894032070e-01,3.282233427222627786e-01,1.415882890019951879e-01,-7.671564702580015160e-02,2.146802504878892748e+01,1.920099275385208770e+01,1.865328870670657935e+01,1.643220429818893891e+01,-1.671352900928617879e+00,-7.938103284797943804e-01,-3.823580769422719738e-01,-5.995651488605540091e-01,5.013476073707467506e+00,-3.174016841193316729e+00,1.923330053651772431e+01,1.833595882633169083e+01,1.877914785875580250e+01,2.285285330837282913e+01,1.870061365344864512e+01,2.954050920070546704e-01,-1.721882069528678783e-01,-7.381903596919590083e-01,-4.813381926039686509e-02,-1.551897198293627766e-01,5.235229881488334680e-01,-2.088206136708226168e+01,1.910719545434300315e+01,1.724756858134573179e+01,1.881577249507653349e+01,1.857926161383953811e+01,-3.578552026905121863e-01,-1.842367828359077420e+00,-7.498730849340541627e-02,1.730678787249625150e-01,-1.126469250775202491e-01,4.222145827923934336e-01,1.864701362708152033e+01,1.875940499272044804e+01,2.284052225330750119e+01,1.861478941839307311e+01,7.018939978303395666e-01,-1.431561138425038182e-01,-6.076087885185607051e-01,-1.073978978688957253e-01,9.766967490951133576e-03,1.962989256595983889e+01,1.798552796130338294e+01,1.894134583301032748e+01,1.977281892421543574e+01,-9.514643497081001655e+00,-5.922809889611989620e-01,-9.080519887714462168e-01,3.863554032201991784e-01,-1.366563379503083153e+00,1.962770771425467586e+01,1.898149900624008524e+01,1.899912325839075322e+01,-1.297793517117273865e+00,2.273733514372151099e+00,3.015984610153375073e-02,-5.118729776306626400e-01,1.940927993339598601e+01,1.655384508563173895e+01,1.983481345773437710e+01,-3.269102562675960666e-01,-6.772798358783302386e-02,-5.114055465610569673e-01,9.200925220368896817e-02,1.877518987684736373e+01
1.926716036902334395e+01,1.941922590059830256e+01,1.918513424884114116e+01,1.808792836183863173e+01,1.891671153412577411e+01,1.872865870668355370e+01,5.670580143509032389e+00,2.088280016123893468e-01,1.952972520350116170e+01,1.888074022475472802e+01,1.948164500753969008e+01,2.161411977421613617e+00,1.865817631610096683e+01,5.387191893325292691e-01,7.304536140433216529e-01,2.708773673222319989e-01,1.481192329219747172e+01,6.313492780663572290e+01,1.898723159183102993e+01,1.943683217508861816e+01,1.879748687674124596e+01,2.993581971867902980e-01,7.020975780894032070e-01,3.282233427222627786e-01,1.415882890019951879e-01,-7.671564702580015160e-02,2.146802504878892748e+01,1.909195515516591612e+01,1.865328870670657935e+01,1.643220429818893891e+01,-1.671352900928617879e+00,-7.938103284797943804e-01,-3.823580769422719738e-01,-5.995651488605540091e-01,5.013476073707467506e+00,-3.174016841193316729e+00,1.930601471162019678e+01,1.833595882633169083e+01,1.877914785875580250e+01,2.285285330837282913e+01,1.870061365344864512e+01,2.954050920070546704e-01,-1.721882069528678783e-01,-7.381903596919590083e-01,-7.532411483853511669e-01,-1.551897198293627766e-01,5.235229881488334680e-01,-2.088206136708226168e+01,1.903815423259484518e+01,1.724756858134573179e+01,1.881577249507653349e+01,1.857926161383953811e+01,-3.578552026905121863e-01,-1.842367828359077420e+00,-7.498730849340541627e-02,1.103419678790284325e-01,-1.126469250775202491e-01,4.222145827923934336e-01,1.864701362708152033e+01,1.879623292595566753e+01,2.284052225330750119e+01,1.861478941839307311e+01,7.018939978303395666e-01,-1.431561138425038182e-01,-6.076087885185607051e-01,-1.073978978688957253e-01,9.766967490951133576e-03,1.962989256595983889e+01,1.798552796130338294e+01,1.894134583301032748e+01,1.977281892421543574e+01,-9.514643497081001655e+00,-5.922809889611989620e-01,-9.080519887714462168e-01,3.863554032201991784e-01,-1.366563379503083153e+00,1.950151272069555120e+01,1.898149900624008524e+01,1.899912325839075322e+01,-1.297793517117273865e+00,2.273733514372151099e+00,8.251761191450969479e-04,-5.118729776306626400e-01,1.940927993339598601e+01,1.655384508563173895e+01,1.983481345773437710e+01,-3.269102562675960666e-01,-6.772798358783302386e-02,-5.114055465610569673e-01,5.701598505760552271e-02,1.877518987684736373e+01
1.926716036902334395e+01,1.941922590059830256e+01,1.918513424884114116e+01,1.808792836183863173e+01,1.891671153412577411e+01,1.872865870668355370e+01,5.670580143509032389e+00,2.088280016123893468e-01,1.952972520350116170e+01,1.888074022475472802e+01,1.948164500753969008e+01,2.161411977421613617e+00,1.865817631610096683e+01,5.387191893325292691e-01,7.636100226205130292e-01,2.708773673222319989e-01,1.481192329219747172e+01,6.313492780663572290e+01,1.898723159183102993e+01,1.943683217508861816e+01,1.879748687674124596e+01,2.150321085990938297e-01,7.020975780894032070e-01,3.282233427222627786e-01,1.415882890019951879e-01,-7.671564702580015160e-02,2.146802504878892748e+01,1.909195515516591612e+01,1.861790433893637697e+01,1.643220429818893891e+01,-1.671352900928617879e+00,-7.938103284797943804e-01,-3.823580769422719738e-01,-5.995651488605540091e-01,5.013476073707467506e+00,-3.174016841193316729e+00,1.930601471162019678e+01,1.833595882633169083e+01,1.877914785875580250e+01,2.285285330837282913e+01,1.870061365344864512e+01,2.954050920070546704e-01,-2.087001979130556628e-01,-7.381903596919590083e-01,-7.532411483853511669e-01,-1.740640794717318030e-01,5.235229881488334680e-01,-2.088206136708226168e+01,1.903815423259484518e+01,1.724756858134573179e+01,1.881577249507653349e+01,1.857926161383953811e+01,-4.242544984001076491e-01,-1.842367828359077420e+00,-9.068064940745668157e-02,1.103419678790284325e-01,-1.126469250775202491e-01,4.222145827923934336e-01,1.864701362708152033e+01,1.879623292595566753e+01,2.280378766574442295e+01,1.861478941839307311e+01,7.018939978303395666e-01,-1.431561138425038182e-01,-6.076087885185607051e-01,-1.073978978688957253e-01,9.766967490951133576e-03,1.962989256595983889e+01,1.798552796130338294e+01,1.894134583301032748e+01,1.977281892421543574e+01,-9.514643497081001655e+00,-5.922809889611989620e-01,-9.080519887714462168e-01,3.863554032201991784e-01,-1.366563379503083153e+00,1.950151272069555120e+01,1.898149900624008524e+01,1.899912325839075322e+01,-1.297793517117273865e+00,2.273733514372151099e+00,8.251761191450969479e-04,-5.118729776306626400e-01,1.940927993339598601e+01,1.657601591004345565e+01,1.983481345773437710e+01,-3.269102562675960666e-01,-1.135839370607744647e-01,-5.114055465610569673e-01,5.701598505760552271e-02,1.877518987684736373e+01
1.926261106828351544e+01,1.941922590059830256e+01,1.918513424884114116e+01,1.808792836183863173e+01,1.891671153412577411e+01,1.872865870668355370e+01,5.670580143509032389e+00,2.088280016123893468e-01,1.952972520350116170e+01,1.888074022475472802e+01,1.948164500753969008e+01,2.161411977421613617e+00,1.865336110495970345e+01,5.387191893325292691e-01,7.583927534087686606e-01,2.708773673222319989e-01,1.481192329219747172e+01,6.313492780663572290e+01,1.898723159183102993e+01,1.943683217508861816e+01,1.879748687674124596e+01,2.150321085990938297e-01,7.020975780894032070e-01,3.282233427222627786e-01,1.558378308179242111e-01,-7.671564702580015160e-02,2.146802504878892748e+01,1.909195515516591612e+01,1.861790433893637697e+01,1.643220429818893891e+01,-1.671352900928617879e+00,-7.938103284797943804e-01,-3.823580769422719738e-01,-5.995651488605540091e-01,5.013476073707467506e+00,-3.174016841193316729e+00,1.931597426787038430e+01,1.833595882633169083e+01,1.877914785875580250e+01,2.285285330837282913e+01,1.870061365344864512e+01,2.954050920070546704e-01,-2.087001979130556628e-01,-7.381903596919590083e-01,-7.532411483853511669e-01,-1.740640794717318030e-01,5.235229881488334680e-01,-2.088206136708226168e+01,1.903432054162758646e+01,1.724756858134573179e+01,1.881577249507653349e+01,1.857926161383953811e+01,-4.242544984001076491e-01,-1.842367828359077420e+00,-9.068064940745668157e-02,1.103419678790284325e-01,-1.126469250775202491e-01,4.222145827923934336e-01,1.864701362708152033e+01,1.879623292595566753e+01,2.280378766574442295e+01,1.870556696277263242e+01,7.018939978303395666e-01,-1.431561138425038182e-01,-6.076087885185607051e-01,-1.073978978688957253e-01,9.766967490951133576e-03,1.962989256595983889e+01,1.798552796130338294e+01,1.894134583301032748e+01,1.976871953861339293e+01,-9.514643497081001655e+00,-5.922809889611989620e-01,-9.080519887714462168e-01,3.863554032201991784e-01,-1.366563379503083153e+00,1.950151272069555120e+01,1.898149900624008524e+01,1.899912325839075322e+01,-1.297793517117273865e+00,2.273733514372151099e+00,8.251761191450969479e-04,-5.118729776306626400e-01,1.940927993339598601e+01,1.657601591004345565e+01,1.983481345773437710e+01,-3.269102562675960666e-01,-1.135839370607744647e-01,-5.114055465610569673e-01,5.701598505760552271e-02,1.871257329948925374e+01
1.926261106828351544e+01,1.941922590059830256e+01,1.918513424884114116e+01,1.808122126754939529e+01,1.891671153412577411e+01,1.872865870668355370e+01,5.670580143509032389e+00,2.088280016123893468e-01,1.952972520350116170e+01,1.888074022475472802e+01,1.948164500753969008e+01,2.161411977421613617e+00,1.865336110495970345e+01,5.387191893325292691e-01,7.583927534087686606e-01,2.708773673222319989e-01,1.481192329219747172e+01,6.313492780663572290e+01,1.898723159183102993e+01,1.943683217508861816e+01,1.902540158511622082e+01,2.150321085990938297e-01,7.020975780894032070e-01,3.282233427222627786e-01,1.558378308179242111e-01,-7.671564702580015160e-02,2.146802504878892748e+01,1.909195515516591612e+01,1.861790433893637697e+01,1.643220429818893891e+01,-1.671352900928617879e+00,-7.938103284797943804e-01,-3.823580769422719738e-01,-5.995651488605540091e-01,5.013476073707467506e+00,-3.174016841193316729e+00,1.931597426787038430e+01,1.833595882633169083e+01,1.877914785875580250e+01,2.285285330837282913e+01,1.870061365344864512e+01,2.954050920070546704e-01,-2.087001979130556628e-01,-7.381903596919590083e-01,-7.532411483853511669e-01,-1.740640794717318030e-01,5.235229881488334680e-01,-2.088206136708226168e+01,1.903432054162758646e+01,1.724756858134573179e+01,1.881577249507653349e+01,1.857926161383953811e+01,-4.242544984001076491e-01,-1.820311011615514118e+00,-9.068064940745668157e-02,1.103419678790284325e-01,-1.126469250775202491e-01,4.222145827923934336e-01,1.866788113709312924e+01,1.887470764992104577e+01,2.280378766574442295e+01,1.870556696277263242e+01,7.018939978303395666e-01,-1.431561138425038182e-01,-6.076087885185607051e-01,-1.073978978688957253e-01,5.525361229409281316e-02,1.968738989059088240e+01,1.798552796130338294e+01,1.894134583301032748e+01,1.976871953861339293e+01,-9.514643497081001655e+00,-5.922809889611989620e-01,-9.080519887714462168e-01,3.863554032201991784e-01,-1.366563379503083153e+00,1.950151272069555120e+01,1.896843244718970567e+01,1.899912325839075322e+01,-1.297793517117273865e+00,2.273733514372151099e+00,8.251761191450969479e-04,-5.118729776306626400e-01,1.940927993339598601e+01,1.657601591004345565e+01,1.983481345773437710e+01,-3.269102562675960666e-01,-1.135839370607744647e-01,-5.503852353651990104e-01,5.701598505760552271e-02,1.871257329948925374e+01
1.926261106828351544e+01,1.941922590059830256e+01,1.918513424884114116e+01,1.808122126754939529e+01,1.891671153412577411e+01,1.872865870668355370e+01,5.670580143509032389e+00,2.088280016123893468e-01,1.952972520350116170e+01,1.888074022475472802e+01,1.986414150375653165e+01,2.672521564976847674e+00,1.865336110495970345e+01,5.387191893325292691e-01,7.583927534087686606e-01,2.708773673222319989e-01,1.481192329219747172e+01,6.313492780663572290e+01,1.898723159183102993e+01,1.943683217508861816e+01,1.902540158511622082e+01,2.150321085990938297e-01,7.020975780894032070e-01,3.282233427222627786e-01,1.558378308179242111e-01,-9.312741699487635527e-01,2.111615608278522771e+01,1.909195515516591612e+01,1.861790433893637697e+01,1.643220429818893891e+01,-1.671352900928617879e+00,-6.335166349231013960e-01,-3.823580769422719738e-01,-5.995651488605540091e-01,5.013476073707467506e+00,-3.174016841193316729e+00,1.931597426787038430e+01,1.833595882633169083e+01,1.877914785875580250e+01,2.285285330837282913e+01,1.870061365344864512e+01,2.954050920070546704e-01,-2.087001979130556628e-01,-7.381903596919590083e-01,-7.532411483853511669e-01,-1.740640794717318030e-01,5.235229881488334680e-01,-2.088206136708226168e+01,1.903432054162758646e+01,1.724756858134573179e+01,1.881577249507653349e+01,1.857926161383953811e+01,-4.242544984001076491e-01,-1.820311011615514118e+00,-9.068064940745668157e-02,1.103419678790284325e-01,-1.126469250775202491e-01,4.222145827923934336e-01,1.866788113709312924e+01,1.887470764992104577e+01,2.280378766574442295e+01,1.870556696277263242e+01,7.018939978303395666e-01,-1.431561138425038182e-01,-6.076087885185607051e-01,-1.073978978688957253e-01,5.525361229409281316e-02,1.968738989059088240e+01,1.864198638102625694e+01,1.894134583301032748e+01,1.976871953861339293e+01,-9.514643497081001655e+00,-6.576858850933203771e-01,-9.080519887714462168e-01,3.863554032201991784e-01,-1.366563379503083153e+00,2.041620672987948382e+01,1.896843244718970567e+01,1.899912325839075322e+01,-1.297793517117273865e+00,2.273733514372151099e+00,8.251761191450969479e-04,-5.118729776306626400e-01,1.940927993339598601e+01,1.657601591004345565e+01,1.983481345773437710e+01,-3.269102562675960666e-01,-3.997301441597430061e-01,-5.503852353651990104e-01,5.701598505760552271e-02,1.871257329948925374e+01
1.926261106828351544e+01,1.941922590059830256e+01,1.918513424884114116e+01,1.808122126754939529e+01,1.891671153412577411e+01,1.872865870668355370e+01,5.670580143509032389e+00,2.078069574358331895e-01,1.952972520350116170e+01,1.888074022475472802e+01,1.986414150375653165e+01,2.672521564976847674e+00,1.865336110495970345e+01,5.387191893325292691e-01,7.583927534087686606e-01,2.708773673222319989e-01,1.480916876124807757e+01,6.313492780663572290e+01,1.898723159183102993e+01,1.943563023043765980e+01,1.902540158511622082e+01,2.150321085990938297e-01,7.020975780894032070e-01,3.282233427222627786e-01,1.558378308179242111e-01,-9.312741699487635527e-01,2.111615608278522771e+01,1.909195515516591612e+01,1.861790433893637697e+01,1.643220429818893891e+01,-1.671352900928617879e+00,-6.335166349231013960e-01,-3.823580769422719738e-01,-5.995651488605540091e-01,5.013476073707467506e+00,-3.174016841193316729e+00,1.931597426787038430e+01,1.833595882633169083e+01,1.877914785875580250e+01,2.285285330837282913e+01,1.870061365344864512e+01,2.954050920070546704e-01,-2.087001979130556628e-01,-7.381903596919590083e-01,-7.532411483853511669e-01,-1.740640794717318030e-01,5.235229881488334680e-01,-2.088206136708226168e+01,1.903432054162758646e+01,1.724756858134573179e+01,1.881692126833691603e+01,1.857926161383953811e+01,-4.242544984001076491e-01,-1.820311011615514118e+00,-9.068064940745668157e-02,1.103419678790284325e-01,-1.107503151112072398e-01,4.222145827923934336e-01,1.866788113709312924e+01,1.887470764992104577e+01,2.280378766574442295e+01,1.870556696277263242e+01,7.018939978303395666e-01,-1.431561138425038182e-01,-6.076087885185607051e-01,-1.073978978688957253e-01,5.525361229409281316e-02,1.968738989059088240e+01,1.864198638102625694e+01,1.894134583301032748e+01,1.976871953861339293e+01,-9.514643497081001655e+00,-6.576858850933203771e-01,-9.080519887714462168e-01,3.917077845469712494e-01,-1.366563379503083153e+00,2.041620672987948382e+01,1.896843244718970567e+01,1.899912325839075322e+01,-1.297793517117273865e+00,2.273733514372151099e+00,-9.198211305401942425e-04,-5.118729776306626400e-01,1.940614933074171589e+01,1.657601591004345565e+01,1.983255839964933642e+01,-3.269102562675960666e-01,-3.997301441597430061e-01,-5.503852353651990104e-01,5.701598505760552271e-02,1.871257329948925374e+01
1.926261106828351544e+01,1.941922590059830256e+01,1.918498481812158474e+01,1.808122126754939529e+01,1.891671153412577411e+01,1.872865870668355370e+01,5.670580143509032389e+00,2.078069574358331895e-01,1.952972520350116170e+01,1.888074022475472802e+01,1.986414150375653165e+01,2.672521564976847674e+00,1.865336110495970345e+01,5.387191893325292691e-01,7.583927534087686606e-01,2.708773673222319989e-01,1.480916876124807757e+01,6.313492780663572290e+01,1.898723159183102993e+01,1.943563023043765980e+01,1.902540158511622082e+01,2.150175016943890183e-01,7.020975780894032070e-01,3.282233427222627786e-01,1.558378308179242111e-01,-9.312741699487635527e-01,2.111615608278522771e+01,1.909195515516591612e+01,1.861790433893637697e+01,1.643220429818893891e+01,-1.671352900928617879e+00,-6.335166349231013960e-01,-3.823354407586897485e-01,-5.995651488605540091e-01,5.013476073707467506e+00,-3.174016841193316729e+00,1.931597426787038430e+01,1.833595882633169083e+01,1.877914785875580250e+01,2.285285330837282913e+01,1.870061365344864512e+01,2.954050920070546704e-01,-2.087001979130556628e-01,-7.381903596919590083e-01,-7.532411483853511669e-01,-1.740640794717318030e-01,5.235229881488334680e-01,-2.088206136708226168e+01,1.903432054162758646e+01,1.724756858134573179e+01,1.881692126833691603e+01,1.857928009754563092e+01,-4.242544984001076491e-01,-1.820311011615514118e+00,-9.055659910643348853e-02,1.103419678790284325e-01,-1.107503151112072398e-01,4.222145827923934336e-01,1.866788113709312924e+01,1.887470764992104577e+01,2.280378766574442295e+01,1.870556696277263242e+01,7.018939978303395666e-01,-1.431561138425038182e-01,-6.076087885185607051e-01,-1.074324787759726035e-01,5.525361229409281316e-02,1.968738989059088240e+01,1.864198638102625694e+01,1.894134583301032748e+01,1.976871953861339293e+01,-9.514643497081001655e+00,-6.576858850933203771e-01,-9.080519887714462168e-01,3.917077845469712494e-01,-1.366620521233099295e+00,2.041620672987948382e+01,1.896843244718970567e+01,1.899912325839075322e+01,-1.297793517117273865e+00,2.273733514372151099e+00,-9.198211305401942425e-04,-5.128001301785123367e-01,1.940614933074171589e+01,1.657601591004345565e+01,1.983255839964933642e+01,-3.268828667876245153e-01,-3.997301441597430061e-01,-5.503852353651990104e-01,5.701598505760552271e-02,1.871257329948925374e+01
1.926261106828351544e+01,1.941922590059830256e+01,1.918498481812158474e+01,1.808122126754939529e+01,1.891671153412577411e+01,1.872865870668355370e+01,5.670580143509032389e+00,2.078069574358331895e-01,1.952972520350116170e+01,1.888074022475472802e+01,1.986414150375653165e+01,2.672521564976847674e+00,1.865336110495970345e+01,5.284255727264776104e-01,7.583927534087686606e-01,2.708773673222319989e-01,1.480916876124807757e+01,6.313492780663572290e+01,1.898723159183102993e+01,1.943563023043765980e+01,1.902540158511622082e+01,2.150175016943890183e-01,7.037611683830999887e-01,3.282233427222627786e-01,1.558378308179242111e-01,-9.312741699487635527e-01,2.111615608278522771e+01,1.909195515516591612e+01,1.861790433893637697e+01,1.643220429818893891e+01,-1.671352900928617879e+00,-6.335166349231013960e-01,-3.823354407586897485e-01,-5.995651488605540091e-01,5.013476073707467506e+00,-3.174016841193316729e+00,1.931597426787038430e+01,1.833595882633169083e+01,1.878069261115938104e+01,2.285285330837282913e+01,1.875056324565336041e+01,2.954050920070546704e-01,-2.087001979130556628e-01,-7.381903596919590083e-01,-7.532411483853511669e-01,-1.740640794717318030e-01,5.235229881488334680e-01,-2.088206136708226168e+01,1.903432054162758646e+01,1.724756858134573179e+01,1.881692126833691603e+01,1.857928009754563092e+01,-4.242544984001076491e-01,-1.820311011615514118e+00,-9.055659910643348853e-02,1.103419678790284325e-01,-1.107503151112072398e-01,4.222145827923934336e-01,1.866788113709312924e+01,1.887470764992104577e+01,2.280378766574442295e+01,1.870556696277263242e+01,7.212476799172562458e-01,-1.431561138425038182e-01,-6.111588442345324834e-01,-1.074324787759726035e-01,5.525361229409281316e-02,1.968738989059088240e+01,1.864198638102625694e+01,1.894134583301032748e+01,1.976871953861339293e+01,-9.514643497081001655e+00,-6.576858850933203771e-01,-9.065291506265248378e-01,3.917077845469712494e-01,-1.366620521233099295e+00,2.041620672987948382e+01,1.896843244718970567e+01,1.898848415299634951e+01,-1.297793517117273865e+00,2.273733514372151099e+00,-9.198211305401942425e-04,-5.128001301785123367e-01,1.940614933074171589e+01,1.658613600275263167e+01,1.983255839964933642e+01,-3.268828667876245153e-01,-3.997301441597430061e-01,-5.503852353651990104e-01,5.701598505760552271e-02,1.871257329948925374e+01
1.926261106828351544e+01,1.941922590059830256e+01,1.918498481812158474e+01,1.808122126754939529e+01,1.891591936809384222e+01,1.872865870668355370e+01,5.670580143509032389e+00,2.078069574358331895e-01,1.952972520350116170e+01,1.888074022475472802e+01,1.986414150375653165e+01,2.672521564976847674e+00,1.865336110495970345e+01,5.284255727264776104e-01,7.583927534087686606e-01,2.683220545560556225e-01,1.480916876124807757e+01,6.313492780663572290e+01,1.898886582908113141e+01,1.943563023043765980e+01,1.902540158511622082e+01,2.150175016943890183e-01,7.037611683830999887e-01,3.282233427222627786e-01,1.558378308179242111e-01,-9.312741699487635527e-01,2.111615608278522771e+01,1.909195515516591612e+01,1.861790433893637697e+01,1.642516122333971396e+01,-1.670088228287621268e+00,-6.335166349231013960e-01,-3.823354407586897485e-01,-6.002381590785680343e-01,5.013476073707467506e+00,-3.162039570931196586e+00,1.931597426787038430e+01,1.833595882633169083e+01,1.878069261115938104e+01,2.285285330837282913e+01,1.875056324565336041e+01,2.954050920070546704e-01,-2.087001979130556628e-01,-7.381903596919590083e-01,-7.532411483853511669e-01,-1.740640794717318030e-01,5.235229881488334680e-01,-2.088206136708226168e+01,1.903432054162758646e+01,1.724756858134573179e+01,1.881692126833691603e+01,1.857928009754563092e+01,-4.242544984001076491e-01,-1.820311011615514118e+00,-9.055659910643348853e-02,1.103419678790284325e-01,-1.107503151112072398e-01,4.222145827923934336e-01,1.866788113709312924e+01,1.887470764992104577e+01,2.280378766574442295e+01,1.870556696277263242e+01,7.212476799172562458e-01,-1.431561138425038182e-01,-6.111588442345324834e-01,-1.074324787759726035e-01,5.525361229409281316e-02,1.968738989059088240e+01,1.864198638102625694e+01,1.894134583301032748e+01,1.976871953861339293e+01,-9.518522703851809652e+00,-6.576858850933203771e-01,-9.065291506265248378e-01,3.917077845469712494e-01,-1.366620521233099295e+00,2.041620672987948382e+01,1.896843244718970567e+01,1.898848415299634951e+01,-1.299694905863008287e+00,2.273733514372151099e+00,-9.198211305401942425e-04,-5.128001301785123367e-01,1.940614933074171589e+01,1.658613600275263167e+01,1.983255839964933642e+01,-3.268828667876245153e-01,-3.997301441597430061e-01,-5.503852353651990104e-01,5.701598505760552271e-02,1.871257329948925374e+01
1.926261106828351544e+01,1.941922590059830256e+01,1.918498481812158474e+01,1.808122126754939529e+01,1.891591936809384222e+01,1.873438856756983739e+01,5.670580143509032389e+00,2.078069574358331895e-01,1.955272971184799502e+01,1.892389544580343852e+01,1.986414150375653165e+01,2.672521564976847674e+00,1.865336110495970345e+01,5.284255727264776104e-01,7.583927534087686606e-01,2.683220545560556225e-01,1.480916876124807757e+01,6.313492780663572290e+01,1.898886582908113141e+01,1.943563023043765980e+01,1.902540158511622082e+01,2.150175016943890183e-01,7.037611683830999887e-01,3.282233427222627786e-01,1.558378308179242111e-01,-9.312741699487635527e-01,2.111615608278522771e+01,1.909195515516591612e+01,1.861790433893637697e+01,1.642516122333971396e+01,-1.670088228287621268e+00,-6.335166349231013960e-01,-3.823354407586897485e-01,-6.002381590785680343e-01,5.013476073707467506e+00,-3.162039570931196586e+00,1.931597426787038430e+01,1.834621392521528449e+01,1.878069261115938104e+01,2.285285330837282913e+01,1.875056324565336041e+01,2.954050920070546704e-01,-2.087001979130556628e-01,-7.381903596919590083e-01,-7.574961577402112844e-01,-1.740640794717318030e-01,5.155330709018228763e-01,-2.088206136708226168e+01,1.903432054162758646e+01,1.724756858134573179e+01,1.881692126833691603e+01,1.857928009754563092e+01,-4.242544984001076491e-01,-1.820311011615514118e+00,-9.055659910643348853e-02,1.218747887988352319e-01,-1.107503151112072398e-01,4.099002776710525264e-01,1.866788113709312924e+01,1.887470764992104577e+01,2.280378766574442295e+01,1.870556696277263242e+01,7.212476799172562458e-01,-1.484774721882846649e-01,-6.111588442345324834e-01,-1.074324787759726035e-01,5.525361229409281316e-02,1.968738989059088240e+01,1.864198638102625694e+01,1.894134583301032748e+01,1.976871953861339293e+01,-9.518522703851809652e+00,-6.576858850933203771e-01,-9.065291506265248378e-01,3.917077845469712494e-01,-1.366620521233099295e+00,2.041620672987948382e+01,1.896843244718970567e+01,1.898848415299634951e+01,-1.299694905863008287e+00,2.273733514372151099e+00,-9.198211305401942425e-04,-5.128001301785123367e-01,1.940614933074171589e+01,1.658613600275263167e+01,1.983255839964933642e+01,-3.268828667876245153e-01,-3.997301441597430061e-01,-5.503852353651990104e-01,5.701598505760552271e-02,1.871257329948925374e+01
1.926261106828351544e+01,1.942186957937740033e+01,1.918498481812158474e+01,1.808122126754939529e+01,1.891591936809384222e+01,1.873438856756983739e+01,5.670580143509032389e+00,2.078069574358331895e-01,1.955272971184799502e+01,1.892389544580343852e+01,1.986414150375653165e+01,2.672521564976847674e+00,1.865336110495970345e+01,5.284255727264776104e-01,7.583927534087686606e-01,2.683220545560556225e-01,1.480916876124807757e+01,6.313492780663572290e+01,1.898886582908113141e+01,1.943563023043765980e+01,1.902540158511622082e+01,2.150175016943890183e-01,7.037611683830999887e-01,3.210863525118174411e-01,1.558378308179242111e-01,-9.312741699487635527e-01,2.111615608278522771e+01,1.909195515516591612e+01,1.861790433893637697e+01,1.642516122333971396e+01,-1.670088228287621268e+00,-6.335166349231013960e-01,-3.823354407586897485e-01,-6.002381590785680343e-01,5.013476073707467506e+00,-3.162039570931196586e+00,1.931597426787038430e+01,1.834621392521528449e+01,1.878069261115938104e+01,2.285285330837282913e+01,1.875056324565336041e+01,2.954050920070546704e-01,-2.122265881875730897e-01,-7.280959377593415605e-01,-7.574961577402112844e-01,-1.740640794717318030e-01,5.155330709018228763e-01,-2.089554810118209716e+01,1.903432054162758646e+01,1.723688804067037950e+01,1.881692126833691603e+01,1.857928009754563092e+01,-4.216159909414252116e-01,-1.820311011615514118e+00,-9.055659910643348853e-02,1.218747887988352319e-01,-1.107503151112072398e-01,4.099002776710525264e-01,1.866788113709312924e+01,1.887470764992104577e+01,2.281162558317704026e+01,1.870556696277263242e+01,7.212476799172562458e-01,-1.484774721882846649e-01,-6.111588442345324834e-01,-1.074324787759726035e-01,5.525361229409281316e-02,1.968738989059088240e+01,1.864198638102625694e+01,1.894134583301032748e+01,1.976871953861339293e+01,-9.518522703851809652e+00,-6.576858850933203771e-01,-9.065291506265248378e-01,3.917077845469712494e-01,-1.366620521233099295e+00,2.041620672987948382e+01,1.896843244718970567e+01,1.898848415299634951e+01,-1.299694905863008287e+00,2.273733514372151099e+00,-9.198211305401942425e-04,-5.128001301785123367e-01,1.940614933074171589e+01,1.658613600275263167e+01,1.983255839964933642e+01,-3.268828667876245153e-01,-3.997301441597430061e-01,-5.503852353651990104e-01,4.553883625606672259e-02,1.871257329948925374e+01
1.926261106828351544e+01,1.942186957937740033e+01,1.918498481812158474e+01,1.808122126754939529e+01,1.891591936809384222e+01,1.873438856756983739e+01,5.667316852539177496e+00,2.078069574358331895e-01,1.955272971184799502e+01,1.892389544580343852e+01,1.986414150375653165e+01,2.672521564976847674e+00,1.865336110495970345e+01,5.284255727264776104e-01,7.583927534087686606e-01,2.683220545560556225e-01,1.480916876124807757e+01,6.313982044585805653e+01,1.898886582908113141e+01,1.943563023043765980e+01,1.902540158511622082e+01,2.150175016943890183e-01,7.037611683830999887e-01,3.210863525118174411e-01,1.558378308179242111e-01,-9.312741699487635527e-01,2.111615608278522771e+01,1.909558465458658105e+01,1.857814648564056981e+01,1.642516122333971396e+01,-1.670088228287621268e+00,-6.335166349231013960e-01,-3.823354407586897485e-01,-6.002381590785680343e-01,5.015385541414804749e+00,-3.162039570931196586e+00,1.931597426787038430e+01,1.834621392521528449e+01,1.878069261115938104e+01,2.283846118727669960e+01,1.875056324565336041e+01,3.050217121209136684e-01,-2.122265881875730897e-01,-7.280959377593415605e-01,-7.574961577402112844e-01,-1.782789188047979034e-01,5.155330709018228763e-01,-2.089554810118209716e+01,1.903432054162758646e+01,1.723688804067037950e+01,1.881692126833691603e+01,1.857928009754563092e+01,-4.216159909414252116e-01,-1.820311011615514118e+00,-9.055659910643348853e-02,1.218747887988352319e-01,-1.107503151112072398e-01,4.099002776710525264e-01,1.866788113709312924e+01,1.887470764992104577e+01,2.281162558317704026e+01,1.870556696277263242e+01,7.212476799172562458e-01,-1.484774721882846649e-01,-6.111588442345324834e-01,-1.074324787759726035e-01,5.525361229409281316e-02,1.968738989059088240e+01,1.864198638102625694e+01,1.893756462676876851e+01,1.976871953861339293e+01,-9.518522703851809652e+00,-6.576858850933203771e-01,-9.065291506265248378e-01,3.917077845469712494e-01,-1.366620521233099295e+00,2.041620672987948382e+01,1.896843244718970567e+01,1.898848415299634951e+01,-1.299694905863008287e+00,2.278623928378232577e+00,-9.198211305401942425e-04,-5.128001301785123367e-01,1.940614933074171589e+01,1.658613600275263167e+01,1.983255839964933642e+01,-3.268828667876245153e-01,-3.997301441597430061e-01,-5.503852353651990104e-01,4.553883625606672259e-02,1.871257329948925374e+01
1.926261106828351544e+01,1.942346959719844790e+01,1.918498481812158474e+01,1.808122126754939529e+01,1.891591936809384222e+01,1.873438856756983739e+01,5.667316852539177496e+00,2.078069574358331895e-01,1.955272971184799502e+01,1.892389544580343852e+01,1.986372660174448512e+01,2.672521564976847674e+00,1.865336110495970345e+01,5.284255727264776104e-01,7.583927534087686606e-01,2.683220545560556225e-01,1.480916876124807757e+01,6.313982044585805653e+01,1.898886582908113141e+01,1.943563023043765980e+01,1.902540158511622082e+01,2.150175016943890183e-01,7.037611683830999887e-01,3.210863525118174411e-01,1.558378308179242111e-01,-9.312741699487635527e-01,2.111615608278522771e+01,1.909619998132284024e+01,1.857814648564056981e+01,1.642516122333971396e+01,-1.670088228287621268e+00,-6.335166349231013960e-01,-3.825871440940284418e-01,-6.002381590785680343e-01,5.015385541414804749e+00,-3.162039570931196586e+00,1.931597426787038430e+01,1.834621392521528449e+01,1.878069261115938104e+01,2.283846118727669960e+01,1.875056324565336041e+01,3.050217121209136684e-01,-2.122265881875730897e-01,-7.280959377593415605e-01,-7.574961577402112844e-01,-1.782789188047979034e-01,5.155330709018228763e-01,-2.089429300300198378e+01,1.903432054162758646e+01,1.723688804067037950e+01,1.881692126833691603e+01,1.857928009754563092e+01,-4.216159909414252116e-01,-1.822967761906325368e+00,-9.055659910643348853e-02,1.239310707543002515e-01,-1.107503151112072398e-01,4.099002776710525264e-01,1.866409734461119641e+01,1.887470764992104577e+01,2.281162558317704026e+01,1.870556696277263242e+01,7.212476799172562458e-01,-1.484774721882846649e-01,-6.111588442345324834e-01,-1.074324787759726035e-01,5.525361229409281316e-02,1.968738989059088240e+01,1.864198638102625694e+01,1.893756462676876851e+01,1.976871953861339293e+01,-9.518522703851809652e+00,-6.576858850933203771e-01,-9.065291506265248378e-01,3.917077845469712494e-01,-1.366620521233099295e+00,2.041620672987948382e+01,1.896843244718970567e+01,1.898848415299634951e+01,-1.299694905863008287e+00,2.278623928378232577e+00,-9.198211305401942425e-04,-5.128001301785123367e-01,1.940614933074171589e+01,1.658613600275263167e+01,1.983255839964933642e+01,-3.268828667876245153e-01,-3.997301441597430061e-01,-5.522000785842843262e-01,4.553883625606672259e-02,1.871257329948925374e+01
1.926261106828351544e+01,1.942346959719844790e+01,1.918498481812158474e+01,1.808122126754939529e+01,1.891591936809384222e+01,1.873438856756983739e+01,5.667316852539177496e+00,2.078069574358331895e-01,1.955272971184799502e+01,1.892389544580343852e+01,1.986372660174448512e+01,2.672521564976847674e+00,1.865336110495970345e+01,5.042738345316738480e-01,7.583927534087686606e-01,2.683220545560556225e-01,1.480916876124807757e+01,6.313982044585805653e+01,1.898886582908113141e+01,1.943563023043765980e+01,1.902540158511622082e+01,2.150175016943890183e-01,7.037611683830999887e-01,3.210863525118174411e-01,1.558378308179242111e-01,-9.181423565955402211e-01,2.111615608278522771e+01,1.909619998132284024e+01,1.857814648564056981e+01,1.643010247133280544e+01,-1.670088228287621268e+00,-6.335166349231013960e-01,-3.825871440940284418e-01,-6.002381590785680343e-01,5.015385541414804749e+00,-3.162039570931196586e+00,1.931597426787038430e+01,1.834621392521528449e+01,1.878069261115938104e+01,2.283846118727669960e+01,1.875056324565336041e+01,3.050217121209136684e-01,-2.122265881875730897e-01,-7.280959377593415605e-01,-7.574961577402112844e-01,-1.782789188047979034e-01,5.155330709018228763e-01,-2.089429300300198378e+01,1.903432054162758646e+01,1.721845953118205230e+01,1.881692126833691603e+01,1.857928009754563092e+01,-4.216159909414252116e-01,-1.822967761906325368e+00,-9.055659910643348853e-02,1.239310707543002515e-01,-1.107503151112072398e-01,4.234690585585436651e-01,1.866409734461119641e+01,1.887470764992104577e+01,2.281162558317704026e+01,1.869849087341963667e+01,7.212476799172562458e-01,-1.484774721882846649e-01,-6.111588442345324834e-01,-1.178261598215772227e-01,5.525361229409281316e-02,1.968738989059088240e+01,1.864198638102625694e+01,1.893756462676876851e+01,1.976871953861339293e+01,-9.518522703851809652e+00,-6.576858850933203771e-01,-9.065291506265248378e-01,3.917077845469712494e-01,-1.366620521233099295e+00,2.041620672987948382e+01,1.896843244718970567e+01,1.898848415299634951e+01,-1.299694905863008287e+00,2.278623928378232577e+00,-9.198211305401942425e-04,-5.128001301785123367e-01,1.940614933074171589e+01,1.658613600275263167e+01,1.983255839964933642e+01,-3.210133035270251733e-01,-3.997301441597430061e-01,-5.522000785842843262e-01,4.553883625606672259e-02,1.883301993041095912e+01
1.926261106828351544e+01,1.942346959719844790e+01,1.915610328255820249e+01,1.808122126754939529e+01,1.891591936809384222e+01,1.873438856756983739e+01,5.667316852539177496e+00,2.078069574358331895e-01,1.955272971184799502e+01,1.892389544580343852e+01,1.986372660174448512e+01,2.672521564976847674e+00,1.865336110495970345e+01,5.042738345316738480e-01,7.583927534087686606e-01,2.683220545560556225e-01,1.480916876124807757e+01,6.313982044585805653e+01,1.898886582908113141e+01,1.943563023043765980e+01,1.902540158511622082e+01,2.150175016943890183e-01,7.101166138473448131e-01,3.210863525118174411e-01,1.558378308179242111e-01,-9.181423565955402211e-01,2.117875958992018326e+01,1.909619998132284024e+01,1.857814648564056981e+01,1.643010247133280544e+01,-1.670088228287621268e+00,-6.335166349231013960e-01,-3.825871440940284418e-01,-6.002381590785680343e-01,5.015385541414804749e+00,-3.162039570931196586e+00,1.931597426787038430e+01,1.834621392521528449e+01,1.878069261115938104e+01,2.283846118727669960e+01,1.875056324565336041e+01,3.050217121209136684e-01,-2.026834153214005230e-01,-7.280959377593415605e-01,-7.574961577402112844e-01,-1.782789188047979034e-01,5.155330709018228763e-01,-2.089429300300198378e+01,1.903432054162758646e+01,1.721845953118205230e+01,1.881692126833691603e+01,1.857928009754563092e+01,-4.216159909414252116e-01,-1.822967761906325368e+00,-9.055659910643348853e-02,1.239310707543002515e-01,-1.107503151112072398e-01,4.234690585585436651e-01,1.866409734461119641e+01,1.887470764992104577e+01,2.282251531791564148e+01,1.869849087341963667e+01,7.212476799172562458e-01,-1.484774721882846649e-01,-6.111588442345324834e-01,-1.178261598215772227e-01,5.525361229409281316e-02,1.954898793234492160e+01,1.864198638102625694e+01,1.893756462676876851e+01,1.976871953861339293e+01,-9.521344698502474557e+00,-6.576858850933203771e-01,-9.065291506265248378e-01,3.917077845469712494e-01,-1.379277965676017237e+00,2.041620672987948382e+01,1.896843244718970567e+01,1.898848415299634951e+01,-1.299694905863008287e+00,2.320972518147125019e+00,-9.198211305401942425e-04,-5.128001301785123367e-01,1.940614933074171589e+01,1.658613600275263167e+01,1.983255839964933642e+01,-3.210133035270251733e-01,-3.997301441597430061e-01,-5.522000785842843262e-01,4.553883625606672259e-02,1.883301993041095912e+01
1.926261106828351544e+01,1.942346959719844790e+01,1.915610328255820249e+01,1.808122126754939529e+01,1.891591936809384222e+01,1.873438856756983739e+01,5.667316852539177496e+00,2.078069574358331895e-01,1.955272971184799502e+01,1.892389544580343852e+01,1.986372660174448512e+01,2.672521564976847674e+00,1.865336110495970345e+01,5.042738345316738480e-01,7.583927534087686606e-01,2.683220545560556225e-01,1.480916876124807757e+01,6.313982044585805653e+01,1.898886582908113141e+01,1.943563023043765980e+01,1.902540158511622082e+01,2.150175016943890183e-01,7.101166138473448131e-01,3.210863525118174411e-01,1.558378308179242111e-01,-9.181423565955402211e-01,2.117875958992018326e+01,1.909619998132284024e+01,1.857814648564056981e+01,1.643010247133280544e+01,-1.670088228287621268e+00,-6.335166349231013960e-01,-3.825871440940284418e-01,-6.002381590785680343e-01,5.018572583126144515e+00,-3.162039570931196586e+00,1.931597426787038430e+01,1.834621392521528449e+01,1.878069261115938104e+01,2.283846118727669960e+01,1.875056324565336041e+01,3.050217121209136684e-01,-2.026834153214005230e-01,-7.280959377593415605e-01,-7.574961577402112844e-01,-1.782789188047979034e-01,5.155330709018228763e-01,-2.089429300300198378e+01,1.903432054162758646e+01,1.721845953118205230e+01,1.881108541969068426e+01,1.857928009754563092e+01,-4.216159909414252116e-01,-1.822967761906325368e+00,-9.055659910643348853e-02,1.239310707543002515e-01,-1.093460716791586351e-01,4.234690585585436651e-01,1.866409734461119641e+01,1.887470764992104577e+01,2.282251531791564148e+01,1.869849087341963667e+01,7.212476799172562458e-01,-1.484774721882846649e-01,-6.111588442345324834e-01,-1.178261598215772227e-01,5.525361229409281316e-02,1.954898793234492160e+01,1.864198638102625694e+01,1.893234800559323716e+01,1.976871953861339293e+01,-9.521344698502474557e+00,-6.576858850933203771e-01,-9.065291506265248378e-01,3.942835526579885341e-01,-1.379277965676017237e+00,2.041526884425326216e+01,1.883714458184450891e+01,1.898848415299634951e+01,-1.299694905863008287e+00,2.320972518147125019e+00,3.581908887570270719e-03,-5.128001301785123367e-01,1.940614933074171589e+01,1.658613600275263167e+01,1.982683969541605506e+01,-3.210133035270251733e-01,-3.997301441597430061e-01,-5.522000785842843262e-01,4.553883625606672259e-02,1.883301993041095912e+01
1.926261106828351544e+01,1.942346959719844790e+01,1.915610328255820249e+01,1.808122126754939529e+01,1.891591936809384222e+01,1.873438856756983739e+01,5.667316852539177496e+00,3.167022633317334579e-03,1.955272971184799502e+01,1.892389544580343852e+01,1.986372660174448512e+01,2.672521564976847674e+00,1.865336110495970345e+01,5.042738345316738480e-01,3.468196176445123569e-01,4.480810905373505681e-01,1.480916876124807757e+01,6.313982044585805653e+01,1.871461251698306327e+01,1.943563023043765980e+01,1.902540158511622082e+01,2.150175016943890183e-01,7.101166138473448131e-01,3.210863525118174411e-01,1.558378308179242111e-01,-9.181423565955402211e-01,2.117875958992018326e+01,1.909619998132284024e+01,1.857814648564056981e+01,1.643010247133280544e+01,-1.670088228287621268e+00,-6.335166349231013960e-01,-3.825871440940284418e-01,-6.002381590785680343e-01,5.018572583126144515e+00,-3.162039570931196586e+00,1.931597426787038430e+01,1.834621392521528449e+01,1.878069261115938104e+01,2.334954182164668168e+01,1.875056324565336041e+01,3.050217121209136684e-01,-2.026834153214005230e-01,-7.280959377593415605e-01,-7.574961577402112844e-01,-1.782789188047979034e-01,5.155330709018228763e-01,-2.089429300300198378e+01,1.903432054162758646e+01,1.721845953118205230e+01,1.881108541969068426e+01,1.857928009754563092e+01,-3.107813908405893111e-01,-1.822967761906325368e+00,-9.055659910643348853e-02,1.239310707543002515e-01,-1.093460716791586351e-01,4.234690585585436651e-01,1.866409734461119641e+01,1.887470764992104577e+01,2.282251531791564148e+01,1.869849087341963667e+01,7.212476799172562458e-01,-1.484774721882846649e-01,-6.111588442345324834e-01,-1.178261598215772227e-01,5.525361229409281316e-02,1.954898793234492160e+01,1.864198638102625694e+01,1.893234800559323716e+01,1.976871953861339293e+01,-9.521344698502474557e+00,-6.576858850933203771e-01,-6.687583398457057626e-01,3.942835526579885341e-01,-1.379277965676017237e+00,2.041526884425326216e+01,1.883714458184450891e+01,1.898848415299634951e+01,-1.299694905863008287e+00,2.320972518147125019e+00,3.581908887570270719e-03,-5.128001301785123367e-01,1.940614933074171589e+01,1.701343416805210396e+01,1.982683969541605506e+01,-3.210133035270251733e-01,-3.997301441597430061e-01,-5.522000785842843262e-01,-3.123575260668427500e-01,1.883301993041095912e+01
1.926261106828351544e+01,1.942346959719844790e+01,1.915610328255820249e+01,1.808122126754939529e+01,1.891591936809384222e+01,1.865276276510347486e+01,5.667316852539177496e+00,3.167022633317334579e-03,1.955272971184799502e+01,1.892389544580343852e+01,1.986372660174448512e+01,2.465910135533538217e+00,1.865336110495970345e+01,5.042738345316738480e-01,3.468196176445123569e-01,4.480810905373505681e-01,1.480916876124807757e+01,6.313982044585805653e+01,1.871461251698306327e+01,1.943563023043765980e+01,1.897493696810966668e+01,2.150175016943890183e-01,7.101166138473448131e-01,3.768708201343589637e-01,1.558378308179242111e-01,-9.181423565955402211e-01,2.117875958992018326e+01,1.909619998132284024e+01,1.857814648564056981e+01,1.643010247133280544e+01,-1.670088228287621268e+00,-5.199755732288807719e-01,-3.825871440940284418e-01,-6.002381590785680343e-01,5.018572583126144515e+00,-3.162039570931196586e+00,1.931597426787038430e+01,1.834621392521528449e+01,1.878069261115938104e+01,2.334954182164668168e+01,1.875056324565336041e+01,3.050217121209136684e-01,-2.026834153214005230e-01,-7.280959377593415605e-01,-7.574961577402112844e-01,-1.782789188047979034e-01,6.855816387584916516e-01,-2.089429300300198378e+01,1.903432054162758646e+01,1.721845953118205230e+01,1.881108541969068426e+01,1.857928009754563092e+01,-3.107813908405893111e-01,-1.822967761906325368e+00,-9.055659910643348853e-02,1.239310707543002515e-01,-1.093460716791586351e-01,4.234690585585436651e-01,1.866409734461119641e+01,1.887470764992104577e+01,2.282251531791564148e+01,1.869849087341963667e+01,7.212476799172562458e-01,-1.484774721882846649e-01,-6.111588442345324834e-01,-1.178261598215772227e-01,3.482986413765057354e-01,1.954898793234492160e+01,1.864198638102625694e+01,1.893234800559323716e+01,1.924702629855793035e+01,-9.521344698502474557e+00,-6.576858850933203771e-01,-6.687583398457057626e-01,3.942835526579885341e-01,-1.379277965676017237e+00,2.041526884425326216e+01,1.883714458184450891e+01,1.893534772736035521e+01,-1.299694905863008287e+00,2.320972518147125019e+00,3.581908887570270719e-03,-5.128001301785123367e-01,1.940614933074171589e+01,1.701343416805210396e+01,1.982683969541605506e+01,-3.210133035270251733e-01,-3.997301441597430061e-01,-5.522000785842843262e-01,-3.123575260668427500e-01,1.883301993041095912e+01
1.928618337814117112e+01,1.942346959719844790e+01,1.915610328255820249e+01,1.808122126754939529e+01,1.891591936809384222e+01,1.865276276510347486e+01,5.458423062153869409e+00,3.167022633317334579e-03,1.955272971184799502e+01,1.892389544580343852e+01,1.986372660174448512e+01,2.465910135533538217e+00,1.873047582277379419e+01,5.042738345316738480e-01,3.468196176445123569e-01,4.480810905373505681e-01,1.487342113877729055e+01,6.313982044585805653e+01,1.871461251698306327e+01,1.943563023043765980e+01,1.897493696810966668e+01,2.150175016943890183e-01,7.101166138473448131e-01,3.768708201343589637e-01,1.558378308179242111e-01,-9.181423565955402211e-01,2.117875958992018326e+01,1.909619998132284024e+01,1.857814648564056981e+01,1.643010247133280544e+01,-1.709449252881150016e+00,-5.199755732288807719e-01,-3.825871440940284418e-01,-5.637722649322263191e-01,5.018572583126144515e+00,-3.162039570931196586e+00,1.931597426787038430e+01,1.831542215409938379e+01,1.878069261115938104e+01,2.334954182164668168e+01,1.875056324565336041e+01,3.050217121209136684e-01,-2.026834153214005230e-01,-7.280959377593415605e-01,-7.574961577402112844e-01,-1.782789188047979034e-01,6.855816387584916516e-01,-2.089429300300198378e+01,1.903432054162758646e+01,1.721845953118205230e+01,1.881108541969068426e+01,1.857928009754563092e+01,-3.107813908405893111e-01,-1.822967761906325368e+00,-9.055659910643348853e-02,1.239310707543002515e-01,-1.093460716791586351e-01,4.234690585585436651e-01,1.866409734461119641e+01,1.887470764992104577e+01,2.282251531791564148e+01,1.869849087341963667e+01,7.212476799172562458e-01,2.339695792522372697e-02,-6.111588442345324834e-01,-1.178261598215772227e-01,3.482986413765057354e-01,1.954898793234492160e+01,1.864198638102625694e+01,1.893234800559323716e+01,1.924702629855793035e+01,-9.521344698502474557e+00,-5.595553783875792941e-01,-6.687583398457057626e-01,3.942835526579885341e-01,-1.379277965676017237e+00,2.041526884425326216e+01,1.883714458184450891e+01,1.893534772736035521e+01,-1.299694905863008287e+00,2.320972518147125019e+00,3.581908887570270719e-03,-5.128001301785123367e-01,1.940614933074171589e+01,1.701343416805210396e+01,1.982683969541605506e+01,-3.210133035270251733e-01,-3.997301441597430061e-01,-5.522000785842843262e-01,-3.123575260668427500e-01,1.883301993041095912e+01
1.928618337814117112e+01,1.942346959719844790e+01,1.915610328255820249e+01,1.800566083840365295e+01,1.891591936809384222e+01,1.865276276510347486e+01,5.458423062153869409e+00,3.167022633317334579e-03,1.955272971184799502e+01,1.892389544580343852e+01,1.986372660174448512e+01,2.465910135533538217e+00,1.873047582277379419e+01,5.042738345316738480e-01,3.468196176445123569e-01,4.480810905373505681e-01,1.487342113877729055e+01,6.313982044585805653e+01,1.871461251698306327e+01,1.943563023043765980e+01,1.897493696810966668e+01,2.150175016943890183e-01,7.101166138473448131e-01,3.768708201343589637e-01,1.558378308179242111e-01,-9.181423565955402211e-01,2.117875958992018326e+01,1.909619998132284024e+01,1.857814648564056981e+01,1.643010247133280544e+01,-1.709449252881150016e+00,-5.199755732288807719e-01,-3.825871440940284418e-01,-5.637722649322263191e-01,5.018572583126144515e+00,-3.162039570931196586e+00,1.931597426787038430e+01,1.831542215409938379e+01,1.878069261115938104e+01,2.334954182164668168e+01,4.770208331638856691e+01,3.050217121209136684e-01,-2.026834153214005230e-01,-6.057748170303861590e-01,-7.574961577402112844e-01,-1.782789188047979034e-01,6.855816387584916516e-01,-2.089429300300198378e+01,1.912817990202264795e+01,1.721845953118205230e+01,1.881108541969068426e+01,1.857928009754563092e+01,-3.107813908405893111e-01,-1.822967761906325368e+00,-9.055659910643348853e-02,1.239310707543002515e-01,-1.093460716791586351e-01,4.234690585585436651e-01,1.866409734461119641e+01,1.880060000422861677e+01,2.282251531791564148e+01,1.869849087341963667e+01,7.881247156939767962e-01,2.339695792522372697e-02,-6.925598210822550005e-01,-1.178261598215772227e-01,3.482986413765057354e-01,1.954898793234492160e+01,1.878815003143725448e+01,1.893234800559323716e+01,1.924702629855793035e+01,-9.521344698502474557e+00,-5.595553783875792941e-01,-6.687583398457057626e-01,3.942835526579885341e-01,-1.379277965676017237e+00,2.041526884425326216e+01,1.883714458184450891e+01,1.893534772736035521e+01,-1.299694905863008287e+00,2.320972518147125019e+00,3.581908887570270719e-03,-8.427655777138357562e-01,1.940614933074171589e+01,1.701343416805210396e+01,1.982683969541605506e+01,-3.210133035270251733e-01,-3.997301441597430061e-01,-5.522000785842843262e-01,-3.123575260668427500e-01,1.883301993041095912e+01
1.928618337814117112e+01,1.942346959719844790e+01,1.915610328255820249e+01,1.800566083840365295e+01,1.891849134053301995e+01,1.865276276510347486e+01,5.458423062153869409e+00,3.167022633317334579e-03,1.955272971184799502e+01,1.892389544580343852e+01,1.986372660174448512e+01,2.465910135533538217e+00,1.873047582277379419e+01,5.042738345316738480e-01,3.468196176445123569e-01,4.480810905373505681e-01,1.487342113877729055e+01,6.316842862410250348e+01,1.871461251698306327e+01,1.943563023043765980e+01,1.897493696810966668e+01,2.172647054960316071e-01,7.101166138473448131e-01,3.768708201343589637e-01,1.558378308179242111e-01,-9.181423565955402211e-01,2.117875958992018326e+01,1.909619998132284024e+01,1.857459991704427082e+01,1.643010247133280544e+01,-1.709449252881150016e+00,-5.199755732288807719e-01,-3.825871440940284418e-01,-5.637722649322263191e-01,5.018572583126144515e+00,-3.165574088121312801e+00,1.931597426787038430e+01,1.831542215409938379e+01,1.878069261115938104e+01,2.334954182164668168e+01,4.770208331638856691e+01,2.823900377437221221e-01,-2.026834153214005230e-01,-6.057748170303861590e-01,-7.564006051836634770e-01,-1.800341916130351883e-01,6.855816387584916516e-01,-2.089429300300198378e+01,1.912817990202264795e+01,1.721845953118205230e+01,1.881108541969068426e+01,1.857928009754563092e+01,-3.107813908405893111e-01,-1.822967761906325368e+00,-9.055659910643348853e-02,1.239310707543002515e-01,-1.093460716791586351e-01,4.234690585585436651e-01,1.866409734461119641e+01,1.880060000422861677e+01,2.282251531791564148e+01,1.869849087341963667e+01,7.881247156939767962e-01,2.339695792522372697e-02,-6.925598210822550005e-01,-1.178261598215772227e-01,3.482986413765057354e-01,1.954898793234492160e+01,1.878815003143725448e+01,1.893234800559323716e+01,1.924702629855793035e+01,-9.521344698502474557e+00,-5.595553783875792941e-01,-6.687583398457057626e-01,3.942835526579885341e-01,-1.379277965676017237e+00,2.041526884425326216e+01,1.883714458184450891e+01,1.893534772736035521e+01,-1.299694905863008287e+00,2.320972518147125019e+00,3.581908887570270719e-03,-8.427655777138357562e-01,1.940614933074171589e+01,1.701343416805210396e+01,1.982683969541605506e+01,-3.210133035270251733e-01,-4.030459463168265533e-01,-5.522000785842843262e-01,-3.123575260668427500e-01,1.883301993041095912e+01
1.928618337814117112e+01,1.942346959719844790e+01,1.915610328255820249e+01,1.800566083840365295e+01,1.891849134053301995e+01,1.865276276510347486e+01,5.458423062153869409e+00,3.167022633317334579e-03,1.955161370001119892e+01,1.892157523929965279e+01,1.986372660174448512e+01,2.465910135533538217e+00,1.873047582277379419e+01,5.042738345316738480e-01,3.468196176445123569e-01,4.480810905373505681e-01,1.487342113877729055e+01,6.316842862410250348e+01,1.871461251698306327e+01,1.942995848022961525e+01,1.897493696810966668e+01,2.172647054960316071e-01,7.101166138473448131e-01,3.768708201343589637e-01,1.595370518215482036e-01,-9.181423565955402211e-01,2.117875958992018326e+01,1.909619998132284024e+01,1.857459991704427082e+01,1.643010247133280544e+01,-1.709449252881150016e+00,-5.199755732288807719e-01,-3.825871440940284418e-01,-5.637722649322263191e-01,5.018572583126144515e+00,-3.165574088121312801e+00,1.932032418466674173e+01,1.831542215409938379e+01,1.877661378670468650e+01,2.334954182164668168e+01,4.770208331638856691e+01,2.823900377437221221e-01,-2.026834153214005230e-01,-6.057748170303861590e-01,-7.564006051836634770e-01,-1.800341916130351883e-01,6.855816387584916516e-01,-2.089429300300198378e+01,1.912817990202264795e+01,1.721845953118205230e+01,1.881108541969068426e+01,1.857806546075791232e+01,-3.107813908405893111e-01,-1.822967761906325368e+00,-8.320054726201354944e-02,1.239310707543002515e-01,-1.093460716791586351e-01,4.234690585585436651e-01,1.866409734461119641e+01,1.880060000422861677e+01,2.282251531791564148e+01,1.869849087341963667e+01,7.881247156939767962e-01,2.339695792522372697e-02,-6.925598210822550005e-01,-1.178261598215772227e-01,3.482986413765057354e-01,1.954898793234492160e+01,1.878815003143725448e+01,1.893234800559323716e+01,1.924702629855793035e+01,-9.521344698502474557e+00,-5.595553783875792941e-01,-6.687583398457057626e-01,3.942835526579885341e-01,-1.379277965676017237e+00,2.041526884425326216e+01,1.883714458184450891e+01,1.893534772736035521e+01,-1.293525585281710022e+00,2.320972518147125019e+00,3.581908887570270719e-03,-8.427655777138357562e-01,1.940892439286391280e+01,1.701343416805210396e+01,1.982683969541605506e+01,-3.210133035270251733e-01,-4.030459463168265533e-01,-5.522000785842843262e-01,-3.123575260668427500e-01,1.883301993041095912e+01
1.928618337814117112e+01,1.942346959719844790e+01,1.917400196765441933e+01,1.800566083840365295e+01,1.891690377493894815e+01,1.865276276510347486e+01,5.458423062153869409e+00,3.167022633317334579e-03,1.955161370001119892e+01,1.892157523929965279e+01,1.986372660174448512e+01,2.465910135533538217e+00,1.873047582277379419e+01,5.042738345316738480e-01,3.468196176445123569e-01,4.480810905373505681e-01,1.487342113877729055e+01,6.316842862410250348e+01,1.871461251698306327e+01,1.942995848022961525e+01,1.897493696810966668e+01,2.172647054960316071e-01,7.101166138473448131e-01,3.768708201343589637e-01,1.595370518215482036e-01,-9.181423565955402211e-01,2.117875958992018326e+01,1.912604247827587756e+01,1.857459991704427082e+01,1.643010247133280544e+01,-1.709449252881150016e+00,-5.199755732288807719e-01,-3.825871440940284418e-01,-5.637722649322263191e-01,5.014298889835234085e+00,-3.165574088121312801e+00,1.932032418466674173e+01,1.831542215409938379e+01,1.877661378670468650e+01,2.334954182164668168e+01,4.770208331638856691e+01,2.823900377437221221e-01,-2.026834153214005230e-01,-6.057748170303861590e-01,-7.564006051836634770e-01,-1.800341916130351883e-01,6.855816387584916516e-01,-2.089691249511737325e+01,1.915267364307820586e+01,1.721845953118205230e+01,1.881108541969068426e+01,1.857806546075791232e+01,-3.107813908405893111e-01,-1.822967761906325368e+00,-8.320054726201354944e-02,1.239310707543002515e-01,-1.007596546288536121e-01,3.509648778314808926e-01,1.866409734461119641e+01,1.880060000422861677e+01,2.282251531791564148e+01,1.869849087341963667e+01,7.881247156939767962e-01,2.339695792522372697e-02,-6.925598210822550005e-01,-1.178261598215772227e-01,3.482986413765057354e-01,1.954898793234492160e+01,1.878815003143725448e+01,1.893234800559323716e+01,1.924702629855793035e+01,-9.521344698502474557e+00,-5.595553783875792941e-01,-6.687583398457057626e-01,3.942835526579885341e-01,-1.379277965676017237e+00,2.041526884425326216e+01,1.883714458184450891e+01,1.893534772736035521e+01,-1.293525585281710022e+00,2.320972518147125019e+00,3.581908887570270719e-03,-8.427655777138357562e-01,1.940892439286391280e+01,1.701343416805210396e+01,1.982683969541605506e+01,-3.210133035270251733e-01,-3.331903599619812084e-01,-5.522000785842843262e-01,-3.123575260668427500e-01,1.883301993041095912e+01
1.928618337814117112e+01,1.942346959719844790e+01,1.917400196765441933e+01,1.800566083840365295e+01,1.891690377493894815e+01,1.865779387748485263e+01,5.458423062153869409e+00,3.167022633317334579e-03,1.955161370001119892e+01,1.892157523929965279e+01,1.986372660174448512e+01,2.455544619867660039e+00,1.873047582277379419e+01,5.042738345316738480e-01,3.468196176445123569e-01,4.238325117862373204e-01,1.487342113877729055e+01,6.316842862410250348e+01,1.871461251698306327e+01,1.942995848022961525e+01,1.897493696810966668e+01,2.172647054960316071e-01,7.101166138473448131e-01,3.768708201343589637e-01,1.595370518215482036e-01,-9.181423565955402211e-01,2.117875958992018326e+01,1.912604247827587756e+01,1.857459991704427082e+01,1.643010247133280544e+01,-1.709449252881150016e+00,-5.199755732288807719e-01,-3.825871440940284418e-01,-5.637722649322263191e-01,5.014298889835234085e+00,-3.163755275656306321e+00,1.932032418466674173e+01,1.831542215409938379e+01,1.877661378670468650e+01,2.334954182164668168e+01,4.770208331638856691e+01,2.823900377437221221e-01,-2.026834153214005230e-01,-6.057748170303861590e-01,-7.433408243364442169e-01,-1.800341916130351883e-01,6.855816387584916516e-01,-2.089691249511737325e+01,1.915267364307820586e+01,1.721845953118205230e+01,1.881108541969068426e+01,1.857806546075791232e+01,-3.107813908405893111e-01,-1.822967761906325368e+00,-8.320054726201354944e-02,1.239310707543002515e-01,-1.007596546288536121e-01,3.509648778314808926e-01,1.866409734461119641e+01,1.880060000422861677e+01,2.282251531791564148e+01,1.869849087341963667e+01,7.881247156939767962e-01,2.339695792522372697e-02,-6.925598210822550005e-01,-1.178261598215772227e-01,3.521838214745753870e-01,1.954898793234492160e+01,1.878815003143725448e+01,1.893234800559323716e+01,1.924702629855793035e+01,-9.521344698502474557e+00,-5.595553783875792941e-01,-6.687583398457057626e-01,3.942835526579885341e-01,-1.379277965676017237e+00,2.040852744155288434e+01,1.883714458184450891e+01,1.864207410159002976e+01,-1.295305651846591743e+00,2.320972518147125019e+00,3.581908887570270719e-03,-8.427655777138357562e-01,1.940892439286391280e+01,1.701343416805210396e+01,1.982683969541605506e+01,-3.210133035270251733e-01,-3.331903599619812084e-01,-5.522000785842843262e-01,-3.123575260668427500e-01,1.883301993041095912e+01
1.928618337814117112e+01,1.942346959719844790e+01,1.917400196765441933e+01,1.800566083840365295e+01,1.891690377493894815e+01,1.865779387748485263e+01,5.458423062153869409e+00,3.167022633317334579e-03,1.955161370001119892e+01,1.892157523929965279e+01,1.986372660174448512e+01,2.455544619867660039e+00,1.873047582277379419e+01,5.042738345316738480e-01,3.468196176445123569e-01,4.238325117862373204e-01,1.487342113877729055e+01,6.316842862410250348e+01,1.871461251698306327e+01,1.942995848022961525e+01,1.897493696810966668e+01,2.194463093807504928e-01,7.078946391224076873e-01,3.768708201343589637e-01,1.595370518215482036e-01,-9.181423565955402211e-01,2.117875958992018326e+01,1.912604247827587756e+01,1.857459991704427082e+01,1.643010247133280544e+01,-1.707953160095431855e+00,-5.199755732288807719e-01,-3.825871440940284418e-01,-5.637722649322263191e-01,5.014298889835234085e+00,-3.163755275656306321e+00,1.932032418466674173e+01,1.831542215409938379e+01,1.877661378670468650e+01,2.334954182164668168e+01,4.770444851878620796e+01,2.823900377437221221e-01,-2.026834153214005230e-01,-6.057748170303861590e-01,-7.433408243364442169e-01,-1.800341916130351883e-01,6.855816387584916516e-01,-2.089691249511737325e+01,1.915267364307820586e+01,1.721845953118205230e+01,1.881108541969068426e+01,1.857806546075791232e+01,-3.262307489944256123e-01,-1.826709130265436132e+00,-7.685156210966462287e-02,1.239310707543002515e-01,-1.007596546288536121e-01,3.509648778314808926e-01,1.866409734461119641e+01,1.880060000422861677e+01,2.282251531791564148e+01,1.869849087341963667e+01,7.881247156939767962e-01,2.339695792522372697e-02,-6.925598210822550005e-01,-1.178261598215772227e-01,3.521838214745753870e-01,1.954898793234492160e+01,1.879692296696143217e+01,1.893854969145151657e+01,1.924702629855793035e+01,-9.521344698502474557e+00,-5.595553783875792941e-01,-6.687583398457057626e-01,3.942835526579885341e-01,-1.379277965676017237e+00,2.040852744155288434e+01,1.883714458184450891e+01,1.864207410159002976e+01,-1.295305651846591743e+00,2.320972518147125019e+00,3.581908887570270719e-03,-8.427655777138357562e-01,1.940892439286391280e+01,1.701343416805210396e+01,1.982683969541605506e+01,-3.210133035270251733e-01,-3.331903599619812084e-01,-5.522000785842843262e-01,-3.123575260668427500e-01,1.883301993041095912e+01
1.928450167071830990e+01,1.942346959719844790e+01,1.917400196765441933e+01,1.800566083840365295e+01,1.891690377493894815e+01,1.865779387748485263e+01,5.460775133752631127e+00,3.167022633317334579e-03,1.955161370001119892e+01,1.892157523929965279e+01,1.986372660174448512e+01,2.455544619867660039e+00,1.873047582277379419e+01,5.042738345316738480e-01,3.577227038550304661e-01,4.238325117862373204e-01,1.487342113877729055e+01,6.317272018778519538e+01,1.871461251698306327e+01,1.935090894174517473e+01,1.897493696810966668e+01,2.194463093807504928e-01,7.078946391224076873e-01,3.836393372633638554e-01,1.595370518215482036e-01,-9.181423565955402211e-01,2.117875958992018326e+01,1.912604247827587756e+01,1.857459991704427082e+01,1.643010247133280544e+01,-1.707953160095431855e+00,-5.199755732288807719e-01,-3.825871440940284418e-01,-5.637722649322263191e-01,5.014298889835234085e+00,-3.163755275656306321e+00,1.932032418466674173e+01,1.831542215409938379e+01,1.877661378670468650e+01,2.334954182164668168e+01,4.770444851878620796e+01,2.823900377437221221e-01,-2.026834153214005230e-01,-6.057748170303861590e-01,-7.433408243364442169e-01,-1.800341916130351883e-01,6.855816387584916516e-01,-2.089691249511737325e+01,1.915267364307820586e+01,1.721845953118205230e+01,1.881108541969068426e+01,1.857806546075791232e+01,-3.262307489944256123e-01,-1.826709130265436132e+00,-7.685156210966462287e-02,1.239310707543002515e-01,-1.007596546288536121e-01,3.509648778314808926e-01,1.866409734461119641e+01,1.880060000422861677e+01,2.282052501068430672e+01,1.869849087341963667e+01,7.881247156939767962e-01,2.339695792522372697e-02,-6.925598210822550005e-01,-1.178261598215772227e-01,3.521838214745753870e-01,1.954898793234492160e+01,1.879692296696143217e+01,1.893854969145151657e+01,1.924702629855793035e+01,-9.521344698502474557e+00,-5.595553783875792941e-01,-6.687583398457057626e-01,3.942835526579885341e-01,-1.379277965676017237e+00,2.040852744155288434e+01,1.883714458184450891e+01,1.864207410159002976e+01,-1.295305651846591743e+00,2.320972518147125019e+00,3.581908887570270719e-03,-8.427655777138357562e-01,1.940892439286391280e+01,1.701343416805210396e+01,1.982803234313860585e+01,-3.210133035270251733e-01,-3.331903599619812084e-01,-5.522000785842843262e-01,-3.123575260668427500e-01,1.820649242076489926e+01
1.928450167071830990e+01,1.942346959719844790e+01,1.917400196765441933e+01,1.801155229946335012e+01,1.891690377493894815e+01,1.865779387748485263e+01,5.460775133752631127e+00,3.167022633317334579e-03,1.955161370001119892e+01,1.892157523929965279e+01,1.986372660174448512e+01,2.455544619867660039e+00,1.873047582277379419e+01,4.818718757211096770e-01,3.577227038550304661e-01,4.238325117862373204e-01,1.487342113877729055e+01,6.317272018778519538e+01,1.871461251698306327e+01,1.935090894174517473e+01,1.897493696810966668e+01,2.194463093807504928e-01,7.078946391224076873e-01,3.836393372633638554e-01,1.595370518215482036e-01,-9.181423565955402211e-01,2.117875958992018326e+01,1.912604247827587756e+01,1.857459991704427082e+01,1.643010247133280544e+01,-1.707953160095431855e+00,-5.199755732288807719e-01,-3.787993088516436457e-01,-5.685721759242531315e-01,5.014298889835234085e+00,-3.163755275656306321e+00,1.931376930490029764e+01,1.831542215409938379e+01,1.877661378670468650e+01,2.334954182164668168e+01,4.770444851878620796e+01,2.823900377437221221e-01,-2.026834153214005230e-01,-6.057748170303861590e-01,-7.433408243364442169e-01,-1.800341916130351883e-01,6.855816387584916516e-01,-2.089691249511737325e+01,1.915267364307820586e+01,1.721845953118205230e+01,1.881108541969068426e+01,1.857806546075791232e+01,-3.262307489944256123e-01,-1.826709130265436132e+00,-7.685156210966462287e-02,1.239310707543002515e-01,-1.007596546288536121e-01,3.509648778314808926e-01,1.866409734461119641e+01,1.880060000422861677e+01,2.282052501068430672e+01,1.869849087341963667e+01,7.881247156939767962e-01,2.031734701521682035e-02,-6.925598210822550005e-01,-1.178261598215772227e-01,3.521838214745753870e-01,1.954057272492396891e+01,1.879692296696143217e+01,1.893854969145151657e+01,1.924702629855793035e+01,-9.521344698502474557e+00,-5.595553783875792941e-01,-6.687583398457057626e-01,3.942835526579885341e-01,-1.374660625309938045e+00,2.040852744155288434e+01,1.882888320413939454e+01,1.864207410159002976e+01,-1.295305651846591743e+00,2.320972518147125019e+00,3.581908887570270719e-03,-8.427655777138357562e-01,1.940892439286391280e+01,1.701343416805210396e+01,1.982803234313860585e+01,-3.210133035270251733e-01,-3.331903599619812084e-01,-5.522000785842843262e-01,-3.123575260668427500e-01,1.820649242076489926e+01
1.928450167071830990e+01,1.942346959719844790e+01,1.917400196765441933e+01,1.801155229946335012e+01,1.891690377493894815e+01,1.865779387748485263e+01,5.460775133752631127e+00,3.167022633317334579e-03,1.955123112194090851e+01,1.892157523929965279e+01,1.986329924239591094e+01,2.455544619867660039e+00,1.873047582277379419e+01,4.818718757211096770e-01,3.577227038550304661e-01,4.238325117862373204e-01,1.487342113877729055e+01,6.317272018778519538e+01,1.871461251698306327e+01,1.935090894174517473e+01,1.897493696810966668e+01,2.194463093807504928e-01,7.078946391224076873e-01,3.836393372633638554e-01,1.595370518215482036e-01,-9.183539127110269540e-01,2.117875958992018326e+01,1.912604247827587756e+01,1.857459991704427082e+01,1.643010247133280544e+01,-1.707953160095431855e+00,-5.199755732288807719e-01,-3.787993088516436457e-01,-5.685721759242531315e-01,5.014298889835234085e+00,-3.163755275656306321e+00,1.931376930490029764e+01,1.831542215409938379e+01,1.877661378670468650e+01,2.334954182164668168e+01,4.770444851878620796e+01,2.822521837487954044e-01,-2.026834153214005230e-01,-6.057748170303861590e-01,-7.433408243364442169e-01,-1.800341916130351883e-01,6.855816387584916516e-01,-2.089691249511737325e+01,1.915267364307820586e+01,1.721882363377790170e+01,1.881108541969068426e+01,1.857806546075791232e+01,-3.262307489944256123e-01,-1.826709130265436132e+00,-7.685156210966462287e-02,1.239310707543002515e-01,-1.007596546288536121e-01,3.509648778314808926e-01,1.866409734461119641e+01,1.880060000422861677e+01,2.282052501068430672e+01,1.869849087341963667e+01,7.848827822818019717e-01,2.031734701521682035e-02,-6.925598210822550005e-01,-1.172815728295538706e-01,3.521838214745753870e-01,1.954057272492396891e+01,1.879692296696143217e+01,1.893854969145151657e+01,1.924702629855793035e+01,-9.521344698502474557e+00,-5.595553783875792941e-01,-6.686354484403078668e-01,3.942835526579885341e-01,-1.374660625309938045e+00,2.040852744155288434e+01,1.882888320413939454e+01,1.864207410159002976e+01,-1.295305651846591743e+00,2.320972518147125019e+00,3.581908887570270719e-03,-8.427655777138357562e-01,1.940892439286391280e+01,1.701343416805210396e+01,1.982803234313860585e+01,-3.210133035270251733e-01,-3.331903599619812084e-01,-5.522000785842843262e-01,-3.127961960037239919e-01,1.820649242076489926e+01
1.928450167071830990e+01,1.942346959719844790e+01,1.917400196765441933e+01,1.801155229946335012e+01,1.891690377493894815e+01,1.865779387748485263e+01,5.460775133752631127e+00,1.198023175132802674e-03,1.955123112194090851e+01,1.892211187483780677e+01,1.986329924239591094e+01,2.455544619867660039e+00,1.873047582277379419e+01,4.818718757211096770e-01,3.577227038550304661e-01,4.238325117862373204e-01,1.487342113877729055e+01,6.317272018778519538e+01,1.871461251698306327e+01,1.935090894174517473e+01,1.897493696810966668e+01,2.194463093807504928e-01,7.078946391224076873e-01,3.836393372633638554e-01,1.595370518215482036e-01,-9.183539127110269540e-01,2.118064532583333204e+01,1.912604247827587756e+01,1.857459991704427082e+01,1.643010247133280544e+01,-1.707953160095431855e+00,-5.199755732288807719e-01,-3.787993088516436457e-01,-5.685721759242531315e-01,5.014298889835234085e+00,-3.163755275656306321e+00,1.931376930490029764e+01,1.831542215409938379e+01,1.877661378670468650e+01,2.334954182164668168e+01,4.770444851878620796e+01,2.822521837487954044e-01,-2.026834153214005230e-01,-6.057748170303861590e-01,-7.433408243364442169e-01,-1.795556754881354744e-01,6.855816387584916516e-01,-2.089691249511737325e+01,1.915267364307820586e+01,1.721882363377790170e+01,1.881684180047485100e+01,1.857806546075791232e+01,-3.262307489944256123e-01,-1.826709130265436132e+00,-7.685156210966462287e-02,1.239310707543002515e-01,-1.007596546288536121e-01,3.509648778314808926e-01,1.866409734461119641e+01,1.879907225086855149e+01,2.282052501068430672e+01,1.869849087341963667e+01,7.848827822818019717e-01,2.031734701521682035e-02,-6.925598210822550005e-01,-1.172815728295538706e-01,3.521838214745753870e-01,1.954057272492396891e+01,1.879692296696143217e+01,1.893854969145151657e+01,1.922359516772005605e+01,-9.521344698502474557e+00,-5.595553783875792941e-01,-6.686354484403078668e-01,3.942835526579885341e-01,-1.374660625309938045e+00,2.040852744155288434e+01,1.882888320413939454e+01,1.864207410159002976e+01,-1.295305651846591743e+00,2.320972518147125019e+00,3.581908887570270719e-03,-8.427655777138357562e-01,1.941075047804028131e+01,1.701343416805210396e+01,1.982803234313860585e+01,-3.202843174085944766e-01,-3.331903599619812084e-01,-5.522000785842843262e-01,-3.127961960037239919e-01,1.820649242076489926e+01
1.928450167071830990e+01,1.941422776829126562e+01,1.917400196765441933e+01,1.801155229946335012e+01,1.891690377493894815e+01,1.865779387748485263e+01,5.460775133752631127e+00,1.198023175132802674e-03,1.955123112194090851e+01,1.892211187483780677e+01,1.986329924239591094e+01,2.455544619867660039e+00,1.873047582277379419e+01,4.818718757211096770e-01,3.577227038550304661e-01,4.238325117862373204e-01,1.487877757181600202e+01,6.317272018778519538e+01,1.871461251698306327e+01,1.935090894174517473e+01,1.897493696810966668e+01,2.194463093807504928e-01,7.078946391224076873e-01,3.836393372633638554e-01,1.618984118342082779e-01,-9.183539127110269540e-01,2.118064532583333204e+01,1.912604247827587756e+01,1.857459991704427082e+01,1.642539245289410843e+01,-1.707953160095431855e+00,-5.199755732288807719e-01,-3.787993088516436457e-01,-5.685721759242531315e-01,5.014298889835234085e+00,-3.163755275656306321e+00,1.931376930490029764e+01,1.831542215409938379e+01,1.877661378670468650e+01,2.332844661176189405e+01,4.770444851878620796e+01,2.822521837487954044e-01,-1.918030197058154807e-01,-6.073469379642123522e-01,-7.433408243364442169e-01,-1.795556754881354744e-01,7.033355073193972018e-01,-2.089691249511737325e+01,1.915267364307820586e+01,1.721882363377790170e+01,1.881684180047485100e+01,1.857806546075791232e+01,-3.262307489944256123e-01,-1.826709130265436132e+00,-7.685156210966462287e-02,1.239310707543002515e-01,-1.007596546288536121e-01,3.509648778314808926e-01,1.866409734461119641e+01,1.879907225086855149e+01,2.282052501068430672e+01,1.869849087341963667e+01,7.848827822818019717e-01,2.031734701521682035e-02,-6.925598210822550005e-01,-1.172815728295538706e-01,3.521838214745753870e-01,1.954057272492396891e+01,1.879692296696143217e+01,1.893854969145151657e+01,1.922359516772005605e+01,-9.521344698502474557e+00,-5.595553783875792941e-01,-6.686354484403078668e-01,3.942835526579885341e-01,-1.374660625309938045e+00,2.040852744155288434e+01,1.882888320413939454e+01,1.864207410159002976e+01,-1.295305651846591743e+00,2.320972518147125019e+00,3.581908887570270719e-03,-8.427655777138357562e-01,1.941075047804028131e+01,1.701343416805210396e+01,1.982803234313860585e+01,-3.202843174085944766e-01,-3.331903599619812084e-01,-5.485097035058471571e-01,-3.127961960037239919e-01,1.820649242076489926e+01
1.928450167071830990e+01,1.941422776829126562e+01,1.917400196765441933e+01,1.801155229946335012e+01,1.891690377493894815e+01,1.865779387748485263e+01,5.460775133752631127e+00,1.198023175132802674e-03,1.955123112194090851e+01,1.892211187483780677e+01,1.986329924239591094e+01,2.455544619867660039e+00,1.872141649483460668e+01,4.818718757211096770e-01,3.577227038550304661e-01,4.238325117862373204e-01,1.487877757181600202e+01,6.317272018778519538e+01,1.871461251698306327e+01,1.935090894174517473e+01,1.897763591009842443e+01,2.194463093807504928e-01,7.078946391224076873e-01,3.836393372633638554e-01,1.618984118342082779e-01,-9.183539127110269540e-01,2.118064532583333204e+01,1.912604247827587756e+01,1.857459991704427082e+01,1.642539245289410843e+01,-1.707953160095431855e+00,-5.199755732288807719e-01,-3.787993088516436457e-01,-5.685721759242531315e-01,5.014298889835234085e+00,-3.163755275656306321e+00,1.931376930490029764e+01,1.831037161791635981e+01,1.877882205972442975e+01,2.332844661176189405e+01,4.770444851878620796e+01,2.822521837487954044e-01,-1.918030197058154807e-01,-6.073469379642123522e-01,-7.433408243364442169e-01,-1.795556754881354744e-01,7.033355073193972018e-01,-2.089691249511737325e+01,1.915267364307820586e+01,1.721882363377790170e+01,1.881684180047485100e+01,1.857806546075791232e+01,-3.262307489944256123e-01,-1.826709130265436132e+00,-7.685156210966462287e-02,1.652968379960891021e-01,-1.007596546288536121e-01,3.509648778314808926e-01,1.866409734461119641e+01,1.879907225086855149e+01,2.282052501068430672e+01,1.871559943542576576e+01,7.848827822818019717e-01,2.031734701521682035e-02,-6.925598210822550005e-01,-1.172815728295538706e-01,3.521838214745753870e-01,1.954057272492396891e+01,1.879692296696143217e+01,1.893854969145151657e+01,1.922359516772005605e+01,-9.505918553952339423e+00,-5.595553783875792941e-01,-6.686354484403078668e-01,3.942835526579885341e-01,-1.374660625309938045e+00,2.040852744155288434e+01,1.882888320413939454e+01,1.864207410159002976e+01,-1.295305651846591743e+00,2.316955154130493355e+00,3.581908887570270719e-03,-7.571920085173399206e-01,1.941075047804028131e+01,1.701343416805210396e+01,1.982803234313860585e+01,-3.202843174085944766e-01,-3.331903599619812084e-01,-5.485097035058471571e-01,-3.127961960037239919e-01,1.820649242076489926e+01
1.928450167071830990e+01,1.941422776829126562e+01,1.917400196765441933e+01,1.801155229946335012e+01,1.891690377493894815e+01,1.865779387748485263e+01,5.460775133752631127e+00,1.198023175132802674e-03,1.955123112194090851e+01,1.892211187483780677e+01,1.986329924239591094e+01,2.455544619867660039e+00,1.872141649483460668e+01,4.818718757211096770e-01,3.577227038550304661e-01,4.238325117862373204e-01,1.487877757181600202e+01,6.317272018778519538e+01,1.872498915553895671e+01,1.935090894174517473e+01,1.897763591009842443e+01,2.194463093807504928e-01,7.078946391224076873e-01,3.836393372633638554e-01,1.618984118342082779e-01,-9.183539127110269540e-01,2.118064532583333204e+01,1.912604247827587756e+01,1.857776036982441781e+01,1.642539245289410843e+01,-1.707953160095431855e+00,-5.248336211484307956e-01,-3.787993088516436457e-01,-5.685721759242531315e-01,5.014298889835234085e+00,-3.163755275656306321e+00,1.931376930490029764e+01,1.831037161791635981e+01,1.877882205972442975e+01,2.332844661176189405e+01,4.770444851878620796e+01,2.822521837487954044e-01,-1.918030197058154807e-01,-6.073469379642123522e-01,-7.433408243364442169e-01,-1.795556754881354744e-01,7.033355073193972018e-01,-2.089691249511737325e+01,1.915267364307820586e+01,1.721882363377790170e+01,1.881684180047485100e+01,1.858158480503409749e+01,-3.262307489944256123e-01,-1.826709130265436132e+00,-7.685156210966462287e-02,1.652968379960891021e-01,-1.007596546288536121e-01,3.509648778314808926e-01,1.865787633923549649e+01,1.879907225086855149e+01,2.282052501068430672e+01,1.871559943542576576e+01,7.848827822818019717e-01,2.031734701521682035e-02,-6.533125115130521410e-01,-1.172815728295538706e-01,3.521838214745753870e-01,1.954057272492396891e+01,1.879692296696143217e+01,1.893854969145151657e+01,1.922359516772005605e+01,-9.505918553952339423e+00,-5.661801755148914150e-01,-6.686354484403078668e-01,3.880695211376754550e-01,-1.374660625309938045e+00,2.040852744155288434e+01,1.882888320413939454e+01,1.864207410159002976e+01,-1.295305651846591743e+00,2.316955154130493355e+00,-3.645656810412466892e-03,-7.571920085173399206e-01,1.941075047804028131e+01,1.700086894333875520e+01,1.982803234313860585e+01,-3.202843174085944766e-01,-3.331903599619812084e-01,-5.485097035058471571e-01,-3.127961960037239919e-01,1.820649242076489926e+01
1.928278524292930385e+01,1.941422776829126562e+01,1.917400196765441933e+01,1.801155229946335012e+01,1.891690377493894815e+01,1.865779387748485263e+01,5.460775133752631127e+00,1.198023175132802674e-03,1.955123112194090851e+01,1.892211187483780677e+01,1.986329924239591094e+01,2.455544619867660039e+00,1.872141649483460668e+01,4.818718757211096770e-01,3.577227038550304661e-01,4.238325117862373204e-01,1.487877757181600202e+01,6.317272018778519538e+01,1.872498915553895671e+01,1.935090894174517473e+01,1.897763591009842443e+01,2.160522727456716530e-01,7.660760142839184716e-01,3.836393372633638554e-01,1.602078506508886613e-01,-9.183539127110269540e-01,2.118018672020000537e+01,1.912604247827587756e+01,1.857776036982441781e+01,1.642539245289410843e+01,-1.707300826131303628e+00,-5.248336211484307956e-01,-3.787993088516436457e-01,-5.685721759242531315e-01,5.014298889835234085e+00,-3.163755275656306321e+00,1.931376930490029764e+01,1.831037161791635981e+01,1.877882205972442975e+01,2.332844661176189405e+01,4.770444851878620796e+01,2.822521837487954044e-01,-1.918030197058154807e-01,-6.073469379642123522e-01,-7.433408243364442169e-01,-1.795556754881354744e-01,7.033355073193972018e-01,-2.089691249511737325e+01,1.915267364307820586e+01,1.721987368309552124e+01,1.881684180047485100e+01,1.858158480503409749e+01,-3.262307489944256123e-01,-1.826709130265436132e+00,-7.685156210966462287e-02,1.652968379960891021e-01,-1.007596546288536121e-01,3.509648778314808926e-01,1.865787633923549649e+01,1.879907225086855149e+01,2.282052501068430672e+01,1.871559943542576576e+01,7.848827822818019717e-01,2.031734701521682035e-02,-6.533125115130521410e-01,-1.172815728295538706e-01,3.521838214745753870e-01,1.953882903457562037e+01,1.879692296696143217e+01,1.893854969145151657e+01,1.922359516772005605e+01,-9.505918553952339423e+00,-5.661801755148914150e-01,-6.686354484403078668e-01,3.880695211376754550e-01,-1.374660625309938045e+00,2.040852744155288434e+01,1.882888320413939454e+01,1.864207410159002976e+01,-1.295305651846591743e+00,2.316955154130493355e+00,-3.645656810412466892e-03,-7.571920085173399206e-01,1.941075047804028131e+01,1.700086894333875520e+01,1.982803234313860585e+01,-3.202843174085944766e-01,-3.331903599619812084e-01,-5.493983117713246989e-01,-3.127961960037239919e-01,1.820649242076489926e+01
1.928278524292930385e+01,1.941422776829126562e+01,1.917400196765441933e+01,1.801155229946335012e+01,1.891690377493894815e+01,1.865779387748485263e+01,5.460775133752631127e+00,1.198023175132802674e-03,1.955123112194090851e+01,1.892211187483780677e+01,1.986329924239591094e+01,2.455544619867660039e+00,1.872141649483460668e+01,4.818718757211096770e-01,3.577227038550304661e-01,4.238325117862373204e-01,1.487877757181600202e+01,6.317272018778519538e+01,1.872498915553895671e+01,1.935695842534960676e+01,1.897763591009842443e+01,2.160522727456716530e-01,7.660760142839184716e-01,3.836393372633638554e-01,1.602078506508886613e-01,-9.183539127110269540e-01,2.118018672020000537e+01,1.912871297865512688e+01,1.857776036982441781e+01,1.642539245289410843e+01,-1.707300826131303628e+00,-4.314916935173301882e-01,-3.787993088516436457e-01,-5.685721759242531315e-01,5.014298889835234085e+00,-3.163755275656306321e+00,1.931376930490029764e+01,1.831037161791635981e+01,1.877882205972442975e+01,2.332844661176189405e+01,4.770444851878620796e+01,2.884226786406374199e-01,-1.918030197058154807e-01,-6.073469379642123522e-01,-7.433408243364442169e-01,-1.795556754881354744e-01,7.033355073193972018e-01,-2.089691249511737325e+01,1.915267364307820586e+01,1.721987368309552124e+01,1.881684180047485100e+01,1.858158480503409749e+01,-3.262307489944256123e-01,-1.826709130265436132e+00,-7.685156210966462287e-02,1.467674745219315624e-01,-1.007596546288536121e-01,3.509648778314808926e-01,1.865787633923549649e+01,1.879907225086855149e+01,2.282184888127896727e+01,1.871559943542576576e+01,7.848827822818019717e-01,2.031734701521682035e-02,-6.553599956381523928e-01,-1.172815728295538706e-01,3.521838214745753870e-01,1.953882903457562037e+01,1.879692296696143217e+01,1.893854969145151657e+01,1.922359516772005605e+01,-9.505918553952339423e+00,-5.661801755148914150e-01,-6.686354484403078668e-01,3.880695211376754550e-01,-1.374660625309938045e+00,2.040852744155288434e+01,1.882888320413939454e+01,1.864207410159002976e+01,-1.297407569107480896e+00,2.316955154130493355e+00,-3.645656810412466892e-03,-7.571920085173399206e-01,1.941075047804028131e+01,1.699965902069914137e+01,1.982803234313860585e+01,-3.202843174085944766e-01,-3.331903599619812084e-01,-5.493983117713246989e-01,-3.127961960037239919e-01,1.820649242076489926e+01
1.928278524292930385e+01,1.941321725432778322e+01,1.917400196765441933e+01,1.801155229946335012e+01,1.891690377493894815e+01,1.865644834447515166e+01,5.460775133752631127e+00,1.198023175132802674e-03,1.955123112194090851e+01,1.892211187483780677e+01,1.986329924239591094e+01,2.455544619867660039e+00,1.872141649483460668e+01,4.818718757211096770e-01,3.577227038550304661e-01,4.238325117862373204e-01,1.487877757181600202e+01,6.317272018778519538e+01,1.872498915553895671e+01,1.935695842534960676e+01,1.897763591009842443e+01,2.160522727456716530e-01,7.660760142839184716e-01,3.836393372633638554e-01,1.602078506508886613e-01,-9.183539127110269540e-01,2.118018672020000537e+01,1.912871297865512688e+01,1.857776036982441781e+01,1.642539245289410843e+01,-1.707300826131303628e+00,-4.314916935173301882e-01,-3.787993088516436457e-01,-5.685721759242531315e-01,5.014298889835234085e+00,-3.163755275656306321e+00,1.931376930490029764e+01,1.830876701517812322e+01,1.877882205972442975e+01,2.332933849692947348e+01,4.770444851878620796e+01,2.884226786406374199e-01,-1.918030197058154807e-01,-6.073469379642123522e-01,-7.421693734714751578e-01,-1.795556754881354744e-01,7.033355073193972018e-01,-2.089691249511737325e+01,1.915144324296354839e+01,1.721987368309552124e+01,1.881504973041197815e+01,1.858158480503409749e+01,-3.262307489944256123e-01,-1.826709130265436132e+00,-7.685156210966462287e-02,1.467674745219315624e-01,-1.007596546288536121e-01,3.509648778314808926e-01,1.865787633923549649e+01,1.879907225086855149e+01,2.282184888127896727e+01,1.871962557933061788e+01,7.848827822818019717e-01,2.031734701521682035e-02,-6.553599956381523928e-01,-1.172815728295538706e-01,3.521838214745753870e-01,1.953882903457562037e+01,1.879692296696143217e+01,1.893854969145151657e+01,1.922359516772005605e+01,-9.505918553952339423e+00,-5.661801755148914150e-01,-6.686354484403078668e-01,3.880695211376754550e-01,-1.374660625309938045e+00,2.040852744155288434e+01,1.882888320413939454e+01,1.864207410159002976e+01,-1.297407569107480896e+00,2.316955154130493355e+00,-3.645656810412466892e-03,-7.571920085173399206e-01,1.941213182917127966e+01,1.699965902069914137e+01,1.982803234313860585e+01,-3.202843174085944766e-01,-3.331903599619812084e-01,-5.493983117713246989e-01,-3.127961960037239919e-01,1.820649242076489926e+01
1.928278524292930385e+01,1.941321725432778322e+01,1.917400196765441933e+01,1.801155229946335012e+01,1.891690377493894815e+01,1.865644834447515166e+01,5.460775133752631127e+00,1.198023175132802674e-03,1.955123112194090851e+01,1.892211187483780677e+01,1.986329924239591094e+01,2.550714614331987651e+00,1.872141649483460668e+01,4.818718757211096770e-01,3.577227038550304661e-01,4.320764265800038917e-01,1.487815447888307929e+01,6.317272018778519538e+01,1.872498915553895671e+01,1.935695842534960676e+01,1.897763591009842443e+01,2.160522727456716530e-01,7.660760142839184716e-01,3.832551267135467787e-01,1.602078506508886613e-01,-9.183539127110269540e-01,2.118018672020000537e+01,1.912871297865512688e+01,1.857776036982441781e+01,1.642539245289410843e+01,-1.707300826131303628e+00,-4.314916935173301882e-01,-3.787993088516436457e-01,-5.685721759242531315e-01,5.014005246342795097e+00,-3.163755275656306321e+00,1.931376930490029764e+01,1.830876701517812322e+01,1.878934390669248700e+01,2.332933849692947348e+01,4.770444851878620796e+01,2.884226786406374199e-01,-1.918030197058154807e-01,-6.073469379642123522e-01,-7.421693734714751578e-01,-1.813772063719538419e-01,7.033355073193972018e-01,-2.089691249511737325e+01,1.915144324296354839e+01,1.721987368309552124e+01,1.881504973041197815e+01,1.858158480503409749e+01,-3.262307489944256123e-01,-1.826314498367190398e+00,-7.685156210966462287e-02,1.467674745219315624e-01,-1.007596546288536121e-01,3.509648778314808926e-01,1.865787633923549649e+01,1.879907225086855149e+01,2.282184888127896727e+01,1.871962557933061788e+01,7.848827822818019717e-01,2.031734701521682035e-02,-6.553599956381523928e-01,-1.172815728295538706e-01,3.521838214745753870e-01,1.953882903457562037e+01,1.879692296696143217e+01,1.893854969145151657e+01,1.922359516772005605e+01,-9.505918553952339423e+00,-5.661801755148914150e-01,-6.686354484403078668e-01,3.880695211376754550e-01,-1.374660625309938045e+00,2.040852744155288434e+01,1.882888320413939454e+01,1.864308433990564495e+01,-1.297407569107480896e+00,2.316955154130493355e+00,-3.645656810412466892e-03,-7.571920085173399206e-01,1.941213182917127966e+01,1.699965902069914137e+01,1.982803234313860585e+01,-3.202843174085944766e-01,-3.331903599619812084e-01,-5.493983117713246989e-01,-3.127961960037239919e-01,1.820649242076489926e+01
1.928278524292930385e+01,1.941321725432778322e+01,1.917400196765441933e+01,1.801731983221146294e+01,1.891690377493894815e+01,1.865644834447515166e+01,5.460775133752631127e+00,1.198023175132802674e-03,1.955123112194090851e+01,1.892501102992158124e+01,1.986329924239591094e+01,2.550714614331987651e+00,1.872590908007736132e+01,4.818718757211096770e-01,3.577227038550304661e-01,4.320764265800038917e-01,1.487815447888307929e+01,6.317272018778519538e+01,1.872498915553895671e+01,1.935695842534960676e+01,1.898425279323274140e+01,2.160522727456716530e-01,7.660760142839184716e-01,3.832551267135467787e-01,1.602078506508886613e-01,-9.183539127110269540e-01,2.118018672020000537e+01,1.912871297865512688e+01,1.857776036982441781e+01,1.642539245289410843e+01,-1.707300826131303628e+00,-4.314916935173301882e-01,-3.787993088516436457e-01,-5.685721759242531315e-01,5.014005246342795097e+00,-3.163755275656306321e+00,1.931376930490029764e+01,1.830876701517812322e+01,1.878934390669248700e+01,2.332933849692947348e+01,4.770444851878620796e+01,2.884226786406374199e-01,-1.918030197058154807e-01,-6.039512587896586071e-01,-7.421693734714751578e-01,-1.813772063719538419e-01,6.986481221990736845e-01,-2.089691249511737325e+01,1.915144324296354839e+01,1.721987368309552124e+01,1.881504973041197815e+01,1.858158480503409749e+01,-3.262307489944256123e-01,-1.826314498367190398e+00,-7.685156210966462287e-02,1.467674745219315624e-01,-1.007596546288536121e-01,3.509648778314808926e-01,1.865787633923549649e+01,1.879907225086855149e+01,2.282184888127896727e+01,1.871962557933061788e+01,7.848827822818019717e-01,2.031734701521682035e-02,-6.553599956381523928e-01,-1.172815728295538706e-01,3.521838214745753870e-01,1.953882903457562037e+01,1.879692296696143217e+01,1.893854969145151657e+01,1.920845149270710550e+01,-9.514213805242107469e+00,-5.661801755148914150e-01,-6.686354484403078668e-01,3.880695211376754550e-01,-1.374660625309938045e+00,2.040852744155288434e+01,1.882406535892897992e+01,1.864308433990564495e+01,-1.297407569107480896e+00,2.316955154130493355e+00,-3.645656810412466892e-03,-7.571920085173399206e-01,1.941213182917127966e+01,1.699965902069914137e+01,1.982803234313860585e+01,-3.202843174085944766e-01,-3.331903599619812084e-01,-5.493983117713246989e-01,-3.127961960037239919e-01,1.820649242076489926e+01
1.928278524292930385e+01,1.941321725432778322e+01,1.917400196765441933e+01,1.801731983221146294e+01,1.891690377493894815e+01,1.865644834447515166e+01,5.460775133752631127e+00,1.198023175132802674e-03,1.955123112194090851e+01,1.892501102992158124e+01,1.986329924239591094e+01,2.550714614331987651e+00,1.872590908007736132e+01,4.801295467954556639e-01,3.577227038550304661e-01,4.320764265800038917e-01,1.487815447888307929e+01,6.317272018778519538e+01,1.872498915553895671e+01,1.935695842534960676e+01,1.898425279323274140e+01,2.160522727456716530e-01,7.660760142839184716e-01,3.832551267135467787e-01,1.602078506508886613e-01,-9.171007952657341811e-01,2.118018672020000537e+01,1.912871297865512688e+01,1.857776036982441781e+01,1.642463507313533100e+01,-1.707300826131303628e+00,-4.314916935173301882e-01,-3.787993088516436457e-01,-5.685721759242531315e-01,5.014005246342795097e+00,-3.163755275656306321e+00,1.931376930490029764e+01,1.830876701517812322e+01,1.878934390669248700e+01,2.332933849692947348e+01,4.770480433296468448e+01,2.884226786406374199e-01,-1.918030197058154807e-01,-6.039512587896586071e-01,-7.421693734714751578e-01,-1.813772063719538419e-01,6.986481221990736845e-01,-2.089691249511737325e+01,1.915144324296354839e+01,1.721987368309552124e+01,1.881504973041197815e+01,1.858158480503409749e+01,-3.262307489944256123e-01,-1.826314498367190398e+00,-7.685156210966462287e-02,1.467674745219315624e-01,-1.007596546288536121e-01,3.532141258127398098e-01,1.865787633923549649e+01,1.879907225086855149e+01,2.282184888127896727e+01,1.871962557933061788e+01,7.848827822818019717e-01,2.031734701521682035e-02,-6.553599956381523928e-01,-1.172815728295538706e-01,3.521838214745753870e-01,1.953882903457562037e+01,1.879692296696143217e+01,1.894024004986557586e+01,1.920845149270710550e+01,-9.514213805242107469e+00,-5.661801755148914150e-01,-6.686354484403078668e-01,3.880695211376754550e-01,-1.374660625309938045e+00,2.040852744155288434e+01,1.882406535892897992e+01,1.864308433990564495e+01,-1.297407569107480896e+00,2.311594205883189979e+00,-4.260037585137726839e-03,-7.568785857639970249e-01,1.941213182917127966e+01,1.699965902069914137e+01,1.982803234313860585e+01,-3.202843174085944766e-01,-3.331903599619812084e-01,-5.493983117713246989e-01,-3.127961960037239919e-01,1.820649242076489926e+01
1.928278524292930385e+01,1.941321725432778322e+01,1.917400196765441933e+01,1.801731983221146294e+01,1.891690377493894815e+01,1.865644834447515166e+01,5.455916647759912586e+00,1.198023175132802674e-03,1.955123112194090851e+01,1.892501102992158124e+01,1.986329924239591094e+01,2.550714614331987651e+00,1.872590908007736132e+01,4.801295467954556639e-01,3.577227038550304661e-01,4.320764265800038917e-01,1.487815447888307929e+01,6.317272018778519538e+01,1.872498915553895671e+01,1.935695842534960676e+01,1.898425279323274140e+01,2.160522727456716530e-01,7.660760142839184716e-01,3.832551267135467787e-01,1.602078506508886613e-01,-9.171007952657341811e-01,2.118018672020000537e+01,1.912871297865512688e+01,1.857776036982441781e+01,1.642463507313533100e+01,-1.707300826131303628e+00,-4.314916935173301882e-01,-3.800456069722575880e-01,-5.691907007265447627e-01,5.014005246342795097e+00,-3.163755275656306321e+00,1.931376930490029764e+01,1.830876701517812322e+01,1.878934390669248700e+01,2.332933849692947348e+01,4.770480433296468448e+01,2.884226786406374199e-01,-1.880717677832920987e-01,-6.039512587896586071e-01,-7.421693734714751578e-01,-1.813772063719538419e-01,6.986481221990736845e-01,-2.089691249511737325e+01,1.915144324296354839e+01,1.721987368309552124e+01,1.881504973041197815e+01,1.858158480503409749e+01,-3.262307489944256123e-01,-1.826314498367190398e+00,-6.977266801775808269e-02,1.467674745219315624e-01,-1.035440221324626792e-01,3.532141258127398098e-01,1.865787633923549649e+01,1.879907225086855149e+01,2.282184888127896727e+01,1.871962557933061788e+01,7.848827822818019717e-01,1.151251863989298865e-02,-6.553599956381523928e-01,-1.172815728295538706e-01,3.521838214745753870e-01,1.953882903457562037e+01,1.879692296696143217e+01,1.894024004986557586e+01,1.920845149270710550e+01,-9.514213805242107469e+00,-5.661801755148914150e-01,-6.686354484403078668e-01,3.838601322593942489e-01,-1.374660625309938045e+00,2.040852744155288434e+01,1.882406535892897992e+01,1.864308433990564495e+01,-1.297407569107480896e+00,2.311594205883189979e+00,-4.260037585137726839e-03,-7.568785857639970249e-01,1.941213182917127966e+01,1.699965902069914137e+01,1.982940051504701628e+01,-3.202843174085944766e-01,-3.331903599619812084e-01,-5.493983117713246989e-01,-3.127961960037239919e-01,1.820649242076489926e+01
1.928278524292930385e+01,1.941321725432778322e+01,1.910467363937781471e+01,1.801731983221146294e+01,1.891690377493894815e+01,1.865644834447515166e+01,5.455916647759912586e+00,1.198023175132802674e-03,1.955123112194090851e+01,1.892501102992158124e+01,1.986329924239591094e+01,2.550714614331987651e+00,1.872590908007736132e+01,4.801295467954556639e-01,4.162475909020429965e-01,4.320764265800038917e-01,1.487815447888307929e+01,6.328531335897584142e+01,1.863330158458354191e+01,1.935695842534960676e+01,1.898425279323274140e+01,2.160522727456716530e-01,7.660760142839184716e-01,3.832551267135467787e-01,1.602078506508886613e-01,-9.171007952657341811e-01,2.118018672020000537e+01,1.912871297865512688e+01,1.857776036982441781e+01,1.642463507313533100e+01,-1.707300826131303628e+00,-4.314916935173301882e-01,-3.800456069722575880e-01,-5.691907007265447627e-01,5.014005246342795097e+00,-3.434878593600438457e+00,1.923809777750182803e+01,1.830876701517812322e+01,1.878934390669248700e+01,2.332933849692947348e+01,4.770480433296468448e+01,2.884226786406374199e-01,-1.880717677832920987e-01,-6.039512587896586071e-01,-7.421693734714751578e-01,-1.813772063719538419e-01,6.986481221990736845e-01,-2.089691249511737325e+01,1.915144324296354839e+01,1.721987368309552124e+01,1.881504973041197815e+01,1.858158480503409749e+01,-2.837418395308849428e-01,-1.826314498367190398e+00,-6.977266801775808269e-02,1.467674745219315624e-01,-1.035440221324626792e-01,3.532141258127398098e-01,1.858440983796548807e+01,1.879907225086855149e+01,2.282184888127896727e+01,1.871962557933061788e+01,7.848827822818019717e-01,1.151251863989298865e-02,-6.553599956381523928e-01,-1.172815728295538706e-01,3.521838214745753870e-01,1.953882903457562037e+01,1.879692296696143217e+01,1.894024004986557586e+01,1.920845149270710550e+01,-9.514213805242107469e+00,-5.661801755148914150e-01,-6.686354484403078668e-01,3.838601322593942489e-01,-1.374660625309938045e+00,2.040852744155288434e+01,1.882406535892897992e+01,1.864308433990564495e+01,-1.297407569107480896e+00,2.311594205883189979e+00,-4.260037585137726839e-03,-7.568785857639970249e-01,1.941213182917127966e+01,1.699965902069914137e+01,1.982940051504701628e+01,-3.202843174085944766e-01,-3.331903599619812084e-01,-5.493983117713246989e-01,2.005868615689864187e-01,1.820649242076489926e+01
1.928278524292930385e+01,1.941321725432778322e+01,1.910467363937781471e+01,1.801731983221146294e+01,1.889887889217531480e+01,1.865644834447515166e+01,5.455916647759912586e+00,1.198023175132802674e-03,1.955123112194090851e+01,1.892501102992158124e+01,1.985978892929071549e+01,2.550714614331987651e+00,1.872590908007736132e+01,4.801295467954556639e-01,4.162475909020429965e-01,4.320764265800038917e-01,1.487815447888307929e+01,6.328531335897584142e+01,1.863330158458354191e+01,1.935695842534960676e+01,1.898425279323274140e+01,2.160522727456716530e-01,7.660760142839184716e-01,3.832551267135467787e-01,1.602078506508886613e-01,-9.171007952657341811e-01,2.118018672020000537e+01,1.912871297865512688e+01,1.857501046948009460e+01,1.642463507313533100e+01,-1.707300826131303628e+00,-4.314916935173301882e-01,-3.800456069722575880e-01,-5.691907007265447627e-01,5.014005246342795097e+00,-3.434878593600438457e+00,1.923809777750182803e+01,1.830876701517812322e+01,1.878934390669248700e+01,2.332933849692947348e+01,4.770480433296468448e+01,2.884226786406374199e-01,-1.880717677832920987e-01,-6.039512587896586071e-01,-7.421693734714751578e-01,-1.813772063719538419e-01,6.986481221990736845e-01,-2.089691249511737325e+01,1.915144324296354839e+01,1.721987368309552124e+01,1.881504973041197815e+01,1.858158480503409749e+01,-2.837418395308849428e-01,-1.826314498367190398e+00,-6.977266801775808269e-02,1.467674745219315624e-01,-1.035440221324626792e-01,3.532141258127398098e-01,1.858440983796548807e+01,1.883814962089181932e+01,2.282184888127896727e+01,1.871962557933061788e+01,7.972711550146809323e-01,1.151251863989298865e-02,-6.553599956381523928e-01,-1.115825041958049130e-01,3.455386548069328545e-01,1.953882903457562037e+01,1.879692296696143217e+01,1.894024004986557586e+01,1.920845149270710550e+01,-9.514213805242107469e+00,-5.661801755148914150e-01,-6.686354484403078668e-01,3.838601322593942489e-01,-1.374660625309938045e+00,2.040852744155288434e+01,1.882406535892897992e+01,1.864308433990564495e+01,-1.297407569107480896e+00,2.311594205883189979e+00,-4.260037585137726839e-03,-7.568785857639970249e-01,1.941213182917127966e+01,1.699965902069914137e+01,1.982940051504701628e+01,-3.240894875464613856e-01,-3.331903599619812084e-01,-5.493983117713246989e-01,2.005868615689864187e-01,1.821531200512904647e+01
1.928278524292930385e+01,1.941321725432778322e+01,1.910467363937781471e+01,1.801731983221146294e+01,1.889887889217531480e+01,1.865644834447515166e+01,5.455916647759912586e+00,7.548359875601603521e-03,1.954849930881101727e+01,1.892501102992158124e+01,1.985978892929071549e+01,2.550714614331987651e+00,1.872590908007736132e+01,4.801295467954556639e-01,4.162475909020429965e-01,4.320764265800038917e-01,1.487815447888307929e+01,6.328531335897584142e+01,1.863330158458354191e+01,1.935695842534960676e+01,1.898425279323274140e+01,2.160522727456716530e-01,7.660760142839184716e-01,3.832551267135467787e-01,1.602078506508886613e-01,-9.171007952657341811e-01,2.118018672020000537e+01,1.912871297865512688e+01,1.857501046948009460e+01,1.642463507313533100e+01,-1.707300826131303628e+00,-4.314916935173301882e-01,-3.800456069722575880e-01,-5.691907007265447627e-01,5.014005246342795097e+00,-3.434878593600438457e+00,1.923809777750182803e+01,1.830876701517812322e+01,1.878934390669248700e+01,2.332933849692947348e+01,4.770480433296468448e+01,2.884226786406374199e-01,-1.880717677832920987e-01,-6.039512587896586071e-01,-7.421693734714751578e-01,-1.813772063719538419e-01,6.986481221990736845e-01,-2.090213429887944230e+01,1.915144324296354839e+01,1.721987368309552124e+01,1.881504973041197815e+01,1.858030122223300751e+01,-2.837418395308849428e-01,-1.826314498367190398e+00,-6.977266801775808269e-02,1.467674745219315624e-01,-1.035440221324626792e-01,3.532141258127398098e-01,1.858440983796548807e+01,1.883814962089181932e+01,2.282184888127896727e+01,1.871962557933061788e+01,7.972711550146809323e-01,1.151251863989298865e-02,-6.553599956381523928e-01,-1.115825041958049130e-01,3.455386548069328545e-01,1.953882903457562037e+01,1.880731788403679516e+01,1.894024004986557586e+01,1.920845149270710550e+01,-9.514213805242107469e+00,-5.514411730079584739e-01,-6.646877737152312449e-01,3.838601322593942489e-01,-1.366778154099399289e+00,2.040246365784594929e+01,1.882406535892897992e+01,1.864308433990564495e+01,-1.297407569107480896e+00,2.311594205883189979e+00,-4.260037585137726839e-03,-7.568785857639970249e-01,1.941213182917127966e+01,1.699965902069914137e+01,1.982940051504701628e+01,-3.240894875464613856e-01,-3.320787850310361056e-01,-5.493983117713246989e-01,2.005868615689864187e-01,1.821531200512904647e+01
1.926397907445653601e+01,1.941578064074847276e+01,1.917949616474518137e+01,1.809122101556060969e+01,1.890421476167735904e+01,1.822560911766704805e+01,5.656792523524135419e+00,1.545106225034308112e-02,1.954122337258231212e+01,1.887079414567206115e+01,1.947902429336958363e+01,2.159240519809798364e+00,1.678166025625450075e+01,3.599069787519049157e-02,7.304536140433216529e-01,2.678264155488484510e-01,1.642832685400729176e+01,6.314080631882988826e+01,1.897903847216282358e+01,1.944177148202500405e+01,1.881556020742591429e+01,2.993581971867902980e-01,7.695467895075324138e-01,3.365048155181694089e-01,1.699851390790800831e-01,-7.809860210378083423e-02,2.146879781000812670e+01,1.920099275385208770e+01,1.865328870670657935e+01,1.655537916172824353e+01,-1.677228121030756691e+00,-6.656895773421009910e-01,-3.691944648636512616e-01,-6.048760723320146804e-01,5.051327580775085480e+00,-3.177685831159489549e+00,1.417767880915343426e+01,1.898709518940665220e+01,1.781060772504693546e+01,2.313598349488090378e+01,1.871781509399218635e+01,2.943253402436196153e-01,-1.721882069528678783e-01,-7.266280064549167639e-01,-4.813381926039686509e-02,-1.551897198293627766e-01,5.280049665288215621e-01,-2.089670165061655993e+01,1.910719545434300315e+01,1.917748177447110436e+01,1.882385953803474976e+01,1.843720690411744911e+01,-3.578552026905121863e-01,-1.863691504013207156e+00,-7.498730849340541627e-02,1.730678787249625150e-01,-1.047920109138593403e-01,4.794016376154096037e-01,1.864203055510343887e+01,1.875940499272044804e+01,2.284052225330750119e+01,1.920921645189065785e+01,7.416872646000975955e-01,6.370780968002548450e-01,-6.154461191598254999e-01,-2.091161900787798511e-01,4.998544259699658210e-03,1.961579861175651374e+01,1.798353304292858468e+01,1.877233823492882436e+01,1.976730256466434099e+01,-9.506649350881614779e+00,-5.943015993500843086e-01,-9.141853090301188534e-01,3.846279949183594171e-01,-1.373301756623115821e+00,1.962770771425467586e+01,1.978019401421032697e+01,1.899583603813728061e+01,-1.295117277015682911e+00,2.274542966970259261e+00,3.015984610153375073e-02,-5.192336632169759492e-01,1.940519545476059093e+01,1.655384508563173895e+01,1.981741771831980969e+01,-3.244460485137393713e-01,-6.772798358783302386e-02,-2.673697240293475552e-01,-2.805733565611991387e-01,1.872429703626420761e+01
1.882473224350815855e+01,1.941578064074847276e+01,1.917949616474518137e+01,1.809122101556060969e+01,1.890421476167735904e+01,1.822560911766704805e+01,5.656792523524135419e+00,1.545106225034308112e-02,1.954122337258231212e+01,1.887079414567206115e+01,1.947902429336958363e+01,2.159240519809798364e+00,1.678166025625450075e+01,3.599069787519049157e-02,7.304536140433216529e-01,2.678264155488484510e-01,1.642832685400729176e+01,6.314080631882988826e+01,1.897903847216282358e+01,1.944177148202500405e+01,1.881556020742591429e+01,2.993581971867902980e-01,7.695467895075324138e-01,-3.306695719201929506e+00,1.699851390790800831e-01,-7.809860210378083423e-02,2.146879781000812670e+01,1.920099275385208770e+01,1.865328870670657935e+01,1.655537916172824353e+01,-1.677228121030756691e+00,-6.656895773421009910e-01,-3.691944648636512616e-01,-6.048760723320146804e-01,5.051327580775085480e+00,-3.177685831159489549e+00,1.417767880915343426e+01,1.898709518940665220e+01,1.781060772504693546e+01,2.313598349488090378e+01,1.871781509399218635e+01,2.943253402436196153e-01,-1.721882069528678783e-01,-7.266280064549167639e-01,-4.813381926039686509e-02,-1.551897198293627766e-01,5.280049665288215621e-01,-2.089670165061655993e+01,2.007427513020857646e+01,1.917748177447110436e+01,1.882385953803474976e+01,1.843720690411744911e+01,-3.578552026905121863e-01,-1.728396293616877299e+00,-7.498730849340541627e-02,1.730678787249625150e-01,-1.047920109138593403e-01,4.794016376154096037e-01,1.864203055510343887e+01,1.856870457091510929e+01,2.284052225330750119e+01,1.920921645189065785e+01,7.416872646000975955e-01,6.370780968002548450e-01,-6.154461191598254999e-01,1.805873772499811070e+00,4.998544259699658210e-03,1.961579861175651374e+01,1.798353304292858468e+01,1.877233823492882436e+01,1.976730256466434099e+01,-9.506649350881614779e+00,-5.943015993500843086e-01,-9.141853090301188534e-01,3.846279949183594171e-01,-1.373301756623115821e+00,1.941523139596958458e+01,1.978019401421032697e+01,1.899583603813728061e+01,-1.295117277015682911e+00,2.274542966970259261e+00,3.015984610153375073e-02,-5.192336632169759492e-01,1.940519545476059093e+01,1.655384508563173895e+01,1.981741771831980969e+01,-4.670214232266707288e-01,-6.772798358783302386e-02,-2.673697240293475552e-01,-2.805733565611991387e-01,1.868490170741040046e+01
1.882473224350815855e+01,1.941578064074847276e+01,1.917949616474518137e+01,1.809122101556060969e+01,1.890421476167735904e+01,1.822560911766704805e+01,5.656792523524135419e+00,1.545106225034308112e-02,1.910086342706937046e+01,1.887079414567206115e+01,1.941656450028203196e+01,2.159240519809798364e+00,1.678166025625450075e+01,3.599069787519049157e-02,7.304536140433216529e-01,2.678264155488484510e-01,1.642832685400729176e+01,6.324446082292786997e+01,1.897903847216282358e+01,1.944177148202500405e+01,1.881556020742591429e+01,2.993581971867902980e-01,1.573341394282699035e+00,-3.306695719201929506e+00,1.699851390790800831e-01,-7.809860210378083423e-02,2.146879781000812670e+01,1.920099275385208770e+01,1.865328870670657935e+01,1.655537916172824353e+01,-1.677228121030756691e+00,-6.656895773421009910e-01,-3.691944648636512616e-01,-6.048760723320146804e-01,5.051327580775085480e+00,-3.177685831159489549e+00,1.417767880915343426e+01,1.898709518940665220e+01,1.781060772504693546e+01,2.313598349488090378e+01,1.871781509399218635e+01,2.943253402436196153e-01,-1.721882069528678783e-01,-7.266280064549167639e-01,-1.934893544497503948e+00,-1.551897198293627766e-01,5.280049665288215621e-01,-2.080111969423106899e+01,2.007427513020857646e+01,1.917748177447110436e+01,1.886435469912724372e+01,1.843720690411744911e+01,-3.578552026905121863e-01,-1.728396293616877299e+00,-7.498730849340541627e-02,1.730678787249625150e-01,-1.047920109138593403e-01,4.794016376154096037e-01,1.864203055510343887e+01,1.856870457091510929e+01,2.284052225330750119e+01,1.920921645189065785e+01,7.416872646000975955e-01,6.370780968002548450e-01,-4.796321395359876005e-01,1.805873772499811070e+00,4.998544259699658210e-03,1.961579861175651374e+01,1.842121217976481518e+01,1.877233823492882436e+01,1.976730256466434099e+01,-9.506649350881614779e+00,-5.943015993500843086e-01,-9.141853090301188534e-01,3.846279949183594171e-01,-1.373301756623115821e+00,1.941523139596958458e+01,1.978019401421032697e+01,1.899583603813728061e+01,-1.295117277015682911e+00,2.274542966970259261e+00,3.015984610153375073e-02,-5.192336632169759492e-01,1.940519545476059093e+01,1.655384508563173895e+01,1.981741771831980969e+01,-4.670214232266707288e-01,-6.772798358783302386e-02,-2.673697240293475552e-01,-2.805733565611991387e-01,1.868490170741040046e+01
1.882473224350815855e+01,1.941578064074847276e+01,1.917949616474518137e+01,1.809122101556060969e+01,1.902097150152168226e+01,1.822560911766704805e+01,5.656792523524135419e+00,1.545106225034308112e-02,1.910086342706937046e+01,1.887079414567206115e+01,1.941656450028203196e+01,2.159240519809798364e+00,1.678166025625450075e+01,3.599069787519049157e-02,7.304536140433216529e-01,2.678264155488484510e-01,1.642832685400729176e+01,6.324446082292786997e+01,1.891025694892042708e+01,1.944177148202500405e+01,1.881556020742591429e+01,-2.090501731923427364e+00,1.573341394282699035e+00,-3.306695719201929506e+00,1.877663046619578724e-01,-7.809860210378083423e-02,2.146879781000812670e+01,1.920099275385208770e+01,1.864169299166817240e+01,1.655537916172824353e+01,-1.677228121030756691e+00,-6.656895773421009910e-01,-3.691944648636512616e-01,-6.048760723320146804e-01,5.051327580775085480e+00,-3.177685831159489549e+00,1.417767880915343426e+01,1.898709518940665220e+01,1.781060772504693546e+01,2.313598349488090378e+01,1.873298636935911787e+01,2.943253402436196153e-01,-1.721882069528678783e-01,-7.266280064549167639e-01,-1.934893544497503948e+00,-1.740749986237645763e-01,5.280049665288215621e-01,-2.080111969423106899e+01,2.007427513020857646e+01,1.917748177447110436e+01,1.886435469912724372e+01,1.843720690411744911e+01,-3.578552026905121863e-01,-1.728396293616877299e+00,-7.498730849340541627e-02,1.730678787249625150e-01,-1.047920109138593403e-01,4.794016376154096037e-01,1.864203055510343887e+01,1.856870457091510929e+01,2.284052225330750119e+01,1.920921645189065785e+01,7.416872646000975955e-01,6.370780968002548450e-01,-4.796321395359876005e-01,1.805873772499811070e+00,4.998544259699658210e-03,1.961579861175651374e+01,1.842121217976481518e+01,1.877233823492882436e+01,1.976730256466434099e+01,-9.506649350881614779e+00,-5.641506705488018580e-01,-9.141853090301188534e-01,3.846279949183594171e-01,-1.363926875373987713e+00,1.941523139596958458e+01,1.978019401421032697e+01,1.899583603813728061e+01,-1.295117277015682911e+00,2.274542966970259261e+00,3.015984610153375073e-02,-5.192336632169759492e-01,1.940519545476059093e+01,1.655384508563173895e+01,1.981741771831980969e+01,-4.670214232266707288e-01,-6.772798358783302386e-02,-2.673697240293475552e-01,-2.805733565611991387e-01,1.868490170741040046e+01
1.882473224350815855e+01,1.941578064074847276e+01,1.917949616474518137e+01,1.809122101556060969e+01,1.902097150152168226e+01,1.822560911766704805e+01,5.656792523524135419e+00,1.545106225034308112e-02,1.910086342706937046e+01,1.887079414567206115e+01,1.941656450028203196e+01,2.159240519809798364e+00,1.678166025625450075e+01,3.599069787519049157e-02,7.304536140433216529e-01,-1.210527987464582012e+00,1.642832685400729176e+01,6.324446082292786997e+01,1.891025694892042708e+01,1.944177148202500405e+01,1.881556020742591429e+01,-2.090501731923427364e+00,1.573341394282699035e+00,-3.306695719201929506e+00,1.877663046619578724e-01,-7.809860210378083423e-02,2.146879781000812670e+01,1.920099275385208770e+01,1.864169299166817240e+01,1.655537916172824353e+01,-1.677228121030756691e+00,-6.656895773421009910e-01,-3.691944648636512616e-01,-6.048760723320146804e-01,5.051327580775085480e+00,-3.177685831159489549e+00,1.417767880915343426e+01,1.898709518940665220e+01,1.781060772504693546e+01,2.313598349488090378e+01,1.873298636935911787e+01,2.943253402436196153e-01,-1.721882069528678783e-01,-7.266280064549167639e-01,-1.934893544497503948e+00,-1.740749986237645763e-01,5.280049665288215621e-01,-2.080111969423106899e+01,2.007427513020857646e+01,1.917748177447110436e+01,1.886435469912724372e+01,1.843720690411744911e+01,-3.578552026905121863e-01,-1.728396293616877299e+00,-1.253513580760625690e-01,1.730678787249625150e-01,-1.047920109138593403e-01,4.794016376154096037e-01,1.864203055510343887e+01,1.856870457091510929e+01,2.284052225330750119e+01,1.920921645189065785e+01,7.416872646000975955e-01,6.370780968002548450e-01,-4.796321395359876005e-01,1.805873772499811070e+00,4.998544259699658210e-03,1.961579861175651374e+01,1.842121217976481518e+01,1.877233823492882436e+01,1.981089029254273726e+01,-9.793692215068396933e+00,-5.641506705488018580e-01,-1.126151742247792464e+00,3.846279949183594171e-01,-1.363926875373987713e+00,1.941523139596958458e+01,1.978019401421032697e+01,1.899583603813728061e+01,-1.390443060797024399e+00,2.274542966970259261e+00,3.015984610153375073e-02,-3.990319999533930018e-01,1.924224786473180160e+01,1.655384508563173895e+01,1.981741771831980969e+01,-4.670214232266707288e-01,-1.782821257255979841e-01,-2.673697240293475552e-01,-2.805733565611991387e-01,1.868490170741040046e+01
1.882473224350815855e+01,1.941578064074847276e+01,1.917949616474518137e+01,1.809122101556060969e+01,1.902097150152168226e+01,1.822560911766704805e+01,5.656792523524135419e+00,1.545106225034308112e-02,1.910086342706937046e+01,1.887079414567206115e+01,1.941656450028203196e+01,2.159240519809798364e+00,1.678166025625450075e+01,3.599069787519049157e-02,7.304536140433216529e-01,-1.210527987464582012e+00,1.642832685400729176e+01,6.324446082292786997e+01,1.891025694892042708e+01,1.944177148202500405e+01,1.858029601606874337e+01,-2.090501731923427364e+00,1.573341394282699035e+00,-3.306695719201929506e+00,1.877663046619578724e-01,-7.809860210378083423e-02,2.146879781000812670e+01,1.920099275385208770e+01,1.864169299166817240e+01,1.655537916172824353e+01,-1.677228121030756691e+00,-6.656895773421009910e-01,-3.691944648636512616e-01,-6.048760723320146804e-01,5.051327580775085480e+00,-2.963822600739503876e+00,1.417767880915343426e+01,1.898709518940665220e+01,1.781060772504693546e+01,2.313598349488090378e+01,1.873298636935911787e+01,2.943253402436196153e-01,-1.721882069528678783e-01,1.981842424213899001e+00,-1.934893544497503948e+00,-1.740749986237645763e-01,5.280049665288215621e-01,-2.080111969423106899e+01,2.007427513020857646e+01,1.917748177447110436e+01,1.886435469912724372e+01,1.843720690411744911e+01,-1.433946989082472701e-01,-1.728396293616877299e+00,-1.253513580760625690e-01,1.730678787249625150e-01,-1.047920109138593403e-01,4.794016376154096037e-01,1.864203055510343887e+01,1.856870457091510929e+01,2.284052225330750119e+01,1.766121717681503611e+01,7.416872646000975955e-01,6.370780968002548450e-01,-4.796321395359876005e-01,1.805873772499811070e+00,-1.195660627385791014e-01,1.961579861175651374e+01,1.842121217976481518e+01,1.877233823492882436e+01,1.981089029254273726e+01,-9.793692215068396933e+00,-5.641506705488018580e-01,-1.126151742247792464e+00,5.893377998990999567e-01,-1.363926875373987713e+00,1.941523139596958458e+01,1.978019401421032697e+01,1.928212650225939484e+01,-1.390443060797024399e+00,2.274542966970259261e+00,3.015984610153375073e-02,-3.990319999533930018e-01,1.924224786473180160e+01,1.655384508563173895e+01,1.981741771831980969e+01,-4.670214232266707288e-01,-1.782821257255979841e-01,-3.314229381314266476e-01,-2.805733565611991387e-01,1.868490170741040046e+01
1.882473224350815855e+01,1.941578064074847276e+01,1.917949616474518137e+01,1.809122101556060969e+01,1.902097150152168226e+01,1.822560911766704805e+01,5.725021585678475411e+00,1.545106225034308112e-02,1.910086342706937046e+01,1.887079414567206115e+01,1.941656450028203196e+01,2.159240519809798364e+00,1.678166025625450075e+01,3.599069787519049157e-02,6.020678013826705754e-01,-1.210527987464582012e+00,1.642832685400729176e+01,6.324446082292786997e+01,1.891025694892042708e+01,1.944177148202500405e+01,1.858029601606874337e+01,-2.090501731923427364e+00,1.573341394282699035e+00,-3.306695719201929506e+00,1.877663046619578724e-01,-1.143123553668306258e-01,2.146879781000812670e+01,1.920099275385208770e+01,1.864169299166817240e+01,1.655537916172824353e+01,-1.677228121030756691e+00,-6.656895773421009910e-01,-3.691944648636512616e-01,-6.048760723320146804e-01,5.051327580775085480e+00,-2.963822600739503876e+00,1.417767880915343426e+01,1.898709518940665220e+01,1.781060772504693546e+01,2.313598349488090378e+01,1.873298636935911787e+01,3.986770412574182076e-01,-2.808953082194467488e-01,1.981842424213899001e+00,-1.934893544497503948e+00,-1.740749986237645763e-01,5.280049665288215621e-01,-2.080111969423106899e+01,2.007427513020857646e+01,1.917748177447110436e+01,1.886435469912724372e+01,1.843720690411744911e+01,-1.433946989082472701e-01,-1.728396293616877299e+00,-1.253513580760625690e-01,1.730678787249625150e-01,-1.047920109138593403e-01,4.794016376154096037e-01,1.876108335544831718e+01,1.856870457091510929e+01,2.284052225330750119e+01,1.766121717681503611e+01,6.007803637754067783e-01,6.370780968002548450e-01,-4.796321395359876005e-01,1.805873772499811070e+00,-1.195660627385791014e-01,1.961579861175651374e+01,1.842121217976481518e+01,1.877233823492882436e+01,1.981089029254273726e+01,-9.793692215068396933e+00,-5.641506705488018580e-01,-1.126151742247792464e+00,5.893377998990999567e-01,-1.363926875373987713e+00,1.941523139596958458e+01,1.978019401421032697e+01,1.928212650225939484e+01,-1.390443060797024399e+00,2.274542966970259261e+00,8.032277228687439985e-02,-3.990319999533930018e-01,1.924224786473180160e+01,1.673905688399721470e+01,1.981741771831980969e+01,-4.670214232266707288e-01,-1.782821257255979841e-01,-3.314229381314266476e-01,-2.805733565611991387e-01,1.868490170741040046e+01
1.882473224350815855e+01,1.941578064074847276e+01,1.917949616474518137e+01,1.809122101556060969e+01,1.902097150152168226e+01,1.822560911766704805e+01,5.725021585678475411e+00,1.545106225034308112e-02,1.910086342706937046e+01,1.887079414567206115e+01,1.941656450028203196e+01,2.342471438776653869e+00,1.678166025625450075e+01,3.599069787519049157e-02,6.020678013826705754e-01,-1.210527987464582012e+00,1.642832685400729176e+01,6.324446082292786997e+01,1.891025694892042708e+01,1.944177148202500405e+01,1.858029601606874337e+01,-2.090501731923427364e+00,1.573341394282699035e+00,-3.306695719201929506e+00,1.877663046619578724e-01,-1.143123553668306258e-01,2.146879781000812670e+01,1.920099275385208770e+01,1.864169299166817240e+01,1.656328322257190777e+01,-1.662137938834970186e+00,-6.656895773421009910e-01,-3.691944648636512616e-01,-6.048760723320146804e-01,5.051327580775085480e+00,-2.963822600739503876e+00,1.417767880915343426e+01,1.898709518940665220e+01,1.781060772504693546e+01,2.313598349488090378e+01,1.873298636935911787e+01,3.986770412574182076e-01,-2.808953082194467488e-01,1.981842424213899001e+00,-1.934893544497503948e+00,-1.740749986237645763e-01,5.011044274852189950e-01,-2.080111969423106899e+01,2.007427513020857646e+01,1.919198687281335935e+01,1.886435469912724372e+01,1.843720690411744911e+01,-1.433946989082472701e-01,-1.728396293616877299e+00,-1.253513580760625690e-01,1.614325724922307248e-01,-9.550819150244849176e-02,4.794016376154096037e-01,1.876108335544831718e+01,1.856870457091510929e+01,2.284052225330750119e+01,1.766121717681503611e+01,6.007803637754067783e-01,6.370780968002548450e-01,-4.796321395359876005e-01,1.805873772499811070e+00,-1.195660627385791014e-01,1.961579861175651374e+01,1.842121217976481518e+01,1.879311832823583828e+01,1.981089029254273726e+01,-9.793692215068396933e+00,-5.641506705488018580e-01,-1.126151742247792464e+00,5.893377998990999567e-01,-1.363926875373987713e+00,1.941523139596958458e+01,1.978019401421032697e+01,1.928212650225939484e+01,-1.390443060797024399e+00,2.302292937590939559e+00,8.032277228687439985e-02,-3.990319999533930018e-01,1.924224786473180160e+01,1.673905688399721470e+01,1.981741771831980969e+01,-4.670214232266707288e-01,-1.782821257255979841e-01,-3.314229381314266476e-01,-2.805733565611991387e-01,1.868490170741040046e+01
1.882473224350815855e+01,1.941578064074847276e+01,1.929665706891674759e+01,1.809122101556060969e+01,1.902097150152168226e+01,1.822560911766704805e+01,5.725021585678475411e+00,3.483997550897002804e-02,1.910086342706937046e+01,1.887079414567206115e+01,1.941656450028203196e+01,2.342471438776653869e+00,1.678166025625450075e+01,3.599069787519049157e-02,6.020678013826705754e-01,-1.210527987464582012e+00,1.644365087004615589e+01,6.324446082292786997e+01,1.891025694892042708e+01,1.944177148202500405e+01,1.858029601606874337e+01,-2.090501731923427364e+00,1.573341394282699035e+00,-3.306695719201929506e+00,1.877663046619578724e-01,-1.143123553668306258e-01,2.146879781000812670e+01,1.921233407708522023e+01,1.864169299166817240e+01,1.656328322257190777e+01,-1.662137938834970186e+00,-6.639421727120025096e-01,-3.757307018633774809e-01,-6.048760723320146804e-01,5.057773468047098042e+00,-2.963822600739503876e+00,1.417767880915343426e+01,1.898709518940665220e+01,1.781060772504693546e+01,2.313598349488090378e+01,1.873298636935911787e+01,3.986770412574182076e-01,-2.808953082194467488e-01,1.981842424213899001e+00,-1.934893544497503948e+00,-1.740749986237645763e-01,5.011044274852189950e-01,-2.080111969423106899e+01,2.007427513020857646e+01,1.919198687281335935e+01,1.886435469912724372e+01,1.843720690411744911e+01,-1.433946989082472701e-01,-1.728396293616877299e+00,-1.253513580760625690e-01,1.614325724922307248e-01,-9.550819150244849176e-02,4.794016376154096037e-01,1.876108335544831718e+01,1.856870457091510929e+01,2.284052225330750119e+01,1.766121717681503611e+01,6.007803637754067783e-01,6.370780968002548450e-01,-4.796321395359876005e-01,1.805873772499811070e+00,-1.195660627385791014e-01,1.961876145645212333e+01,1.842121217976481518e+01,1.879311832823583828e+01,1.981089029254273726e+01,-9.793692215068396933e+00,-5.641506705488018580e-01,-1.126151742247792464e+00,5.893377998990999567e-01,-1.363926875373987713e+00,1.941523139596958458e+01,1.976826611790710686e+01,1.928212650225939484e+01,-1.390443060797024399e+00,2.302292937590939559e+00,8.032277228687439985e-02,-3.990319999533930018e-01,1.924224786473180160e+01,1.673905688399721470e+01,1.981741771831980969e+01,-4.670214232266707288e-01,-1.782821257255979841e-01,-3.314229381314266476e-01,-2.805733565611991387e-01,1.868490170741040046e+01
1.882473224350815855e+01,1.938878062479665587e+01,1.929665706891674759e+01,1.786934960594481581e+01,1.902097150152168226e+01,1.822560911766704805e+01,5.725021585678475411e+00,3.483997550897002804e-02,1.910086342706937046e+01,1.887716090985781747e+01,1.941656450028203196e+01,2.342471438776653869e+00,1.678166025625450075e+01,4.077566374687158213e-02,6.020678013826705754e-01,-1.210527987464582012e+00,1.644365087004615589e+01,6.324446082292786997e+01,1.891025694892042708e+01,1.944986721036281097e+01,1.858029601606874337e+01,-2.090501731923427364e+00,1.573341394282699035e+00,-3.306695719201929506e+00,1.877663046619578724e-01,-1.143123553668306258e-01,2.143350441493072012e+01,1.921233407708522023e+01,1.864169299166817240e+01,1.656328322257190777e+01,-1.662137938834970186e+00,-6.639421727120025096e-01,-3.757307018633774809e-01,-6.088541826669449097e-01,5.057773468047098042e+00,-2.963822600739503876e+00,1.417767880915343426e+01,1.898709518940665220e+01,1.781060772504693546e+01,2.313598349488090378e+01,1.873298636935911787e+01,3.986770412574182076e-01,-2.808953082194467488e-01,1.981842424213899001e+00,-1.934893544497503948e+00,-1.740749986237645763e-01,5.011044274852189950e-01,-2.080111969423106899e+01,2.007427513020857646e+01,1.919198687281335935e+01,1.886435469912724372e+01,1.843720690411744911e+01,-1.433946989082472701e-01,-1.728396293616877299e+00,-1.253513580760625690e-01,1.614325724922307248e-01,-9.550819150244849176e-02,4.832918640385103770e-01,1.876108335544831718e+01,1.856870457091510929e+01,2.283701762296113813e+01,1.766121717681503611e+01,6.007803637754067783e-01,6.370780968002548450e-01,-4.796321395359876005e-01,1.805873772499811070e+00,-1.195660627385791014e-01,1.961876145645212333e+01,1.842121217976481518e+01,1.879311832823583828e+01,1.981089029254273726e+01,-9.793692215068396933e+00,-5.641506705488018580e-01,-1.126151742247792464e+00,5.893377998990999567e-01,-1.363926875373987713e+00,1.941523139596958458e+01,1.976826611790710686e+01,1.928212650225939484e+01,-1.390443060797024399e+00,2.302292937590939559e+00,8.032277228687439985e-02,-3.990319999533930018e-01,1.924224786473180160e+01,1.673905688399721470e+01,1.982185450265033211e+01,-4.670214232266707288e-01,-1.782821257255979841e-01,-3.314229381314266476e-01,-2.805733565611991387e-01,1.868490170741040046e+01
1.882473224350815855e+01,1.938878062479665587e+01,1.929665706891674759e+01,1.786934960594481581e+01,1.901930785865898699e+01,1.822515599255650898e+01,5.725021585678475411e+00,3.483997550897002804e-02,1.910086342706937046e+01,1.887716090985781747e+01,1.941656450028203196e+01,2.342471438776653869e+00,1.678166025625450075e+01,4.077566374687158213e-02,6.020678013826705754e-01,-1.210527987464582012e+00,1.644365087004615589e+01,6.324495803232080959e+01,1.891025694892042708e+01,1.944986721036281097e+01,1.858029601606874337e+01,-2.090501731923427364e+00,1.573341394282699035e+00,-3.306695719201929506e+00,1.877663046619578724e-01,-1.143123553668306258e-01,2.143350441493072012e+01,1.921233407708522023e+01,1.864169299166817240e+01,1.656328322257190777e+01,-1.662137938834970186e+00,-6.639421727120025096e-01,-3.757307018633774809e-01,-6.088541826669449097e-01,5.057773468047098042e+00,-2.963822600739503876e+00,1.417767880915343426e+01,1.898709518940665220e+01,1.766636597807350739e+01,2.313598349488090378e+01,1.873298636935911787e+01,3.986770412574182076e-01,-2.808953082194467488e-01,1.981842424213899001e+00,-1.934893544497503948e+00,-1.740749986237645763e-01,5.011044274852189950e-01,-2.080111969423106899e+01,2.007427513020857646e+01,1.919198687281335935e+01,1.886435469912724372e+01,1.843650391389025955e+01,-1.433946989082472701e-01,-1.728396293616877299e+00,-1.253513580760625690e-01,1.614325724922307248e-01,-9.550819150244849176e-02,4.832918640385103770e-01,1.876108335544831718e+01,1.856870457091510929e+01,2.283701762296113813e+01,1.766071279850593001e+01,6.007803637754067783e-01,6.370780968002548450e-01,-4.796321395359876005e-01,1.805873772499811070e+00,-1.181217381887736673e-01,1.961876145645212333e+01,1.842121217976481518e+01,1.879311832823583828e+01,1.981089029254273726e+01,-9.795531002562704259e+00,-5.641506705488018580e-01,-1.126151742247792464e+00,5.893377998990999567e-01,-1.363926875373987713e+00,1.941523139596958458e+01,1.976826611790710686e+01,1.928212650225939484e+01,-1.390443060797024399e+00,2.302292937590939559e+00,8.032277228687439985e-02,-3.990319999533930018e-01,1.924224786473180160e+01,1.673905688399721470e+01,1.982185450265033211e+01,-4.670214232266707288e-01,-1.782821257255979841e-01,-3.314229381314266476e-01,-2.813423362983717424e-01,1.868490170741040046e+01
1.882415049653457473e+01,1.938878062479665587e+01,1.929665706891674759e+01,1.786934960594481581e+01,1.901930785865898699e+01,1.822515599255650898e+01,5.725021585678475411e+00,1.439982208258881041e-02,1.910086342706937046e+01,1.887716090985781747e+01,1.941656450028203196e+01,2.342471438776653869e+00,1.678166025625450075e+01,4.077566374687158213e-02,6.020678013826705754e-01,-1.210527987464582012e+00,1.644365087004615589e+01,6.324495803232080959e+01,1.891025694892042708e+01,1.945041565299328212e+01,1.858029601606874337e+01,-2.090501731923427364e+00,1.573341394282699035e+00,-3.306695719201929506e+00,1.877663046619578724e-01,-1.169985740804103530e-01,2.143350441493072012e+01,1.921233407708522023e+01,1.864169299166817240e+01,1.656328322257190777e+01,-1.662137938834970186e+00,-6.639421727120025096e-01,-3.757307018633774809e-01,-6.088541826669449097e-01,5.057773468047098042e+00,-2.963822600739503876e+00,1.417767880915343426e+01,1.898709518940665220e+01,1.766636597807350739e+01,2.313598349488090378e+01,1.873298636935911787e+01,3.986770412574182076e-01,-2.808953082194467488e-01,1.981842424213899001e+00,-1.934893544497503948e+00,-1.740749986237645763e-01,5.011044274852189950e-01,-2.080111969423106899e+01,2.007427513020857646e+01,1.919198687281335935e+01,1.886435469912724372e+01,1.843650391389025955e+01,-1.433946989082472701e-01,-1.728396293616877299e+00,-1.269128864168303228e-01,1.614325724922307248e-01,-9.698607262833681963e-02,4.832918640385103770e-01,1.876108335544831718e+01,1.856870457091510929e+01,2.283701762296113813e+01,1.766071279850593001e+01,6.007803637754067783e-01,6.370780968002548450e-01,-4.796321395359876005e-01,1.805873772499811070e+00,-1.181217381887736673e-01,1.961876145645212333e+01,1.842121217976481518e+01,1.879311832823583828e+01,1.981089029254273726e+01,-9.795531002562704259e+00,-5.641506705488018580e-01,-1.126151742247792464e+00,5.893377998990999567e-01,-1.363926875373987713e+00,1.941523139596958458e+01,1.976826611790710686e+01,1.928212650225939484e+01,-1.390443060797024399e+00,2.302292937590939559e+00,7.635456637984783246e-02,-3.990319999533930018e-01,1.924224786473180160e+01,1.673905688399721470e+01,1.982185450265033211e+01,-4.680975455672025665e-01,-1.782821257255979841e-01,-3.143660122342880614e-01,-2.813423362983717424e-01,1.868490170741040046e+01
1.882415049653457473e+01,1.938878062479665587e+01,1.929665706891674759e+01,1.786934960594481581e+01,1.901930785865898699e+01,1.822515599255650898e+01,5.727440998983150955e+00,1.439982208258881041e-02,1.910086342706937046e+01,1.887716090985781747e+01,1.941656450028203196e+01,2.287761002385959141e+00,1.678166025625450075e+01,4.077566374687158213e-02,6.020678013826705754e-01,-1.210527987464582012e+00,1.645146713532948368e+01,6.324495803232080959e+01,1.891025694892042708e+01,1.945041565299328212e+01,1.858029601606874337e+01,-2.078691160255640824e+00,1.573341394282699035e+00,-3.306695719201929506e+00,1.877663046619578724e-01,-1.169985740804103530e-01,2.143350441493072012e+01,1.921233407708522023e+01,1.864169299166817240e+01,1.655987234844596401e+01,-1.662137938834970186e+00,-6.639421727120025096e-01,-3.757307018633774809e-01,-6.088541826669449097e-01,5.057773468047098042e+00,-2.963822600739503876e+00,1.417767880915343426e+01,1.898709518940665220e+01,1.766636597807350739e+01,2.313598349488090378e+01,1.880542996437214498e+01,3.986770412574182076e-01,-2.808953082194467488e-01,1.981842424213899001e+00,-1.934893544497503948e+00,-1.740749986237645763e-01,5.011044274852189950e-01,-2.080111969423106899e+01,2.007427513020857646e+01,1.919198687281335935e+01,2.752451056260716911e+01,1.843650391389025955e+01,-1.433946989082472701e-01,-1.728396293616877299e+00,-1.269128864168303228e-01,1.614325724922307248e-01,-9.698607262833681963e-02,4.832918640385103770e-01,1.876108335544831718e+01,1.856870457091510929e+01,2.283701762296113813e+01,1.766071279850593001e+01,6.007803637754067783e-01,6.370780968002548450e-01,-4.796321395359876005e-01,1.805873772499811070e+00,-1.181217381887736673e-01,1.961876145645212333e+01,1.836326230298912776e+01,1.879311832823583828e+01,1.980486609336998072e+01,-9.795531002562704259e+00,-5.641506705488018580e-01,-1.126151742247792464e+00,5.893377998990999567e-01,-1.363926875373987713e+00,1.941523139596958458e+01,1.976826611790710686e+01,1.928212650225939484e+01,-1.390443060797024399e+00,2.302292937590939559e+00,7.635456637984783246e-02,-3.990319999533930018e-01,1.924224786473180160e+01,1.673905688399721470e+01,1.982185450265033211e+01,-4.680975455672025665e-01,-1.782821257255979841e-01,-3.143660122342880614e-01,-2.813423362983717424e-01,1.868490170741040046e+01
1.882415049653457473e+01,1.938878062479665587e+01,1.929665706891674759e+01,1.786934960594481581e+01,1.901930785865898699e+01,1.822515599255650898e+01,5.727440998983150955e+00,1.439982208258881041e-02,1.910086342706937046e+01,1.887716090985781747e+01,1.941656450028203196e+01,2.287761002385959141e+00,1.678166025625450075e+01,3.991667367402391281e-02,6.020678013826705754e-01,-1.210527987464582012e+00,1.645146713532948368e+01,6.324495803232080959e+01,1.891347510477193339e+01,1.945041565299328212e+01,1.858029601606874337e+01,-2.078691160255640824e+00,1.573341394282699035e+00,-3.306695719201929506e+00,1.877663046619578724e-01,-1.169985740804103530e-01,2.143350441493072012e+01,1.921145892127572807e+01,1.864169299166817240e+01,1.655987234844596401e+01,-1.662137938834970186e+00,-6.639421727120025096e-01,-3.757307018633774809e-01,-6.088541826669449097e-01,5.057773468047098042e+00,-2.963822600739503876e+00,1.417571368257954312e+01,1.898709518940665220e+01,1.766636597807350739e+01,2.313598349488090378e+01,1.880542996437214498e+01,3.986770412574182076e-01,-2.808953082194467488e-01,1.981842424213899001e+00,-1.934893544497503948e+00,-1.740749986237645763e-01,5.056978571828575353e-01,-2.080016040098445274e+01,2.007427513020857646e+01,1.919516476108920600e+01,2.752451056260716911e+01,1.843650391389025955e+01,-1.433946989082472701e-01,-1.728396293616877299e+00,-1.269128864168303228e-01,1.784760657530038153e-01,-9.698607262833681963e-02,4.832918640385103770e-01,1.876108335544831718e+01,1.856870457091510929e+01,2.283701762296113813e+01,1.766071279850593001e+01,5.984280694885211194e-01,6.370780968002548450e-01,-4.796321395359876005e-01,1.805873772499811070e+00,-1.181217381887736673e-01,1.961876145645212333e+01,1.836326230298912776e+01,1.879311832823583828e+01,1.980486609336998072e+01,-9.795531002562704259e+00,-5.641506705488018580e-01,-1.126151742247792464e+00,5.893377998990999567e-01,-1.363926875373987713e+00,1.941523139596958458e+01,1.976826611790710686e+01,1.928212650225939484e+01,-1.390443060797024399e+00,2.302292937590939559e+00,7.635456637984783246e-02,-3.990319999533930018e-01,1.924224786473180160e+01,1.673905688399721470e+01,1.982185450265033211e+01,-4.680975455672025665e-01,-1.782821257255979841e-01,-3.143660122342880614e-01,-2.813423362983717424e-01,1.868490170741040046e+01
1.882415049653457473e+01,1.938878062479665587e+01,1.929665706891674759e+01,1.786934960594481581e+01,1.901930785865898699e+01,1.822515599255650898e+01,5.727440998983150955e+00,1.439982208258881041e-02,1.910086342706937046e+01,1.887716090985781747e+01,1.941656450028203196e+01,2.287761002385959141e+00,1.678166025625450075e+01,3.991667367402391281e-02,5.960833381759893523e-01,-1.210527987464582012e+00,1.645146713532948368e+01,6.324495803232080959e+01,1.891347510477193339e+01,1.945041565299328212e+01,1.858029601606874337e+01,-2.078691160255640824e+00,1.573341394282699035e+00,-3.306695719201929506e+00,1.877663046619578724e-01,-1.169985740804103530e-01,2.143350441493072012e+01,1.921145892127572807e+01,1.864169299166817240e+01,1.655987234844596401e+01,-1.661798127765360844e+00,-6.639421727120025096e-01,-3.757307018633774809e-01,-6.088541826669449097e-01,5.057773468047098042e+00,-2.963822600739503876e+00,1.417571368257954312e+01,1.898709518940665220e+01,1.766636597807350739e+01,2.313598349488090378e+01,1.880542996437214498e+01,3.986770412574182076e-01,-2.808953082194467488e-01,1.981842424213899001e+00,-1.934893544497503948e+00,-1.740749986237645763e-01,5.056978571828575353e-01,-2.080016040098445274e+01,2.007427513020857646e+01,1.919516476108920600e+01,2.752451056260716911e+01,1.843650391389025955e+01,-1.433946989082472701e-01,-1.728396293616877299e+00,-1.269128864168303228e-01,1.784760657530038153e-01,-9.698607262833681963e-02,4.832918640385103770e-01,1.876108335544831718e+01,1.856870457091510929e+01,2.283755521669413469e+01,1.766071279850593001e+01,5.984280694885211194e-01,6.370780968002548450e-01,-4.796321395359876005e-01,1.806646081704942342e+00,-1.181217381887736673e-01,1.961876145645212333e+01,1.836326230298912776e+01,1.879311832823583828e+01,1.980486609336998072e+01,-9.795531002562704259e+00,-5.661576525879392641e-01,-1.126605512540723053e+00,5.893377998990999567e-01,-1.363926875373987713e+00,1.941523139596958458e+01,1.976826611790710686e+01,1.928923601244314767e+01,-1.390443060797024399e+00,2.301084427039192359e+00,7.635456637984783246e-02,-3.990319999533930018e-01,1.924224786473180160e+01,1.673905688399721470e+01,1.982185450265033211e+01,-4.680975455672025665e-01,-1.827945147354136102e-01,-3.143660122342880614e-01,-2.813423362983717424e-01,1.868490170741040046e+01
1.882415049653457473e+01,1.938240099581324927e+01,1.929665706891674759e+01,1.803962206001267887e+01,1.901930785865898699e+01,1.822515599255650898e+01,5.727440998983150955e+00,1.439982208258881041e-02,1.910086342706937046e+01,1.887716090985781747e+01,1.941656450028203196e+01,2.287761002385959141e+00,1.678166025625450075e+01,3.991667367402391281e-02,5.960833381759893523e-01,-1.210527987464582012e+00,1.645146713532948368e+01,6.324495803232080959e+01,1.891347510477193339e+01,1.945041565299328212e+01,1.858029601606874337e+01,-2.078691160255640824e+00,1.573341394282699035e+00,-3.306695719201929506e+00,1.877663046619578724e-01,-1.169985740804103530e-01,2.143350441493072012e+01,1.921145892127572807e+01,1.864056834197202406e+01,1.655987234844596401e+01,-1.661798127765360844e+00,-6.639421727120025096e-01,-3.808844783548958057e-01,-6.088541826669449097e-01,5.057773468047098042e+00,-2.963822600739503876e+00,1.417571368257954312e+01,1.898709518940665220e+01,1.766636597807350739e+01,2.313598349488090378e+01,1.880542996437214498e+01,3.986770412574182076e-01,-2.808953082194467488e-01,1.981842424213899001e+00,-1.934893544497503948e+00,-1.740749986237645763e-01,5.056978571828575353e-01,-2.080016040098445274e+01,2.007427513020857646e+01,1.919516476108920600e+01,2.752451056260716911e+01,1.843650391389025955e+01,-1.433946989082472701e-01,-1.726412974197561789e+00,-1.269128864168303228e-01,1.784760657530038153e-01,-9.698607262833681963e-02,4.832918640385103770e-01,1.876108335544831718e+01,1.856870457091510929e+01,2.283755521669413469e+01,1.766071279850593001e+01,5.984280694885211194e-01,6.370780968002548450e-01,-4.796321395359876005e-01,1.806646081704942342e+00,-1.181217381887736673e-01,1.962076347349431060e+01,1.836326230298912776e+01,1.879311832823583828e+01,1.980486609336998072e+01,-9.795531002562704259e+00,-5.661576525879392641e-01,-1.126605512540723053e+00,5.893377998990999567e-01,-1.348612616883368753e+00,1.941523139596958458e+01,1.977207656654018209e+01,1.928923601244314767e+01,-1.390443060797024399e+00,2.301084427039192359e+00,7.635456637984783246e-02,-3.990319999533930018e-01,1.924224786473180160e+01,1.673905688399721470e+01,1.982343977240511634e+01,-4.680975455672025665e-01,-1.827945147354136102e-01,-3.143660122342880614e-01,-2.813423362983717424e-01,1.868490170741040046e+01
1.882415049653457473e+01,1.938240099581324927e+01,1.929683037929571299e+01,1.803962206001267887e+01,1.901930785865898699e+01,1.822515599255650898e+01,5.727440998983150955e+00,1.439982208258881041e-02,1.910086342706937046e+01,1.887716090985781747e+01,1.941656450028203196e+01,2.287761002385959141e+00,1.678166025625450075e+01,3.991667367402391281e-02,5.960833381759893523e-01,-1.210527987464582012e+00,1.645146713532948368e+01,6.324495803232080959e+01,1.891347510477193339e+01,1.945041565299328212e+01,1.858029601606874337e+01,-2.078691160255640824e+00,1.573341394282699035e+00,-3.306695719201929506e+00,1.875653512241919063e-01,-1.169985740804103530e-01,2.143350441493072012e+01,1.921145892127572807e+01,1.864056834197202406e+01,1.655987234844596401e+01,-1.661798127765360844e+00,-6.639421727120025096e-01,-3.808844783548958057e-01,-6.091251601546578964e-01,5.057683082424110133e+00,-2.963822600739503876e+00,1.417571368257954312e+01,1.898709518940665220e+01,1.766636597807350739e+01,2.313578807467193954e+01,1.880542996437214498e+01,3.986770412574182076e-01,-2.808953082194467488e-01,1.981747234509120270e+00,-1.934893544497503948e+00,-1.740749986237645763e-01,5.056978571828575353e-01,-2.080016040098445274e+01,2.007427513020857646e+01,1.919516476108920600e+01,2.752451056260716911e+01,1.843650391389025955e+01,-1.433946989082472701e-01,-1.726412974197561789e+00,-1.269128864168303228e-01,1.784760657530038153e-01,-9.698607262833681963e-02,4.832918640385103770e-01,1.876108335544831718e+01,1.856879585872860972e+01,2.283755521669413469e+01,1.766071279850593001e+01,5.984280694885211194e-01,6.370780968002548450e-01,-4.795653876012559436e-01,1.806646081704942342e+00,-1.181217381887736673e-01,1.962076347349431060e+01,1.836326230298912776e+01,1.879311832823583828e+01,1.980486609336998072e+01,-9.795531002562704259e+00,-5.661576525879392641e-01,-1.126605512540723053e+00,5.893377998990999567e-01,-1.348612616883368753e+00,1.941510498709437016e+01,1.977207656654018209e+01,1.928923601244314767e+01,-1.390443060797024399e+00,2.301084427039192359e+00,7.635456637984783246e-02,-3.990319999533930018e-01,1.924224786473180160e+01,1.673905688399721470e+01,1.982343977240511634e+01,-4.680975455672025665e-01,-1.827945147354136102e-01,-3.143660122342880614e-01,-2.813423362983717424e-01,1.868490170741040046e+01
1.882415049653457473e+01,1.938240099581324927e+01,1.929683037929571299e+01,1.803962206001267887e+01,1.901930785865898699e+01,1.822515599255650898e+01,5.727440998983150955e+00,1.439982208258881041e-02,1.910086342706937046e+01,1.887716090985781747e+01,1.941396140628048528e+01,2.287761002385959141e+00,1.678366381859476419e+01,3.991667367402391281e-02,5.960833381759893523e-01,-1.210527987464582012e+00,1.645146713532948368e+01,6.324495803232080959e+01,1.891347510477193339e+01,1.945041565299328212e+01,1.856477532156835508e+01,-2.078691160255640824e+00,1.573341394282699035e+00,-3.300865690789982487e+00,1.875653512241919063e-01,-1.169985740804103530e-01,2.143350441493072012e+01,1.921145892127572807e+01,1.864056834197202406e+01,1.655987234844596401e+01,-1.661798127765360844e+00,-6.639421727120025096e-01,-3.808844783548958057e-01,-6.091251601546578964e-01,5.057683082424110133e+00,-2.963822600739503876e+00,1.417571368257954312e+01,1.898910043623214250e+01,1.766636597807350739e+01,2.313578807467193954e+01,1.880542996437214498e+01,3.986770412574182076e-01,-2.808953082194467488e-01,1.981747234509120270e+00,-1.934893544497503948e+00,-1.581937125805192856e-01,5.056978571828575353e-01,-2.080016040098445274e+01,2.007427513020857646e+01,1.919516476108920600e+01,2.752451056260716911e+01,1.843650391389025955e+01,-1.433946989082472701e-01,-1.726412974197561789e+00,-1.269128864168303228e-01,1.784760657530038153e-01,-9.698607262833681963e-02,4.832918640385103770e-01,1.876219980276998101e+01,1.856879585872860972e+01,2.283755521669413469e+01,1.766071279850593001e+01,5.984280694885211194e-01,6.370780968002548450e-01,-4.795653876012559436e-01,1.806646081704942342e+00,-1.181217381887736673e-01,1.962076347349431060e+01,1.836326230298912776e+01,1.879311832823583828e+01,1.980486609336998072e+01,-9.795531002562704259e+00,-5.661576525879392641e-01,-1.126605512540723053e+00,5.893377998990999567e-01,-1.348612616883368753e+00,1.941510498709437016e+01,1.977207656654018209e+01,1.928923601244314767e+01,-1.389224657614776204e+00,2.301084427039192359e+00,7.635456637984783246e-02,-3.954565808216590761e-01,1.924224786473180160e+01,1.673905688399721470e+01,1.982343977240511634e+01,-4.680975455672025665e-01,-1.827945147354136102e-01,-3.143660122342880614e-01,-2.813423362983717424e-01,1.868490170741040046e+01
1.882415049653457473e+01,1.938240099581324927e+01,1.929683037929571299e+01,1.803962206001267887e+01,1.901930785865898699e+01,1.822515599255650898e+01,5.727440998983150955e+00,1.439982208258881041e-02,1.910086342706937046e+01,1.887716090985781747e+01,1.941396140628048528e+01,2.287761002385959141e+00,1.678366381859476419e+01,3.991667367402391281e-02,5.960833381759893523e-01,-1.210540944093853044e+00,1.645146713532948368e+01,6.324495803232080959e+01,1.891347510477193339e+01,1.945041565299328212e+01,1.856477532156835508e+01,-2.078691160255640824e+00,1.573326081161670720e+00,-3.300865690789982487e+00,1.875653512241919063e-01,-1.169985740804103530e-01,2.143350441493072012e+01,1.921145892127572807e+01,1.864056834197202406e+01,1.655987234844596401e+01,-1.661798127765360844e+00,-6.639421727120025096e-01,-3.808844783548958057e-01,-6.091251601546578964e-01,5.057683082424110133e+00,-2.963842741566378614e+00,1.417571368257954312e+01,1.898910043623214250e+01,1.766636597807350739e+01,2.313578807467193954e+01,1.880542996437214498e+01,3.986770412574182076e-01,-2.808953082194467488e-01,1.981747234509120270e+00,-1.934893544497503948e+00,-1.581937125805192856e-01,5.056978571828575353e-01,-2.080016040098445274e+01,2.007429564030022107e+01,1.919516476108920600e+01,2.752451056260716911e+01,1.843650391389025955e+01,-1.433712382247133987e-01,-1.726412974197561789e+00,-1.269128864168303228e-01,1.784760657530038153e-01,-9.698607262833681963e-02,4.829871861324098181e-01,1.876219980276998101e+01,1.856879585872860972e+01,2.283755521669413469e+01,1.766071279850593001e+01,5.984280694885211194e-01,6.370164641815453388e-01,-4.795653876012559436e-01,1.806646081704942342e+00,-1.181217381887736673e-01,1.962076347349431060e+01,1.836326230298912776e+01,1.879311832823583828e+01,1.980486609336998072e+01,-9.795531002562704259e+00,-5.661576525879392641e-01,-1.126605512540723053e+00,5.893377998990999567e-01,-1.348612616883368753e+00,1.941510498709437016e+01,1.977207656654018209e+01,1.928923601244314767e+01,-1.389224657614776204e+00,2.301084427039192359e+00,7.635456637984783246e-02,-3.954565808216590761e-01,1.924224786473180160e+01,1.673902858268486327e+01,1.982343977240511634e+01,-4.680975455672025665e-01,-1.827945147354136102e-01,-3.143660122342880614e-01,-2.813423362983717424e-01,1.868487904278667600e+01
1.882415049653457473e+01,1.938240099581324927e+01,1.929683037929571299e+01,1.803962206001267887e+01,1.901930785865898699e+01,1.822515599255650898e+01,5.727440998983150955e+00,1.439982208258881041e-02,1.909154635367199759e+01,1.885933997533913242e+01,1.941396140628048528e+01,2.287761002385959141e+00,1.678366381859476419e+01,3.991667367402391281e-02,5.960833381759893523e-01,-1.210540944093853044e+00,1.645146713532948368e+01,6.324495803232080959e+01,1.891347510477193339e+01,1.945041565299328212e+01,1.856477532156835508e+01,-2.078691160255640824e+00,1.573326081161670720e+00,-3.300865690789982487e+00,1.875653512241919063e-01,-1.169985740804103530e-01,2.130478470820487047e+01,1.921145892127572807e+01,1.864056834197202406e+01,1.655987234844596401e+01,-1.661798127765360844e+00,-6.570700317280964153e-01,-3.808844783548958057e-01,-6.091251601546578964e-01,5.057683082424110133e+00,-2.963842741566378614e+00,1.417571368257954312e+01,1.898910043623214250e+01,1.766636597807350739e+01,2.313578807467193954e+01,1.880542996437214498e+01,4.044118988885928578e-01,-2.298459099468252442e-01,1.981747234509120270e+00,-1.919246935987834801e+00,-1.581937125805192856e-01,5.056978571828575353e-01,-2.080016040098445274e+01,2.007429564030022107e+01,1.919516476108920600e+01,2.752451056260716911e+01,1.843650391389025955e+01,-1.433712382247133987e-01,-1.726412974197561789e+00,-1.269128864168303228e-01,1.784760657530038153e-01,-9.698607262833681963e-02,4.829871861324098181e-01,1.876219980276998101e+01,1.856879585872860972e+01,2.283755521669413469e+01,1.766071279850593001e+01,5.984280694885211194e-01,6.370164641815453388e-01,-4.795653876012559436e-01,1.806646081704942342e+00,-1.181217381887736673e-01,1.962076347349431060e+01,1.836326230298912776e+01,1.877145684792258962e+01,1.980486609336998072e+01,-9.795531002562704259e+00,-5.661576525879392641e-01,-1.126605512540723053e+00,5.985155460774718161e-01,-1.348612616883368753e+00,1.941510498709437016e+01,1.977207656654018209e+01,1.928923601244314767e+01,-1.389224657614776204e+00,2.301084427039192359e+00,7.635456637984783246e-02,-3.954565808216590761e-01,1.933101547328155689e+01,1.673902858268486327e+01,1.982343977240511634e+01,-4.680975455672025665e-01,-1.827945147354136102e-01,-3.143660122342880614e-01,-2.813423362983717424e-01,1.868487904278667600e+01
1.882415049653457473e+01,1.938240099581324927e+01,1.929683037929571299e+01,1.803962206001267887e+01,1.901930785865898699e+01,1.825172513472054447e+01,5.727440998983150955e+00,1.439982208258881041e-02,1.909154635367199759e+01,1.885933997533913242e+01,1.941396140628048528e+01,2.287761002385959141e+00,1.678366381859476419e+01,3.991667367402391281e-02,5.960833381759893523e-01,-1.210540944093853044e+00,1.668772911499519296e+01,6.324495803232080959e+01,1.891347510477193339e+01,1.945041565299328212e+01,1.856477532156835508e+01,-2.078691160255640824e+00,1.573326081161670720e+00,-3.300865690789982487e+00,1.875653512241919063e-01,-1.169985740804103530e-01,2.130478470820487047e+01,1.921145892127572807e+01,1.860294635244193984e+01,1.655987234844596401e+01,-1.661798127765360844e+00,-6.570700317280964153e-01,-3.808844783548958057e-01,-6.091251601546578964e-01,5.302189046937927586e+00,-2.963842741566378614e+00,1.417571368257954312e+01,1.898910043623214250e+01,1.766636597807350739e+01,2.313578807467193954e+01,1.880542996437214498e+01,4.044118988885928578e-01,-1.523723163782450740e+01,1.981747234509120270e+00,-1.919246935987834801e+00,-1.581937125805192856e-01,5.056978571828575353e-01,-2.080016040098445274e+01,2.007429564030022107e+01,1.919516476108920600e+01,2.752451056260716911e+01,1.843650391389025955e+01,-1.014511905181943868e-01,-1.726412974197561789e+00,-1.269128864168303228e-01,1.784760657530038153e-01,-9.698607262833681963e-02,4.829871861324098181e-01,1.876219980276998101e+01,1.856879585872860972e+01,2.264453319903303807e+01,1.766071279850593001e+01,5.984280694885211194e-01,6.370164641815453388e-01,-4.795653876012559436e-01,1.806646081704942342e+00,-1.181217381887736673e-01,1.962076347349431060e+01,1.836326230298912776e+01,1.877145684792258962e+01,1.980486609336998072e+01,-9.795531002562704259e+00,-5.661576525879392641e-01,-9.843735230098810129e-01,5.985155460774718161e-01,-1.348612616883368753e+00,1.941510498709437016e+01,1.977207656654018209e+01,1.928923601244314767e+01,-1.389224657614776204e+00,2.343203604118468952e+00,7.635456637984783246e-02,-3.954565808216590761e-01,1.933101547328155689e+01,1.673902858268486327e+01,1.982343977240511634e+01,-4.680975455672025665e-01,-1.827945147354136102e-01,-3.143660122342880614e-01,-2.813423362983717424e-01,1.868487904278667600e+01
1.882415049653457473e+01,1.908865085729118860e+01,1.929683037929571299e+01,1.803962206001267887e+01,1.901930785865898699e+01,1.825172513472054447e+01,5.727440998983150955e+00,1.439982208258881041e-02,1.908156951565296566e+01,1.885933997533913242e+01,1.941396140628048528e+01,2.287761002385959141e+00,1.678366381859476419e+01,3.991667367402391281e-02,5.960833381759893523e-01,-1.210540944093853044e+00,1.668772911499519296e+01,6.322048036886769751e+01,1.891347510477193339e+01,1.945041565299328212e+01,1.856477532156835508e+01,-2.078691160255640824e+00,1.573326081161670720e+00,-3.300865690789982487e+00,1.875653512241919063e-01,-1.169985740804103530e-01,2.130478470820487047e+01,1.921145892127572807e+01,1.860294635244193984e+01,1.655987234844596401e+01,-1.661798127765360844e+00,-6.570700317280964153e-01,-3.808844783548958057e-01,-6.091251601546578964e-01,5.302189046937927586e+00,-2.963842741566378614e+00,1.417571368257954312e+01,1.898910043623214250e+01,1.766636597807350739e+01,2.313578807467193954e+01,1.880542996437214498e+01,4.044118988885928578e-01,-1.523723163782450740e+01,1.981747234509120270e+00,-1.949036623024088311e+00,-1.581937125805192856e-01,5.056978571828575353e-01,-2.080016040098445274e+01,2.007429564030022107e+01,1.919516476108920600e+01,2.752451056260716911e+01,1.853116257860863669e+01,-1.014511905181943868e-01,-1.726412974197561789e+00,-1.269128864168303228e-01,1.784760657530038153e-01,-9.698607262833681963e-02,4.616128359232092304e-01,1.876219980276998101e+01,1.857174055290975190e+01,2.264453319903303807e+01,1.766071279850593001e+01,5.984280694885211194e-01,6.370164641815453388e-01,-4.795653876012559436e-01,1.806646081704942342e+00,-1.181217381887736673e-01,1.962076347349431060e+01,1.836326230298912776e+01,1.877145684792258962e+01,1.980699364132438234e+01,-9.795531002562704259e+00,-5.661576525879392641e-01,-9.843735230098810129e-01,5.985155460774718161e-01,-1.348612616883368753e+00,1.941510498709437016e+01,1.977207656654018209e+01,1.928923601244314767e+01,-1.389224657614776204e+00,2.343203604118468952e+00,7.635456637984783246e-02,-3.954565808216590761e-01,1.933101547328155689e+01,1.673902858268486327e+01,1.982343977240511634e+01,-4.680975455672025665e-01,-1.827945147354136102e-01,-3.125662792517610034e-01,-2.813423362983717424e-01,1.868487904278667600e+01
1.882415049653457473e+01,1.908865085729118860e+01,1.929683037929571299e+01,1.803962206001267887e+01,1.901930785865898699e+01,1.825172513472054447e+01,5.727440998983150955e+00,1.439982208258881041e-02,1.908156951565296566e+01,1.885933997533913242e+01,1.941396140628048528e+01,2.287761002385959141e+00,1.678366381859476419e+01,3.991667367402391281e-02,5.960833381759893523e-01,-1.210540944093853044e+00,1.668772911499519296e+01,6.322048036886769751e+01,1.891347510477193339e+01,1.945041565299328212e+01,1.856477532156835508e+01,-2.078691160255640824e+00,1.573326081161670720e+00,-3.300865690789982487e+00,1.875653512241919063e-01,-1.169985740804103530e-01,2.130478470820487047e+01,1.921145892127572807e+01,1.860294635244193984e+01,1.656104317440017226e+01,-1.661798127765360844e+00,-6.570700317280964153e-01,-3.808844783548958057e-01,-6.091251601546578964e-01,5.302189046937927586e+00,-2.963842741566378614e+00,1.417571368257954312e+01,1.898910043623214250e+01,1.766636597807350739e+01,2.313578807467193954e+01,1.880542996437214498e+01,4.044118988885928578e-01,-1.523723163782450740e+01,1.981747234509120270e+00,-1.949036623024088311e+00,-1.606323644589350286e-01,5.056978571828575353e-01,-2.080126906888249394e+01,2.007429564030022107e+01,1.919516476108920600e+01,2.752451056260716911e+01,1.853116257860863669e+01,-1.014511905181943868e-01,-1.725502012641267680e+00,-1.269128864168303228e-01,1.784760657530038153e-01,-9.698607262833681963e-02,4.616128359232092304e-01,1.876219980276998101e+01,1.857174055290975190e+01,2.264453319903303807e+01,1.766071279850593001e+01,5.975988221393236932e-01,6.370164641815453388e-01,-4.795653876012559436e-01,1.806646081704942342e+00,-1.181217381887736673e-01,1.962076347349431060e+01,1.836326230298912776e+01,1.877145684792258962e+01,1.980699364132438234e+01,-9.795531002562704259e+00,-5.661576525879392641e-01,-9.843735230098810129e-01,5.985155460774718161e-01,-1.348612616883368753e+00,1.941510498709437016e+01,1.977413323275996504e+01,1.928923601244314767e+01,-1.388862624158629933e+00,2.343203604118468952e+00,7.709297751501750784e-02,-3.954565808216590761e-01,1.933166688942595712e+01,1.673902858268486327e+01,1.982343977240511634e+01,-4.680975455672025665e-01,-1.827945147354136102e-01,-3.125662792517610034e-01,-2.813423362983717424e-01,1.868487904278667600e+01
1.882415049653457473e+01,1.908865085729118860e+01,1.929683037929571299e+01,1.803962206001267887e+01,1.901734063677092834e+01,1.825172513472054447e+01,5.730842706516316554e+00,1.439982208258881041e-02,1.908156951565296566e+01,1.885933997533913242e+01,1.941396140628048528e+01,2.285252357977314297e+00,1.678366381859476419e+01,3.991667367402391281e-02,5.960833381759893523e-01,-1.210540944093853044e+00,1.668772911499519296e+01,6.322048036886769751e+01,1.891347510477193339e+01,1.945041565299328212e+01,1.856477532156835508e+01,-2.078691160255640824e+00,1.573326081161670720e+00,-3.300865690789982487e+00,1.853755826104193927e-01,-1.169985740804103530e-01,2.130478470820487047e+01,1.921145892127572807e+01,1.860294635244193984e+01,1.656104317440017226e+01,-1.661798127765360844e+00,-6.570700317280964153e-01,-3.808844783548958057e-01,-6.091251601546578964e-01,5.302189046937927586e+00,-2.963842741566378614e+00,1.417320087023519015e+01,1.898910043623214250e+01,1.766636597807350739e+01,2.313858236983736916e+01,1.880542996437214498e+01,4.044118988885928578e-01,-1.523723163782450740e+01,1.981747234509120270e+00,-1.949036623024088311e+00,-1.606323644589350286e-01,5.056978571828575353e-01,-2.080126906888249394e+01,2.007429564030022107e+01,1.920007538176662010e+01,2.749491984359075047e+01,1.853116257860863669e+01,-1.014511905181943868e-01,-1.725502012641267680e+00,-1.269128864168303228e-01,1.784760657530038153e-01,-9.698607262833681963e-02,4.616128359232092304e-01,1.876219980276998101e+01,1.857174055290975190e+01,2.264453319903303807e+01,1.766071279850593001e+01,5.975988221393236932e-01,6.370164641815453388e-01,-4.795653876012559436e-01,1.806646081704942342e+00,-1.181217381887736673e-01,1.962076347349431060e+01,1.836326230298912776e+01,1.877145684792258962e+01,1.980699364132438234e+01,-9.795531002562704259e+00,-5.661576525879392641e-01,-9.843735230098810129e-01,5.985155460774718161e-01,-1.348612616883368753e+00,1.941510498709437016e+01,1.977413323275996504e+01,1.928923601244314767e+01,-1.388862624158629933e+00,2.343203604118468952e+00,7.709297751501750784e-02,-3.954565808216590761e-01,1.933166688942595712e+01,1.673902858268486327e+01,1.982343977240511634e+01,-4.680975455672025665e-01,-1.827945147354136102e-01,-3.125662792517610034e-01,-2.799152237417432687e-01,1.868487904278667600e+01
1.882415049653457473e+01,1.908865085729118860e+01,1.929683037929571299e+01,1.803993179134310765e+01,1.901734063677092834e+01,1.825172513472054447e+01,5.730842706516316554e+00,1.439982208258881041e-02,1.908156951565296566e+01,1.885933997533913242e+01,1.941396140628048528e+01,2.285252357977314297e+00,1.678366381859476419e+01,3.991667367402391281e-02,5.960833381759893523e-01,-1.210540944093853044e+00,1.668772911499519296e+01,6.322048036886769751e+01,1.891347510477193339e+01,1.945041565299328212e+01,1.856477532156835508e+01,-2.078691160255640824e+00,1.573326081161670720e+00,-3.300865690789982487e+00,1.853755826104193927e-01,-1.169985740804103530e-01,2.130478470820487047e+01,1.921160463972065102e+01,1.860294635244193984e+01,1.656104317440017226e+01,-1.661798127765360844e+00,-6.570700317280964153e-01,-3.808844783548958057e-01,-6.091251601546578964e-01,5.302189046937927586e+00,-2.963842741566378614e+00,1.417320087023519015e+01,1.898776289513408599e+01,1.766636597807350739e+01,2.313858236983736916e+01,1.880559056259569317e+01,4.044118988885928578e-01,-1.523723163782450740e+01,1.981908439628025542e+00,-1.949036623024088311e+00,-1.606323644589350286e-01,5.056978571828575353e-01,-2.080126906888249394e+01,2.007429564030022107e+01,1.920007538176662010e+01,2.749491984359075047e+01,1.853116257860863669e+01,-1.014511905181943868e-01,-1.725502012641267680e+00,-1.269128864168303228e-01,1.784760657530038153e-01,-9.698607262833681963e-02,4.616128359232092304e-01,1.876219980276998101e+01,1.857174055290975190e+01,2.264453319903303807e+01,1.766088608115231651e+01,5.975988221393236932e-01,6.370164641815453388e-01,-4.795653876012559436e-01,1.806646081704942342e+00,-1.178868221199684679e-01,1.962076347349431060e+01,1.836326230298912776e+01,1.877145684792258962e+01,1.980699364132438234e+01,-9.795531002562704259e+00,-5.667747600098819172e-01,-9.843735230098810129e-01,5.985155460774718161e-01,-1.348612616883368753e+00,1.941510498709437016e+01,1.977413323275996504e+01,1.928923601244314767e+01,-1.388862624158629933e+00,2.343203604118468952e+00,7.709297751501750784e-02,-3.954565808216590761e-01,1.933166688942595712e+01,1.673902858268486327e+01,1.982343977240511634e+01,-4.680975455672025665e-01,-1.827945147354136102e-01,-3.125662792517610034e-01,-2.799152237417432687e-01,1.868479616409232236e+01
1.883014980409726391e+01,1.908865085729118860e+01,1.929290621913525783e+01,1.803993179134310765e+01,1.901734063677092834e+01,1.825172513472054447e+01,5.730842706516316554e+00,1.439982208258881041e-02,1.908156951565296566e+01,1.885933997533913242e+01,1.941396140628048528e+01,2.285252357977314297e+00,1.678075947143403823e+01,3.991667367402391281e-02,5.960833381759893523e-01,-1.210540944093853044e+00,1.668772911499519296e+01,6.322048036886769751e+01,1.891347510477193339e+01,1.945041565299328212e+01,1.856477532156835508e+01,-2.078691160255640824e+00,1.573326081161670720e+00,-3.300865690789982487e+00,1.853755826104193927e-01,-1.169985740804103530e-01,2.133441308074440101e+01,1.921160463972065102e+01,1.860294635244193984e+01,1.656104317440017226e+01,-1.661798127765360844e+00,-6.570700317280964153e-01,-3.850675193646030947e-01,-6.091251601546578964e-01,5.302189046937927586e+00,-2.963842741566378614e+00,1.417320087023519015e+01,1.898776289513408599e+01,1.766636597807350739e+01,2.313858236983736916e+01,1.880559056259569317e+01,4.001948444071743993e-01,-1.523723163782450740e+01,1.981908439628025542e+00,-1.949036623024088311e+00,-1.606323644589350286e-01,5.092459486791188761e-01,-2.080126906888249394e+01,2.007429564030022107e+01,1.920007538176662010e+01,2.749491984359075047e+01,1.853116257860863669e+01,-1.014511905181943868e-01,-1.725502012641267680e+00,-1.269128864168303228e-01,1.784760657530038153e-01,-9.698607262833681963e-02,4.616128359232092304e-01,1.876219980276998101e+01,1.857174055290975190e+01,2.264453319903303807e+01,1.766088608115231651e+01,5.975988221393236932e-01,6.370164641815453388e-01,-4.795653876012559436e-01,1.806646081704942342e+00,-1.178868221199684679e-01,1.962076347349431060e+01,1.836326230298912776e+01,1.873010264098545363e+01,1.980699364132438234e+01,-9.793638176733859169e+00,-5.667747600098819172e-01,-9.843735230098810129e-01,5.985155460774718161e-01,-1.348612616883368753e+00,1.941510498709437016e+01,1.977413323275996504e+01,1.928923601244314767e+01,-1.388862624158629933e+00,2.343203604118468952e+00,7.709297751501750784e-02,-3.954565808216590761e-01,1.933166688942595712e+01,1.673902858268486327e+01,1.982343977240511634e+01,-4.680975455672025665e-01,-1.827945147354136102e-01,-3.125662792517610034e-01,-2.799152237417432687e-01,1.868479616409232236e+01
1.883014980409726391e+01,1.908865085729118860e+01,1.929290621913525783e+01,1.803993179134310765e+01,1.901734063677092834e+01,1.825172513472054447e+01,5.730842706516316554e+00,1.439982208258881041e-02,1.908156951565296566e+01,1.885933997533913242e+01,1.941440498813994964e+01,2.285252357977314297e+00,1.678075947143403823e+01,3.991667367402391281e-02,5.960833381759893523e-01,-1.210540944093853044e+00,1.668772911499519296e+01,6.322048036886769751e+01,1.891175924688424459e+01,1.945041565299328212e+01,1.856477532156835508e+01,-2.078691160255640824e+00,1.573326081161670720e+00,-3.300865690789982487e+00,1.853755826104193927e-01,-1.169985740804103530e-01,2.133441308074440101e+01,1.921160463972065102e+01,1.860294635244193984e+01,1.656104317440017226e+01,-1.661798127765360844e+00,-6.570700317280964153e-01,-3.850675193646030947e-01,-6.108513066243330680e-01,5.302189046937927586e+00,-2.963842741566378614e+00,1.417320087023519015e+01,1.898776289513408599e+01,1.766565691745109490e+01,2.313858236983736916e+01,1.880559056259569317e+01,4.001948444071743993e-01,-1.523723163782450740e+01,1.981908439628025542e+00,-1.949036623024088311e+00,-1.606323644589350286e-01,5.092459486791188761e-01,-2.080126906888249394e+01,2.007429564030022107e+01,1.920007538176662010e+01,2.749491984359075047e+01,1.853116257860863669e+01,-1.014511905181943868e-01,-1.725502012641267680e+00,-1.234808778803907214e-01,1.784760657530038153e-01,-9.698607262833681963e-02,4.616128359232092304e-01,1.876352906674702226e+01,1.857174055290975190e+01,2.264453319903303807e+01,1.766088608115231651e+01,5.975988221393236932e-01,6.370164641815453388e-01,-4.887623136191118212e-01,1.806646081704942342e+00,-1.178868221199684679e-01,1.962076347349431060e+01,1.836326230298912776e+01,1.873010264098545363e+01,1.980699364132438234e+01,-9.793638176733859169e+00,-5.667747600098819172e-01,-9.843735230098810129e-01,5.985155460774718161e-01,-1.348612616883368753e+00,1.941510498709437016e+01,1.977413323275996504e+01,1.928923601244314767e+01,-1.388862624158629933e+00,2.343203604118468952e+00,7.709297751501750784e-02,-3.892437013365140364e-01,1.933166688942595712e+01,1.673902858268486327e+01,1.982343977240511634e+01,-4.712360568835600727e-01,-1.827945147354136102e-01,-3.125662792517610034e-01,-2.799152237417432687e-01,1.868479616409232236e+01
1.883014980409726391e+01,1.908865085729118860e+01,1.929290621913525783e+01,1.803993179134310765e+01,1.901734063677092834e+01,1.825172513472054447e+01,5.730842706516316554e+00,1.439982208258881041e-02,1.908156951565296566e+01,1.885933997533913242e+01,1.941440498813994964e+01,2.285252357977314297e+00,1.678075947143403823e+01,3.991667367402391281e-02,5.960833381759893523e-01,-1.210540944093853044e+00,1.668772911499519296e+01,6.322048036886769751e+01,1.891175924688424459e+01,1.945041565299328212e+01,1.856477532156835508e+01,-2.078691160255640824e+00,1.573322021182924191e+00,-3.300874414341153251e+00,1.853755826104193927e-01,-1.169985740804103530e-01,2.133441308074440101e+01,1.921160463972065102e+01,1.860294635244193984e+01,1.656104317440017226e+01,-1.661866318596346259e+00,-6.570700317280964153e-01,-3.850675193646030947e-01,-6.108513066243330680e-01,5.302189046937927586e+00,-2.963842741566378614e+00,1.417320087023519015e+01,1.898776289513408599e+01,1.766565691745109490e+01,2.313858236983736916e+01,1.880559056259569317e+01,4.001948444071743993e-01,-1.523723163782450740e+01,1.981908439628025542e+00,-1.949036623024088311e+00,-1.606323644589350286e-01,5.092459486791188761e-01,-2.080126906888249394e+01,2.007429564030022107e+01,1.920007538176662010e+01,2.749491984359075047e+01,1.853116257860863669e+01,-1.014511905181943868e-01,-1.725502012641267680e+00,-1.234808778803907214e-01,1.784760657530038153e-01,-9.698607262833681963e-02,4.616128359232092304e-01,1.876352906674702226e+01,1.857174055290975190e+01,2.264453319903303807e+01,1.766088608115231651e+01,5.975988221393236932e-01,6.370368076562290538e-01,-4.887623136191118212e-01,1.806646081704942342e+00,-1.178868221199684679e-01,1.962076347349431060e+01,1.836334382595548931e+01,1.873010264098545363e+01,1.980699364132438234e+01,-9.793638176733859169e+00,-5.667747600098819172e-01,-9.843735230098810129e-01,5.985197807920902280e-01,-1.348612616883368753e+00,1.941510498709437016e+01,1.977413323275996504e+01,1.928925067278141370e+01,-1.388862624158629933e+00,2.343203604118468952e+00,7.709297751501750784e-02,-3.892437013365140364e-01,1.933166688942595712e+01,1.673902858268486327e+01,1.982344320158455986e+01,-4.712360568835600727e-01,-1.827661330724401068e-01,-3.125662792517610034e-01,-2.799152237417432687e-01,1.868479616409232236e+01
1.883014980409726391e+01,1.908865085729118860e+01,1.929290621913525783e+01,1.803993179134310765e+01,1.901734063677092834e+01,1.825172513472054447e+01,5.730842706516316554e+00,1.873386959727230822e-02,1.908156951565296566e+01,1.885933997533913242e+01,1.941440498813994964e+01,2.285252357977314297e+00,1.678075947143403823e+01,3.991667367402391281e-02,5.960833381759893523e-01,-1.210540944093853044e+00,1.668772911499519296e+01,6.322048036886769751e+01,1.891175924688424459e+01,1.945041565299328212e+01,1.855340322559364807e+01,-2.074043605673571822e+00,1.573322021182924191e+00,-3.300874414341153251e+00,1.853755826104193927e-01,-1.169985740804103530e-01,2.133441308074440101e+01,1.921160463972065102e+01,1.860294635244193984e+01,1.656104317440017226e+01,-1.661866318596346259e+00,-6.624090968635643062e-01,-3.850675193646030947e-01,-6.108513066243330680e-01,5.302189046937927586e+00,-2.956168088007037564e+00,1.417320087023519015e+01,1.898776289513408599e+01,1.766565691745109490e+01,2.313858236983736916e+01,1.880559056259569317e+01,4.001948444071743993e-01,-1.523723163782450740e+01,1.981908439628025542e+00,-1.949036623024088311e+00,-1.606323644589350286e-01,5.092459486791188761e-01,-2.080126906888249394e+01,2.007429564030022107e+01,1.920007538176662010e+01,2.749491984359075047e+01,1.853116257860863669e+01,-1.014511905181943868e-01,-1.725502012641267680e+00,-1.234808778803907214e-01,1.862576009125773424e-01,-9.698607262833681963e-02,4.616128359232092304e-01,1.876352906674702226e+01,1.857174055290975190e+01,2.264453319903303807e+01,1.766088608115231651e+01,5.975988221393236932e-01,6.370368076562290538e-01,-4.887623136191118212e-01,1.806646081704942342e+00,-1.178868221199684679e-01,1.962514000509223422e+01,1.836334382595548931e+01,1.873010264098545363e+01,1.980699364132438234e+01,-9.793638176733859169e+00,-5.667747600098819172e-01,-9.843735230098810129e-01,5.985197807920902280e-01,-1.342892555050457126e+00,1.940631468918295610e+01,1.977413323275996504e+01,1.928925067278141370e+01,-1.388862624158629933e+00,2.343203604118468952e+00,7.709297751501750784e-02,-3.892437013365140364e-01,1.933166688942595712e+01,1.673902858268486327e+01,1.982344320158455986e+01,-4.712360568835600727e-01,-1.827661330724401068e-01,-3.125662792517610034e-01,-2.799152237417432687e-01,1.868479616409232236e+01
1.883014980409726391e+01,1.908865085729118860e+01,1.929290621913525783e+01,1.803993179134310765e+01,1.901734063677092834e+01,1.825172513472054447e+01,5.730842706516316554e+00,1.873386959727230822e-02,1.908156951565296566e+01,1.883999120477472999e+01,1.941440498813994964e+01,2.285252357977314297e+00,1.678075947143403823e+01,3.752304149548962853e-02,5.894390967652213265e-01,-1.271907083262834526e+00,1.668772911499519296e+01,6.322048036886769751e+01,1.891175924688424459e+01,1.944519693874337207e+01,1.855340322559364807e+01,-2.074043605673571822e+00,1.573322021182924191e+00,-3.300874414341153251e+00,1.853755826104193927e-01,-9.998602146303622873e-02,2.133441308074440101e+01,1.921160463972065102e+01,1.860294635244193984e+01,1.656104317440017226e+01,-1.661866318596346259e+00,-6.624090968635643062e-01,-3.850675193646030947e-01,-6.108513066243330680e-01,5.302189046937927586e+00,-2.956168088007037564e+00,1.417320087023519015e+01,1.898776289513408599e+01,1.766565691745109490e+01,2.313858236983736916e+01,1.880559056259569317e+01,4.001948444071743993e-01,-1.523723163782450740e+01,1.981908439628025542e+00,-1.949036623024088311e+00,-1.606323644589350286e-01,5.092459486791188761e-01,-2.080126906888249394e+01,2.007894761459620270e+01,1.920007538176662010e+01,2.749491984359075047e+01,1.853116257860863669e+01,-1.014511905181943868e-01,-1.725502012641267680e+00,-1.234808778803907214e-01,1.862576009125773424e-01,-9.084159554556289762e-02,4.616128359232092304e-01,1.876352906674702226e+01,1.857174055290975190e+01,2.264453319903303807e+01,1.766088608115231651e+01,5.975988221393236932e-01,6.370368076562290538e-01,-4.887623136191118212e-01,1.802819012802814092e+00,-1.178868221199684679e-01,1.962514000509223422e+01,1.836334382595548931e+01,1.873010264098545363e+01,1.980699364132438234e+01,-9.793638176733859169e+00,-5.667747600098819172e-01,-9.843735230098810129e-01,5.985197807920902280e-01,-1.342892555050457126e+00,1.940631468918295610e+01,1.977413323275996504e+01,1.928925067278141370e+01,-1.388862624158629933e+00,2.343203604118468952e+00,7.709297751501750784e-02,-3.892437013365140364e-01,1.933166688942595712e+01,1.673221326797695596e+01,1.982344320158455986e+01,-4.712360568835600727e-01,-1.827661330724401068e-01,-3.125662792517610034e-01,-2.799152237417432687e-01,1.868479616409232236e+01
