freq_GHz,S21_dB,S31_dB,S41_dB,S51_dB,S61_dB
1.000000000000000021e-02,-7.724599559799999327e+01,-7.509851905700000430e+01,-7.539473378799999637e+01,-7.441725394700000606e+01,-8.816034420200000454e+01
3.001001001000000099e-02,-8.917295781400000010e+01,-8.190060306899999887e+01,-8.045061193200000105e+01,-8.013915954899999861e+01,-8.122654317600000695e+01
5.002002002000000003e-02,-8.335297315299999354e+01,-7.916905452199999615e+01,-7.534371120199999439e+01,-8.288334445099999925e+01,-8.340157344000000705e+01
7.003003002999999560e-02,-7.966140291600000012e+01,-7.415216425600000605e+01,-8.684307314100000497e+01,-8.190933267100000137e+01,-7.882425925699999425e+01
9.004004004000000505e-02,-8.163082922099999905e+01,-8.504868560100000252e+01,-8.119522783499999719e+01,-8.107318120499999736e+01,-7.986658258200000660e+01
1.100500500500000006e-01,-9.436679744200000641e+01,-8.584899282199999959e+01,-7.651976272000000279e+01,-7.576531202099999973e+01,-8.104132935299999474e+01
1.300600600600000101e-01,-7.626208074699999884e+01,-7.867302825400000188e+01,-8.143717121199999553e+01,-8.731327870799999857e+01,-8.557403032800000631e+01
1.500700700700000056e-01,-8.478464877400000432e+01,-7.562576209200000221e+01,-8.559808195899999816e+01,-8.124772714099999860e+01,-7.626911256100000003e+01
1.700800800800000012e-01,-8.217266488299999594e+01,-8.904036299999999926e+01,-7.762488966300000470e+01,-8.717035885399999984e+01,-7.450701771100000315e+01
1.900900900899999968e-01,-8.586410700300000087e+01,-8.369463555500000496e+01,-7.563260960099999863e+01,-7.930993765099999848e+01,-8.237736582600000190e+01
2.101001000999999924e-01,-8.014179803499999366e+01,-7.791628281500000242e+01,-8.701462378499999772e+01,-8.394973177200000691e+01,-8.290789324700000407e+01
2.301101101100000157e-01,-9.008599106399999812e+01,-7.794489400999999873e+01,-9.376914752599999758e+01,-7.993119616500000291e+01,-8.006970241000000499e+01
2.501201201200000113e-01,-7.979907017200000041e+01,-7.831623438299999407e+01,-7.548897840099999712e+01,-7.585083987000000150e+01,-7.735856184600000063e+01
2.701301301299999791e-01,-9.547600984800000390e+01,-8.634090156300000274e+01,-7.343054528999999775e+01,-7.420365979700000025e+01,-7.725087469300000009e+01
2.901401401400000024e-01,-8.002719995799999708e+01,-8.909304695500000548e+01,-8.281683019899999465e+01,-7.825190164200000709e+01,-7.859140829300000064e+01
3.101501501499999702e-01,-7.860515317499999810e+01,-7.911616533699999820e+01,-9.337332036099999755e+01,-8.068262066500000174e+01,-7.730653682899999524e+01
3.301601601600000491e-01,-7.589247756000000322e+01,-7.795806609800000331e+01,-7.709696373900000310e+01,-7.854920631100000605e+01,-8.330959114499999885e+01
3.501701701700000169e-01,-7.842550806299999522e+01,-8.385607237300000349e+01,-7.399900239400000146e+01,-7.787452665399999319e+01,-7.062321639200000334e+01
3.701801801799999847e-01,-7.168628918800000349e+01,-7.774794910900000389e+01,-7.261633204000000319e+01,-7.938408992200000114e+01,-7.441676483000000530e+01
3.901901901900000080e-01,-7.452356905199999915e+01,-7.608737613300000646e+01,-7.269730243399999381e+01,-8.802598348499999759e+01,-7.466952993900000024e+01
4.102002001999999758e-01,-7.808604724999999291e+01,-7.620894981200000018e+01,-7.109425614600000642e+01,-8.462466329900000517e+01,-7.107064347399999349e+01
4.302102102099999992e-01,-8.199351406300000633e+01,-9.081643488400000308e+01,-7.848409985099999631e+01,-8.388873125700000344e+01,-7.769097054700000626e+01
4.502202202200000225e-01,-7.535898358999999402e+01,-7.703024367599999778e+01,-9.526479008399999771e+01,-8.150279984799999511e+01,-8.128680548299999487e+01
4.702302302300000458e-01,-7.358745283599999709e+01,-8.938140758500000516e+01,-7.417522972099999379e+01,-7.705810078400000407e+01,-7.436531630800000414e+01
4.902402402400000136e-01,-9.810106323799999473e+01,-7.620231289900000604e+01,-7.611708577699999978e+01,-7.284367629899999486e+01,-7.305097533599999338e+01
5.102502502500000370e-01,-9.952404373100000612e+01,-7.602266095100000598e+01,-6.916778263599999832e+01,-7.711704722400000378e+01,-7.554105094899999528e+01
5.302602602599999493e-01,-8.219247477400000434e+01,-7.483516469100000279e+01,-6.952456383599999867e+01,-8.046154363300000512e+01,-7.110504499900000042e+01
5.502702702699999726e-01,-6.639196146199999760e+01,-8.678203420100000187e+01,-6.602329790500000684e+01,-7.604111922799999945e+01,-6.398572027099999815e+01
5.702802802799999959e-01,-7.047285740799999587e+01,-8.156170891099999665e+01,-6.224137253399999992e+01,-7.248343364900000552e+01,-6.274090620500000171e+01
5.902902902899999082e-01,-8.163867899100000614e+01,-6.813239776300000017e+01,-6.018407284900000320e+01,-8.348695351599999981e+01,-5.941492368800000179e+01
6.103003002999999316e-01,-6.943784605700000157e+01,-6.679863535799999852e+01,-5.652287359700000025e+01,-7.224900176500000271e+01,-5.765666004500000241e+01
6.303103103099999549e-01,-6.686359968700000422e+01,-6.773394380300000250e+01,-5.401910146699999871e+01,-7.924329833900000608e+01,-5.744020801199999937e+01
6.503203203200000893e-01,-6.990164281399999879e+01,-6.523400352199999475e+01,-5.203058329000000271e+01,-7.261044288799999435e+01,-5.529178291499999887e+01
6.703303303300000016e-01,-7.656283636000000570e+01,-6.437656932800000220e+01,-4.927539665900000188e+01,-6.512846621100000277e+01,-5.151840761999999785e+01
6.903403403400000249e-01,-7.100679355399999793e+01,-5.967129043799999977e+01,-4.914075305400000104e+01,-6.799819593099999793e+01,-4.982128362800000332e+01
7.103503503500000482e-01,-6.388098934700000342e+01,-5.922420206200000337e+01,-4.761458024899999941e+01,-6.535049990400000297e+01,-4.835097360200000338e+01
7.303603603599999605e-01,-5.802116676800000050e+01,-5.445505280999999798e+01,-4.771402996199999791e+01,-6.843371249000000489e+01,-4.683195851699999679e+01
7.503703703699999839e-01,-5.893449993200000137e+01,-5.449253858600000200e+01,-4.862227151999999819e+01,-7.081635529499999393e+01,-4.506646570299999865e+01
7.703803803800000072e-01,-5.756130037599999838e+01,-5.674258638599999927e+01,-4.797475799000000052e+01,-6.597620689800000093e+01,-4.472995086000000242e+01
7.903903903900000305e-01,-5.649306260899999899e+01,-5.525646279000000050e+01,-4.732609340700000189e+01,-6.544520313399999623e+01,-4.341017000800000147e+01
8.104004003999999428e-01,-5.427649621100000132e+01,-5.877476812599999789e+01,-4.713934054399999951e+01,-7.078032602499999371e+01,-4.305753272100000117e+01
8.304104104099999661e-01,-5.367864363099999991e+01,-6.745012580300000593e+01,-4.857138469600000263e+01,-6.508727255200000172e+01,-4.298479378500000081e+01
8.504204204199999895e-01,-5.267864576800000265e+01,-5.785811099099999666e+01,-4.910606043100000306e+01,-6.181224093800000219e+01,-4.387345120700000223e+01
8.704304304299999018e-01,-5.300898394299999694e+01,-5.563630898299999927e+01,-4.805204548399999709e+01,-6.500333554200000208e+01,-4.418339154000000235e+01
8.904404404400000361e-01,-5.404895772399999743e+01,-5.755053620999999708e+01,-4.773220426400000349e+01,-6.115653466900000268e+01,-4.329335879100000284e+01
9.104504504500000595e-01,-5.167261987900000264e+01,-5.747228073699999840e+01,-4.737509388600000193e+01,-5.837299049500000336e+01,-4.334463877000000309e+01
9.304604604600000828e-01,-5.420779972500000099e+01,-5.767877202199999687e+01,-4.777557090599999867e+01,-6.164083359800000039e+01,-4.378764597699999683e+01
9.504704704699999951e-01,-5.444763388100000157e+01,-5.642542637900000102e+01,-4.823130642699999981e+01,-5.904033854600000097e+01,-4.349637239500000163e+01
9.704804804800000184e-01,-5.537534749900000008e+01,-5.858441581099999951e+01,-4.808230978000000277e+01,-6.269935268199999712e+01,-4.444858945899999725e+01
9.904904904900000417e-01,-5.427533155599999759e+01,-6.565470558299999482e+01,-4.957371553600000169e+01,-6.123418511399999886e+01,-4.519394686399999728e+01
1.010500500500000065e+00,-5.599031968700000306e+01,-6.888554059099999449e+01,-4.873231917500000066e+01,-6.399630682299999762e+01,-4.607501366900000050e+01
1.030510510500000088e+00,-5.785092810100000094e+01,-6.196959935299999955e+01,-4.948148988700000217e+01,-6.531337302100000386e+01,-4.622778645399999675e+01
1.050520520500000110e+00,-5.958328625699999748e+01,-6.143931315799999737e+01,-4.881216562699999884e+01,-6.223771489800000012e+01,-4.634432857699999886e+01
1.070530530499999911e+00,-5.983254965900000144e+01,-6.106920492199999728e+01,-5.030116646199999764e+01,-6.313989454000000023e+01,-4.609639059900000291e+01
1.090540540499999933e+00,-5.888404473300000319e+01,-6.266249848599999694e+01,-4.962004340099999666e+01,-6.321064044799999948e+01,-4.577267429599999815e+01
1.110550550599999964e+00,-6.443381703000000016e+01,-6.417117161100000544e+01,-4.954768559000000039e+01,-6.029335870700000299e+01,-4.545161930999999811e+01
1.130560560599999986e+00,-6.766900830599999495e+01,-6.415828766699999619e+01,-5.023249338499999794e+01,-6.588803524200000084e+01,-4.504940878899999745e+01
1.150570570600000009e+00,-6.638580235199999890e+01,-6.772136899900000628e+01,-4.923490970299999958e+01,-6.581568111400000021e+01,-4.426540058399999822e+01
1.170580580599999809e+00,-6.118561448100000177e+01,-6.999293850099999759e+01,-4.901114411599999698e+01,-6.841191632999999683e+01,-4.402293721800000270e+01
1.190590590599999832e+00,-7.343694031200000438e+01,-7.141026029500000050e+01,-4.772224134399999684e+01,-7.222019252500000164e+01,-4.339221565199999731e+01
1.210600600599999854e+00,-6.691897716500000115e+01,-6.957124022000000707e+01,-4.650280125500000139e+01,-6.583085039499999880e+01,-4.315201110800000350e+01
1.230610610599999877e+00,-6.561676932700000009e+01,-6.858458659900000498e+01,-4.503890529800000309e+01,-6.477232716700000026e+01,-4.275665083500000208e+01
1.250620620599999899e+00,-7.269508908100000610e+01,-6.457822581000000639e+01,-4.407602218000000249e+01,-6.970857487600000013e+01,-4.263553978400000233e+01
1.270630630599999922e+00,-5.722057565800000134e+01,-7.011436601699999471e+01,-4.399424839899999995e+01,-7.357092554300000131e+01,-4.198779240900000076e+01
1.290640640599999944e+00,-6.108753858299999706e+01,-6.231483533099999761e+01,-4.348059514399999870e+01,-6.457710420200000101e+01,-4.128444140100000226e+01
1.310650650699999975e+00,-5.997337989199999697e+01,-6.282110706400000311e+01,-4.302901814999999885e+01,-6.248576762700000131e+01,-4.153911932399999785e+01
1.330660660699999998e+00,-5.403006798999999916e+01,-5.534626353600000215e+01,-4.263055955600000146e+01,-6.286027399500000001e+01,-4.161768689699999868e+01
1.350670670700000020e+00,-5.634162500299999721e+01,-5.548167587599999706e+01,-4.188132206899999943e+01,-6.534037127499999542e+01,-4.163386897000000175e+01
1.370680680700000043e+00,-5.226095343299999740e+01,-6.156990270600000059e+01,-4.108030090100000109e+01,-7.219682938399999728e+01,-4.101511555799999798e+01
1.390690690700000065e+00,-5.464881887300000329e+01,-5.920267843399999919e+01,-4.096253361600000176e+01,-7.416109903699999961e+01,-4.021968878599999897e+01
1.410700700700000088e+00,-5.298886175599999859e+01,-6.559836083099999371e+01,-3.939544010200000201e+01,-6.426109942399999397e+01,-3.982530973099999727e+01
1.430710710700000110e+00,-5.178464009500000031e+01,-5.968718386300000134e+01,-3.900599114799999967e+01,-6.114130704499999780e+01,-3.883669356800000116e+01
1.450720720700000133e+00,-5.204234764800000335e+01,-5.790266122199999899e+01,-3.805112438500000138e+01,-6.524693797300000142e+01,-3.802165211900000230e+01
1.470730730700000155e+00,-4.997260475200000229e+01,-5.719590732000000344e+01,-3.731115479799999690e+01,-7.029184378700000480e+01,-3.623182099000000278e+01
1.490740740699999956e+00,-4.823706375500000121e+01,-5.494462650599999876e+01,-3.597706963800000324e+01,-6.512946368199999370e+01,-3.509317468100000070e+01
1.510750750799999986e+00,-4.740145569599999931e+01,-5.562491678899999670e+01,-3.471053092500000048e+01,-7.703915333000000487e+01,-3.392082907900000066e+01
1.530760760800000009e+00,-4.734965032000000207e+01,-5.973436628900000045e+01,-3.360380095099999664e+01,-6.744765439600000434e+01,-3.275361865299999664e+01
1.550770770800000031e+00,-4.682890910500000103e+01,-6.316767973999999697e+01,-3.257906737300000088e+01,-5.635144892299999952e+01,-3.175020513100000130e+01
1.570780780800000054e+00,-4.834517318099999983e+01,-5.936646543999999892e+01,-3.202165191099999930e+01,-5.408411698399999779e+01,-3.100528428200000164e+01
1.590790790799999854e+00,-4.866132598299999756e+01,-6.159884580500000339e+01,-3.203154077699999647e+01,-5.385475906199999940e+01,-3.079895181499999879e+01
1.610800800799999877e+00,-5.269058707100000305e+01,-5.541940122399999780e+01,-3.264125701999999762e+01,-5.773145903099999998e+01,-3.069889495299999993e+01
1.630810810799999899e+00,-5.337389845300000246e+01,-5.348130890299999862e+01,-3.179169754300000150e+01,-5.727362644800000169e+01,-3.060644192000000174e+01
1.650820820799999922e+00,-5.036968263600000029e+01,-5.447263256699999801e+01,-3.102695081699999946e+01,-5.964089558300000249e+01,-3.000658417600000050e+01
1.670830830799999944e+00,-5.181627390799999944e+01,-5.099991081499999979e+01,-3.015233156800000103e+01,-5.430404117100000150e+01,-2.940370724799999991e+01
1.690840840799999967e+00,-4.643724339599999951e+01,-5.103994472299999785e+01,-2.951566896799999995e+01,-5.237929540399999695e+01,-2.838807941299999982e+01
1.710850850899999998e+00,-4.533213212500000111e+01,-5.331268130499999813e+01,-2.933979912899999931e+01,-5.126631837699999750e+01,-2.753514568800000006e+01
1.730860860900000020e+00,-4.469053962600000318e+01,-5.624650968600000311e+01,-2.957386273899999907e+01,-5.308183406399999882e+01,-2.733696912099999921e+01
1.750870870900000043e+00,-4.383501767500000312e+01,-6.130356661199999735e+01,-3.031738880500000022e+01,-5.394280717299999850e+01,-2.774800297199999832e+01
1.770880880900000065e+00,-4.427965657699999724e+01,-6.503857774399999414e+01,-3.138807821500000017e+01,-5.427894750699999804e+01,-2.821799713000000054e+01
1.790890890900000088e+00,-4.446580333099999649e+01,-5.227951073999999920e+01,-3.261442722500000002e+01,-5.795651096099999933e+01,-2.869016361499999945e+01
1.810900900900000110e+00,-4.541145706599999698e+01,-5.061714477099999954e+01,-3.345032089099999695e+01,-5.622935350099999852e+01,-2.935836520999999877e+01
1.830910910900000133e+00,-4.637515704300000152e+01,-5.111497726500000027e+01,-3.400338021700000013e+01,-5.193606948600000095e+01,-2.990933392999999896e+01
1.850920920900000155e+00,-4.993791025600000211e+01,-5.205195448900000343e+01,-3.488200802600000117e+01,-5.421474487799999764e+01,-3.095558014699999916e+01
1.870930930900000178e+00,-5.167916598899999769e+01,-5.301135993700000171e+01,-3.511274161200000066e+01,-5.531449969799999877e+01,-3.200629279000000338e+01
1.890940940900000200e+00,-5.244886039400000044e+01,-5.621842341199999993e+01,-3.598151127300000240e+01,-5.441701622000000071e+01,-3.218043643499999718e+01
1.910950951000000009e+00,-5.944386175500000036e+01,-5.478160445900000042e+01,-3.606706870499999695e+01,-5.307706245400000000e+01,-3.246981649199999964e+01
1.930960961000000031e+00,-5.804920800200000031e+01,-5.536354968599999893e+01,-3.633180244300000084e+01,-5.287532420499999830e+01,-3.211428622300000058e+01
1.950970971000000054e+00,-5.671998411799999928e+01,-4.961402638300000234e+01,-3.585264486199999823e+01,-5.618790245200000300e+01,-3.168302425399999933e+01
1.970980981000000076e+00,-6.377748829200000102e+01,-5.072575998300000322e+01,-3.571519697400000126e+01,-6.261480820799999947e+01,-3.159409229899999971e+01
1.990990991000000099e+00,-6.105629293900000221e+01,-4.986947688800000122e+01,-3.527935220599999866e+01,-6.777078002700000070e+01,-3.124495073299999959e+01
2.011001000999999899e+00,-5.966786024799999666e+01,-5.249280133999999975e+01,-3.571981205800000225e+01,-5.765746941900000166e+01,-3.111543212400000158e+01
2.031011010999999922e+00,-5.941843357599999820e+01,-5.228799182200000217e+01,-3.626546538200000214e+01,-5.875995005499999735e+01,-3.120305267699999874e+01
2.051021020999999944e+00,-5.760606188799999927e+01,-5.187149666500000222e+01,-3.560166697700000071e+01,-5.947641777100000127e+01,-3.081961077100000068e+01
2.071031030999999967e+00,-6.013410821600000133e+01,-5.110609888500000153e+01,-3.465643047900000084e+01,-6.128018608499999687e+01,-3.047463272999999973e+01
2.091041040999999989e+00,-5.662974699499999787e+01,-4.909396324099999731e+01,-3.416023092399999683e+01,-5.777479828799999950e+01,-3.035248692100000056e+01
2.111051051100000020e+00,-5.374784483599999874e+01,-4.870545942799999750e+01,-3.420036781499999989e+01,-6.478150268199999573e+01,-3.025720326800000137e+01
2.131061061100000043e+00,-5.447062944200000345e+01,-4.642912543199999931e+01,-3.458199217100000311e+01,-6.199496596600000231e+01,-3.005407104000000018e+01
2.151071071100000065e+00,-5.206975901700000264e+01,-4.808218441100000007e+01,-3.430211703700000214e+01,-5.752655736199999836e+01,-3.004393726400000020e+01
2.171081081100000088e+00,-4.977136186500000292e+01,-4.633919684100000325e+01,-3.362079493200000258e+01,-6.111938750499999884e+01,-3.004634320999999986e+01
2.191091091100000110e+00,-5.091231804000000238e+01,-4.645156015399999916e+01,-3.265108528199999682e+01,-5.588225090299999920e+01,-3.027329895100000101e+01
2.211101101099999688e+00,-4.780832050400000099e+01,-4.749893122600000339e+01,-3.226814262799999966e+01,-6.019187362299999933e+01,-3.053605443800000074e+01
2.231111111099999711e+00,-4.791619418100000161e+01,-4.993088860999999667e+01,-3.230649553199999957e+01,-6.199875716900000100e+01,-3.043454888699999827e+01
2.251121121099999733e+00,-4.811972564500000260e+01,-4.826220966199999651e+01,-3.280171310200000079e+01,-6.205045031600000272e+01,-3.036652923500000156e+01
2.271131131099999756e+00,-4.723667998300000193e+01,-5.016828496600000165e+01,-3.316896339899999901e+01,-6.060928903300000314e+01,-3.039451970600000053e+01
2.291141141099999778e+00,-4.770372826500000230e+01,-4.878499975500000119e+01,-3.289905435400000044e+01,-7.981778232099999570e+01,-3.050467315599999907e+01
2.311151151199999809e+00,-4.719444487999999893e+01,-4.867925715999999881e+01,-3.224669017000000082e+01,-7.184644932400000528e+01,-3.026897145999999950e+01
2.331161161199999832e+00,-4.551626869999999769e+01,-4.787289342599999742e+01,-3.189715044900000152e+01,-6.625118649399999526e+01,-2.962282216299999860e+01
2.351171171199999854e+00,-4.520540389300000328e+01,-4.614258605799999913e+01,-3.109745252200000110e+01,-6.238816265999999899e+01,-2.903468147699999946e+01
2.371181181199999877e+00,-4.488873082399999959e+01,-4.537258461999999781e+01,-3.085785959000000034e+01,-7.176189945800000203e+01,-2.836703798499999962e+01
2.391191191199999899e+00,-4.572117037000000295e+01,-4.622443595299999686e+01,-3.065184549700000005e+01,-6.091265972699999764e+01,-2.793047977699999862e+01
2.411201201199999922e+00,-4.476322012100000336e+01,-4.614480135299999830e+01,-3.017745840399999935e+01,-6.458045110700000180e+01,-2.769505828100000144e+01
2.431211211199999944e+00,-4.416444125499999984e+01,-4.516239742700000193e+01,-3.002177422000000107e+01,-7.847793217800000320e+01,-2.748352091599999980e+01
2.451221221199999967e+00,-4.593634071999999691e+01,-4.703273386499999731e+01,-2.967365542800000000e+01,-6.239395048099999741e+01,-2.757401468999999850e+01
2.471231231199999989e+00,-4.716367907800000125e+01,-4.879549750200000346e+01,-2.959895109700000049e+01,-6.107246573900000186e+01,-2.759403215000000031e+01
2.491241241200000012e+00,-4.599138352500000337e+01,-4.829627604200000235e+01,-2.967990069500000061e+01,-5.969731395699999865e+01,-2.771541826099999994e+01
2.511251251300000042e+00,-4.910418119700000261e+01,-4.636208254600000345e+01,-2.980254128300000005e+01,-5.530476653400000231e+01,-2.778282455000000084e+01
2.531261261300000065e+00,-4.731611786900000283e+01,-4.592999167100000335e+01,-3.016483214699999849e+01,-5.754120847099999736e+01,-2.806049188200000089e+01
2.551271271300000087e+00,-4.753894450100000313e+01,-4.532275350399999780e+01,-3.060589324600000083e+01,-5.919915823099999841e+01,-2.849998185800000172e+01
2.571281281300000110e+00,-4.818480614199999934e+01,-4.535269495499999692e+01,-3.096176300400000159e+01,-6.616867284900000357e+01,-2.923972413399999937e+01
2.591291291300000132e+00,-4.754425103300000188e+01,-4.525982477699999862e+01,-3.131768117500000059e+01,-6.121029980200000153e+01,-2.944146561399999840e+01
2.611301301300000155e+00,-4.913384907500000054e+01,-4.384885160200000342e+01,-3.176744626600000032e+01,-5.793172313099999826e+01,-2.968570234699999943e+01
2.631311311300000177e+00,-4.796957311999999973e+01,-4.417723440700000026e+01,-3.221832952700000163e+01,-5.854798390999999924e+01,-2.953702110600000097e+01
2.651321321300000200e+00,-4.919458329799999774e+01,-4.468678989800000068e+01,-3.228135439700000120e+01,-5.540993364999999926e+01,-2.956342865999999958e+01
2.671331331300000222e+00,-4.810799649399999822e+01,-4.505754480899999947e+01,-3.231804930999999925e+01,-5.885417530800000208e+01,-2.985362481399999979e+01
2.691341341300000245e+00,-5.209429452999999910e+01,-4.789419453499999690e+01,-3.227819467999999858e+01,-5.959862432999999982e+01,-2.996903910400000015e+01
2.711351351400000276e+00,-5.076109486499999690e+01,-4.716788163399999689e+01,-3.224810385600000018e+01,-6.337259715700000129e+01,-3.000714459299999959e+01
2.731361361400000298e+00,-5.418246139200000044e+01,-5.040818934600000034e+01,-3.250658344699999702e+01,-6.643994144799999901e+01,-2.999383647000000153e+01
2.751371371399999877e+00,-6.022769765599999658e+01,-5.455036920300000247e+01,-3.272507434399999937e+01,-5.707437840400000084e+01,-3.013170290500000092e+01
2.771381381399999899e+00,-5.811193507699999827e+01,-5.523232211900000266e+01,-3.284962851400000261e+01,-6.063911505600000140e+01,-2.972895909800000069e+01
2.791391391399999922e+00,-5.900425732499999754e+01,-6.094769379299999912e+01,-3.309100072900000100e+01,-6.367733455399999798e+01,-2.988996883300000107e+01
2.811401401399999944e+00,-5.381116727599999905e+01,-6.468182080200000428e+01,-3.278270357099999899e+01,-6.761224282099999527e+01,-2.951168386000000154e+01
2.831411411399999967e+00,-5.609019038299999949e+01,-6.859085231900000679e+01,-3.260141785300000095e+01,-5.875333765100000250e+01,-2.943200326999999916e+01
2.851421421399999989e+00,-5.547608737800000256e+01,-6.045593129099999885e+01,-3.267361272000000127e+01,-6.025773016099999779e+01,-2.909086660599999874e+01
2.871431431400000012e+00,-5.906859772600000014e+01,-6.495581438600000013e+01,-3.248786820499999806e+01,-6.039682661199999814e+01,-2.900450885000000056e+01
2.891441441400000034e+00,-5.312949490399999775e+01,-7.182840856500000370e+01,-3.225911580799999712e+01,-5.526518517200000247e+01,-2.869176114000000055e+01
2.911451451500000065e+00,-5.544901254100000187e+01,-5.891435570099999808e+01,-3.237435579800000340e+01,-5.673937473499999840e+01,-2.840411864300000033e+01
2.931461461500000087e+00,-5.449087997499999858e+01,-5.403159753799999976e+01,-3.266118945899999915e+01,-5.644118845500000248e+01,-2.854685646900000151e+01
2.951471471500000110e+00,-5.117986426400000255e+01,-5.466153374700000001e+01,-3.271558052999999688e+01,-5.761389240399999778e+01,-2.844648062899999985e+01
2.971481481500000132e+00,-5.527776398099999966e+01,-5.324853805499999737e+01,-3.273926836199999713e+01,-5.509253450899999649e+01,-2.812849107799999970e+01
2.991491491500000155e+00,-5.113023521000000216e+01,-5.876392682499999864e+01,-3.299841393700000225e+01,-5.521893540599999994e+01,-2.790932223700000137e+01
3.011501501500000177e+00,-4.831319443499999977e+01,-5.438728279600000093e+01,-3.372435376399999996e+01,-5.384544542100000086e+01,-2.756932623799999860e+01
3.031511511500000200e+00,-5.078785283999999933e+01,-5.672426887900000025e+01,-3.360232181199999957e+01,-5.631360664299999996e+01,-2.708007917600000170e+01
3.051521521499999778e+00,-5.080155149600000186e+01,-5.970006312600000342e+01,-3.381348231700000184e+01,-5.422533757200000082e+01,-2.661330379900000054e+01
3.071531531499999801e+00,-4.995483996099999757e+01,-5.995656602799999746e+01,-3.373737643300000144e+01,-5.336315629399999949e+01,-2.636099699500000071e+01
3.091541541499999823e+00,-4.764740517300000278e+01,-6.206142269099999709e+01,-3.351667655899999687e+01,-5.442706506900000107e+01,-2.612634861600000136e+01
3.111551551599999854e+00,-5.086574988099999928e+01,-6.098810390900000300e+01,-3.337169383100000175e+01,-6.186208210200000224e+01,-2.599805612400000143e+01
3.131561561599999877e+00,-4.956376204800000096e+01,-5.301756566600000298e+01,-3.271036129099999812e+01,-6.028764254499999709e+01,-2.571966955399999932e+01
3.151571571599999899e+00,-4.974683166399999834e+01,-5.374677078900000282e+01,-3.265418824500000028e+01,-6.221449785000000077e+01,-2.556478465800000066e+01
3.171581581599999922e+00,-4.821327284299999860e+01,-5.579767770499999813e+01,-3.243845748399999707e+01,-5.595107198099999835e+01,-2.521119814900000122e+01
3.191591591599999944e+00,-4.717615237300000075e+01,-5.242209925200000242e+01,-3.217900709199999909e+01,-6.208036794499999900e+01,-2.504407417299999850e+01
3.211601601599999967e+00,-4.863442346099999725e+01,-4.990416156900000288e+01,-3.177421804000000094e+01,-6.482905206200000237e+01,-2.490236716200000089e+01
3.231611611599999989e+00,-4.705985179599999668e+01,-4.998169703199999958e+01,-3.176471333599999980e+01,-7.097645958600000426e+01,-2.445093637100000095e+01
3.251621621600000012e+00,-5.122099577099999834e+01,-4.969401278800000199e+01,-3.202001276600000068e+01,-6.611059271400000625e+01,-2.444497965700000108e+01
3.271631631600000034e+00,-4.774238727200000199e+01,-4.919022641699999809e+01,-3.237283500499999889e+01,-6.824736622599999691e+01,-2.450746764799999866e+01
3.291641641600000057e+00,-5.144166170500000135e+01,-5.560626890999999716e+01,-3.220675049799999812e+01,-7.150004138799999964e+01,-2.457902137600000003e+01
3.311651651699999643e+00,-5.223461495000000099e+01,-5.394856640199999731e+01,-3.207707980899999711e+01,-6.158870828500000272e+01,-2.476535816100000176e+01
3.331661661699999666e+00,-5.167895526000000217e+01,-5.424721638500000154e+01,-3.180843896100000023e+01,-5.996032379599999729e+01,-2.474624854700000043e+01
3.351671671699999688e+00,-4.934022111600000216e+01,-5.418474691899999840e+01,-3.166005408999999915e+01,-7.213406647700000462e+01,-2.527186422100000129e+01
3.371681681699999711e+00,-5.036570186000000149e+01,-5.006121748700000040e+01,-3.096647616699999972e+01,-6.366532862700000095e+01,-2.537943389400000171e+01
3.391691691699999733e+00,-4.896383880500000174e+01,-5.466765355900000145e+01,-3.093127744999999962e+01,-6.988758660300000258e+01,-2.574812516800000139e+01
3.411701701699999756e+00,-4.967671273500000240e+01,-5.218849791000000238e+01,-3.129344502500000047e+01,-5.563666341500000101e+01,-2.629217665399999859e+01
3.431711711699999778e+00,-5.109181949199999906e+01,-5.342196064699999880e+01,-3.087893347700000035e+01,-5.489080122200000034e+01,-2.668305255499999973e+01
3.451721721699999801e+00,-5.464992592299999785e+01,-5.680608487899999659e+01,-3.103569348199999922e+01,-5.571539099999999678e+01,-2.749639736099999965e+01
3.471731731699999823e+00,-5.018896705600000274e+01,-5.323509192099999865e+01,-3.115074259000000012e+01,-5.618548770200000320e+01,-2.808181109499999906e+01
3.491741741699999846e+00,-4.946809481900000094e+01,-5.475797776499999969e+01,-3.137805782999999948e+01,-5.949373310000000004e+01,-2.861664605400000028e+01
3.511751751800000321e+00,-4.990849762300000236e+01,-5.684978542799999701e+01,-3.098098723300000046e+01,-6.033996129900000227e+01,-2.934014445000000038e+01
3.531761761800000343e+00,-4.663529643900000110e+01,-5.954100334799999672e+01,-3.143821918000000082e+01,-5.592932826900000265e+01,-3.033572821899999994e+01
3.551771771800000366e+00,-4.626395428600000059e+01,-5.412664763000000079e+01,-3.078906553699999904e+01,-5.986118938500000297e+01,-3.098465342700000136e+01
3.571781781800000388e+00,-4.539145306199999652e+01,-5.674585601399999746e+01,-3.094074201200000118e+01,-5.420591805299999777e+01,-3.191623206099999877e+01
3.591791791800000411e+00,-4.500186380899999961e+01,-4.824422516999999999e+01,-3.078693428600000104e+01,-5.478425252899999975e+01,-3.299994885200000283e+01
3.611801801799999989e+00,-4.548524263299999859e+01,-5.181846237700000302e+01,-3.077627579299999994e+01,-5.372942009100000149e+01,-3.312736471000000193e+01
3.631811811800000012e+00,-4.638777160299999736e+01,-5.447697672299999994e+01,-3.121145118999999823e+01,-5.489722536000000019e+01,-3.364017024500000019e+01
3.651821821800000034e+00,-4.512329936700000133e+01,-5.149069747400000097e+01,-3.144472409799999824e+01,-5.891937138699999821e+01,-3.386708083500000299e+01
3.671831831800000057e+00,-4.972091145200000284e+01,-5.313555422799999661e+01,-3.148115658800000105e+01,-5.954816834500000056e+01,-3.339945848100000347e+01
3.691841841800000079e+00,-5.073309864200000163e+01,-5.813543268800000163e+01,-3.201002591499999994e+01,-5.547210263699999899e+01,-3.350974566000000010e+01
3.711851851900000110e+00,-4.856785124200000325e+01,-5.184728107600000158e+01,-3.178605967600000071e+01,-5.393253917900000260e+01,-3.341735769999999661e+01
3.731861861900000132e+00,-5.022806515500000302e+01,-4.952273193199999923e+01,-3.245843775000000164e+01,-5.846439901099999759e+01,-3.317349038399999728e+01
3.751871871900000155e+00,-4.983439368399999836e+01,-4.761425099200000233e+01,-3.269968475799999652e+01,-6.024930660599999754e+01,-3.278612675099999763e+01
3.771881881900000177e+00,-5.185327821399999948e+01,-5.039156267500000297e+01,-3.294306327599999662e+01,-6.345572399200000291e+01,-3.207768000200000102e+01
3.791891891900000200e+00,-4.958724931599999763e+01,-5.454082235399999945e+01,-3.326453034899999750e+01,-5.157027221199999900e+01,-3.100518641300000056e+01
3.811901901900000222e+00,-5.232818110600000239e+01,-5.812411120800000219e+01,-3.360845952900000100e+01,-5.593135775799999720e+01,-3.045296071299999952e+01
3.831911911900000245e+00,-5.725844334399999980e+01,-4.933008376299999753e+01,-3.380290473400000195e+01,-6.657364970999999798e+01,-3.021129304800000170e+01
3.851921921900000267e+00,-5.488381199900000240e+01,-5.370970766700000354e+01,-3.335465872399999654e+01,-5.927501903999999655e+01,-2.981122536299999837e+01
3.871931931900000290e+00,-5.276066283400000145e+01,-5.626703288800000280e+01,-3.362595175599999919e+01,-5.847342367000000252e+01,-2.920897495899999896e+01
3.891941941900000312e+00,-5.147864239100000106e+01,-6.281795854500000331e+01,-3.360589131700000110e+01,-5.850131865600000225e+01,-2.929526749900000127e+01
3.911951951999999899e+00,-4.820950113100000323e+01,-6.039436144799999795e+01,-3.329484943199999947e+01,-6.858650005500000191e+01,-2.915651122599999923e+01
3.931961961999999922e+00,-4.991730273600000345e+01,-5.725009427300000198e+01,-3.299222181300000045e+01,-6.245829177000000243e+01,-2.884659992399999950e+01
3.951971971999999944e+00,-5.695167640799999731e+01,-7.122621914399999810e+01,-3.238806589600000052e+01,-6.133442809000000295e+01,-2.867966857700000105e+01
3.971981981999999967e+00,-5.417450901800000196e+01,-5.431531846000000030e+01,-3.193568367299999977e+01,-6.855432251300000246e+01,-2.837892532500000087e+01
3.991991991999999989e+00,-5.019263574800000072e+01,-5.184025285900000313e+01,-3.173042878400000077e+01,-5.786770540199999857e+01,-2.825294085999999893e+01
4.012002002000000012e+00,-4.997308458399999864e+01,-5.509883802499999916e+01,-3.149168664700000164e+01,-6.657305929100000697e+01,-2.812389831699999831e+01
4.032012012000000034e+00,-5.868884086700000324e+01,-5.879113410000000073e+01,-3.133110103399999957e+01,-5.970560258399999753e+01,-2.787615984600000019e+01
4.052022022000000057e+00,-5.208892428499999738e+01,-5.284734212499999728e+01,-3.100661935899999833e+01,-6.054130056700000040e+01,-2.813787099700000027e+01
4.072032032000000079e+00,-5.489158623299999817e+01,-4.821607441700000152e+01,-3.090973600499999918e+01,-5.921741954600000213e+01,-2.792514221400000096e+01
4.092042042000000102e+00,-5.037604474100000118e+01,-4.980000359600000337e+01,-3.076766026499999995e+01,-7.224641793600000028e+01,-2.836029294300000103e+01
4.112052052100000132e+00,-5.112261176300000187e+01,-5.184032583500000158e+01,-3.041926526600000003e+01,-6.181004423800000325e+01,-2.797879467599999970e+01
4.132062062100000155e+00,-5.343229808800000313e+01,-5.250358567600000015e+01,-3.034446995800000124e+01,-7.170458588799999688e+01,-2.797021807300000162e+01
4.152072072100000177e+00,-5.225982976099999888e+01,-5.350137900200000018e+01,-3.003579537399999921e+01,-7.644224895499999661e+01,-2.810007310499999988e+01
4.172082082100000200e+00,-5.288555324899999732e+01,-4.917677511499999810e+01,-2.993570664800000003e+01,-6.529331725599999459e+01,-2.798659988700000056e+01
4.192092092100000222e+00,-5.003192836099999852e+01,-5.559188248000000243e+01,-3.014100049700000028e+01,-6.347104735700000333e+01,-2.821448662399999918e+01
4.212102102100000245e+00,-5.164931673400000278e+01,-5.665072179399999897e+01,-3.067291983000000144e+01,-5.867720209600000203e+01,-2.798405070900000169e+01
4.232112112100000267e+00,-5.270406603400000023e+01,-5.739265068400000303e+01,-3.043747085500000082e+01,-5.657718646000000007e+01,-2.824766739500000057e+01
4.252122122100000290e+00,-5.349109986399999883e+01,-5.449017794800000303e+01,-3.056878194200000110e+01,-6.017168069899999949e+01,-2.801323118699999881e+01
4.272132132100000312e+00,-6.274805074799999716e+01,-4.990523005600000062e+01,-3.087238763199999880e+01,-5.690067196500000080e+01,-2.781045058400000158e+01
4.292142142100000335e+00,-5.253205572699999948e+01,-5.305026706000000303e+01,-3.145148555300000126e+01,-6.267717191399999876e+01,-2.774910786199999890e+01
4.312152152199999477e+00,-4.913029630199999787e+01,-5.324139991999999921e+01,-3.165895247699999970e+01,-5.556983558600000350e+01,-2.779045604799999936e+01
4.332162162199999500e+00,-5.505530219500000300e+01,-5.407008201099999667e+01,-3.198054176200000143e+01,-5.426785129900000015e+01,-2.810076271599999842e+01
4.352172172199999522e+00,-6.201994146100000194e+01,-6.010476472399999892e+01,-3.243569805500000314e+01,-6.490195533499999669e+01,-2.856783149500000007e+01
4.372182182199999545e+00,-6.670909082299999682e+01,-6.630330955399999482e+01,-3.278763544800000318e+01,-5.920045593599999734e+01,-2.883866143999999920e+01
4.392192192199999567e+00,-5.517908526299999750e+01,-5.535929371600000337e+01,-3.387672549399999866e+01,-6.834060825199999556e+01,-2.955209016999999960e+01
4.412202202199999590e+00,-5.423120193599999794e+01,-5.637147200500000110e+01,-3.468822802999999766e+01,-5.809647877399999771e+01,-2.942868426700000128e+01
4.432212212199999612e+00,-5.241394959499999828e+01,-6.615501889399999413e+01,-3.441456940199999792e+01,-5.945586512100000220e+01,-3.004734548800000127e+01
4.452222222199999635e+00,-5.804956132099999877e+01,-5.807578666700000269e+01,-3.704561919500000045e+01,-5.452208725900000275e+01,-3.009573651399999861e+01
4.472232232199999657e+00,-5.433054139400000082e+01,-4.653855218399999671e+01,-3.723650449299999821e+01,-5.389895956600000204e+01,-3.010740871699999843e+01
4.492242242199999680e+00,-5.145092369500000018e+01,-5.318959990399999782e+01,-3.889840159599999936e+01,-6.079989934999999690e+01,-3.047510117199999868e+01
4.512252252300000599e+00,-5.143186325100000289e+01,-5.374365471000000127e+01,-3.998854829700000124e+01,-6.099377037499999687e+01,-3.074348337800000053e+01
4.532262262300000621e+00,-5.073014808300000311e+01,-5.554420075200000184e+01,-4.051963947699999835e+01,-5.869907337800000136e+01,-3.069091009999999997e+01
4.552272272299999756e+00,-5.390475191200000182e+01,-4.733601284200000237e+01,-4.236394658599999730e+01,-5.985985516600000267e+01,-3.186172605399999824e+01
4.572282282299999778e+00,-4.808951027100000175e+01,-4.955578762100000034e+01,-4.551758741500000127e+01,-6.608585925200000588e+01,-3.276107076800000328e+01
4.592292292299999801e+00,-5.273491277099999763e+01,-5.269143069799999779e+01,-5.122231928400000101e+01,-7.182678030900000010e+01,-3.253357346199999967e+01
4.612302302299999823e+00,-4.827500541399999889e+01,-5.097418622600000049e+01,-4.898196317000000022e+01,-5.672863705200000339e+01,-3.403293217200000242e+01
4.632312312299999846e+00,-4.974900729400000188e+01,-5.095740073000000336e+01,-4.840730058199999775e+01,-6.627964612099999897e+01,-3.508214505299999786e+01
4.652322322299999868e+00,-5.137366555999999918e+01,-4.627615787300000250e+01,-4.308720013800000004e+01,-5.687112648499999779e+01,-3.638709597700000131e+01
4.672332332299999891e+00,-5.270266758300000021e+01,-4.822542749400000162e+01,-4.263278609900000049e+01,-6.061336960500000259e+01,-3.662009212899999966e+01
4.692342342299999913e+00,-4.798794776900000159e+01,-5.138944844099999898e+01,-4.408280720999999858e+01,-7.844374135200000353e+01,-3.921400604800000167e+01
4.712352352399999944e+00,-5.004319944899999939e+01,-4.474011949999999871e+01,-4.071783921400000139e+01,-5.683575437999999735e+01,-3.941591696599999750e+01
4.732362362399999967e+00,-5.023912354099999789e+01,-4.671999824699999948e+01,-3.789126196299999805e+01,-5.549227654599999937e+01,-4.020437162599999681e+01
4.752372372399999989e+00,-5.301361397200000170e+01,-4.504149200100000172e+01,-3.645100714200000169e+01,-6.093461387899999693e+01,-3.844731255800000014e+01
4.772382382400000012e+00,-4.970270237900000154e+01,-4.288290162500000235e+01,-3.610020134300000194e+01,-6.892129798800000628e+01,-3.880987101000000195e+01
4.792392392400000034e+00,-5.082031790999999998e+01,-4.711867220399999923e+01,-3.513576868900000250e+01,-6.155519919500000015e+01,-3.691598842399999825e+01
4.812402402400000057e+00,-5.711481530700000064e+01,-4.905569558700000243e+01,-3.385280781400000194e+01,-7.583137839799999824e+01,-3.480369237499999713e+01
4.832412412399999191e+00,-5.673649209999999954e+01,-5.070540884199999709e+01,-3.273046658500000206e+01,-6.374440760600000289e+01,-3.349718713299999706e+01
4.852422422399999213e+00,-5.087174304300000216e+01,-4.825611083100000087e+01,-3.256551575499999984e+01,-5.846576613399999900e+01,-3.139316341800000032e+01
4.872432432399999236e+00,-4.954117455299999762e+01,-5.308351831600000281e+01,-3.238171373899999850e+01,-7.024071936299999663e+01,-3.103643600599999886e+01
4.892442442399999258e+00,-4.539490793400000257e+01,-4.813834954899999730e+01,-3.248483750199999776e+01,-6.011890259599999808e+01,-2.957327834199999828e+01
4.912452452500000177e+00,-4.909415934599999787e+01,-5.050017836499999646e+01,-3.161046230099999832e+01,-5.791783476100000172e+01,-2.847631694400000057e+01
4.932462462500000200e+00,-5.106088508799999914e+01,-4.792871745299999731e+01,-3.183532986599999859e+01,-5.657497526000000221e+01,-2.791831918600000151e+01
4.952472472500000222e+00,-5.480331120599999650e+01,-5.096990601499999940e+01,-3.201407839200000183e+01,-7.101427575200000319e+01,-2.740376696299999892e+01
4.972482482500000245e+00,-5.317604140099999910e+01,-5.695735035999999951e+01,-3.140796146799999988e+01,-6.693855493700000636e+01,-2.711469457300000130e+01
4.992492492500000267e+00,-5.862910517400000288e+01,-4.816304914900000256e+01,-3.098087965299999880e+01,-6.004109586900000295e+01,-2.634830714399999962e+01
5.012502502500000290e+00,-5.069576928200000054e+01,-4.754480897900000258e+01,-3.140769196899999827e+01,-6.342695018799999929e+01,-2.627525171199999932e+01
5.032512512500000312e+00,-5.317790333899999666e+01,-5.420508791099999968e+01,-3.135852906799999928e+01,-5.941011792100000122e+01,-2.600315283300000146e+01
5.052522522500000335e+00,-4.863521602499999830e+01,-5.137390933300000029e+01,-3.134719225399999942e+01,-5.547364553799999953e+01,-2.567070607599999832e+01
5.072532532500000357e+00,-5.290281197099999844e+01,-5.089421042200000045e+01,-3.161605079899999993e+01,-5.540262150299999888e+01,-2.580042217900000168e+01
5.092542542500000380e+00,-5.488931187400000056e+01,-5.035156346699999830e+01,-3.246495192100000082e+01,-8.175063626300000408e+01,-2.540712182200000058e+01
5.112552552600000411e+00,-5.277862155999999771e+01,-6.144538771100000218e+01,-3.302220363200000008e+01,-5.774784907400000122e+01,-2.544643421399999994e+01
5.132562562600000433e+00,-5.774929941199999917e+01,-4.688074121999999733e+01,-3.355381875999999863e+01,-5.922888701099999764e+01,-2.526116454199999950e+01
5.152572572600000456e+00,-5.663482781700000146e+01,-5.281023060999999785e+01,-3.349253485100000205e+01,-5.515180033299999707e+01,-2.494139208800000063e+01
5.172582582600000478e+00,-4.856805467499999907e+01,-5.214689825699999659e+01,-3.535041308699999973e+01,-6.074165996199999995e+01,-2.526452128300000055e+01
5.192592592600000501e+00,-5.162371602700000039e+01,-5.371290328700000316e+01,-3.613092657800000040e+01,-6.857167762400000299e+01,-2.514886371700000112e+01
5.212602602600000523e+00,-4.895630654200000009e+01,-5.421824634000000032e+01,-3.652624389300000018e+01,-5.738361488299999991e+01,-2.467255381800000080e+01
5.232612612600000546e+00,-5.534909857800000310e+01,-4.665828787299999902e+01,-3.585624497300000257e+01,-5.402153024900000133e+01,-2.501194450099999855e+01
5.252622622600000568e+00,-4.703605788600000182e+01,-5.397110882199999793e+01,-3.612764225600000145e+01,-6.266375009299999732e+01,-2.486093518199999863e+01
5.272632632600000591e+00,-5.862886012999999963e+01,-4.865096947699999674e+01,-3.557345470199999937e+01,-5.496313464100000346e+01,-2.465172279300000113e+01
5.292642642600000613e+00,-5.181710865499999841e+01,-4.707552600599999693e+01,-3.653543258300000218e+01,-5.731675888499999871e+01,-2.433984345500000046e+01
5.312652652699999756e+00,-5.632482065100000312e+01,-4.952822706700000310e+01,-3.452711053000000163e+01,-5.856633768900000092e+01,-2.431727807200000058e+01
5.332662662699999778e+00,-4.792405151599999868e+01,-5.094881297999999958e+01,-3.474406430100000165e+01,-5.733935221699999829e+01,-2.398436846299999914e+01
5.352672672699999801e+00,-4.580810266299999967e+01,-5.033118408499999674e+01,-3.482429462000000342e+01,-5.710661624499999789e+01,-2.384348710600000132e+01
5.372682682699999823e+00,-4.814505456599999889e+01,-5.210629884800000156e+01,-3.461678442899999908e+01,-5.130390772700000213e+01,-2.382694640500000105e+01
5.392692692699999846e+00,-4.268875592999999924e+01,-4.849249537899999751e+01,-3.378122587000000010e+01,-5.406478156899999732e+01,-2.347169273100000098e+01
5.412702702699999868e+00,-5.976989600099999933e+01,-4.745624717500000145e+01,-3.364750109100000230e+01,-5.981815362500000077e+01,-2.366538993500000032e+01
5.432712712699999891e+00,-4.589959441100000248e+01,-4.765158194699999683e+01,-3.347309199600000085e+01,-5.504331616399999660e+01,-2.376382600899999886e+01
5.452722722699999913e+00,-4.369492659200000162e+01,-6.195538315900000015e+01,-3.365303986499999667e+01,-5.824711783600000103e+01,-2.406757805999999889e+01
5.472732732699999936e+00,-4.964344873200000308e+01,-5.570410900099999907e+01,-3.427992244099999652e+01,-6.727877356300000145e+01,-2.408735688499999839e+01
5.492742742699999958e+00,-5.077286266600000175e+01,-5.393079102800000157e+01,-3.327133876599999951e+01,-5.427553902999999735e+01,-2.468911977400000168e+01
5.512752752799999989e+00,-4.780657114899999982e+01,-6.046644308100000131e+01,-3.377603446399999854e+01,-6.156255818300000016e+01,-2.443299473800000143e+01
5.532762762800000012e+00,-5.121980081899999959e+01,-6.147386395899999911e+01,-3.383951354500000264e+01,-5.483208467299999711e+01,-2.506392197099999919e+01
5.552772772800000034e+00,-5.094667445999999700e+01,-5.919255127299999941e+01,-3.495307863000000026e+01,-5.413659813200000315e+01,-2.506380315299999850e+01
5.572782782800000057e+00,-4.883948486700000302e+01,-5.038540820699999756e+01,-3.489502587500000175e+01,-7.291077286700000570e+01,-2.505134632700000097e+01
5.592792792800000079e+00,-4.494265835499999895e+01,-5.119172566900000021e+01,-3.609200268099999676e+01,-5.457638772499999646e+01,-2.532584924500000056e+01
5.612802802800000102e+00,-5.304713068899999939e+01,-4.605056965200000008e+01,-3.559087721200000232e+01,-5.207039641800000140e+01,-2.557061000799999917e+01
5.632812812800000124e+00,-4.870657974600000273e+01,-5.558182113000000157e+01,-3.769648014799999913e+01,-5.774153099099999764e+01,-2.557533138499999836e+01
5.652822822800000147e+00,-4.462165687400000280e+01,-5.845214830500000147e+01,-3.737767208700000054e+01,-5.977493433099999720e+01,-2.515178493699999862e+01
5.672832832800000169e+00,-4.348789026299999705e+01,-6.118115500399999718e+01,-3.768520992300000216e+01,-5.981904354000000268e+01,-2.488719182899999893e+01
5.692842842800000192e+00,-4.932235163299999670e+01,-5.046676547999999940e+01,-3.990390291599999983e+01,-5.983771392500000275e+01,-2.464921949600000062e+01
5.712852852899999334e+00,-5.098102489899999767e+01,-5.304709245699999798e+01,-4.216505989099999852e+01,-5.671731345799999957e+01,-2.432852087699999899e+01
5.732862862899999357e+00,-4.655611504400000200e+01,-4.713118332500000207e+01,-3.933689188200000331e+01,-6.563390197900000089e+01,-2.404542377799999997e+01
5.752872872899999379e+00,-4.402876064699999858e+01,-4.908215370399999955e+01,-4.116509550100000325e+01,-6.397063548500000252e+01,-2.395326870199999902e+01
5.772882882899999402e+00,-4.402897190499999880e+01,-4.555169778300000161e+01,-4.129794127600000309e+01,-5.451578422499999732e+01,-2.358664875699999897e+01
5.792892892899999424e+00,-4.454921411200000136e+01,-4.885964826600000066e+01,-4.270594609700000177e+01,-6.271071807700000278e+01,-2.322265763000000049e+01
5.812902902899999447e+00,-4.434904408999999958e+01,-5.212025423200000063e+01,-4.385746489099999934e+01,-5.188197012599999880e+01,-2.312771301000000079e+01
5.832912912899999469e+00,-4.608714773599999859e+01,-4.352145053600000324e+01,-4.227973928699999817e+01,-5.203895646899999861e+01,-2.267885355199999964e+01
5.852922922899999492e+00,-4.445849718699999897e+01,-5.192274548500000009e+01,-4.630216504999999927e+01,-6.886661081900000170e+01,-2.270246189899999933e+01
5.872932932899999514e+00,-5.089927990700000038e+01,-4.959445840000000061e+01,-4.395319341599999774e+01,-5.437574464600000113e+01,-2.273714616299999847e+01
5.892942942899999537e+00,-4.904420275500000059e+01,-5.022119029400000301e+01,-4.701812976499999763e+01,-5.931977760499999874e+01,-2.262066590299999902e+01
5.912952952999999567e+00,-4.654837675800000341e+01,-4.538726377100000065e+01,-4.803952066800000154e+01,-5.551774568300000112e+01,-2.247768509200000153e+01
5.932962962999999590e+00,-4.978050884700000012e+01,-5.121585885900000079e+01,-4.476819262699999769e+01,-5.488676474300000052e+01,-2.240132203799999999e+01
5.952972972999999612e+00,-4.975750281100000194e+01,-4.394071594999999775e+01,-4.424491927700000105e+01,-5.805022211499999685e+01,-2.210683055000000152e+01
5.972982982999999635e+00,-4.961160060400000305e+01,-4.508411673500000205e+01,-4.340934588300000030e+01,-6.474959943499999326e+01,-2.246617330100000132e+01
5.992992992999999657e+00,-4.284970324500000061e+01,-4.456574742800000166e+01,-4.488485379600000158e+01,-5.819255999699999649e+01,-2.260301733600000063e+01
6.013003002999999680e+00,-4.901750833999999912e+01,-4.552609368000000245e+01,-4.153347110600000036e+01,-6.347725288099999830e+01,-2.255192450899999912e+01
6.033013012999999702e+00,-4.693346875099999949e+01,-4.517173198199999717e+01,-4.072977129000000218e+01,-5.119881162299999744e+01,-2.269106514799999985e+01
6.053023022999999725e+00,-5.803568042999999932e+01,-4.590863134899999665e+01,-3.875324711300000047e+01,-5.911174926700000043e+01,-2.268856377899999899e+01
6.073033032999999747e+00,-5.643194207399999840e+01,-4.986079904399999663e+01,-3.738381910599999713e+01,-5.496965373199999760e+01,-2.304617971300000079e+01
6.093043042999999770e+00,-4.588125588999999849e+01,-4.298884632499999725e+01,-3.641404841500000344e+01,-5.470820160899999962e+01,-2.291850708300000150e+01
6.113053053100000689e+00,-4.952682900199999949e+01,-4.473815496200000297e+01,-3.654507322500000299e+01,-5.769795074599999651e+01,-2.335872062299999996e+01
6.133063063100000711e+00,-4.888046572500000053e+01,-4.484577307699999693e+01,-3.528960028899999912e+01,-7.594393124699999476e+01,-2.387149319999999975e+01
6.153073073100000734e+00,-5.172763041000000328e+01,-4.769418015299999780e+01,-3.541730478800000270e+01,-5.348602095500000075e+01,-2.391027502300000052e+01
6.173083083100000756e+00,-5.428804240899999911e+01,-4.027178745799999859e+01,-3.513111299799999898e+01,-5.435129763900000199e+01,-2.450787870699999971e+01
6.193093093100000779e+00,-4.632678691200000287e+01,-4.459396415500000188e+01,-3.465843746000000181e+01,-5.310000600299999718e+01,-2.533681445299999879e+01
6.213103103100000801e+00,-5.978357830600000256e+01,-4.244429583299999820e+01,-3.434652052799999922e+01,-4.767869124300000294e+01,-2.555567019800000139e+01
6.233113113100000824e+00,-5.598731296500000099e+01,-4.064970069599999647e+01,-3.438550903699999850e+01,-5.283131349300000323e+01,-2.614598095499999886e+01
6.253123123099999958e+00,-4.724194603000000114e+01,-4.013844258099999962e+01,-3.385787053600000007e+01,-5.257190608100000162e+01,-2.645428101699999957e+01
6.273133133099999981e+00,-5.076801014600000173e+01,-4.821465459000000209e+01,-3.382632878799999787e+01,-5.158712026900000325e+01,-2.707669804800000080e+01
6.293143143100000003e+00,-5.122981456899999841e+01,-3.856831194099999749e+01,-3.413575541499999844e+01,-5.386566751400000186e+01,-2.793106656999999871e+01
6.313153153200000034e+00,-4.847784731600000185e+01,-4.123942793100000159e+01,-3.542059782199999773e+01,-5.880671039799999988e+01,-2.844983160800000022e+01
6.333163163200000056e+00,-5.240901029500000163e+01,-4.192619057800000348e+01,-3.554980568700000276e+01,-5.019779634500000043e+01,-2.940276367099999888e+01
6.353173173200000079e+00,-4.678068116299999701e+01,-3.929071703900000045e+01,-3.572247122499999961e+01,-5.539031643799999927e+01,-3.028780056300000112e+01
6.373183183200000101e+00,-4.665983421499999650e+01,-3.795159097799999870e+01,-3.712077262599999727e+01,-5.042969506699999727e+01,-3.075492726599999926e+01
6.393193193200000124e+00,-4.774488244500000178e+01,-4.032417773699999941e+01,-3.778490340700000161e+01,-4.548462740400000115e+01,-3.094489057899999906e+01
6.413203203200000146e+00,-4.312199277300000233e+01,-4.063313021900000166e+01,-3.907379993699999687e+01,-4.660686105799999979e+01,-3.143582121500000071e+01
6.433213213200000169e+00,-4.468036447099999720e+01,-3.901254556899999670e+01,-3.780169784200000294e+01,-5.517503343500000312e+01,-3.115860154800000004e+01
6.453223223200000191e+00,-4.189385365700000108e+01,-3.755132132100000319e+01,-3.763779255400000068e+01,-4.496981184599999892e+01,-3.079070462600000013e+01
6.473233233200000214e+00,-4.266344582300000354e+01,-3.966719333199999653e+01,-3.713825906400000321e+01,-4.745869827300000310e+01,-3.070984450599999960e+01
6.493243243200000236e+00,-3.924177115700000229e+01,-3.958190864299999845e+01,-3.500384540700000002e+01,-4.585155967899999752e+01,-3.022364461200000108e+01
6.513253253300000267e+00,-4.059204099800000165e+01,-3.866955744300000219e+01,-3.309335136600000027e+01,-5.336441371200000106e+01,-2.985965919399999891e+01
6.533263263300000290e+00,-4.161370474900000005e+01,-3.832585501599999844e+01,-3.205883335000000045e+01,-4.638270931000000274e+01,-2.970413602100000006e+01
6.553273273300000312e+00,-3.879439787700000153e+01,-3.650887080799999751e+01,-3.129422386799999956e+01,-4.321340003000000252e+01,-2.873962510100000145e+01
6.573283283300000335e+00,-3.875775514099999697e+01,-3.662010283000000044e+01,-2.955615829599999955e+01,-4.641646668300000300e+01,-2.879645573999999897e+01
6.593293293300000357e+00,-3.821946915600000239e+01,-3.636383131400000224e+01,-2.884047620500000164e+01,-4.235877104099999713e+01,-2.823350234700000172e+01
6.613303303300000380e+00,-3.786155072500000074e+01,-3.800588833700000180e+01,-2.848888034000000147e+01,-4.447324969699999997e+01,-2.771966859899999847e+01
6.633313313300000402e+00,-3.826447727600000093e+01,-3.583372799200000003e+01,-2.767595790100000031e+01,-4.725970661800000272e+01,-2.745488321699999901e+01
6.653323323300000425e+00,-3.484147706699999958e+01,-3.709415115800000251e+01,-2.704609147000000036e+01,-4.429485006400000202e+01,-2.767501862099999954e+01
6.673333333300000447e+00,-3.554945759799999649e+01,-3.632006486099999876e+01,-2.682833878399999961e+01,-4.256810058500000338e+01,-2.773418595100000061e+01
6.693343343300000470e+00,-3.642206817299999955e+01,-3.607804352600000186e+01,-2.636708123300000040e+01,-4.610617439399999995e+01,-2.764025537999999926e+01
6.713353353399999612e+00,-3.657496481799999799e+01,-3.608291827800000107e+01,-2.629856630700000153e+01,-4.318677497200000204e+01,-2.740088970600000096e+01
6.733363363399999635e+00,-3.462709326299999901e+01,-3.476500104499999821e+01,-2.629854363500000147e+01,-4.311892621100000156e+01,-2.723403414799999922e+01
6.753373373399999657e+00,-3.480492665300000255e+01,-3.380746052599999985e+01,-2.583545915399999870e+01,-4.300199736700000130e+01,-2.797029596799999851e+01
6.773383383399999680e+00,-3.428113989500000258e+01,-3.380544482799999884e+01,-2.616970097600000145e+01,-4.153042387600000040e+01,-2.830485131500000051e+01
6.793393393399999702e+00,-3.339828066399999784e+01,-3.258305018299999745e+01,-2.554374678799999998e+01,-4.047094433299999849e+01,-2.813012751300000147e+01
6.813403403399999725e+00,-3.329182309099999770e+01,-3.201620336999999950e+01,-2.558362054899999904e+01,-4.175448768799999755e+01,-2.803503972500000074e+01
6.833413413399999747e+00,-3.357920039300000070e+01,-3.079004348699999838e+01,-2.595186479399999868e+01,-3.871479312200000322e+01,-2.866807305600000078e+01
6.853423423399999770e+00,-3.454208674499999887e+01,-3.083176183899999856e+01,-2.520585711700000076e+01,-4.192797322199999854e+01,-2.839182014300000034e+01
6.873433433399999792e+00,-3.415412393999999807e+01,-2.957395482300000111e+01,-2.582442652199999955e+01,-3.984757592399999737e+01,-2.827873891300000153e+01
6.893443443399999815e+00,-3.394650531500000312e+01,-3.030551289099999934e+01,-2.628018247500000015e+01,-4.047122228300000302e+01,-2.878036111400000152e+01
6.913453453499999846e+00,-3.360632637900000219e+01,-2.888888674900000098e+01,-2.639555110699999929e+01,-4.118470548900000239e+01,-2.902971881599999904e+01
6.933463463499999868e+00,-3.445339469700000024e+01,-2.823624646600000077e+01,-2.698360633300000089e+01,-3.932741733900000014e+01,-2.887763501299999902e+01
6.953473473499999891e+00,-3.446734872500000080e+01,-2.861943634000000003e+01,-2.670241358199999837e+01,-4.118832025900000104e+01,-2.953449367800000047e+01
6.973483483499999913e+00,-3.369003491299999808e+01,-2.850966453799999911e+01,-2.781575516199999853e+01,-4.255576590300000106e+01,-3.000396247600000166e+01
6.993493493499999936e+00,-3.366159419200000258e+01,-2.735043280800000076e+01,-2.817851850999999996e+01,-4.032140949200000080e+01,-3.025002635899999959e+01
7.013503503499999958e+00,-3.398401389499999681e+01,-2.790223912700000142e+01,-2.892007271399999979e+01,-3.910471703599999671e+01,-3.211357170800000205e+01
7.033513513499999981e+00,-3.422045641300000085e+01,-2.723213764899999845e+01,-2.947818039899999931e+01,-3.911940702700000116e+01,-3.210425754399999931e+01
7.053523523500000003e+00,-3.348799325800000304e+01,-2.714578466100000043e+01,-2.890206219999999959e+01,-4.005933427499999766e+01,-3.309137797599999686e+01
7.073533533500000026e+00,-3.359974477499999779e+01,-2.766778708800000075e+01,-2.922026310900000112e+01,-4.056772423700000019e+01,-3.512549410500000135e+01
7.093543543500000048e+00,-3.386323372799999731e+01,-2.730571540900000116e+01,-2.852067294600000125e+01,-4.265993074899999726e+01,-3.547918667100000079e+01
7.113553553600000079e+00,-3.371949478199999817e+01,-2.662499027999999868e+01,-2.866259256400000055e+01,-4.145293447800000308e+01,-3.473937271300000162e+01
7.133563563600000101e+00,-3.287378045199999832e+01,-2.708199555899999922e+01,-2.904657249699999966e+01,-3.932635121300000236e+01,-3.391811413799999997e+01
7.153573573600000124e+00,-3.475665143999999884e+01,-2.661969231500000177e+01,-2.813676968400000078e+01,-4.041018005600000151e+01,-3.406980468199999734e+01
7.173583583600000146e+00,-3.434452862300000220e+01,-2.657083138200000150e+01,-2.814085653500000106e+01,-3.914547646700000172e+01,-3.348084302400000212e+01
7.193593593600000169e+00,-3.274905120399999703e+01,-2.651772335700000127e+01,-2.841738062900000017e+01,-4.102463151399999930e+01,-3.388780326900000262e+01
7.213603603600000191e+00,-3.442647858200000144e+01,-2.589398611500000058e+01,-2.810315956599999865e+01,-3.845558032900000001e+01,-3.382047818400000239e+01
7.233613613600000214e+00,-3.397170758499999721e+01,-2.686992925099999852e+01,-2.901936913700000176e+01,-3.786662594700000284e+01,-3.284452774900000094e+01
7.253623623600000236e+00,-3.359366291300000285e+01,-2.616454440300000073e+01,-2.840757114599999866e+01,-3.695873455699999965e+01,-3.199655686599999882e+01
7.273633633600000259e+00,-3.314089643599999846e+01,-2.615361371499999876e+01,-2.848918124600000112e+01,-3.722897322200000048e+01,-3.096898069799999931e+01
7.293643643600000281e+00,-3.327942653699999909e+01,-2.583924871099999976e+01,-2.793189024400000164e+01,-3.690990835699999906e+01,-3.067583217700000020e+01
7.313653653699999424e+00,-3.375456847299999907e+01,-2.631949498199999837e+01,-2.837804072100000141e+01,-3.578318930599999703e+01,-3.052473210599999831e+01
7.333663663699999447e+00,-3.327166408600000125e+01,-2.629043679300000136e+01,-2.814028853800000007e+01,-3.569343898500000023e+01,-3.085512081999999978e+01
7.353673673699999469e+00,-3.377455475600000057e+01,-2.646846424199999959e+01,-2.791757134499999893e+01,-3.523056824599999715e+01,-3.070325770099999829e+01
7.373683683699999492e+00,-3.393936499499999826e+01,-2.552258033200000042e+01,-2.750136279499999858e+01,-3.457283023499999786e+01,-3.115482120800000132e+01
7.393693693699999514e+00,-3.315951435600000252e+01,-2.597855442799999892e+01,-2.799756259500000155e+01,-3.617302222299999670e+01,-3.041757011500000019e+01
7.413703703699999537e+00,-3.303198484499999665e+01,-2.553715470099999862e+01,-2.744981620300000102e+01,-3.741139833599999776e+01,-3.083869618399999979e+01
7.433713713699999559e+00,-3.363981527499999657e+01,-2.591233580600000153e+01,-2.718091859700000157e+01,-3.590855965699999786e+01,-3.094078725399999996e+01
7.453723723699999582e+00,-3.430102928299999832e+01,-2.532146268400000011e+01,-2.692710127200000159e+01,-3.575684694200000280e+01,-3.054884786799999929e+01
7.473733733699999604e+00,-3.407802423399999725e+01,-2.572106040999999976e+01,-2.698456390699999830e+01,-3.540053478200000114e+01,-3.060853565100000040e+01
7.493743743699999627e+00,-3.472121219499999967e+01,-2.575684358699999876e+01,-2.645947687199999976e+01,-3.590371788600000258e+01,-3.099253136900000172e+01
7.513753753800000545e+00,-3.510098018899999772e+01,-2.544007778699999989e+01,-2.679729024099999890e+01,-3.478821960100000155e+01,-3.112294284000000033e+01
7.533763763800000568e+00,-3.300943953200000180e+01,-2.583927366400000025e+01,-2.676312261200000009e+01,-3.595109860299999838e+01,-3.161918478300000146e+01
7.553773773800000590e+00,-3.373400939199999726e+01,-2.556352509599999934e+01,-2.640342700800000131e+01,-3.388110639899999654e+01,-3.247897206799999736e+01
7.573783783800000613e+00,-3.312531118700000121e+01,-2.581635876100000004e+01,-2.737785662199999948e+01,-3.440786255599999777e+01,-3.284129406400000306e+01
7.593793793799999747e+00,-3.272980153799999670e+01,-2.619348913400000001e+01,-2.744597705500000018e+01,-3.445568744799999905e+01,-3.317573500400000341e+01
7.613803803799999770e+00,-3.378951594299999783e+01,-2.663050115700000120e+01,-2.728743172500000114e+01,-3.350848102100000148e+01,-3.408827461700000327e+01
7.633813813799999792e+00,-3.202202445300000022e+01,-2.666444306600000047e+01,-2.839317406199999994e+01,-3.395539241299999844e+01,-3.476630074999999920e+01
7.653823823799999815e+00,-3.146221815000000177e+01,-2.694316131100000078e+01,-2.991850456299999905e+01,-3.367553267099999914e+01,-3.365367530999999701e+01
7.673833833799999837e+00,-3.168181876599999924e+01,-2.820074161799999857e+01,-3.026397336899999857e+01,-3.351594026499999757e+01,-3.351506578200000064e+01
7.693843843799999860e+00,-3.098171984300000048e+01,-2.850657424899999981e+01,-3.132553448000000174e+01,-3.463534613400000239e+01,-3.521745967700000080e+01
7.713853853899999891e+00,-3.127478815799999978e+01,-2.849018569800000122e+01,-3.351956289099999964e+01,-3.372980517300000258e+01,-3.373758221899999654e+01
7.733863863899999913e+00,-3.110227764100000059e+01,-3.003928822499999995e+01,-3.441685502200000002e+01,-3.398613928399999651e+01,-3.246343938300000076e+01
7.753873873899999936e+00,-3.139844513399999926e+01,-2.867860902800000034e+01,-3.729558088299999952e+01,-3.424277482499999792e+01,-3.273212364300000132e+01
7.773883883899999958e+00,-3.073357660899999999e+01,-2.923534406599999969e+01,-3.970851452299999806e+01,-3.470056361399999645e+01,-3.183255391599999840e+01
7.793893893899999981e+00,-3.094386130799999890e+01,-3.003584129800000113e+01,-4.466029977299999842e+01,-3.513988386999999847e+01,-3.188257097600000023e+01
7.813903903900000003e+00,-3.111405675099999968e+01,-3.055242787899999968e+01,-4.482217867399999989e+01,-3.365108043299999707e+01,-3.124674562699999925e+01
7.833913913900000026e+00,-3.187047906000000097e+01,-3.046633340400000023e+01,-5.129984273299999842e+01,-3.562601729400000039e+01,-3.104587426300000175e+01
7.853923923900000048e+00,-3.233157794499999937e+01,-3.026533930500000125e+01,-5.890558820100000048e+01,-3.510838888100000332e+01,-3.184981145700000127e+01
7.873933933899999182e+00,-3.128383712400000150e+01,-3.034954269099999991e+01,-5.841625632299999893e+01,-3.563070807700000131e+01,-3.078856337999999937e+01
7.893943943899999205e+00,-3.207133125600000056e+01,-2.983919647300000122e+01,-4.626054530199999704e+01,-3.461206639400000284e+01,-3.070780434099999923e+01
7.913953954000000124e+00,-3.163710757200000145e+01,-3.054611960600000131e+01,-4.204512739100000118e+01,-3.618191019100000005e+01,-3.079012830799999989e+01
7.933963964000000146e+00,-3.297658433499999830e+01,-3.069484669099999863e+01,-4.169238330799999659e+01,-3.678758454100000108e+01,-3.107100525599999941e+01
7.953973974000000169e+00,-3.525356604099999913e+01,-2.954029154299999860e+01,-4.047254747499999894e+01,-3.760528600300000335e+01,-3.115507221100000024e+01
7.973983984000000191e+00,-3.438112681199999798e+01,-3.120862835100000154e+01,-4.125239860800000002e+01,-3.689383870599999682e+01,-3.133843330299999863e+01
7.993993994000000214e+00,-3.369774173999999789e+01,-3.076052582899999877e+01,-3.887486131400000033e+01,-3.659901812399999699e+01,-3.169192462499999863e+01
8.014004004000000236e+00,-3.510427677900000276e+01,-3.055960894400000072e+01,-3.963396925600000031e+01,-3.616620091899999778e+01,-3.268109034199999741e+01
8.034014014000000259e+00,-3.535213461899999743e+01,-3.048126929200000035e+01,-4.068327223099999657e+01,-3.638564691999999923e+01,-3.251300291399999765e+01
8.054024024000000281e+00,-4.045526517799999766e+01,-3.020222037499999956e+01,-4.022772680900000353e+01,-3.606275568899999939e+01,-3.256211856200000199e+01
8.074034034000000304e+00,-3.785478486299999901e+01,-3.072976892899999868e+01,-4.061594595500000082e+01,-3.585928386700000203e+01,-3.314075597400000106e+01
8.094044044000000326e+00,-3.740017423900000182e+01,-3.053106952899999982e+01,-4.212281520199999818e+01,-3.498017167199999733e+01,-3.305994197500000098e+01
8.114054054100000357e+00,-3.780792285599999758e+01,-3.305920155500000135e+01,-4.228003293300000109e+01,-3.406034428699999950e+01,-3.248502425499999902e+01
8.134064064100000380e+00,-3.858343444399999811e+01,-3.155975989999999953e+01,-4.331603976400000278e+01,-3.501093468999999914e+01,-3.300705302400000107e+01
8.154074074100000402e+00,-3.793356527800000322e+01,-3.330936330299999781e+01,-4.212391547499999689e+01,-3.447732355099999779e+01,-3.402498242400000095e+01
8.174084084100000425e+00,-3.585766034899999966e+01,-3.206557756200000142e+01,-4.101589621099999761e+01,-3.500640493600000269e+01,-3.424348399699999845e+01
8.194094094100000447e+00,-3.783899630500000200e+01,-3.294812107399999945e+01,-3.690715967100000228e+01,-3.425300044400000132e+01,-3.302969970499999874e+01
8.214104104100000470e+00,-3.417679771099999897e+01,-3.006191590499999933e+01,-4.040551709900000077e+01,-3.682451005000000066e+01,-3.562287977199999744e+01
8.234114114100000492e+00,-3.561038394799999907e+01,-3.009260420200000041e+01,-4.054784083100000203e+01,-3.634455879600000117e+01,-3.400167139900000279e+01
8.254124124100000515e+00,-3.446462877900000166e+01,-2.933143614800000165e+01,-4.108251006799999772e+01,-3.603156259899999725e+01,-3.473658678900000041e+01
8.274134134100000537e+00,-3.453633078400000045e+01,-3.028646638100000033e+01,-3.801459926900000141e+01,-3.651519746999999683e+01,-3.620114469300000337e+01
8.294144144100000560e+00,-3.384542233700000224e+01,-3.118172846199999881e+01,-3.705786345799999992e+01,-3.767602808699999883e+01,-3.788261551299999752e+01
8.314154154200000590e+00,-3.457332695899999919e+01,-2.978178258899999875e+01,-3.959425229400000035e+01,-3.723733671699999803e+01,-4.058682115999999951e+01
8.334164164200000613e+00,-3.474662997600000125e+01,-2.922141565800000151e+01,-4.028117904799999849e+01,-3.932180100800000133e+01,-4.058912522400000000e+01
8.354174174200000635e+00,-3.378338417799999860e+01,-2.864546724599999905e+01,-4.257269229799999977e+01,-3.929851540899999662e+01,-4.231946288099999975e+01
8.374184184200000658e+00,-3.321611942999999911e+01,-2.936592790299999933e+01,-4.404641175399999753e+01,-4.024189258700000238e+01,-4.035843812800000308e+01
8.394194194200000680e+00,-3.423842669900000146e+01,-3.032294913699999839e+01,-4.394725280899999831e+01,-4.314272192100000325e+01,-4.096124774799999813e+01
8.414204204199998927e+00,-3.393346656100000303e+01,-3.015856431599999965e+01,-4.684189570299999872e+01,-4.584590098700000027e+01,-3.658140290600000100e+01
8.434214214199998949e+00,-3.382539914499999867e+01,-2.942944646899999839e+01,-4.291429171800000120e+01,-4.600218749700000131e+01,-3.441668972600000131e+01
8.454224224199998972e+00,-3.414717397300000101e+01,-2.980345246099999912e+01,-4.404667546999999672e+01,-4.838400265800000000e+01,-3.579014554799999814e+01
8.474234234199998994e+00,-3.454413139199999705e+01,-2.919054270999999900e+01,-3.978298745200000042e+01,-4.928849350000000129e+01,-3.503818659000000224e+01
8.494244244199999017e+00,-3.642764915200000075e+01,-2.922903814500000053e+01,-3.589151540299999965e+01,-5.530808912100000185e+01,-3.256150864500000353e+01
8.514254254300000824e+00,-3.586629223300000291e+01,-3.034424943400000174e+01,-3.573470932200000050e+01,-5.318580912400000216e+01,-3.427536800000000028e+01
8.534264264300000846e+00,-3.623275775999999837e+01,-3.036248562400000139e+01,-3.396416415000000200e+01,-5.213894774199999915e+01,-3.244245559600000206e+01
8.554274274300000869e+00,-3.917100289700000104e+01,-3.078076190699999870e+01,-3.392191896300000309e+01,-5.603751239900000058e+01,-3.252601310699999715e+01
8.574284284300000891e+00,-4.095660350499999680e+01,-2.957143646400000137e+01,-3.540849170700000315e+01,-5.237597827999999822e+01,-3.362047129500000153e+01
8.594294294299999137e+00,-3.881452431999999675e+01,-2.949418168400000084e+01,-3.438449442800000355e+01,-5.566124646499999784e+01,-3.242531224700000081e+01
8.614304304299999160e+00,-4.030925431299999673e+01,-3.095107908800000018e+01,-3.409261223600000079e+01,-5.256850328499999847e+01,-3.282542085099999696e+01
8.634314314299999182e+00,-3.985662313200000284e+01,-2.901764340900000150e+01,-3.318227444899999767e+01,-4.651742071099999976e+01,-3.193465081600000133e+01
8.654324324299999205e+00,-4.372026358200000118e+01,-2.885958653200000157e+01,-3.361837065200000296e+01,-5.161758488600000305e+01,-3.173695170499999918e+01
8.674334334299999227e+00,-4.557865978400000273e+01,-2.875492894299999946e+01,-3.321956700399999818e+01,-5.000362274700000143e+01,-3.257069100100000014e+01
8.694344344299999250e+00,-3.978386329100000296e+01,-2.903570524599999914e+01,-3.293108582899999703e+01,-5.347023848599999951e+01,-3.230294171599999942e+01
8.714354354399999281e+00,-4.277998680799999676e+01,-2.890653118299999846e+01,-3.471182204499999813e+01,-5.216567868100000283e+01,-3.414382881499999911e+01
8.734364364399999303e+00,-4.756918541800000355e+01,-2.852909405500000162e+01,-3.553341343900000027e+01,-4.609000931100000287e+01,-3.302695985199999740e+01
8.754374374399999326e+00,-4.729606593300000128e+01,-2.779482859899999880e+01,-3.413913672000000332e+01,-4.189871934800000020e+01,-3.232080739300000261e+01
8.774384384399999348e+00,-4.825877240900000231e+01,-2.882989232699999960e+01,-3.510203837299999918e+01,-4.079380757999999929e+01,-3.205094391200000103e+01
8.794394394399999371e+00,-5.052474182099999922e+01,-2.873555551100000116e+01,-3.437406633199999817e+01,-3.673578558300000196e+01,-3.275931409900000091e+01
8.814404404399999393e+00,-5.530709733100000136e+01,-3.024788256000000075e+01,-3.693340850799999942e+01,-3.570600664700000237e+01,-3.079303588100000155e+01
8.834414414399999416e+00,-5.073622884899999974e+01,-2.906792793500000016e+01,-4.155986546199999765e+01,-3.573128109000000308e+01,-3.005693016900000103e+01
8.854424424399999438e+00,-6.589112541199999384e+01,-2.909451072299999908e+01,-3.967802186400000153e+01,-3.606956356900000316e+01,-3.024906700700000073e+01
8.874434434399999461e+00,-4.541442107299999975e+01,-2.889720662599999912e+01,-3.991804343799999799e+01,-3.490431489099999851e+01,-2.914618062399999943e+01
8.894444444399999483e+00,-4.957448534099999904e+01,-2.900432693400000161e+01,-3.997134575100000120e+01,-3.463347522899999831e+01,-2.893201596200000125e+01
8.914454454499999514e+00,-4.253181806700000323e+01,-2.836786249000000026e+01,-4.264866449099999812e+01,-3.456076395899999909e+01,-2.823588815100000105e+01
8.934464464499999536e+00,-4.589936788800000045e+01,-2.857987091800000101e+01,-5.111977780299999807e+01,-3.341848838100000307e+01,-2.785300041400000026e+01
8.954474474499999559e+00,-4.061096409799999662e+01,-2.823594273300000168e+01,-4.510877471399999905e+01,-3.538896936799999793e+01,-2.762083713699999876e+01
8.974484484499999581e+00,-5.669967684499999905e+01,-2.752226712299999889e+01,-4.778525680900000339e+01,-3.303278761699999677e+01,-2.733048121499999894e+01
8.994494494499999604e+00,-4.624293486300000211e+01,-2.795960865800000050e+01,-4.665879608899999909e+01,-3.339842357300000231e+01,-2.793950975599999964e+01
9.014504504499999626e+00,-4.401512747900000022e+01,-2.718715034399999908e+01,-4.446695230899999984e+01,-3.263662188699999689e+01,-2.750448161999999996e+01
9.034514514499999649e+00,-4.389783047000000238e+01,-2.752957328700000161e+01,-4.344835298099999932e+01,-3.133638385600000120e+01,-2.715976539900000120e+01
9.054524524499999671e+00,-4.275213503799999870e+01,-2.821907642900000113e+01,-4.443697133599999916e+01,-3.244096643299999982e+01,-2.783684493999999887e+01
9.074534534499999694e+00,-4.416113302800000184e+01,-2.728823996999999935e+01,-4.519213878000000051e+01,-3.128391121499999983e+01,-2.733731596799999863e+01
9.094544544499999716e+00,-4.236892621599999842e+01,-2.872987046400000111e+01,-4.276105472399999741e+01,-3.286597388399999886e+01,-2.737542825399999913e+01
9.114554554599999747e+00,-4.191589102900000086e+01,-2.794256380699999909e+01,-4.047780249800000263e+01,-3.190093811499999887e+01,-2.824208504099999928e+01
9.134564564599999770e+00,-4.255176094899999839e+01,-2.921090521100000004e+01,-4.177493774500000256e+01,-3.154373010799999832e+01,-2.837708374500000019e+01
9.154574574599999792e+00,-3.915472987999999788e+01,-2.854344547599999871e+01,-4.044427339799999999e+01,-3.270615054700000002e+01,-2.789625765799999968e+01
9.174584584599999815e+00,-4.113670946199999889e+01,-2.947800605400000151e+01,-3.764831115199999800e+01,-3.284696161600000153e+01,-2.889129102100000068e+01
9.194594594599999837e+00,-4.134567240900000229e+01,-2.941112010599999849e+01,-4.025851118700000342e+01,-3.199270832099999851e+01,-2.735035767300000131e+01
9.214604604599999860e+00,-3.804014048799999870e+01,-2.793570790100000067e+01,-3.536914920099999904e+01,-3.375705225699999801e+01,-2.845822624799999900e+01
9.234614614599999882e+00,-3.692670663900000250e+01,-2.955119826399999994e+01,-3.833554158799999811e+01,-3.256062355200000269e+01,-2.717881448700000036e+01
9.254624624599999905e+00,-4.006581383799999685e+01,-2.857792915599999972e+01,-3.789325447400000257e+01,-3.249842980700000084e+01,-2.711762538099999986e+01
9.274634634599999927e+00,-3.536832441600000010e+01,-2.921557497399999903e+01,-3.514112961099999666e+01,-3.229903709399999912e+01,-2.694934439800000092e+01
9.294644644599999950e+00,-3.277079088600000034e+01,-2.875186856699999893e+01,-3.512776384699999710e+01,-3.296848827800000237e+01,-2.704225356399999924e+01
9.314654654699999980e+00,-3.547435966900000182e+01,-2.910276394099999919e+01,-3.461746391900000219e+01,-3.126157505100000122e+01,-2.717159756999999942e+01
9.334664664700000003e+00,-3.417434020299999986e+01,-2.823447653799999912e+01,-3.628956782600000253e+01,-3.200698906499999907e+01,-2.653920270000000059e+01
9.354674674700000025e+00,-3.228986535899999666e+01,-3.089981310399999970e+01,-3.597390679499999777e+01,-3.170658450799999883e+01,-2.706886842400000148e+01
9.374684684700000048e+00,-3.152029770000000042e+01,-3.167674497799999855e+01,-3.484711713800000155e+01,-3.216643347699999822e+01,-2.663610493799999901e+01
9.394694694700000070e+00,-3.367620640999999893e+01,-3.202654663399999890e+01,-3.795838929699999653e+01,-3.061090588600000117e+01,-2.719231964900000165e+01
9.414704704700000093e+00,-3.631216701099999966e+01,-3.046669376399999862e+01,-3.530595213299999813e+01,-3.222489947199999705e+01,-2.618831341299999949e+01
9.434714714700000115e+00,-3.370441665799999953e+01,-3.303821137300000288e+01,-3.686840723499999939e+01,-3.256433025300000139e+01,-2.707415546100000014e+01
9.454724724700000138e+00,-3.290544391000000246e+01,-3.018207964400000165e+01,-3.569595916299999772e+01,-3.367941512499999845e+01,-2.784151159800000030e+01
9.474734734700000161e+00,-3.423579144200000002e+01,-3.069579690600000177e+01,-3.583793164000000075e+01,-3.447283211999999963e+01,-2.837187352700000176e+01
9.494744744700000183e+00,-3.816058445200000193e+01,-3.127298195199999853e+01,-3.493735332199999988e+01,-3.412529851299999706e+01,-2.863026364699999959e+01
9.514754754799998437e+00,-3.658882229299999977e+01,-3.027517197899999957e+01,-3.425614921999999751e+01,-3.551702947799999777e+01,-2.865490167800000165e+01
9.534764764799998460e+00,-3.917943627999999734e+01,-3.016710963699999937e+01,-3.751912741099999948e+01,-3.636138364100000331e+01,-2.827175553100000016e+01
9.554774774799998482e+00,-3.924547327599999846e+01,-3.399061535900000308e+01,-3.656279544800000281e+01,-3.411873466099999774e+01,-3.098941930699999858e+01
9.574784784799998505e+00,-3.629352742599999715e+01,-3.288411596699999961e+01,-3.716932988300000318e+01,-3.728863949000000133e+01,-2.968818055799999911e+01
9.594794794799998527e+00,-4.056597000600000058e+01,-3.421434478300000137e+01,-3.783849028099999856e+01,-3.662807707799999690e+01,-3.079647820599999974e+01
9.614804804799998550e+00,-4.011074583700000318e+01,-3.302463307299999684e+01,-4.148090344999999957e+01,-3.726346597399999894e+01,-3.165956258800000001e+01
9.634814814799998572e+00,-3.677374027399999790e+01,-3.622008954599999697e+01,-4.156766236200000009e+01,-3.770455527400000051e+01,-3.215754206599999776e+01
9.654824824799998595e+00,-4.004958454700000203e+01,-3.683069153099999937e+01,-3.918784276200000249e+01,-3.617278571699999645e+01,-3.206785392300000126e+01
9.674834834799998617e+00,-4.727614642300000014e+01,-4.024111416899999938e+01,-3.971273406400000283e+01,-3.830686677399999951e+01,-3.364204659800000030e+01
9.694844844799998640e+00,-3.875801566399999842e+01,-3.732669822999999809e+01,-3.952926090199999720e+01,-3.672751392400000015e+01,-3.369182369399999999e+01
9.714854854900000447e+00,-4.331810212599999943e+01,-3.686993145499999969e+01,-3.899618620999999763e+01,-3.496272586999999987e+01,-3.286099640500000163e+01
9.734864864900000470e+00,-4.122431767599999830e+01,-3.747748465899999815e+01,-3.802069269300000087e+01,-3.568367871699999938e+01,-3.235607260599999790e+01
9.754874874900000492e+00,-4.758233703199999809e+01,-3.516999961500000182e+01,-3.662990217200000131e+01,-3.460215912999999688e+01,-3.188125110500000048e+01
9.774884884899998738e+00,-4.210068444800000265e+01,-3.579334201000000348e+01,-3.527852253199999666e+01,-3.299934883200000257e+01,-3.115315955000000159e+01
9.794894894899998761e+00,-5.539207454900000016e+01,-3.312536742900000064e+01,-3.261206395500000355e+01,-3.360262113900000003e+01,-3.093617641000000162e+01
9.814904904899998783e+00,-7.622704311200000404e+01,-3.573837574600000266e+01,-3.095870516400000128e+01,-3.414508526600000238e+01,-3.101944268600000143e+01
9.834914914899998806e+00,-4.782411605000000066e+01,-3.301397056100000071e+01,-2.907516058899999933e+01,-3.372436865499999925e+01,-3.087084889500000173e+01
9.854924924899998828e+00,-6.271401285299999984e+01,-3.148198298699999853e+01,-2.925731015199999874e+01,-3.403116123200000231e+01,-2.920041988299999858e+01
9.874934934899998851e+00,-3.808967449400000049e+01,-2.985598898099999943e+01,-2.883502466499999883e+01,-3.247849858000000012e+01,-3.019778855499999892e+01
9.894944944899998873e+00,-4.673038940600000046e+01,-2.825102257400000028e+01,-2.832176648200000102e+01,-3.274041680599999893e+01,-3.010240832299999880e+01
9.914954955000000680e+00,-4.867465875100000261e+01,-2.898830044800000039e+01,-2.832162798699999939e+01,-3.210640071200000278e+01,-2.844151854200000074e+01
9.934964965000000703e+00,-3.295328443900000082e+01,-2.631867556899999983e+01,-2.724821723199999823e+01,-3.190914122599999914e+01,-2.906986591100000084e+01
9.954974975000000725e+00,-3.843274057099999652e+01,-2.778904341100000153e+01,-2.789642073899999986e+01,-3.043888338000000005e+01,-2.829346050599999884e+01
9.974984985000000748e+00,-3.615276858699999707e+01,-2.732305765799999975e+01,-2.675233332199999836e+01,-3.054067900600000129e+01,-2.798404558700000067e+01
9.994994995000000770e+00,-3.814549818399999737e+01,-2.743734439800000047e+01,-2.698928980299999836e+01,-3.020352376099999958e+01,-2.745516834300000042e+01
1.001500500500000079e+01,-3.693593632299999996e+01,-2.778759478999999999e+01,-2.687563210800000135e+01,-2.983403046700000161e+01,-2.802551744200000172e+01
1.003501501500000082e+01,-3.692343884000000287e+01,-2.846509961099999941e+01,-2.695199322199999870e+01,-3.018216970399999965e+01,-2.600897170100000011e+01
1.005502502500000084e+01,-3.651713518799999747e+01,-2.633710634799999895e+01,-2.747702789599999917e+01,-2.914794483500000055e+01,-2.723982934500000042e+01
1.007503503500000086e+01,-3.822641377400000096e+01,-2.678574479299999922e+01,-2.778906583199999858e+01,-2.966149825200000123e+01,-2.689727970899999931e+01
1.009504504500000088e+01,-3.002327806399999943e+01,-2.830060492699999841e+01,-2.773568865800000083e+01,-2.959648042699999948e+01,-2.579109025200000005e+01
1.011505505499999913e+01,-3.551276045800000247e+01,-2.695519342900000126e+01,-2.866405509100000160e+01,-2.957826198200000078e+01,-2.636946652800000024e+01
1.013506506499999915e+01,-3.558566251999999963e+01,-2.619303602300000122e+01,-3.082585648599999928e+01,-2.970048307000000065e+01,-2.632643265400000132e+01
1.015507507499999917e+01,-3.530437250599999999e+01,-2.402175291000000001e+01,-3.030650052700000074e+01,-2.914543819500000055e+01,-2.571914099800000031e+01
1.017508508499999920e+01,-3.811140029900000314e+01,-2.492402584199999893e+01,-3.006016444200000137e+01,-2.958885080700000003e+01,-2.589058383300000088e+01
1.019509509499999922e+01,-3.620989800499999944e+01,-2.597094904600000120e+01,-3.215215943900000184e+01,-2.846818411099999935e+01,-2.735225309799999849e+01
1.021510510499999924e+01,-3.689165830900000032e+01,-2.449627839700000109e+01,-3.133338249199999836e+01,-2.835226443799999885e+01,-2.614487761699999879e+01
1.023511511499999926e+01,-3.547802041100000281e+01,-2.686549993899999933e+01,-3.281253162600000195e+01,-2.933138728599999823e+01,-2.608263170800000097e+01
1.025512512499999929e+01,-3.363384379299999694e+01,-2.686187206099999969e+01,-3.216639087000000075e+01,-2.855620133300000063e+01,-2.863813623900000138e+01
1.027513513499999931e+01,-3.623774753699999707e+01,-2.579245554199999901e+01,-3.011056697700000129e+01,-2.850607542999999922e+01,-2.781453458400000045e+01
1.029514514499999933e+01,-3.771796725600000144e+01,-2.959454573800000077e+01,-3.016707799899999998e+01,-2.996461290299999902e+01,-2.920463037600000078e+01
1.031515515499999935e+01,-3.313249414199999876e+01,-2.633988098400000055e+01,-2.978076560099999881e+01,-3.110744345699999869e+01,-2.992011248800000089e+01
1.033516516499999938e+01,-3.614374061400000215e+01,-3.107876916600000072e+01,-2.902335966900000130e+01,-3.031853377699999896e+01,-2.782528234200000128e+01
1.035517517499999940e+01,-3.153916846399999940e+01,-3.066916681900000086e+01,-2.894588376900000171e+01,-3.363675851600000044e+01,-2.953242371099999986e+01
1.037518518499999942e+01,-3.233304784900000328e+01,-2.832240753700000013e+01,-2.820252243999999919e+01,-3.446060380800000189e+01,-3.025552841600000065e+01
1.039519519499999944e+01,-3.465202634199999920e+01,-2.713361028499999961e+01,-2.901737060199999974e+01,-3.598753620800000164e+01,-2.897894617400000072e+01
1.041520520499999947e+01,-3.277312719300000055e+01,-2.842150645599999947e+01,-2.884940798599999923e+01,-3.696465648400000248e+01,-2.919685665200000102e+01
1.043521521499999949e+01,-3.363208939199999747e+01,-2.721159732799999986e+01,-2.838223840999999936e+01,-3.822425057499999923e+01,-2.791659028799999831e+01
1.045522522499999951e+01,-3.141856833800000004e+01,-2.879601540199999832e+01,-3.090565115800000129e+01,-3.635307547400000061e+01,-2.795949703300000166e+01
1.047523523499999953e+01,-3.270384355499999884e+01,-2.750575451799999982e+01,-3.010923646799999887e+01,-3.307238341400000081e+01,-2.654472895099999974e+01
1.049524524499999956e+01,-3.228396271799999795e+01,-2.515770050300000094e+01,-3.073422858200000007e+01,-3.155894458899999933e+01,-2.572298556599999841e+01
1.051525525499999958e+01,-3.109643261200000097e+01,-2.625176671799999895e+01,-2.903221010500000077e+01,-3.178611603999999957e+01,-2.586223861499999899e+01
1.053526526499999960e+01,-3.356644378400000051e+01,-2.865973906900000046e+01,-3.031537382300000161e+01,-3.378011265300000332e+01,-2.609792024300000080e+01
1.055527527499999962e+01,-2.894866564299999823e+01,-2.977788030900000038e+01,-3.035681869700000135e+01,-3.059299302399999831e+01,-2.619801810999999958e+01
1.057528528499999965e+01,-2.913990446600000084e+01,-3.014157905300000095e+01,-2.960263190699999925e+01,-3.055834663499999948e+01,-2.511039980199999988e+01
1.059529529499999967e+01,-3.662529949500000015e+01,-2.937236780199999941e+01,-3.078321633599999885e+01,-3.035132005000000177e+01,-2.390699926899999994e+01
1.061530530499999969e+01,-3.139768093400000026e+01,-2.874572422199999977e+01,-3.024020235200000073e+01,-2.861928087200000093e+01,-2.570757243799999969e+01
1.063531531499999971e+01,-3.293430397299999868e+01,-3.070667758500000133e+01,-3.088597109000000174e+01,-3.096856907200000109e+01,-2.600634770599999968e+01
1.065532532499999974e+01,-3.143517233100000041e+01,-3.254110338600000318e+01,-3.114386057600000157e+01,-2.970984898500000071e+01,-2.587113676599999934e+01
1.067533533499999976e+01,-3.608499091099999845e+01,-3.260398881500000101e+01,-3.123424203200000093e+01,-3.085510495700000178e+01,-2.695821695900000137e+01
1.069534534499999978e+01,-3.305088982099999839e+01,-2.824298368099999834e+01,-3.380956917700000020e+01,-2.974412790399999906e+01,-2.799172554200000107e+01
1.071535535499999980e+01,-3.447218780000000038e+01,-3.035358091799999869e+01,-3.303452375700000232e+01,-3.001745178799999891e+01,-2.573319671000000142e+01
1.073536536499999983e+01,-3.392933336699999813e+01,-2.886999378899999869e+01,-3.531110763600000269e+01,-2.880726123000000172e+01,-2.776093085600000165e+01
1.075537537499999985e+01,-3.564650606299999680e+01,-2.732557620500000084e+01,-3.482849242000000345e+01,-2.934992919900000174e+01,-2.774947879899999847e+01
1.077538538499999987e+01,-3.281274548399999702e+01,-2.279059187800000075e+01,-3.636666625600000202e+01,-2.830204677900000121e+01,-2.915993103699999978e+01
1.079539539499999989e+01,-4.187401342100000079e+01,-2.717795129799999998e+01,-3.881253609699999885e+01,-2.718899957200000017e+01,-3.005688786900000053e+01
1.081540540499999992e+01,-6.469629406699999663e+01,-2.915797808199999963e+01,-4.172338552899999797e+01,-2.839286077399999897e+01,-2.724939528399999844e+01
1.083541541499999994e+01,-4.377403539000000166e+01,-2.715159492600000135e+01,-5.122031451699999849e+01,-2.746719472399999873e+01,-2.920201875300000083e+01
1.085542542499999996e+01,-4.514142816399999703e+01,-2.335150758199999999e+01,-3.479198009499999955e+01,-2.722630760999999922e+01,-3.128999773800000028e+01
1.087543543499999998e+01,-4.803264934399999930e+01,-2.854988163499999843e+01,-3.842631621000000308e+01,-2.716286653699999931e+01,-3.018078201499999835e+01
1.089544544500000001e+01,-4.154000184000000218e+01,-2.405492284900000044e+01,-3.521651271500000036e+01,-2.684488417800000093e+01,-3.117885520000000099e+01
1.091545545500000003e+01,-4.264893335800000074e+01,-2.523740407500000060e+01,-3.417524369699999909e+01,-2.734328065800000118e+01,-2.985233574300000114e+01
1.093546546500000005e+01,-3.625992224699999866e+01,-2.516268664800000110e+01,-2.943815892399999967e+01,-2.658519324599999933e+01,-3.125255275399999988e+01
1.095547547500000007e+01,-3.487885301800000093e+01,-3.127713512800000117e+01,-3.025682366099999854e+01,-2.691024146399999850e+01,-3.153481447800000126e+01
1.097548548500000010e+01,-3.264374645200000202e+01,-2.866789692400000078e+01,-3.186421722500000087e+01,-2.924089669099999966e+01,-3.160193604399999856e+01
1.099549549500000012e+01,-4.390813833899999707e+01,-2.962025707999999824e+01,-3.278108754099999800e+01,-2.739213315699999995e+01,-3.105131818399999943e+01
1.101550550600000022e+01,-3.485674708399999844e+01,-2.490176111899999967e+01,-3.126621444599999933e+01,-2.667100914999999972e+01,-3.110724913500000000e+01
1.103551551600000025e+01,-3.153416054199999863e+01,-2.770613454700000133e+01,-2.837113495199999846e+01,-2.824253832699999833e+01,-3.460039974200000046e+01
1.105552552600000027e+01,-3.462650084399999884e+01,-2.719985658299999898e+01,-3.011308849299999935e+01,-2.970719605100000038e+01,-3.374749352599999952e+01
1.107553553600000029e+01,-3.006328835600000104e+01,-2.932328462499999944e+01,-2.863158130100000065e+01,-2.782267059999999859e+01,-3.706921837699999855e+01
1.109554554600000031e+01,-3.155680532599999921e+01,-2.897899478100000081e+01,-2.889611057899999835e+01,-2.661513615999999871e+01,-3.724235116199999851e+01
1.111555555600000034e+01,-2.935348527400000052e+01,-3.095598896899999986e+01,-2.933049590799999962e+01,-2.832124358500000127e+01,-4.444516637600000308e+01
1.113556556600000036e+01,-3.021546135699999880e+01,-2.906762929099999937e+01,-2.915257460699999825e+01,-2.714628347200000036e+01,-4.635716792800000263e+01
1.115557557600000038e+01,-2.821075434100000123e+01,-2.870177159099999997e+01,-2.941048717400000001e+01,-2.736510776600000128e+01,-4.580384031799999889e+01
1.117558558600000040e+01,-2.896434564899999842e+01,-3.451803026999999702e+01,-3.117262822400000033e+01,-2.868277570600000104e+01,-3.972186351700000273e+01
1.119559559600000043e+01,-2.992317920400000020e+01,-2.917157621699999837e+01,-3.070136910700000143e+01,-2.768372477000000131e+01,-3.671483576899999690e+01
1.121560560600000045e+01,-2.572794982199999936e+01,-3.103281963599999926e+01,-3.216941756199999958e+01,-2.782220656899999867e+01,-3.573773176299999932e+01
1.123561561600000047e+01,-2.887781399100000002e+01,-2.992858175699999990e+01,-2.985853236799999877e+01,-2.710369017100000022e+01,-3.312606196099999778e+01
1.125562562600000049e+01,-2.718846430500000011e+01,-3.709406823700000189e+01,-3.029446997699999855e+01,-2.564729282800000121e+01,-3.229123322200000246e+01
1.127563563600000052e+01,-2.600849801500000069e+01,-3.293692038399999689e+01,-3.347025295600000305e+01,-2.500988368699999853e+01,-3.081609314099999963e+01
1.129564564600000054e+01,-2.869965054800000104e+01,-3.177147151699999839e+01,-3.113215851000000001e+01,-2.611729564199999842e+01,-3.018786585599999839e+01
1.131565565600000056e+01,-2.439304388300000070e+01,-2.869387536300000008e+01,-3.198708670499999940e+01,-2.478710372999999834e+01,-3.060765868600000061e+01
1.133566566600000058e+01,-2.762341355999999948e+01,-3.148036676199999917e+01,-3.091688992999999996e+01,-2.485165948999999941e+01,-3.034387839100000051e+01
1.135567567600000061e+01,-2.861825808700000096e+01,-3.378510517699999838e+01,-3.180039564999999868e+01,-2.537500668799999914e+01,-3.248911160000000109e+01
1.137568568600000063e+01,-2.842400470799999823e+01,-3.839443923900000044e+01,-3.412180156899999872e+01,-2.415399711899999957e+01,-2.937720198799999949e+01
1.139569569600000065e+01,-2.875050377399999846e+01,-3.931343681900000320e+01,-3.207215794500000072e+01,-2.490814749400000139e+01,-3.015167626299999881e+01
1.141570570600000067e+01,-2.788780624900000049e+01,-3.656246020100000038e+01,-3.166684401099999846e+01,-2.413737203100000173e+01,-3.036019554499999984e+01
1.143571571600000070e+01,-3.029427836800000051e+01,-4.990803625099999863e+01,-3.313942380600000348e+01,-2.326476768499999892e+01,-3.105972906999999950e+01
1.145572572600000072e+01,-2.777540723099999909e+01,-4.036866299100000077e+01,-2.954776561699999959e+01,-2.516649095100000011e+01,-3.321699799000000297e+01
1.147573573600000074e+01,-3.173241607699999989e+01,-5.184089329599999729e+01,-2.889392473199999856e+01,-2.350358777799999999e+01,-3.576132279000000125e+01
1.149574574600000076e+01,-2.863196685999999858e+01,-4.830226578799999970e+01,-2.793311030699999975e+01,-2.335789727699999929e+01,-3.602982879000000338e+01
1.151575575600000079e+01,-2.815537196700000067e+01,-4.021913265399999915e+01,-2.980145664699999841e+01,-2.499173250400000157e+01,-3.866038759900000343e+01
1.153576576600000081e+01,-2.996802716999999916e+01,-4.015233425499999953e+01,-2.899776439500000080e+01,-2.436600377899999970e+01,-4.017579633599999767e+01
1.155577577600000083e+01,-2.684280148199999871e+01,-3.908329858599999795e+01,-2.910377809899999946e+01,-2.503778207599999917e+01,-4.099534463599999867e+01
1.157578578600000085e+01,-2.432374891099999914e+01,-5.006915746199999973e+01,-2.958191863900000129e+01,-2.727050674899999905e+01,-4.320770776500000210e+01
1.159579579600000088e+01,-2.713786079200000145e+01,-3.614344633299999998e+01,-2.858823173300000065e+01,-2.708772944400000071e+01,-4.306373216499999756e+01
1.161580580599999912e+01,-2.973962374299999922e+01,-3.632081740699999983e+01,-2.950047850400000016e+01,-2.659650187100000096e+01,-3.574534629499999738e+01
1.163581581599999915e+01,-3.236945082900000159e+01,-4.347863882899999766e+01,-3.377651878799999707e+01,-2.862716128699999985e+01,-3.561695639500000254e+01
1.165582582599999917e+01,-3.311595426000000231e+01,-3.890195304499999907e+01,-3.080038028399999916e+01,-2.749031184800000105e+01,-3.419500983199999666e+01
1.167583583599999919e+01,-3.365959938299999976e+01,-3.429349397899999730e+01,-3.362696214999999711e+01,-2.969547044000000113e+01,-3.371616146600000263e+01
1.169584584599999921e+01,-3.469602663300000245e+01,-3.632323499599999650e+01,-3.311866900300000083e+01,-2.989664185799999885e+01,-3.131140510599999871e+01
1.171585585599999924e+01,-3.833678068399999717e+01,-5.097849143100000191e+01,-3.351928550800000295e+01,-3.072017742899999959e+01,-3.121640144999999933e+01
1.173586586599999926e+01,-3.728723348700000173e+01,-3.828040417500000103e+01,-3.381026113299999736e+01,-2.950775741400000030e+01,-2.986590680300000145e+01
1.175587587599999928e+01,-4.462111653400000222e+01,-2.872218042700000140e+01,-3.398186342599999676e+01,-3.415931463199999740e+01,-3.060916063299999834e+01
1.177588588599999930e+01,-3.626792555499999793e+01,-2.847098468400000115e+01,-3.897095696499999917e+01,-3.158331909199999998e+01,-2.852033043999999862e+01
1.179589589599999933e+01,-4.062845772699999713e+01,-3.377462024100000093e+01,-3.648805474299999929e+01,-3.321281528200000110e+01,-3.082368646899999831e+01
1.181590590599999935e+01,-3.400808394599999929e+01,-3.164514481200000162e+01,-3.679649065400000296e+01,-3.386693997500000108e+01,-3.045095816099999908e+01
1.183591591599999937e+01,-4.190167502999999982e+01,-3.276079350399999868e+01,-3.626906421799999691e+01,-3.366621463100000256e+01,-2.901189317600000095e+01
1.185592592599999939e+01,-3.276177472199999841e+01,-3.942982286899999878e+01,-3.282944280800000314e+01,-3.065091588199999961e+01,-3.068966111900000016e+01
1.187593593599999942e+01,-3.367508166199999664e+01,-2.960383335699999918e+01,-3.793726082799999944e+01,-3.284466960400000346e+01,-3.127660752699999946e+01
1.189594594599999944e+01,-3.547323902699999820e+01,-3.667323467300000317e+01,-3.835329703000000023e+01,-3.142193544299999886e+01,-3.295757314600000143e+01
1.191595595599999946e+01,-3.113133173199999959e+01,-2.921165854399999873e+01,-3.937084398599999702e+01,-3.232702740399999897e+01,-3.311560217800000316e+01
1.193596596599999948e+01,-2.691545727700000157e+01,-2.722133911499999925e+01,-4.023104544600000310e+01,-3.282236349899999794e+01,-3.274313547300000238e+01
1.195597597599999951e+01,-2.833092156900000091e+01,-3.217458645399999995e+01,-4.411512193800000148e+01,-3.240851601600000009e+01,-3.372420712000000265e+01
1.197598598599999953e+01,-2.756942606300000165e+01,-3.412100556400000073e+01,-4.152432585100000040e+01,-3.280050801000000149e+01,-3.666448207599999876e+01
1.199599599599999955e+01,-3.075971883900000137e+01,-3.078637764599999826e+01,-4.802851974200000029e+01,-3.097036545899999993e+01,-3.591076306200000090e+01
1.201600600599999957e+01,-3.156412669599999887e+01,-3.008343568100000098e+01,-4.332650472000000264e+01,-3.779414264900000120e+01,-3.329177020899999917e+01
1.203601601599999960e+01,-2.981115850799999833e+01,-3.108800855300000165e+01,-4.258437997400000086e+01,-3.335722652500000152e+01,-3.717094674500000195e+01
1.205602602599999962e+01,-2.845529492900000079e+01,-3.039259046500000139e+01,-4.009215542199999760e+01,-3.494121899799999653e+01,-3.207125050999999871e+01
1.207603603599999964e+01,-2.890236244400000132e+01,-3.230026140300000037e+01,-4.188650329899999747e+01,-3.428335378599999927e+01,-3.630429670200000203e+01
1.209604604599999966e+01,-2.676832294900000164e+01,-3.914375065899999839e+01,-3.729574608499999755e+01,-3.581661439300000183e+01,-3.530003705899999744e+01
1.211605605599999969e+01,-2.555814490999999933e+01,-3.695319696600000015e+01,-4.002756957500000112e+01,-3.370069052200000215e+01,-3.598862956899999688e+01
1.213606606599999971e+01,-2.742113774399999926e+01,-3.756810296999999821e+01,-3.297568883099999937e+01,-3.786371328999999974e+01,-3.406494898599999743e+01
1.215607607599999973e+01,-3.251871592100000186e+01,-2.932890707800000030e+01,-3.398524272299999893e+01,-3.531633674300000081e+01,-3.549493717699999706e+01
1.217608608599999975e+01,-3.197818849000000085e+01,-3.531736444599999913e+01,-3.638968864999999653e+01,-3.633105396999999925e+01,-3.573993609600000099e+01
1.219609609599999978e+01,-2.780247001800000106e+01,-3.292172276200000169e+01,-4.424323447300000112e+01,-3.932096513399999793e+01,-3.280535268900000290e+01
1.221610610599999980e+01,-3.299255140900000072e+01,-3.133240600899999961e+01,-3.271721802799999779e+01,-3.198489928800000115e+01,-3.419136711299999831e+01
1.223611611599999982e+01,-3.057251017700000162e+01,-3.190517447599999912e+01,-3.451668015700000325e+01,-3.389354399900000203e+01,-3.468147966299999752e+01
1.225612612599999984e+01,-4.021452403699999678e+01,-3.131919593499999976e+01,-4.289852716800000110e+01,-3.437217198100000104e+01,-3.753296329300000167e+01
1.227613613599999987e+01,-3.438953322500000098e+01,-2.939371658099999962e+01,-3.564143432899999908e+01,-3.392106265799999676e+01,-3.712796149300000081e+01
1.229614614599999989e+01,-3.464001489300000003e+01,-3.525634013700000224e+01,-4.298456818100000021e+01,-3.141126204900000118e+01,-4.349735074499999854e+01
1.231615615599999991e+01,-3.508061259499999807e+01,-3.315662740599999836e+01,-4.267321638600000000e+01,-3.761322657400000224e+01,-5.173104806399999944e+01
1.233616616599999993e+01,-3.159625014799999931e+01,-3.215104487400000011e+01,-3.960164175399999920e+01,-3.443295953300000178e+01,-3.855001547900000247e+01
1.235617617599999996e+01,-3.359151204700000193e+01,-3.638991028099999880e+01,-4.593024826799999971e+01,-4.100547956900000202e+01,-4.205538532599999968e+01
1.237618618599999998e+01,-3.181178545699999916e+01,-3.504529262599999839e+01,-3.855451043499999741e+01,-3.742401103099999915e+01,-3.834647850500000033e+01
1.239619619600000000e+01,-2.914123345599999837e+01,-3.737770828800000089e+01,-3.318411057200000158e+01,-3.521490985500000193e+01,-3.734780054099999802e+01
1.241620620600000002e+01,-3.178467517200000003e+01,-3.545420000800000082e+01,-3.466666499699999804e+01,-4.013783086899999830e+01,-3.371355613000000062e+01
1.243621621600000005e+01,-3.873446344300000277e+01,-3.856975411900000239e+01,-2.949228341299999911e+01,-3.358142881399999879e+01,-4.278323124300000302e+01
1.245622622600000007e+01,-3.763150425599999949e+01,-3.040781174800000031e+01,-3.231973090999999698e+01,-3.290982987000000293e+01,-4.705681843499999673e+01
1.247623623600000009e+01,-3.358202824499999650e+01,-3.783783949800000102e+01,-2.919508630400000015e+01,-3.712830544799999899e+01,-4.405356117099999835e+01
1.249624624600000011e+01,-3.997931791700000304e+01,-5.596369802299999918e+01,-2.962908954999999978e+01,-3.409368267300000355e+01,-4.802214889500000083e+01
1.251625625600000014e+01,-3.622634679099999744e+01,-3.403400605400000245e+01,-2.791251450600000084e+01,-3.594870055799999875e+01,-3.627931786799999969e+01
1.253626626600000016e+01,-4.048813273100000032e+01,-3.068677788999999834e+01,-2.813337355499999859e+01,-3.132658714400000122e+01,-3.752627999399999936e+01
1.255627627600000018e+01,-3.016784344899999937e+01,-3.338177303399999829e+01,-2.606432818900000115e+01,-3.572925175799999664e+01,-3.379692698000000206e+01
1.257628628600000020e+01,-3.754300375900000120e+01,-3.602289109699999869e+01,-2.632900830699999872e+01,-3.173485559199999884e+01,-3.500539166099999733e+01
1.259629629600000023e+01,-3.267201852800000239e+01,-3.859192991399999784e+01,-2.744125509499999893e+01,-3.399290928300000303e+01,-3.710980530100000152e+01
1.261630630600000025e+01,-1.718222124400000084e+01,-3.207884750200000212e+01,-2.471940933599999823e+01,-3.021563916199999866e+01,-3.832083742700000073e+01
1.263631631600000027e+01,-3.772133676899999699e+01,-3.066046821300000147e+01,-2.610689562499999994e+01,-3.218320501400000211e+01,-3.304359180800000217e+01
1.265632632600000029e+01,-3.497588957899999684e+01,-3.430418780099999765e+01,-2.497959859199999855e+01,-2.877344752699999830e+01,-3.532472622000000229e+01
1.267633633600000032e+01,-3.201043156400000100e+01,-3.555424543499999857e+01,-2.666682104199999870e+01,-2.988504819899999987e+01,-3.354596149900000057e+01
1.269634634600000034e+01,-4.744927475800000138e+01,-3.816331596599999898e+01,-2.692300732300000021e+01,-3.584787389200000263e+01,-3.322286092800000290e+01
1.271635635600000036e+01,-4.303251379600000348e+01,-4.157993753400000259e+01,-2.762811646300000135e+01,-3.189336227600000129e+01,-3.174036777399999920e+01
1.273636636600000038e+01,-5.420286053899999956e+01,-3.561531748899999883e+01,-2.902512219500000157e+01,-2.825405459299999933e+01,-3.200673242799999940e+01
1.275637637600000041e+01,-4.121212391200000269e+01,-3.367832345299999730e+01,-2.679072782200000091e+01,-2.911898747200000059e+01,-3.235051429899999675e+01
1.277638638600000043e+01,-3.542217259699999943e+01,-3.805632922400000240e+01,-2.708377156399999919e+01,-2.795887642099999937e+01,-3.129067837899999915e+01
1.279639639600000045e+01,-3.815175239999999945e+01,-3.514334063700000144e+01,-2.678570774399999976e+01,-2.949418761200000105e+01,-3.664631591399999877e+01
1.281640640600000047e+01,-3.474802280600000159e+01,-4.046954971600000306e+01,-2.793098878300000010e+01,-3.030740862600000085e+01,-3.628900884499999790e+01
1.283641641600000050e+01,-3.253940436900000321e+01,-3.083152707200000009e+01,-2.751107124700000028e+01,-2.865459817700000045e+01,-3.023708187800000147e+01
1.285642642600000052e+01,-3.498958669099999952e+01,-4.675954584499999811e+01,-2.847017876399999992e+01,-2.880288795599999929e+01,-3.169924014000000057e+01
1.287643643600000054e+01,-3.925096706200000085e+01,-3.900456272600000318e+01,-2.692326501599999844e+01,-3.277658055700000261e+01,-3.387355766099999954e+01
1.289644644600000056e+01,-3.162021237800000151e+01,-3.462114558500000072e+01,-2.523567999899999847e+01,-3.156797425099999899e+01,-3.220444064899999859e+01
1.291645645600000059e+01,-3.338135795499999858e+01,-3.561384100299999744e+01,-2.504408250399999858e+01,-3.226060441199999929e+01,-3.357100637599999970e+01
1.293646646600000061e+01,-2.732490737399999858e+01,-2.770857292199999833e+01,-2.700021010600000082e+01,-3.148103366699999839e+01,-3.403659911300000118e+01
1.295647647600000063e+01,-3.251304351000000281e+01,-3.932287141399999797e+01,-2.677309815299999940e+01,-3.024280449200000120e+01,-3.522099499499999808e+01
1.297648648600000065e+01,-3.151128019600000130e+01,-3.407318489200000045e+01,-2.616194068100000081e+01,-3.154427748899999884e+01,-3.441536185900000078e+01
1.299649649600000068e+01,-2.902302369299999896e+01,-4.090874125999999933e+01,-2.640251456400000052e+01,-3.256018331599999982e+01,-3.111441113500000100e+01
1.301650650700000078e+01,-3.247028309699999937e+01,-2.321843991900000148e+01,-2.688913267899999937e+01,-2.893860683000000122e+01,-3.202752777300000275e+01
1.303651651700000080e+01,-3.054278779999999927e+01,-2.941325527800000117e+01,-2.719453874299999896e+01,-2.830190019200000151e+01,-3.635617063899999835e+01
1.305652652700000083e+01,-2.841185355700000059e+01,-4.783873806399999751e+01,-2.860691762200000099e+01,-3.003447354000000047e+01,-4.164014118200000070e+01
1.307653653700000085e+01,-3.291679000599999938e+01,-3.311470810400000175e+01,-3.000321663900000146e+01,-3.685195773800000296e+01,-3.861724445099999770e+01
1.309654654700000087e+01,-3.027886085500000135e+01,-3.604280579999999645e+01,-3.088988667499999963e+01,-3.174360822099999879e+01,-4.171410991199999785e+01
1.311655655699999912e+01,-2.713779328600000085e+01,-2.507751434100000054e+01,-3.168064761700000176e+01,-3.325167317500000053e+01,-4.501265493700000064e+01
1.313656656699999914e+01,-3.191720486699999881e+01,-3.529308884299999960e+01,-3.348556244200000265e+01,-3.583267249200000037e+01,-4.419694373800000164e+01
1.315657657699999916e+01,-3.711236126699999716e+01,-3.695693371400000160e+01,-3.035519901500000017e+01,-4.298716771899999856e+01,-5.218708343200000144e+01
1.317658658699999918e+01,-3.144284814599999933e+01,-3.581700341300000190e+01,-3.466619361699999757e+01,-3.111459538300000105e+01,-3.417034217100000149e+01
1.319659659699999921e+01,-2.045865328400000038e+01,-3.854944236499999732e+01,-3.017124078899999873e+01,-3.435517710100000244e+01,-3.674181639399999710e+01
1.321660660699999923e+01,-3.263932959699999969e+01,-2.729268787299999843e+01,-3.137127300099999871e+01,-2.996273129600000118e+01,-4.142588015300000137e+01
1.323661661699999925e+01,-3.339477994199999955e+01,-3.694206732100000323e+01,-3.126022898800000149e+01,-3.073940135699999843e+01,-3.079083288600000046e+01
1.325662662699999927e+01,-3.458044921300000141e+01,-4.092206723999999696e+01,-3.629560050199999921e+01,-2.926500238699999912e+01,-3.003494980400000003e+01
1.327663663699999930e+01,-3.498729518399999705e+01,-3.277747162899999722e+01,-3.415520356199999696e+01,-3.165933887999999996e+01,-3.159313335599999917e+01
1.329664664699999932e+01,-2.643581658000000090e+01,-2.747161759500000144e+01,-3.468390226000000354e+01,-3.157786480300000065e+01,-4.074976976600000000e+01
1.331665665699999934e+01,-3.202873854999999992e+01,-3.343932099799999946e+01,-3.465048325800000129e+01,-3.127819078899999994e+01,-3.614743070699999805e+01
1.333666666699999936e+01,-3.873748694700000073e+01,-3.494499062300000247e+01,-2.943557130800000010e+01,-3.391889115400000065e+01,-3.132350574299999835e+01
1.335667667699999939e+01,-3.017307842600000001e+01,-3.237813834300000337e+01,-3.252507257599999946e+01,-3.528907826300000039e+01,-3.176502735200000060e+01
1.337668668699999941e+01,-3.239029316199999897e+01,-3.362873458800000037e+01,-2.869232109600000058e+01,-2.766372265800000108e+01,-3.605472110800000252e+01
1.339669669699999943e+01,-3.624223452799999734e+01,-4.695150605599999949e+01,-3.535790464200000116e+01,-3.200162309899999968e+01,-3.232360132099999817e+01
1.341670670699999945e+01,-3.522212060799999733e+01,-3.298684650199999879e+01,-3.255831710399999679e+01,-3.119025024200000118e+01,-3.408715915700000210e+01
1.343671671699999948e+01,-3.046361518300000171e+01,-3.046507717500000112e+01,-3.279814711400000249e+01,-3.091081680099999929e+01,-3.031501084900000009e+01
1.345672672699999950e+01,-3.225483612899999741e+01,-3.496113615800000218e+01,-3.421926549500000192e+01,-2.826551077599999928e+01,-3.342811687999999748e+01
1.347673673699999952e+01,-3.103807808499999865e+01,-2.777853853199999890e+01,-3.195927137500000015e+01,-3.037279871300000167e+01,-3.617868671299999761e+01
1.349674674699999954e+01,-3.398279423700000024e+01,-3.539249245799999954e+01,-3.177734367700000107e+01,-3.092190349099999835e+01,-4.862752682099999646e+01
1.351675675699999957e+01,-3.234915276000000262e+01,-3.305114263400000141e+01,-2.990044395299999991e+01,-3.025245948999999968e+01,-3.906036916899999767e+01
1.353676676699999959e+01,-3.561437104699999878e+01,-2.562632198900000091e+01,-3.363188680799999730e+01,-3.192027039199999905e+01,-3.307162680799999777e+01
1.355677677699999961e+01,-3.799311171299999756e+01,-3.090411801200000141e+01,-3.208801351500000010e+01,-3.736397005500000290e+01,-4.174588834200000065e+01
1.357678678699999963e+01,-2.134818863499999964e+01,-3.100722473500000120e+01,-2.939225581799999887e+01,-3.419215776600000112e+01,-3.832612920500000087e+01
1.359679679699999966e+01,-2.868232451200000099e+01,-3.648492170600000151e+01,-2.829080398099999982e+01,-3.781383293399999701e+01,-3.964574459100000325e+01
1.361680680699999968e+01,-3.898893942899999843e+01,-2.481335995299999908e+01,-3.477440137199999981e+01,-3.564931198800000089e+01,-3.727468581800000180e+01
1.363681681699999970e+01,-3.047268495200000160e+01,-4.006167624500000102e+01,-2.747176248799999954e+01,-3.799630781799999824e+01,-3.656854470100000043e+01
1.365682682699999972e+01,-3.289939349699999838e+01,-3.198784383799999986e+01,-2.809118292400000172e+01,-4.059035776500000026e+01,-3.681922887599999683e+01
1.367683683699999975e+01,-3.276422086099999831e+01,-3.618191461600000025e+01,-2.897126357999999868e+01,-4.104423610799999977e+01,-4.564644699800000183e+01
1.369684684699999977e+01,-3.105732351700000038e+01,-3.534302304900000280e+01,-3.541822162500000104e+01,-4.513942231400000082e+01,-3.565843387599999659e+01
1.371685685699999979e+01,-3.233963533800000079e+01,-3.013477578499999865e+01,-3.254420435699999814e+01,-4.220884336900000022e+01,-2.976836852799999988e+01
1.373686686699999981e+01,-2.065884390400000115e+01,-3.466942611099999993e+01,-2.840627457200000094e+01,-3.433747887799999887e+01,-3.181527329500000079e+01
1.375687687699999984e+01,-3.898316162199999724e+01,-3.612344845399999826e+01,-2.797007812100000024e+01,-3.590141470399999690e+01,-3.777364836699999984e+01
1.377688688699999986e+01,-2.873343331899999953e+01,-3.236041886299999959e+01,-2.695161452299999993e+01,-3.934022551500000020e+01,-3.258729825700000049e+01
1.379689689699999988e+01,-4.458998274500000036e+01,-3.782579677500000059e+01,-3.104360658799999939e+01,-4.154233730199999997e+01,-3.697665799699999667e+01
1.381690690699999990e+01,-6.179540390799999727e+01,-2.857765041400000072e+01,-2.836271227399999972e+01,-3.089328838899999852e+01,-4.091041975899999983e+01
1.383691691699999993e+01,-3.959686524199999980e+01,-3.843372306900000268e+01,-2.762220935699999913e+01,-3.532196660400000354e+01,-3.953158655299999680e+01
1.385692692699999995e+01,-3.443614756899999918e+01,-3.449015105699999850e+01,-2.724254133100000175e+01,-3.875035364200000032e+01,-3.976582487600000348e+01
1.387693693699999997e+01,-3.152166748999999868e+01,-4.347153150399999788e+01,-2.441199451800000020e+01,-4.088752257800000223e+01,-4.252827238799999776e+01
1.389694694699999999e+01,-3.069837024899999989e+01,-3.442145890799999819e+01,-2.714036237599999879e+01,-3.745581068199999919e+01,-6.656773156299999528e+01
1.391695695700000002e+01,-3.459488392200000106e+01,-4.032099597399999880e+01,-2.596116646700000175e+01,-3.572610332899999719e+01,-4.989671922600000187e+01
1.393696696700000004e+01,-3.956238988199999795e+01,-4.381177010100000047e+01,-2.650476911899999877e+01,-4.230710266599999869e+01,-4.107200800900000104e+01
1.395697697700000006e+01,-3.165649087099999903e+01,-3.287125494000000003e+01,-2.523116060799999971e+01,-3.261820723299999969e+01,-3.576919366599999961e+01
1.397698698700000008e+01,-3.897093549400000256e+01,-3.267782053500000217e+01,-2.571898773799999915e+01,-3.816546551799999776e+01,-5.924753958000000154e+01
1.399699699700000011e+01,-2.787372109300000034e+01,-3.726572080999999770e+01,-2.881138807800000023e+01,-4.293642280499999941e+01,-3.324812115900000009e+01
1.401700700700000013e+01,-3.351765967200000063e+01,-3.462048405299999843e+01,-2.987548883299999858e+01,-4.080214349100000248e+01,-3.763520685499999985e+01
1.403701701700000015e+01,-4.936805437600000346e+01,-3.620445256400000034e+01,-2.602336218499999987e+01,-5.923231510499999786e+01,-3.851473000800000079e+01
1.405702702700000017e+01,-4.002788257299999941e+01,-3.578319966000000107e+01,-3.006003768000000065e+01,-4.079400472999999749e+01,-3.323136433300000192e+01
1.407703703700000020e+01,-3.804474743800000169e+01,-3.268288958600000171e+01,-2.577091109299999871e+01,-3.708419793099999850e+01,-3.592938649799999951e+01
1.409704704700000022e+01,-3.578278630500000190e+01,-3.362623559499999715e+01,-3.155584993200000099e+01,-4.293043362600000279e+01,-3.710995939400000054e+01
1.411705705700000024e+01,-4.096399259700000073e+01,-4.111656751200000315e+01,-3.298273573800000236e+01,-4.137292670499999758e+01,-3.931344418500000160e+01
1.413706706700000026e+01,-4.250017723399999880e+01,-3.528292534300000227e+01,-2.995321686100000136e+01,-3.542067995099999678e+01,-5.098076817300000130e+01
1.415707707700000029e+01,-4.965581042800000233e+01,-3.831609598299999675e+01,-3.468929934199999821e+01,-3.407034046999999788e+01,-3.527782898400000278e+01
1.417708708700000031e+01,-4.369345990099999710e+01,-3.272370461700000277e+01,-2.793047377399999931e+01,-4.414350194600000066e+01,-3.362792780400000225e+01
1.419709709700000033e+01,-5.334434149500000188e+01,-3.192151266500000162e+01,-3.100990656999999828e+01,-3.524192368399999964e+01,-3.871641187499999859e+01
1.421710710700000035e+01,-3.895853307800000209e+01,-3.403759011500000042e+01,-3.097754235800000089e+01,-3.434553729400000321e+01,-3.706445798299999694e+01
1.423711711700000038e+01,-4.271785919199999881e+01,-2.907275796400000090e+01,-2.902816329499999881e+01,-3.212417480799999936e+01,-4.444380038300000280e+01
1.425712712700000040e+01,-3.719912765000000121e+01,-3.259755717600000224e+01,-3.139877883300000150e+01,-3.944275027399999800e+01,-3.789944441000000097e+01
1.427713713700000042e+01,-3.023470654699999827e+01,-4.449222599899999864e+01,-3.117393444500000044e+01,-3.524382789900000290e+01,-3.918000869600000158e+01
1.429714714700000044e+01,-3.974916431900000191e+01,-3.479483597499999803e+01,-2.747274864599999944e+01,-3.914772651599999875e+01,-3.466870473600000224e+01
1.431715715700000047e+01,-5.603351687400000003e+01,-3.850980615400000318e+01,-2.961393042799999975e+01,-3.468235959100000088e+01,-3.576929069100000191e+01
1.433716716700000049e+01,-3.256148209199999854e+01,-3.060182796999999866e+01,-3.180206275800000171e+01,-4.076090900599999856e+01,-4.153278544799999850e+01
1.435717717700000051e+01,-5.011908989700000205e+01,-2.661618066600000176e+01,-3.252413907999999765e+01,-3.494365103100000169e+01,-3.881180264399999658e+01
1.437718718700000053e+01,-3.398721875199999687e+01,-3.314526775899999933e+01,-3.410200299000000257e+01,-4.388845391400000295e+01,-4.124301140699999735e+01
1.439719719700000056e+01,-3.819112149299999714e+01,-3.751394214799999816e+01,-3.134689297199999913e+01,-3.806390270299999656e+01,-3.532618354299999908e+01
1.441720720700000058e+01,-3.632617567799999847e+01,-3.762075657399999784e+01,-2.960774903700000138e+01,-3.822494808799999788e+01,-4.108446451199999672e+01
1.443721721700000060e+01,-3.942227530800000324e+01,-3.404089093399999655e+01,-2.862673755799999853e+01,-3.802097199600000010e+01,-3.788267355600000030e+01
1.445722722700000062e+01,-3.870643255000000238e+01,-5.235837587900000045e+01,-3.387954006700000065e+01,-4.026455166400000252e+01,-3.487785106999999840e+01
1.447723723700000065e+01,-3.844108508400000090e+01,-4.053080393500000156e+01,-3.316073576000000145e+01,-3.895823968199999854e+01,-3.860132533899999885e+01
1.449724724700000067e+01,-4.454382128999999679e+01,-5.119803718800000070e+01,-3.095502494600000176e+01,-4.336067070499999687e+01,-3.154965561299999877e+01
1.451725725700000069e+01,-3.844687003800000014e+01,-3.102383159900000109e+01,-2.991042290800000103e+01,-3.553407395199999996e+01,-3.276861196899999840e+01
1.453726726700000071e+01,-3.621966184299999725e+01,-3.869408789799999937e+01,-3.455215119999999729e+01,-3.873459116000000080e+01,-3.889267188299999845e+01
1.455727727700000074e+01,-3.562555059400000346e+01,-2.073862982099999996e+01,-3.321879450899999853e+01,-4.580951682199999908e+01,-3.539788717100000071e+01
1.457728728700000076e+01,-3.978660474099999789e+01,-2.898875685200000163e+01,-3.140145286499999955e+01,-3.885676939500000060e+01,-3.734108690899999772e+01
1.459729729700000078e+01,-3.423210218399999860e+01,-3.934145751300000171e+01,-4.251899863999999951e+01,-4.294936428599999800e+01,-3.893296604599999711e+01
1.461730730700000080e+01,-3.581514597599999661e+01,-4.403227031000000125e+01,-3.008171121099999823e+01,-3.453944105899999784e+01,-3.345223121600000127e+01
1.463731731700000083e+01,-3.493549093200000044e+01,-3.245625929300000223e+01,-3.040598828599999948e+01,-4.276413997499999908e+01,-2.787837472200000022e+01
1.465732732700000085e+01,-3.459871399499999711e+01,-4.695542399800000055e+01,-3.222548507999999856e+01,-5.534977823599999880e+01,-2.973676084399999908e+01
1.467733733700000087e+01,-3.102629622299999923e+01,-3.832572131799999937e+01,-3.506944745700000254e+01,-4.788267464700000176e+01,-3.024796062900000138e+01
1.469734734699999912e+01,-4.529419833000000040e+01,-3.744619048799999916e+01,-3.419184883900000216e+01,-3.760789836699999711e+01,-3.186143326599999881e+01
1.471735735699999914e+01,-4.326604504699999865e+01,-3.075177534399999857e+01,-3.056813385499999924e+01,-3.535603416200000026e+01,-3.556571383899999717e+01
1.473736736699999916e+01,-4.438168255299999743e+01,-2.454387086899999915e+01,-3.638081016699999992e+01,-3.522558613900000068e+01,-2.669211899600000137e+01
1.475737737699999919e+01,-4.128599797999999765e+01,-3.567902782000000173e+01,-3.099898178200000132e+01,-5.012041361400000028e+01,-2.118813601500000132e+01
1.477738738699999921e+01,-2.480010462399999938e+01,-3.628426394400000277e+01,-3.785026571000000217e+01,-3.664487233900000263e+01,-2.994527287900000090e+01
1.479739739699999923e+01,-3.386273552699999811e+01,-3.209093190499999793e+01,-3.148496931700000090e+01,-4.823101710200000269e+01,-3.284138129299999775e+01
1.481740740699999925e+01,-3.304658807599999903e+01,-4.171520113799999763e+01,-3.167098734900000068e+01,-3.838508455600000246e+01,-3.752055031599999779e+01
1.483741741699999928e+01,-2.643328377199999935e+01,-4.247914350300000308e+01,-2.930993941899999911e+01,-4.543639427699999800e+01,-2.735450712999999823e+01
1.485742742699999930e+01,-3.680247386399999954e+01,-3.805324766199999686e+01,-2.961720848099999870e+01,-3.889052943800000151e+01,-2.878163032699999846e+01
1.487743743699999932e+01,-3.108031401699999918e+01,-3.610702961999999872e+01,-2.912462919400000061e+01,-3.920792305100000164e+01,-3.576253911799999941e+01
1.489744744699999934e+01,-3.891462765100000354e+01,-4.265346784700000171e+01,-3.431069614999999828e+01,-4.227673650199999855e+01,-3.920667418200000043e+01
1.491745745699999937e+01,-2.692717020499999947e+01,-3.234136339700000207e+01,-3.274473883000000285e+01,-3.747305000000000064e+01,-4.217037140200000067e+01
1.493746746699999939e+01,-3.792934702699999860e+01,-2.648505266500000133e+01,-2.927238386699999850e+01,-3.988400255100000180e+01,-3.480621222199999920e+01
1.495747747699999941e+01,-4.256579307399999834e+01,-3.318493439800000289e+01,-2.859886655400000066e+01,-3.939385216000000156e+01,-3.172260556899999884e+01
1.497748748699999943e+01,-3.604048110899999813e+01,-3.501693926099999743e+01,-2.956853941600000013e+01,-4.349741457700000069e+01,-3.449978308299999696e+01
1.499749749699999946e+01,-2.882887311700000055e+01,-3.315107960000000276e+01,-2.743804996900000148e+01,-3.494534283000000130e+01,-3.829408887600000355e+01
1.501750750799999956e+01,-4.206637434600000347e+01,-3.895386594200000019e+01,-2.713789726699999960e+01,-4.882230282900000162e+01,-3.718925895000000281e+01
1.503751751799999958e+01,-3.518945630200000352e+01,-3.899682397499999809e+01,-3.046147346300000081e+01,-4.541155472399999837e+01,-3.821207269399999973e+01
1.505752752799999961e+01,-3.486992874399999920e+01,-3.404669844400000045e+01,-2.539522626799999827e+01,-4.082791490599999662e+01,-3.817303803000000073e+01
1.507753753799999963e+01,-3.838762649299999907e+01,-3.304049450499999807e+01,-2.589485274200000120e+01,-4.390402945999999673e+01,-3.340726330599999727e+01
1.509754754799999965e+01,-3.636661899399999953e+01,-2.551491796399999856e+01,-2.558905553499999996e+01,-4.906084444500000075e+01,-3.043223674200000062e+01
1.511755755799999967e+01,-3.598765011300000083e+01,-3.690517379599999970e+01,-2.583386458100000027e+01,-5.401634465600000112e+01,-3.289255591199999884e+01
1.513756756799999970e+01,-3.601611316500000015e+01,-2.727005418699999950e+01,-2.494992593099999922e+01,-3.167436760600000056e+01,-3.439956144500000335e+01
1.515757757799999972e+01,-5.524658802399999757e+01,-3.989437126699999681e+01,-2.549795053000000067e+01,-3.714631712599999958e+01,-3.470127123500000010e+01
1.517758758799999974e+01,-3.681391073500000033e+01,-2.582554250200000112e+01,-2.892679661200000041e+01,-4.135575099300000090e+01,-3.601798178399999983e+01
1.519759759799999976e+01,-4.065106441199999665e+01,-5.537758577099999968e+01,-2.494020009899999835e+01,-3.815878849799999983e+01,-2.854781492300000068e+01
1.521760760799999979e+01,-4.319627159000000205e+01,-3.098701246199999915e+01,-2.475685526499999867e+01,-6.515891630000000134e+01,-3.103305432399999830e+01
1.523761761799999981e+01,-3.782410515099999770e+01,-3.402725091500000332e+01,-2.517322406099999910e+01,-4.827787385999999969e+01,-3.210203410199999752e+01
1.525762762799999983e+01,-4.863358563100000254e+01,-4.120016109200000187e+01,-2.558068608099999963e+01,-3.071705674400000063e+01,-2.610476577800000086e+01
1.527763763799999985e+01,-4.246197608899999665e+01,-2.697470271499999939e+01,-2.696362244099999828e+01,-4.151955655500000120e+01,-4.035172869800000228e+01
1.529764764799999988e+01,-4.212194909899999828e+01,-3.348401777699999826e+01,-2.613676219199999906e+01,-3.697544857500000148e+01,-2.776072832899999909e+01
1.531765765799999990e+01,-4.807704680599999847e+01,-2.962637043599999842e+01,-2.776797578200000061e+01,-4.614340394900000319e+01,-2.776177350700000090e+01
1.533766766799999992e+01,-3.597624943000000286e+01,-4.533613800900000257e+01,-2.672507995799999847e+01,-3.465696518699999729e+01,-2.975966803000000027e+01
1.535767767799999994e+01,-4.294240495199999685e+01,-3.293801794800000238e+01,-2.583048458000000025e+01,-4.629432441299999823e+01,-2.351299226400000109e+01
1.537768768799999997e+01,-4.669586957700000340e+01,-5.137208388100000178e+01,-2.748989674799999960e+01,-3.541886544100000123e+01,-2.543622360899999890e+01
1.539769769799999999e+01,-3.548830468700000296e+01,-4.366951461600000073e+01,-3.549246218599999736e+01,-3.955985606699999835e+01,-3.712944442700000280e+01
1.541770770800000001e+01,-4.454668577900000059e+01,-4.060308388400000013e+01,-2.666013846299999912e+01,-3.599612669199999715e+01,-3.030328927900000124e+01
1.543771771800000003e+01,-2.786182159799999880e+01,-3.882092730600000152e+01,-2.998816084199999921e+01,-4.732173979699999933e+01,-3.271793226900000207e+01
1.545772772800000006e+01,-2.615464618900000104e+01,-5.271451234700000299e+01,-3.195208577400000038e+01,-4.598077709199999674e+01,-2.902011119000000150e+01
1.547773773800000008e+01,-8.241099599800000064e+00,-4.672937278999999933e+01,-3.000488540799999981e+01,-6.106477364700000265e+01,-3.077956804000000091e+01
1.549774774800000010e+01,-2.942599244100000178e+01,-3.470643192499999685e+01,-3.478001328500000255e+01,-3.837755404499999656e+01,-2.565163470899999965e+01
1.551775775800000012e+01,-3.307723428599999949e+01,-4.472817877399999986e+01,-3.006391349800000157e+01,-3.731351119199999999e+01,-3.049218990099999971e+01
1.553776776800000015e+01,-3.885920873999999969e+01,-3.627886900800000092e+01,-3.203449850700000212e+01,-4.855572796300000249e+01,-2.873110492100000002e+01
1.555777777800000017e+01,-3.575750110599999942e+01,-2.948176117899999937e+01,-2.661811102100000070e+01,-4.114459992100000107e+01,-2.881496684000000030e+01
1.557778778800000019e+01,-3.495128744200000170e+01,-4.798642148199999724e+01,-3.079243771100000160e+01,-3.479033626799999723e+01,-2.626691950100000028e+01
1.559779779800000021e+01,-3.520255916699999688e+01,-4.050062549999999817e+01,-2.785931887399999951e+01,-4.716672609900000168e+01,-2.793394761400000093e+01
1.561780780800000024e+01,-4.060355275300000244e+01,-3.489208994399999852e+01,-2.688591637900000109e+01,-4.063654673100000281e+01,-2.614200824999999995e+01
1.563781781800000026e+01,-3.562562490799999892e+01,-5.272681871500000028e+01,-2.797683454699999928e+01,-4.322181919599999844e+01,-2.673587724300000090e+01
1.565782782800000028e+01,-3.530410110999999773e+01,-3.070880491599999829e+01,-2.944745474200000146e+01,-4.043638093399999889e+01,-2.691865391700000032e+01
1.567783783800000030e+01,-3.530332830599999738e+01,-2.833757486000000014e+01,-3.228025206400000258e+01,-3.721336183399999697e+01,-2.975008156099999823e+01
1.569784784800000033e+01,-4.012276149400000236e+01,-3.868647627400000033e+01,-2.881109402699999933e+01,-3.453196008599999800e+01,-2.367252178800000095e+01
1.571785785800000035e+01,-3.857101549400000096e+01,-2.741943294400000042e+01,-3.143450551400000137e+01,-4.024568281999999897e+01,-2.697622263599999926e+01
1.573786786800000037e+01,-3.273346234499999952e+01,-2.879016069000000044e+01,-2.934706972500000077e+01,-4.236459968900000206e+01,-3.048504628699999941e+01
1.575787787800000039e+01,-3.789001166399999931e+01,-3.524481304399999715e+01,-3.481840550799999789e+01,-4.038978813800000012e+01,-2.669978951299999892e+01
1.577788788800000042e+01,-4.749239210999999727e+01,-4.125209604100000149e+01,-2.850219528799999935e+01,-4.137246815400000344e+01,-2.297739334099999908e+01
1.579789789800000044e+01,-3.437735999099999873e+01,-2.649873846499999885e+01,-3.342030317100000048e+01,-4.036724240400000241e+01,-2.192828503899999859e+01
1.581790790800000046e+01,-4.031779836599999811e+01,-3.557545589000000064e+01,-2.523700531200000086e+01,-3.268135252599999774e+01,-2.434946168700000158e+01
1.583791791800000048e+01,-3.742528108399999809e+01,-3.935793696700000055e+01,-2.708280083700000063e+01,-3.466304305399999919e+01,-2.391686548799999912e+01
1.585792792800000051e+01,-4.107468390399999691e+01,-2.792992337300000116e+01,-2.492165343499999963e+01,-4.001139529299999964e+01,-2.476103378799999888e+01
1.587793793800000053e+01,-3.138914494699999835e+01,-3.809032137500000204e+01,-2.421889662399999921e+01,-3.706070598899999879e+01,-2.600577446699999840e+01
1.589794794800000055e+01,-3.651704858699999789e+01,-3.273207906500000064e+01,-2.618006174299999955e+01,-3.547121896299999833e+01,-2.699075342900000152e+01
1.591795795800000057e+01,-4.178390342299999816e+01,-2.953752247699999955e+01,-2.615946717099999930e+01,-4.199824088100000097e+01,-2.670422974399999916e+01
1.593796796800000060e+01,-3.100123173600000115e+01,-3.480573050600000329e+01,-2.516877683699999935e+01,-2.903768062199999989e+01,-2.347881259900000117e+01
1.595797797800000062e+01,-3.662868462400000169e+01,-2.764565274199999934e+01,-2.461186864500000127e+01,-4.062687821600000149e+01,-2.870131873600000105e+01
1.597798798800000064e+01,-4.157257703100000157e+01,-2.800934556300000011e+01,-2.264289855799999884e+01,-3.218822162000000020e+01,-2.526590812999999969e+01
1.599799799800000066e+01,-3.577640106500000172e+01,-3.642934929100000119e+01,-2.436479343999999969e+01,-3.599629986200000076e+01,-2.539247303000000144e+01
1.601800800799999891e+01,-4.589327676799999978e+01,-5.149478497399999810e+01,-2.251524104499999979e+01,-3.528075393700000006e+01,-2.645108182899999960e+01
1.603801801799999893e+01,-3.747821128799999713e+01,-4.453852319100000301e+01,-2.444446930699999854e+01,-2.982953555899999998e+01,-2.523861943400000030e+01
1.605802802799999895e+01,-3.695100717500000087e+01,-3.470316989100000171e+01,-2.361944946099999854e+01,-3.153219647499999923e+01,-2.702866870100000085e+01
1.607803803799999898e+01,-4.052181737000000084e+01,-3.237760487399999931e+01,-2.298399666599999946e+01,-3.641062297900000289e+01,-2.664594590500000137e+01
1.609804804799999900e+01,-3.534236338600000238e+01,-3.416394403599999663e+01,-2.409952338100000091e+01,-3.359384026099999687e+01,-3.035506422599999965e+01
1.611805805799999902e+01,-3.354346175999999957e+01,-2.322828244500000139e+01,-2.068731815900000015e+01,-3.419318747599999853e+01,-2.596277249599999948e+01
1.613806806799999904e+01,-3.877387484799999839e+01,-2.944334408199999942e+01,-2.335518630700000031e+01,-2.939164621000000110e+01,-3.219818688600000200e+01
1.615807807799999907e+01,-4.462651023099999748e+01,-4.472533831500000190e+01,-2.007285708299999882e+01,-3.320912970599999881e+01,-3.460353174499999795e+01
1.617808808799999909e+01,-3.642206743100000210e+01,-3.274689362600000209e+01,-2.233687159799999833e+01,-3.398316520499999882e+01,-2.957670916600000055e+01
1.619809809799999911e+01,-5.224673662899999727e+01,-3.831931821900000301e+01,-2.225471793999999903e+01,-3.266241825499999862e+01,-2.569972841199999891e+01
1.621810810799999913e+01,-3.638525972000000053e+01,-3.886769396900000118e+01,-2.248115957099999918e+01,-3.363628921499999791e+01,-2.483274362999999951e+01
1.623811811799999916e+01,-3.250272894799999790e+01,-4.054449776599999922e+01,-2.320866098400000155e+01,-3.533282034700000196e+01,-2.635656380200000015e+01
1.625812812799999918e+01,-3.269022075600000221e+01,-2.079050410800000037e+01,-2.566460225300000175e+01,-3.186212332999999930e+01,-3.146941274299999947e+01
1.627813813799999920e+01,-5.777417855600000252e+01,-4.540991380500000218e+01,-2.525077856800000120e+01,-2.826473971800000129e+01,-2.728710496000000063e+01
1.629814814799999922e+01,-2.813776855500000096e+01,-3.333178416799999866e+01,-2.419281369300000151e+01,-3.877140814700000249e+01,-2.736880437800000010e+01
1.631815815799999925e+01,-3.226274980299999839e+01,-3.832589212799999956e+01,-2.659345480700000053e+01,-4.207802361499999932e+01,-2.460626218299999834e+01
1.633816816799999927e+01,-2.946091251000000000e+01,-4.154798770000000019e+01,-2.284325391000000138e+01,-3.352827937699999694e+01,-2.966767695600000110e+01
1.635817817799999929e+01,-2.771941050499999903e+01,-3.895114819599999834e+01,-2.270119374900000153e+01,-3.713160530999999764e+01,-2.894365994700000044e+01
1.637818818799999931e+01,-3.554155416700000103e+01,-2.316434550399999992e+01,-2.591147239800000079e+01,-3.876252252999999826e+01,-3.156177551000000037e+01
1.639819819799999934e+01,-3.386101300199999997e+01,-3.051924723200000145e+01,-2.405919194299999830e+01,-3.826121514100000098e+01,-2.881802049999999937e+01
1.641820820799999936e+01,-3.654691747900000109e+01,-3.147560671000000099e+01,-2.696351076499999877e+01,-3.864358143799999823e+01,-4.169291924800000260e+01
1.643821821799999938e+01,-3.964542960899999713e+01,-2.295293867199999838e+01,-2.581653095100000073e+01,-3.439204399599999817e+01,-2.876054447599999975e+01
1.645822822799999940e+01,-3.624246016800000092e+01,-3.045980986100000010e+01,-2.720663937000000132e+01,-4.313966063000000162e+01,-2.766167214700000088e+01
1.647823823799999943e+01,-3.120706885899999961e+01,-2.293433221500000130e+01,-2.436735356499999838e+01,-4.478656914300000125e+01,-2.821513789300000141e+01
1.649824824799999945e+01,-3.447333071900000334e+01,-2.575530660700000141e+01,-2.934805237000000133e+01,-3.688391763500000309e+01,-3.316285842399999950e+01
1.651825825799999947e+01,-3.084459356800000052e+01,-3.518731613100000288e+01,-2.539048137800000049e+01,-4.112542833999999914e+01,-2.469213090799999932e+01
1.653826826799999949e+01,-2.970623175900000135e+01,-3.921824190400000276e+01,-3.507041912799999750e+01,-3.867968214999999788e+01,-2.640389237699999825e+01
1.655827827799999952e+01,-2.089640808200000066e+01,-3.626122922399999737e+01,-2.858979308400000008e+01,-3.252602427000000063e+01,-2.456280209599999864e+01
1.657828828799999954e+01,-2.328164160400000071e+01,-3.485407406200000224e+01,-3.213487776000000196e+01,-4.357454199200000033e+01,-2.861156188900000075e+01
1.659829829799999956e+01,-2.852455045900000030e+01,-3.390567356500000074e+01,-3.083376507099999841e+01,-4.236731682700000334e+01,-2.993223720700000001e+01
1.661830830799999958e+01,-3.622306952400000313e+01,-2.624695246900000001e+01,-3.166595335299999903e+01,-4.006869026300000058e+01,-2.667518870600000014e+01
1.663831831799999961e+01,-3.110200396500000153e+01,-3.055046148199999934e+01,-3.282569474099999951e+01,-2.941929518599999938e+01,-2.264195689800000011e+01
1.665832832799999963e+01,-2.792457983799999965e+01,-3.708064195099999694e+01,-2.937205180699999829e+01,-3.575179648799999654e+01,-2.651230507700000061e+01
1.667833833799999965e+01,-3.005289881099999860e+01,-3.485116963699999815e+01,-3.162359517000000153e+01,-3.695675463799999960e+01,-2.756380977899999962e+01
1.669834834799999967e+01,-3.055024950800000028e+01,-4.112728280700000028e+01,-3.165703205299999823e+01,-3.330108135799999758e+01,-2.133507738999999859e+01
1.671835835799999970e+01,-1.918985455900000048e+01,-4.099843452100000007e+01,-3.454167487699999839e+01,-3.619440563900000285e+01,-2.964991980900000001e+01
1.673836836799999972e+01,-3.826850827399999844e+01,-3.226518570900000071e+01,-3.522118649800000156e+01,-4.225933328699999691e+01,-3.028085448299999882e+01
1.675837837799999974e+01,-2.514782829700000022e+01,-3.061606049599999935e+01,-3.191491747399999923e+01,-3.610758786800000308e+01,-2.503284673799999993e+01
1.677838838799999976e+01,-3.429209326400000180e+01,-5.280446185899999989e+01,-2.986249765799999878e+01,-4.307797854900000090e+01,-2.420101491300000163e+01
1.679839839799999979e+01,-4.099512700999999737e+01,-2.301934759199999903e+01,-4.132281346300000280e+01,-3.360375173999999987e+01,-1.532342398399999972e+01
1.681840840799999981e+01,-2.979464109299999919e+01,-4.012730459400000171e+01,-2.891767467800000091e+01,-3.390529555399999850e+01,-3.086719573699999941e+01
1.683841841799999983e+01,-2.469139425699999890e+01,-2.551151531500000047e+01,-3.132102091300000168e+01,-3.600106553999999903e+01,-2.928433653300000117e+01
1.685842842799999985e+01,-3.692152205099999662e+01,-3.077387262799999945e+01,-2.460834271599999923e+01,-2.775062922400000076e+01,-1.735079771499999879e+01
1.687843843799999988e+01,-4.955601219999999785e+01,-4.660080775600000180e+01,-3.270838266100000169e+01,-3.130671895800000115e+01,-2.380065651199999976e+01
1.689844844799999990e+01,-3.013101465800000156e+01,-2.915170393000000004e+01,-3.876421223900000257e+01,-3.534713584099999650e+01,-2.984782990100000077e+01
1.691845845799999992e+01,-3.422624894999999867e+01,-3.359714418699999783e+01,-2.934255015400000133e+01,-4.624928872000000268e+01,-2.489466736199999986e+01
1.693846846799999994e+01,-2.789913925999999833e+01,-5.291140877400000164e+01,-3.239937088300000312e+01,-4.061480617600000187e+01,-2.632536485800000037e+01
1.695847847799999997e+01,-4.556103912900000097e+01,-3.500211722000000236e+01,-2.679578113399999850e+01,-4.251527786900000194e+01,-2.208008110300000126e+01
1.697848848799999999e+01,-2.825915131900000077e+01,-2.879812688399999843e+01,-3.142308419100000094e+01,-3.885237215000000077e+01,-3.012574534699999873e+01
1.699849849800000001e+01,-3.180660009500000029e+01,-3.683369061900000219e+01,-3.143238907299999951e+01,-3.832991355099999709e+01,-2.096221656899999886e+01
1.701850850900000012e+01,-3.565297991100000274e+01,-2.363615794200000053e+01,-2.801768939000000103e+01,-3.135268068599999935e+01,-1.748774086599999933e+01
1.703851851900000014e+01,-2.350108524599999882e+01,-2.718205452400000155e+01,-2.996659646699999868e+01,-3.889747319899999667e+01,-2.873542798500000117e+01
1.705852852900000016e+01,-2.952732315100000093e+01,-3.462575324000000165e+01,-3.009176755700000072e+01,-3.711377018299999975e+01,-2.506634496399999890e+01
1.707853853900000018e+01,-4.683584698699999649e+01,-1.896458857700000067e+01,-3.321464594900000122e+01,-3.713341592599999785e+01,-2.816976039200000059e+01
1.709854854900000021e+01,-4.734215621700000298e+01,-2.866268771800000081e+01,-2.999996943100000024e+01,-3.600302806999999916e+01,-3.479690367700000309e+01
1.711855855900000023e+01,-5.137322937599999761e+01,-3.596564134399999801e+01,-3.226318391499999905e+01,-3.367677831200000327e+01,-2.657677417400000053e+01
1.713856856900000025e+01,-3.959883814300000182e+01,-2.751233687999999944e+01,-4.654724193399999876e+01,-3.423586805200000072e+01,-2.801231110200000174e+01
1.715857857900000027e+01,-3.152941584099999872e+01,-2.710739768899999902e+01,-2.713910389799999834e+01,-4.164495167100000117e+01,-2.967513216900000117e+01
1.717858858900000030e+01,-3.343461629800000168e+01,-3.271617681200000050e+01,-2.847417455700000133e+01,-3.725916958500000220e+01,-3.055028869399999891e+01
1.719859859900000032e+01,-3.518113564200000098e+01,-3.836285787300000294e+01,-3.503287615200000005e+01,-3.887141606099999791e+01,-2.900638242200000150e+01
1.721860860900000034e+01,-3.115997999000000007e+01,-3.728107462700000241e+01,-3.424821178399999866e+01,-3.165933439100000157e+01,-3.809036297499999790e+01
1.723861861900000036e+01,-4.465830425000000048e+01,-2.963960730000000154e+01,-3.074724811900000176e+01,-6.292234568399999972e+01,-2.581312031999999945e+01
1.725862862900000039e+01,-5.201158846500000266e+01,-3.856716884899999798e+01,-2.997382400900000121e+01,-2.855042163799999955e+01,-2.882202682000000138e+01
1.727863863900000041e+01,-3.932728019300000000e+01,-2.759026861499999939e+01,-3.980911932699999767e+01,-3.087326842699999929e+01,-3.228206948199999715e+01
1.729864864900000043e+01,-3.217467371899999762e+01,-3.874216194899999977e+01,-3.340029594599999996e+01,-3.446728532000000200e+01,-3.145676166799999862e+01
1.731865865900000045e+01,-2.785897258099999974e+01,-4.127086520699999994e+01,-4.168358946000000032e+01,-4.867975335399999892e+01,-2.038718400100000139e+01
1.733866866900000048e+01,-3.103944010700000078e+01,-3.096382109800000038e+01,-3.502795025500000037e+01,-4.058047461299999981e+01,-2.977356820700000029e+01
1.735867867900000050e+01,-1.183549362699999996e+01,-3.779721704699999663e+01,-3.083226836700000106e+01,-3.855204977399999677e+01,-2.767300251300000014e+01
1.737868868900000052e+01,-4.381781452799999954e+01,-2.411354904499999918e+01,-2.868277638700000054e+01,-3.124238013100000089e+01,-2.835463614600000071e+01
1.739869869900000054e+01,-3.644029394399999688e+01,-3.045571371899999846e+01,-3.487010111800000089e+01,-3.191007707700000040e+01,-2.158138426100000018e+01
1.741870870900000057e+01,-3.238871072300000264e+01,-3.122186377499999921e+01,-3.216260425099999765e+01,-3.591530820999999918e+01,-3.260157030599999928e+01
1.743871871900000059e+01,-3.332814136700000063e+01,-2.827262818699999869e+01,-2.954402033699999919e+01,-3.594813803299999933e+01,-2.867020343200000099e+01
1.745872872900000061e+01,-4.524563369900000254e+01,-3.114171545399999985e+01,-2.793476802700000050e+01,-3.056080595799999955e+01,-3.088642753999999968e+01
1.747873873900000063e+01,-3.331888946699999821e+01,-5.417536705100000205e+01,-4.148820147400000025e+01,-2.955227648600000023e+01,-2.180732917599999965e+01
1.749874874900000066e+01,-2.098699227499999864e+01,-2.528453891199999859e+01,-3.034900120800000067e+01,-3.473591802800000039e+01,-2.729055302400000116e+01
1.751875875900000068e+01,-3.409078049899999741e+01,-3.633220445599999948e+01,-3.890274527900000123e+01,-2.806631897100000117e+01,-2.598171764699999997e+01
1.753876876900000070e+01,-4.237550147000000322e+01,-3.727188782500000030e+01,-2.535498629199999954e+01,-2.335867554600000062e+01,-6.068022116499999896e+00
1.755877877900000072e+01,-2.365455174899999946e+01,-2.989411635100000098e+01,-3.071201577600000121e+01,-2.672872484999999898e+01,-2.371089733100000174e+01
1.757878878900000075e+01,-2.895677567999999980e+01,-3.086834278799999964e+01,-1.966400736800000004e+01,-2.483920015500000034e+01,-2.659775018199999863e+01
1.759879879900000077e+01,-3.908268688700000126e+01,-2.671065628499999889e+01,-2.730874797199999904e+01,-3.842732112899999919e+01,-2.035450653999999915e+01
1.761880880900000079e+01,-2.737797331100000164e+01,-4.117159587199999748e+01,-3.836014782699999870e+01,-2.577613467300000138e+01,-3.065482807600000115e+01
1.763881881900000081e+01,-4.045457949099999695e+01,-2.716692298699999952e+01,-2.892358487799999978e+01,-2.953816290400000000e+01,-1.996404710699999896e+01
1.765882882900000084e+01,-3.431922954099999856e+01,-2.923431799000000098e+01,-4.499508939599999735e+01,-2.258273149400000079e+01,-9.916538602199999275e+00
1.767883883900000086e+01,-1.974321635000000086e+01,-2.185058118799999960e+01,-3.035140999800000117e+01,-3.002123082399999987e+01,-2.654259421900000149e+01
1.769884884900000088e+01,-3.181052881100000107e+01,-3.948181877399999706e+01,-3.344978624800000233e+01,-3.150744982000000149e+01,-2.444712516899999954e+01
1.771885885900000090e+01,-3.148968601600000028e+01,-2.592949357499999863e+01,-3.230404270700000069e+01,-2.807566511799999986e+01,-2.362236255799999896e+01
1.773886886900000093e+01,-3.766876866999999862e+01,-1.979028464599999992e+01,-1.523415379599999930e+01,-3.968260850499999748e+01,-1.434514402900000007e+01
1.775887887900000095e+01,-3.898478815099999650e+01,-2.604404488699999831e+01,-3.249870144500000180e+01,-4.744412878400000011e+01,-2.529943576300000174e+01
1.777888888900000097e+01,-4.410205722300000275e+01,-1.420321032200000033e+01,-2.440019622499999841e+01,-1.768435324100000017e+01,-1.505843345199999916e+01
1.779889889900000099e+01,-3.843717937699999965e+01,-3.282046892999999699e+01,-2.613458204399999829e+01,-3.114826412000000033e+01,-2.547413486499999991e+01
1.781890890900000102e+01,-4.096498005800000186e+01,-2.629899189400000026e+01,-2.234290156100000146e+01,-2.493704169900000167e+01,-3.074991822400000174e+01
1.783891891900000104e+01,-4.311653866000000335e+01,-2.355731013500000159e+01,-1.993630733299999847e+01,-3.832127414299999657e+01,-1.805850503699999976e+01
1.785892892900000106e+01,-3.722775584699999740e+01,-4.912861668400000070e+01,-2.784932268100000030e+01,-3.188139930099999830e+01,-2.917404138499999888e+01
1.787893893900000108e+01,-4.746532887499999731e+01,-1.519144127200000050e+01,-3.362963541799999945e+01,-1.397181975200000004e+01,-2.558107073500000084e+01
1.789894894900000111e+01,-3.883345454199999836e+01,-1.971932216400000115e+01,-3.099873338800000155e+01,-2.670721408900000071e+01,-2.259867862100000124e+01
1.791895895900000113e+01,-3.581765575499999699e+01,-2.796044620400000014e+01,-2.499977129999999903e+01,-2.451194975199999959e+01,-2.111669790699999893e+01
1.793896896900000115e+01,-6.133603913099999971e+01,-2.571683382699999854e+01,-3.186975720399999901e+01,-2.694810171800000020e+01,-2.409499740900000120e+01
1.795897897900000117e+01,-5.115649686300000099e+01,-3.382462879599999894e+01,-3.134264208500000137e+01,-3.030673538899999997e+01,-2.310555333599999983e+01
1.797898898900000120e+01,-4.103290998100000309e+01,-2.897415875600000135e+01,-2.658626549299999908e+01,-3.088553979799999993e+01,-1.321237048999999963e+01
1.799899899900000122e+01,-3.091838528299999922e+01,-2.759548531900000157e+01,-2.202111630599999970e+01,-2.000571181000000109e+01,-2.207955975100000146e+01
1.801900900900000124e+01,-4.378597210200000234e+01,-2.737956831300000005e+01,-2.542389470699999876e+01,-2.693362734800000169e+01,-4.257877531900000179e+01
1.803901901900000126e+01,-4.885078158400000348e+01,-3.678371007700000206e+01,-2.663551874999999924e+01,-2.664416569300000148e+01,-4.894176709399999936e+00
1.805902902900000129e+01,-2.455834485200000117e+01,-2.328914239599999902e+01,-2.956573723600000037e+01,-3.951346889399999895e+01,-1.578118340300000000e+01
1.807903903900000131e+01,-2.903739261999999854e+01,-3.217698293699999823e+01,-2.441022647899999853e+01,-2.649393938600000098e+01,-2.512697243199999875e+01
1.809904904900000133e+01,-3.180672407899999854e+01,-2.920298660099999921e+01,-2.172175356400000013e+01,-1.507580231300000051e+01,-9.472854868300000675e+00
1.811905905900000135e+01,-3.984696899099999712e+01,-1.324882192799999991e+01,-2.956454880800000140e+01,-3.792089829199999684e+01,-2.287870021000000165e+01
1.813906906900000138e+01,-4.401055178200000029e+01,-3.325903064599999936e+01,-1.827205952499999952e+01,-2.502364844899999952e+01,-2.779518189499999892e+01
1.815907907900000140e+01,-3.384333043899999893e+01,-3.311203072699999694e+01,-2.456846166400000087e+01,-2.069806274200000118e+01,-1.629519553900000162e+01
1.817908908900000142e+01,-2.455291344400000142e+01,-3.106942855100000145e+01,-2.563396681600000093e+01,-2.500737127100000023e+01,-2.813033468300000095e+01
1.819909909900000144e+01,-4.270953657300000117e+01,-3.947851186999999840e+01,-2.750941122500000091e+01,-3.628073080000000061e+01,-3.582802691399999873e+01
1.821910910900000147e+01,-3.243414426399999684e+01,-4.337840435599999722e+01,-2.729190039199999873e+01,-3.025482278300000161e+01,-2.690731915900000004e+01
1.823911911900000149e+01,-3.117834429899999904e+01,-2.337433191699999924e+01,-3.020202742900000104e+01,-2.581614708600000085e+01,-3.485544847900000320e+01
1.825912912900000151e+01,-3.616747243399999689e+01,-2.175559516399999893e+01,-2.961216016999999923e+01,-2.715027074900000059e+01,-2.185644139800000119e+01
1.827913913900000153e+01,-3.128835407700000104e+01,-3.838563159299999938e+01,-3.402274270800000266e+01,-2.419217273599999984e+01,-2.771643300899999929e+01
1.829914914900000156e+01,-3.629719054800000322e+01,-3.090343219200000036e+01,-2.581551636100000024e+01,-3.261915487499999955e+01,-2.871202532399999896e+01
1.831915915900000158e+01,-3.581015488900000321e+01,-4.307433687300000003e+01,-2.068344968299999920e+01,-1.567961445499999940e+01,-3.496406327700000105e+01
1.833916916900000160e+01,-2.956014106699999999e+01,-3.770075772300000239e+01,-3.091896747599999884e+01,-2.088128401000000167e+01,-1.433027046900000023e+01
1.835917917900000162e+01,-1.472631311800000020e+01,-3.850563390800000008e+01,-2.706417596200000020e+01,-4.329763904400000030e+01,-3.423157847000000231e+01
1.837918918900000165e+01,-3.242684520299999917e+01,-4.091196545700000087e+01,-3.035378324799999916e+01,-4.304829289199999920e+01,-2.353010504599999919e+01
1.839919919900000167e+01,-3.840539432900000349e+01,-3.964896707100000128e+01,-5.011778524199999652e+01,-3.316987761200000051e+01,-1.814423301000000066e+01
1.841920920900000169e+01,-1.631693688200000025e+01,-3.556323283799999757e+01,-2.829163768400000123e+01,-3.104744451499999869e+01,-1.920197549199999898e+01
1.843921921900000171e+01,-3.399340893499999794e+01,-3.520302943200000101e+01,-2.762926741000000064e+01,-4.174327570999999892e+01,-1.893998988799999950e+01
1.845922922900000174e+01,-3.650694438800000086e+01,-3.248543971800000207e+01,-3.286184580100000119e+01,-2.405137799299999912e+01,-1.772869815900000035e+01
1.847923923900000176e+01,-3.692673389600000178e+01,-4.860171622299999683e+01,-3.252391861899999981e+01,-1.745042456599999880e+01,-2.127868990500000024e+01
1.849924924899999823e+01,-3.626822665000000256e+01,-3.731849777499999732e+01,-4.332438922099999701e+01,-3.914941387700000064e+01,-1.854426654799999952e+01
1.851925925899999825e+01,-3.707321519399999943e+01,-1.556005435800000036e+01,-4.441574748000000028e+01,-2.346193526300000087e+01,-1.694795528399999895e+01
1.853926926899999827e+01,-2.965535790099999858e+01,-2.546803073099999892e+01,-1.229238713600000032e+01,-1.746299116200000157e+01,-6.412672380000000061e+00
1.855927927899999830e+01,-3.492778553000000130e+01,-5.024785904899999878e+01,-2.598070446699999891e+01,-2.557823711700000047e+01,-1.035228801899999951e+01
1.857928928899999832e+01,-2.898536461200000147e+01,-2.601005488599999893e+01,-2.273672250699999964e+01,-3.681930023900000037e+01,-2.475593114600000177e+01
1.859929929899999834e+01,-4.313823835699999876e+01,-3.296174969599999827e+01,-1.553776005399999960e+01,-1.343338657199999986e+01,-5.480158220499999899e+00
1.861930930899999836e+01,-2.890217514100000074e+01,-3.071590133999999850e+01,-2.946738622599999857e+01,-3.591693756699999796e+01,-3.146756195300000059e+01
1.863931931899999839e+01,-2.931358460299999891e+01,-3.456812295799999646e+01,-3.942914696700000121e+01,-3.430812110499999790e+01,-2.541280547999999939e+01
1.865932932899999841e+01,-5.086812158099999692e+01,-3.191407420699999875e+01,-2.637102950999999962e+01,-2.594485233199999996e+01,-3.106297544999999971e+01
1.867933933899999843e+01,-4.782834640000000093e+01,-3.973923978300000215e+01,-5.182459639799999707e+01,-3.496805597099999829e+01,-3.399815737600000176e+01
1.869934934899999845e+01,-4.094810912100000166e+01,-2.606668520899999919e+01,-4.212085033900000042e+01,-3.325589933399999865e+01,-2.597782140700000042e+01
1.871935935899999848e+01,-4.211780961899999909e+01,-4.639329556399999888e+01,-2.848241013699999868e+01,-6.332078528800000328e+01,-3.050341263400000003e+01
1.873936936899999850e+01,-5.357179355499999929e+01,-4.467498920399999918e+01,-3.012743674400000060e+01,-4.424160032500000028e+01,-3.062547160100000099e+01
1.875937937899999852e+01,-3.951059941999999836e+01,-3.143085913799999886e+01,-2.857475125399999882e+01,-2.948051872299999943e+01,-3.166418814600000076e+01
1.877938938899999854e+01,-4.068965716700000002e+01,-3.662157548199999724e+01,-3.658356395300000230e+01,-2.728126156100000088e+01,-4.074746983600000050e+01
1.879939939899999857e+01,-3.696489937700000183e+01,-4.073335893200000157e+01,-2.752718221199999959e+01,-3.426196446899999870e+01,-2.379129105199999827e+01
1.881940940899999859e+01,-4.290628953899999942e+01,-3.342272526800000065e+01,-3.687121295899999751e+01,-3.076354145099999826e+01,-3.067250037100000171e+01
1.883941941899999861e+01,-3.189585501299999848e+01,-4.578377318799999784e+01,-2.439842333900000071e+01,-4.117240853399999878e+01,-2.760707511400000058e+01
1.885942942899999863e+01,-2.241646997799999852e+01,-4.644531278600000235e+01,-8.452984812900000477e+00,-4.456381648899999881e+00,-2.252619372799999908e+00
1.887943943899999866e+01,-4.149705389599999705e+01,-3.644160092300000287e+01,-3.332068688199999684e+01,-3.276477893100000216e+01,-2.991456268600000001e+01
1.889944944899999868e+01,-3.388247560399999969e+01,-3.592648982699999749e+01,-2.586558843599999946e+01,-3.585303527500000342e+01,-3.090924864300000152e+01
1.891945945899999870e+01,-2.668022065099999907e+01,-3.886139003200000275e+01,-2.290955461100000079e+01,-3.141211949199999864e+01,-3.186269305800000140e+01
1.893946946899999872e+01,-4.066844901999999706e+01,-4.598290839199999880e+01,-3.483460168399999901e+01,-2.281648810000000083e+01,-2.803087020199999913e+01
1.895947947899999875e+01,-3.243240311299999945e+01,-4.296824293800000305e+01,-2.749749681400000156e+01,-3.617244043299999845e+01,-2.663354883099999881e+01
1.897948948899999877e+01,-2.488256740199999939e+01,-4.670770464299999958e+01,-2.471981185199999942e+01,-2.101000852199999969e+01,-1.870064515299999997e+01
1.899949949899999879e+01,-4.298443315800000164e+01,-4.442849470400000200e+01,-2.796753259300000138e+01,-3.770248817400000263e+01,-3.132461921999999888e+01
1.901950950999999890e+01,-3.186989114400000034e+01,-3.521226185300000111e+01,-4.216546041899999864e+01,-3.110401797999999829e+01,-2.840704986200000093e+01
1.903951951999999892e+01,-3.415714035100000245e+01,-3.381105283400000161e+01,-3.102421178799999879e+01,-3.469851489599999894e+01,-3.116935174600000025e+01
1.905952952999999894e+01,-3.633948701700000328e+01,-4.254013315099999915e+01,-2.772335847800000153e+01,-3.341171438399999971e+01,-3.065386174400000030e+01
1.907953953999999896e+01,-3.088944204599999921e+01,-4.651045835499999725e+01,-3.928327305700000238e+01,-2.177332024000000033e+01,-2.545471580899999964e+01
1.909954954999999899e+01,-3.425011236800000347e+01,-3.419066889500000173e+01,-1.676904300100000000e+01,-1.271031123799999918e+01,-2.733234688499999976e+01
1.911955955999999901e+01,-4.392911799699999875e+01,-6.548625477900000647e+01,-2.682377106199999872e+01,-2.560154854199999974e+01,-2.806831261099999963e+01
1.913956956999999903e+01,-3.156523921100000152e+01,-2.335861148600000092e+01,-3.037603002999999902e+01,-3.118448366399999827e+01,-2.821933728300000155e+01
1.915957957999999905e+01,-4.826969601199999715e+01,-5.006329269100000090e+01,-2.857342770800000054e+01,-3.302012417899999974e+01,-2.778139309599999862e+01
1.917958958999999908e+01,-3.831848692799999867e+01,-4.749178104399999967e+01,-3.011258099999999871e+01,-2.654233694699999901e+01,-2.639232658799999953e+01
1.919959959999999910e+01,-3.164899461699999961e+01,-2.346366474399999902e+01,-2.005015792200000035e+01,-3.464247831699999836e+01,-1.089511642899999977e+01
1.921960960999999912e+01,-4.614574945999999755e+01,-3.637451869400000248e+01,-2.894093356300000153e+01,-2.551453668099999916e+01,-3.012437264300000095e+01
1.923961961999999914e+01,-3.757059529699999700e+01,-3.378697736499999849e+01,-4.239255531199999893e+01,-3.843076832799999920e+01,-2.401674481499999914e+01
1.925962962999999917e+01,-3.412239558000000272e+01,-2.678839084999999898e+01,-2.295455120700000151e+01,-2.898839715900000158e+01,-1.615062512400000116e+01
1.927963963999999919e+01,-4.550288245899999851e+01,-3.846868701500000043e+01,-3.027765447799999876e+01,-2.206590488999999877e+01,-1.870998825999999937e+01
1.929964964999999921e+01,-4.186418994099999935e+01,-2.109551475299999979e+01,-2.472452764299999828e+01,-2.772213364899999988e+01,-2.455574302899999850e+01
1.931965965999999923e+01,-3.535068780299999958e+01,-5.813435563699999697e+00,-1.367346316999999978e+01,-1.936555447799999996e+01,-1.724973466499999830e+01
1.933966966999999926e+01,-4.060836403999999789e+01,-4.499500367600000317e+01,-3.694233927999999878e+01,-3.023733532900000043e+01,-4.592650556699999953e+01
1.935967967999999928e+01,-3.786551191000000216e+01,-3.584145836900000148e+01,-3.501221274600000299e+01,-3.075505879399999998e+01,-3.207238240400000251e+01
1.937968968999999930e+01,-3.429249859600000150e+01,-3.548157995399999720e+01,-2.998373019499999970e+01,-3.166075635500000018e+01,-2.999704603100000000e+01
1.939969969999999932e+01,-4.462306079100000034e+01,-4.409830303599999723e+01,-3.670235191999999813e+01,-2.989032686599999877e+01,-3.106596351299999981e+01
1.941970970999999935e+01,-3.351251214599999884e+01,-4.141331014400000043e+01,-2.915696468699999855e+01,-3.132977971900000114e+01,-2.278832263600000019e+01
1.943971971999999937e+01,-3.875618591599999974e+01,-3.044495369399999873e+01,-3.467237555599999865e+01,-3.841144136599999825e+01,-3.789521524100000249e+01
1.945972972999999939e+01,-4.896895528400000330e+01,-5.300921642000000134e+01,-3.388888287399999655e+01,-2.975038913099999860e+01,-2.609100449399999988e+01
1.947973973999999941e+01,-3.372142151399999932e+01,-3.004720812100000060e+01,-2.931648980399999971e+01,-3.353159161699999657e+01,-3.390569169199999777e+01
1.949974974999999944e+01,-5.284429347999999749e+01,-4.780762046200000270e+01,-3.316985342000000259e+01,-3.095334831099999917e+01,-3.052467445799999979e+01
1.951975975999999946e+01,-4.162999512500000066e+01,-3.409772447800000350e+01,-2.616256400700000029e+01,-3.352945519000000019e+01,-3.439733625899999936e+01
1.953976976999999948e+01,-3.693664858399999673e+01,-4.164548062099999726e+01,-1.390098772900000057e+01,-2.921019477300000133e+01,-1.666499141899999969e+01
1.955977977999999950e+01,-5.096174185699999981e+01,-5.490693619200000342e+01,-3.177335088899999960e+01,-2.503578088600000129e+01,-3.039393913700000027e+01
1.957978978999999953e+01,-4.129097493500000127e+01,-3.597208661999999890e+01,-2.111218797100000089e+01,-1.553826862600000069e+01,-3.537383852200000067e+00
1.959979979999999955e+01,-2.724939994200000015e+01,-3.308300584300000224e+01,-2.492304585899999836e+01,-2.731744614300000151e+01,-4.390415184199999743e+01
1.961980980999999957e+01,-4.927368865500000084e+01,-4.987407399399999974e+01,-3.228005313300000267e+01,-3.112909340199999875e+01,-2.768957099400000033e+01
1.963981981999999959e+01,-3.315926720600000266e+01,-5.434670387900000321e+01,-2.144966788400000013e+01,-1.023989459699999927e+01,-3.173534939600000016e+01
1.965982982999999962e+01,-3.343884598599999691e+01,-3.768406278399999820e+01,-2.695266383499999918e+01,-4.035131862299999739e+01,-3.234649578100000156e+01
1.967983983999999964e+01,-4.335128693299999725e+01,-4.901361150299999991e+01,-3.832023968600000075e+01,-3.917168230600000101e+01,-3.255149972499999933e+01
1.969984984999999966e+01,-5.111113979999999657e+01,-6.382784914300000167e+01,-7.530067235699999806e+00,-1.970020774500000016e+01,-3.022510744599999910e+01
1.971985985999999968e+01,-3.646624494800000349e+01,-2.699046329000000100e+01,-1.931641971699999871e+01,-2.351903387500000164e+01,-2.457219049000000055e+01
1.973986986999999971e+01,-4.259373844000000275e+01,-3.921051527600000242e+01,-1.628353673899999876e+01,-3.037540256000000127e+01,-3.457213767900000079e+01
1.975987987999999973e+01,-5.434065600499999960e+01,-4.542257454500000335e+01,-2.193919935399999943e+01,-2.097192563799999832e+01,-2.474098497299999977e+01
1.977988988999999975e+01,-3.570166731999999854e+01,-3.851690259899999802e+01,-2.257959666100000007e+01,-3.199945399499999965e+01,-3.612830294700000167e+01
1.979989989999999977e+01,-5.093195579599999689e+01,-5.071363762499999694e+01,-4.594605049900000182e+01,-4.388226960000000076e+01,-3.047497990800000167e+01
1.981990990999999980e+01,-3.370287520000000114e+01,-4.154659641199999953e+01,-2.840374840899999853e+01,-2.068335967899999872e+01,-2.637979763299999902e+01
1.983991991999999982e+01,-3.996519175099999899e+01,-4.089112649599999827e+01,-8.276531934399999457e+00,-1.816340932399999986e+01,-4.590982524599999692e+01
1.985992992999999984e+01,-5.615557239700000025e+01,-5.618020806100000186e+01,-2.437919228000000160e+01,-2.916049466500000165e+01,-3.646617383000000245e+01
1.987993993999999986e+01,-3.185715219200000092e+01,-3.367285708899999719e+01,-3.351110317900000268e+01,-3.147724969900000147e+01,-3.706705091500000293e+01
1.989994994999999989e+01,-4.071503242000000000e+01,-3.687957207299999851e+01,-2.341980257799999876e+01,-2.340283514700000111e+01,-2.988156242299999832e+01
1.991995995999999991e+01,-5.102875755299999838e+01,-6.100775239699999730e+01,-2.338196968999999825e+01,-3.104686424200000161e+01,-2.330548700699999998e+01
1.993996996999999993e+01,-3.296618699900000138e+01,-1.723909983000000068e+01,-2.180077266600000030e+01,-1.982226988300000059e+01,-2.685750117499999945e+01
1.995997997999999995e+01,-3.928959974699999691e+01,-3.743420500199999879e+01,-2.436175799100000106e+01,-3.668295406299999684e+01,-4.374439284000000328e+01
1.997998998999999998e+01,-3.296297305400000255e+01,-4.063907725400000004e+01,-3.695302463400000192e+01,-4.291717254099999934e+01,-3.533602721700000160e+01
2.000000000000000000e+01,-2.780229786599999997e+01,-2.671968775899999926e+01,-2.562686823499999988e+01,-2.572333028199999916e+01,-3.541936908299999942e+01
