freq_GHz,S21_dB,S31_dB,S41_dB,S51_dB,S61_dB
1.000000000000000021e-02,-6.804782391300000199e+01,-7.043261594000000514e+01,-7.372168018700000403e+01,-7.240023677400000679e+01,-7.648203634099999704e+01
3.001001001000000099e-02,-7.244641368499999601e+01,-8.137835176400000137e+01,-8.095741672200000494e+01,-7.560191226300000267e+01,-7.248214336399999524e+01
5.002002002000000003e-02,-8.020875095700000657e+01,-8.670855501699999479e+01,-7.633365065899999991e+01,-8.312254683800000521e+01,-8.955372811399999478e+01
7.003003002999999560e-02,-8.040240757600000165e+01,-7.716618717199999367e+01,-7.771289360800000168e+01,-8.394940997599999832e+01,-8.459748490299999446e+01
9.004004004000000505e-02,-8.486954364700000042e+01,-8.647986017200000219e+01,-7.919327342299999373e+01,-8.211100749400000609e+01,-8.154178143199999340e+01
1.100500500500000006e-01,-7.908399455800000055e+01,-7.529983733999999629e+01,-8.656353534999999511e+01,-9.380265737999999942e+01,-7.446406209399999909e+01
1.300600600600000101e-01,-7.965984216399999696e+01,-7.306773972199999889e+01,-7.747287008099999639e+01,-7.390134916099999884e+01,-7.817174609100000282e+01
1.500700700700000056e-01,-8.126779788300000007e+01,-8.094327384000000336e+01,-7.903324576599999318e+01,-8.072010347799999863e+01,-8.280314158100000554e+01
1.700800800800000012e-01,-8.453966674800000192e+01,-8.289109766699999682e+01,-8.390119951799999853e+01,-7.753963654400000394e+01,-7.801402088999999762e+01
1.900900900899999968e-01,-8.709112184699999659e+01,-7.044727101300000527e+01,-8.443058958500000699e+01,-7.970279372000000251e+01,-8.007770370500000467e+01
2.101001000999999924e-01,-8.829889028099999848e+01,-7.732913853099999812e+01,-7.995518944600000566e+01,-8.587226933600000223e+01,-7.848379545000000235e+01
2.301101101100000157e-01,-7.884075792299999819e+01,-9.691880590099999893e+01,-8.308228076999999701e+01,-7.529857598499999938e+01,-7.646772818600000221e+01
2.501201201200000113e-01,-8.407590557700000033e+01,-8.658679244699999344e+01,-8.479761817799999335e+01,-7.561549458499999332e+01,-7.703471721799999727e+01
2.701301301299999791e-01,-7.834125629199999707e+01,-9.042581549899999516e+01,-8.659514595299999939e+01,-8.814005075800000100e+01,-8.123602628099999379e+01
2.901401401400000024e-01,-9.325945914899999423e+01,-9.340955342899999891e+01,-8.390682868800000449e+01,-8.046858646200000464e+01,-7.938253758099999402e+01
3.101501501499999702e-01,-8.403246757399999467e+01,-8.056610541599999920e+01,-7.831794023700000196e+01,-8.542463916900000243e+01,-7.800058509500000525e+01
3.301601601600000491e-01,-7.763796333199999822e+01,-8.340029986300000076e+01,-8.378980173200000081e+01,-7.842285595900000317e+01,-8.162701981700000431e+01
3.501701701700000169e-01,-8.377529987699999481e+01,-7.901601098400000467e+01,-7.315258481799999402e+01,-7.815003073500000141e+01,-7.830035182599999644e+01
3.701801801799999847e-01,-7.337307856699999320e+01,-7.836212871399999358e+01,-7.499752296699999476e+01,-7.833438848999999493e+01,-7.445597099600000490e+01
3.901901901900000080e-01,-8.087252302199999576e+01,-7.944806271900000638e+01,-7.663577574800000036e+01,-7.833156461599999432e+01,-7.249751222000000439e+01
4.102002001999999758e-01,-7.573062914300000159e+01,-9.199598002300000132e+01,-7.082293144199999801e+01,-8.365203551599999798e+01,-6.957216726599999390e+01
4.302102102099999992e-01,-7.571324837299999899e+01,-7.958243831699999760e+01,-7.043142851099999291e+01,-7.686826054200000158e+01,-7.579637399499999617e+01
4.502202202200000225e-01,-7.514349573299999463e+01,-7.570283483299999716e+01,-7.318265929599999708e+01,-7.370983004299999664e+01,-7.613785701700000175e+01
4.702302302300000458e-01,-6.967301360300000113e+01,-7.548221070699999302e+01,-7.523875155300000017e+01,-7.266453886499999726e+01,-7.344958282999999710e+01
4.902402402400000136e-01,-7.369827957100000049e+01,-9.348302998699999478e+01,-7.153154366100000061e+01,-8.043897289500000625e+01,-7.307217096799999467e+01
5.102502502500000370e-01,-7.351968387700000562e+01,-7.921898152900000412e+01,-7.463992855300000429e+01,-7.532069716200000187e+01,-6.566160260899999912e+01
5.302602602599999493e-01,-7.865529281199999900e+01,-8.012476562700000216e+01,-7.195286880300000121e+01,-7.328474811600000294e+01,-6.927640501300000153e+01
5.502702702699999726e-01,-6.849338812999999959e+01,-7.802213986099999943e+01,-6.785775789199999508e+01,-7.195335794099999305e+01,-6.131935158699999988e+01
5.702802802799999959e-01,-7.568626504600000260e+01,-8.982951617199999816e+01,-6.714310123600000679e+01,-7.848620911400000466e+01,-6.141726632400000341e+01
5.902902902899999082e-01,-7.451298177799999678e+01,-7.607807173899999498e+01,-6.393174073600000185e+01,-6.911483701500000620e+01,-6.039163488900000232e+01
6.103003002999999316e-01,-6.379521088300000287e+01,-7.202356062399999814e+01,-6.029738979599999738e+01,-7.345354540499999985e+01,-5.632543249799999785e+01
6.303103103099999549e-01,-6.542607496799999467e+01,-7.663206159099999581e+01,-5.560366624099999910e+01,-6.510848213399999906e+01,-5.391309085999999695e+01
6.503203203200000893e-01,-6.145130820400000005e+01,-6.798044909600000096e+01,-5.472048832800000184e+01,-6.687370124800000326e+01,-5.138965991700000302e+01
6.703303303300000016e-01,-6.262841581899999710e+01,-7.183474756799999739e+01,-5.286714130200000028e+01,-6.365693361000000294e+01,-4.917503294200000141e+01
6.903403403400000249e-01,-6.091644460999999922e+01,-6.309716754699999797e+01,-5.211612571900000290e+01,-6.966330851600000074e+01,-4.785144929799999858e+01
7.103503503500000482e-01,-6.274212563900000106e+01,-6.086652320500000002e+01,-5.058562924099999947e+01,-6.193612725799999907e+01,-4.677301822700000145e+01
7.303603603599999605e-01,-5.814846517299999817e+01,-5.822020793499999769e+01,-4.995851344500000124e+01,-6.721345230500000412e+01,-4.550758830000000188e+01
7.503703703699999839e-01,-5.824782037699999648e+01,-6.133487579599999862e+01,-4.927814832899999686e+01,-8.196019501000000673e+01,-4.436948088900000187e+01
7.703803803800000072e-01,-5.959774290899999727e+01,-5.601347166499999730e+01,-4.994908217100000059e+01,-6.599359806299999320e+01,-4.430889037099999683e+01
7.903903903900000305e-01,-5.869462387200000109e+01,-5.429290813200000088e+01,-4.904516763499999854e+01,-6.224140581399999661e+01,-4.362751873999999930e+01
8.104004003999999428e-01,-5.864472330800000321e+01,-5.949761190000000255e+01,-4.803233125900000289e+01,-6.591969872500000349e+01,-4.358981351500000301e+01
8.304104104099999661e-01,-5.713275656100000077e+01,-5.698093805799999956e+01,-4.928363335299999903e+01,-6.180212998900000088e+01,-4.436492141899999808e+01
8.504204204199999895e-01,-5.783387309199999748e+01,-5.305211997400000001e+01,-4.960475017400000297e+01,-6.601231577599999412e+01,-4.533245905700000122e+01
8.704304304299999018e-01,-5.891993798000000027e+01,-5.211522167900000113e+01,-4.968187054999999930e+01,-6.339430424199999692e+01,-4.598371042099999784e+01
8.904404404400000361e-01,-5.779494478299999827e+01,-5.352061773199999806e+01,-4.914257554499999969e+01,-6.092969615700000219e+01,-4.662934952199999827e+01
9.104504504500000595e-01,-5.801567458899999963e+01,-5.562761296699999747e+01,-4.934548876699999909e+01,-6.240092895099999737e+01,-4.633947150899999912e+01
9.304604604600000828e-01,-5.772923814300000345e+01,-5.336461867100000234e+01,-4.810972707300000195e+01,-6.124534397600000091e+01,-4.587969322600000055e+01
9.504704704699999951e-01,-5.874680870499999941e+01,-5.563622937600000284e+01,-4.885421939300000105e+01,-5.973282810799999965e+01,-4.755180286000000223e+01
9.704804804800000184e-01,-6.472593519699999831e+01,-5.768747111900000135e+01,-4.923455355899999830e+01,-6.577738400200000513e+01,-4.790349025799999794e+01
9.904904904900000417e-01,-5.870783069899999873e+01,-6.064349621499999898e+01,-5.122946105100000125e+01,-6.125755329500000101e+01,-4.861832312899999664e+01
1.010500500500000065e+00,-5.963395153100000101e+01,-6.551396107799999413e+01,-5.167310990200000020e+01,-6.388536793699999805e+01,-4.819127332699999755e+01
1.030510510500000088e+00,-6.048336007799999692e+01,-6.010232759000000158e+01,-5.047178617000000145e+01,-6.850132745999999884e+01,-4.841660931700000248e+01
1.050520520500000110e+00,-5.867783885899999774e+01,-5.917262844100000052e+01,-5.058507226100000054e+01,-6.126361766699999833e+01,-4.780336467099999709e+01
1.070530530499999911e+00,-6.192642570499999977e+01,-6.144800328200000195e+01,-5.058957937600000321e+01,-6.585724229699999910e+01,-4.768302930000000117e+01
1.090540540499999933e+00,-6.039039667600000172e+01,-6.447308408000000668e+01,-5.057363445299999682e+01,-6.687580261600000142e+01,-4.679523625299999878e+01
1.110550550599999964e+00,-7.419190318100000070e+01,-6.801925620500000491e+01,-5.126655602099999953e+01,-6.464228750200000206e+01,-4.649349423599999653e+01
1.130560560599999986e+00,-6.711704908299999772e+01,-6.483573785599999439e+01,-4.930640139399999811e+01,-7.295941910999999891e+01,-4.565492838299999789e+01
1.150570570600000009e+00,-6.384728369700000172e+01,-7.214492690699999855e+01,-4.880934846200000266e+01,-7.010537726600000497e+01,-4.487589960900000108e+01
1.170580580599999809e+00,-6.357574392899999793e+01,-6.490141789499999447e+01,-4.819704182800000325e+01,-7.030604874700000551e+01,-4.558028342200000083e+01
1.190590590599999832e+00,-6.486394880599999624e+01,-7.023578454699999440e+01,-4.832422534100000178e+01,-6.076709970099999936e+01,-4.512673384299999668e+01
1.210600600599999854e+00,-6.779852659700000572e+01,-6.676834628699999996e+01,-4.708359677800000043e+01,-6.498507212100000174e+01,-4.414487596600000074e+01
1.230610610599999877e+00,-6.544404719000000625e+01,-6.083353300600000324e+01,-4.534678513800000133e+01,-6.117774176999999725e+01,-4.377223114899999956e+01
1.250620620599999899e+00,-6.216379813900000073e+01,-7.115753803900000207e+01,-4.431254583799999835e+01,-6.556740550600000006e+01,-4.308912315500000290e+01
1.270630630599999922e+00,-7.145674572599999408e+01,-5.948631583600000283e+01,-4.338360131799999664e+01,-6.200361341899999701e+01,-4.273684271799999834e+01
1.290640640599999944e+00,-6.842242719600000100e+01,-6.022857335399999812e+01,-4.180234249699999793e+01,-6.039320525600000167e+01,-4.142805268000000041e+01
1.310650650699999975e+00,-5.962275581299999772e+01,-6.029749683899999724e+01,-4.183046552900000137e+01,-6.126475128500000267e+01,-4.204083322599999661e+01
1.330660660699999998e+00,-5.460511685099999823e+01,-5.662365307200000331e+01,-4.136095787800000068e+01,-5.735177004100000175e+01,-4.151680855499999723e+01
1.350670670700000020e+00,-5.595080494900000190e+01,-5.749891450999999876e+01,-4.022885969899999736e+01,-5.766072675600000252e+01,-4.178016610400000275e+01
1.370680680700000043e+00,-5.651591148899999695e+01,-5.563189420999999868e+01,-3.958455707699999948e+01,-5.939345726700000228e+01,-4.088742709299999945e+01
1.390690690700000065e+00,-5.679596400100000153e+01,-5.467381839699999801e+01,-3.857616516800000284e+01,-5.892215386000000166e+01,-3.983614052899999791e+01
1.410700700700000088e+00,-5.332708359699999789e+01,-5.512670822700000173e+01,-3.801914321999999657e+01,-6.172186389600000211e+01,-3.915699125999999808e+01
1.430710710700000110e+00,-5.149082933500000081e+01,-5.497864340699999985e+01,-3.667306823199999855e+01,-6.009126618100000172e+01,-3.826068996200000072e+01
1.450720720700000133e+00,-5.220390539999999646e+01,-5.319833221399999701e+01,-3.592059187600000314e+01,-6.026611949099999777e+01,-3.742590335399999901e+01
1.470730730700000155e+00,-5.019804074500000013e+01,-5.227285872000000211e+01,-3.497753377699999788e+01,-5.691287919100000181e+01,-3.610205345100000329e+01
1.490740740699999956e+00,-4.893221072400000082e+01,-5.219215673000000066e+01,-3.349475572899999776e+01,-5.484887077100000141e+01,-3.520757446199999663e+01
1.510750750799999986e+00,-5.078623250599999750e+01,-5.020540262000000098e+01,-3.229845335299999931e+01,-5.710391964200000103e+01,-3.435052724100000177e+01
1.530760760800000009e+00,-5.050895013800000299e+01,-5.159434225700000098e+01,-3.096624673799999883e+01,-5.983158200799999804e+01,-3.342033581100000106e+01
1.550770770800000031e+00,-4.962965950200000265e+01,-5.278009347799999773e+01,-2.998420267099999847e+01,-6.420593773400000259e+01,-3.231998901499999732e+01
1.570780780800000054e+00,-4.851392909199999792e+01,-5.252046334199999933e+01,-2.962824488500000086e+01,-6.082818096799999807e+01,-3.173400589299999908e+01
1.590790790799999854e+00,-5.296712004399999785e+01,-5.284942419699999760e+01,-2.955593253400000009e+01,-5.796241353500000315e+01,-3.164797378000000094e+01
1.610800800799999877e+00,-5.149808211199999874e+01,-5.099895418500000233e+01,-2.932406217500000167e+01,-7.006110108699999728e+01,-3.157757418699999974e+01
1.630810810799999899e+00,-5.062208393000000228e+01,-5.418289080899999988e+01,-2.872523819499999931e+01,-6.704916847399999824e+01,-3.104628750499999867e+01
1.650820820799999922e+00,-4.954727409800000260e+01,-7.739189677800000311e+01,-2.804442677000000117e+01,-6.963340553899999463e+01,-3.064630774500000143e+01
1.670830830799999944e+00,-4.921237019499999832e+01,-5.256561848900000200e+01,-2.775120044000000163e+01,-5.790718896100000279e+01,-3.021498821400000168e+01
1.690840840799999967e+00,-4.480453547900000189e+01,-5.628153365600000058e+01,-2.788618407199999893e+01,-5.515320555299999938e+01,-2.959991647300000039e+01
1.710850850899999998e+00,-4.484016852100000250e+01,-6.049893475500000051e+01,-2.772048627699999912e+01,-5.650073017500000105e+01,-2.914545442600000058e+01
1.730860860900000020e+00,-4.419278056200000293e+01,-5.143420526999999964e+01,-2.774814312699999874e+01,-5.789846888200000308e+01,-2.918003191200000046e+01
1.750870870900000043e+00,-4.522622349499999928e+01,-5.511639591400000171e+01,-2.852814985599999886e+01,-5.883220280700000160e+01,-2.944755778600000085e+01
1.770880880900000065e+00,-4.623263654699999847e+01,-5.382380646400000046e+01,-2.903481120600000054e+01,-5.712022507399999682e+01,-2.957171029099999870e+01
1.790890890900000088e+00,-4.716820220000000319e+01,-5.215979913700000026e+01,-2.959687614899999986e+01,-5.536406011599999744e+01,-3.010142558000000079e+01
1.810900900900000110e+00,-4.836530949299999804e+01,-5.421318351099999688e+01,-3.051014089799999951e+01,-5.121065036299999917e+01,-3.090297463199999939e+01
1.830910910900000133e+00,-4.938613493999999804e+01,-5.398204762799999656e+01,-3.108300832400000147e+01,-5.356782988700000203e+01,-3.144469034300000132e+01
1.850920920900000155e+00,-5.263094419000000102e+01,-5.639575704199999961e+01,-3.210433499900000243e+01,-5.539318685899999650e+01,-3.222240161900000288e+01
1.870930930900000178e+00,-5.415654413800000100e+01,-5.544403161900000043e+01,-3.306892569600000087e+01,-5.577176294000000212e+01,-3.245855610099999922e+01
1.890940940900000200e+00,-5.433568019399999827e+01,-5.795000990100000138e+01,-3.347218810500000075e+01,-5.692824448599999698e+01,-3.335884511900000149e+01
1.910950951000000009e+00,-5.593367628400000058e+01,-5.796614539499999808e+01,-3.394099672600000162e+01,-5.886584412599999894e+01,-3.381665156399999717e+01
1.930960961000000031e+00,-5.254870800900000205e+01,-5.631443071500000030e+01,-3.395724486499999983e+01,-6.292722510499999800e+01,-3.363343028199999907e+01
1.950970971000000054e+00,-5.322837971799999934e+01,-6.002117644999999868e+01,-3.377802041700000046e+01,-7.640369011600000704e+01,-3.323584622999999993e+01
1.970980981000000076e+00,-5.289967674300000056e+01,-5.544479611900000293e+01,-3.420462693599999682e+01,-6.031521501800000351e+01,-3.257409943999999768e+01
1.990990991000000099e+00,-5.414178846200000095e+01,-5.294674627700000258e+01,-3.433717425599999729e+01,-5.704265886900000027e+01,-3.188120869999999840e+01
2.011001000999999899e+00,-5.491242547800000295e+01,-5.470976990300000153e+01,-3.497644647199999923e+01,-5.630932631299999969e+01,-3.183649134499999889e+01
2.031011010999999922e+00,-5.723111158900000106e+01,-5.748570747499999811e+01,-3.472153673199999702e+01,-5.722102749599999783e+01,-3.180347287300000048e+01
2.051021020999999944e+00,-5.804959531600000133e+01,-5.492778239399999762e+01,-3.421228635500000337e+01,-5.904744894800000310e+01,-3.145943282300000021e+01
2.071031030999999967e+00,-5.890080571299999690e+01,-5.253365336299999910e+01,-3.374616559700000096e+01,-6.104683121200000073e+01,-3.105515487899999982e+01
2.091041040999999989e+00,-5.480593095399999726e+01,-5.119968961400000040e+01,-3.363196980800000091e+01,-6.207961271100000289e+01,-3.093579422699999881e+01
2.111051051100000020e+00,-5.414086358699999835e+01,-4.950410620400000283e+01,-3.305222035599999941e+01,-6.324806539899999791e+01,-3.070156294799999941e+01
2.131061061100000043e+00,-5.116990219400000228e+01,-4.892852070600000047e+01,-3.313493179700000013e+01,-6.115148343599999947e+01,-3.046543310799999915e+01
2.151071071100000065e+00,-5.091561577099999880e+01,-5.206779834400000340e+01,-3.291443431300000100e+01,-6.343230338000000046e+01,-3.056230429000000015e+01
2.171081081100000088e+00,-5.029670900499999675e+01,-5.266725750900000236e+01,-3.265968359200000037e+01,-5.945863161300000144e+01,-3.087179297400000166e+01
2.191091091100000110e+00,-4.838556890600000315e+01,-5.204856124199999812e+01,-3.217286700700000068e+01,-6.085294966800000083e+01,-3.129560317400000002e+01
2.211101101099999688e+00,-4.833670719999999932e+01,-5.260843793200000107e+01,-3.195714696499999974e+01,-6.386201973800000076e+01,-3.148950159099999979e+01
2.231111111099999711e+00,-4.684621684199999692e+01,-5.479860131899999942e+01,-3.194549696500000024e+01,-6.172632649399999849e+01,-3.165808216399999964e+01
2.251121121099999733e+00,-4.783181744099999833e+01,-5.396527543100000202e+01,-3.250654780600000038e+01,-6.595815099700000417e+01,-3.172276957100000061e+01
2.271131131099999756e+00,-4.770904146499999854e+01,-5.848481410499999811e+01,-3.237989096300000114e+01,-6.350530513500000040e+01,-3.229140511399999980e+01
2.291141141099999778e+00,-4.806700608500000271e+01,-5.882645740000000245e+01,-3.219932737199999906e+01,-7.240702353099999300e+01,-3.266195760800000158e+01
2.311151151199999809e+00,-4.744439549500000197e+01,-5.831249881800000168e+01,-3.143386243799999846e+01,-6.769440761399999928e+01,-3.279818508000000321e+01
2.331161161199999832e+00,-4.755887765100000308e+01,-5.610543667099999965e+01,-3.070409864100000163e+01,-6.683224868700000343e+01,-3.227485445700000355e+01
2.351171171199999854e+00,-4.637721353799999946e+01,-5.582579948800000125e+01,-3.018764781999999869e+01,-6.249792607700000246e+01,-3.146628560199999924e+01
2.371181181199999877e+00,-4.673712145900000081e+01,-5.703242715799999729e+01,-2.972205117000000030e+01,-6.131463105800000335e+01,-3.076802990599999887e+01
2.391191191199999899e+00,-4.537860270699999887e+01,-5.203084156999999976e+01,-2.955803755499999852e+01,-5.987970430699999724e+01,-3.042871982400000164e+01
2.411201201199999922e+00,-4.569211609399999929e+01,-5.035650852399999877e+01,-2.913054967600000111e+01,-5.892441512999999986e+01,-3.020064106299999906e+01
2.431211211199999944e+00,-4.630102854900000153e+01,-5.127988574799999810e+01,-2.900699847799999986e+01,-6.025971137199999816e+01,-3.035508332399999887e+01
2.451221221199999967e+00,-4.586684463000000278e+01,-4.973759132200000010e+01,-2.858574832000000043e+01,-6.029626299600000294e+01,-3.034655576200000127e+01
2.471231231199999989e+00,-4.685801255900000228e+01,-4.990030022900000262e+01,-2.827259564199999886e+01,-6.693295719099999985e+01,-3.034265677499999825e+01
2.491241241200000012e+00,-4.628684376399999678e+01,-5.342018166700000137e+01,-2.830595348599999994e+01,-6.153496607499999982e+01,-3.088098426799999885e+01
2.511251251300000042e+00,-5.006885712199999716e+01,-5.006612388700000338e+01,-2.835377161899999976e+01,-5.761828100900000038e+01,-3.091073651600000005e+01
2.531261261300000065e+00,-4.892185763500000206e+01,-4.853050460400000077e+01,-2.878717979900000046e+01,-5.567505415000000113e+01,-3.142032784299999904e+01
2.551271271300000087e+00,-4.864484122300000024e+01,-5.126285616799999900e+01,-2.889685961400000025e+01,-5.351899940199999861e+01,-3.175299157599999944e+01
2.571281281300000110e+00,-4.955525532099999708e+01,-4.886650079199999652e+01,-2.911098930800000062e+01,-5.834811840100000069e+01,-3.272069347699999753e+01
2.591291291300000132e+00,-4.735494064800000302e+01,-4.699093954800000006e+01,-2.937531591100000128e+01,-6.071538549099999926e+01,-3.352522112999999848e+01
2.611301301300000155e+00,-5.012248308800000274e+01,-4.610993332200000339e+01,-2.967095066299999928e+01,-5.904942084799999691e+01,-3.437506529600000249e+01
2.631311311300000177e+00,-4.939354420299999759e+01,-4.565294624599999906e+01,-2.971915368499999843e+01,-6.115074539999999814e+01,-3.518809079999999767e+01
2.651321321300000200e+00,-5.035782560300000199e+01,-4.429280710999999826e+01,-2.979864674799999946e+01,-5.975128961600000110e+01,-3.644959280300000160e+01
2.671331331300000222e+00,-5.361758169699999854e+01,-4.476836391799999859e+01,-2.949188846099999850e+01,-5.637968794900000091e+01,-3.746896627000000279e+01
2.691341341300000245e+00,-5.520530241400000193e+01,-4.671556371700000199e+01,-2.923361205100000149e+01,-5.373750909000000320e+01,-3.887531682899999907e+01
2.711351351400000276e+00,-5.605227519900000033e+01,-4.778349771700000304e+01,-2.905781687900000065e+01,-5.488930128700000211e+01,-4.098224933800000258e+01
2.731361361400000298e+00,-5.744461496099999920e+01,-4.799441919600000261e+01,-2.911328437799999946e+01,-5.727392857699999951e+01,-4.294290154200000131e+01
2.751371371399999877e+00,-5.665678321600000089e+01,-5.186705275100000279e+01,-2.882704629499999882e+01,-5.510163254799999777e+01,-4.591820181399999967e+01
2.771381381399999899e+00,-5.815786795799999709e+01,-5.240570511399999987e+01,-2.879349082299999907e+01,-5.558938788300000056e+01,-4.647687022499999898e+01
2.791391391399999922e+00,-5.685650935700000019e+01,-5.291680782299999919e+01,-2.855170380399999885e+01,-6.056925383600000146e+01,-4.783902957699999803e+01
2.811401401399999944e+00,-5.581368619799999919e+01,-5.674876506100000029e+01,-2.825197685899999911e+01,-6.034617510599999690e+01,-4.769778481299999839e+01
2.831411411399999967e+00,-5.395346849999999961e+01,-5.668711108400000143e+01,-2.823896208100000038e+01,-6.927131949699999325e+01,-4.937311996999999764e+01
2.851421421399999989e+00,-5.484789414899999827e+01,-5.729982126800000231e+01,-2.807472181600000027e+01,-5.875565918800000276e+01,-4.812054710999999685e+01
2.871431431400000012e+00,-5.592299934599999744e+01,-6.559729347500000074e+01,-2.780424889500000063e+01,-5.629553392199999706e+01,-4.678223808700000319e+01
2.891441441400000034e+00,-5.332694236999999760e+01,-6.287634631800000307e+01,-2.758176212000000049e+01,-5.486443475299999761e+01,-4.465866055499999732e+01
2.911451451500000065e+00,-4.904474104100000176e+01,-5.730445724799999851e+01,-2.731450902099999922e+01,-5.405911351200000325e+01,-4.282775702200000012e+01
2.931461461500000087e+00,-5.311126801500000028e+01,-7.791088474599999358e+01,-2.721062011000000069e+01,-5.347060804499999875e+01,-4.152492461800000001e+01
2.951471471500000110e+00,-5.029366179299999828e+01,-5.526482476900000052e+01,-2.680860322299999865e+01,-5.904636004900000046e+01,-3.970960162699999785e+01
2.971481481500000132e+00,-4.993932539600000098e+01,-5.583221030800000051e+01,-2.661369238099999990e+01,-5.231940405000000283e+01,-3.836348086000000279e+01
2.991491491500000155e+00,-4.971451339400000080e+01,-6.020434903600000354e+01,-2.658094050600000102e+01,-5.310347982700000102e+01,-3.731130645500000043e+01
3.011501501500000177e+00,-4.982979719800000140e+01,-6.465158586500000126e+01,-2.629019357199999973e+01,-5.251367205799999738e+01,-3.612348881100000142e+01
3.031511511500000200e+00,-5.026162856300000215e+01,-5.900942273500000113e+01,-2.615055422400000040e+01,-4.990823509500000199e+01,-3.524521275099999684e+01
3.051521521499999778e+00,-4.745456242099999855e+01,-6.171340986999999956e+01,-2.571178309800000150e+01,-5.332642021600000248e+01,-3.429859906000000080e+01
3.071531531499999801e+00,-4.809263938200000155e+01,-6.400698803599999565e+01,-2.541899770399999881e+01,-5.012120296300000177e+01,-3.388740450099999890e+01
3.091541541499999823e+00,-4.701554902699999872e+01,-5.804204552800000272e+01,-2.502387119500000168e+01,-5.099771354899999665e+01,-3.341293316299999816e+01
3.111551551599999854e+00,-4.761198253799999947e+01,-5.757979876699999977e+01,-2.466097339299999902e+01,-5.467494100399999724e+01,-3.284503767700000054e+01
3.131561561599999877e+00,-4.826625252899999907e+01,-5.371761604200000306e+01,-2.441633361399999913e+01,-5.286623705499999915e+01,-3.260909424900000175e+01
3.151571571599999899e+00,-4.927629518500000216e+01,-5.584627744099999802e+01,-2.427104826400000093e+01,-5.311863154099999917e+01,-3.222312300499999793e+01
3.171581581599999922e+00,-4.856060499099999817e+01,-5.191772793199999825e+01,-2.398021766900000173e+01,-5.631390848899999924e+01,-3.190081479199999848e+01
3.191591591599999944e+00,-4.831603983099999766e+01,-5.042288717999999648e+01,-2.375383773500000117e+01,-5.480025129799999917e+01,-3.136153108699999947e+01
3.211601601599999967e+00,-5.052019419999999883e+01,-5.106902956799999771e+01,-2.346173810899999879e+01,-5.652764684499999959e+01,-3.104118437400000019e+01
3.231611611599999989e+00,-5.185476578499999789e+01,-4.977460539300000164e+01,-2.345183134999999908e+01,-6.244373356999999913e+01,-3.019110259200000002e+01
3.251621621600000012e+00,-4.786441767000000169e+01,-5.263103084299999779e+01,-2.326058682000000033e+01,-5.882039584000000332e+01,-2.984799021599999946e+01
3.271631631600000034e+00,-5.100641951299999732e+01,-5.380433753799999863e+01,-2.310698616099999825e+01,-5.610155231000000242e+01,-2.941605725000000149e+01
3.291641641600000057e+00,-4.742298461000000032e+01,-4.995181328700000023e+01,-2.286541079699999912e+01,-6.118892047300000314e+01,-2.899440025199999837e+01
3.311651651699999643e+00,-4.648290669600000058e+01,-5.310958788599999991e+01,-2.255625126099999989e+01,-6.421597095600000671e+01,-2.905812573500000084e+01
3.331661661699999666e+00,-4.680579045199999655e+01,-5.764576931500000256e+01,-2.260125859200000065e+01,-6.271145684300000056e+01,-2.848263030500000070e+01
3.351671671699999688e+00,-4.512636048099999897e+01,-5.266858894500000332e+01,-2.248570559599999896e+01,-6.844531726799999660e+01,-2.839398601099999908e+01
3.371681681699999711e+00,-4.759857680599999696e+01,-5.063981514099999970e+01,-2.260391022800000016e+01,-7.430806380699999636e+01,-2.788746320399999945e+01
3.391691691699999733e+00,-4.687019361600000167e+01,-5.053228644400000036e+01,-2.270917637200000172e+01,-6.815511177000000487e+01,-2.732723790800000074e+01
3.411701701699999756e+00,-4.535140304000000100e+01,-5.411731960200000202e+01,-2.306775929000000147e+01,-6.681016173000000435e+01,-2.674527503699999897e+01
3.431711711699999778e+00,-4.586255756199999922e+01,-5.034849216799999994e+01,-2.343097801000000047e+01,-6.215266517799999946e+01,-2.596718977200000111e+01
3.451721721699999801e+00,-4.428778000399999826e+01,-4.759621054800000195e+01,-2.363758427799999851e+01,-6.936136744200000237e+01,-2.537512599800000146e+01
3.471731731699999823e+00,-4.307865269300000222e+01,-4.812436614800000001e+01,-2.412408635199999907e+01,-6.159193097800000061e+01,-2.498319917299999915e+01
3.491741741699999846e+00,-4.270044045600000260e+01,-4.878518911799999813e+01,-2.473784684299999981e+01,-6.038255222600000138e+01,-2.461176929999999885e+01
3.511751751800000321e+00,-4.193061895099999958e+01,-4.659683160499999843e+01,-2.530764027700000085e+01,-5.313545690200000138e+01,-2.438488435500000051e+01
3.531761761800000343e+00,-4.274472447299999800e+01,-5.017540794800000015e+01,-2.577558187600000039e+01,-5.763434514499999750e+01,-2.396261629600000020e+01
3.551771771800000366e+00,-4.055121050900000057e+01,-5.118288705599999844e+01,-2.640988975100000147e+01,-6.178927023300000343e+01,-2.378877621199999837e+01
3.571781781800000388e+00,-4.076553768600000183e+01,-4.582939992699999721e+01,-2.704833550700000089e+01,-5.912954837200000213e+01,-2.363829618400000143e+01
3.591791791800000411e+00,-4.059546556299999764e+01,-5.184835522699999899e+01,-2.753222165300000057e+01,-5.533543027000000336e+01,-2.363386899200000002e+01
3.611801801799999989e+00,-4.028656919699999861e+01,-5.314143988800000074e+01,-2.820464207099999854e+01,-6.273480269400000253e+01,-2.368894445899999823e+01
3.631811811800000012e+00,-3.983568754400000245e+01,-4.705652340000000322e+01,-2.894287230500000163e+01,-5.514404399800000078e+01,-2.382132519700000017e+01
3.651821821800000034e+00,-3.942907941699999697e+01,-5.980752991399999985e+01,-2.927413888999999969e+01,-5.781126291300000020e+01,-2.400468166299999950e+01
3.671831831800000057e+00,-3.951290661099999824e+01,-5.829515309199999962e+01,-2.970535016299999853e+01,-6.153971900100000170e+01,-2.404408035499999841e+01
3.691841841800000079e+00,-3.926975414099999995e+01,-5.167534950499999979e+01,-3.024239391300000079e+01,-5.203183265500000232e+01,-2.436779443800000067e+01
3.711851851900000110e+00,-3.848570755400000110e+01,-5.454552088399999832e+01,-3.089913813700000134e+01,-5.658719071000000156e+01,-2.464133316099999860e+01
3.731861861900000132e+00,-3.876217791999999918e+01,-5.188375770100000040e+01,-3.124392886400000080e+01,-5.988062236300000052e+01,-2.470873170200000146e+01
3.751871871900000155e+00,-3.832813696800000258e+01,-4.943787597899999753e+01,-3.162328789700000087e+01,-6.376720540899999889e+01,-2.519351285899999837e+01
3.771881881900000177e+00,-3.883052662200000071e+01,-5.309680323999999985e+01,-3.243440815799999655e+01,-7.208273877800000662e+01,-2.574608847400000045e+01
3.791891891900000200e+00,-4.057887410499999703e+01,-5.258336569200000099e+01,-3.226370650799999851e+01,-6.120027991999999983e+01,-2.648037810699999994e+01
3.811901901900000222e+00,-3.971956373399999762e+01,-5.419982697500000057e+01,-3.252285925000000333e+01,-6.300143223100000256e+01,-2.676928146199999858e+01
3.831911911900000245e+00,-3.983843542700000029e+01,-5.534633871399999805e+01,-3.192902296600000156e+01,-6.089922724000000187e+01,-2.700626864499999868e+01
3.851921921900000267e+00,-3.983072495399999724e+01,-5.445008398299999897e+01,-3.207278342200000054e+01,-6.732034643500000470e+01,-2.745955128900000020e+01
3.871931931900000290e+00,-3.983417730200000051e+01,-7.012921953299999700e+01,-3.186324020900000065e+01,-6.210208794399999732e+01,-2.790667365299999858e+01
3.891941941900000312e+00,-3.934192881300000266e+01,-5.925105768499999925e+01,-3.178018554599999845e+01,-6.028482912300000152e+01,-2.805798898899999827e+01
3.911951951999999899e+00,-3.924698241400000143e+01,-6.011842954899999825e+01,-3.163885374199999845e+01,-6.493475505600000020e+01,-2.813537064699999846e+01
3.931961961999999922e+00,-3.913653381000000309e+01,-6.131819998000000282e+01,-3.114427075300000070e+01,-7.341230393700000434e+01,-2.868223984799999826e+01
3.951971971999999944e+00,-3.934395698800000218e+01,-5.495540916899999928e+01,-3.102151313199999905e+01,-6.054410768200000348e+01,-2.887113644000000079e+01
3.971981981999999967e+00,-3.895090811200000047e+01,-5.052785851400000183e+01,-3.056302560600000007e+01,-5.762596513100000095e+01,-2.927014246899999961e+01
3.991991991999999989e+00,-3.841221233899999987e+01,-5.323824371500000296e+01,-2.966228496200000109e+01,-7.060386250499999505e+01,-2.964274673699999951e+01
4.012002002000000012e+00,-3.960923292300000043e+01,-5.214885003999999924e+01,-2.890700376099999858e+01,-6.440355797600000187e+01,-2.966987431600000136e+01
4.032012012000000034e+00,-4.016498272199999775e+01,-5.425658575300000308e+01,-2.851564843099999891e+01,-6.328219930899999923e+01,-3.005114773000000028e+01
4.052022022000000057e+00,-4.056655228700000038e+01,-5.057794143999999648e+01,-2.816851070799999945e+01,-5.515481851199999852e+01,-3.073956869199999886e+01
4.072032032000000079e+00,-4.159413015599999852e+01,-4.797375103299999921e+01,-2.755748119600000123e+01,-5.723111952400000035e+01,-3.081924022000000107e+01
4.092042042000000102e+00,-4.342506099999999947e+01,-5.035487472399999831e+01,-2.751411914599999875e+01,-5.305849405899999738e+01,-3.141018887699999951e+01
4.112052052100000132e+00,-4.305991409500000344e+01,-5.092093768499999840e+01,-2.705605611000000010e+01,-6.039821688100000330e+01,-3.201782922999999670e+01
4.132062062100000155e+00,-4.395897144799999978e+01,-4.646440851399999872e+01,-2.662597158999999891e+01,-5.408576313900000088e+01,-3.267497888700000175e+01
4.152072072100000177e+00,-4.492499206299999770e+01,-4.620073886600000179e+01,-2.626069902100000064e+01,-5.482312946900000128e+01,-3.361566441600000132e+01
4.172082082100000200e+00,-4.567883175499999737e+01,-5.175180821400000042e+01,-2.619429187500000111e+01,-6.118745955800000047e+01,-3.469710547599999728e+01
4.192092092100000222e+00,-4.463277022700000174e+01,-4.606948163799999918e+01,-2.589306059899999823e+01,-6.135707032399999861e+01,-3.569194916800000072e+01
4.212102102100000245e+00,-4.526699802600000311e+01,-4.631732292699999931e+01,-2.567364781699999909e+01,-5.621402300799999807e+01,-3.685827715300000307e+01
4.232112112100000267e+00,-4.501629758699999684e+01,-4.586429666299999752e+01,-2.543451954700000073e+01,-5.700275515500000267e+01,-3.923917128400000109e+01
4.252122122100000290e+00,-4.649391982800000278e+01,-4.679930298200000038e+01,-2.537337192200000047e+01,-6.843884362000000010e+01,-4.169426768099999947e+01
4.272132132100000312e+00,-4.558093160199999971e+01,-4.342462916200000222e+01,-2.523172801400000154e+01,-5.784703884700000032e+01,-4.417852323700000028e+01
4.292142142100000335e+00,-4.505739843799999989e+01,-4.383904351599999671e+01,-2.514654492800000085e+01,-5.549764206100000052e+01,-4.848069439100000011e+01
4.312152152199999477e+00,-4.493001761499999702e+01,-4.272547509300000002e+01,-2.524112321000000136e+01,-6.359855703800000271e+01,-5.944701325300000150e+01
4.332162162199999500e+00,-4.556951547300000271e+01,-4.435032657299999670e+01,-2.517103931700000174e+01,-5.674496287099999847e+01,-5.606579057700000135e+01
4.352172172199999522e+00,-4.546449954599999899e+01,-4.620102139600000157e+01,-2.500355081900000087e+01,-5.595649742300000185e+01,-4.853438937100000317e+01
4.372182182199999545e+00,-4.849431897800000257e+01,-4.902080470500000331e+01,-2.553119343499999871e+01,-5.749469555099999951e+01,-4.384449345200000181e+01
4.392192192199999567e+00,-4.749642942999999917e+01,-4.661245581899999735e+01,-2.560371445099999832e+01,-5.762157588299999844e+01,-4.207785294499999651e+01
4.412202202199999590e+00,-4.639250437300000129e+01,-4.511972740000000215e+01,-2.584400720400000040e+01,-5.269177431500000353e+01,-4.092047064500000175e+01
4.432212212199999612e+00,-4.596575712700000338e+01,-4.526716803800000122e+01,-2.614264499600000136e+01,-5.912335833699999910e+01,-3.950027539900000306e+01
4.452222222199999635e+00,-4.769102581700000343e+01,-4.224982884100000291e+01,-2.620008799600000060e+01,-8.101735954599999445e+01,-3.734755975899999925e+01
4.472232232199999657e+00,-4.664313716299999868e+01,-4.416616440699999657e+01,-2.632596335699999912e+01,-5.576799691800000147e+01,-3.686500311700000054e+01
4.492242242199999680e+00,-4.654447293300000155e+01,-4.101911453000000307e+01,-2.680934084100000092e+01,-6.597116691600000138e+01,-3.572202814399999937e+01
4.512252252300000599e+00,-4.888970555000000218e+01,-4.215242887200000155e+01,-2.711385454899999914e+01,-5.299683366800000073e+01,-3.430660737099999835e+01
4.532262262300000621e+00,-4.578526944499999729e+01,-4.153762427200000218e+01,-2.700702598100000174e+01,-5.557323244900000248e+01,-3.413853780899999890e+01
4.552272272299999756e+00,-4.597542141899999990e+01,-4.209264468399999970e+01,-2.726358665400000092e+01,-6.333974294899999791e+01,-3.404120245499999697e+01
4.572282282299999778e+00,-4.634405713799999660e+01,-4.242254474599999980e+01,-2.773150333199999906e+01,-6.081349070000000268e+01,-3.326454673799999995e+01
4.592292292299999801e+00,-4.613655261800000318e+01,-4.112454228899999720e+01,-2.803341853299999897e+01,-5.659601066100000111e+01,-3.332435147099999995e+01
4.612302302299999823e+00,-4.625577353199999919e+01,-4.175715037900000226e+01,-2.843222145600000061e+01,-5.321662910599999918e+01,-3.308431651899999792e+01
4.632312312299999846e+00,-4.501378928900000176e+01,-3.952821230800000052e+01,-2.830665032299999950e+01,-5.651952250099999731e+01,-3.262669942400000167e+01
4.652322322299999868e+00,-4.715641462899999681e+01,-3.879347835600000138e+01,-2.835409926399999847e+01,-6.564486065699999529e+01,-3.246734175499999964e+01
4.672332332299999891e+00,-4.726007724699999812e+01,-4.013416442300000142e+01,-2.834301400200000032e+01,-5.452483114500000028e+01,-3.227007024099999910e+01
4.692342342299999913e+00,-4.735829811100000342e+01,-3.891105594199999729e+01,-2.866128278000000051e+01,-5.862170964700000297e+01,-3.165271266399999917e+01
4.712352352399999944e+00,-4.539071674299999870e+01,-3.963214415800000268e+01,-2.868029219299999966e+01,-5.910236078999999876e+01,-3.113831394600000024e+01
4.732362362399999967e+00,-4.247987276100000287e+01,-3.947159390400000234e+01,-2.865469180899999913e+01,-6.271195971899999932e+01,-3.078893043800000129e+01
4.752372372399999989e+00,-4.458503665599999977e+01,-3.992586956000000242e+01,-2.864110216199999925e+01,-5.486599071100000202e+01,-3.054709800899999905e+01
4.772382382400000012e+00,-4.541611398599999916e+01,-3.965047522199999719e+01,-2.830455471499999831e+01,-5.699651816099999735e+01,-2.987356526700000003e+01
4.792392392400000034e+00,-4.413240587100000312e+01,-3.880656076500000040e+01,-2.844793264300000146e+01,-5.567636272499999706e+01,-2.964115597400000013e+01
4.812402402400000057e+00,-4.669366398799999729e+01,-3.769972246399999705e+01,-2.894271876299999846e+01,-5.457864221999999899e+01,-2.856268392699999836e+01
4.832412412399999191e+00,-4.687822625700000145e+01,-3.915625595699999906e+01,-2.821975421899999859e+01,-6.136794746999999717e+01,-2.843968670199999949e+01
4.852422422399999213e+00,-4.510010868199999834e+01,-3.688652215999999839e+01,-2.824161538699999952e+01,-6.175091086199999779e+01,-2.811132333600000166e+01
4.872432432399999236e+00,-4.376324108699999726e+01,-3.701708124200000327e+01,-2.832454399599999917e+01,-5.578699523699999929e+01,-2.783671145599999974e+01
4.892442442399999258e+00,-4.392277696699999723e+01,-3.622550418899999869e+01,-2.876701951000000079e+01,-5.735557844200000233e+01,-2.770357851900000057e+01
4.912452452500000177e+00,-4.543445761299999930e+01,-3.746799395099999685e+01,-2.784323258699999926e+01,-6.124548301400000128e+01,-2.719085333199999965e+01
4.932462462500000200e+00,-4.611548715600000037e+01,-3.650960825899999662e+01,-2.787430738899999838e+01,-6.180992712599999805e+01,-2.726626802699999885e+01
4.952472472500000222e+00,-4.509460407800000326e+01,-3.507071338899999802e+01,-2.714554277699999929e+01,-6.302867483600000043e+01,-2.706751032900000098e+01
4.972482482500000245e+00,-4.685458674099999854e+01,-3.598818966500000016e+01,-2.710061782400000041e+01,-6.622486336000000051e+01,-2.697983409800000132e+01
4.992492492500000267e+00,-4.496938843600000268e+01,-3.511033075800000347e+01,-2.702267372900000098e+01,-6.076546828600000083e+01,-2.725385701800000149e+01
5.012502502500000290e+00,-4.869139640200000230e+01,-3.443316794399999736e+01,-2.642563328700000014e+01,-5.788593889100000212e+01,-2.732490685300000166e+01
5.032512512500000312e+00,-4.599265803200000136e+01,-3.463787952100000211e+01,-2.614273839999999893e+01,-5.374333405000000141e+01,-2.754256082599999900e+01
5.052522522500000335e+00,-4.439488382700000102e+01,-3.452260253299999704e+01,-2.583187272900000053e+01,-5.937492072799999931e+01,-2.834438130299999870e+01
5.072532532500000357e+00,-4.333170461800000339e+01,-3.415230624899999867e+01,-2.543692001499999833e+01,-6.974751503100000605e+01,-2.819399160100000046e+01
5.092542542500000380e+00,-4.505103685299999938e+01,-3.485835328200000305e+01,-2.521840136200000160e+01,-5.957032755099999832e+01,-2.861196662400000079e+01
5.112552552600000411e+00,-4.744977995499999679e+01,-3.378719604300000157e+01,-2.505695477800000148e+01,-6.569726931099999945e+01,-2.908051408800000104e+01
5.132562562600000433e+00,-4.687013937900000116e+01,-3.423058939900000297e+01,-2.472270063299999876e+01,-5.341138492700000029e+01,-2.939129622000000097e+01
5.152572572600000456e+00,-4.760564609800000113e+01,-3.278318263199999905e+01,-2.443182386200000167e+01,-5.120837525400000345e+01,-2.989617329900000087e+01
5.172582582600000478e+00,-4.406852742200000250e+01,-3.241669027700000072e+01,-2.417914020099999917e+01,-6.849777367999999456e+01,-3.021009843099999870e+01
5.192592592600000501e+00,-4.549192023999999890e+01,-3.235937216699999652e+01,-2.414791032300000140e+01,-5.268805931499999673e+01,-3.036500493300000159e+01
5.212602602600000523e+00,-4.677551701299999820e+01,-3.196126476099999891e+01,-2.389337090700000132e+01,-5.704386422900000042e+01,-3.190429701000000051e+01
5.232612612600000546e+00,-4.664168231299999690e+01,-3.221731877799999921e+01,-2.370685687399999964e+01,-5.313360375500000288e+01,-3.207566453100000103e+01
5.252622622600000568e+00,-4.485070443499999726e+01,-3.140339466800000068e+01,-2.369957727299999917e+01,-5.495381467499999673e+01,-3.264014725399999861e+01
5.272632632600000591e+00,-4.575450571399999689e+01,-3.178351179999999943e+01,-2.396801216100000076e+01,-5.167055020400000132e+01,-3.284064756299999743e+01
5.292642642600000613e+00,-4.750492144500000080e+01,-3.144479563200000172e+01,-2.381801179300000015e+01,-6.169807309899999836e+01,-3.410939855899999884e+01
5.312652652699999756e+00,-5.014570428599999730e+01,-3.277647030499999659e+01,-2.361636209599999958e+01,-6.123781030600000008e+01,-3.438008422800000119e+01
5.332662662699999778e+00,-5.813515031899999741e+01,-3.256660263599999894e+01,-2.367776165500000118e+01,-4.901955518500000153e+01,-3.330055705000000188e+01
5.352672672699999801e+00,-5.322241139399999810e+01,-3.191674495599999872e+01,-2.325477770799999888e+01,-4.762040435699999819e+01,-3.394283398299999988e+01
5.372682682699999823e+00,-5.359017942199999851e+01,-3.233761985999999666e+01,-2.352475567200000128e+01,-5.040472086199999779e+01,-3.547704182199999678e+01
5.392692692699999846e+00,-6.228665291200000098e+01,-3.218315900099999993e+01,-2.347192061899999871e+01,-4.718346984099999730e+01,-3.476118847200000062e+01
5.412702702699999868e+00,-5.019390159099999948e+01,-3.274050470299999915e+01,-2.327247739199999899e+01,-5.042287505600000230e+01,-3.463746988500000157e+01
5.432712712699999891e+00,-5.218736189700000239e+01,-3.262362861300000105e+01,-2.351156998100000095e+01,-4.633728781300000321e+01,-3.606076033800000147e+01
5.452722722699999913e+00,-5.388524286500000215e+01,-3.492025928599999673e+01,-2.358410718400000050e+01,-5.344068725599999681e+01,-3.672803908800000272e+01
5.472732732699999936e+00,-5.818081550800000201e+01,-3.404535014999999731e+01,-2.354970489999999828e+01,-5.039915114299999743e+01,-3.625447966299999791e+01
5.492742742699999958e+00,-6.009408073400000205e+01,-3.441066618299999647e+01,-2.336389181199999854e+01,-5.440929926900000169e+01,-3.623578806799999796e+01
5.512752752799999989e+00,-5.201103404700000254e+01,-3.426432682899999804e+01,-2.314396904899999896e+01,-5.005063271000000213e+01,-3.707751920199999773e+01
5.532762762800000012e+00,-5.971540000800000314e+01,-3.389369496500000167e+01,-2.333590972100000016e+01,-5.038025952400000307e+01,-3.821595961199999891e+01
5.552772772800000034e+00,-5.140710688200000078e+01,-3.371085786799999795e+01,-2.336152919699999941e+01,-4.928577995999999928e+01,-3.858764713000000057e+01
5.572782782800000057e+00,-5.827290558899999695e+01,-3.276776074699999697e+01,-2.355299512099999859e+01,-4.891703781599999701e+01,-3.721669558499999653e+01
5.592792792800000079e+00,-6.356668115400000119e+01,-3.243731309000000351e+01,-2.374354201399999909e+01,-5.372005312200000304e+01,-3.785713774900000317e+01
5.612802802800000102e+00,-5.589503836600000142e+01,-3.362931630399999960e+01,-2.371669005400000074e+01,-5.075996295499999889e+01,-3.739807184299999676e+01
5.632812812800000124e+00,-5.202127961400000089e+01,-3.264075471299999975e+01,-2.371293269699999939e+01,-5.061876323100000263e+01,-3.896116640700000033e+01
5.652822822800000147e+00,-5.049241047999999665e+01,-3.360810373799999695e+01,-2.406257905800000074e+01,-5.707112247300000263e+01,-3.650227524999999673e+01
5.672832832800000169e+00,-5.243943163800000207e+01,-3.343278727700000275e+01,-2.423396239399999885e+01,-5.565270536799999945e+01,-3.861419453300000271e+01
5.692842842800000192e+00,-6.075442388399999771e+01,-3.419957788300000345e+01,-2.426817782799999890e+01,-5.595132064500000268e+01,-3.835043575600000310e+01
5.712852852899999334e+00,-6.407922100599999737e+01,-3.404598332500000168e+01,-2.475727853400000100e+01,-4.684612838399999646e+01,-3.871544695899999766e+01
5.732862862899999357e+00,-4.859530767300000065e+01,-3.393887029599999750e+01,-2.498196636300000151e+01,-4.803378214199999974e+01,-3.647721301699999685e+01
5.752872872899999379e+00,-5.203401500399999691e+01,-3.475028914800000024e+01,-2.532798963000000114e+01,-4.712205467100000078e+01,-3.704854195899999780e+01
5.772882882899999402e+00,-5.718149242500000184e+01,-3.396579613099999762e+01,-2.545445743100000158e+01,-5.763022800600000295e+01,-3.884725573400000087e+01
5.792892892899999424e+00,-5.207984569999999991e+01,-3.393163762999999733e+01,-2.574526615499999949e+01,-5.539155601699999920e+01,-3.597736651400000341e+01
5.812902902899999447e+00,-5.546045313100000129e+01,-3.263308389600000226e+01,-2.630192007200000148e+01,-5.713774019099999890e+01,-3.710686875599999723e+01
5.832912912899999469e+00,-5.266064210500000087e+01,-3.167596404000000021e+01,-2.668944525499999898e+01,-5.751918261899999862e+01,-3.735967539100000323e+01
5.852922922899999492e+00,-6.666665855499999793e+01,-3.137286091700000057e+01,-2.700115853200000160e+01,-5.938405549899999869e+01,-3.613764839000000251e+01
5.872932932899999514e+00,-6.570675208100000475e+01,-2.995016390099999981e+01,-2.764066279900000112e+01,-6.826652883200000588e+01,-3.588391012400000335e+01
5.892942942899999537e+00,-6.341593289699999758e+01,-2.910826730300000165e+01,-2.803281238799999997e+01,-5.340283737200000047e+01,-3.553057369500000107e+01
5.912952952999999567e+00,-5.152658061300000014e+01,-2.799802937300000139e+01,-2.854741315800000123e+01,-5.294483494699999682e+01,-3.543486726900000150e+01
5.932962962999999590e+00,-5.511755574699999727e+01,-2.778987051000000008e+01,-2.919010966200000112e+01,-5.203470194700000206e+01,-3.546578832000000148e+01
5.952972972999999612e+00,-5.194071193500000305e+01,-2.807445355899999839e+01,-2.906339860199999947e+01,-5.030536661400000042e+01,-3.535235376199999990e+01
5.972982982999999635e+00,-5.196337062799999984e+01,-2.792096389800000011e+01,-2.917475818599999826e+01,-5.050077932399999980e+01,-3.741603576400000009e+01
5.992992992999999657e+00,-5.692430774399999649e+01,-2.722289126300000106e+01,-2.934937055900000047e+01,-5.147202643199999983e+01,-3.547463643799999744e+01
6.013003002999999680e+00,-5.817464328599999845e+01,-2.744013264599999857e+01,-3.008942108500000145e+01,-5.082882826099999818e+01,-3.685189919799999814e+01
6.033013012999999702e+00,-7.045855805799999416e+01,-2.805298581999999996e+01,-2.989257861400000138e+01,-5.267210545900000085e+01,-3.562622283900000042e+01
6.053023022999999725e+00,-5.712629757700000255e+01,-2.808218755200000061e+01,-2.972471768500000167e+01,-4.588617997600000109e+01,-3.488992034000000331e+01
6.073033032999999747e+00,-5.128527379999999880e+01,-2.838397945699999880e+01,-2.929547048099999884e+01,-4.815901416999999896e+01,-3.402947621599999906e+01
6.093043042999999770e+00,-4.892547150299999714e+01,-2.778602476300000035e+01,-2.905569908700000070e+01,-5.314814837899999844e+01,-3.456034024499999902e+01
6.113053053100000689e+00,-6.004152211299999919e+01,-2.788510049799999990e+01,-2.955121035299999832e+01,-5.051499904500000326e+01,-3.387978429900000066e+01
6.133063063100000711e+00,-5.125607148800000346e+01,-2.785154497499999948e+01,-2.971748085799999828e+01,-5.066196104000000133e+01,-3.441875460100000339e+01
6.153073073100000734e+00,-4.984376582800000222e+01,-2.793532147299999835e+01,-2.913428518499999953e+01,-4.947986442100000204e+01,-3.426972925300000128e+01
6.173083083100000756e+00,-5.156605909599999649e+01,-2.805825345699999929e+01,-2.906080526299999889e+01,-4.836819420500000177e+01,-3.335839540199999931e+01
6.193093093100000779e+00,-5.074381164900000130e+01,-2.797893298500000014e+01,-2.964995653800000142e+01,-5.134161392600000084e+01,-3.472388851400000220e+01
6.213103103100000801e+00,-5.883888451100000339e+01,-2.852094148500000159e+01,-2.969734045599999916e+01,-4.540987641200000269e+01,-3.516696764299999955e+01
6.233113113100000824e+00,-5.780819913199999860e+01,-2.829066410800000142e+01,-2.936388005599999929e+01,-5.144083379799999989e+01,-3.481409065700000127e+01
6.253123123099999958e+00,-4.936161135599999739e+01,-2.974610452099999947e+01,-2.972322695700000139e+01,-5.086941193799999894e+01,-3.517460002800000041e+01
6.273133133099999981e+00,-5.644067632299999815e+01,-2.948743977000000172e+01,-3.063963602300000133e+01,-4.804072150500000049e+01,-3.672264155399999908e+01
6.293143143100000003e+00,-4.695022781499999809e+01,-2.945664624999999859e+01,-3.016080650600000013e+01,-4.853961170200000197e+01,-3.598713998699999905e+01
6.313153153200000034e+00,-5.661141763100000190e+01,-3.001148155799999984e+01,-3.128141014899999917e+01,-4.731305625299999917e+01,-3.693329205500000256e+01
6.333163163200000056e+00,-4.911825763899999941e+01,-3.148055510900000087e+01,-3.161454193599999840e+01,-4.628987960700000315e+01,-3.603549383499999692e+01
6.353173173200000079e+00,-4.740645348700000028e+01,-3.118919820800000053e+01,-3.306313945200000148e+01,-5.033025214500000288e+01,-3.734064407299999999e+01
6.373183183200000101e+00,-5.811856233599999655e+01,-3.204099707200000324e+01,-3.319878494200000318e+01,-4.746707664600000243e+01,-3.869448635199999842e+01
6.393193193200000124e+00,-5.778143950199999779e+01,-3.180252292500000166e+01,-3.368320846999999674e+01,-4.996023222699999877e+01,-4.116873938799999877e+01
6.413203203200000146e+00,-5.460445558600000027e+01,-3.290759629099999728e+01,-3.523954976200000289e+01,-4.598991561799999772e+01,-4.062770198900000196e+01
6.433213213200000169e+00,-5.628071496500000137e+01,-3.337558687199999952e+01,-3.655884389799999923e+01,-4.855313033499999875e+01,-3.957402340400000185e+01
6.453223223200000191e+00,-5.131834495900000093e+01,-3.422567012599999714e+01,-3.890160192100000103e+01,-4.579366844700000172e+01,-4.051165418299999743e+01
6.473233233200000214e+00,-5.118815991099999962e+01,-3.422080827399999947e+01,-3.986034467399999670e+01,-4.952268093099999646e+01,-4.126665833900000280e+01
6.493243243200000236e+00,-4.874501047300000067e+01,-3.500015971100000201e+01,-4.120635649100000109e+01,-4.212486087900000342e+01,-4.151518983199999724e+01
6.513253253300000267e+00,-4.610317103500000258e+01,-3.462609518400000042e+01,-4.660134831999999960e+01,-4.472280957600000306e+01,-3.945929922900000264e+01
6.533263263300000290e+00,-4.856792693700000285e+01,-3.529056065799999686e+01,-5.052027437000000276e+01,-4.579971370300000189e+01,-4.070173747300000144e+01
6.553273273300000312e+00,-4.512215140499999677e+01,-3.487467271599999918e+01,-5.661164823200000029e+01,-4.585524073500000242e+01,-4.045100811500000049e+01
6.573283283300000335e+00,-4.300182376299999731e+01,-3.359026995800000037e+01,-4.800962630000000075e+01,-4.578246152399999858e+01,-3.890558184300000022e+01
6.593293293300000357e+00,-4.225064036700000258e+01,-3.357556534999999798e+01,-4.729103614400000311e+01,-4.643648590499999784e+01,-3.859383024699999964e+01
6.613303303300000380e+00,-4.258120765799999674e+01,-3.363926529300000112e+01,-4.037291529699999870e+01,-4.721860313500000217e+01,-3.951817273099999994e+01
6.633313313300000402e+00,-4.034808113300000088e+01,-3.331147263799999791e+01,-3.850688492500000137e+01,-4.790484358100000151e+01,-4.115948040399999996e+01
6.653323323300000425e+00,-4.070170139999999748e+01,-3.249494777700000014e+01,-3.541321078200000017e+01,-4.490014563700000139e+01,-4.116014718499999958e+01
6.673333333300000447e+00,-4.013513064699999688e+01,-3.110544489000000112e+01,-3.387488011699999646e+01,-4.845064505999999938e+01,-4.128181301600000097e+01
6.693343343300000470e+00,-4.070289922300000285e+01,-3.107273431200000147e+01,-3.355470591600000319e+01,-5.176135854399999658e+01,-3.923417789199999817e+01
6.713353353399999612e+00,-3.679436260899999667e+01,-3.132712343000000033e+01,-3.140834587000000155e+01,-4.468437989000000243e+01,-4.092167795099999950e+01
6.733363363399999635e+00,-3.890358173799999975e+01,-3.064954958599999912e+01,-3.052024867000000086e+01,-5.028604757499999778e+01,-3.939224819500000052e+01
6.753373373399999657e+00,-3.974007004399999943e+01,-3.046385105899999957e+01,-2.941107374999999990e+01,-4.652191821699999963e+01,-3.836994871200000290e+01
6.773383383399999680e+00,-3.781666795600000341e+01,-3.084596728200000015e+01,-2.913527695300000175e+01,-4.795093426100000045e+01,-3.762277793199999820e+01
6.793393393399999702e+00,-3.624690780600000295e+01,-3.000786100899999909e+01,-2.829466443200000114e+01,-4.610686683099999783e+01,-3.624616271400000045e+01
6.813403403399999725e+00,-3.817237886400000235e+01,-3.025175327799999891e+01,-2.798996054099999853e+01,-5.646374039799999878e+01,-3.541625420799999802e+01
6.833413413399999747e+00,-3.834776246300000224e+01,-3.131098518700000000e+01,-2.749179381300000102e+01,-5.119058769000000098e+01,-3.511766514300000352e+01
6.853423423399999770e+00,-3.547071479499999924e+01,-2.999645925400000124e+01,-2.677430417900000137e+01,-4.761245201500000235e+01,-3.534613407599999846e+01
6.873433433399999792e+00,-3.616152606899999711e+01,-3.065136726000000067e+01,-2.664185120899999859e+01,-4.588207910399999889e+01,-3.447684965900000265e+01
6.893443443399999815e+00,-3.606883126099999970e+01,-2.961138013600000107e+01,-2.596112994099999938e+01,-4.734290902800000111e+01,-3.410359571800000111e+01
6.913453453499999846e+00,-3.724157725700000299e+01,-2.970769080599999867e+01,-2.576129976900000074e+01,-4.515804851899999761e+01,-3.411995022499999664e+01
6.933463463499999868e+00,-3.714157710799999990e+01,-2.950733450899999966e+01,-2.557238803299999930e+01,-4.484089521700000347e+01,-3.428148053700000020e+01
6.953473473499999891e+00,-3.664228310299999691e+01,-2.982699176699999910e+01,-2.531648038100000164e+01,-4.467176492800000176e+01,-3.422839315200000243e+01
6.973483483499999913e+00,-3.591569350000000327e+01,-3.024304842800000159e+01,-2.467032622800000041e+01,-4.440283394400000105e+01,-3.471394976999999926e+01
6.993493493499999936e+00,-3.643785326300000094e+01,-2.951336725999999899e+01,-2.486575779100000005e+01,-4.282657418499999835e+01,-3.434655626899999703e+01
7.013503503499999958e+00,-3.704790606000000253e+01,-2.918367944399999914e+01,-2.491794566800000155e+01,-4.358459732099999684e+01,-3.589989545499999934e+01
7.033513513499999981e+00,-4.142049189499999784e+01,-2.916848171199999840e+01,-2.495889885200000080e+01,-4.006056666599999971e+01,-3.682548966400000268e+01
7.053523523500000003e+00,-3.842278143800000123e+01,-2.982965811000000045e+01,-2.484890186200000173e+01,-3.966193703399999748e+01,-3.714903251500000181e+01
7.073533533500000026e+00,-3.990371333099999873e+01,-3.057624358400000020e+01,-2.474604803900000149e+01,-3.806072747500000020e+01,-3.730491687899999675e+01
7.093543543500000048e+00,-4.349881232700000311e+01,-3.009116457100000019e+01,-2.488183497300000013e+01,-3.863029686899999859e+01,-3.999681472299999996e+01
7.113553553600000079e+00,-4.141141671999999829e+01,-3.048722412900000123e+01,-2.482328225099999841e+01,-3.602029033899999888e+01,-4.230523754299999695e+01
7.133563563600000101e+00,-4.417484451499999665e+01,-3.110441047600000175e+01,-2.498135976700000072e+01,-3.511121978199999916e+01,-4.665020365299999838e+01
7.153573573600000124e+00,-4.560050320799999923e+01,-3.171603991899999997e+01,-2.471481060099999993e+01,-3.635938504800000004e+01,-4.821209957199999963e+01
7.173583583600000146e+00,-4.226336945599999950e+01,-3.281742342199999740e+01,-2.466479648400000002e+01,-3.648195145999999767e+01,-4.477950241799999986e+01
7.193593593600000169e+00,-4.740297385400000252e+01,-3.262123195099999862e+01,-2.428131358999999989e+01,-3.578145849999999939e+01,-4.357034001000000245e+01
7.213603603600000191e+00,-4.003600210799999815e+01,-3.543381159300000149e+01,-2.384302076099999823e+01,-3.546676235999999705e+01,-3.928403370899999913e+01
7.233613613600000214e+00,-4.223586947100000089e+01,-3.525297076700000076e+01,-2.407644263999999978e+01,-3.532092286999999686e+01,-3.806946957600000303e+01
7.253623623600000236e+00,-4.063105849899999811e+01,-3.426914016399999952e+01,-2.336816597400000006e+01,-3.544764040799999805e+01,-3.713298231400000304e+01
7.273633633600000259e+00,-3.960023132100000254e+01,-3.567522989500000108e+01,-2.331997731699999932e+01,-3.505562135699999970e+01,-3.483074517000000014e+01
7.293643643600000281e+00,-3.888961798599999753e+01,-3.725345481400000125e+01,-2.298026782100000176e+01,-3.526461773700000180e+01,-3.363521766200000229e+01
7.313653653699999424e+00,-4.053709201499999892e+01,-3.746235361200000114e+01,-2.244813248399999850e+01,-3.433700935800000309e+01,-3.325859431300000324e+01
7.333663663699999447e+00,-3.922370850800000142e+01,-3.783727780899999971e+01,-2.228053596599999864e+01,-3.358649472199999764e+01,-3.285272181199999864e+01
7.353673673699999469e+00,-3.724171227099999726e+01,-3.649396699700000113e+01,-2.191581305500000099e+01,-3.308581525599999651e+01,-3.162446769399999980e+01
7.373683683699999492e+00,-3.860655950200000319e+01,-3.854678926599999755e+01,-2.176240581200000079e+01,-3.364478131999999988e+01,-3.174346620500000071e+01
7.393693693699999514e+00,-3.788721308400000254e+01,-3.657107770900000077e+01,-2.168272926399999889e+01,-3.316712472799999745e+01,-3.201710259800000102e+01
7.413703703699999537e+00,-3.893921224700000039e+01,-3.617449581900000055e+01,-2.145080081000000050e+01,-3.430575073600000024e+01,-3.211419842099999755e+01
7.433713713699999559e+00,-3.643026132300000342e+01,-3.553335716299999802e+01,-2.110720946900000072e+01,-3.307667043299999676e+01,-3.207361368099999765e+01
7.453723723699999582e+00,-3.728453588200000013e+01,-3.608385490999999945e+01,-2.092296545399999985e+01,-3.264117189000000252e+01,-3.233503587399999901e+01
7.473733733699999604e+00,-3.812943130299999694e+01,-3.800856579599999918e+01,-2.089670570999999910e+01,-3.237253721900000158e+01,-3.236530935199999703e+01
7.493743743699999627e+00,-3.829276452300000244e+01,-3.854902252600000168e+01,-2.068246575599999915e+01,-3.219463749999999891e+01,-3.233932819900000055e+01
7.513753753800000545e+00,-3.990692690000000198e+01,-3.762159278800000095e+01,-2.091900587399999978e+01,-3.344305751200000287e+01,-3.266618258100000105e+01
7.533763763800000568e+00,-3.941812927000000144e+01,-3.678173862799999938e+01,-2.062621898100000095e+01,-3.300587403899999828e+01,-3.342918025000000171e+01
7.553773773800000590e+00,-4.063563076199999813e+01,-4.045107450999999799e+01,-2.093140437799999987e+01,-3.319262907400000273e+01,-3.308561907600000040e+01
7.573783783800000613e+00,-4.133862125600000326e+01,-3.644874960599999980e+01,-2.090027286600000167e+01,-3.338591246499999698e+01,-3.410193025000000233e+01
7.593793793799999747e+00,-4.346171965700000328e+01,-3.535389897900000022e+01,-2.077029546600000032e+01,-3.357725910300000294e+01,-3.296037220499999876e+01
7.613803803799999770e+00,-4.447518105999999705e+01,-3.776240226499999864e+01,-2.093338743700000038e+01,-3.311539770499999946e+01,-3.381577216400000196e+01
7.633813813799999792e+00,-4.354647401300000098e+01,-3.548251478000000247e+01,-2.094525512299999903e+01,-3.362942074699999750e+01,-3.376264508900000294e+01
7.653823823799999815e+00,-4.700294468999999964e+01,-3.566645125000000149e+01,-2.108616680400000121e+01,-3.370110636900000145e+01,-3.396815099900000234e+01
7.673833833799999837e+00,-4.261109764599999750e+01,-3.371229970400000298e+01,-2.122841774700000173e+01,-3.328057912900000304e+01,-3.311112228900000076e+01
7.693843843799999860e+00,-4.629078279600000201e+01,-3.251509108700000183e+01,-2.161037756500000029e+01,-3.347997257400000137e+01,-3.448893729499999949e+01
7.713853853899999891e+00,-4.113008829599999672e+01,-3.234456569000000314e+01,-2.181428964599999887e+01,-3.321534013800000196e+01,-3.253146888399999881e+01
7.733863863899999913e+00,-4.174028391000000227e+01,-3.073424163800000031e+01,-2.210523633600000082e+01,-3.423300325600000349e+01,-3.324899599799999805e+01
7.753873873899999936e+00,-4.223810614599999980e+01,-3.057135140600000156e+01,-2.225535800300000133e+01,-3.367994326699999874e+01,-3.346318351499999721e+01
7.773883883899999958e+00,-3.876480904200000310e+01,-2.969330414199999879e+01,-2.294309634200000048e+01,-3.491098575400000215e+01,-3.291172237100000331e+01
7.793893893899999981e+00,-3.888611211500000309e+01,-2.891160173900000174e+01,-2.307661683699999955e+01,-3.571589964000000350e+01,-3.429996758600000106e+01
7.813903903900000003e+00,-4.126856877000000168e+01,-2.955280720200000033e+01,-2.358018482599999999e+01,-3.785556406100000260e+01,-3.399598783500000110e+01
7.833913913900000026e+00,-3.832011281900000199e+01,-2.910337957599999825e+01,-2.452138014899999874e+01,-3.741052794899999867e+01,-3.483285581999999891e+01
7.853923923900000048e+00,-3.863641818499999658e+01,-2.887404580100000118e+01,-2.486036633599999846e+01,-3.893595206900000250e+01,-3.566616777699999830e+01
7.873933933899999182e+00,-3.748552208299999933e+01,-2.804762483400000050e+01,-2.545360897799999833e+01,-3.894706952899999663e+01,-3.683020131100000327e+01
7.893943943899999205e+00,-3.528557442299999991e+01,-2.811878643900000085e+01,-2.623886961399999862e+01,-3.933765682399999974e+01,-3.600978650799999770e+01
7.913953954000000124e+00,-3.645471772300000168e+01,-2.685557911500000117e+01,-2.689897173399999986e+01,-4.267899089099999799e+01,-3.803037616900000017e+01
7.933963964000000146e+00,-3.632151512099999735e+01,-2.720379957700000162e+01,-2.653936481099999867e+01,-4.117847959899999921e+01,-3.819183352900000017e+01
7.953973974000000169e+00,-3.450032838799999979e+01,-2.681708606000000117e+01,-2.716671153900000135e+01,-4.145365708899999646e+01,-4.203324780599999855e+01
7.973983984000000191e+00,-3.744578656899999913e+01,-2.682381609100000119e+01,-2.737112219999999851e+01,-3.938594080000000019e+01,-4.143934769999999901e+01
7.993993994000000214e+00,-3.529196192399999887e+01,-2.688003866800000097e+01,-2.760022648200000006e+01,-4.096651587600000255e+01,-4.236880921000000200e+01
8.014004004000000236e+00,-3.696958549800000071e+01,-2.660669048200000120e+01,-2.758133307700000003e+01,-4.248527042999999992e+01,-4.472570852700000188e+01
8.034014014000000259e+00,-3.525803734899999853e+01,-2.625071099399999852e+01,-2.828241321699999844e+01,-3.957097746299999841e+01,-4.285732717999999863e+01
8.054024024000000281e+00,-3.726852174799999773e+01,-2.658532202800000022e+01,-2.833672937300000072e+01,-3.972693668600000194e+01,-4.411977715599999783e+01
8.074034034000000304e+00,-3.911371010199999887e+01,-2.717655240099999858e+01,-2.900933611900000031e+01,-3.911113375899999767e+01,-4.911849560099999934e+01
8.094044044000000326e+00,-4.082934365199999860e+01,-2.649836758000000003e+01,-2.880923268100000101e+01,-4.051566119999999671e+01,-4.362643285899999768e+01
8.114054054100000357e+00,-3.888005895999999950e+01,-2.643182283599999849e+01,-2.936318479599999876e+01,-3.868852436200000255e+01,-4.514821331899999990e+01
8.134064064100000380e+00,-3.965417289999999895e+01,-2.696317553000000089e+01,-2.895749657400000032e+01,-4.095798270299999899e+01,-4.576883504500000299e+01
8.154074074100000402e+00,-3.994619003100000043e+01,-2.659786110199999953e+01,-2.892623834000000116e+01,-4.202867505199999698e+01,-4.428332463000000274e+01
8.174084084100000425e+00,-4.073373179400000055e+01,-2.733743528500000153e+01,-3.051953002600000175e+01,-3.997176666499999698e+01,-4.336508586699999768e+01
8.194094094100000447e+00,-3.754222955000000184e+01,-2.653295646300000143e+01,-3.047480712600000174e+01,-4.113748354300000187e+01,-4.352620873800000112e+01
8.214104104100000470e+00,-4.268157164600000186e+01,-2.653857195799999857e+01,-3.153236021500000064e+01,-4.319845045499999969e+01,-4.071472171500000314e+01
8.234114114100000492e+00,-4.198820230100000117e+01,-2.648229085799999893e+01,-3.295953719199999910e+01,-4.546228949199999647e+01,-4.123385003799999993e+01
8.254124124100000515e+00,-4.611062600000000344e+01,-2.654091195799999880e+01,-3.295975194900000105e+01,-4.381192137200000047e+01,-3.831948457600000069e+01
8.274134134100000537e+00,-4.595137171599999704e+01,-2.619716853799999967e+01,-3.379371036999999944e+01,-4.553229603300000150e+01,-3.857321325800000267e+01
8.294144144100000560e+00,-4.358500039199999776e+01,-2.681655414500000134e+01,-3.466424841700000314e+01,-5.344582529600000242e+01,-3.720148426400000119e+01
8.314154154200000590e+00,-4.513058306899999650e+01,-2.722447111600000014e+01,-3.404703241600000041e+01,-4.672616995100000281e+01,-3.680884668899999923e+01
8.334164164200000613e+00,-4.380460226400000323e+01,-2.771550862999999865e+01,-3.448140666999999837e+01,-4.486725063099999744e+01,-3.424688223300000089e+01
8.354174174200000635e+00,-4.244322971599999761e+01,-2.877193322000000109e+01,-3.426885362000000157e+01,-4.760479877000000215e+01,-3.282455927499999859e+01
8.374184184200000658e+00,-4.386594208399999673e+01,-2.877274659300000081e+01,-3.458901214099999777e+01,-5.221554536099999666e+01,-3.329650274200000126e+01
8.394194194200000680e+00,-4.070286206000000107e+01,-3.033126555100000132e+01,-3.436360841999999849e+01,-4.812104054600000325e+01,-3.198958621399999913e+01
8.414204204199998927e+00,-4.602084291300000274e+01,-2.990248764900000111e+01,-3.496706423999999913e+01,-4.803989567699999697e+01,-3.316537406799999843e+01
8.434214214199998949e+00,-4.508667106200000063e+01,-3.259256654600000047e+01,-3.548598944799999799e+01,-4.797790970999999871e+01,-3.249363240999999647e+01
8.454224224199998972e+00,-5.126735744199999800e+01,-3.199642067999999995e+01,-3.617508735300000211e+01,-5.738665141500000288e+01,-3.330110215599999890e+01
8.474234234199998994e+00,-4.584926603200000272e+01,-3.291035934300000321e+01,-3.607614358400000043e+01,-4.927931852199999696e+01,-3.228746775799999824e+01
8.494244244199999017e+00,-4.607671094599999861e+01,-3.469750334799999791e+01,-3.662893850399999707e+01,-5.251244376700000061e+01,-3.339166500599999665e+01
8.514254254300000824e+00,-4.784321257199999877e+01,-3.382193246100000295e+01,-3.647882290399999761e+01,-4.589761283200000008e+01,-3.328613023100000134e+01
8.534264264300000846e+00,-4.901278190600000073e+01,-3.375854708199999976e+01,-3.805982317200000153e+01,-4.611091482399999819e+01,-3.496750551299999898e+01
8.554274274300000869e+00,-5.102991850499999771e+01,-3.290615792799999895e+01,-3.817928583999999859e+01,-5.062450239300000021e+01,-3.578967306599999887e+01
8.574284284300000891e+00,-4.890847634099999652e+01,-3.603801019800000205e+01,-3.839985560600000269e+01,-4.273191012099999853e+01,-3.610609477100000220e+01
8.594294294299999137e+00,-4.474134458500000022e+01,-3.548907794600000187e+01,-4.063071194100000127e+01,-4.680904135600000160e+01,-3.863936413100000067e+01
8.614304304299999160e+00,-4.054203559999999840e+01,-3.571185231900000190e+01,-4.653080558199999928e+01,-4.236418303300000332e+01,-3.850385667700000170e+01
8.634314314299999182e+00,-3.788879172200000056e+01,-3.561924734600000164e+01,-5.172433526100000023e+01,-4.169183412299999958e+01,-4.195307252399999953e+01
8.654324324299999205e+00,-3.940871481599999981e+01,-3.944101449699999762e+01,-4.414254213000000249e+01,-4.475975302199999817e+01,-4.328891485199999778e+01
8.674334334299999227e+00,-4.046273182800000257e+01,-3.781630050199999715e+01,-3.965114106499999735e+01,-4.196576088999999854e+01,-5.254158684899999798e+01
8.694344344299999250e+00,-3.855575995299999903e+01,-3.898509536400000286e+01,-3.573263095699999781e+01,-4.002370490700000261e+01,-4.346124258799999751e+01
8.714354354399999281e+00,-3.737473881199999681e+01,-3.898254028499999890e+01,-3.354236353799999648e+01,-3.961095440399999745e+01,-5.013070357400000177e+01
8.734364364399999303e+00,-3.454978752899999961e+01,-3.913300338799999878e+01,-3.224522300400000319e+01,-3.847254847500000352e+01,-4.872354846700000053e+01
8.754374374399999326e+00,-3.559971595900000096e+01,-3.641168087399999820e+01,-3.078724392399999843e+01,-3.835330775399999936e+01,-4.884644833499999805e+01
8.774384384399999348e+00,-3.748722363800000323e+01,-3.656376218799999833e+01,-2.892474238499999828e+01,-3.652999925600000353e+01,-5.305550196400000118e+01
8.794394394399999371e+00,-3.672594897100000111e+01,-3.644897610200000315e+01,-2.770749256299999885e+01,-3.524469256700000130e+01,-5.793626233799999881e+01
8.814404404399999393e+00,-3.600251102000000003e+01,-3.190170099199999854e+01,-2.648645600100000053e+01,-3.485305809799999821e+01,-4.818117423700000046e+01
8.834414414399999416e+00,-3.573047747100000038e+01,-3.346058739600000109e+01,-2.570545921600000128e+01,-3.585858025400000315e+01,-4.655580763700000091e+01
8.854424424399999438e+00,-3.581256033700000074e+01,-3.334805980899999867e+01,-2.553926200100000088e+01,-3.488820090899999826e+01,-4.318745109900000045e+01
8.874434434399999461e+00,-3.609073830900000246e+01,-3.327851118600000291e+01,-2.450688626199999831e+01,-3.531878814400000266e+01,-4.140710395600000027e+01
8.894444444399999483e+00,-3.540957343499999865e+01,-3.110759676500000026e+01,-2.429773554599999841e+01,-3.565264385199999708e+01,-3.823909620900000306e+01
8.914454454499999514e+00,-3.916966057300000159e+01,-3.229401227400000352e+01,-2.424963808400000076e+01,-3.557882507299999730e+01,-3.820296611100000206e+01
8.934464464499999536e+00,-3.708352308900000338e+01,-3.102332200400000062e+01,-2.433451769699999900e+01,-3.749607868700000068e+01,-3.878130076299999729e+01
8.954474474499999559e+00,-3.787671525500000058e+01,-3.332389041599999757e+01,-2.432038716299999948e+01,-3.665330588399999812e+01,-3.862468430900000271e+01
8.974484484499999581e+00,-3.621728110899999820e+01,-3.286516480200000245e+01,-2.474748447600000034e+01,-4.178792479399999849e+01,-3.870630702300000081e+01
8.994494494499999604e+00,-3.630802917999999835e+01,-3.193887721400000146e+01,-2.431373707399999873e+01,-3.821915224100000330e+01,-3.697575974099999740e+01
9.014504504499999626e+00,-3.589805503299999856e+01,-3.281941137300000122e+01,-2.447388698500000004e+01,-4.054698261899999778e+01,-3.769610200500000019e+01
9.034514514499999649e+00,-3.522018348900000007e+01,-3.225787937399999805e+01,-2.484144024000000073e+01,-3.882386963900000154e+01,-3.796554100200000192e+01
9.054524524499999671e+00,-3.357457153499999691e+01,-3.337787298700000349e+01,-2.520824643299999934e+01,-3.778590281000000317e+01,-3.704359067600000088e+01
9.074534534499999694e+00,-3.228926207899999667e+01,-3.382227649200000030e+01,-2.561765791699999895e+01,-3.964778030200000103e+01,-3.679699742500000070e+01
9.094544544499999716e+00,-3.287284778800000140e+01,-3.440251345499999758e+01,-2.523337109899999930e+01,-3.852293173500000023e+01,-3.648723054799999943e+01
9.114554554599999747e+00,-3.290801730500000133e+01,-3.452955396899999840e+01,-2.601048496299999968e+01,-4.104152675099999925e+01,-3.896465219099999899e+01
9.134564564599999770e+00,-3.207055378500000131e+01,-3.569740179899999788e+01,-2.577416078899999974e+01,-4.119780976199999856e+01,-3.526285792699999888e+01
9.154574574599999792e+00,-3.129077547099999990e+01,-3.473565161799999856e+01,-2.530955045700000028e+01,-4.148080224299999941e+01,-3.503902374900000183e+01
9.174584584599999815e+00,-2.999306531999999947e+01,-3.409518318800000003e+01,-2.637867519599999966e+01,-4.007991552899999732e+01,-3.669671776399999885e+01
9.194594594599999837e+00,-2.999423904300000032e+01,-3.504217446999999908e+01,-2.660940902300000133e+01,-4.231466346999999928e+01,-3.739644590900000054e+01
9.214604604599999860e+00,-3.116829282599999829e+01,-4.606238146599999794e+01,-2.708450109900000058e+01,-4.089806253599999764e+01,-3.891975417100000101e+01
9.234614614599999882e+00,-3.061157275900000130e+01,-3.680563718199999812e+01,-2.811055301200000045e+01,-4.320416272199999952e+01,-3.471963460799999979e+01
9.254624624599999905e+00,-3.038566585999999958e+01,-3.740851165299999792e+01,-2.876757881600000033e+01,-4.301261458100000112e+01,-3.598806601500000113e+01
9.274634634599999927e+00,-3.001846341599999946e+01,-3.738246105000000341e+01,-2.889688828299999912e+01,-4.392561587200000162e+01,-3.482880611200000232e+01
9.294644644599999950e+00,-3.080031580400000024e+01,-3.878736730399999999e+01,-3.088961538999999945e+01,-4.606810600400000055e+01,-3.555354863400000198e+01
9.314654654699999980e+00,-3.160098923299999996e+01,-3.908595602599999808e+01,-3.271534012499999733e+01,-4.572344332200000139e+01,-3.422130895800000161e+01
9.334664664700000003e+00,-3.074622038200000063e+01,-4.092940999399999669e+01,-3.329764247500000351e+01,-4.571521448800000087e+01,-3.404854280200000005e+01
9.354674674700000025e+00,-2.997723865300000057e+01,-4.029567005700000237e+01,-3.606372077200000348e+01,-4.609288355700000039e+01,-3.404101145799999983e+01
9.374684684700000048e+00,-3.088656664799999874e+01,-3.757018792600000268e+01,-3.821706264600000225e+01,-4.469777466899999752e+01,-3.438683958899999737e+01
9.394694694700000070e+00,-3.089988451900000044e+01,-3.672002010100000291e+01,-4.036726020700000106e+01,-6.120166668600000293e+01,-3.322042858300000034e+01
9.414704704700000093e+00,-3.100182833499999902e+01,-3.571453454699999952e+01,-4.055325388600000025e+01,-4.595288471799999996e+01,-3.328072438600000282e+01
9.434714714700000115e+00,-2.969036024400000073e+01,-3.554171232499999888e+01,-3.918380169699999982e+01,-4.633207369099999795e+01,-3.267476546399999648e+01
9.454724724700000138e+00,-3.012394241100000158e+01,-3.804127527699999689e+01,-3.661934165699999966e+01,-4.291726047299999891e+01,-3.210857117300000141e+01
9.474734734700000161e+00,-3.179437310499999825e+01,-3.836620158800000269e+01,-3.486829596100000117e+01,-3.997259978799999658e+01,-3.241869750499999725e+01
9.494744744700000183e+00,-3.124031312600000021e+01,-3.512218899999999877e+01,-3.432756683800000275e+01,-4.114742522000000235e+01,-3.120839129200000173e+01
9.514754754799998437e+00,-3.102955550200000090e+01,-3.527628016599999938e+01,-3.163962572499999837e+01,-3.499350358299999897e+01,-3.151513080899999864e+01
9.534764764799998460e+00,-3.173016122499999980e+01,-3.566718138099999891e+01,-3.027919050099999865e+01,-3.535082328200000035e+01,-3.214598406999999725e+01
9.554774774799998482e+00,-3.188127114899999981e+01,-3.863032026100000138e+01,-2.948729875600000128e+01,-3.546547112300000038e+01,-3.097237937599999924e+01
9.574784784799998505e+00,-3.225419596100000064e+01,-3.529491460300000227e+01,-2.895532585799999836e+01,-3.518049913200000134e+01,-3.061362332199999869e+01
9.594794794799998527e+00,-3.081790330100000119e+01,-3.602966394100000258e+01,-2.708124444899999972e+01,-3.461942997799999944e+01,-3.048065071499999945e+01
9.614804804799998550e+00,-3.337362822899999770e+01,-3.741979900799999825e+01,-2.749325251000000137e+01,-3.483693327400000328e+01,-2.968718269100000029e+01
9.634814814799998572e+00,-3.258564000199999811e+01,-3.536243558900000039e+01,-2.622690628899999865e+01,-3.317740670999999963e+01,-2.968303497899999854e+01
9.654824824799998595e+00,-3.145556773999999933e+01,-3.761364329500000281e+01,-2.535542481499999923e+01,-3.314031008799999967e+01,-2.911924329000000000e+01
9.674834834799998617e+00,-3.376082428200000152e+01,-3.828136270499999938e+01,-2.499254814300000049e+01,-3.242551554399999958e+01,-2.919531255900000133e+01
9.694844844799998640e+00,-3.049274785900000140e+01,-3.721752794100000017e+01,-2.455813215499999913e+01,-3.407570892799999740e+01,-2.867709209999999942e+01
9.714854854900000447e+00,-3.230795012200000116e+01,-3.585408284799999734e+01,-2.476803529000000026e+01,-3.183031017100000071e+01,-2.937779771099999948e+01
9.734864864900000470e+00,-3.224183921600000247e+01,-3.542875257800000099e+01,-2.395544891500000162e+01,-3.238936556299999836e+01,-3.029394626099999854e+01
9.754874874900000492e+00,-3.031310203199999975e+01,-3.315811205600000022e+01,-2.373546776899999955e+01,-3.275557780700000166e+01,-2.925788376999999940e+01
9.774884884899998738e+00,-3.158831366100000082e+01,-3.439966734699999762e+01,-2.313110062899999875e+01,-2.986043657800000162e+01,-2.946961674599999981e+01
9.794894894899998761e+00,-3.104237552400000055e+01,-3.284797696700000103e+01,-2.359999086599999885e+01,-2.989236632400000104e+01,-2.920028241099999988e+01
9.814904904899998783e+00,-3.107144729599999877e+01,-3.445249818599999969e+01,-2.343565611300000029e+01,-3.038181128700000144e+01,-2.870855130400000021e+01
9.834914914899998806e+00,-2.970911482500000034e+01,-3.501743234500000312e+01,-2.317001901700000133e+01,-3.163925117100000151e+01,-2.844902347200000037e+01
9.854924924899998828e+00,-2.903118461100000047e+01,-3.336968547699999732e+01,-2.300753274699999906e+01,-3.007812343200000171e+01,-2.843257253000000162e+01
9.874934934899998851e+00,-2.908131005499999944e+01,-3.169655726099999882e+01,-2.276583671199999870e+01,-3.078273737299999979e+01,-2.822901506799999893e+01
9.894944944899998873e+00,-2.831462566500000122e+01,-3.463374054900000232e+01,-2.299006857299999851e+01,-3.043410221599999943e+01,-2.885308397500000055e+01
9.914954955000000680e+00,-2.754350651800000094e+01,-3.214566322799999654e+01,-2.296790663799999876e+01,-3.005561889699999867e+01,-2.865565356500000149e+01
9.934964965000000703e+00,-2.606311417699999922e+01,-2.999305969699999963e+01,-2.335307359600000154e+01,-2.993641402900000159e+01,-3.057724194500000081e+01
9.954974975000000725e+00,-2.809848177399999969e+01,-2.834479125200000027e+01,-2.409519978000000151e+01,-3.028022983199999985e+01,-3.049059692799999866e+01
9.974984985000000748e+00,-2.707666202400000088e+01,-2.986866591000000071e+01,-2.378334408599999961e+01,-3.079282834900000054e+01,-3.236788045000000125e+01
9.994994995000000770e+00,-2.681043210300000013e+01,-3.314217440499999867e+01,-2.368828707699999825e+01,-3.088647069900000020e+01,-3.175339540699999930e+01
1.001500500500000079e+01,-2.544962398099999845e+01,-2.991841597199999825e+01,-2.412228069600000069e+01,-3.223950742899999966e+01,-3.286843544799999961e+01
1.003501501500000082e+01,-2.523182387099999957e+01,-3.028492487800000177e+01,-2.383998671100000166e+01,-3.052397266099999840e+01,-3.293739584699999767e+01
1.005502502500000084e+01,-2.552924043000000154e+01,-2.829479286100000124e+01,-2.455708625700000169e+01,-3.243759779700000223e+01,-3.570459228299999666e+01
1.007503503500000086e+01,-2.525454802000000143e+01,-3.209675710500000179e+01,-2.448163267700000034e+01,-3.061860785200000024e+01,-3.654968094899999898e+01
1.009504504500000088e+01,-2.440520139799999910e+01,-3.178546713900000142e+01,-2.431134908199999956e+01,-3.119392768100000168e+01,-3.399757808500000067e+01
1.011505505499999913e+01,-2.635890256700000123e+01,-2.867113189699999865e+01,-2.531569312599999932e+01,-2.976618718099999938e+01,-3.350916096099999919e+01
1.013506506499999915e+01,-2.461570681399999927e+01,-3.413113789599999848e+01,-2.523803622300000171e+01,-2.992700205099999877e+01,-3.111282125299999990e+01
1.015507507499999917e+01,-2.412091725899999872e+01,-2.900533941100000135e+01,-2.623791303300000166e+01,-2.900037983400000030e+01,-3.087794180499999896e+01
1.017508508499999920e+01,-2.461297907499999837e+01,-2.804637887699999865e+01,-2.645449987399999969e+01,-2.934977692000000005e+01,-3.063877163600000131e+01
1.019509509499999922e+01,-2.526683202199999911e+01,-2.891735630599999851e+01,-2.681478187600000140e+01,-2.803930465799999894e+01,-2.879249030300000101e+01
1.021510510499999924e+01,-2.625572787600000169e+01,-2.735581687899999892e+01,-2.652707866300000106e+01,-2.852497099800000058e+01,-2.917207260200000007e+01
1.023511511499999926e+01,-2.716175681800000064e+01,-2.895585374299999870e+01,-2.739695959299999828e+01,-2.964168512999999905e+01,-2.845348488400000164e+01
1.025512512499999929e+01,-2.783562129899999960e+01,-2.779064693600000169e+01,-2.684744840300000135e+01,-2.921963001499999990e+01,-2.973883115099999941e+01
1.027513513499999931e+01,-2.775223847199999838e+01,-2.897748924400000092e+01,-2.709345737700000001e+01,-3.168815132599999984e+01,-2.770214597900000086e+01
1.029514514499999933e+01,-2.704240808500000171e+01,-2.804744327099999879e+01,-2.714906384100000025e+01,-3.013474166099999962e+01,-2.854376695399999875e+01
1.031515515499999935e+01,-2.634984164800000173e+01,-2.881725826899999987e+01,-2.904702703699999944e+01,-3.044510188900000003e+01,-2.872716601200000142e+01
1.033516516499999938e+01,-2.723734998799999829e+01,-2.796735112900000075e+01,-2.776022529899999824e+01,-2.901322863900000115e+01,-2.962195237399999925e+01
1.035517517499999940e+01,-2.535015617499999863e+01,-3.020632298599999999e+01,-2.641728670999999906e+01,-2.963422251900000148e+01,-2.877347146299999991e+01
1.037518518499999942e+01,-2.576116863800000090e+01,-2.724082930399999825e+01,-2.720873814100000132e+01,-2.870217274199999835e+01,-2.906923649999999881e+01
1.039519519499999944e+01,-2.762551614599999894e+01,-2.809777000600000108e+01,-2.721681259400000030e+01,-2.780378615000000053e+01,-3.010368057899999883e+01
1.041520520499999947e+01,-2.611817481900000004e+01,-2.924986953999999884e+01,-2.784435760199999876e+01,-2.790838521299999897e+01,-2.945556005299999924e+01
1.043521521499999949e+01,-2.677556034999999923e+01,-2.819083402500000091e+01,-2.754115679199999889e+01,-2.788702401999999836e+01,-3.044453162499999976e+01
1.045522522499999951e+01,-2.796602380399999888e+01,-2.983568824199999980e+01,-2.619972763000000171e+01,-2.744315830300000059e+01,-3.136989142599999880e+01
1.047523523499999953e+01,-2.719413952000000023e+01,-2.853765826700000119e+01,-2.742303048300000157e+01,-2.775104397899999853e+01,-3.110260861700000135e+01
1.049524524499999956e+01,-2.760280830299999977e+01,-2.979333218600000066e+01,-2.697128315599999837e+01,-2.720989765199999866e+01,-3.322594159399999825e+01
1.051525525499999958e+01,-2.688614316500000001e+01,-2.782045920799999905e+01,-2.771986812900000174e+01,-2.722789049900000080e+01,-3.267234218499999798e+01
1.053526526499999960e+01,-2.758097023199999853e+01,-2.888666958900000026e+01,-2.692971343299999987e+01,-2.945764660100000043e+01,-3.352477873899999850e+01
1.055527527499999962e+01,-2.967003857299999936e+01,-2.807708520499999949e+01,-2.747641167800000161e+01,-2.734114254099999997e+01,-3.214973280800000310e+01
1.057528528499999965e+01,-2.804931180999999896e+01,-2.975166134799999895e+01,-2.698068581100000074e+01,-2.765068730100000138e+01,-3.056558608799999988e+01
1.059529529499999967e+01,-2.696330940400000031e+01,-2.819825623099999845e+01,-2.734785651500000014e+01,-2.710759047100000174e+01,-2.936178508900000139e+01
1.061530530499999969e+01,-2.952676320699999835e+01,-3.089202533599999967e+01,-2.861042407600000104e+01,-2.766511515799999898e+01,-3.131008107099999904e+01
1.063531531499999971e+01,-2.698384794600000092e+01,-3.102625271100000148e+01,-2.868720577999999932e+01,-2.740320382299999835e+01,-2.996730670199999835e+01
1.065532532499999974e+01,-2.694295918599999951e+01,-3.134584262199999927e+01,-2.805711809800000012e+01,-2.905260675299999917e+01,-2.882594025499999901e+01
1.067533533499999976e+01,-2.598696693899999843e+01,-2.926720408199999923e+01,-2.742678623500000157e+01,-2.818261297900000173e+01,-2.873724372299999885e+01
1.069534534499999978e+01,-2.655275235099999875e+01,-2.933327510699999863e+01,-2.849197784100000064e+01,-2.769706300600000048e+01,-2.757542211499999851e+01
1.071535535499999980e+01,-2.812558475999999885e+01,-3.153157876899999934e+01,-2.786994700800000047e+01,-2.894372789799999879e+01,-2.743412094900000042e+01
1.073536536499999983e+01,-2.834801781299999845e+01,-3.431812338799999651e+01,-2.642364383600000011e+01,-2.846410398300000111e+01,-2.691050897499999905e+01
1.075537537499999985e+01,-2.799050937000000161e+01,-3.624082802099999867e+01,-2.758195993300000026e+01,-2.751725333899999981e+01,-2.715704458400000121e+01
1.077538538499999987e+01,-2.959369540599999837e+01,-3.198598532800000172e+01,-2.656392725999999982e+01,-2.664756326399999864e+01,-2.838197032900000139e+01
1.079539539499999989e+01,-2.734674067299999933e+01,-3.248268355999999812e+01,-2.584326693399999897e+01,-2.662197678600000117e+01,-2.957852119600000051e+01
1.081540540499999992e+01,-2.882769079699999892e+01,-3.475751117699999782e+01,-2.593859535700000052e+01,-2.593868040199999925e+01,-3.095975855600000060e+01
1.083541541499999994e+01,-3.006180684799999980e+01,-4.136158682100000306e+01,-2.593751977699999856e+01,-2.596886592199999910e+01,-3.081247050200000004e+01
1.085542542499999996e+01,-2.924531075599999852e+01,-3.590649807799999849e+01,-2.576890050500000129e+01,-2.500079614499999892e+01,-3.124836747799999870e+01
1.087543543499999998e+01,-3.040858482399999829e+01,-3.402588240899999761e+01,-2.580229356999999979e+01,-2.541054999600000031e+01,-3.177312988999999988e+01
1.089544544500000001e+01,-3.289008296699999789e+01,-3.169679696200000052e+01,-2.612604884199999944e+01,-2.460020660700000050e+01,-3.504575339600000206e+01
1.091545545500000003e+01,-3.333917961899999938e+01,-3.348441234199999883e+01,-2.615667488000000063e+01,-2.419819918299999983e+01,-3.274479688600000316e+01
1.093546546500000005e+01,-3.283830006200000184e+01,-3.442483519200000330e+01,-2.679129475699999929e+01,-2.358771606699999879e+01,-3.267087481099999735e+01
1.095547547500000007e+01,-3.186704704699999979e+01,-3.699221571500000039e+01,-2.635527323399999844e+01,-2.281654022600000076e+01,-3.239346717600000147e+01
1.097548548500000010e+01,-2.897587638699999957e+01,-3.675161230900000220e+01,-2.639675066699999917e+01,-2.261428646199999903e+01,-3.500887162099999728e+01
1.099549549500000012e+01,-3.165293945499999850e+01,-3.798739741199999997e+01,-2.700969928600000003e+01,-2.252019520099999994e+01,-3.566141121900000144e+01
1.101550550600000022e+01,-3.525434288299999963e+01,-5.184167960900000338e+01,-2.773121482699999873e+01,-2.218409294599999981e+01,-3.324720218800000282e+01
1.103551551600000025e+01,-3.258205587100000145e+01,-3.932034343699999823e+01,-2.743589186599999863e+01,-2.177407986900000125e+01,-3.483140930500000110e+01
1.105552552600000027e+01,-3.150336058299999920e+01,-3.560268488599999870e+01,-2.771756940199999875e+01,-2.118833893900000120e+01,-3.375746153899999769e+01
1.107553553600000029e+01,-2.915086343600000163e+01,-3.542019651599999719e+01,-2.686826809800000149e+01,-2.098972006900000054e+01,-3.392073464399999949e+01
1.109554554600000031e+01,-3.047156982599999964e+01,-3.945327977299999844e+01,-2.739633559199999979e+01,-2.101198593899999878e+01,-3.258744714200000203e+01
1.111555555600000034e+01,-3.205023246599999709e+01,-3.512561650500000354e+01,-2.797968729100000118e+01,-2.101464477000000031e+01,-3.087913013300000031e+01
1.113556556600000036e+01,-3.234574677399999842e+01,-3.154489934900000137e+01,-2.721640694899999957e+01,-2.160167744399999989e+01,-3.034892944899999989e+01
1.115557557600000038e+01,-3.045000483600000152e+01,-3.381970915800000199e+01,-2.863682011599999910e+01,-2.139438794599999838e+01,-3.171700755399999849e+01
1.117558558600000040e+01,-3.129181615099999902e+01,-3.114420104499999908e+01,-2.833694701099999946e+01,-2.157780759799999970e+01,-3.168016335300000108e+01
1.119559559600000043e+01,-3.124428955500000171e+01,-3.009973036399999913e+01,-2.902091176400000094e+01,-2.154305215300000143e+01,-3.074400161699999856e+01
1.121560560600000045e+01,-2.901437183499999861e+01,-3.264875679699999722e+01,-2.823978049000000112e+01,-2.165362787700000169e+01,-2.842052070600000135e+01
1.123561561600000047e+01,-2.792726071499999918e+01,-3.250092262199999738e+01,-2.828763542900000161e+01,-2.196494825699999964e+01,-2.992038770199999931e+01
1.125562562600000049e+01,-2.903867966500000009e+01,-3.565231950999999810e+01,-2.770603439399999957e+01,-2.184046108600000125e+01,-3.010237217999999970e+01
1.127563563600000052e+01,-2.783469374699999932e+01,-3.315033183500000291e+01,-2.648113530799999893e+01,-2.264797473499999825e+01,-2.950516023899999851e+01
1.129564564600000054e+01,-3.030092648100000119e+01,-3.481781301099999837e+01,-2.624060618300000058e+01,-2.320755548700000048e+01,-3.164653389200000078e+01
1.131565565600000056e+01,-2.700276804599999991e+01,-3.612174913199999793e+01,-2.640560818000000154e+01,-2.308766847300000080e+01,-3.149227601000000121e+01
1.133566566600000058e+01,-2.830062279899999922e+01,-3.539011560699999848e+01,-2.525179802799999962e+01,-2.336127974500000093e+01,-3.165632384899999963e+01
1.135567567600000061e+01,-2.768954834699999878e+01,-3.482719089100000076e+01,-2.548672012000000109e+01,-2.385316970599999920e+01,-3.308677832800000118e+01
1.137568568600000063e+01,-2.821292990199999906e+01,-5.436019512899999739e+01,-2.563106871700000156e+01,-2.370194524500000099e+01,-3.269427469000000031e+01
1.139569569600000065e+01,-2.761766078300000160e+01,-4.011575103799999908e+01,-2.561811491499999960e+01,-2.410182453099999833e+01,-3.336946160400000139e+01
1.141570570600000067e+01,-2.960403979699999866e+01,-3.879219569899999698e+01,-2.590480037100000033e+01,-2.449271811799999909e+01,-3.524688187800000350e+01
1.143571571600000070e+01,-3.160423010899999952e+01,-4.166561125900000206e+01,-2.497259249400000058e+01,-2.388554550299999946e+01,-3.539364680700000321e+01
1.145572572600000072e+01,-2.900918042400000019e+01,-3.705860041100000046e+01,-2.531833951200000143e+01,-2.475146319399999939e+01,-3.485334810500000202e+01
1.147573573600000074e+01,-3.005682957699999847e+01,-3.578857902299999694e+01,-2.569090358100000060e+01,-2.424603841000000060e+01,-3.890164041300000264e+01
1.149574574600000076e+01,-3.097397154900000160e+01,-4.753411017799999883e+01,-2.617262110000000064e+01,-2.444351744400000115e+01,-4.080501828199999892e+01
1.151575575600000079e+01,-3.119350972999999883e+01,-4.627884759199999820e+01,-2.630799105099999835e+01,-2.426527702699999978e+01,-3.833850030800000042e+01
1.153576576600000081e+01,-3.081520345499999891e+01,-3.419699872599999679e+01,-2.726126474000000144e+01,-2.434890365300000070e+01,-3.919892534400000272e+01
1.155577577600000083e+01,-2.908498264099999986e+01,-4.290682360200000289e+01,-2.733037661999999912e+01,-2.275625877199999891e+01,-3.779184267699999822e+01
1.157578578600000085e+01,-3.152303827200000086e+01,-4.227846359299999790e+01,-2.781775924800000155e+01,-2.287971314600000028e+01,-3.847399568800000225e+01
1.159579579600000088e+01,-2.937738580799999966e+01,-4.138188637199999675e+01,-2.831482690300000016e+01,-2.269773042399999952e+01,-4.000167072899999710e+01
1.161580580599999912e+01,-3.039913231499999924e+01,-3.802341222599999782e+01,-2.702907723099999870e+01,-2.202504183199999943e+01,-4.013743088199999676e+01
1.163581581599999915e+01,-3.064119181299999894e+01,-3.762894271100000054e+01,-2.811006638499999966e+01,-2.171169282299999992e+01,-3.940291420599999839e+01
1.165582582599999917e+01,-3.209930833399999983e+01,-3.973672768699999835e+01,-2.847198385300000112e+01,-2.226927404299999935e+01,-4.443737769999999898e+01
1.167583583599999919e+01,-3.105200363499999838e+01,-4.230822605000000181e+01,-3.039717020699999850e+01,-2.219119895100000051e+01,-3.999488618000000173e+01
1.169584584599999921e+01,-3.173452692200000058e+01,-4.020131926399999855e+01,-2.833420030699999970e+01,-2.169396186599999865e+01,-4.487585061499999739e+01
1.171585585599999924e+01,-3.252485632700000195e+01,-3.731125905199999693e+01,-2.965588289500000130e+01,-2.171337967799999902e+01,-3.981670686599999698e+01
1.173586586599999926e+01,-3.526552116900000300e+01,-5.139714491699999854e+01,-2.959795874399999960e+01,-2.154281221100000110e+01,-4.476419604200000180e+01
1.175587587599999928e+01,-3.558181437500000044e+01,-4.377581322999999713e+01,-3.028765312100000173e+01,-2.187050346699999892e+01,-5.257527816399999665e+01
1.177588588599999930e+01,-3.474044630000000211e+01,-4.047699930600000329e+01,-3.195301050799999842e+01,-2.153625184399999881e+01,-3.851158574899999820e+01
1.179589589599999933e+01,-2.900565337200000116e+01,-4.782681946099999948e+01,-3.231263161999999767e+01,-2.257241433800000152e+01,-5.920510696200000211e+01
1.181590590599999935e+01,-3.052954145800000063e+01,-3.951620914200000101e+01,-3.204914288300000180e+01,-2.150017716300000004e+01,-4.362562068599999776e+01
1.183591591599999937e+01,-3.746464724500000187e+01,-4.283888380500000181e+01,-3.212475735099999952e+01,-2.231619258599999966e+01,-4.307660774299999673e+01
1.185592592599999939e+01,-3.290616610000000009e+01,-4.468006954100000172e+01,-3.186650940199999837e+01,-2.235348763700000063e+01,-4.291510522400000127e+01
1.187593593599999942e+01,-3.609162233699999689e+01,-4.019697429000000000e+01,-3.279189459300000209e+01,-2.242906750699999918e+01,-3.654229871199999735e+01
1.189594594599999944e+01,-3.018358607500000090e+01,-4.952943256399999683e+01,-3.209521633399999985e+01,-2.287567235999999937e+01,-3.487751468199999749e+01
1.191595595599999946e+01,-3.034491116099999886e+01,-3.910412393499999695e+01,-3.017668524400000152e+01,-2.265722565400000121e+01,-3.482857733099999820e+01
1.193596596599999948e+01,-3.106044751700000006e+01,-4.292085653000000178e+01,-3.034243120000000005e+01,-2.395098746700000092e+01,-3.308122800299999966e+01
1.195597597599999951e+01,-3.845239706400000301e+01,-4.345829466299999666e+01,-2.886096845499999830e+01,-2.408904661400000080e+01,-3.466529625799999792e+01
1.197598598599999953e+01,-2.995425386000000145e+01,-3.455000022000000115e+01,-2.897446211300000130e+01,-2.409447325300000031e+01,-3.304214055700000330e+01
1.199599599599999955e+01,-3.431918955700000140e+01,-3.092908952499999842e+01,-3.053861877099999944e+01,-2.360370989100000116e+01,-3.157464372600000146e+01
1.201600600599999957e+01,-3.487820937800000110e+01,-2.952630057900000082e+01,-2.930081062200000019e+01,-2.616350165900000135e+01,-3.133712222999999852e+01
1.203601601599999960e+01,-3.528991442000000234e+01,-4.132369655600000158e+01,-2.811840787699999922e+01,-2.525160182600000169e+01,-3.198312006800000162e+01
1.205602602599999962e+01,-3.590516059800000193e+01,-3.208113554199999840e+01,-2.815563873900000047e+01,-2.601850363599999838e+01,-3.195087509600000075e+01
1.207603603599999964e+01,-3.401969619799999833e+01,-3.367482586700000269e+01,-2.931811283000000046e+01,-2.477673190100000156e+01,-3.487944291000000163e+01
1.209604604599999966e+01,-3.752389824400000151e+01,-3.253041343600000346e+01,-2.925643631499999842e+01,-2.426312063499999994e+01,-3.186678069399999913e+01
1.211605605599999969e+01,-3.367781415999999695e+01,-3.448902247299999857e+01,-3.040393823200000156e+01,-2.454930011900000153e+01,-3.839733034099999998e+01
1.213606606599999971e+01,-3.285356195500000354e+01,-3.584411964499999925e+01,-3.068768998999999909e+01,-2.534850319599999935e+01,-3.515434118900000016e+01
1.215607607599999973e+01,-3.976134189100000071e+01,-2.902211027899999962e+01,-2.825830624299999982e+01,-2.515609684500000043e+01,-3.633272596100000129e+01
1.217608608599999975e+01,-3.872088339599999784e+01,-3.465201873400000210e+01,-3.020085836999999884e+01,-2.539382004999999864e+01,-3.961478553700000305e+01
1.219609609599999978e+01,-3.465811935299999647e+01,-3.759414393200000148e+01,-2.994368571600000095e+01,-2.553715132700000012e+01,-3.376818302099999869e+01
1.221610610599999980e+01,-3.369078612799999917e+01,-3.358628528199999863e+01,-2.920448768600000022e+01,-2.493294001499999979e+01,-4.975888263600000272e+01
1.223611611599999982e+01,-3.201686040599999927e+01,-3.414456749099999655e+01,-2.871622034600000006e+01,-2.661120625699999920e+01,-3.815301181299999911e+01
1.225612612599999984e+01,-3.453660116300000027e+01,-2.876576546700000137e+01,-3.067625222899999926e+01,-2.553136811199999912e+01,-4.680631653100000023e+01
1.227613613599999987e+01,-2.956950159799999867e+01,-3.544362598000000020e+01,-3.113842129300000039e+01,-2.466775670299999845e+01,-3.995978801700000105e+01
1.229614614599999989e+01,-3.224775432199999869e+01,-3.270105646199999683e+01,-3.909266128600000201e+01,-2.629740534500000138e+01,-4.258528595899999658e+01
1.231615615599999991e+01,-2.833395177399999909e+01,-3.235424516599999833e+01,-3.608741616599999702e+01,-2.665201472000000038e+01,-4.600796321600000027e+01
1.233616616599999993e+01,-3.496316804700000347e+01,-3.437532754400000101e+01,-3.323733137600000020e+01,-2.625784972299999964e+01,-4.273328975399999763e+01
1.235617617599999996e+01,-3.287438680500000032e+01,-3.490449255699999753e+01,-4.128903978499999994e+01,-2.676490683600000153e+01,-3.638637536099999892e+01
1.237618618599999998e+01,-3.342205249799999933e+01,-3.275514737000000309e+01,-3.977964452999999878e+01,-2.660197806800000109e+01,-3.703379868300000055e+01
1.239619619600000000e+01,-2.709653998599999980e+01,-2.868559194399999868e+01,-4.691511383800000345e+01,-2.607668711099999825e+01,-3.531133784699999723e+01
1.241620620600000002e+01,-3.257829974599999900e+01,-3.283286145299999959e+01,-4.571775693699999721e+01,-2.718115633700000089e+01,-3.693833464499999764e+01
1.243621621600000005e+01,-3.495195386799999682e+01,-3.133840240500000007e+01,-4.983361128399999984e+01,-2.696601581699999883e+01,-3.328737564800000115e+01
1.245622622600000007e+01,-2.989742268799999891e+01,-3.156248766399999894e+01,-5.094559640800000011e+01,-2.717817052299999858e+01,-3.294555519800000098e+01
1.247623623600000009e+01,-3.213542109899999843e+01,-4.302090176600000149e+01,-4.283606525999999803e+01,-2.739466670599999887e+01,-3.088094039599999974e+01
1.249624624600000011e+01,-4.235831738200000274e+01,-3.253927097300000071e+01,-3.512813912200000033e+01,-2.850485773000000123e+01,-3.493177022500000106e+01
1.251625625600000014e+01,-3.289225839400000240e+01,-3.221231306800000027e+01,-3.665380490100000088e+01,-2.842573902899999894e+01,-2.897204790800000040e+01
1.253626626600000016e+01,-4.150748977899999659e+01,-3.671571459900000178e+01,-3.724965817199999663e+01,-2.671688870599999888e+01,-3.075649711599999847e+01
1.255627627600000018e+01,-2.994218737699999977e+01,-4.444222647200000154e+01,-3.498621253499999995e+01,-2.655825529099999827e+01,-2.931536375499999991e+01
1.257628628600000020e+01,-3.045486704500000030e+01,-3.520286200400000354e+01,-3.648576372499999820e+01,-2.702455181399999873e+01,-2.885397925399999863e+01
1.259629629600000023e+01,-2.806877388699999898e+01,-4.208836702400000007e+01,-3.690853625500000135e+01,-2.706731170300000144e+01,-2.892195720999999864e+01
1.261630630600000025e+01,-2.717589018199999984e+01,-3.990544850500000251e+01,-4.229741312299999834e+01,-2.760620433200000079e+01,-2.701542019800000105e+01
1.263631631600000027e+01,-2.769957704699999823e+01,-3.757547625600000174e+01,-3.457820235300000178e+01,-2.788430044900000127e+01,-2.694642130500000121e+01
1.265632632600000029e+01,-2.948843742600000084e+01,-3.831422499499999645e+01,-3.787125225599999823e+01,-2.850996446999999989e+01,-2.956701670700000051e+01
1.267633633600000032e+01,-2.893809703899999874e+01,-3.992292116499999821e+01,-4.402583392100000026e+01,-2.769586872900000074e+01,-2.831392628200000061e+01
1.269634634600000034e+01,-2.848181219399999975e+01,-3.891865511999999683e+01,-3.843077605199999880e+01,-2.729957276900000096e+01,-2.691974808300000177e+01
1.271635635600000036e+01,-3.266936023499999919e+01,-3.195591335900000018e+01,-4.886114720300000158e+01,-2.711096765899999994e+01,-2.750852618200000066e+01
1.273636636600000038e+01,-2.983075035399999919e+01,-3.674774520100000075e+01,-4.052387834000000311e+01,-2.601352029299999913e+01,-2.864940653500000067e+01
1.275637637600000041e+01,-3.109433230400000170e+01,-3.455453063400000246e+01,-3.948001483000000178e+01,-2.710607859899999994e+01,-2.669536044599999869e+01
1.277638638600000043e+01,-3.255551357299999893e+01,-5.269927271400000279e+01,-4.063038704800000289e+01,-2.628697665199999989e+01,-2.839600099600000149e+01
1.279639639600000045e+01,-2.895456732399999922e+01,-3.978637183000000022e+01,-4.708791427300000265e+01,-2.889893353700000134e+01,-2.941635354099999944e+01
1.281640640600000047e+01,-3.235441245399999843e+01,-3.592956340300000306e+01,-3.969696102200000354e+01,-2.794489272999999940e+01,-2.903613278199999925e+01
1.283641641600000050e+01,-3.222446727700000224e+01,-3.483608805299999744e+01,-4.176188855099999842e+01,-2.681305285299999852e+01,-2.868799821200000011e+01
1.285642642600000052e+01,-3.433741371400000020e+01,-3.375540869400000332e+01,-3.538586044299999855e+01,-2.861210392699999971e+01,-3.300137913100000020e+01
1.287643643600000054e+01,-3.092355543300000065e+01,-3.487394219400000139e+01,-3.945344370000000112e+01,-2.900826774800000152e+01,-3.104510979899999867e+01
1.289644644600000056e+01,-3.201904612799999938e+01,-3.806586072700000045e+01,-3.669385847299999881e+01,-2.687982278999999863e+01,-3.560959893799999776e+01
1.291645645600000059e+01,-3.330903605200000328e+01,-3.127271690399999926e+01,-3.661168185999999736e+01,-2.833181847499999861e+01,-3.716377679299999670e+01
1.293646646600000061e+01,-3.069980940599999997e+01,-3.325592292599999666e+01,-3.855578598599999651e+01,-3.100124111899999946e+01,-3.418276705800000315e+01
1.295647647600000063e+01,-4.833918287800000257e+01,-3.107861395799999826e+01,-3.779189951299999706e+01,-2.855085095800000161e+01,-3.804434619399999917e+01
1.297648648600000065e+01,-3.650458825100000126e+01,-3.072322417299999842e+01,-4.006071095800000137e+01,-2.983755411899999999e+01,-3.569221971599999677e+01
1.299649649600000068e+01,-4.049142149400000079e+01,-3.311061220900000279e+01,-4.461874702800000136e+01,-2.949004948800000037e+01,-3.616566065399999985e+01
1.301650650700000078e+01,-3.385391302699999727e+01,-3.226027800699999659e+01,-4.085049796599999894e+01,-3.155871420100000080e+01,-4.102877998799999659e+01
1.303651651700000080e+01,-3.606381562400000007e+01,-3.443839289299999962e+01,-4.777973801499999951e+01,-3.008338437800000165e+01,-4.132969357300000013e+01
1.305652652700000083e+01,-3.688104110799999802e+01,-3.591931351600000255e+01,-4.081272583500000195e+01,-3.176458669599999851e+01,-4.011264311699999752e+01
1.307653653700000085e+01,-3.958866818199999926e+01,-3.731605612999999977e+01,-3.687210956900000269e+01,-3.292865027599999905e+01,-3.630068272199999768e+01
1.309654654700000087e+01,-3.380114366099999756e+01,-3.368438851100000164e+01,-4.310306303499999814e+01,-3.204186461599999802e+01,-3.622433593200000246e+01
1.311655655699999912e+01,-2.905477621100000007e+01,-3.857669852400000110e+01,-3.911209802599999819e+01,-3.345516779300000110e+01,-3.924328887899999785e+01
1.313656656699999914e+01,-3.604447945900000150e+01,-3.768227053999999754e+01,-4.208522285699999799e+01,-3.669785356599999915e+01,-4.309940600499999874e+01
1.315657657699999916e+01,-3.550790772900000292e+01,-3.805075794399999722e+01,-3.491469881300000111e+01,-3.862597074499999650e+01,-3.787437035399999985e+01
1.317658658699999918e+01,-3.436926062999999942e+01,-4.146510985799999816e+01,-4.042101678099999873e+01,-3.585010052300000183e+01,-4.444785655300000116e+01
1.319659659699999921e+01,-2.755831249499999913e+01,-2.709322797100000102e+01,-3.502509864700000008e+01,-3.498029838899999788e+01,-4.220400625199999922e+01
1.321660660699999923e+01,-3.590196096900000100e+01,-5.767547432500000326e+01,-3.723814300000000088e+01,-4.314060328400000088e+01,-3.749908004400000294e+01
1.323661661699999925e+01,-3.099790847899999946e+01,-4.635585373299999645e+01,-4.035341772900000024e+01,-3.384306338399999703e+01,-3.801075706599999648e+01
1.325662662699999927e+01,-3.795425770899999662e+01,-3.908870657100000301e+01,-4.170677599300000082e+01,-3.466359742699999913e+01,-4.421220922500000228e+01
1.327663663699999930e+01,-2.971183353500000024e+01,-3.528694356900000173e+01,-5.738373427500000190e+01,-3.646333074700000054e+01,-4.449254963399999951e+01
1.329664664699999932e+01,-3.946526412800000116e+01,-3.650915302199999957e+01,-4.436018359199999850e+01,-3.612181443200000075e+01,-3.585532707800000196e+01
1.331665665699999934e+01,-3.207916987800000186e+01,-4.524346568699999693e+01,-4.007840337599999714e+01,-3.961829035800000298e+01,-3.960652698300000196e+01
1.333666666699999936e+01,-3.541660604300000159e+01,-3.201676846200000170e+01,-4.689822299400000105e+01,-3.351415258499999794e+01,-3.465053718299999730e+01
1.335667667699999939e+01,-3.108944532599999988e+01,-3.244250972199999694e+01,-3.844609685700000057e+01,-3.330405217199999868e+01,-4.108973651099999813e+01
1.337668668699999941e+01,-3.031770903399999995e+01,-3.250417126400000001e+01,-3.401581342400000096e+01,-3.820496259400000127e+01,-3.973216341100000193e+01
1.339669669699999943e+01,-3.166159521799999865e+01,-3.259545823100000206e+01,-4.385120136900000176e+01,-3.932806892699999679e+01,-3.764129802000000069e+01
1.341670670699999945e+01,-3.247616280900000163e+01,-3.930100220599999972e+01,-4.128694872199999821e+01,-3.508187188099999787e+01,-4.215275936300000126e+01
1.343671671699999948e+01,-2.808502130899999827e+01,-3.332129374499999841e+01,-5.131622537300000175e+01,-3.639653288800000297e+01,-3.754646843900000164e+01
1.345672672699999950e+01,-3.196413792199999904e+01,-3.292926165800000149e+01,-4.420356484799999919e+01,-3.768791344699999968e+01,-3.993118643500000076e+01
1.347673673699999952e+01,-2.809155505100000028e+01,-2.934503825699999879e+01,-3.342224765499999961e+01,-3.695281331799999691e+01,-4.143140623400000067e+01
1.349674674699999954e+01,-2.979367705499999985e+01,-4.868014787399999932e+01,-3.249764937599999826e+01,-4.006262382199999905e+01,-3.932692432700000040e+01
1.351675675699999957e+01,-3.256746972599999879e+01,-4.085211364300000270e+01,-3.471279545299999825e+01,-3.508178574499999769e+01,-3.419394494699999854e+01
1.353676676699999959e+01,-3.592911834600000276e+01,-3.532295374800000332e+01,-3.467863057200000299e+01,-3.619358322299999742e+01,-3.265285795900000210e+01
1.355677677699999961e+01,-3.174002533799999881e+01,-3.462019884400000080e+01,-3.254871805100000159e+01,-3.792226594600000311e+01,-4.316801871999999918e+01
1.357678678699999963e+01,-4.674542783500000098e+01,-3.494364116999999936e+01,-3.177262209699999929e+01,-4.414274697599999797e+01,-3.747864040200000346e+01
1.359679679699999966e+01,-4.207204496899999668e+01,-3.535848039199999704e+01,-3.162046578700000055e+01,-3.469394737300000031e+01,-3.997026696599999696e+01
1.361680680699999968e+01,-3.645167081700000011e+01,-2.544988662500000132e+01,-3.254125619599999908e+01,-3.997075394000000159e+01,-4.087596911400000010e+01
1.363681681699999970e+01,-3.531938726199999934e+01,-3.025488281899999876e+01,-3.148266052500000001e+01,-3.506672582899999924e+01,-3.648561321999999763e+01
1.365682682699999972e+01,-3.430782565799999873e+01,-2.708820040799999873e+01,-3.141917794400000119e+01,-3.776682740300000063e+01,-4.960916725199999888e+01
1.367683683699999975e+01,-3.807733686000000262e+01,-3.512749419000000017e+01,-2.920092707899999951e+01,-3.467887821099999712e+01,-5.311935574599999654e+01
1.369684684699999977e+01,-3.731214167899999978e+01,-2.720889419199999892e+01,-3.422706671600000305e+01,-3.272842022700000086e+01,-3.871329061499999824e+01
1.371685685699999979e+01,-3.416637570399999646e+01,-3.169248675500000090e+01,-2.606613497300000049e+01,-3.506263821299999961e+01,-3.458320865499999996e+01
1.373686686699999981e+01,-3.101334033199999851e+01,-2.749567218600000018e+01,-3.003284247999999934e+01,-3.080758664300000049e+01,-3.550184283600000157e+01
1.375687687699999984e+01,-3.171961420799999942e+01,-3.131060775899999982e+01,-2.777368098699999877e+01,-3.140377492900000078e+01,-3.288223107700000014e+01
1.377688688699999986e+01,-3.579645551099999778e+01,-3.032941474500000112e+01,-3.009909982399999961e+01,-3.305838552200000180e+01,-3.351374816300000248e+01
1.379689689699999988e+01,-3.557472095899999687e+01,-2.832838072799999907e+01,-2.770920650400000085e+01,-3.017653938500000166e+01,-3.078293896799999985e+01
1.381690690699999990e+01,-4.462920039000000116e+01,-2.829205167299999957e+01,-2.932295693300000039e+01,-3.251675628600000323e+01,-3.325456396500000267e+01
1.383691691699999993e+01,-4.334624458100000055e+01,-2.654126767099999995e+01,-2.592507006800000013e+01,-2.915539526799999948e+01,-3.801408668799999901e+01
1.385692692699999995e+01,-3.867383218500000197e+01,-2.866448846400000150e+01,-3.067684208200000029e+01,-2.833600930200000079e+01,-3.276275958699999791e+01
1.387693693699999997e+01,-3.342064675700000009e+01,-3.338760698099999757e+01,-2.838817779100000038e+01,-3.140561639799999938e+01,-3.041962687399999865e+01
1.389694694699999999e+01,-3.992165430699999717e+01,-3.015553640399999935e+01,-2.812564012400000024e+01,-3.418082174599999945e+01,-3.189917546699999917e+01
1.391695695700000002e+01,-3.379754670100000169e+01,-3.278620569499999959e+01,-2.843184886599999928e+01,-3.226123904100000317e+01,-2.973021278799999934e+01
1.393696696700000004e+01,-3.598706852000000112e+01,-3.130843493600000116e+01,-2.519851916300000028e+01,-3.688071319000000159e+01,-3.216143694699999855e+01
1.395697697700000006e+01,-4.871596347700000251e+01,-3.300152233600000073e+01,-2.804472058600000040e+01,-3.266280644700000124e+01,-3.280794142100000244e+01
1.397698698700000008e+01,-3.968299476300000350e+01,-3.309073498299999727e+01,-2.655666493000000017e+01,-3.282850713599999892e+01,-3.787275921300000192e+01
1.399699699700000011e+01,-3.754512324299999904e+01,-3.422314693199999880e+01,-2.811011405700000054e+01,-2.931108008800000064e+01,-3.690680888800000048e+01
1.401700700700000013e+01,-4.027443266600000271e+01,-3.366218730100000300e+01,-2.641772517000000065e+01,-4.148439378399999811e+01,-3.539773652000000226e+01
1.403701701700000015e+01,-4.177411044899999837e+01,-3.741333001400000313e+01,-2.803519644600000049e+01,-3.341718659600000052e+01,-3.700778263499999809e+01
1.405702702700000017e+01,-4.670606710900000280e+01,-3.447861186200000105e+01,-2.778340624399999825e+01,-3.292934123500000254e+01,-3.621718269600000184e+01
1.407703703700000020e+01,-5.327803627699999822e+01,-3.581537065399999875e+01,-2.681251145399999913e+01,-3.925130333700000307e+01,-3.971731457799999987e+01
1.409704704700000022e+01,-3.290803861199999858e+01,-3.984343726000000174e+01,-3.136855618199999896e+01,-3.629846075799999738e+01,-3.495309336999999772e+01
1.411705705700000024e+01,-3.108243489899999901e+01,-4.742273475999999732e+01,-2.865607403799999986e+01,-3.583001173299999920e+01,-3.746995095900000194e+01
1.413706706700000026e+01,-4.764898775399999664e+01,-3.470443434799999949e+01,-3.366545582900000255e+01,-4.597617435200000102e+01,-3.424758726400000342e+01
1.415707707700000029e+01,-4.039866226499999868e+01,-3.350438891400000330e+01,-2.985382447900000003e+01,-3.934415092700000116e+01,-3.809505941399999784e+01
1.417708708700000031e+01,-3.330175685500000071e+01,-4.750854027999999829e+01,-2.984393752600000127e+01,-4.545530360600000108e+01,-3.282429601500000160e+01
1.419709709700000033e+01,-3.127627154199999993e+01,-4.818791307400000079e+01,-3.219751684900000299e+01,-5.162209395899999720e+01,-3.802498359799999861e+01
1.421710710700000035e+01,-3.678030284700000152e+01,-3.323902700299999680e+01,-3.188702379800000131e+01,-4.211005612600000347e+01,-3.447509937200000252e+01
1.423711711700000038e+01,-3.897617288600000052e+01,-4.422217114899999757e+01,-3.426798493199999740e+01,-3.897414383099999924e+01,-3.788136851099999802e+01
1.425712712700000040e+01,-3.335091344800000002e+01,-3.517016372500000188e+01,-3.219466431200000045e+01,-4.002390656600000085e+01,-3.473473993399999671e+01
1.427713713700000042e+01,-3.681542920599999746e+01,-4.082534440900000305e+01,-3.367724753099999901e+01,-3.615934539700000272e+01,-3.312698900299999849e+01
1.429714714700000044e+01,-3.533403783299999645e+01,-6.687444874999999911e+01,-3.159837578500000177e+01,-3.518050917899999774e+01,-3.404147669700000023e+01
1.431715715700000047e+01,-3.250610845399999960e+01,-3.610990119200000237e+01,-3.209671434900000264e+01,-3.248511038499999870e+01,-3.969841761800000057e+01
1.433716716700000049e+01,-5.500023358800000040e+01,-3.645051394299999714e+01,-3.938655589999999762e+01,-3.513647003300000193e+01,-3.942102435000000327e+01
1.435717717700000051e+01,-3.911634273300000331e+01,-4.287470563400000145e+01,-3.796870222300000108e+01,-3.636900172099999651e+01,-4.121079687699999994e+01
1.437718718700000053e+01,-3.762825912699999975e+01,-3.670897145200000011e+01,-3.462351763200000221e+01,-3.602715486700000014e+01,-3.964354840800000090e+01
1.439719719700000056e+01,-2.975655861699999960e+01,-3.212403191399999969e+01,-3.399070912100000186e+01,-3.144452915700000162e+01,-3.999257330999999738e+01
1.441720720700000058e+01,-3.990594031500000227e+01,-3.929698313400000131e+01,-3.361496078500000095e+01,-3.738536249399999889e+01,-4.118753336200000348e+01
1.443721721700000060e+01,-1.801447512200000034e+01,-4.368764542099999915e+01,-3.702047148500000162e+01,-3.075078805000000060e+01,-5.068090390799999767e+01
1.445722722700000062e+01,-3.550354369899999796e+01,-3.625163246000000328e+01,-3.237087374699999742e+01,-3.288693345800000145e+01,-3.708967839299999980e+01
1.447723723700000065e+01,-3.325687242400000088e+01,-3.190036708999999959e+01,-3.224589647300000195e+01,-3.282703746300000347e+01,-4.229156625800000313e+01
1.449724724700000067e+01,-3.611414306700000054e+01,-4.049628666400000299e+01,-3.219990345600000126e+01,-3.355721831299999991e+01,-4.990790738900000179e+01
1.451725725700000069e+01,-3.550454535600000128e+01,-4.418165243400000008e+01,-3.548949986000000223e+01,-3.444018742099999741e+01,-3.625242715000000260e+01
1.453726726700000071e+01,-3.053817882999999966e+01,-4.357064465300000222e+01,-2.819919771400000030e+01,-3.343359619799999649e+01,-3.455460458299999971e+01
1.455727727700000074e+01,-3.052375283499999981e+01,-4.145603314000000239e+01,-3.044692012100000156e+01,-3.379666897500000289e+01,-3.471736680499999750e+01
1.457728728700000076e+01,-3.481332573200000269e+01,-3.491512572599999942e+01,-3.502187751299999974e+01,-3.518833370299999785e+01,-3.849384510600000198e+01
1.459729729700000078e+01,-3.176502370200000058e+01,-3.343617388700000248e+01,-2.992591967999999980e+01,-5.416581420499999666e+01,-3.635614089100000257e+01
1.461730730700000080e+01,-4.169226872899999847e+01,-3.467090458500000238e+01,-3.338780107699999888e+01,-3.469156577399999719e+01,-3.375654629000000284e+01
1.463731731700000083e+01,-3.853241728700000124e+01,-4.292714954400000238e+01,-3.408831409599999773e+01,-3.894639642300000304e+01,-3.595149309100000323e+01
1.465732732700000085e+01,-4.285698938200000185e+01,-3.795347131700000176e+01,-3.463840348000000091e+01,-4.019036511099999842e+01,-3.461516575000000273e+01
1.467733733700000087e+01,-4.119635992399999935e+01,-3.032764463599999871e+01,-3.198471517899999839e+01,-3.747028604100000138e+01,-3.659102953299999683e+01
1.469734734699999912e+01,-3.068615282400000055e+01,-3.980602056000000033e+01,-2.943978635199999871e+01,-6.180223619699999915e+01,-3.005489372799999970e+01
1.471735735699999914e+01,-3.213621002699999707e+01,-3.344244464900000224e+01,-3.007314436400000091e+01,-4.144175000799999964e+01,-3.250736165000000000e+01
1.473736736699999916e+01,-4.234255872300000334e+01,-3.667983949500000307e+01,-2.765538080700000023e+01,-5.451548929300000168e+01,-3.354659253999999891e+01
1.475737737699999919e+01,-4.064427248999999875e+01,-3.845863732200000129e+01,-2.855133358599999838e+01,-4.189136909999999858e+01,-3.257496883599999649e+01
1.477738738699999921e+01,-3.439129993000000240e+01,-4.655665162799999734e+01,-3.557515477900000178e+01,-4.757215941100000123e+01,-2.769645334300000172e+01
1.479739739699999923e+01,-3.482991969300000079e+01,-2.826166644799999972e+01,-3.365994452300000006e+01,-3.645012492200000054e+01,-3.352280592999999698e+01
1.481740740699999925e+01,-2.520768942500000165e+01,-3.997755415099999965e+01,-3.139626862900000148e+01,-4.025375509999999935e+01,-2.879211090500000125e+01
1.483741741699999928e+01,-3.518055727800000199e+01,-3.516577851299999935e+01,-3.154955939299999912e+01,-4.198226835799999890e+01,-2.717898967400000032e+01
1.485742742699999930e+01,-3.137760843299999891e+01,-3.095393252499999903e+01,-2.664869601599999882e+01,-4.280305981899999779e+01,-2.806632313700000125e+01
1.487743743699999932e+01,-3.409089172899999909e+01,-3.267890751299999863e+01,-2.710647927899999843e+01,-5.820116083599999968e+01,-2.759515573199999849e+01
1.489744744699999934e+01,-3.314902993300000134e+01,-3.581055287299999890e+01,-2.479748363799999922e+01,-3.682131431700000235e+01,-2.926618744099999958e+01
1.491745745699999937e+01,-3.657448825400000203e+01,-3.305318549500000103e+01,-2.575562964899999940e+01,-3.954183822800000314e+01,-2.734351724500000103e+01
1.493746746699999939e+01,-3.472358394100000112e+01,-2.928270847900000007e+01,-2.358087596200000036e+01,-3.990263581699999662e+01,-2.926989987400000004e+01
1.495747747699999941e+01,-3.546310208199999892e+01,-3.174154288300000104e+01,-2.323878485699999885e+01,-4.412485975399999916e+01,-3.081729540899999975e+01
1.497748748699999943e+01,-3.146159660000000002e+01,-3.227923500299999660e+01,-2.608872866999999829e+01,-3.393618469100000112e+01,-3.114361671900000061e+01
1.499749749699999946e+01,-3.013371689299999900e+01,-2.658140953299999865e+01,-2.369325601599999942e+01,-4.680621098200000318e+01,-3.074477892499999854e+01
1.501750750799999956e+01,-4.024538669100000021e+01,-3.212725165799999871e+01,-2.135810065300000105e+01,-3.778021601100000026e+01,-2.891325514700000099e+01
1.503751751799999958e+01,-2.994025768099999851e+01,-3.035927263099999962e+01,-2.125232445600000020e+01,-3.557411262299999777e+01,-2.744060985699999833e+01
1.505752752799999961e+01,-3.633879302599999761e+01,-2.635804921300000103e+01,-2.125988385699999839e+01,-3.427378637300000008e+01,-3.211687624399999663e+01
1.507753753799999963e+01,-3.073697270399999937e+01,-3.764258254899999656e+01,-2.128975996000000137e+01,-3.621125973400000220e+01,-3.294877608600000229e+01
1.509754754799999965e+01,-3.536155028200000316e+01,-2.740182525499999855e+01,-2.077593219899999966e+01,-3.360402928500000286e+01,-3.850323885200000262e+01
1.511755755799999967e+01,-3.231866087299999890e+01,-4.348196690099999984e+01,-2.026910144000000003e+01,-3.440654064999999662e+01,-2.918836389100000162e+01
1.513756756799999970e+01,-3.839582772100000341e+01,-3.337639877200000171e+01,-2.020816345800000136e+01,-3.176768777799999910e+01,-2.951663648599999945e+01
1.515757757799999972e+01,-3.905148860399999933e+01,-3.041269592500000130e+01,-2.168907704400000114e+01,-3.559392332000000181e+01,-3.270930035899999666e+01
1.517758758799999974e+01,-3.028839659300000164e+01,-3.263422724800000196e+01,-2.180707970199999934e+01,-3.611824120099999647e+01,-3.387636087500000315e+01
1.519759759799999976e+01,-3.120077843900000047e+01,-3.333782111600000064e+01,-2.400540664900000110e+01,-3.743064416099999647e+01,-3.077083300399999999e+01
1.521760760799999979e+01,-4.775906532700000184e+01,-2.721539614499999971e+01,-2.314738941699999941e+01,-4.196176032200000350e+01,-3.107906065299999909e+01
1.523761761799999981e+01,-3.623754816299999959e+01,-2.902719327100000157e+01,-2.279647502099999912e+01,-3.099499594099999911e+01,-3.196396637999999868e+01
1.525762762799999983e+01,-4.285832128900000271e+01,-3.071184146699999928e+01,-2.367070012099999943e+01,-3.601078239699999983e+01,-3.119907002900000137e+01
1.527763763799999985e+01,-3.657058930699999877e+01,-3.734834894499999791e+01,-2.393803779499999962e+01,-3.972857347200000078e+01,-3.443113638999999893e+01
1.529764764799999988e+01,-4.737737076199999819e+01,-4.076716973399999944e+01,-2.811428658399999847e+01,-3.994323956400000242e+01,-3.391937512599999849e+01
1.531765765799999990e+01,-3.890965035400000005e+01,-4.754871128100000277e+01,-2.609724523099999871e+01,-3.370846677000000113e+01,-2.969482123799999940e+01
1.533766766799999992e+01,-3.322487357600000024e+01,-3.189177671699999905e+01,-2.685873449500000021e+01,-3.114083961500000086e+01,-3.001587317399999932e+01
1.535767767799999994e+01,-3.433945991400000253e+01,-3.448908231299999727e+01,-2.617687174499999969e+01,-4.342162990199999939e+01,-3.443303418899999713e+01
1.537768768799999997e+01,-2.868215872900000107e+01,-3.241311680100000103e+01,-2.755638048200000156e+01,-4.516085380199999832e+01,-3.953721472299999817e+01
1.539769769799999999e+01,-4.109712683000000055e+01,-3.036350849900000171e+01,-2.441398451299999905e+01,-3.586457129400000099e+01,-3.589254019100000193e+01
1.541770770800000001e+01,-4.125671250100000265e+01,-3.891277295700000138e+01,-2.579036611300000104e+01,-3.673037433900000082e+01,-3.334747985399999948e+01
1.543771771800000003e+01,-5.276621780499999659e+01,-3.817860484700000256e+01,-2.659667369199999953e+01,-3.718702188999999692e+01,-3.515349832599999758e+01
1.545772772800000006e+01,-3.369286786899999697e+01,-2.551435233100000133e+01,-2.620279674600000064e+01,-3.275309301200000078e+01,-3.156827177799999973e+01
1.547773773800000008e+01,-3.038972956299999950e+01,-3.416015105700000021e+01,-2.548886132999999887e+01,-3.412336098699999809e+01,-3.465457413699999734e+01
1.549774774800000010e+01,-3.043684014000000104e+01,-3.734118725300000108e+01,-2.400492298300000016e+01,-3.589129098800000151e+01,-3.679459915700000039e+01
1.551775775800000012e+01,-3.655633224599999664e+01,-3.102472437200000144e+01,-3.073404590899999889e+01,-3.532999694899999810e+01,-3.497240948500000002e+01
1.553776776800000015e+01,-3.644006275200000289e+01,-4.461633681099999649e+01,-2.855578639599999846e+01,-4.482521060900000265e+01,-3.105153697600000129e+01
1.555777777800000017e+01,-3.019398409800000138e+01,-3.361215226699999903e+01,-2.944465349200000048e+01,-4.516247623699999991e+01,-3.169502396400000066e+01
1.557778778800000019e+01,-3.098168327400000166e+01,-4.212873711000000299e+01,-2.742388179699999995e+01,-3.067546588300000110e+01,-3.471354137000000151e+01
1.559779779800000021e+01,-3.509157503800000200e+01,-4.688823762199999834e+01,-3.059296160599999936e+01,-4.134839040699999657e+01,-3.244221035700000044e+01
1.561780780800000024e+01,-3.988713408899999990e+01,-3.113715322999999913e+01,-3.129364766400000164e+01,-4.035676739400000201e+01,-3.261529890399999942e+01
1.563781781800000026e+01,-3.029160878200000084e+01,-3.028184991099999834e+01,-3.428705042699999694e+01,-3.547382110800000277e+01,-3.410186539600000089e+01
1.565782782800000028e+01,-3.743521606299999860e+01,-3.248373488099999662e+01,-3.102030123999999844e+01,-3.774132532699999842e+01,-3.521718170300000139e+01
1.567783783800000030e+01,-3.074092165900000140e+01,-3.001200697799999872e+01,-3.167014920500000130e+01,-3.974329923300000189e+01,-3.058932668099999930e+01
1.569784784800000033e+01,-2.925803204800000046e+01,-3.056357047699999896e+01,-3.066029074400000098e+01,-3.419831173600000085e+01,-3.240027778200000341e+01
1.571785785800000035e+01,-3.340502570999999676e+01,-3.044664624900000049e+01,-3.079233475199999859e+01,-3.643250238000000252e+01,-3.138112469200000021e+01
1.573786786800000037e+01,-3.518368717999999973e+01,-3.614667018499999784e+01,-2.656702880099999931e+01,-3.368084696799999733e+01,-3.660811074299999746e+01
1.575787787800000039e+01,-3.234513681199999979e+01,-4.231238083299999886e+01,-2.639840675900000022e+01,-3.628930239900000032e+01,-2.923705192599999947e+01
1.577788788800000042e+01,-3.168865599000000088e+01,-4.008588188400000263e+01,-2.843240863799999829e+01,-3.423637770700000260e+01,-3.152933518600000085e+01
1.579789789800000044e+01,-3.303010975600000165e+01,-3.387982581899999701e+01,-2.577780869200000069e+01,-3.309723061500000085e+01,-3.343025029799999714e+01
1.581790790800000046e+01,-3.080647650799999937e+01,-3.706220886799999903e+01,-2.604543835699999832e+01,-3.677202499799999913e+01,-3.467939358600000332e+01
1.583791791800000048e+01,-3.909774773800000247e+01,-3.499630947800000058e+01,-2.613864050500000147e+01,-3.579182906700000188e+01,-3.911540663699999953e+01
1.585792792800000051e+01,-3.003258152800000147e+01,-3.519738751700000279e+01,-2.807261093400000007e+01,-3.841178759799999654e+01,-3.650104397700000192e+01
1.587793793800000053e+01,-3.141987285100000094e+01,-4.038954163799999719e+01,-2.618818342300000168e+01,-3.216931934699999829e+01,-3.185180519100000041e+01
1.589794794800000055e+01,-3.814593245500000052e+01,-3.104917656399999970e+01,-2.398131059199999982e+01,-3.129415133199999843e+01,-3.418896883600000081e+01
1.591795795800000057e+01,-3.145439532500000013e+01,-3.514357669599999667e+01,-2.445858134199999867e+01,-3.479939372100000128e+01,-3.574932660900000059e+01
1.593796796800000060e+01,-4.970902561100000128e+01,-4.029036393199999821e+01,-2.353648899499999914e+01,-3.892631002600000301e+01,-2.605923848600000170e+01
1.595797797800000062e+01,-2.642916886900000151e+01,-3.278840559799999710e+01,-2.485007539100000074e+01,-3.947976195100000041e+01,-2.913078591300000042e+01
1.597798798800000064e+01,-3.482301583099999931e+01,-4.384566296100000216e+01,-2.379838011800000075e+01,-3.325899925899999943e+01,-2.989471209699999932e+01
1.599799799800000066e+01,-2.822734031299999913e+01,-4.041318954500000160e+01,-2.496074415000000002e+01,-3.103871432600000091e+01,-2.916310997100000080e+01
1.601800800799999891e+01,-3.098007225199999937e+01,-3.307578347599999802e+01,-2.379893484400000148e+01,-3.149628264200000061e+01,-2.549219495299999849e+01
1.603801801799999893e+01,-2.995517485499999921e+01,-3.941938257999999706e+01,-2.511225450899999956e+01,-3.777985588300000330e+01,-2.638367697500000020e+01
1.605802802799999895e+01,-3.051353596399999901e+01,-3.230224302799999947e+01,-2.458185732700000159e+01,-3.726078083699999866e+01,-2.676032930399999898e+01
1.607803803799999898e+01,-3.333703049900000082e+01,-3.690947519200000215e+01,-2.562912101199999881e+01,-3.080906229500000038e+01,-2.514912484899999967e+01
1.609804804799999900e+01,-2.849447675600000096e+01,-3.385018955000000318e+01,-2.818677907000000005e+01,-3.116011335099999968e+01,-2.782507822399999853e+01
1.611805805799999902e+01,-3.690365676199999712e+01,-2.593194166299999992e+01,-2.986023643400000083e+01,-3.561213894000000124e+01,-2.785061084599999859e+01
1.613806806799999904e+01,-2.649769302600000032e+01,-4.514555293699999794e+01,-2.539715645700000124e+01,-3.385155244500000293e+01,-2.942467120899999955e+01
1.615807807799999907e+01,-3.031017347899999947e+01,-3.287771143999999879e+01,-3.030985884900000116e+01,-4.120811296000000112e+01,-2.924873943300000079e+01
1.617808808799999909e+01,-2.557712043600000129e+01,-3.760764567199999675e+01,-2.619237225199999841e+01,-3.822037487600000105e+01,-2.649317058200000119e+01
1.619809809799999911e+01,-2.610518819700000037e+01,-2.900892676000000137e+01,-2.928322287700000004e+01,-3.837700546399999979e+01,-2.841021041200000141e+01
1.621810810799999913e+01,-2.492745997200000119e+01,-3.715354366900000116e+01,-2.547397899099999918e+01,-3.327638993200000073e+01,-2.461979037800000114e+01
1.623811811799999916e+01,-2.086842259000000155e+01,-3.098104104000000092e+01,-2.563024499799999845e+01,-3.591519304700000248e+01,-2.740378067800000039e+01
1.625812812799999918e+01,-3.132031440200000105e+01,-3.033347372900000138e+01,-2.679571961799999968e+01,-3.116714482900000149e+01,-2.591579323999999929e+01
1.627813813799999920e+01,-2.899140020000000106e+01,-3.254516094899999956e+01,-2.629993295099999884e+01,-3.247908905900000320e+01,-2.661619333999999881e+01
1.629814814799999922e+01,-2.924920479800000095e+01,-2.980662003400000160e+01,-3.023220291299999829e+01,-3.423573169800000215e+01,-2.572802356400000079e+01
1.631815815799999925e+01,-2.510806990200000044e+01,-2.368022434299999901e+01,-2.820369610799999904e+01,-3.634168440799999900e+01,-2.595596957100000068e+01
1.633816816799999927e+01,-3.663676022500000329e+01,-3.340941422499999902e+01,-2.577033663099999927e+01,-3.953809300900000068e+01,-2.770110495999999856e+01
1.635817817799999929e+01,-2.410161063800000036e+01,-2.910831053100000076e+01,-2.551169050800000093e+01,-3.298208314600000080e+01,-2.678631680799999870e+01
1.637818818799999931e+01,-2.868242922299999975e+01,-2.134904179400000146e+01,-3.066326459200000087e+01,-4.497225237199999981e+01,-3.009986986999999914e+01
1.639819819799999934e+01,-2.927039165900000128e+01,-3.354115720099999720e+01,-2.931977451099999854e+01,-3.177000742299999914e+01,-2.733422456099999920e+01
1.641820820799999936e+01,-2.835960441299999957e+01,-3.947685606900000010e+01,-2.885724935700000060e+01,-4.551745448999999866e+01,-2.924168996399999898e+01
1.643821821799999938e+01,-3.138965738199999933e+01,-3.014517029800000003e+01,-3.072443155199999865e+01,-3.280892417300000119e+01,-2.724857816400000132e+01
1.645822822799999940e+01,-2.317586172400000066e+01,-3.211702863800000074e+01,-2.866355088599999945e+01,-3.298598734800000187e+01,-2.637135556799999847e+01
1.647823823799999943e+01,-2.965985885099999919e+01,-3.022993380599999824e+01,-3.155980161300000120e+01,-3.454183209199999993e+01,-2.952490326199999870e+01
1.649824824799999945e+01,-4.898547767299999833e+01,-3.141905648099999837e+01,-3.140277978900000022e+01,-3.399907906800000035e+01,-2.766674558600000111e+01
1.651825825799999947e+01,-2.575622342300000156e+01,-4.155724909599999961e+01,-2.955300848199999919e+01,-4.578655484299999756e+01,-2.506504283700000002e+01
1.653826826799999949e+01,-2.767188850699999847e+01,-3.342534619900000337e+01,-3.118942399899999884e+01,-3.803877496399999814e+01,-2.487111605200000142e+01
1.655827827799999952e+01,-2.450417915499999921e+01,-2.431806675500000026e+01,-3.076736446299999983e+01,-3.263975938899999818e+01,-3.021413911000000141e+01
1.657828828799999954e+01,-2.320150318700000014e+01,-3.087545016300000000e+01,-2.914181632500000063e+01,-3.226298013800000319e+01,-2.706384642100000093e+01
1.659829829799999956e+01,-2.586194429600000078e+01,-2.849154245000000074e+01,-2.879862186400000112e+01,-3.357848220799999694e+01,-3.011989896400000077e+01
1.661830830799999958e+01,-2.066638611600000175e+01,-2.941462533600000029e+01,-2.703784763399999846e+01,-3.309812747800000210e+01,-2.875688333500000127e+01
1.663831831799999961e+01,-2.129765132300000019e+01,-4.511963052099999771e+01,-3.013706456699999947e+01,-3.388824652200000287e+01,-3.229115986899999768e+01
1.665832832799999963e+01,-2.497775709900000152e+01,-3.078089561699999877e+01,-2.726533367100000049e+01,-3.853515354500000001e+01,-2.827767473600000159e+01
1.667833833799999965e+01,-1.494512575499999940e+01,-2.986600665199999938e+01,-2.800056934999999925e+01,-3.341637359700000331e+01,-2.875229892899999840e+01
1.669834834799999967e+01,-2.289327680599999937e+01,-2.695810883300000071e+01,-2.669827691300000083e+01,-3.383331099000000108e+01,-3.069001137800000123e+01
1.671835835799999970e+01,-2.312111719299999990e+01,-4.218696130899999730e+01,-2.573127658699999998e+01,-3.512527552200000258e+01,-3.208973728800000202e+01
1.673836836799999972e+01,-2.700373000700000148e+01,-2.430796653199999824e+01,-2.676372976700000095e+01,-2.919219263300000122e+01,-3.277849900700000063e+01
1.675837837799999974e+01,-2.676107497899999998e+01,-3.330337080799999683e+01,-2.913688869099999934e+01,-3.327318197599999650e+01,-3.552857767999999794e+01
1.677838838799999976e+01,-3.697470441200000124e+01,-2.544892839399999929e+01,-2.797951326200000111e+01,-3.400556268700000118e+01,-3.479069097099999652e+01
1.679839839799999979e+01,-2.334808068799999958e+01,-3.596781116599999706e+01,-3.015428405799999823e+01,-3.286218359299999747e+01,-3.159956934399999895e+01
1.681840840799999981e+01,-2.925531493200000099e+01,-2.755688298500000144e+01,-2.817863595000000032e+01,-3.328928342599999723e+01,-3.793166438899999804e+01
1.683841841799999983e+01,-3.008307552699999832e+01,-4.143611689600000147e+01,-2.910311306699999889e+01,-3.264556488299999870e+01,-3.848497959299999849e+01
1.685842842799999985e+01,-2.954740813700000146e+01,-3.186474147699999904e+01,-2.948633647699999827e+01,-3.204833012699999983e+01,-3.420086665800000247e+01
1.687843843799999988e+01,-2.267716912699999909e+01,-3.632479268099999814e+01,-3.825172712399999853e+01,-3.712279911600000304e+01,-3.146650015599999861e+01
1.689844844799999990e+01,-3.707479163600000049e+01,-3.299657131800000087e+01,-2.751980583899999999e+01,-3.245328054099999804e+01,-3.518975038300000335e+01
1.691845845799999992e+01,-3.690400505899999928e+01,-2.753805897799999869e+01,-2.549143200500000006e+01,-2.651657621500000062e+01,-4.254532145200000315e+01
1.693846846799999994e+01,-3.997644762400000218e+01,-3.418864182099999738e+01,-3.183329179800000119e+01,-3.661211598700000280e+01,-3.325236329599999863e+01
1.695847847799999997e+01,-3.284937203599999833e+01,-2.253321154400000026e+01,-2.644019187299999984e+01,-2.942498582099999993e+01,-3.898797203499999853e+01
1.697848848799999999e+01,-3.010892682000000065e+01,-3.326919508099999945e+01,-2.263000604999999865e+01,-3.027423338699999888e+01,-4.258880228999999673e+01
1.699849849800000001e+01,-3.071509194400000098e+01,-2.916367367899999863e+01,-2.623017061699999886e+01,-3.014986444199999838e+01,-3.276680691699999670e+01
1.701850850900000012e+01,-3.828796084300000047e+01,-2.870389628599999909e+01,-2.404185330600000015e+01,-4.273530848099999702e+01,-3.797341901200000081e+01
1.703851851900000014e+01,-3.350210663499999697e+01,-2.917864683399999848e+01,-2.708808319799999964e+01,-3.420508756699999964e+01,-3.464997056800000053e+01
1.705852852900000016e+01,-2.977443427800000109e+01,-2.946996817400000168e+01,-2.308234069499999919e+01,-3.475495414899999957e+01,-3.414685036400000229e+01
1.707853853900000018e+01,-3.447463281099999932e+01,-2.849169602999999995e+01,-2.472669247800000036e+01,-3.776560668599999815e+01,-2.573838151700000054e+01
1.709854854900000021e+01,-4.373289534300000270e+01,-2.504864661699999928e+01,-2.746339628599999827e+01,-4.067778588000000184e+01,-3.912582567199999772e+01
1.711855855900000023e+01,-4.188404348499999941e+01,-2.715099662300000105e+01,-2.359415798399999886e+01,-2.933003725800000083e+01,-2.881652178099999873e+01
1.713856856900000025e+01,-4.336718716800000095e+01,-2.757197429500000041e+01,-2.434334064500000139e+01,-3.015611900300000059e+01,-2.724273648400000170e+01
1.715857857900000027e+01,-6.008449663799999740e+01,-2.704313623799999888e+01,-2.765602231800000155e+01,-3.995719640800000150e+01,-3.239543685699999997e+01
1.717858858900000030e+01,-2.767833579299999869e+01,-2.996974358800000005e+01,-2.468499030699999963e+01,-3.412103804600000245e+01,-3.065374934700000153e+01
1.719859859900000032e+01,-3.671180820200000028e+01,-2.576776539000000099e+01,-2.588271233800000104e+01,-2.906488984499999972e+01,-2.448497382100000053e+01
1.721860860900000034e+01,-3.523790671199999736e+01,-3.176187258899999932e+01,-2.611678234200000048e+01,-3.841533096100000222e+01,-2.799639743199999842e+01
1.723861861900000036e+01,-2.949077322200000140e+01,-2.940230891999999940e+01,-2.619133049099999866e+01,-3.388470361400000286e+01,-3.155960442900000018e+01
1.725862862900000039e+01,-3.332775481699999887e+01,-2.879407848399999992e+01,-2.797658306699999997e+01,-3.584108880600000191e+01,-2.496360887199999823e+01
1.727863863900000041e+01,-2.482025180799999831e+01,-2.356879815899999997e+01,-2.097747886599999845e+01,-4.138108627999999811e+01,-2.757512702200000021e+01
1.729864864900000043e+01,-3.364534062999999975e+01,-2.869772117200000139e+01,-2.381380482599999837e+01,-3.190453803400000155e+01,-2.661667684700000081e+01
1.731865865900000045e+01,-2.812033733999999896e+01,-2.683639581399999940e+01,-2.705160861899999958e+01,-3.114747420699999836e+01,-3.471589533099999869e+01
1.733866866900000048e+01,-1.994627718999999999e+01,-2.668701526199999918e+01,-2.033566093499999994e+01,-3.784992192400000022e+01,-3.041338875499999972e+01
1.735867867900000050e+01,-2.484621330099999881e+01,-2.969798841200000084e+01,-2.856327015300000127e+01,-3.172617656799999963e+01,-2.891768220799999867e+01
1.737868868900000052e+01,-2.577572272400000131e+01,-2.348892910900000075e+01,-2.405521850699999931e+01,-3.087159669800000117e+01,-2.874894675999999905e+01
1.739869869900000054e+01,-3.004543644299999983e+01,-1.212164013099999949e+01,-1.754854888399999879e+01,-2.124966775300000066e+01,-3.241978528899999645e+01
1.741870870900000057e+01,-2.367950176100000093e+01,-3.249312188599999729e+01,-2.249604304600000049e+01,-3.130229308599999882e+01,-2.582866469300000034e+01
1.743871871900000059e+01,-2.281255011700000068e+01,-2.435514149899999836e+01,-2.853583023599999891e+01,-2.754222022300000106e+01,-3.033043948399999934e+01
1.745872872900000061e+01,-1.923323097600000153e+01,-2.652345606600000139e+01,-2.917931484100000006e+01,-3.295051070699999940e+01,-2.444852294200000031e+01
1.747873873900000063e+01,-2.411206493399999928e+01,-2.598300351099999972e+01,-2.232315561800000125e+01,-3.121454532999999998e+01,-2.858867163500000075e+01
1.749874874900000066e+01,-2.524820539099999905e+01,-3.104289388300000141e+01,-2.427511995600000105e+01,-3.716961867900000271e+01,-3.069789315399999907e+01
1.751875875900000068e+01,-1.918316985799999941e+01,-3.039816134599999842e+01,-3.206854908900000112e+01,-2.952546789899999879e+01,-2.727969253199999855e+01
1.753876876900000070e+01,-2.891619464100000059e+01,-2.025927259699999894e+01,-2.598148062599999975e+01,-3.770288401399999856e+01,-2.795969254199999909e+01
1.755877877900000072e+01,-3.141987458199999850e+01,-2.814106024599999856e+01,-2.189234815300000037e+01,-3.057994197900000088e+01,-2.513054590100000141e+01
1.757878878900000075e+01,-4.565697872500000187e+01,-2.869207700000000116e+01,-1.203344536300000023e+01,-3.228830625199999815e+01,-2.015907431899999835e+01
1.759879879900000077e+01,-2.809761976300000086e+01,-2.498952849499999829e+01,-2.151468496600000080e+01,-3.100025085000000047e+01,-2.044260075400000076e+01
1.761880880900000079e+01,-1.673595698300000123e+01,-2.994278090999999975e+01,-2.548883394499999966e+01,-3.633442982900000118e+01,-3.475072073999999844e+01
1.763881881900000081e+01,-3.596144427299999791e+01,-2.555159582599999979e+01,-3.077306744899999913e+01,-3.445113654200000042e+01,-2.201668566500000068e+01
1.765882882900000084e+01,-2.716185739899999874e+01,-2.255187013100000115e+01,-3.230976823099999962e+01,-3.239430412299999773e+01,-3.381995089699999824e+01
1.767883883900000086e+01,-2.558770406100000017e+01,-2.014297155299999886e+01,-3.456497809900000107e+01,-3.528926962999999972e+01,-2.649626858499999926e+01
1.769884884900000088e+01,-3.195411521899999840e+01,-3.837075406299999969e+01,-2.877262436799999890e+01,-2.914673835099999977e+01,-3.032478405000000166e+01
1.771885885900000090e+01,-2.825433359599999861e+01,-1.957877284099999926e+01,-2.888819246399999940e+01,-3.005874714600000175e+01,-3.291727011799999758e+01
1.773886886900000093e+01,-3.247284831799999694e+01,-1.431268331100000069e+01,-8.037211154899999599e+00,-1.247099603700000081e+01,-1.081559037799999956e+01
1.775887887900000095e+01,-2.474523709099999991e+01,-2.323694802800000048e+01,-2.408971107099999998e+01,-3.019696682100000018e+01,-4.152760178500000166e+01
1.777888888900000097e+01,-2.905451733499999989e+01,-2.446046836500000055e+01,-2.612322806399999919e+01,-4.119499244400000038e+01,-3.144445183499999885e+01
1.779889889900000099e+01,-2.914941541299999983e+01,-2.513823847800000166e+01,-2.031689148499999931e+01,-2.782860052999999922e+01,-3.014836379400000155e+01
1.781890890900000102e+01,-3.349346267699999657e+01,-2.151169991700000139e+01,-2.628074928899999918e+01,-2.816684742500000027e+01,-2.962246931299999986e+01
1.783891891900000104e+01,-2.566331915499999994e+01,-2.100078009099999932e+01,-2.372087278200000071e+01,-2.771978299699999937e+01,-3.162928037400000036e+01
1.785892892900000106e+01,-3.065064560000000071e+01,-3.598188098600000018e+01,-2.375977585900000122e+01,-2.861159410200000153e+01,-6.222104470299999690e+01
1.787893893900000108e+01,-3.576801121199999756e+01,-2.013900480499999901e+01,-2.056015508799999836e+01,-3.360482041800000275e+01,-3.812405220899999847e+01
1.789894894900000111e+01,-3.500708629399999694e+01,-2.029239796399999918e+01,-2.651315240599999967e+01,-2.740835660700000176e+01,-2.643004922400000112e+01
1.791895895900000113e+01,-3.098881756000000109e+01,-2.344137351799999891e+01,-2.648018551499999873e+01,-3.122176055799999972e+01,-3.787919332999999966e+01
1.793896896900000115e+01,-2.949951979000000080e+01,-2.219301560599999945e+01,-2.456576766799999945e+01,-2.853295727300000095e+01,-3.962052794000000233e+01
1.795897897900000117e+01,-2.816477677600000007e+01,-2.603615123999999881e+01,-2.560633291699999958e+01,-2.931760069999999985e+01,-3.118882997800000112e+01
1.797898898900000120e+01,-3.292661194099999733e+01,-2.091158087199999827e+01,-2.553371388100000061e+01,-2.892618328500000047e+01,-3.860073714899999686e+01
1.799899899900000122e+01,-1.937681253599999920e+01,-2.009044092499999934e+01,-2.277914216299999950e+01,-3.809403554600000064e+01,-3.315467414100000099e+01
1.801900900900000124e+01,-1.989617724900000084e+01,-2.267692365499999951e+01,-2.239685641000000160e+01,-2.932367637500000157e+01,-3.130871163799999835e+01
1.803901901900000126e+01,-2.732944830599999975e+01,-3.078126612399999829e+01,-2.034682462500000000e+01,-2.838158541299999982e+01,-2.815899986799999866e+01
1.805902902900000129e+01,-2.660828659199999890e+01,-2.679048775500000090e+01,-2.422645391000000004e+01,-2.842593592900000132e+01,-3.197979328699999968e+01
1.807903903900000131e+01,-2.770732726399999990e+01,-2.018156103300000126e+01,-1.940793890000000133e+01,-2.423059812400000013e+01,-2.658904887899999991e+01
1.809904904900000133e+01,-2.831608451500000001e+01,-3.202624163600000173e+01,-2.375908454500000033e+01,-1.699978014099999868e+01,-2.728839138500000061e+01
1.811905905900000135e+01,-2.695681833900000157e+01,-1.922474560499999896e+01,-2.585396747800000128e+01,-3.484770849699999928e+01,-4.188496835200000135e+01
1.813906906900000138e+01,-3.263418995600000017e+01,-2.447161626899999831e+01,-9.302693845900000369e+00,-1.887084027499999905e+01,-2.929864514300000167e+01
1.815907907900000140e+01,-1.812704993499999873e+01,-3.969370155899999730e+01,-2.385416364700000003e+01,-2.643695610900000048e+01,-3.277358450799999900e+01
1.817908908900000142e+01,-2.762442475299999955e+01,-2.091790887100000162e+01,-2.614798992500000097e+01,-2.560316263300000017e+01,-3.539236736400000183e+01
1.819909909900000144e+01,-3.112939698399999955e+01,-2.936871603599999858e+01,-2.661368132599999825e+01,-3.513975150800000335e+01,-3.975356966100000022e+01
1.821910910900000147e+01,-2.005752881500000129e+01,-2.953613817100000105e+01,-2.893094613499999923e+01,-2.601955305599999946e+01,-2.847064195900000172e+01
1.823911911900000149e+01,-2.784657688600000114e+01,-2.398437495299999966e+01,-3.202906207200000210e+01,-2.550066738900000018e+01,-3.495756712299999691e+01
1.825912912900000151e+01,-3.391847188300000226e+01,-2.495461904700000133e+01,-2.585211817700000125e+01,-2.599370014999999867e+01,-3.292062906999999683e+01
1.827913913900000153e+01,-2.966096267800000064e+01,-2.740124635700000155e+01,-2.483003505900000008e+01,-2.720685907600000064e+01,-3.377861003499999981e+01
1.829914914900000156e+01,-2.593303075800000101e+01,-2.412918266799999856e+01,-3.134081174599999997e+01,-2.761415526800000109e+01,-4.644444590599999856e+01
1.831915915900000158e+01,-3.172691508500000168e+01,-2.945999366999999936e+01,-2.932932462100000137e+01,-2.462152430500000122e+01,-3.875735672900000139e+01
1.833916916900000160e+01,-3.065912703900000125e+01,-2.204751717599999949e+01,-2.866846522399999841e+01,-2.925850786399999848e+01,-2.471658748700000174e+01
1.835917917900000162e+01,-2.220932242399999978e+01,-2.854954199200000176e+01,-2.018336632400000141e+01,-2.742190658499999856e+01,-2.768873220900000121e+01
1.837918918900000165e+01,-3.518817661700000343e+01,-3.087737837399999918e+01,-2.372020259900000028e+01,-3.648589827400000019e+01,-4.262510193500000355e+01
1.839919919900000167e+01,-3.660389512900000142e+01,-2.275270138500000172e+01,-2.850544431000000145e+01,-2.571484664000000109e+01,-3.264868804799999680e+01
1.841920920900000169e+01,-2.432575294200000116e+01,-3.149658782599999896e+01,-2.648541702400000020e+01,-3.494398637100000116e+01,-2.808712981500000083e+01
1.843921921900000171e+01,-2.602151541099999932e+01,-2.499249204899999910e+01,-2.504994706200000110e+01,-2.873984169099999875e+01,-4.255726855399999664e+01
1.845922922900000174e+01,-3.095438064900000086e+01,-2.287921194700000171e+01,-3.120078854400000168e+01,-3.069741832500000100e+01,-3.108040452799999898e+01
1.847923923900000176e+01,-1.669606324200000103e+01,-8.464636863999999150e+00,-2.085084329400000058e+01,-2.360344647599999846e+01,-2.017565334300000046e+01
1.849924924899999823e+01,-3.371060786099999973e+01,-3.082734680800000149e+01,-3.210224617000000080e+01,-3.034193002600000000e+01,-2.619852231899999850e+01
1.851925925899999825e+01,-3.806743976799999984e+01,-2.162146637300000052e+01,-3.539885085800000297e+01,-2.783565241599999851e+01,-2.557034034000000133e+01
1.853926926899999827e+01,-2.621951399199999955e+01,-2.763093972800000131e+01,-3.562838967100000076e+01,-3.760872769600000254e+01,-3.852628101500000213e+01
1.855927927899999830e+01,-3.422868700600000125e+01,-3.756358011199999680e+01,-3.874526942199999979e+01,-2.866804370699999893e+01,-3.347868076400000348e+01
1.857928928899999832e+01,-2.656726807800000145e+01,-2.660065921600000038e+01,-3.573416936200000293e+01,-3.262906008200000230e+01,-3.514574509900000265e+01
1.859929929899999834e+01,-3.494906052399999652e+01,-3.344073363199999704e+01,-2.791812378899999914e+01,-3.427416493300000155e+01,-2.894374506600000174e+01
1.861930930899999836e+01,-3.360746716999999961e+01,-2.277332610799999912e+01,-3.690353352300000012e+01,-3.420094036500000101e+01,-3.854804281799999899e+01
1.863931931899999839e+01,-2.441347352000000015e+01,-2.825402645599999829e+01,-2.760526147599999902e+01,-2.965566230800000014e+01,-3.078221859900000013e+01
1.865932932899999841e+01,-3.656624902600000127e+01,-2.951084691000000149e+01,-2.828873949400000143e+01,-4.238443154800000201e+01,-3.196546954100000093e+01
1.867933933899999843e+01,-3.709333337900000060e+01,-3.423959971200000041e+01,-3.661772358399999661e+01,-3.291596646200000009e+01,-3.727129911699999809e+01
1.869934934899999845e+01,-2.982116209200000156e+01,-2.058501470699999913e+01,-2.562165563199999951e+01,-3.416211186700000013e+01,-3.457679689399999745e+01
1.871935935899999848e+01,-3.632021031099999675e+01,-2.962383601599999849e+01,-3.194603993899999850e+01,-3.881819216400000272e+01,-4.721383842299999856e+01
1.873936936899999850e+01,-4.124659773999999857e+01,-3.235800511299999727e+01,-2.867146087000000065e+01,-3.165492255099999852e+01,-3.599290682099999827e+01
1.875937937899999852e+01,-3.344154613900000328e+01,-2.761549961700000111e+01,-2.073401162700000100e+01,-3.388986158899999879e+01,-2.565861814699999854e+01
1.877938938899999854e+01,-3.277696747099999897e+01,-3.377966698800000245e+01,-3.140265209700000071e+01,-2.404793098100000037e+01,-5.008159994700000084e+01
1.879939939899999857e+01,-3.331139650299999744e+01,-4.135014515299999971e+01,-2.439989546900000050e+01,-2.914018706799999947e+01,-3.293811509799999726e+01
1.881940940899999859e+01,-4.462355459399999802e+01,-2.830579869800000026e+01,-3.179933868199999836e+01,-3.734960344600000326e+01,-4.206403853199999787e+01
1.883941941899999861e+01,-2.968247382099999854e+01,-4.560111489700000220e+01,-3.799535607600000020e+01,-2.623801581700000085e+01,-2.718346445799999955e+01
1.885942942899999863e+01,-2.315199661200000136e+01,-2.663591483400000115e+01,-3.369991310199999646e+01,-3.342662716600000294e+01,-5.053721356100000150e+01
1.887943943899999866e+01,-2.981785942699999836e+01,-5.290706444599999969e+01,-3.266013157700000136e+01,-4.083171295500000042e+01,-2.574381502399999988e+01
1.889944944899999868e+01,-5.451316272599999735e+01,-3.927093143300000122e+01,-2.782872705699999827e+01,-3.849911016699999777e+01,-1.620981327100000158e+01
1.891945945899999870e+01,-2.890907657800000052e+01,-2.647211222500000005e+01,-3.718374022700000125e+01,-2.929177080199999850e+01,-3.979419258800000136e+01
1.893946946899999872e+01,-4.279364834599999767e+01,-3.954121873799999776e+01,-2.530137686899999849e+01,-4.193136057800000316e+01,-2.643218189999999979e+01
1.895947947899999875e+01,-3.069176991100000151e+01,-3.360564200700000015e+01,-3.128058848899999944e+01,-3.157607087399999912e+01,-4.127420218099999971e+01
1.897948948899999877e+01,-3.480737499899999676e+01,-1.797693385699999880e+01,-2.938500833000000156e+01,-2.156079298699999924e+01,-2.402584934900000135e+01
1.899949949899999879e+01,-3.499664428799999882e+01,-3.812415652300000346e+01,-2.524632531199999974e+01,-3.609472152899999742e+01,-4.478341820100000348e+01
1.901950950999999890e+01,-3.331666973000000098e+01,-3.545373382599999701e+01,-1.062352175400000043e+01,-5.342841066800000149e+00,-1.060027956300000085e+01
1.903951951999999892e+01,-4.212389596300000250e+01,-3.470230346000000310e+01,-2.841638178699999884e+01,-2.133480427599999985e+01,-3.244480476100000033e+01
1.905952952999999894e+01,-3.201837927300000075e+01,-4.553649466899999965e+01,-2.343025862400000037e+01,-2.189121634400000005e+01,-2.745941758400000055e+01
1.907953953999999896e+01,-2.473050874799999832e+01,-2.450971008400000173e+01,-3.705313395200000315e+01,-2.398624857400000110e+01,-3.807912790900000033e+01
1.909954954999999899e+01,-3.767164711200000227e+01,-4.164115383400000070e+01,-1.202582332200000081e+01,-2.518499914199999878e+01,-3.010727418700000158e+01
1.911955955999999901e+01,-4.611438485200000059e+01,-4.545104375100000027e+01,-2.389175860199999946e+01,-2.822432485199999874e+01,-3.701312257899999736e+01
1.913956956999999903e+01,-3.284260296299999737e+01,-2.647571680500000113e+01,-2.540868226699999965e+01,-3.793274655300000120e+01,-3.407556245800000028e+01
1.915957957999999905e+01,-3.116605294500000056e+01,-3.323093984599999828e+01,-1.271360562699999974e+01,-1.907859603900000067e+01,-3.094160333299999976e+01
1.917958958999999908e+01,-3.350437095499999884e+01,-3.540430740000000043e+01,-3.865647455900000296e+01,-3.230515111399999739e+01,-2.993402923000000015e+01
1.919959959999999910e+01,-3.584795851399999833e+01,-2.723951678999999970e+01,-3.732028082400000102e+01,-2.431297292500000040e+01,-3.453830164200000041e+01
1.921960960999999912e+01,-2.627736872399999868e+01,-1.753096016800000001e+01,-3.084481177199999991e+01,-4.532077556699999832e+01,-3.719189076400000005e+01
1.923961961999999914e+01,-4.981969559499999889e+01,-5.236966744800000129e+01,-3.700913065499999988e+01,-2.186934083599999923e+01,-3.443427712700000143e+01
1.925962962999999917e+01,-3.796612901900000026e+01,-2.997857231400000089e+01,-1.796530491700000098e+01,-1.779039323599999989e+01,-2.660812089099999866e+01
1.927963963999999919e+01,-3.877940860999999728e+01,-2.758492730400000070e+01,-2.371833532000000133e+01,-2.383732174000000015e+01,-3.355792379900000100e+01
1.929964964999999921e+01,-2.854023743699999827e+01,-9.398744388400000815e+00,-8.150033926600000811e+00,-1.198957920500000007e+01,-1.297082164799999937e+01
1.931965965999999923e+01,-2.701517594799999955e+01,-2.102516592499999959e+01,-3.358225705400000294e+01,-2.490983667100000076e+01,-2.831092913399999844e+01
1.933966966999999926e+01,-1.756009017799999938e+01,-3.612352870200000154e+01,-2.535879668899999828e+01,-3.124625959100000117e+01,-3.045442531100000139e+01
1.935967967999999928e+01,-4.126136475500000245e+01,-4.727253217199999824e+01,-2.401761577599999953e+01,-3.112840666499999998e+01,-4.024351525299999821e+01
1.937968968999999930e+01,-4.543221228400000200e+01,-1.305877674000000077e+01,-2.232585000299999933e+01,-2.410341577599999852e+01,-2.529765950099999827e+01
1.939969969999999932e+01,-3.249074445400000144e+01,-3.025356015399999876e+01,-2.023146485999999911e+01,-2.613039958999999968e+01,-3.656515462099999780e+01
1.941970970999999935e+01,-2.558999383800000160e+01,-4.031351091599999847e+01,-4.134413711100000199e+01,-2.294639836900000063e+01,-2.609663231300000064e+01
1.943971971999999937e+01,-3.055773223499999958e+01,-2.475364030300000096e+01,-3.185428831500000157e+01,-4.310957345799999985e+01,-3.073839566199999851e+01
1.945972972999999939e+01,-3.149719313299999968e+01,-3.779510318500000210e+01,-2.916361554899999931e+01,-3.339368765799999750e+01,-2.680930195599999877e+01
1.947973973999999941e+01,-3.475981978400000116e+01,-2.659061051200000136e+01,-2.915935484099999897e+01,-2.809537075200000089e+01,-2.540300014900000036e+01
1.949974974999999944e+01,-2.630306193299999862e+01,-1.609199295199999824e+01,-2.462925579599999892e+01,-2.977487140199999871e+01,-3.802059605000000175e+01
1.951975975999999946e+01,-4.000567605700000229e+01,-3.291402979899999792e+01,-2.832841341399999990e+01,-2.525811390899999864e+01,-3.555103482199999831e+01
1.953976976999999948e+01,-3.117647835400000034e+01,-3.302407337199999660e+01,-1.585434225400000052e+01,-3.132229853700000177e+01,-2.044334578899999855e+01
1.955977977999999950e+01,-3.608119582799999847e+01,-3.673474111499999850e+01,-2.021528160200000102e+01,-2.653957333800000029e+01,-2.768508534300000079e+01
1.957978978999999953e+01,-3.299724158200000090e+01,-3.036663251299999899e+01,-3.562995564700000273e+01,-3.242940595299999984e+01,-2.978824820299999843e+01
1.959979979999999955e+01,-3.856226014700000349e+01,-4.870199805400000059e+01,-2.330949154199999995e+01,-2.554353055800000050e+01,-4.779788838399999662e+01
1.961980980999999957e+01,-4.188215355900000247e+01,-3.427781521400000031e+01,-1.853524103799999878e+01,-2.414365465699999902e+01,-2.820672086800000145e+01
1.963981981999999959e+01,-3.645865851199999952e+01,-3.720412199500000128e+01,-1.710592655199999967e+01,-2.289366689899999940e+01,-3.165609302800000080e+01
1.965982982999999962e+01,-3.079858518900000064e+01,-4.838932634399999699e+01,-3.351612417799999832e+01,-4.577153434200000248e+01,-3.083505792800000123e+01
1.967983983999999964e+01,-3.925359154499999903e+01,-4.161323242800000344e+01,-1.959832605400000105e+01,-2.245152921000000035e+01,-2.207817745399999865e+01
1.969984984999999966e+01,-3.976333129000000355e+01,-5.860152055500000046e+01,-2.311863104300000060e+01,-2.378185541999999941e+01,-4.279103084100000132e+01
1.971985985999999968e+01,-2.837884265399999961e+01,-3.784326303499999966e+01,-6.895723295599999858e+00,-1.735085043200000143e+01,-2.315583515599999842e+01
1.973986986999999971e+01,-3.436799893900000313e+01,-3.198986776099999929e+01,-2.655232736199999977e+01,-2.729911721899999932e+01,-3.195852490200000062e+01
1.975987987999999973e+01,-4.325646665200000029e+01,-3.187929989799999930e+01,-1.464088312900000055e+01,-2.074211310400000130e+01,-4.074840679799999776e+01
1.977988988999999975e+01,-3.172372552899999931e+01,-3.550193251099999969e+01,9.484890316299999569e+00,-5.904789340299999800e+00,-3.522141853800000177e+01
1.979989989999999977e+01,-3.515437841899999682e+01,-2.699141472599999858e+01,-1.075570367099999913e+01,-2.800454085100000157e+01,-2.247081107600000038e+01
1.981990990999999980e+01,-2.281810815700000106e+01,-3.572713406999999819e+01,-1.475718412300000004e+01,-1.969061504600000134e+01,-2.069236838100000142e+01
1.983991991999999982e+01,-4.461957859099999979e+01,-4.265787870399999804e+01,1.040679167699999930e+01,-1.049557565599999975e+01,-3.334900422199999781e+01
1.985992992999999984e+01,-4.713103056700000337e+01,-4.233449886599999701e+01,5.055647836000000048e-03,-1.075313288500000075e+00,-1.114162997400000066e+01
1.987993993999999986e+01,-3.754534368000000200e+01,-2.572455903399999855e+01,-1.393617565599999963e+01,-4.548297757600000324e+01,-3.440121364600000220e+01
1.989994994999999989e+01,-3.058951510700000043e+01,-2.730286758900000166e+01,7.877559098599999921e+00,-5.361756611799999739e+00,-1.920582643499999875e+01
1.991995995999999991e+01,-3.646699773099999931e+01,-4.503190101999999939e+01,-1.875916551799999965e+01,-4.807439583799999916e+00,-2.618554626599999935e+01
1.993996996999999993e+01,-2.774545824899999857e+01,-3.187747986200000128e+01,-3.127798474500000125e+01,-3.147457063899999952e+01,-3.216643582500000065e+01
1.995997997999999995e+01,-3.736562250499999749e+01,-1.204001495300000002e+01,1.022760123199999960e+01,8.180367621800000322e+00,-3.529416286600000063e-01
1.997998998999999998e+01,-2.756275895099999929e+01,-2.185243660200000093e+01,-7.771204054200000488e-01,-9.936354852699999185e+00,-1.714184202199999874e+01
2.000000000000000000e+01,-3.053985232999999866e+01,-2.689870821599999928e+01,-2.292688672000000150e+00,-1.877931700799999959e+01,-2.971019794500000089e+01
