freq_GHz,S21_dB,S31_dB,S41_dB,S51_dB,S61_dB
1.000000000000000021e-02,-7.951645980600000030e+01,-6.923630280300000095e+01,-9.117257642399999895e+01,-8.047361784999999657e+01,-7.408500679899999852e+01
3.001001001000000099e-02,-7.469717338799999595e+01,-8.187468213299999320e+01,-7.991032268600000066e+01,-8.620602737500000501e+01,-8.139254723300000194e+01
5.002002002000000003e-02,-7.875028631799999346e+01,-8.586796141300000329e+01,-7.925906191100000342e+01,-7.939920427200000574e+01,-8.745512409600000581e+01
7.003003002999999560e-02,-7.271966469999999561e+01,-8.015726202700000158e+01,-8.705048104099999762e+01,-7.680487996399999417e+01,-9.599162475599999311e+01
9.004004004000000505e-02,-8.221585004400000685e+01,-8.364550490499999569e+01,-8.412516609499999731e+01,-7.693988251800000455e+01,-8.061611048400000357e+01
1.100500500500000006e-01,-8.272016547799999842e+01,-8.665719193099999984e+01,-7.492121072599999820e+01,-8.717787530699999365e+01,-7.911279334399999641e+01
1.300600600600000101e-01,-7.952209516199999939e+01,-7.878053658599999665e+01,-8.343531480199999351e+01,-7.600290642000000219e+01,-8.190398962599999777e+01
1.500700700700000056e-01,-9.877414568499999348e+01,-8.001841572099999667e+01,-8.626666251499999305e+01,-8.248036451999999485e+01,-9.013632871100000443e+01
1.700800800800000012e-01,-7.765948074700000348e+01,-8.330676753900000620e+01,-7.821025816200000236e+01,-7.438751187399999765e+01,-8.193413409100000422e+01
1.900900900899999968e-01,-9.118037417200000050e+01,-7.527778921399999490e+01,-7.282930006099999787e+01,-9.199394551800000386e+01,-7.567638982600000475e+01
2.101001000999999924e-01,-8.167012824600000442e+01,-7.485812430699999709e+01,-8.242891260300000056e+01,-8.000349781100000257e+01,-8.972544575599999916e+01
2.301101101100000157e-01,-7.385174011899999869e+01,-7.655499437100000648e+01,-7.715552517800000487e+01,-8.143944169600000293e+01,-7.635987578399999620e+01
2.501201201200000113e-01,-9.381933610299999771e+01,-7.986928714200000456e+01,-9.104652652800000112e+01,-7.849912699200000077e+01,-8.000994049000000530e+01
2.701301301299999791e-01,-7.419176046399999791e+01,-8.785945557300000530e+01,-8.053153590200000167e+01,-7.636156375599999535e+01,-8.435440042400000493e+01
2.901401401400000024e-01,-8.209299767400000292e+01,-7.829427972899999588e+01,-8.550182499500000688e+01,-7.236723391200000322e+01,-9.072359373999999832e+01
3.101501501499999702e-01,-7.599535606899999607e+01,-8.457323851799999659e+01,-7.784970974399999477e+01,-7.900538817999999708e+01,-8.017230962899999724e+01
3.301601601600000491e-01,-7.539975661399999751e+01,-8.401760372600000437e+01,-8.733594410000000607e+01,-7.926914542900000527e+01,-8.504748407699999291e+01
3.501701701700000169e-01,-8.081551429499999983e+01,-8.124825418400000387e+01,-7.843782356699999525e+01,-7.671131121800000585e+01,-8.035835927700000525e+01
3.701801801799999847e-01,-7.695989531799999384e+01,-7.432797856499999511e+01,-7.539105560199999445e+01,-7.884446433799999454e+01,-7.243620583099999521e+01
3.901901901900000080e-01,-8.210283839999999600e+01,-7.604754933399999572e+01,-7.954065110899999524e+01,-6.953707703999999978e+01,-7.370300127299999815e+01
4.102002001999999758e-01,-8.790801238999999612e+01,-7.152869032300000640e+01,-7.866142047699999296e+01,-8.538202462200000298e+01,-7.638893552599999737e+01
4.302102102099999992e-01,-7.741842170699999315e+01,-7.031444106600000055e+01,-8.843060893000000533e+01,-8.834574358099999358e+01,-7.000209202199999936e+01
4.502202202200000225e-01,-8.121396788799999911e+01,-7.546002624199999786e+01,-7.146800391399999342e+01,-7.783978947999999320e+01,-7.483525461899999698e+01
4.702302302300000458e-01,-7.620915516200000184e+01,-6.982243155499999432e+01,-8.257503201999999476e+01,-8.169285897899999327e+01,-6.757707158099999845e+01
4.902402402400000136e-01,-7.226937154600000213e+01,-7.501243234800000437e+01,-7.487292004399999712e+01,-7.911573602500000391e+01,-6.965318671999999367e+01
5.102502502500000370e-01,-8.685309117900000331e+01,-7.225317596099999662e+01,-7.211814823400000307e+01,-7.647525162399999488e+01,-7.493505276099999435e+01
5.302602602599999493e-01,-7.012265595899999937e+01,-7.423299863399999765e+01,-6.590209242699999947e+01,-7.144930277999999646e+01,-7.085393617600000482e+01
5.502702702699999726e-01,-7.709512956199999678e+01,-7.288814350900000250e+01,-6.541537341199999389e+01,-7.660603035500000146e+01,-6.616206543900000270e+01
5.702802802799999959e-01,-7.891512219899999536e+01,-7.157832191100000330e+01,-6.467232423500000493e+01,-7.797384046099999466e+01,-6.809204360399999700e+01
5.902902902899999082e-01,-8.734211621500000433e+01,-6.443248167599999476e+01,-6.244191608900000290e+01,-6.960491381200000660e+01,-6.318209587900000201e+01
6.103003002999999316e-01,-6.890864549299999453e+01,-6.811833026200000063e+01,-6.165171565499999673e+01,-6.539423827500000641e+01,-5.998667795400000102e+01
6.303103103099999549e-01,-7.039820735499999671e+01,-7.380012874599999861e+01,-5.892886024799999944e+01,-7.477187926199999879e+01,-6.008327898400000322e+01
6.503203203200000893e-01,-7.835536060900000166e+01,-7.277777923799999371e+01,-5.257246722499999692e+01,-7.581543435800000452e+01,-5.563572212300000075e+01
6.703303303300000016e-01,-6.522037093599999480e+01,-6.968196837300000368e+01,-5.087598911500000298e+01,-6.761489895600000466e+01,-5.347982420299999973e+01
6.903403403400000249e-01,-6.352970150800000226e+01,-7.594460613200000410e+01,-4.921755754099999791e+01,-6.704810063700000455e+01,-5.097362968499999880e+01
7.103503503500000482e-01,-6.199787563200000307e+01,-6.307246629899999846e+01,-4.836025401399999879e+01,-6.501215926099999365e+01,-5.003537454599999990e+01
7.303603603599999605e-01,-5.695387074199999944e+01,-6.130334709800000326e+01,-4.736744958500000280e+01,-6.707975684900000601e+01,-4.689395061799999809e+01
7.503703703699999839e-01,-5.503902163800000125e+01,-5.694332686399999943e+01,-4.855271926799999704e+01,-6.651003298000000541e+01,-4.509835982199999904e+01
7.703803803800000072e-01,-5.616501448100000005e+01,-5.900684443699999804e+01,-4.716944110600000073e+01,-6.270284535599999742e+01,-4.465836575400000186e+01
7.903903903900000305e-01,-5.456698388899999941e+01,-5.878348281800000308e+01,-4.710132540600000084e+01,-6.365726858400000054e+01,-4.303682498599999917e+01
8.104004003999999428e-01,-5.378557960199999854e+01,-6.029385559400000005e+01,-4.671732404000000116e+01,-6.251588995099999835e+01,-4.315110094900000348e+01
8.304104104099999661e-01,-5.230648228900000163e+01,-6.410192506399999957e+01,-4.651542781999999931e+01,-5.773622139399999753e+01,-4.280940811400000001e+01
8.504204204199999895e-01,-5.053448579100000160e+01,-5.422285978200000045e+01,-4.789322944700000306e+01,-5.715583602400000274e+01,-4.286655898299999734e+01
8.704304304299999018e-01,-5.080496225099999918e+01,-5.277289767300000278e+01,-4.661158056299999686e+01,-5.840490757799999955e+01,-4.297901944000000185e+01
8.904404404400000361e-01,-5.267443969699999684e+01,-5.530085762699999918e+01,-4.672756002599999903e+01,-5.819121326999999866e+01,-4.248664547100000277e+01
9.104504504500000595e-01,-5.338518602100000265e+01,-5.595487325199999873e+01,-4.674242138799999680e+01,-5.590880933599999736e+01,-4.291533928599999825e+01
9.304604604600000828e-01,-5.331437933699999832e+01,-5.621504095699999937e+01,-4.728710293200000336e+01,-5.652897651300000348e+01,-4.378114025200000015e+01
9.504704704699999951e-01,-5.501479877199999891e+01,-5.646168233200000230e+01,-4.828090348399999954e+01,-5.899670275399999753e+01,-4.405155140600000152e+01
9.704804804800000184e-01,-5.494689385000000215e+01,-5.975070438499999881e+01,-4.782235969500000294e+01,-5.975527585199999692e+01,-4.477303867700000239e+01
9.904904904900000417e-01,-5.559384067700000287e+01,-6.219170645700000222e+01,-4.990549729100000320e+01,-6.070528298100000342e+01,-4.597515156200000064e+01
1.010500500500000065e+00,-5.669429456099999953e+01,-6.281649213400000065e+01,-4.949705324600000012e+01,-5.857221908000000354e+01,-4.598726229300000057e+01
1.030510510500000088e+00,-5.733497392099999956e+01,-6.486008277899999541e+01,-4.895241098900000054e+01,-5.910215064900000215e+01,-4.596442079300000216e+01
1.050520520500000110e+00,-5.805683428700000093e+01,-6.409397604000000115e+01,-4.909860821299999856e+01,-5.909963565900000049e+01,-4.662434655900000280e+01
1.070530530499999911e+00,-6.126143040600000234e+01,-5.992634807999999680e+01,-5.032843010199999867e+01,-5.877576970300000170e+01,-4.632390766200000343e+01
1.090540540499999933e+00,-6.164040039199999654e+01,-6.182693466199999932e+01,-4.979664302399999798e+01,-6.112680869199999734e+01,-4.613293971200000243e+01
1.110550550599999964e+00,-5.982041469100000342e+01,-6.136981264900000355e+01,-4.949115951400000313e+01,-7.028808364900000072e+01,-4.522876339500000142e+01
1.130560560599999986e+00,-6.433623611599999492e+01,-6.036397535100000056e+01,-4.862953897199999886e+01,-7.431945959700000515e+01,-4.526673603199999718e+01
1.150570570600000009e+00,-7.044368391800000495e+01,-6.449136824999999362e+01,-4.889358081900000030e+01,-6.518053128600000434e+01,-4.398808681399999898e+01
1.170580580599999809e+00,-6.361961826600000336e+01,-6.483021304899999393e+01,-4.827958862500000237e+01,-6.278696553799999691e+01,-4.373776344000000194e+01
1.190590590599999832e+00,-6.440251643700000272e+01,-6.610016964400000461e+01,-4.705699251400000094e+01,-7.092575456999999517e+01,-4.347390691599999712e+01
1.210600600599999854e+00,-6.509418612999999709e+01,-6.462027062900000374e+01,-4.675287057999999973e+01,-6.290268020300000273e+01,-4.334187358799999856e+01
1.230610610599999877e+00,-6.322665904499999812e+01,-6.876067664699999682e+01,-4.521159445899999696e+01,-6.066775392200000283e+01,-4.252571422799999823e+01
1.250620620599999899e+00,-6.531840836199999956e+01,-6.566548878800000466e+01,-4.449537596300000075e+01,-6.621101124499999457e+01,-4.243457749600000284e+01
1.270630630599999922e+00,-6.128166794100000203e+01,-6.331534709299999975e+01,-4.416183382799999890e+01,-6.540577944899999352e+01,-4.162489844200000277e+01
1.290640640599999944e+00,-6.205428844699999757e+01,-6.255817263400000172e+01,-4.389816913599999992e+01,-5.823924597900000322e+01,-4.104283762200000041e+01
1.310650650699999975e+00,-5.718489129799999660e+01,-5.965770303499999727e+01,-4.379982445000000268e+01,-6.111962247999999676e+01,-4.089261135999999652e+01
1.330660660699999998e+00,-5.788913733399999728e+01,-6.105471765899999781e+01,-4.421379962999999691e+01,-5.765274035000000197e+01,-4.099217544799999757e+01
1.350670670700000020e+00,-5.450454036899999721e+01,-6.099104883500000085e+01,-4.259667949600000014e+01,-5.857114999699999913e+01,-4.049271934600000122e+01
1.370680680700000043e+00,-5.448251984699999895e+01,-5.933152069799999850e+01,-4.265467283299999934e+01,-5.866340535199999806e+01,-3.975202199699999994e+01
1.390690690700000065e+00,-5.521248704799999985e+01,-5.713889125299999705e+01,-4.152020350600000143e+01,-5.749808149100000065e+01,-3.928604666599999717e+01
1.410700700700000088e+00,-5.451006707199999823e+01,-6.351049865299999908e+01,-4.102129627499999742e+01,-5.588727340199999816e+01,-3.829745625399999653e+01
1.430710710700000110e+00,-5.691621249199999966e+01,-6.164612106900000299e+01,-4.011566650999999695e+01,-5.596068747199999649e+01,-3.727441234100000145e+01
1.450720720700000133e+00,-5.365477318700000353e+01,-6.310722066600000346e+01,-3.964478362100000197e+01,-5.640861547400000120e+01,-3.633844648899999896e+01
1.470730730700000155e+00,-5.127193409000000202e+01,-5.635318966900000248e+01,-3.839314394600000213e+01,-5.925668398799999892e+01,-3.477291974599999946e+01
1.490740740699999956e+00,-5.048121831200000287e+01,-5.168556128600000221e+01,-3.714017747199999775e+01,-5.668321583899999894e+01,-3.397176624499999775e+01
1.510750750799999986e+00,-5.263667214899999891e+01,-5.086706995699999823e+01,-3.563158970500000322e+01,-5.810267749900000211e+01,-3.311160332499999726e+01
1.530760760800000009e+00,-5.106686924600000310e+01,-5.495999487600000322e+01,-3.425666549799999672e+01,-6.419309546799999566e+01,-3.198802946200000008e+01
1.550770770800000031e+00,-4.966240897600000181e+01,-5.582647757600000205e+01,-3.320167295200000268e+01,-6.782587069100000576e+01,-3.086513150400000072e+01
1.570780780800000054e+00,-4.813542952699999944e+01,-5.912050801000000178e+01,-3.274677274100000091e+01,-6.371084426000000178e+01,-3.007751128099999960e+01
1.590790790799999854e+00,-5.120482733400000086e+01,-6.265225516999999655e+01,-3.280709147400000347e+01,-5.741179474599999821e+01,-2.959712348200000065e+01
1.610800800799999877e+00,-5.431904496300000318e+01,-5.384672409099999868e+01,-3.331924973099999931e+01,-5.890252328100000057e+01,-2.953116433499999971e+01
1.630810810799999899e+00,-5.462951930199999850e+01,-5.197315322200000054e+01,-3.169841269999999867e+01,-5.540882791500000337e+01,-2.960473055399999964e+01
1.650820820799999922e+00,-5.829481558399999841e+01,-5.371053896699999797e+01,-3.104586348899999848e+01,-5.764755083000000013e+01,-2.961345634099999913e+01
1.670830830799999944e+00,-5.013833122500000172e+01,-5.330164217200000110e+01,-2.988855150399999872e+01,-5.981007986899999906e+01,-2.934234604399999924e+01
1.690840840799999967e+00,-4.419601064100000087e+01,-5.230870747699999868e+01,-2.933113936199999827e+01,-6.393736121900000313e+01,-2.886478278499999917e+01
1.710850850899999998e+00,-4.352350173600000005e+01,-5.157072149700000097e+01,-2.892920734100000146e+01,-5.341658693099999766e+01,-2.791105903200000071e+01
1.730860860900000020e+00,-4.266124785400000263e+01,-5.530075928800000185e+01,-2.895777605500000007e+01,-6.613462266400000544e+01,-2.776060702299999861e+01
1.750870870900000043e+00,-4.310563355400000063e+01,-6.010801380299999863e+01,-2.953194766600000065e+01,-6.091731227900000079e+01,-2.834069791900000013e+01
1.770880880900000065e+00,-4.324420004299999931e+01,-5.827603743400000269e+01,-3.049595082200000107e+01,-5.745918283999999687e+01,-2.883202254300000078e+01
1.790890890900000088e+00,-4.412735272799999819e+01,-5.125556299000000138e+01,-3.159435241899999980e+01,-5.183926160400000072e+01,-2.912556045199999843e+01
1.810900900900000110e+00,-4.564700801299999711e+01,-5.207977215399999693e+01,-3.256572834600000022e+01,-4.796009710999999953e+01,-2.993183547199999950e+01
1.830910910900000133e+00,-4.653781333399999909e+01,-4.946548241400000023e+01,-3.326226905600000094e+01,-4.976608618299999875e+01,-3.074323358599999878e+01
1.850920920900000155e+00,-4.904039640399999911e+01,-5.143579079900000295e+01,-3.419965800899999664e+01,-5.173115393500000181e+01,-3.192290526900000103e+01
1.870930930900000178e+00,-5.221582862100000000e+01,-5.135935989099999688e+01,-3.489092327499999868e+01,-5.306003723300000274e+01,-3.369932091399999763e+01
1.890940940900000200e+00,-5.406987654400000309e+01,-5.660028240700000168e+01,-3.564684883900000045e+01,-5.038752339399999869e+01,-3.472878476000000347e+01
1.910950951000000009e+00,-5.674827611999999988e+01,-5.485336527999999845e+01,-3.609281203100000113e+01,-5.136316434500000128e+01,-3.599268069200000042e+01
1.930960961000000031e+00,-5.403114919499999758e+01,-5.449959197100000097e+01,-3.636992858499999670e+01,-5.266922140900000215e+01,-3.646892221800000300e+01
1.950970971000000054e+00,-5.445843305799999712e+01,-5.002652246499999933e+01,-3.511871237199999740e+01,-5.645674790799999698e+01,-3.643964487899999938e+01
1.970980981000000076e+00,-5.638025305299999701e+01,-4.977778090300000002e+01,-3.442017800800000060e+01,-5.660401991900000240e+01,-3.577895837599999851e+01
1.990990991000000099e+00,-5.181224216999999754e+01,-5.074735731999999899e+01,-3.390663601400000005e+01,-5.269898753500000055e+01,-3.486753187800000120e+01
2.011001000999999899e+00,-5.349153610799999825e+01,-5.067312611900000263e+01,-3.426020567500000169e+01,-5.209434465199999664e+01,-3.496268310699999660e+01
2.031011010999999922e+00,-5.423036227400000087e+01,-5.121161074399999791e+01,-3.486849578300000019e+01,-5.420181539099999668e+01,-3.503170095699999820e+01
2.051021020999999944e+00,-5.449267753600000219e+01,-5.341355933100000186e+01,-3.408608765700000021e+01,-5.556616945999999757e+01,-3.457407668999999828e+01
2.071031030999999967e+00,-5.640603224200000199e+01,-4.930503231800000208e+01,-3.330213907600000312e+01,-5.584537114300000127e+01,-3.364651090699999969e+01
2.091041040999999989e+00,-6.334407916699999674e+01,-5.055991562100000181e+01,-3.278155251799999803e+01,-5.969788640400000190e+01,-3.338846703200000121e+01
2.111051051100000020e+00,-5.861850709600000187e+01,-4.961168669799999975e+01,-3.228192977999999869e+01,-6.310019695700000142e+01,-3.314434150700000004e+01
2.131061061100000043e+00,-5.059781447999999671e+01,-4.911593132400000172e+01,-3.261777532899999699e+01,-7.184623180100000184e+01,-3.225898218599999723e+01
2.151071071100000065e+00,-4.936379866499999736e+01,-4.903699705199999670e+01,-3.292814362499999703e+01,-5.902983839699999891e+01,-3.217894459600000090e+01
2.171081081100000088e+00,-4.879532825799999785e+01,-4.951966940700000208e+01,-3.258497139400000009e+01,-5.506700291700000349e+01,-3.216675256500000302e+01
2.191091091100000110e+00,-4.745015244199999671e+01,-4.943489978299999876e+01,-3.184846760900000007e+01,-5.297121048799999699e+01,-3.213373450200000292e+01
2.211101101099999688e+00,-4.623732557200000315e+01,-5.212420496200000031e+01,-3.145294383699999941e+01,-5.171828237500000114e+01,-3.238757863800000081e+01
2.231111111099999711e+00,-4.688856709600000272e+01,-5.540244399400000219e+01,-3.142370125300000083e+01,-5.426779322499999836e+01,-3.232988527799999900e+01
2.251121121099999733e+00,-4.759920077600000354e+01,-5.507651311400000083e+01,-3.212932983900000039e+01,-5.467902189800000201e+01,-3.239645673199999720e+01
2.271131131099999756e+00,-4.530616846200000225e+01,-5.813038079799999736e+01,-3.300356764600000048e+01,-5.732867459599999904e+01,-3.235867101699999893e+01
2.291141141099999778e+00,-4.571089276499999698e+01,-5.561896987099999734e+01,-3.342416321799999679e+01,-6.685752422599999534e+01,-3.219590215000000200e+01
2.311151151199999809e+00,-4.402691262500000136e+01,-5.560215500300000002e+01,-3.326877369900000048e+01,-6.643004453599999692e+01,-3.174039924599999907e+01
2.331161161199999832e+00,-4.340130866100000162e+01,-5.541013908600000093e+01,-3.332992819100000048e+01,-6.821227132799999993e+01,-3.085714828900000128e+01
2.351171171199999854e+00,-4.356346219999999647e+01,-4.998635425999999882e+01,-3.260306148899999812e+01,-6.364602618499999664e+01,-2.977893872799999997e+01
2.371181181199999877e+00,-4.288693624399999749e+01,-5.023357090799999725e+01,-3.233512314600000082e+01,-5.919992329099999750e+01,-2.905005559800000015e+01
2.391191191199999899e+00,-4.256557166000000336e+01,-5.307170010499999790e+01,-3.227501719699999683e+01,-6.006728626900000023e+01,-2.834164762700000040e+01
2.411201201199999922e+00,-4.190771843000000274e+01,-5.256354554699999682e+01,-3.197427841000000015e+01,-6.387262241399999851e+01,-2.786132741600000173e+01
2.431211211199999944e+00,-4.302959780100000131e+01,-5.374754314799999833e+01,-3.137735283600000002e+01,-8.618458792399999879e+01,-2.763957811199999881e+01
2.451221221199999967e+00,-4.254415629199999671e+01,-5.521291753199999874e+01,-3.106602074199999919e+01,-6.088024552800000322e+01,-2.739872142800000177e+01
2.471231231199999989e+00,-4.390622448500000274e+01,-5.688312412599999845e+01,-3.083251719200000096e+01,-6.267582312500000086e+01,-2.729026722000000049e+01
2.491241241200000012e+00,-4.433570490400000352e+01,-5.540165712600000347e+01,-3.079146811200000045e+01,-5.711687605499999876e+01,-2.737281748499999878e+01
2.511251251300000042e+00,-4.487786488500000104e+01,-5.293295182199999971e+01,-3.071738432900000149e+01,-5.581708891800000316e+01,-2.711107213500000057e+01
2.531261261300000065e+00,-4.504796186499999777e+01,-4.967227659299999942e+01,-3.096953632499999998e+01,-5.504164291099999673e+01,-2.734546831000000111e+01
2.551271271300000087e+00,-4.408810046100000335e+01,-5.111114335700000311e+01,-3.126774758199999837e+01,-5.842570844699999810e+01,-2.747935107200000004e+01
2.571281281300000110e+00,-4.540529257499999716e+01,-4.938436387400000172e+01,-3.160340896299999969e+01,-6.430039488500000289e+01,-2.799520508999999890e+01
2.591291291300000132e+00,-4.421743446600000027e+01,-4.752137289200000225e+01,-3.154766259499999848e+01,-6.188230180099999700e+01,-2.812068172600000082e+01
2.611301301300000155e+00,-4.490037911699999995e+01,-4.617585023899999896e+01,-3.224333717700000079e+01,-5.560085927000000083e+01,-2.842327928199999931e+01
2.631311311300000177e+00,-4.554800024400000069e+01,-4.615826258300000262e+01,-3.295153020899999774e+01,-5.637282817900000254e+01,-2.844086933599999867e+01
2.651321321300000200e+00,-4.552447580399999794e+01,-4.772775739299999742e+01,-3.301190154399999699e+01,-5.230573695599999695e+01,-2.863650827800000087e+01
2.671331331300000222e+00,-4.743514609199999654e+01,-4.684482768499999850e+01,-3.343207548200000190e+01,-5.137202505399999808e+01,-2.923540802999999855e+01
2.691341341300000245e+00,-4.706522880100000350e+01,-4.763053958700000123e+01,-3.373924322500000272e+01,-5.325327053800000243e+01,-2.940686924199999908e+01
2.711351351400000276e+00,-4.610637038200000148e+01,-4.749552169300000060e+01,-3.335410995000000156e+01,-5.197000322800000305e+01,-2.994864263399999871e+01
2.731361361400000298e+00,-5.118942132600000150e+01,-4.773324113000000324e+01,-3.349783641999999872e+01,-5.316616000100000150e+01,-3.019094173399999903e+01
2.751371371399999877e+00,-5.363612003699999775e+01,-5.055640803499999691e+01,-3.361242283899999705e+01,-5.159880449300000294e+01,-3.009690906299999824e+01
2.771381381399999899e+00,-5.374488917099999696e+01,-5.317059843199999847e+01,-3.356127322700000093e+01,-5.416450024499999927e+01,-3.028409659500000117e+01
2.791391391399999922e+00,-5.726084811100000138e+01,-5.715596131899999932e+01,-3.407088612900000157e+01,-5.028176469400000315e+01,-3.060957309999999865e+01
2.811401401399999944e+00,-5.769253112700000230e+01,-5.749621898299999856e+01,-3.348161378900000074e+01,-5.049294670500000137e+01,-3.090150048199999944e+01
2.831411411399999967e+00,-5.403700195100000059e+01,-5.695865851599999985e+01,-3.314688055900000307e+01,-4.951391093000000154e+01,-3.075907447699999864e+01
2.851421421399999989e+00,-5.611070904999999698e+01,-6.656408991799999342e+01,-3.304552401800000183e+01,-4.858750456199999945e+01,-3.102351867699999843e+01
2.871431431400000012e+00,-6.578328408900000568e+01,-6.679501877600000626e+01,-3.323061266599999897e+01,-4.835528734199999690e+01,-3.112867621299999854e+01
2.891441441400000034e+00,-6.636431544600000620e+01,-6.952088274899999476e+01,-3.273366303699999946e+01,-4.947329006199999668e+01,-3.124048778799999937e+01
2.911451451500000065e+00,-7.837781737000000248e+01,-5.685979427899999905e+01,-3.263219294099999956e+01,-4.838501586600000337e+01,-3.144684395799999876e+01
2.931461461500000087e+00,-6.357121607999999924e+01,-5.825544112400000074e+01,-3.282951084799999819e+01,-4.902063775900000309e+01,-3.188053331200000073e+01
2.951471471500000110e+00,-5.898822553299999782e+01,-6.061776178600000264e+01,-3.285027504800000031e+01,-4.830590094800000145e+01,-3.198310816600000095e+01
2.971481481500000132e+00,-4.934609223300000025e+01,-5.618856939700000197e+01,-3.273616967299999914e+01,-4.778433174700000308e+01,-3.227655170900000314e+01
2.991491491500000155e+00,-5.548193380400000052e+01,-5.970885390000000115e+01,-3.327847916999999711e+01,-5.044805108399999938e+01,-3.257348186899999831e+01
3.011501501500000177e+00,-5.029040289000000286e+01,-6.090613640099999770e+01,-3.378618602800000303e+01,-4.958719584300000349e+01,-3.275221630699999764e+01
3.031511511500000200e+00,-4.972273734600000239e+01,-6.056481401799999986e+01,-3.404095695800000243e+01,-4.802444502699999873e+01,-3.275998144700000125e+01
3.051521521499999778e+00,-4.968149579899999679e+01,-6.085570913200000120e+01,-3.309068858199999852e+01,-4.803083718599999941e+01,-3.287467134500000299e+01
3.071531531499999801e+00,-5.039449561699999691e+01,-5.632341771899999827e+01,-3.299285702299999912e+01,-4.815747128499999974e+01,-3.286383509499999889e+01
3.091541541499999823e+00,-4.912000217599999985e+01,-6.140590612300000117e+01,-3.268794799999999867e+01,-4.762326669600000173e+01,-3.323635515299999810e+01
3.111551551599999854e+00,-5.077270578899999975e+01,-5.612404715400000299e+01,-3.273278041799999727e+01,-4.733991753299999772e+01,-3.362881105999999676e+01
3.131561561599999877e+00,-5.026337970499999841e+01,-5.235229796800000202e+01,-3.199312247499999984e+01,-4.828606812200000320e+01,-3.412575265400000291e+01
3.151571571599999899e+00,-5.092545636300000211e+01,-5.309718242600000337e+01,-3.102129211300000122e+01,-4.763615939000000310e+01,-3.470524694699999912e+01
3.171581581599999922e+00,-5.306780825300000259e+01,-5.356112805400000099e+01,-3.057277034599999865e+01,-5.004477571099999977e+01,-3.442476477200000318e+01
3.191591591599999944e+00,-5.216382399700000150e+01,-4.717321319100000210e+01,-3.042527939600000053e+01,-5.126144769500000109e+01,-3.437239144000000124e+01
3.211601601599999967e+00,-5.510955705800000004e+01,-4.658005468999999721e+01,-3.006620097500000099e+01,-5.248151359999999954e+01,-3.351181413100000128e+01
3.231611611599999989e+00,-5.940173807299999709e+01,-5.182419125700000251e+01,-3.001489214900000135e+01,-5.550689753000000337e+01,-3.251482089699999989e+01
3.251621621600000012e+00,-5.385835100300000278e+01,-5.168451929700000136e+01,-3.017042049699999851e+01,-5.610731564099999957e+01,-3.173218676600000165e+01
3.271631631600000034e+00,-8.061396002099999691e+01,-5.029417270900000148e+01,-3.041261724800000010e+01,-5.936848161700000048e+01,-3.123418851599999968e+01
3.291641641600000057e+00,-6.027652794400000147e+01,-5.266286563399999920e+01,-2.985646047999999908e+01,-6.036891866300000231e+01,-3.105346648000000087e+01
3.311651651699999643e+00,-6.193414609100000234e+01,-5.044543002999999715e+01,-2.934064682600000040e+01,-5.446773474700000151e+01,-3.095796692400000083e+01
3.331661661699999666e+00,-5.149445521999999897e+01,-5.882408776700000175e+01,-2.910726626599999989e+01,-5.213746102799999704e+01,-3.064861625900000064e+01
3.351671671699999688e+00,-5.318771061000000344e+01,-5.867624117500000125e+01,-2.868687945399999961e+01,-5.258780707500000062e+01,-3.066479500499999844e+01
3.371681681699999711e+00,-5.552491462199999717e+01,-5.497823928100000046e+01,-2.789634506999999886e+01,-5.842853936800000270e+01,-3.007394758099999876e+01
3.391691691699999733e+00,-5.690960852300000283e+01,-5.360581343799999843e+01,-2.764725559000000032e+01,-5.324570685300000150e+01,-2.969027266899999873e+01
3.411701701699999756e+00,-5.508595103799999748e+01,-5.459566002999999768e+01,-2.774410131799999846e+01,-5.655719901700000207e+01,-2.937914525000000054e+01
3.431711711699999778e+00,-5.572589123000000200e+01,-5.377839463099999762e+01,-2.775775770099999917e+01,-5.621398898300000013e+01,-2.906596905700000022e+01
3.451721721699999801e+00,-6.123019911099999746e+01,-5.141039274999999975e+01,-2.725896137899999871e+01,-5.667724452800000279e+01,-2.885222996299999920e+01
3.471731731699999823e+00,-5.484914023399999650e+01,-4.944520863799999688e+01,-2.714036252500000046e+01,-5.815521995600000338e+01,-2.864615333300000088e+01
3.491741741699999846e+00,-5.103272771400000352e+01,-4.945755669599999749e+01,-2.712325433699999877e+01,-6.097659000600000212e+01,-2.863954398199999929e+01
3.511751751800000321e+00,-5.191107091300000320e+01,-5.380484934799999763e+01,-2.673065726400000131e+01,-5.251215427099999999e+01,-2.891542536500000082e+01
3.531761761800000343e+00,-5.360253841699999811e+01,-5.229555809699999713e+01,-2.667430192599999828e+01,-5.079930888100000175e+01,-2.891640621000000166e+01
3.551771771800000366e+00,-4.829775917199999924e+01,-4.872469665799999916e+01,-2.651400362900000118e+01,-5.277144052900000304e+01,-2.931715381700000123e+01
3.571781781800000388e+00,-4.968441920899999786e+01,-4.938757178499999867e+01,-2.671881860099999884e+01,-5.444798602299999857e+01,-2.913979432300000028e+01
3.591791791800000411e+00,-4.756901738100000188e+01,-4.963010245600000303e+01,-2.664652249799999950e+01,-5.699054511700000347e+01,-2.910478221099999985e+01
3.611801801799999989e+00,-4.722418141699999694e+01,-4.856819736199999937e+01,-2.657829543100000080e+01,-5.753139494300000223e+01,-2.879185080699999943e+01
3.631811811800000012e+00,-4.500170779999999837e+01,-4.779718619799999857e+01,-2.670767667300000170e+01,-5.336965022900000122e+01,-2.834104489899999990e+01
3.651821821800000034e+00,-4.475565002700000150e+01,-4.887393938200000321e+01,-2.731316458199999886e+01,-5.727361871699999796e+01,-2.820823682400000010e+01
3.671831831800000057e+00,-4.475972549000000100e+01,-4.687884134099999756e+01,-2.737192500000000095e+01,-6.340499412999999862e+01,-2.792412981600000066e+01
3.691841841800000079e+00,-4.417587141799999984e+01,-4.982539920199999983e+01,-2.809945182599999924e+01,-5.625451862500000288e+01,-2.764689837899999958e+01
3.711851851900000110e+00,-4.587702907999999979e+01,-4.918697095600000324e+01,-2.790630604500000089e+01,-5.337204589899999974e+01,-2.763816982100000175e+01
3.731861861900000132e+00,-4.499823208800000174e+01,-4.658363414899999810e+01,-2.888037121700000043e+01,-6.407659997400000407e+01,-2.732677441399999907e+01
3.751871871900000155e+00,-4.561817464399999977e+01,-4.777348182299999735e+01,-2.952684127099999856e+01,-5.664455365999999970e+01,-2.762378161799999887e+01
3.771881881900000177e+00,-4.587690388400000074e+01,-5.148691514200000086e+01,-3.026337154200000157e+01,-6.801953665499999602e+01,-2.742411998200000056e+01
3.791891891900000200e+00,-4.906612249300000173e+01,-5.017145172099999684e+01,-3.086402615000000083e+01,-5.706896565200000282e+01,-2.719833504700000049e+01
3.811901901900000222e+00,-4.975620936300000352e+01,-4.769334873199999691e+01,-3.208661768200000353e+01,-5.663238628799999930e+01,-2.717806777699999898e+01
3.831911911900000245e+00,-4.971494525100000317e+01,-4.775318748600000163e+01,-3.266868901400000169e+01,-5.638071090799999752e+01,-2.697638535300000129e+01
3.851921921900000267e+00,-4.543640352999999976e+01,-4.876609413799999970e+01,-3.317923082299999749e+01,-6.725457402199999990e+01,-2.668880451200000081e+01
3.871931931900000290e+00,-4.968043827999999706e+01,-5.198178944400000034e+01,-3.301983622099999849e+01,-6.313850145400000002e+01,-2.658188134099999900e+01
3.891941941900000312e+00,-4.857918397000000255e+01,-5.226221212200000110e+01,-3.333736915899999786e+01,-6.367371756699999708e+01,-2.644502205199999878e+01
3.911951951999999899e+00,-4.861594711299999716e+01,-5.393250225599999936e+01,-3.338784983600000089e+01,-6.174306462100000203e+01,-2.611827749800000120e+01
3.931961961999999922e+00,-4.983555857500000030e+01,-5.333153975199999763e+01,-3.338459628300000048e+01,-6.302810914300000178e+01,-2.603184289500000048e+01
3.951971971999999944e+00,-4.661588719800000291e+01,-5.428573883400000000e+01,-3.300110686699999718e+01,-5.605200634199999854e+01,-2.572468879599999880e+01
3.971981981999999967e+00,-4.845046231399999925e+01,-5.069687479299999922e+01,-3.284859301000000187e+01,-5.416626520199999817e+01,-2.572699992900000154e+01
3.991991991999999989e+00,-4.833498911899999939e+01,-4.940568470699999892e+01,-3.265821212200000190e+01,-5.600646602500000171e+01,-2.543891856799999829e+01
4.012002002000000012e+00,-4.631678818000000319e+01,-4.958921915300000194e+01,-3.205619177599999858e+01,-5.602513053599999893e+01,-2.551031672099999881e+01
4.032012012000000034e+00,-4.629897820600000102e+01,-4.930748482500000307e+01,-3.168122164900000115e+01,-6.015837096399999950e+01,-2.531716968899999998e+01
4.052022022000000057e+00,-4.616486287299999702e+01,-4.758959188600000090e+01,-3.132728176399999853e+01,-5.689269228199999873e+01,-2.528409111299999878e+01
4.072032032000000079e+00,-4.563608311000000128e+01,-4.825785173500000269e+01,-3.202609676299999819e+01,-5.805775136300000128e+01,-2.502561452100000139e+01
4.092042042000000102e+00,-4.597634739200000098e+01,-4.446772234299999838e+01,-3.123304815299999859e+01,-6.017978106999999710e+01,-2.537451645899999875e+01
4.112052052100000132e+00,-4.642817649199999863e+01,-4.537363389299999739e+01,-3.073587887800000118e+01,-5.778187553699999768e+01,-2.545581210399999961e+01
4.132062062100000155e+00,-4.626868190900000144e+01,-4.816052462999999761e+01,-3.026274190899999894e+01,-5.489689159499999960e+01,-2.557332147300000003e+01
4.152072072100000177e+00,-4.917419840499999850e+01,-4.434239541499999859e+01,-3.020377581600000028e+01,-6.384243229900000216e+01,-2.594134943199999910e+01
4.172082082100000200e+00,-5.102273450500000251e+01,-4.549505016300000193e+01,-3.026869167399999938e+01,-5.722870296800000034e+01,-2.641682205300000064e+01
4.192092092100000222e+00,-4.951687149400000010e+01,-4.503885811699999664e+01,-3.061841885000000119e+01,-6.466107955600000423e+01,-2.692154165000000177e+01
4.212102102100000245e+00,-5.013230172200000112e+01,-4.551563573300000343e+01,-3.098324834900000013e+01,-5.339154738700000280e+01,-2.751973391800000002e+01
4.232112112100000267e+00,-5.133805794999999961e+01,-4.599212286600000255e+01,-3.103695951599999958e+01,-5.267191891000000226e+01,-2.788010412699999918e+01
4.252122122100000290e+00,-5.056874008199999793e+01,-4.466185190499999891e+01,-3.198165485399999852e+01,-5.264555090999999720e+01,-2.840095248000000083e+01
4.272132132100000312e+00,-5.102499754299999779e+01,-4.754739684399999788e+01,-3.193485641199999847e+01,-5.605341743700000023e+01,-2.891339762699999838e+01
4.292142142100000335e+00,-5.349105642399999994e+01,-4.495941725499999819e+01,-3.243823567399999774e+01,-5.642922113099999848e+01,-2.906487810499999824e+01
4.312152152199999477e+00,-5.409626691399999743e+01,-4.480800207499999743e+01,-3.311143555700000007e+01,-5.523347886300000198e+01,-2.984029585600000090e+01
4.332162162199999500e+00,-4.868539497199999744e+01,-4.428672149900000221e+01,-3.360914725100000311e+01,-5.801811960399999890e+01,-3.125152573200000106e+01
4.352172172199999522e+00,-5.681263555999999681e+01,-4.414549090199999881e+01,-3.355416281400000145e+01,-6.814593263599999773e+01,-3.166713424299999957e+01
4.372182182199999545e+00,-7.305550447000000247e+01,-4.677374055300000322e+01,-3.358626595100000145e+01,-5.472434913699999726e+01,-3.230866911199999691e+01
4.392192192199999567e+00,-6.212910136600000044e+01,-4.744708087200000080e+01,-3.385558803100000347e+01,-5.276352521500000137e+01,-3.356252449000000126e+01
4.412202202199999590e+00,-6.296201750299999844e+01,-4.911746083399999918e+01,-3.408966043099999865e+01,-5.796579374499999915e+01,-3.391319014700000167e+01
4.432212212199999612e+00,-6.039957749799999931e+01,-5.429810594300000304e+01,-3.495020046500000177e+01,-5.539518396799999778e+01,-3.548260253099999773e+01
4.452222222199999635e+00,-5.349611783999999659e+01,-5.865574721400000158e+01,-3.523097829999999675e+01,-5.441681796600000354e+01,-3.534891182599999837e+01
4.472232232199999657e+00,-5.685696226900000028e+01,-4.927541033400000003e+01,-3.706762448199999938e+01,-5.525254886599999793e+01,-3.576603970299999702e+01
4.492242242199999680e+00,-4.939248647400000181e+01,-5.334322286300000115e+01,-3.758521024499999896e+01,-6.519009485499999812e+01,-3.642671605000000312e+01
4.512252252300000599e+00,-5.012950354000000175e+01,-4.686351280200000247e+01,-3.781628329899999841e+01,-5.861254387799999677e+01,-3.676633245899999736e+01
4.532262262300000621e+00,-5.043757045600000311e+01,-4.877052185800000217e+01,-3.879123176699999931e+01,-5.715400369599999664e+01,-3.744797624699999972e+01
4.552272272299999756e+00,-4.757280271300000152e+01,-4.850594771299999763e+01,-3.908914457400000231e+01,-5.669738034499999912e+01,-3.762327875100000085e+01
4.572282282299999778e+00,-4.803190273399999910e+01,-5.154445977400000345e+01,-3.887204371299999650e+01,-6.109319098499999967e+01,-3.720498708200000237e+01
4.592292292299999801e+00,-4.552687250900000038e+01,-4.935421826299999992e+01,-3.816736656900000213e+01,-6.179838361499999877e+01,-3.810792405499999802e+01
4.612302302299999823e+00,-4.561832247299999921e+01,-4.978430876000000183e+01,-3.815479418599999661e+01,-6.142219211199999762e+01,-3.909326524499999778e+01
4.632312312299999846e+00,-5.027978940700000265e+01,-4.936621148999999775e+01,-3.934531104999999940e+01,-5.420467859600000082e+01,-4.002983446399999679e+01
4.652322322299999868e+00,-4.558823339799999985e+01,-5.463198013000000230e+01,-3.873530183199999755e+01,-5.484778797199999900e+01,-3.941295193799999907e+01
4.672332332299999891e+00,-4.509554381099999887e+01,-6.124511630500000336e+01,-3.931498273100000063e+01,-5.852999849399999732e+01,-3.762271127000000348e+01
4.692342342299999913e+00,-5.007570450499999737e+01,-5.458580166699999836e+01,-3.883753620699999942e+01,-5.207738213799999727e+01,-3.795763767500000085e+01
4.712352352399999944e+00,-4.985887482700000106e+01,-5.787776225500000038e+01,-4.019790257100000019e+01,-6.174924991799999674e+01,-3.515422050200000115e+01
4.732362362399999967e+00,-4.353574723500000232e+01,-5.229377490200000267e+01,-4.124755511299999711e+01,-7.079648902399999599e+01,-3.469692428700000164e+01
4.752372372399999989e+00,-4.362409528700000294e+01,-5.611563971000000350e+01,-4.201444052400000118e+01,-5.660719746299999855e+01,-3.421459812999999883e+01
4.772382382400000012e+00,-4.478869332099999667e+01,-5.990947780700000180e+01,-4.271773840200000194e+01,-5.476356906699999882e+01,-3.306513387900000112e+01
4.792392392400000034e+00,-4.492935253499999959e+01,-6.254150652900000296e+01,-4.199257361099999741e+01,-5.464957353199999801e+01,-3.209145705200000265e+01
4.812402402400000057e+00,-4.366831694399999719e+01,-5.403090648599999923e+01,-4.110789899200000264e+01,-5.528588054499999771e+01,-3.146565229100000138e+01
4.832412412399999191e+00,-4.503835703299999693e+01,-5.708412116000000225e+01,-4.049369282899999689e+01,-5.119669692699999786e+01,-3.032341078400000001e+01
4.852422422399999213e+00,-4.406901927900000260e+01,-4.889968960200000225e+01,-3.888183984599999832e+01,-5.952684061899999790e+01,-2.953855227900000102e+01
4.872432432399999236e+00,-4.521464368000000178e+01,-5.640497882500000060e+01,-3.902729762999999963e+01,-7.116517974900000354e+01,-2.886462869400000031e+01
4.892442442399999258e+00,-4.172813590999999889e+01,-4.673830171000000178e+01,-3.918437685399999992e+01,-6.606491134799999543e+01,-2.826288182600000098e+01
4.912452452500000177e+00,-4.254103745900000177e+01,-5.094238212300000157e+01,-3.947454525199999864e+01,-5.976543886999999700e+01,-2.778036364400000124e+01
4.932462462500000200e+00,-4.318690982900000108e+01,-4.373828783199999748e+01,-4.099678267099999829e+01,-6.198312564300000105e+01,-2.708142094999999827e+01
4.952472472500000222e+00,-4.191101327700000212e+01,-4.467990377600000329e+01,-3.909068541199999913e+01,-6.117228949900000146e+01,-2.704983219200000022e+01
4.972482482500000245e+00,-4.095634406100000291e+01,-4.833855657299999820e+01,-3.879925551600000233e+01,-6.017965220499999646e+01,-2.677119639200000023e+01
4.992492492500000267e+00,-4.042568383900000129e+01,-4.754610502999999966e+01,-3.927241407199999657e+01,-5.450803865799999670e+01,-2.593803713899999863e+01
5.012502502500000290e+00,-4.059524850900000104e+01,-4.817892594799999983e+01,-3.859533439100000152e+01,-5.536723226899999872e+01,-2.583779647300000093e+01
5.032512512500000312e+00,-3.959336879199999970e+01,-5.002067463000000203e+01,-3.741942479800000143e+01,-6.305392795099999859e+01,-2.559934775800000040e+01
5.052522522500000335e+00,-3.952852483400000239e+01,-4.579113732999999797e+01,-3.650860182099999918e+01,-5.862163084600000218e+01,-2.536677310900000037e+01
5.072532532500000357e+00,-3.928092442399999840e+01,-4.641642027000000326e+01,-3.619479912900000329e+01,-6.227411236700000075e+01,-2.520207772399999868e+01
5.092542542500000380e+00,-3.984066286099999843e+01,-4.962126657400000340e+01,-3.515153422299999875e+01,-5.637280992600000218e+01,-2.498676914500000024e+01
5.112552552600000411e+00,-3.942630486600000239e+01,-4.786640292300000254e+01,-3.491400406099999998e+01,-6.589922811899999999e+01,-2.506984606900000045e+01
5.132562562600000433e+00,-3.868050978400000162e+01,-4.549338739699999934e+01,-3.354297753000000171e+01,-5.456959837099999788e+01,-2.509366047399999999e+01
5.152572572600000456e+00,-3.858881464299999919e+01,-5.169843990100000042e+01,-3.319339844400000317e+01,-5.805251930299999685e+01,-2.486057826900000123e+01
5.172582582600000478e+00,-3.804148685599999880e+01,-5.081094943699999789e+01,-3.230029240199999663e+01,-5.391176797100000329e+01,-2.507137570400000115e+01
5.192592592600000501e+00,-3.662073899699999657e+01,-5.098040426200000041e+01,-3.208474110299999893e+01,-5.940016650999999825e+01,-2.496877605799999955e+01
5.212602602600000523e+00,-3.893365788500000235e+01,-5.094540829299999984e+01,-3.201071081199999924e+01,-5.603312652099999980e+01,-2.520321583999999859e+01
5.232612612600000546e+00,-3.700730436599999962e+01,-4.707213661200000132e+01,-3.191105040900000134e+01,-6.378241508800000048e+01,-2.515631487199999938e+01
5.252622622600000568e+00,-3.616649519199999929e+01,-5.021517339300000060e+01,-3.073073073799999833e+01,-5.388045613399999922e+01,-2.502957468900000038e+01
5.272632632600000591e+00,-3.697587484799999658e+01,-4.838789011899999792e+01,-3.070204385499999944e+01,-5.962383798999999840e+01,-2.524900835300000068e+01
5.292642642600000613e+00,-3.709544164199999727e+01,-4.308181830800000256e+01,-2.996569647900000177e+01,-6.185722486800000297e+01,-2.567582593199999863e+01
5.312652652699999756e+00,-3.677924282000000034e+01,-5.260901400400000227e+01,-3.030890295800000089e+01,-5.496336823000000038e+01,-2.571432595399999954e+01
5.332662662699999778e+00,-3.822226127500000104e+01,-5.875040739100000309e+01,-3.055450521299999878e+01,-5.192397988100000106e+01,-2.588418884000000020e+01
5.352672672699999801e+00,-3.737069964999999883e+01,-5.230485285200000334e+01,-2.983714609700000153e+01,-5.862685368599999691e+01,-2.607732198200000084e+01
5.372682682699999823e+00,-3.990828340000000196e+01,-6.148690587600000157e+01,-3.027545157500000172e+01,-6.260273320600000346e+01,-2.643113039900000061e+01
5.392692692699999846e+00,-3.975396290599999816e+01,-4.968561877999999865e+01,-2.991345490499999826e+01,-5.024265674400000137e+01,-2.645893594900000068e+01
5.412702702699999868e+00,-3.755632398800000260e+01,-5.558263534499999992e+01,-2.976979387200000104e+01,-5.239111319500000263e+01,-2.671561088300000009e+01
5.432712712699999891e+00,-3.703684324900000036e+01,-5.337571416699999816e+01,-2.931081626599999979e+01,-5.651620351199999703e+01,-2.696829237700000093e+01
5.452722722699999913e+00,-3.837868926000000158e+01,-6.140696316700000068e+01,-2.922538279300000141e+01,-5.586512829400000157e+01,-2.732455148000000023e+01
5.472732732699999936e+00,-3.630475143900000035e+01,-5.517525936399999864e+01,-2.881060672699999969e+01,-6.374174440099999828e+01,-2.787682148000000026e+01
5.492742742699999958e+00,-3.560621588800000126e+01,-5.129371673200000004e+01,-2.855407422300000064e+01,-6.273760504300000207e+01,-2.786678574600000147e+01
5.512752752799999989e+00,-3.461085352599999965e+01,-4.977087892899999844e+01,-2.849866802700000079e+01,-5.351057104400000242e+01,-2.823188269299999931e+01
5.532762762800000012e+00,-3.389695994800000278e+01,-5.133586036100000172e+01,-2.784263549399999960e+01,-5.154940635100000179e+01,-2.852395168400000003e+01
5.552772772800000034e+00,-3.450510072800000216e+01,-5.002107412299999822e+01,-2.746502006000000051e+01,-5.171795004100000170e+01,-2.907767258299999824e+01
5.572782782800000057e+00,-3.446556396500000119e+01,-4.710719080599999842e+01,-2.765155644000000024e+01,-5.643069144599999731e+01,-2.981546480600000137e+01
5.592792792800000079e+00,-3.382648973500000267e+01,-4.428685889700000189e+01,-2.723571556399999949e+01,-5.942621000199999770e+01,-2.994704917199999983e+01
5.612802802800000102e+00,-3.384099614699999847e+01,-4.191813695399999773e+01,-2.705673030699999870e+01,-5.308448260499999805e+01,-3.113542445799999925e+01
5.632812812800000124e+00,-3.381994281200000074e+01,-3.992689836800000336e+01,-2.642556782200000143e+01,-5.451883127699999676e+01,-3.184791560700000090e+01
5.652822822800000147e+00,-3.416416713499999958e+01,-3.830100805200000025e+01,-2.663916557900000015e+01,-5.508359265600000043e+01,-3.247337505200000152e+01
5.672832832800000169e+00,-3.371614882499999766e+01,-3.730705710499999839e+01,-2.631499920399999937e+01,-5.394695649599999854e+01,-3.460683434500000288e+01
5.692842842800000192e+00,-3.536657057499999723e+01,-3.589338873300000188e+01,-2.600398090599999890e+01,-7.212103655299999616e+01,-3.694495193099999852e+01
5.712852852899999334e+00,-3.450705714600000107e+01,-3.454084697300000073e+01,-2.576453535099999925e+01,-6.510139742399999818e+01,-3.975128665100000092e+01
5.732862862899999357e+00,-3.622844315799999748e+01,-3.339202913100000103e+01,-2.523948274600000019e+01,-5.162716167800000022e+01,-4.373326323500000257e+01
5.752872872899999379e+00,-3.469730191499999705e+01,-3.296176762500000024e+01,-2.533604274400000023e+01,-5.685811756300000042e+01,-5.838442149200000131e+01
5.772882882899999402e+00,-3.473932985999999801e+01,-3.151273069200000165e+01,-2.570487260599999857e+01,-8.622163480700000093e+01,-5.075604049700000076e+01
5.792892892899999424e+00,-3.476919198699999924e+01,-3.275759651700000319e+01,-2.501678642399999930e+01,-5.814021916699999792e+01,-4.279171265800000157e+01
5.812902902899999447e+00,-3.479823169800000215e+01,-3.088245254899999992e+01,-2.455855422500000174e+01,-8.130904784000000518e+01,-3.796853484100000031e+01
5.832912912899999469e+00,-3.545553372100000189e+01,-3.143674860499999824e+01,-2.441186892600000036e+01,-5.058711263200000019e+01,-3.445326828099999972e+01
5.852922922899999492e+00,-3.465839645100000155e+01,-3.098657116500000086e+01,-2.452165576200000174e+01,-5.315049568799999946e+01,-3.260972045300000133e+01
5.872932932899999514e+00,-3.632415885500000030e+01,-3.116754685100000088e+01,-2.430371460499999969e+01,-5.059520986700000122e+01,-3.148994878699999944e+01
5.892942942899999537e+00,-3.428303493399999979e+01,-2.983931018199999841e+01,-2.420546328000000003e+01,-5.798421584199999756e+01,-2.972763905000000051e+01
5.912952952999999567e+00,-3.383970434500000124e+01,-2.954865035299999931e+01,-2.404179071100000087e+01,-5.971504953499999857e+01,-2.814634857800000134e+01
5.932962962999999590e+00,-3.478639664600000003e+01,-2.953158107100000151e+01,-2.381994770000000017e+01,-6.435224055300000146e+01,-2.755404561299999955e+01
5.952972972999999612e+00,-3.391571611100000183e+01,-2.899729963500000096e+01,-2.352593501400000164e+01,-5.879511176500000147e+01,-2.605219235399999889e+01
5.972982982999999635e+00,-3.302523967799999838e+01,-2.944232753400000036e+01,-2.355002046099999902e+01,-5.973870080799999727e+01,-2.616269386700000155e+01
5.992992992999999657e+00,-3.300604786299999915e+01,-2.887157074399999956e+01,-2.341090610999999910e+01,-5.162016536200000161e+01,-2.517089579900000018e+01
6.013003002999999680e+00,-3.332193610400000239e+01,-2.869748966599999918e+01,-2.320764205800000113e+01,-5.330849367799999783e+01,-2.465931467700000113e+01
6.033013012999999702e+00,-3.217637539599999741e+01,-2.825252019199999864e+01,-2.305857398399999880e+01,-4.976850252900000271e+01,-2.470855185299999945e+01
6.053023022999999725e+00,-3.210292616899999985e+01,-2.796988430100000045e+01,-2.281278690099999906e+01,-5.206480663100000328e+01,-2.407787832900000069e+01
6.073033032999999747e+00,-3.169483273100000176e+01,-2.860673518799999826e+01,-2.269507411400000052e+01,-4.918112207400000102e+01,-2.396907856099999989e+01
6.093043042999999770e+00,-3.075201322799999915e+01,-2.859897525599999923e+01,-2.224470349699999971e+01,-4.934105533799999677e+01,-2.420131697700000117e+01
6.113053053100000689e+00,-3.093567700899999906e+01,-2.828502337700000169e+01,-2.219550049100000066e+01,-5.230667428999999657e+01,-2.332915221300000042e+01
6.133063063100000711e+00,-3.028553515700000176e+01,-2.850913400499999995e+01,-2.205009207799999871e+01,-4.840294734300000101e+01,-2.321695305800000142e+01
6.153073073100000734e+00,-2.974724065799999906e+01,-2.825143423500000139e+01,-2.199135640700000138e+01,-5.182702498999999818e+01,-2.343405794399999920e+01
6.173083083100000756e+00,-2.945024354299999914e+01,-2.789653691699999882e+01,-2.200470871799999983e+01,-4.410598625200000100e+01,-2.352658455099999912e+01
6.193093093100000779e+00,-2.873760628000000139e+01,-2.764000519800000077e+01,-2.173642528399999918e+01,-4.717532937099999657e+01,-2.345032297099999852e+01
6.213103103100000801e+00,-2.802512539399999980e+01,-2.803715048000000110e+01,-2.214444459299999934e+01,-4.606605660400000346e+01,-2.363662713200000098e+01
6.233113113100000824e+00,-2.816573167499999997e+01,-2.784103713700000071e+01,-2.198988968900000174e+01,-4.562635316499999760e+01,-2.387742573799999946e+01
6.253123123099999958e+00,-2.793948813700000144e+01,-2.757771722100000034e+01,-2.162499954600000152e+01,-4.608055052600000323e+01,-2.424067857400000037e+01
6.273133133099999981e+00,-2.760738733799999878e+01,-2.806143793700000089e+01,-2.159454810700000138e+01,-4.253927487100000349e+01,-2.494660621799999944e+01
6.293143143100000003e+00,-2.855906117099999975e+01,-2.768711625699999956e+01,-2.145010312899999860e+01,-4.797475702799999908e+01,-2.539660174000000126e+01
6.313153153200000034e+00,-2.777394382800000017e+01,-2.773158469399999859e+01,-2.161009190400000080e+01,-4.739090398799999804e+01,-2.563709383200000147e+01
6.333163163200000056e+00,-2.821013031300000051e+01,-2.732816520300000107e+01,-2.186147039100000100e+01,-4.657887319799999659e+01,-2.652357064299999934e+01
6.353173173200000079e+00,-2.848810905399999882e+01,-2.771648212599999894e+01,-2.186852543099999835e+01,-4.605676191900000305e+01,-2.696561301599999894e+01
6.373183183200000101e+00,-2.844612801799999957e+01,-2.762142579500000039e+01,-2.200039203900000118e+01,-5.069356471700000100e+01,-2.740373592099999911e+01
6.393193193200000124e+00,-2.909548225300000013e+01,-2.822705377999999854e+01,-2.234553771999999938e+01,-5.343080996700000185e+01,-2.758431956600000134e+01
6.413203203200000146e+00,-2.885977904399999971e+01,-2.824346436600000132e+01,-2.274766556200000167e+01,-5.119430540500000149e+01,-2.813569545200000022e+01
6.433213213200000169e+00,-3.050282024799999903e+01,-2.922912988199999873e+01,-2.324720650100000086e+01,-4.899234306799999672e+01,-2.852237813400000022e+01
6.453223223200000191e+00,-3.123508330599999994e+01,-2.867490168000000139e+01,-2.310121447599999911e+01,-5.000189946700000121e+01,-2.913290496000000118e+01
6.473233233200000214e+00,-3.334973494500000157e+01,-2.980855170799999954e+01,-2.346021159200000028e+01,-4.895199093299999760e+01,-2.869930154900000119e+01
6.493243243200000236e+00,-3.382255611099999726e+01,-2.892085020800000095e+01,-2.394564540500000049e+01,-5.139553077299999728e+01,-2.853310027599999898e+01
6.513253253300000267e+00,-3.451810006200000203e+01,-2.929112639799999940e+01,-2.417192780199999902e+01,-5.231156929699999836e+01,-2.902277653200000174e+01
6.533263263300000290e+00,-3.442868872599999719e+01,-2.997483130599999868e+01,-2.458167243300000138e+01,-5.564846282399999922e+01,-2.914442044899999829e+01
6.553273273300000312e+00,-3.621243263400000245e+01,-3.059067340600000051e+01,-2.497202230399999934e+01,-5.153349155699999784e+01,-2.881108128099999988e+01
6.573283283300000335e+00,-3.809492325699999782e+01,-2.982745133399999915e+01,-2.520100355699999994e+01,-4.818726322199999856e+01,-2.994620627100000121e+01
6.593293293300000357e+00,-3.740466115299999927e+01,-3.057832263799999950e+01,-2.569748083700000052e+01,-5.406151418999999692e+01,-2.860818169599999905e+01
6.613303303300000380e+00,-3.668505474799999888e+01,-2.915709517699999864e+01,-2.599356336499999998e+01,-5.222076452299999971e+01,-2.798413291199999975e+01
6.633313313300000402e+00,-3.834354584900000162e+01,-2.902410280999999870e+01,-2.630113928900000175e+01,-5.302969728699999763e+01,-2.751499916799999923e+01
6.653323323300000425e+00,-3.746237055499999968e+01,-2.907708044600000008e+01,-2.686958922199999833e+01,-5.251764836000000258e+01,-2.682828370600000056e+01
6.673333333300000447e+00,-4.155655138800000259e+01,-2.844516665900000163e+01,-2.618389763100000067e+01,-5.304307504500000192e+01,-2.594452921299999915e+01
6.693343343300000470e+00,-3.808855458899999746e+01,-2.800596986600000093e+01,-2.729003188900000154e+01,-4.862130202200000184e+01,-2.572585421200000155e+01
6.713353353399999612e+00,-3.822382080900000290e+01,-2.779394279599999962e+01,-2.798024205600000158e+01,-5.108483156999999864e+01,-2.499674423400000123e+01
6.733363363399999635e+00,-4.064017511299999796e+01,-2.841758882999999969e+01,-2.787220651100000168e+01,-4.916537130599999728e+01,-2.427396672200000083e+01
6.753373373399999657e+00,-3.870744434099999864e+01,-2.773757752199999871e+01,-2.865190133700000175e+01,-5.025018338200000301e+01,-2.415809413799999916e+01
6.773383383399999680e+00,-3.937794076899999851e+01,-2.754110876700000077e+01,-2.828575831399999885e+01,-4.740640278099999705e+01,-2.450294074900000041e+01
6.793393393399999702e+00,-3.981071569200000226e+01,-2.831785450399999959e+01,-2.801921506800000117e+01,-4.686296272900000304e+01,-2.386952954299999874e+01
6.813403403399999725e+00,-3.943740772200000322e+01,-2.779614424100000036e+01,-2.701971671700000144e+01,-4.421281787400000240e+01,-2.367886142600000099e+01
6.833413413399999747e+00,-4.140518802199999726e+01,-2.787900009599999862e+01,-2.678594809699999857e+01,-4.870151669599999877e+01,-2.342331551599999884e+01
6.853423423399999770e+00,-3.728259992400000300e+01,-2.899215685300000089e+01,-2.642708868000000066e+01,-4.153996990699999969e+01,-2.307778295600000007e+01
6.873433433399999792e+00,-4.356246007400000053e+01,-3.006321402600000070e+01,-2.557222919000000161e+01,-4.339153864400000060e+01,-2.248659675400000069e+01
6.893443443399999815e+00,-4.160769509299999669e+01,-3.072964761600000116e+01,-2.528205904500000045e+01,-4.317048949800000202e+01,-2.257082057999999947e+01
6.913453453499999846e+00,-4.101193124899999987e+01,-2.994203865900000139e+01,-2.445439697400000156e+01,-4.310271503100000245e+01,-2.206431958900000012e+01
6.933463463499999868e+00,-4.032175004599999824e+01,-3.045075603300000111e+01,-2.401612544600000021e+01,-4.362892618000000056e+01,-2.207454305299999930e+01
6.953473473499999891e+00,-4.052363985499999899e+01,-3.128262790999999865e+01,-2.361790302600000047e+01,-4.256984322699999979e+01,-2.187723724900000022e+01
6.973483483499999913e+00,-4.148349340299999710e+01,-3.049005398799999966e+01,-2.280864347700000039e+01,-4.537326792199999659e+01,-2.166051655000000054e+01
6.993493493499999936e+00,-4.462537065499999756e+01,-2.977872769700000077e+01,-2.248160102900000012e+01,-4.203863357000000178e+01,-2.158234779700000061e+01
7.013503503499999958e+00,-3.999922106599999694e+01,-3.086352344200000175e+01,-2.236595578000000017e+01,-4.914458320399999991e+01,-2.145832259899999883e+01
7.033513513499999981e+00,-4.220735217400000039e+01,-3.051629236400000167e+01,-2.180793097500000144e+01,-5.039390739899999971e+01,-2.147839612299999956e+01
7.053523523500000003e+00,-4.228571059000000076e+01,-2.951714487399999953e+01,-2.181872480899999900e+01,-5.050140511800000098e+01,-2.168304249299999853e+01
7.073533533500000026e+00,-4.462157245899999936e+01,-3.078006726799999981e+01,-2.165757052500000057e+01,-5.991146348400000221e+01,-2.176915354699999838e+01
7.093543543500000048e+00,-4.328923239000000223e+01,-3.037536594399999856e+01,-2.149360225199999874e+01,-5.255357656300000002e+01,-2.164625224799999970e+01
7.113553553600000079e+00,-4.147350859000000156e+01,-2.959718245299999850e+01,-2.140038683099999872e+01,-5.490260781900000353e+01,-2.160625119099999836e+01
7.133563563600000101e+00,-4.635354498800000300e+01,-3.038701255799999856e+01,-2.177104924100000005e+01,-5.069990289599999755e+01,-2.135249002000000118e+01
7.153573573600000124e+00,-4.195753881400000296e+01,-3.046925494199999918e+01,-2.155272728699999973e+01,-4.738766149399999961e+01,-2.129136633599999939e+01
7.173583583600000146e+00,-4.318259468499999798e+01,-2.974750796800000074e+01,-2.177288585200000171e+01,-4.810849351000000240e+01,-2.107000959599999845e+01
7.193593593600000169e+00,-4.695118477999999840e+01,-2.977905364100000085e+01,-2.178485819200000151e+01,-4.193327568299999797e+01,-2.120364878899999894e+01
7.213603603600000191e+00,-4.837363105000000019e+01,-2.981419048900000135e+01,-2.158620854200000139e+01,-4.122759245900000025e+01,-2.113683288600000054e+01
7.233613613600000214e+00,-4.178112277599999658e+01,-3.047251211000000026e+01,-2.167099453000000153e+01,-3.936031956200000081e+01,-2.116990718799999982e+01
7.253623623600000236e+00,-4.545032683299999832e+01,-2.889978813000000102e+01,-2.139606935100000129e+01,-3.925908591099999967e+01,-2.113731835600000153e+01
7.273633633600000259e+00,-4.196467452800000331e+01,-2.947288696900000105e+01,-2.147211728399999942e+01,-3.745889225900000241e+01,-2.127291179399999876e+01
7.293643643600000281e+00,-4.170975592700000334e+01,-2.954455970500000106e+01,-2.104971037800000033e+01,-3.696304228599999675e+01,-2.130504149300000094e+01
7.313653653699999424e+00,-4.134775814999999710e+01,-3.037988276400000132e+01,-2.103891635800000159e+01,-3.528317171799999841e+01,-2.117789481999999879e+01
7.333663663699999447e+00,-4.020727688899999919e+01,-3.030752159900000109e+01,-2.106853987999999944e+01,-3.590974030299999953e+01,-2.136873545299999932e+01
7.353673673699999469e+00,-3.961334067800000014e+01,-2.994377170499999963e+01,-2.103872807300000147e+01,-3.550884203100000036e+01,-2.137920507400000147e+01
7.373683683699999492e+00,-3.879767793399999931e+01,-3.058893160399999900e+01,-2.106359182099999927e+01,-3.436897049400000270e+01,-2.159150579199999953e+01
7.393693693699999514e+00,-3.667012689999999964e+01,-3.037619149600000057e+01,-2.124280643499999854e+01,-3.421775700100000250e+01,-2.165504086400000006e+01
7.413703703699999537e+00,-3.729520555700000273e+01,-3.009460392500000125e+01,-2.132217548699999909e+01,-3.430641803599999662e+01,-2.215392710600000115e+01
7.433713713699999559e+00,-3.367973371099999724e+01,-2.967777034799999925e+01,-2.144522235999999893e+01,-3.424619145999999859e+01,-2.223403587099999967e+01
7.453723723699999582e+00,-3.373978557699999925e+01,-2.958932437100000001e+01,-2.152211388099999922e+01,-3.495087530400000020e+01,-2.296143434000000028e+01
7.473733733699999604e+00,-3.356306412299999664e+01,-2.926498329800000064e+01,-2.169454065000000043e+01,-3.535127028800000204e+01,-2.352084764900000025e+01
7.493743743699999627e+00,-3.287242306200000286e+01,-2.915490401499999962e+01,-2.190574260400000028e+01,-3.468266192000000103e+01,-2.373532000599999847e+01
7.513753753800000545e+00,-3.291596497799999810e+01,-2.812632361800000069e+01,-2.182189021699999998e+01,-3.756804188000000266e+01,-2.479632181899999921e+01
7.533763763800000568e+00,-3.221076204799999942e+01,-2.766997719100000097e+01,-2.216380672500000060e+01,-3.751636930000000092e+01,-2.543426278200000112e+01
7.553773773800000590e+00,-3.142264013500000175e+01,-2.732885932099999948e+01,-2.222667390100000162e+01,-3.875985655099999860e+01,-2.641034189499999840e+01
7.573783783800000613e+00,-3.236074190400000106e+01,-2.751671200099999837e+01,-2.237454617899999931e+01,-3.675858225500000032e+01,-2.748738281700000030e+01
7.593793793799999747e+00,-3.118280163000000016e+01,-2.736378983099999829e+01,-2.249709865899999883e+01,-3.817554173599999956e+01,-2.790317100100000047e+01
7.613803803799999770e+00,-3.257099279999999908e+01,-2.734597504299999926e+01,-2.265429946300000097e+01,-3.604840442599999761e+01,-2.922232785099999930e+01
7.633813813799999792e+00,-3.183271012899999874e+01,-2.709545922299999887e+01,-2.289794459599999854e+01,-3.716739402399999648e+01,-2.890259804800000154e+01
7.653823823799999815e+00,-3.083031559799999854e+01,-2.739501225100000070e+01,-2.280046653999999862e+01,-3.754761608100000103e+01,-2.890904131399999955e+01
7.673833833799999837e+00,-3.036114417699999990e+01,-2.786745795199999876e+01,-2.323668441299999898e+01,-3.405172586999999851e+01,-2.859626049399999914e+01
7.693843843799999860e+00,-3.051041182899999882e+01,-2.823726224700000031e+01,-2.329567355000000006e+01,-3.356896594399999856e+01,-2.803122353099999842e+01
7.713853853899999891e+00,-3.039783480199999843e+01,-2.844146743900000018e+01,-2.398857791800000072e+01,-3.385156855599999659e+01,-2.712472525500000131e+01
7.733863863899999913e+00,-3.013167638099999834e+01,-2.817746981199999823e+01,-2.400772395499999945e+01,-3.307562118599999934e+01,-2.645251687200000035e+01
7.753873873899999936e+00,-3.154163184500000128e+01,-2.807667836899999969e+01,-2.462592778699999840e+01,-3.245276472700000170e+01,-2.602476981799999933e+01
7.773883883899999958e+00,-3.130626836700000126e+01,-2.826842371000000043e+01,-2.514593389199999862e+01,-3.130338781300000051e+01,-2.554473939400000049e+01
7.793893893899999981e+00,-3.070147969299999957e+01,-2.808601717599999859e+01,-2.608788699500000163e+01,-3.140947238900000116e+01,-2.501829738800000058e+01
7.813903903900000003e+00,-3.141991645399999911e+01,-2.963120105100000146e+01,-2.670668365599999916e+01,-3.124490706099999926e+01,-2.531407660100000001e+01
7.833913913900000026e+00,-3.261554971500000022e+01,-2.888732708499999902e+01,-2.753538832599999964e+01,-3.146112807800000155e+01,-2.487677372599999970e+01
7.853923923900000048e+00,-3.173331267300000036e+01,-2.760807171800000148e+01,-2.841174319299999951e+01,-3.123384665900000101e+01,-2.525523166500000016e+01
7.873933933899999182e+00,-3.142921718799999908e+01,-2.927588368099999983e+01,-3.048222018199999894e+01,-3.177693689399999855e+01,-2.471253176200000112e+01
7.893943943899999205e+00,-3.045267266800000172e+01,-2.795964149899999995e+01,-3.162550803399999921e+01,-3.287962338399999851e+01,-2.495655246899999824e+01
7.913953954000000124e+00,-3.174586087500000176e+01,-2.799818453199999979e+01,-3.321851578300000085e+01,-3.319353259700000081e+01,-2.523970955500000102e+01
7.933963964000000146e+00,-3.082270830599999911e+01,-2.885250761600000047e+01,-3.547634479700000298e+01,-3.251571269200000103e+01,-2.562971419899999859e+01
7.953973974000000169e+00,-3.112934177600000041e+01,-2.786768967400000108e+01,-4.122297158899999658e+01,-3.344262874700000054e+01,-2.591015630500000100e+01
7.973983984000000191e+00,-3.002553330299999956e+01,-2.808000168599999924e+01,-4.597470373499999852e+01,-3.398768830899999926e+01,-2.684120895999999945e+01
7.993993994000000214e+00,-3.024652055600000011e+01,-2.835941695600000045e+01,-4.139980063600000193e+01,-3.412266956999999934e+01,-2.724349126299999924e+01
8.014004004000000236e+00,-3.058702512200000001e+01,-2.641079276199999981e+01,-3.723352990099999715e+01,-3.353595659199999801e+01,-2.820611834500000015e+01
8.034014014000000259e+00,-3.003238068099999936e+01,-2.704888762299999883e+01,-3.509003263000000317e+01,-3.659377237100000002e+01,-2.842738672500000163e+01
8.054024024000000281e+00,-3.103945859299999910e+01,-2.765939767000000060e+01,-3.218844885600000083e+01,-3.566374574900000027e+01,-2.861181806900000169e+01
8.074034034000000304e+00,-3.343324181599999889e+01,-2.652230345699999958e+01,-3.141952592299999836e+01,-3.656055641300000048e+01,-2.858072672500000166e+01
8.094044044000000326e+00,-3.205718111400000225e+01,-2.768041059600000153e+01,-3.015673033099999856e+01,-3.662293137099999996e+01,-2.875243509999999958e+01
8.114054054100000357e+00,-3.119138042599999849e+01,-2.731496021199999902e+01,-2.931421282000000161e+01,-3.716044608800000049e+01,-2.854715662399999943e+01
8.134064064100000380e+00,-3.393630639599999910e+01,-2.688538399600000162e+01,-2.859774852800000033e+01,-3.873405140599999896e+01,-2.866432501299999913e+01
8.154074074100000402e+00,-3.160375339300000164e+01,-2.678659263699999826e+01,-2.838198076400000147e+01,-3.889116651100000155e+01,-2.877160235099999852e+01
8.174084084100000425e+00,-3.440070984599999804e+01,-2.741127422899999999e+01,-2.790062376499999885e+01,-3.937449606100000210e+01,-2.820403825300000022e+01
8.194094094100000447e+00,-3.244136270500000307e+01,-2.747027227899999957e+01,-2.756683518699999880e+01,-4.139385818099999881e+01,-2.841724981600000177e+01
8.214104104100000470e+00,-3.305699074300000007e+01,-2.698409697600000001e+01,-2.745928346699999878e+01,-4.151136557899999957e+01,-2.833606110299999870e+01
8.234114114100000492e+00,-3.466676264600000223e+01,-2.612146568200000019e+01,-2.780628319799999915e+01,-4.068652975799999894e+01,-2.835976820899999851e+01
8.254124124100000515e+00,-3.345767386100000351e+01,-2.685583708700000116e+01,-2.848979287299999896e+01,-4.064388799400000352e+01,-2.939678139000000101e+01
8.274134134100000537e+00,-3.473332447699999648e+01,-2.700244253600000022e+01,-2.862393463600000132e+01,-4.417785430800000057e+01,-2.932319177200000127e+01
8.294144144100000560e+00,-3.298689244399999865e+01,-2.683077117199999861e+01,-2.930185856299999969e+01,-4.102263670199999979e+01,-3.041514530499999935e+01
8.314154154200000590e+00,-3.797114101900000094e+01,-2.672970893300000128e+01,-2.951126217299999865e+01,-4.394703113999999999e+01,-3.081770734299999859e+01
8.334164164200000613e+00,-3.782514185600000189e+01,-2.639738356200000169e+01,-2.954019202899999996e+01,-4.476117245100000019e+01,-3.176822423699999831e+01
8.354174174200000635e+00,-3.746169447999999846e+01,-2.683911090599999838e+01,-2.985367965300000037e+01,-4.609080897900000195e+01,-3.171692776600000130e+01
8.374184184200000658e+00,-3.993955503699999809e+01,-2.668670394800000167e+01,-3.056437450099999964e+01,-4.775765486800000303e+01,-3.237967249599999775e+01
8.394194194200000680e+00,-3.957878999799999775e+01,-2.652119968999999955e+01,-3.054827101200000072e+01,-4.451174306600000108e+01,-3.341376713300000034e+01
8.414204204199998927e+00,-4.066639564399999784e+01,-2.672033061599999826e+01,-3.145493922500000039e+01,-5.323361026100000259e+01,-3.337223374500000261e+01
8.434214214199998949e+00,-3.837718602700000048e+01,-2.629747833300000082e+01,-3.135470590099999910e+01,-4.567561601900000312e+01,-3.456275557800000087e+01
8.454224224199998972e+00,-4.220612844400000085e+01,-2.682817845499999976e+01,-3.144402167499999834e+01,-4.774398911099999765e+01,-3.503571384899999686e+01
8.474234234199998994e+00,-4.173803782600000289e+01,-2.720905103999999852e+01,-3.152669795699999966e+01,-4.813966212199999717e+01,-3.681171564999999646e+01
8.494244244199999017e+00,-4.208582116000000184e+01,-2.857941772199999875e+01,-3.302974705500000141e+01,-4.396886424000000204e+01,-3.538923659400000332e+01
8.514254254300000824e+00,-3.955554666199999758e+01,-2.865682119799999938e+01,-3.426956647000000089e+01,-4.729887281599999937e+01,-3.637252103099999800e+01
8.534264264300000846e+00,-4.109352244899999818e+01,-2.837479504499999905e+01,-3.492680325799999963e+01,-5.533046060099999863e+01,-3.495677491299999673e+01
8.554274274300000869e+00,-4.011008723599999826e+01,-2.897058320400000042e+01,-3.422639714599999650e+01,-5.043093790199999660e+01,-3.584112850399999672e+01
8.574284284300000891e+00,-3.984646418199999829e+01,-2.885783577000000122e+01,-3.517360926100000285e+01,-4.723586097700000153e+01,-3.500474979300000200e+01
8.594294294299999137e+00,-4.163499335899999920e+01,-2.910275982699999986e+01,-3.485830823999999950e+01,-4.653708524500000010e+01,-3.497503500199999849e+01
8.614304304299999160e+00,-3.749508711600000055e+01,-3.038228047799999842e+01,-3.467334919000000326e+01,-4.397293233199999918e+01,-3.436294096000000309e+01
8.634314314299999182e+00,-4.005208343399999649e+01,-2.930986483999999948e+01,-3.623530597799999953e+01,-4.484905009999999947e+01,-3.358539472599999698e+01
8.654324324299999205e+00,-3.859242961300000019e+01,-3.099144901800000085e+01,-3.428697319100000129e+01,-4.603555317499999688e+01,-3.293234776100000261e+01
8.674334334299999227e+00,-3.925516847400000131e+01,-2.957955806300000035e+01,-3.460671219599999660e+01,-4.204170816500000285e+01,-3.232626697399999927e+01
8.694344344299999250e+00,-3.449013391900000158e+01,-3.060199879600000017e+01,-3.201045862299999811e+01,-4.114358787100000114e+01,-3.218595338499999770e+01
8.714354354399999281e+00,-3.459589833399999748e+01,-3.175297444399999947e+01,-3.037327499999999958e+01,-3.936621893400000260e+01,-3.240446903099999787e+01
8.734364364399999303e+00,-3.285108598600000107e+01,-3.061079126099999925e+01,-3.012246950100000120e+01,-4.285876167400000014e+01,-3.142579173900000100e+01
8.754374374399999326e+00,-3.249179008400000157e+01,-3.158093600500000164e+01,-2.894667746300000033e+01,-4.215201793100000316e+01,-3.143117493400000129e+01
8.774384384399999348e+00,-3.283014153599999929e+01,-3.517471802800000091e+01,-2.788273469700000007e+01,-4.226999029099999916e+01,-3.064366451000000069e+01
8.794394394399999371e+00,-3.182373396299999868e+01,-3.502286069099999821e+01,-2.642127057600000128e+01,-3.885974729200000155e+01,-3.246712176199999789e+01
8.814404404399999393e+00,-2.965980014999999881e+01,-3.277067471299999823e+01,-2.577619404000000003e+01,-3.905772482500000109e+01,-3.254759657700000020e+01
8.834414414399999416e+00,-2.912810727000000099e+01,-3.915786614400000332e+01,-2.493569274400000069e+01,-3.684789436199999813e+01,-3.265279973799999880e+01
8.854424424399999438e+00,-2.703528542999999829e+01,-3.481687231099999735e+01,-2.452364248800000013e+01,-3.828297349999999710e+01,-3.281466605499999645e+01
8.874434434399999461e+00,-2.731920921400000069e+01,-3.949414116399999841e+01,-2.383327281100000050e+01,-3.845386511899999959e+01,-3.339923067099999798e+01
8.894444444399999483e+00,-2.827156692399999827e+01,-3.973393475099999961e+01,-2.342458253799999923e+01,-3.447832777099999646e+01,-3.378637679100000213e+01
8.914454454499999514e+00,-2.833756513200000171e+01,-4.679411221699999857e+01,-2.337734351399999966e+01,-3.240832023299999776e+01,-3.468372387200000162e+01
8.934464464499999536e+00,-2.813026514299999903e+01,-4.635885701800000191e+01,-2.240968820799999861e+01,-3.375889370699999859e+01,-3.356481879700000093e+01
8.954474474499999559e+00,-2.826322979600000096e+01,-4.510543806100000097e+01,-2.316477849199999994e+01,-3.488650458400000076e+01,-3.564874729499999972e+01
8.974484484499999581e+00,-2.930834087299999879e+01,-4.255569861899999751e+01,-2.217704792099999977e+01,-3.248868167500000226e+01,-3.379535761000000349e+01
8.994494494499999604e+00,-3.036566992599999892e+01,-4.435274499700000206e+01,-2.190357086999999936e+01,-3.309978329199999791e+01,-3.263596889200000106e+01
9.014504504499999626e+00,-2.964925183900000150e+01,-4.343346421799999746e+01,-2.163372907799999822e+01,-3.215368287999999808e+01,-3.516364007699999661e+01
9.034514514499999649e+00,-3.213080798699999718e+01,-3.941652455399999866e+01,-2.159430629399999901e+01,-3.366838007399999810e+01,-3.404270333400000226e+01
9.054524524499999671e+00,-3.100214118199999902e+01,-3.959101459600000084e+01,-2.171381942500000051e+01,-3.426003271100000092e+01,-3.452657842400000021e+01
9.074534534499999694e+00,-3.658503155100000015e+01,-3.823351616400000097e+01,-2.176405200399999984e+01,-3.348278842300000235e+01,-3.509076103400000335e+01
9.094544544499999716e+00,-3.370791189199999849e+01,-4.288914270899999792e+01,-2.115622492700000024e+01,-3.545623311599999994e+01,-3.256550485100000003e+01
9.114554554599999747e+00,-3.511887767599999677e+01,-4.272326374800000082e+01,-2.130566822200000132e+01,-3.528588199699999706e+01,-3.268926457799999952e+01
9.134564564599999770e+00,-3.980036530200000300e+01,-4.048064345499999916e+01,-2.142524079800000081e+01,-3.299306722499999722e+01,-3.164083512799999909e+01
9.154574574599999792e+00,-4.288733615900000018e+01,-5.008698020500000325e+01,-2.149279058400000153e+01,-3.385060212799999846e+01,-3.025642886400000009e+01
9.174584584599999815e+00,-4.492497645899999981e+01,-4.096278219700000278e+01,-2.170290036200000117e+01,-3.527904528700000242e+01,-3.012857415799999927e+01
9.194594594599999837e+00,-4.020677207399999986e+01,-4.620880603300000189e+01,-2.172901944799999896e+01,-3.505747886900000054e+01,-2.921753681999999941e+01
9.214604604599999860e+00,-4.647289425900000026e+01,-4.190479025599999829e+01,-2.168929707499999893e+01,-3.485307005399999980e+01,-2.838562347799999941e+01
9.234614614599999882e+00,-4.509875789699999871e+01,-3.806328076399999816e+01,-2.232427996599999886e+01,-3.484321114899999827e+01,-2.848855880300000010e+01
9.254624624599999905e+00,-4.051493429899999654e+01,-3.707439297300000192e+01,-2.238587486300000151e+01,-3.841959175600000265e+01,-2.760019097500000029e+01
9.274634634599999927e+00,-4.153422849999999755e+01,-3.935061163400000339e+01,-2.241917660000000012e+01,-3.870290052400000036e+01,-2.724696956300000039e+01
9.294644644599999950e+00,-4.249904992900000167e+01,-4.052221654800000294e+01,-2.258686739399999865e+01,-3.620966563199999655e+01,-2.629993804600000118e+01
9.314654654699999980e+00,-4.322592377299999811e+01,-3.901977817800000281e+01,-2.221049595599999904e+01,-3.846599219200000164e+01,-2.600018781600000040e+01
9.334664664700000003e+00,-4.257916705099999888e+01,-3.899908701599999716e+01,-2.208367332399999938e+01,-3.595120625700000261e+01,-2.590443120200000138e+01
9.354674674700000025e+00,-3.959714602300000053e+01,-3.791693378400000114e+01,-2.222446380599999927e+01,-3.733938114499999728e+01,-2.577261122099999824e+01
9.374684684700000048e+00,-3.667614265499999959e+01,-3.522240667300000183e+01,-2.206640672500000022e+01,-3.826354973000000115e+01,-2.687674982500000098e+01
9.394694694700000070e+00,-3.873594185999999695e+01,-3.565720901699999956e+01,-2.217955859199999935e+01,-3.836093390700000327e+01,-2.670743124999999907e+01
9.414704704700000093e+00,-3.546937931600000127e+01,-3.351203047399999946e+01,-2.232202170100000060e+01,-3.502710498799999783e+01,-2.658298112800000013e+01
9.434714714700000115e+00,-3.747520183799999671e+01,-3.404836079799999737e+01,-2.254745408899999859e+01,-3.865331632400000217e+01,-2.815931738200000112e+01
9.454724724700000138e+00,-3.749112514800000184e+01,-3.633782725300000038e+01,-2.220830504899999980e+01,-3.734909276700000191e+01,-2.920025537600000121e+01
9.474734734700000161e+00,-3.432715598299999726e+01,-3.265384200500000134e+01,-2.240355076199999829e+01,-3.655738230800000110e+01,-2.837913438200000016e+01
9.494744744700000183e+00,-3.731596238000000199e+01,-3.151911649699999884e+01,-2.337257565899999889e+01,-3.645639522999999826e+01,-3.014757163699999865e+01
9.514754754799998437e+00,-3.502312693799999721e+01,-3.545523646600000234e+01,-2.456866855599999866e+01,-4.053621635199999673e+01,-2.950359973300000149e+01
9.534764764799998460e+00,-3.335880685000000057e+01,-3.360059165300000217e+01,-2.475980030999999926e+01,-3.651809866100000335e+01,-3.156892260800000116e+01
9.554774774799998482e+00,-3.346625742300000184e+01,-3.622269350399999865e+01,-2.487189886000000172e+01,-3.989662205100000136e+01,-3.315130080800000201e+01
9.574784784799998505e+00,-3.560450118400000008e+01,-3.192069843100000170e+01,-2.710276912899999857e+01,-3.605560616399999674e+01,-3.564986207300000132e+01
9.594794794799998527e+00,-3.599926633700000167e+01,-3.323213726899999898e+01,-2.681417870399999970e+01,-3.479843609000000271e+01,-4.077756585600000250e+01
9.614804804799998550e+00,-3.821422394500000053e+01,-4.221286708600000281e+01,-2.864636197100000103e+01,-3.692091670599999986e+01,-3.863914772799999753e+01
9.634814814799998572e+00,-3.633473977700000290e+01,-3.687858100799999761e+01,-2.921442262500000098e+01,-3.450324861600000048e+01,-4.232031905800000260e+01
9.654824824799998595e+00,-3.049581047999999939e+01,-4.246144382500000347e+01,-2.920348785699999894e+01,-3.373915052299999928e+01,-4.853910453099999955e+01
9.674834834799998617e+00,-3.529259826300000213e+01,-4.834494162800000083e+01,-2.956736939900000039e+01,-3.369592006599999934e+01,-5.077261176399999698e+01
9.694844844799998640e+00,-3.349142055899999804e+01,-4.536025094099999677e+01,-2.963001009299999922e+01,-3.429601974300000222e+01,-4.317566803199999725e+01
9.714854854900000447e+00,-3.432644755700000161e+01,-4.145364607100000143e+01,-3.025037764500000037e+01,-3.160269505500000164e+01,-4.221062180599999891e+01
9.734864864900000470e+00,-4.076881256800000131e+01,-4.377255034499999908e+01,-3.067028635699999839e+01,-3.255356091699999865e+01,-4.417864820799999848e+01
9.754874874900000492e+00,-3.624131919500000265e+01,-3.696390523499999858e+01,-3.166264356900000010e+01,-3.306416511199999775e+01,-4.195837841600000218e+01
9.774884884899998738e+00,-4.856742445100000083e+01,-4.332626193400000147e+01,-3.169004484199999894e+01,-3.102098626200000098e+01,-4.302123664500000189e+01
9.794894894899998761e+00,-5.294808254899999866e+01,-3.282998111399999885e+01,-3.408260741400000171e+01,-3.069749548700000119e+01,-4.355481524199999654e+01
9.814904904899998783e+00,-3.730157271699999910e+01,-3.275916383799999920e+01,-3.382740512600000216e+01,-3.062214626100000103e+01,-4.280361806399999836e+01
9.834914914899998806e+00,-4.015688043899999826e+01,-3.276050709199999744e+01,-3.486340444300000030e+01,-3.066803524899999900e+01,-4.248606815299999795e+01
9.854924924899998828e+00,-4.111214065099999715e+01,-3.180641763099999864e+01,-3.318843345100000164e+01,-3.180159365500000135e+01,-4.531761028300000049e+01
9.874934934899998851e+00,-3.859761661299999957e+01,-3.224451538499999970e+01,-3.198326226300000030e+01,-2.974869066100000126e+01,-4.279140144200000151e+01
9.894944944899998873e+00,-4.121150098300000053e+01,-3.223911273499999908e+01,-3.103663627199999908e+01,-3.094558661800000010e+01,-4.411116484600000121e+01
9.914954955000000680e+00,-4.821880791800000310e+01,-3.080244285699999907e+01,-2.965175966900000049e+01,-3.096736524399999979e+01,-3.769709574099999827e+01
9.934964965000000703e+00,-4.205766374699999943e+01,-3.279341135899999671e+01,-2.989539150599999928e+01,-3.151382862000000173e+01,-3.847015689199999855e+01
9.954974975000000725e+00,-3.957859237099999916e+01,-3.140572635199999851e+01,-2.987060585800000112e+01,-3.233936229799999751e+01,-3.409960395699999935e+01
9.974984985000000748e+00,-4.784218998400000089e+01,-3.223894800499999747e+01,-2.834678750100000144e+01,-3.111280001500000125e+01,-3.376323295099999910e+01
9.994994995000000770e+00,-4.127394659600000182e+01,-3.394245914199999703e+01,-2.791591818199999864e+01,-3.195219620499999991e+01,-3.298058247800000231e+01
1.001500500500000079e+01,-3.204071068599999705e+01,-3.117426913899999974e+01,-2.841254209099999883e+01,-3.183142898899999906e+01,-3.425135249000000215e+01
1.003501501500000082e+01,-3.409211273199999681e+01,-3.143327095900000145e+01,-2.848681463999999863e+01,-3.051870490099999955e+01,-3.115243678999999943e+01
1.005502502500000084e+01,-3.094196125799999919e+01,-3.476922051199999686e+01,-2.908575607099999871e+01,-3.114644700699999902e+01,-3.300882209299999914e+01
1.007503503500000086e+01,-2.995715053600000033e+01,-3.647072633999999880e+01,-2.904124261799999829e+01,-3.232706693299999756e+01,-3.258952370400000120e+01
1.009504504500000088e+01,-2.660209720099999942e+01,-3.706210155499999814e+01,-2.840477472699999950e+01,-3.121389323400000038e+01,-3.172474973299999945e+01
1.011505505499999913e+01,-3.001143919200000099e+01,-3.945882483300000132e+01,-2.904940191300000052e+01,-2.922322685600000014e+01,-3.387805262300000209e+01
1.013506506499999915e+01,-3.231526364300000154e+01,-3.714648434699999768e+01,-3.087654049400000034e+01,-2.975281368699999973e+01,-3.368173946000000285e+01
1.015507507499999917e+01,-2.941255058300000158e+01,-4.058006616699999825e+01,-3.021830204500000150e+01,-2.797470200100000071e+01,-3.305058654300000143e+01
1.017508508499999920e+01,-3.087818600900000021e+01,-4.049125779100000244e+01,-3.033180402200000003e+01,-2.740294547599999930e+01,-3.341901604699999950e+01
1.019509509499999922e+01,-3.001303276599999847e+01,-4.156204760300000345e+01,-3.131906930599999939e+01,-2.898202047599999887e+01,-3.486412889599999687e+01
1.021510510499999924e+01,-3.034248372000000060e+01,-4.494275850599999700e+01,-2.989119468000000168e+01,-2.747079552399999969e+01,-3.549807621800000135e+01
1.023511511499999926e+01,-3.191558909000000099e+01,-4.292161665100000079e+01,-3.098145349500000023e+01,-2.747798226900000174e+01,-3.331599515100000275e+01
1.025512512499999929e+01,-2.977130805899999899e+01,-3.905549922699999854e+01,-3.025336766799999921e+01,-2.655131493600000070e+01,-3.161395134099999993e+01
1.027513513499999931e+01,-2.982907145700000129e+01,-3.519347227899999808e+01,-3.178129686699999823e+01,-2.653130975899999910e+01,-3.240339804900000331e+01
1.029514514499999933e+01,-2.936278306499999857e+01,-3.450912575400000293e+01,-3.111751542700000073e+01,-2.615974658900000094e+01,-3.706475718499999772e+01
1.031515515499999935e+01,-3.169240756599999997e+01,-3.331065696299999956e+01,-3.334525798199999969e+01,-2.668784360500000119e+01,-3.377066067599999855e+01
1.033516516499999938e+01,-2.869834987100000134e+01,-4.020390847600000228e+01,-3.352495317799999697e+01,-2.513947462300000169e+01,-3.407368665700000321e+01
1.035517517499999940e+01,-3.045348060799999956e+01,-3.636488015900000192e+01,-3.242476653899999661e+01,-2.464762652199999948e+01,-3.204654108100000087e+01
1.037518518499999942e+01,-2.870060430599999890e+01,-3.519214722400000284e+01,-3.340978471799999738e+01,-2.461440931299999946e+01,-3.307980467000000147e+01
1.039519519499999944e+01,-3.117918394499999835e+01,-3.749610603600000047e+01,-3.313932078700000261e+01,-2.492117931099999950e+01,-3.015899947400000158e+01
1.041520520499999947e+01,-3.133033153099999879e+01,-3.267262672799999734e+01,-3.409215135299999844e+01,-2.459505985599999889e+01,-3.185048127399999984e+01
1.043521521499999949e+01,-3.198126915299999951e+01,-4.499096483099999944e+01,-3.129529937399999895e+01,-2.333249490200000054e+01,-3.108888176900000033e+01
1.045522522499999951e+01,-3.003148387299999911e+01,-3.893777553299999994e+01,-3.423402475999999695e+01,-2.409975412300000031e+01,-3.670669267299999916e+01
1.047523523499999953e+01,-2.912502961499999898e+01,-3.883321175300000050e+01,-3.168317768200000017e+01,-2.339369674499999974e+01,-3.631039144500000049e+01
1.049524524499999956e+01,-3.448444145199999866e+01,-3.947983010499999779e+01,-3.161308941600000111e+01,-2.322827240299999829e+01,-3.587275538899999816e+01
1.051525525499999958e+01,-3.320950208000000003e+01,-4.121302551400000169e+01,-2.980076134700000168e+01,-2.282031251600000132e+01,-3.550263740199999773e+01
1.053526526499999960e+01,-2.934550588500000146e+01,-3.674886545599999721e+01,-2.994213644999999957e+01,-2.291245486000000042e+01,-3.367879995199999854e+01
1.055527527499999962e+01,-3.219467822000000012e+01,-3.593618093799999968e+01,-2.903733129300000115e+01,-2.264507034900000093e+01,-3.760443390599999702e+01
1.057528528499999965e+01,-3.415988838100000180e+01,-3.425980163399999867e+01,-2.950359180099999890e+01,-2.257952717999999948e+01,-3.172280766000000085e+01
1.059529529499999967e+01,-3.212496368400000080e+01,-4.163675476000000231e+01,-2.912111176200000173e+01,-2.209024748399999893e+01,-2.874805373099999883e+01
1.061530530499999969e+01,-3.285142127900000020e+01,-4.098928277200000281e+01,-2.945447026200000096e+01,-2.209889772900000082e+01,-3.109618515800000083e+01
1.063531531499999971e+01,-3.170850728299999943e+01,-3.974590296400000256e+01,-2.862801112400000036e+01,-2.237871391099999840e+01,-2.759972038000000083e+01
1.065532532499999974e+01,-3.298042351499999825e+01,-3.566760899599999846e+01,-2.875533828400000047e+01,-2.215202579500000013e+01,-2.864569582200000042e+01
1.067533533499999976e+01,-2.889723731500000170e+01,-3.934802846099999840e+01,-3.045827692900000017e+01,-2.342937657099999882e+01,-2.839101191600000007e+01
1.069534534499999978e+01,-2.911629764699999967e+01,-4.130507912299999873e+01,-2.943896091799999937e+01,-2.322193492699999950e+01,-2.758610147099999921e+01
1.071535535499999980e+01,-2.827737064700000147e+01,-3.786583544500000187e+01,-2.957401487399999951e+01,-2.317627051799999904e+01,-2.632107118100000065e+01
1.073536536499999983e+01,-2.789581653000000117e+01,-3.356453786600000200e+01,-2.970418064800000124e+01,-2.383013943199999929e+01,-2.753573866600000031e+01
1.075537537499999985e+01,-2.752037657500000023e+01,-3.277719718699999873e+01,-3.144705291700000060e+01,-2.444586225200000129e+01,-2.688120563000000018e+01
1.077538538499999987e+01,-2.834849764499999836e+01,-3.307497132700000009e+01,-3.593609177500000129e+01,-2.483516919399999878e+01,-2.845398106000000027e+01
1.079539539499999989e+01,-2.695374000900000055e+01,-3.552123279399999944e+01,-3.412681840999999849e+01,-2.480774200000000107e+01,-2.790096956800000072e+01
1.081540540499999992e+01,-2.846841052699999963e+01,-3.153867542500000098e+01,-3.291026655900000009e+01,-2.565114652800000172e+01,-2.608601538399999953e+01
1.083541541499999994e+01,-3.054402767999999924e+01,-3.214052891400000078e+01,-3.637056405399999903e+01,-2.419625233600000058e+01,-2.551013234199999857e+01
1.085542542499999996e+01,-2.915341413200000176e+01,-2.833930476800000164e+01,-3.415715403699999797e+01,-2.462658672199999899e+01,-2.688768169500000127e+01
1.087543543499999998e+01,-3.070876587300000082e+01,-3.980572381000000348e+01,-3.398674011699999653e+01,-2.510251920500000011e+01,-2.696617136800000125e+01
1.089544544500000001e+01,-3.026906661099999951e+01,-3.760661967099999714e+01,-3.871372307000000035e+01,-2.505043556900000112e+01,-2.846182722400000031e+01
1.091545545500000003e+01,-2.814398442099999897e+01,-3.509824714599999851e+01,-3.563175722100000087e+01,-2.571472331400000044e+01,-2.911889115199999978e+01
1.093546546500000005e+01,-3.442132351400000090e+01,-3.158599248200000176e+01,-3.755332680800000134e+01,-2.479027149299999877e+01,-2.985782033699999971e+01
1.095547547500000007e+01,-3.274639338000000066e+01,-3.642984994999999770e+01,-3.209026204199999910e+01,-2.538916787899999861e+01,-3.144530852999999837e+01
1.097548548500000010e+01,-3.314413572200000146e+01,-3.016328931900000043e+01,-3.406837517000000304e+01,-2.512665701399999918e+01,-3.069335318499999943e+01
1.099549549500000012e+01,-3.728855929600000252e+01,-2.867491259399999848e+01,-3.508508279000000130e+01,-2.555828218599999957e+01,-3.076236353799999890e+01
1.101550550600000022e+01,-3.658394190599999973e+01,-2.800080762099999987e+01,-3.370172084099999665e+01,-2.698705429500000008e+01,-3.182608130399999880e+01
1.103551551600000025e+01,-3.442308376100000089e+01,-2.892453597400000120e+01,-3.557134011000000129e+01,-2.760540156900000142e+01,-3.079875852600000030e+01
1.105552552600000027e+01,-3.708344720600000244e+01,-2.977964539999999971e+01,-3.534158518800000337e+01,-2.711672417899999843e+01,-3.141182084600000124e+01
1.107553553600000029e+01,-3.061425467700000169e+01,-2.620662194200000172e+01,-4.433829335600000121e+01,-2.727078122700000051e+01,-2.940296883599999944e+01
1.109554554600000031e+01,-3.944800062800000262e+01,-3.034442616999999842e+01,-4.230315778599999987e+01,-2.719005791000000016e+01,-2.940262176699999941e+01
1.111555555600000034e+01,-3.561254217599999805e+01,-2.839534089100000003e+01,-3.885123735500000208e+01,-2.762041392100000081e+01,-2.815466199900000177e+01
1.113556556600000036e+01,-3.996657443000000143e+01,-2.608225731699999983e+01,-3.447534281699999781e+01,-2.792505325000000127e+01,-2.753390840000000139e+01
1.115557557600000038e+01,-3.856318907600000045e+01,-2.936235240299999916e+01,-3.507295409299999989e+01,-2.781591446599999884e+01,-2.763904884400000128e+01
1.117558558600000040e+01,-3.338084210600000290e+01,-2.854282867999999951e+01,-3.422720453600000212e+01,-2.831190183200000021e+01,-2.679038995499999842e+01
1.119559559600000043e+01,-4.383394879099999741e+01,-2.805308576599999881e+01,-3.487433129499999751e+01,-2.807956720800000028e+01,-2.677150183999999911e+01
1.121560560600000045e+01,-3.883939664199999697e+01,-3.222643909699999654e+01,-3.169450750000000028e+01,-2.828380637700000122e+01,-2.678245979800000143e+01
1.123561561600000047e+01,-4.281517781800000222e+01,-2.647489742899999854e+01,-3.491358481299999994e+01,-2.708577141099999963e+01,-2.700978932499999985e+01
1.125562562600000049e+01,-3.739850815700000197e+01,-2.790286886899999885e+01,-3.210624924100000044e+01,-2.685685805500000001e+01,-2.743016306000000171e+01
1.127563563600000052e+01,-4.542043875699999944e+01,-2.979905919899999844e+01,-2.952515470999999891e+01,-2.548679759099999842e+01,-2.877865036700000090e+01
1.129564564600000054e+01,-4.417861728500000140e+01,-2.886401372999999992e+01,-3.094391063599999825e+01,-2.688955442700000020e+01,-2.949016807199999946e+01
1.131565565600000056e+01,-3.751315999100000198e+01,-2.578072334299999824e+01,-2.905825150600000129e+01,-2.555204465599999963e+01,-2.990967843500000001e+01
1.133566566600000058e+01,-5.925923124999999914e+01,-2.710151311099999916e+01,-2.947131915900000010e+01,-2.509938016499999947e+01,-3.104196620800000161e+01
1.135567567600000061e+01,-4.207573108599999756e+01,-2.946938513099999923e+01,-2.916361504300000007e+01,-2.686600547100000114e+01,-3.088845132300000174e+01
1.137568568600000063e+01,-3.947268946300000181e+01,-2.892662172400000031e+01,-2.809115466600000133e+01,-2.551234105400000018e+01,-3.156306778600000129e+01
1.139569569600000065e+01,-3.746010508999999900e+01,-2.872457982799999954e+01,-2.751993565200000091e+01,-2.633342915700000120e+01,-3.139931763999999959e+01
1.141570570600000067e+01,-3.819688872799999757e+01,-2.761081514700000028e+01,-2.805609525599999898e+01,-2.503066786300000146e+01,-3.121375205600000058e+01
1.143571571600000070e+01,-3.549803704699999685e+01,-3.002245010000000036e+01,-2.686372373300000049e+01,-2.520173822399999963e+01,-2.936326264299999877e+01
1.145572572600000072e+01,-4.175302505100000161e+01,-3.064243542099999829e+01,-2.714576908000000088e+01,-2.542766644299999967e+01,-3.077469284800000082e+01
1.147573573600000074e+01,-3.604989906800000199e+01,-3.278766266699999932e+01,-2.753142702299999911e+01,-2.580600728699999991e+01,-2.957825589799999833e+01
1.149574574600000076e+01,-3.956687130499999938e+01,-3.018848837499999860e+01,-2.643147175000000004e+01,-2.467325724599999859e+01,-2.778095201700000061e+01
1.151575575600000079e+01,-3.329269113400000180e+01,-3.144739984799999988e+01,-2.868878000799999839e+01,-2.528718070000000040e+01,-2.637407922299999896e+01
1.153576576600000081e+01,-3.598486345599999936e+01,-3.044111804399999954e+01,-2.751280095299999928e+01,-2.482422055299999997e+01,-2.731295907599999850e+01
1.155577577600000083e+01,-3.349177193500000271e+01,-3.019957704799999831e+01,-2.847946410200000145e+01,-2.539979857100000160e+01,-2.631803738099999990e+01
1.157578578600000085e+01,-3.269135932300000036e+01,-3.356496860699999729e+01,-2.723858680300000046e+01,-2.558440834399999986e+01,-2.565086154899999826e+01
1.159579579600000088e+01,-3.645336159200000026e+01,-3.618316235999999719e+01,-2.670798553899999916e+01,-2.475539419600000102e+01,-2.626207709899999898e+01
1.161580580599999912e+01,-3.897459350199999761e+01,-3.260578350200000131e+01,-2.664194898799999933e+01,-2.392908112299999956e+01,-2.575330532999999988e+01
1.163581581599999915e+01,-3.646709452999999712e+01,-3.343291950399999735e+01,-2.850654503299999831e+01,-2.588988046800000120e+01,-2.704408594599999915e+01
1.165582582599999917e+01,-3.354402064100000302e+01,-3.197895975400000168e+01,-2.867284208999999962e+01,-2.525219650800000082e+01,-2.693195565499999944e+01
1.167583583599999919e+01,-3.684814224000000138e+01,-3.341542451000000113e+01,-2.814401898999999929e+01,-2.559020503200000007e+01,-2.726684675999999996e+01
1.169584584599999921e+01,-3.746636211300000241e+01,-2.711428006399999902e+01,-2.811179484299999842e+01,-2.363095149999999833e+01,-2.530981864199999976e+01
1.171585585599999924e+01,-3.548577103099999874e+01,-2.939844511500000124e+01,-2.833357254299999894e+01,-2.430331411099999883e+01,-2.647028221700000117e+01
1.173586586599999926e+01,-4.345703113900000147e+01,-3.030664659900000046e+01,-3.136959092000000027e+01,-2.459368527499999857e+01,-2.631795984300000057e+01
1.175587587599999928e+01,-4.038663470000000189e+01,-3.184868962299999851e+01,-3.086203828500000057e+01,-2.536648888199999874e+01,-2.759787575300000029e+01
1.177588588599999930e+01,-3.929475149200000317e+01,-3.467203505999999891e+01,-3.045277390800000106e+01,-2.467374292999999952e+01,-2.653474762500000139e+01
1.179589589599999933e+01,-3.012222599900000120e+01,-3.813669020300000057e+01,-3.369944403299999891e+01,-2.801512135500000156e+01,-2.694813584799999973e+01
1.181590590599999935e+01,-4.132554223300000018e+01,-2.821550599200000065e+01,-2.955322630499999903e+01,-2.499907474800000173e+01,-2.531465111700000037e+01
1.183591591599999937e+01,-3.304739850499999676e+01,-2.984703614700000074e+01,-3.264727690200000154e+01,-2.480095068600000019e+01,-2.661985237000000026e+01
1.185592592599999939e+01,-3.625862390599999685e+01,-3.040288555400000092e+01,-3.601173091599999765e+01,-2.695382611799999850e+01,-2.584273798599999949e+01
1.187593593599999942e+01,-3.176483564999999842e+01,-3.529010352299999909e+01,-3.215995302900000041e+01,-2.463989942299999925e+01,-2.609261347700000044e+01
1.189594594599999944e+01,-3.131558303799999976e+01,-3.269804637200000030e+01,-3.401093657500000234e+01,-2.520833185000000043e+01,-2.524935546300000055e+01
1.191595595599999946e+01,-4.179849389799999670e+01,-3.367792294400000230e+01,-3.909003883900000176e+01,-2.559342668600000081e+01,-2.751613805299999882e+01
1.193596596599999948e+01,-2.951822418700000128e+01,-3.711289525800000177e+01,-4.080281355599999671e+01,-2.710651058599999885e+01,-2.637590760300000170e+01
1.195597597599999951e+01,-3.091963640100000177e+01,-3.486072369200000054e+01,-4.265234310700000009e+01,-2.807188500499999861e+01,-2.821955079800000021e+01
1.197598598599999953e+01,-2.838714357699999979e+01,-2.962201639999999969e+01,-4.223231763900000146e+01,-2.642110134400000021e+01,-2.776199958899999842e+01
1.199599599599999955e+01,-3.027561064200000018e+01,-3.049937205799999873e+01,-3.849392887599999824e+01,-2.642098850600000048e+01,-2.783412286800000146e+01
1.201600600599999957e+01,-3.524998903499999869e+01,-3.301423187900000045e+01,-3.808499108299999847e+01,-2.844251796500000040e+01,-2.800838090799999947e+01
1.203601601599999960e+01,-3.763520163300000121e+01,-3.459469017299999649e+01,-3.826690070000000077e+01,-2.770014811000000066e+01,-3.146910051400000086e+01
1.205602602599999962e+01,-3.893310465599999759e+01,-3.799711042999999933e+01,-3.889095764000000344e+01,-2.648443790900000039e+01,-2.920086056699999943e+01
1.207603603599999964e+01,-3.198254258300000075e+01,-3.419068387600000136e+01,-4.306161690799999775e+01,-2.666458683500000149e+01,-3.122707406700000021e+01
1.209604604599999966e+01,-2.812643745800000161e+01,-4.218789876200000322e+01,-4.397536849099999756e+01,-2.459011288800000017e+01,-2.838106408599999853e+01
1.211605605599999969e+01,-3.423321019000000121e+01,-3.958161679599999871e+01,-4.482485202600000207e+01,-2.867812174699999872e+01,-2.886565521700000048e+01
1.213606606599999971e+01,-3.262559559299999989e+01,-3.403381212099999686e+01,-4.939546501800000300e+01,-2.834471171199999873e+01,-2.877754325100000088e+01
1.215607607599999973e+01,-3.472512055899999694e+01,-4.390865240099999767e+01,-4.043855469500000055e+01,-2.653263633499999941e+01,-2.737949562500000056e+01
1.217608608599999975e+01,-3.959858019699999687e+01,-3.374165360100000299e+01,-4.660209079199999849e+01,-2.532372462800000079e+01,-2.793062716200000040e+01
1.219609609599999978e+01,-3.320982840199999941e+01,-3.524144927300000063e+01,-4.070520860500000282e+01,-2.593809771900000172e+01,-3.076631276899999889e+01
1.221610610599999980e+01,-3.809783062099999995e+01,-3.601847204700000304e+01,-4.696694405499999903e+01,-2.619625479000000112e+01,-2.808747600699999936e+01
1.223611611599999982e+01,-3.291047616099999829e+01,-4.146130107500000150e+01,-3.928951387800000106e+01,-2.733311931200000089e+01,-2.804396672000000024e+01
1.225612612599999984e+01,-3.538111162799999931e+01,-3.258578684300000106e+01,-3.977068993500000005e+01,-2.752417071800000059e+01,-2.871536497299999979e+01
1.227613613599999987e+01,-3.622035423799999876e+01,-3.358648225400000342e+01,-4.266721983499999737e+01,-2.752117170300000026e+01,-3.147902046000000098e+01
1.229614614599999989e+01,-4.205911898299999763e+01,-2.884879759200000038e+01,-3.665274162099999700e+01,-2.953434549199999992e+01,-3.475501999000000097e+01
1.231615615599999991e+01,-3.249471906299999802e+01,-3.452881641199999763e+01,-3.896549658499999680e+01,-2.829922848400000035e+01,-2.957236756200000016e+01
1.233616616599999993e+01,-3.624889936000000290e+01,-3.553407399099999964e+01,-3.991268093200000067e+01,-2.928052802199999860e+01,-2.975761408299999999e+01
1.235617617599999996e+01,-3.409177005499999780e+01,-3.558875945300000154e+01,-3.626895487000000173e+01,-2.921203612600000099e+01,-2.944394746600000090e+01
1.237618618599999998e+01,-2.729967316100000119e+01,-3.000971551499999990e+01,-3.779184340199999781e+01,-2.763099012700000046e+01,-3.140727705600000164e+01
1.239619619600000000e+01,-3.113096884000000131e+01,-3.562506915800000229e+01,-3.081974878100000126e+01,-2.816925338000000067e+01,-3.386739091799999812e+01
1.241620620600000002e+01,-3.353490893800000094e+01,-3.988429445399999906e+01,-3.253675879600000087e+01,-2.854178119399999858e+01,-3.138968554999999938e+01
1.243621621600000005e+01,-2.845376465400000043e+01,-3.306098716000000337e+01,-3.166173006200000017e+01,-2.873666981699999923e+01,-2.995903102400000151e+01
1.245622622600000007e+01,-3.419325530999999785e+01,-4.627546326699999923e+01,-3.232320717199999649e+01,-3.027263980800000098e+01,-2.703637884200000130e+01
1.247623623600000009e+01,-3.490541356600000000e+01,-4.733119901999999968e+01,-2.969013589600000103e+01,-2.988429473000000058e+01,-3.439311163899999713e+01
1.249624624600000011e+01,-3.217070025700000002e+01,-3.434007618100000059e+01,-2.913035655199999852e+01,-2.958815728900000153e+01,-3.657282041599999900e+01
1.251625625600000014e+01,-2.817876475099999922e+01,-3.964091015900000059e+01,-3.165199643200000068e+01,-2.987151507400000128e+01,-3.592140120399999859e+01
1.253626626600000016e+01,-3.344943608199999829e+01,-3.458453533899999854e+01,-3.220852159700000072e+01,-3.361321251999999760e+01,-4.300333825900000306e+01
1.255627627600000018e+01,-3.701048638099999977e+01,-3.992124492699999649e+01,-2.792913023799999905e+01,-3.275249923300000177e+01,-3.097998267499999869e+01
1.257628628600000020e+01,-4.788745441700000072e+01,-3.485886942599999827e+01,-2.752966766300000145e+01,-3.411198416399999900e+01,-3.252584941599999979e+01
1.259629629600000023e+01,-3.702492453400000016e+01,-3.165250912400000161e+01,-3.450988773200000281e+01,-3.821413366499999853e+01,-3.246438565399999732e+01
1.261630630600000025e+01,-1.618972975599999842e+01,-3.811381558299999739e+01,-2.937991644599999930e+01,-3.209359777600000285e+01,-3.607087272799999766e+01
1.263631631600000027e+01,-4.134806674299999685e+01,-3.739122913799999992e+01,-3.194718785999999966e+01,-3.124227940000000103e+01,-2.961143367800000092e+01
1.265632632600000029e+01,-2.699680357900000160e+01,-3.820988090600000220e+01,-3.337337310800000267e+01,-4.381132361800000297e+01,-3.279844868100000355e+01
1.267633633600000032e+01,-3.526604500700000244e+01,-3.408835926300000096e+01,-2.930831131500000097e+01,-3.604369692299999883e+01,-3.193633239000000046e+01
1.269634634600000034e+01,-4.311107252400000078e+01,-3.589698402500000185e+01,-3.184883922999999939e+01,-3.294286584000000317e+01,-3.396786328599999649e+01
1.271635635600000036e+01,-3.709941799500000315e+01,-3.357719746400000105e+01,-3.764304552000000115e+01,-3.849477471299999820e+01,-2.854971665500000100e+01
1.273636636600000038e+01,-3.588881761999999753e+01,-4.219577345500000121e+01,-3.147839186999999939e+01,-4.060862162699999800e+01,-2.934665686499999993e+01
1.275637637600000041e+01,-4.128535665100000074e+01,-3.858546451400000166e+01,-3.207433811599999984e+01,-3.857541062800000020e+01,-3.021031016099999889e+01
1.277638638600000043e+01,-4.736567681100000016e+01,-3.693296411200000051e+01,-3.675485203699999914e+01,-4.212548333200000172e+01,-2.824365730099999894e+01
1.279639639600000045e+01,-3.485633186399999772e+01,-3.964389697200000029e+01,-3.240159802299999825e+01,-3.799866237300000193e+01,-3.089259165700000054e+01
1.281640640600000047e+01,-3.582090693899999678e+01,-4.964578464200000241e+01,-3.864742225300000200e+01,-4.037785931100000170e+01,-2.681055044500000051e+01
1.283641641600000050e+01,-3.480095739800000132e+01,-2.928236061999999862e+01,-3.379879377799999673e+01,-3.746657713900000175e+01,-2.982745590200000052e+01
1.285642642600000052e+01,-3.901421882999999724e+01,-6.112068643300000303e+01,-2.919657533199999833e+01,-4.587673982199999756e+01,-3.052778105399999831e+01
1.287643643600000054e+01,-3.245414354300000070e+01,-3.940208343100000121e+01,-3.653196766800000006e+01,-3.807867251799999764e+01,-3.175457605400000105e+01
1.289644644600000056e+01,-3.722727464599999792e+01,-5.368396182099999692e+01,-3.371321423700000253e+01,-3.924656828100000183e+01,-3.067078500199999880e+01
1.291645645600000059e+01,-3.167912237999999903e+01,-3.397962872200000106e+01,-3.321329102600000027e+01,-4.593855238300000110e+01,-2.945007394399999967e+01
1.293646646600000061e+01,-3.427039934399999765e+01,-4.941470094900000021e+01,-3.459838789799999859e+01,-4.611783796000000279e+01,-3.087537345499999830e+01
1.295647647600000063e+01,-4.301186353399999973e+01,-3.524091489599999960e+01,-3.849363514499999894e+01,-4.088875253199999804e+01,-3.020598548999999977e+01
1.297648648600000065e+01,-3.616491133899999966e+01,-2.937671109500000100e+01,-3.665639498499999860e+01,-3.797613819499999721e+01,-2.911324853500000032e+01
1.299649649600000068e+01,-3.506730108800000068e+01,-3.367787084399999742e+01,-3.622643621400000313e+01,-3.777786284599999789e+01,-3.562321533400000106e+01
1.301650650700000078e+01,-4.425840187800000081e+01,-3.473714740999999862e+01,-3.642574018199999841e+01,-3.384543202100000059e+01,-3.057296955199999999e+01
1.303651651700000080e+01,-6.474707108299999447e+01,-3.504824753300000140e+01,-3.999067098199999748e+01,-3.626402711099999721e+01,-3.205862790799999829e+01
1.305652652700000083e+01,-2.980804429899999874e+01,-3.501968573100000270e+01,-3.720940346999999804e+01,-3.235413102100000060e+01,-3.171124345200000150e+01
1.307653653700000085e+01,-3.102211780100000027e+01,-3.402636107000000010e+01,-4.000840863300000194e+01,-4.617050388300000208e+01,-3.005201275900000013e+01
1.309654654700000087e+01,-4.179707042399999750e+01,-3.458584890099999853e+01,-3.841210280800000021e+01,-3.737142348599999764e+01,-3.192488654499999967e+01
1.311655655699999912e+01,-3.456469849999999866e+01,-2.650852645100000160e+01,-3.455547016700000285e+01,-3.426497696100000212e+01,-3.198745847500000039e+01
1.313656656699999914e+01,-4.315359895099999932e+01,-3.874111944300000232e+01,-3.397634593099999734e+01,-3.126620611699999941e+01,-3.250741974599999651e+01
1.315657657699999916e+01,-3.613564870999999812e+01,-4.081894782100000185e+01,-4.272283018299999924e+01,-3.127051424200000085e+01,-2.971556128699999988e+01
1.317658658699999918e+01,-3.552056332200000099e+01,-3.191098908800000089e+01,-3.305242685399999658e+01,-3.295631497499999796e+01,-3.195874185699999970e+01
1.319659659699999921e+01,-2.456038316500000107e+01,-2.775203747799999832e+01,-3.320522856600000239e+01,-4.338009517199999721e+01,-3.379586069999999864e+01
1.321660660699999923e+01,-3.526135064000000341e+01,-3.809856171599999897e+01,-3.489033286200000106e+01,-3.411276102499999752e+01,-4.380619101700000328e+01
1.323661661699999925e+01,-3.147578731400000152e+01,-3.544273421399999791e+01,-3.333184808200000049e+01,-3.685625658000000016e+01,-3.605182953399999946e+01
1.325662662699999927e+01,-3.969100375899999733e+01,-3.587410986799999790e+01,-3.377659773500000284e+01,-3.774090183100000218e+01,-3.166143096200000073e+01
1.327663663699999930e+01,-4.133349065000000166e+01,-2.805994838200000174e+01,-3.312677799699999781e+01,-3.148897405399999982e+01,-3.901244734600000186e+01
1.329664664699999932e+01,-2.972467953299999976e+01,-3.255261315900000341e+01,-3.407441805900000276e+01,-3.250883795099999674e+01,-3.115389631500000078e+01
1.331665665699999934e+01,-3.491056703999999655e+01,-3.014831506699999863e+01,-3.493742542900000103e+01,-3.485864344000000159e+01,-3.446894423700000232e+01
1.333666666699999936e+01,-4.231544142300000289e+01,-4.104713918000000206e+01,-3.666720132999999748e+01,-2.916352015000000009e+01,-3.121682480200000143e+01
1.335667667699999939e+01,-4.890849351899999675e+01,-3.127157721500000065e+01,-3.162942821900000112e+01,-3.450543164999999846e+01,-3.104632618200000138e+01
1.337668668699999941e+01,-3.118724775500000135e+01,-3.044053967099999980e+01,-3.472758479099999818e+01,-2.943570992200000092e+01,-3.581739889100000340e+01
1.339669669699999943e+01,-3.515916386100000324e+01,-2.731026173100000065e+01,-3.081655046999999925e+01,-2.889210875799999911e+01,-3.245133416899999901e+01
1.341670670699999945e+01,-4.947581881699999684e+01,-3.182629092399999848e+01,-3.615573367500000046e+01,-2.737466719400000059e+01,-3.143646726700000116e+01
1.343671671699999948e+01,-3.879637239699999895e+01,-2.674822011299999858e+01,-3.337258008799999942e+01,-2.996392605599999825e+01,-3.535590018100000265e+01
1.345672672699999950e+01,-4.369956736900000038e+01,-2.251710197399999913e+01,-3.294088109100000139e+01,-2.959596617800000118e+01,-3.100687584900000004e+01
1.347673673699999952e+01,-3.434256466000000074e+01,-3.433458278100000172e+01,-3.222554788600000109e+01,-2.795407847199999907e+01,-3.184686529200000038e+01
1.349674674699999954e+01,-2.879962185799999830e+01,-2.921073672800000054e+01,-2.849406449900000027e+01,-3.020244370700000047e+01,-3.276585995399999973e+01
1.351675675699999957e+01,-3.623249873700000023e+01,-3.145378395699999885e+01,-3.299053178500000172e+01,-2.873743978599999949e+01,-3.021209494500000048e+01
1.353676676699999959e+01,-3.704296744300000199e+01,-3.010247920100000130e+01,-3.367886157800000291e+01,-2.966788314100000079e+01,-2.772424549000000127e+01
1.355677677699999961e+01,-3.431521377400000006e+01,-3.767601571899999868e+01,-3.174577753499999844e+01,-3.312461383600000175e+01,-3.341102367100000237e+01
1.357678678699999963e+01,-3.095574264400000075e+01,-3.785749140299999738e+01,-3.501404238100000299e+01,-2.999509052499999839e+01,-3.579349404199999896e+01
1.359679679699999966e+01,-3.325864911200000051e+01,-3.621891202799999832e+01,-3.042198368900000105e+01,-3.061046785599999964e+01,-3.132954327499999891e+01
1.361680680699999968e+01,-3.826086670899999831e+01,-3.098678869900000166e+01,-3.383495164699999691e+01,-3.563928974699999941e+01,-2.992337249499999885e+01
1.363681681699999970e+01,-3.461219281200000353e+01,-2.859175182599999943e+01,-3.501244705900000298e+01,-2.986376025499999898e+01,-3.049261457200000081e+01
1.365682682699999972e+01,-4.183052120699999676e+01,-3.822426025499999724e+01,-3.473724210200000329e+01,-3.133049030900000176e+01,-3.280608167700000166e+01
1.367683683699999975e+01,-4.360883702699999986e+01,-4.077063480599999679e+01,-3.238867469400000232e+01,-2.871243339400000139e+01,-2.630390636999999998e+01
1.369684684699999977e+01,-2.821416819099999884e+01,-2.549857164599999848e+01,-3.899303744800000260e+01,-3.069315767399999828e+01,-2.734709985299999957e+01
1.371685685699999979e+01,-3.398008131299999945e+01,-3.401070443999999782e+01,-2.924608323900000073e+01,-3.413648041599999772e+01,-2.859277737100000039e+01
1.373686686699999981e+01,-2.616381856599999978e+01,-3.133959822499999959e+01,-3.305439869899999650e+01,-3.214846148299999840e+01,-2.838305793900000040e+01
1.375687687699999984e+01,-3.325238981199999699e+01,-3.113974248699999947e+01,-3.626190755300000035e+01,-3.576622302300000200e+01,-2.487719509600000123e+01
1.377688688699999986e+01,-4.096918781899999829e+01,-2.389563869799999907e+01,-2.824371442600000037e+01,-3.638553649699999681e+01,-2.776689624100000131e+01
1.379689689699999988e+01,-4.504514470699999862e+01,-3.300631507300000322e+01,-3.118104827499999843e+01,-3.054435764699999822e+01,-2.898202011500000097e+01
1.381690690699999990e+01,-3.406660149700000062e+01,-3.081748242500000146e+01,-3.259356988599999738e+01,-3.052459706999999867e+01,-2.917900094100000175e+01
1.383691691699999993e+01,-4.977034588600000120e+01,-2.925872935699999999e+01,-3.484470146200000329e+01,-3.353548316599999879e+01,-2.691510000399999925e+01
1.385692692699999995e+01,-3.845484181999999862e+01,-2.520540504599999920e+01,-3.238688542399999903e+01,-3.862797447999999889e+01,-2.946485475800000131e+01
1.387693693699999997e+01,-3.827679391899999928e+01,-3.196394447200000144e+01,-3.373291141499999668e+01,-3.179513852299999854e+01,-2.870402871199999950e+01
1.389694694699999999e+01,-2.619339780500000003e+01,-2.381982685399999866e+01,-3.108499754400000015e+01,-4.059083632699999811e+01,-2.886626626700000031e+01
1.391695695700000002e+01,-4.096492607300000088e+01,-2.854971792099999917e+01,-2.849256728399999972e+01,-3.918894003500000167e+01,-3.103174639199999874e+01
1.393696696700000004e+01,-2.846270620199999968e+01,-2.580618040799999946e+01,-2.985380696900000075e+01,-3.784829041799999771e+01,-2.586239740599999948e+01
1.395697697700000006e+01,-6.216458130200000198e+01,-2.970336527199999921e+01,-3.080179003099999946e+01,-3.777561171400000006e+01,-2.929595072600000094e+01
1.397698698700000008e+01,-3.381491578800000042e+01,-2.370176579199999978e+01,-2.897474802900000057e+01,-3.718149096900000217e+01,-3.198304972000000035e+01
1.399699699700000011e+01,-3.736876573699999682e+01,-2.828818401699999896e+01,-3.122494483899999906e+01,-3.629799941499999960e+01,-3.164066245900000141e+01
1.401700700700000013e+01,-4.070650366600000325e+01,-3.173551931200000098e+01,-3.027979715000000027e+01,-4.361997427699999719e+01,-3.100218718900000070e+01
1.403701701700000015e+01,-3.145465557099999998e+01,-2.587197689399999945e+01,-3.091295941999999997e+01,-4.646310394399999666e+01,-3.336618203399999771e+01
1.405702702700000017e+01,-3.407202413299999932e+01,-2.582130601700000128e+01,-3.034521018499999911e+01,-3.877012285299999661e+01,-3.550566554400000285e+01
1.407703703700000020e+01,-3.037576396100000053e+01,-3.415872410299999729e+01,-3.377569881800000218e+01,-4.065134899699999949e+01,-3.703537250899999833e+01
1.409704704700000022e+01,-3.288932011200000005e+01,-2.664770191699999913e+01,-3.009685893900000053e+01,-3.623021867100000293e+01,-3.838600511599999976e+01
1.411705705700000024e+01,-3.880234221999999988e+01,-3.359264062100000103e+01,-2.974387116799999831e+01,-3.057972756199999864e+01,-3.912179987100000034e+01
1.413706706700000026e+01,-4.159122988699999723e+01,-3.475172432200000117e+01,-3.103497835099999946e+01,-3.425239258300000245e+01,-3.322213394300000289e+01
1.415707707700000029e+01,-3.855873776199999980e+01,-3.114815946099999877e+01,-3.161518647000000115e+01,-3.181141232499999916e+01,-4.349084117799999660e+01
1.417708708700000031e+01,-3.514121815699999729e+01,-2.982147145200000082e+01,-3.121138894699999966e+01,-3.343352800600000307e+01,-3.598065446399999701e+01
1.419709709700000033e+01,-3.904919538800000112e+01,-2.839428246599999994e+01,-3.263714640599999939e+01,-3.684068963299999666e+01,-3.691513643599999739e+01
1.421710710700000035e+01,-4.110839657999999730e+01,-3.201158368699999812e+01,-3.222644989500000179e+01,-3.617077138799999858e+01,-4.331822007400000274e+01
1.423711711700000038e+01,-3.837162007100000238e+01,-2.896629900199999952e+01,-3.386362623699999830e+01,-3.314485857799999735e+01,-3.743376982699999900e+01
1.425712712700000040e+01,-5.630641536899999977e+01,-3.242995006700000005e+01,-3.414964789500000109e+01,-3.554571971600000069e+01,-3.439006581499999982e+01
1.427713713700000042e+01,-3.481865307300000012e+01,-3.084234612299999867e+01,-3.485992906799999957e+01,-3.123337007800000009e+01,-3.773173676700000101e+01
1.429714714700000044e+01,-4.065138608299999845e+01,-3.028977732499999931e+01,-4.161686780200000157e+01,-3.310553541000000166e+01,-4.152536720799999870e+01
1.431715715700000047e+01,-3.942944467299999900e+01,-2.953050435899999826e+01,-3.670099448999999936e+01,-3.752522547000000230e+01,-3.930662096199999667e+01
1.433716716700000049e+01,-4.262553715500000351e+01,-3.087030549800000045e+01,-4.994503397100000086e+01,-4.253017836800000140e+01,-3.612255476699999690e+01
1.435717717700000051e+01,-3.649499098900000149e+01,-2.255799126899999862e+01,-3.526089487099999786e+01,-3.247874986600000113e+01,-3.468388719499999695e+01
1.437718718700000053e+01,-2.911161131800000135e+01,-3.932399727300000336e+01,-3.499967648900000228e+01,-3.475780697799999786e+01,-4.348198276699999809e+01
1.439719719700000056e+01,-3.324026866300000194e+01,-2.739482091900000071e+01,-3.616511482899999663e+01,-3.638876390699999774e+01,-4.027672526599999969e+01
1.441720720700000058e+01,-3.214241789799999793e+01,-3.700910623899999763e+01,-4.859690195799999657e+01,-2.988593254799999954e+01,-3.576526100899999960e+01
1.443721721700000060e+01,-3.772152835499999668e+01,-3.490550673100000267e+01,-3.120240450500000051e+01,-3.159205364500000002e+01,-3.345906722200000161e+01
1.445722722700000062e+01,-4.754489943699999799e+01,-3.814858499399999658e+01,-3.667859873500000134e+01,-3.169300159799999861e+01,-4.071656689699999987e+01
1.447723723700000065e+01,-3.552357346800000215e+01,-2.851408619700000102e+01,-3.127474653200000176e+01,-3.719374357400000264e+01,-4.607949573599999837e+01
1.449724724700000067e+01,-4.076864687700000189e+01,-2.959498035400000049e+01,-4.008384878999999756e+01,-3.420172618699999845e+01,-3.853760485899999821e+01
1.451725725700000069e+01,-3.678842044799999655e+01,-2.818320218299999880e+01,-4.689715136899999948e+01,-3.145167721600000021e+01,-3.395931831000000045e+01
1.453726726700000071e+01,-3.568372446699999756e+01,-3.882698833300000274e+01,-3.560125348500000086e+01,-2.984894889199999923e+01,-3.534983564099999853e+01
1.455727727700000074e+01,-3.403896747999999661e+01,-1.863708678600000113e+01,-4.681374719400000117e+01,-3.176940838499999842e+01,-3.324192203599999829e+01
1.457728728700000076e+01,-3.282170515600000016e+01,-3.968053872499999812e+01,-3.724702312899999868e+01,-3.907445960100000093e+01,-3.509479332600000134e+01
1.459729729700000078e+01,-3.149686506800000174e+01,-4.209611444600000141e+01,-3.004066278000000167e+01,-3.479202699799999721e+01,-3.789105898599999733e+01
1.461730730700000080e+01,-4.217391513300000128e+01,-2.696655443399999896e+01,-5.089140892900000068e+01,-3.980841378299999889e+01,-3.237181367499999851e+01
1.463731731700000083e+01,-3.647336503199999669e+01,-4.440731967400000002e+01,-3.783688188299999666e+01,-3.206916520800000114e+01,-4.032993163599999775e+01
1.465732732700000085e+01,-5.337253418099999891e+01,-3.635892992200000151e+01,-3.467154148000000191e+01,-4.182484963299999947e+01,-3.513926198699999759e+01
1.467733733700000087e+01,-3.742241063200000184e+01,-3.818874566899999934e+01,-3.047867437100000032e+01,-3.669108120799999995e+01,-3.283677069499999845e+01
1.469734734699999912e+01,-4.331918932399999989e+01,-3.546337956400000024e+01,-3.630998628300000064e+01,-3.511768583799999988e+01,-2.932994178499999904e+01
1.471735735699999914e+01,-3.510697878700000274e+01,-3.022507476399999859e+01,-3.900927734100000066e+01,-4.542988999399999983e+01,-3.368044249599999773e+01
1.473736736699999916e+01,-4.380284785799999980e+01,-2.522313241899999881e+01,-3.417349678600000118e+01,-4.592038728299999661e+01,-3.379342125000000152e+01
1.475737737699999919e+01,-4.097149370000000346e+01,-3.198731908099999899e+01,-3.887182583199999897e+01,-3.840588077999999683e+01,-2.766986764800000032e+01
1.477738738699999921e+01,-2.860693691499999858e+01,-3.218619258199999678e+01,-2.932471213099999829e+01,-4.985393126000000308e+01,-3.151158175999999855e+01
1.479739739699999923e+01,-2.922081170899999947e+01,-3.387035541899999913e+01,-3.126603290599999951e+01,-4.882831086000000198e+01,-3.039144439800000086e+01
1.481740740699999925e+01,-2.690871233500000059e+01,-3.676375469199999912e+01,-2.863836985200000029e+01,-3.723338240700000057e+01,-4.008876084599999956e+01
1.483741741699999928e+01,-3.236275949899999915e+01,-2.909049489799999932e+01,-3.460709601500000332e+01,-4.804754779799999653e+01,-2.744835274700000127e+01
1.485742742699999930e+01,-3.209099835899999675e+01,-2.886595831700000048e+01,-3.534413174800000235e+01,-4.672897677499999958e+01,-2.839707918199999881e+01
1.487743743699999932e+01,-3.065705187400000042e+01,-3.877552327499999762e+01,-3.008744431499999905e+01,-3.559450640099999674e+01,-2.979547976899999995e+01
1.489744744699999934e+01,-3.616645174700000354e+01,-3.035863080700000083e+01,-2.902273950100000022e+01,-4.005680380300000110e+01,-2.873218837499999978e+01
1.491745745699999937e+01,-3.426605686399999939e+01,-4.780366737199999960e+01,-2.969992114600000122e+01,-3.994358103799999782e+01,-3.194651561199999890e+01
1.493746746699999939e+01,-3.668663267400000194e+01,-2.558652464400000071e+01,-3.749530968900000261e+01,-3.169898146299999908e+01,-3.004538188900000151e+01
1.495747747699999941e+01,-3.540797987199999852e+01,-3.958664881400000013e+01,-3.362210102899999953e+01,-4.543557360100000153e+01,-3.198635090699999850e+01
1.497748748699999943e+01,-3.937741793800000067e+01,-4.642016941499999660e+01,-3.619585515600000036e+01,-3.099748427200000123e+01,-2.724909995799999862e+01
1.499749749699999946e+01,-3.250466466200000326e+01,-3.330560436300000049e+01,-3.246770978299999655e+01,-2.871641732999999874e+01,-2.730734307699999874e+01
1.501750750799999956e+01,-3.658021494999999845e+01,-3.477855016800000243e+01,-3.449326007500000202e+01,-3.863855391999999966e+01,-3.179845726900000003e+01
1.503751751799999958e+01,-4.482900661899999761e+01,-4.014698088400000131e+01,-3.443991347899999766e+01,-4.555489057700000188e+01,-3.593578411200000033e+01
1.505752752799999961e+01,-3.224215225799999729e+01,-3.476184720900000258e+01,-3.223149949399999770e+01,-3.778486167199999812e+01,-2.974260990300000174e+01
1.507753753799999963e+01,-4.397685369199999883e+01,-3.123497154600000059e+01,-2.952436274800000149e+01,-5.432671955699999700e+01,-2.899975348199999914e+01
1.509754754799999965e+01,-3.788346456699999720e+01,-2.423618204499999962e+01,-2.818317281699999910e+01,-4.203924909399999876e+01,-3.425458641299999840e+01
1.511755755799999967e+01,-4.118883050099999821e+01,-3.712296324599999764e+01,-2.749416844199999943e+01,-3.974105704099999770e+01,-2.642963858299999913e+01
1.513756756799999970e+01,-3.579936697899999842e+01,-4.227841199699999919e+01,-2.522519502200000119e+01,-2.856507480699999846e+01,-2.625862042600000024e+01
1.515757757799999972e+01,-4.685184402800000214e+01,-3.683795923400000305e+01,-2.389654492200000035e+01,-3.552546946500000047e+01,-3.133970313600000068e+01
1.517758758799999974e+01,-3.215547207099999838e+01,-3.292112192300000117e+01,-2.641556652199999888e+01,-2.770243468600000014e+01,-3.349123079000000303e+01
1.519759759799999976e+01,-4.180952612400000135e+01,-3.863553860900000103e+01,-2.514281986599999996e+01,-3.140808975199999864e+01,-2.850026329599999997e+01
1.521760760799999979e+01,-4.301163575399999672e+01,-3.121066536000000013e+01,-2.594886506699999984e+01,-4.183363262900000024e+01,-2.867220257900000036e+01
1.523761761799999981e+01,-3.817280352400000254e+01,-3.602363511099999727e+01,-2.727623644000000169e+01,-3.295038295100000170e+01,-3.114230492300000108e+01
1.525762762799999983e+01,-6.491482624399999679e+01,-4.297007093399999889e+01,-2.674784280500000122e+01,-3.588274672600000059e+01,-2.139087492799999879e+01
1.527763763799999985e+01,-3.618073036300000211e+01,-3.142282840100000030e+01,-2.511410782900000171e+01,-4.330022602999999748e+01,-2.915990395800000101e+01
1.529764764799999988e+01,-4.202882361900000063e+01,-3.619850806000000176e+01,-2.661739166199999929e+01,-3.764642145300000209e+01,-2.739715249099999994e+01
1.531765765799999990e+01,-3.925357418899999828e+01,-4.133041608599999961e+01,-2.839978977000000171e+01,-3.605031453600000191e+01,-3.062995565499999984e+01
1.533766766799999992e+01,-3.764771564299999795e+01,-3.550516554099999667e+01,-2.544549485799999999e+01,-3.909225488399999904e+01,-2.956893501700000115e+01
1.535767767799999994e+01,-4.553541290999999802e+01,-2.143056287399999960e+01,-2.840195819199999860e+01,-3.652143131799999765e+01,-3.123709743199999878e+01
1.537768768799999997e+01,-4.227031733999999830e+01,-3.989175833200000199e+01,-2.709492178200000012e+01,-3.601096431999999936e+01,-3.260216035900000264e+01
1.539769769799999999e+01,-3.406751769299999921e+01,-4.489550576599999943e+01,-2.645923647900000120e+01,-3.225129652799999747e+01,-3.654132206300000263e+01
1.541770770800000001e+01,-3.701167007499999784e+01,-4.072827869900000053e+01,-2.697619023200000044e+01,-3.475148160999999902e+01,-3.741130119500000006e+01
1.543771771800000003e+01,-3.515953044300000130e+01,-3.701979187700000296e+01,-2.958099540399999938e+01,-3.329433743399999912e+01,-4.961993698999999935e+01
1.545772772800000006e+01,-2.958965000499999931e+01,-4.910490501200000324e+01,-3.148716441399999866e+01,-3.679324354300000266e+01,-4.488480267399999946e+01
1.547773773800000008e+01,-1.610977171800000107e+01,-4.205730654900000332e+01,-2.898080546499999954e+01,-4.234002522499999799e+01,-4.695956044500000104e+01
1.549774774800000010e+01,-4.049015079499999814e+01,-4.221164916000000034e+01,-3.000200587300000166e+01,-4.047459908300000109e+01,-3.004222160899999849e+01
1.551775775800000012e+01,-3.037228176400000024e+01,-3.880207984599999804e+01,-2.892099165899999846e+01,-3.725381195199999951e+01,-3.642351764400000036e+01
1.553776776800000015e+01,-5.095835116899999662e+01,-3.524410277100000144e+01,-2.754941997699999945e+01,-4.140915147900000193e+01,-3.617016935699999891e+01
1.555777777800000017e+01,-2.938917604799999950e+01,-2.807213030599999826e+01,-2.883208266300000133e+01,-4.501989109299999825e+01,-3.236749840200000250e+01
1.557778778800000019e+01,-3.943815622200000348e+01,-3.513370811699999763e+01,-2.599990887799999939e+01,-4.100399069499999882e+01,-2.932862393799999978e+01
1.559779779800000021e+01,-4.660421936499999873e+01,-3.527767742500000026e+01,-2.771558987699999932e+01,-4.217831368699999928e+01,-3.443649496900000173e+01
1.561780780800000024e+01,-4.298075306999999867e+01,-2.846131649799999863e+01,-2.658103664500000107e+01,-3.365008489299999894e+01,-3.096764462799999862e+01
1.563781781800000026e+01,-3.435943158199999914e+01,-4.528847010199999801e+01,-2.691771832399999909e+01,-4.710766697199999697e+01,-3.337824544299999729e+01
1.565782782800000028e+01,-5.187118302100000022e+01,-3.435052001700000091e+01,-2.456293210700000174e+01,-3.563293253799999860e+01,-2.994483613799999944e+01
1.567783783800000030e+01,-2.540036388200000061e+01,-3.262376859900000170e+01,-2.457074236100000064e+01,-5.079235353300000355e+01,-3.157089329000000077e+01
1.569784784800000033e+01,-5.148051078700000005e+01,-3.549929124500000199e+01,-2.512703122099999931e+01,-3.952378814699999765e+01,-2.871285268300000126e+01
1.571785785800000035e+01,-3.345398082700000231e+01,-1.682511461200000014e+01,-2.656085679299999924e+01,-4.447627755399999927e+01,-2.939788570300000003e+01
1.573786786800000037e+01,-3.927300027199999732e+01,-3.749393085799999881e+01,-2.668959039799999999e+01,-3.573457581899999980e+01,-3.151081253999999987e+01
1.575787787800000039e+01,-3.456895642700000337e+01,-3.438742320200000080e+01,-2.676007604200000145e+01,-3.862387283200000354e+01,-2.739571828900000128e+01
1.577788788800000042e+01,-3.861962993400000244e+01,-3.832906969700000133e+01,-2.694858680400000139e+01,-3.340817036199999990e+01,-2.701891153500000087e+01
1.579789789800000044e+01,-3.827288934300000278e+01,-2.729418327999999860e+01,-2.752310009500000021e+01,-4.445926691100000028e+01,-2.726048454300000046e+01
1.581790790800000046e+01,-2.929304691200000121e+01,-3.545050130500000307e+01,-3.198610262200000065e+01,-3.707181712199999879e+01,-3.087955673600000139e+01
1.583791791800000048e+01,-4.408909245699999957e+01,-3.913907532999999717e+01,-2.561886015600000022e+01,-4.139781640100000004e+01,-3.421764069500000005e+01
1.585792792800000051e+01,-4.729442165500000073e+01,-3.406153627399999806e+01,-2.713388274700000125e+01,-4.979849865500000305e+01,-2.716544373600000029e+01
1.587793793800000053e+01,-3.115794484899999972e+01,-3.839447220299999941e+01,-2.792609399799999892e+01,-4.128095658600000206e+01,-3.256178614499999924e+01
1.589794794800000055e+01,-3.759907778600000228e+01,-4.081979165999999992e+01,-2.762527111200000007e+01,-3.599144871200000040e+01,-2.892743496900000011e+01
1.591795795800000057e+01,-3.844579181900000009e+01,-3.068787287399999997e+01,-2.786567607799999990e+01,-4.062942309099999960e+01,-2.940719772799999987e+01
1.593796796800000060e+01,-3.517923833700000102e+01,-4.072842217600000225e+01,-2.772068287300000122e+01,-3.250858761799999996e+01,-2.741031093000000141e+01
1.595797797800000062e+01,-4.245307262600000087e+01,-3.285152112099999755e+01,-2.523051215499999955e+01,-3.136382073400000081e+01,-3.199413064799999873e+01
1.597798798800000064e+01,-5.124806668400000120e+01,-3.428818632600000171e+01,-2.367961375000000146e+01,-2.979275007500000072e+01,-2.658432867400000177e+01
1.599799799800000066e+01,-4.018780358000000064e+01,-3.587117021400000283e+01,-2.415885722699999860e+01,-3.434930336200000056e+01,-2.919455876600000011e+01
1.601800800799999891e+01,-4.312227439400000151e+01,-4.808357172899999910e+01,-2.646938237000000171e+01,-3.894451759700000082e+01,-2.647043960199999901e+01
1.603801801799999893e+01,-4.579465266999999784e+01,-4.066481469800000070e+01,-2.917431608400000087e+01,-4.158785175199999884e+01,-2.923560741300000032e+01
1.605802802799999895e+01,-4.011621809700000085e+01,-4.155408266900000314e+01,-2.160250692500000014e+01,-3.044549087900000117e+01,-3.005471542300000110e+01
1.607803803799999898e+01,-3.519503400600000020e+01,-3.533928307400000079e+01,-2.285944233400000059e+01,-3.904885945299999861e+01,-2.709332280699999984e+01
1.609804804799999900e+01,-3.553461889300000109e+01,-4.315224079299999715e+01,-2.211778743700000049e+01,-4.315519197799999773e+01,-3.020308717200000004e+01
1.611805805799999902e+01,-4.169317773400000249e+01,-2.659813827400000008e+01,-1.991922358100000068e+01,-3.740629423899999750e+01,-2.953007953199999847e+01
1.613806806799999904e+01,-4.085797104499999932e+01,-3.576945902199999949e+01,-2.240857031000000177e+01,-3.108772462900000022e+01,-2.771231148900000107e+01
1.615807807799999907e+01,-3.843649844099999768e+01,-6.341629949800000077e+01,-2.270488863699999982e+01,-2.986425303900000117e+01,-3.297484370600000148e+01
1.617808808799999909e+01,-4.321082161100000008e+01,-3.455347544199999987e+01,-2.064598796599999986e+01,-3.398031617800000248e+01,-2.538641811899999823e+01
1.619809809799999911e+01,-4.388861933500000134e+01,-3.861298003400000312e+01,-1.928212918499999873e+01,-3.828486268500000023e+01,-2.517313128500000019e+01
1.621810810799999913e+01,-4.807635904499999668e+01,-3.051775239099999837e+01,-2.108552725499999880e+01,-3.406220965499999664e+01,-2.637045409699999965e+01
1.623811811799999916e+01,-3.555913754600000232e+01,-3.396628070300000246e+01,-2.129547573199999988e+01,-4.400918716599999669e+01,-2.547207565900000148e+01
1.625812812799999918e+01,-4.713445161199999944e+01,-2.308133213900000058e+01,-2.079413762200000093e+01,-3.442287195499999797e+01,-3.474409808899999774e+01
1.627813813799999920e+01,-4.449940342400000048e+01,-4.460544566899999808e+01,-2.246680224199999998e+01,-3.690188734899999901e+01,-2.649466192799999931e+01
1.629814814799999922e+01,-3.033609580299999919e+01,-3.461109952099999987e+01,-2.308781052499999831e+01,-3.724177888300000205e+01,-3.091199482700000090e+01
1.631815815799999925e+01,-3.694608661099999836e+01,-4.084340367099999725e+01,-2.474598225300000109e+01,-3.714042607300000043e+01,-2.823521208600000065e+01
1.633816816799999927e+01,-4.246973635500000199e+01,-5.232865066499999784e+01,-2.547882670199999922e+01,-3.743248367599999682e+01,-3.056750587000000152e+01
1.635817817799999929e+01,-2.781472944700000127e+01,-2.745371569299999948e+01,-2.366575229500000077e+01,-4.438814916300000135e+01,-2.964082928699999897e+01
1.637818818799999931e+01,-3.488021109900000027e+01,-2.763723813500000048e+01,-2.439889676600000001e+01,-2.698957758099999893e+01,-3.301055210100000181e+01
1.639819819799999934e+01,-5.189435587900000257e+01,-2.967395431899999991e+01,-2.771828390299999967e+01,-2.894057742400000066e+01,-3.297890560399999771e+01
1.641820820799999936e+01,-2.640333736199999848e+01,-3.756417833599999767e+01,-2.815446068299999993e+01,-3.073876707499999839e+01,-3.978150622500000111e+01
1.643821821799999938e+01,-3.121214038400000135e+01,-2.774467204400000142e+01,-3.135849039400000038e+01,-3.027771185699999990e+01,-4.380122239500000347e+01
1.645822822799999940e+01,-3.669797864400000265e+01,-2.772492997399999837e+01,-3.552765672099999961e+01,-3.301811340300000097e+01,-3.074877245800000125e+01
1.647823823799999943e+01,-2.533915037299999895e+01,-3.382780165700000197e+01,-2.826985891700000053e+01,-4.109398460100000250e+01,-2.101025723700000114e+01
1.649824824799999945e+01,-3.128246020899999991e+01,-2.810542310399999977e+01,-4.059148491500000233e+01,-3.231210915599999822e+01,-3.182333556100000038e+01
1.651825825799999947e+01,-3.960594222999999658e+01,-4.188917541400000033e+01,-2.553122743899999847e+01,-3.237530660400000215e+01,-2.611576043999999897e+01
1.653826826799999949e+01,-2.809266376500000106e+01,-2.896274456600000136e+01,-3.001299339499999874e+01,-3.224137212200000135e+01,-2.389097756900000036e+01
1.655827827799999952e+01,-2.764312100800000138e+01,-2.771823112599999916e+01,-3.288247504299999946e+01,-3.217047495799999979e+01,-2.546539602600000052e+01
1.657828828799999954e+01,-1.994031684100000135e+01,-3.814089414600000083e+01,-2.731701311500000173e+01,-2.938353985299999849e+01,-2.954906051000000033e+01
1.659829829799999956e+01,-4.146207512099999803e+01,-3.627411452399999803e+01,-3.188893673400000139e+01,-3.146853322100000128e+01,-3.402580872299999726e+01
1.661830830799999958e+01,-3.153502076499999873e+01,-3.218358306100000021e+01,-3.001720896999999866e+01,-4.231648637499999666e+01,-2.748635395699999862e+01
1.663831831799999961e+01,-2.872771061399999937e+01,-3.238685410299999745e+01,-3.098153239399999848e+01,-3.824648191600000047e+01,-2.091442071100000177e+01
1.665832832799999963e+01,-2.488121064399999938e+01,-3.364338717199999707e+01,-2.741591552199999882e+01,-3.867276231200000325e+01,-2.285835456999999948e+01
1.667833833799999965e+01,-2.843373214800000071e+01,-3.399181358300000255e+01,-2.951016432799999833e+01,-4.816196372900000000e+01,-2.613717788399999975e+01
1.669834834799999967e+01,-3.057254374500000083e+01,-4.329671053799999925e+01,-2.737777478299999956e+01,-3.293557515900000254e+01,-2.451496391999999958e+01
1.671835835799999970e+01,-1.181136714800000043e+01,-3.454558539100000303e+01,-2.874026004899999975e+01,-3.295724591900000178e+01,-2.605823911199999898e+01
1.673836836799999972e+01,-3.682811853199999774e+01,-3.854686306600000023e+01,-2.646088848300000151e+01,-4.061467200300000258e+01,-2.751080772299999921e+01
1.675837837799999974e+01,-3.235391948299999854e+01,-3.701565511399999764e+01,-2.686016779899999918e+01,-3.376996114199999965e+01,-2.547516403599999890e+01
1.677838838799999976e+01,-3.731876596200000051e+01,-4.907172946699999727e+01,-2.772350473099999846e+01,-2.878274658500000172e+01,-2.385692408599999936e+01
1.679839839799999979e+01,-3.256357753199999649e+01,-2.785802488199999871e+01,-3.021755603300000104e+01,-4.225911597900000061e+01,-1.599278889700000050e+01
1.681840840799999981e+01,-2.303816958499999856e+01,-3.514689041100000111e+01,-3.034152680600000096e+01,-3.467499231899999756e+01,-2.834445283999999887e+01
1.683841841799999983e+01,-3.408569536800000321e+01,-3.778878386200000250e+01,-2.705390700499999923e+01,-3.132896039599999938e+01,-3.122457492199999862e+01
1.685842842799999985e+01,-3.608191485999999770e+01,-3.813628757299999705e+01,-3.084524755400000018e+01,-3.665283972600000340e+01,-1.531840395999999949e+01
1.687843843799999988e+01,-4.267028313099999792e+01,-3.870153165100000336e+01,-3.912082949399999876e+01,-2.900006203799999938e+01,-2.573421431899999945e+01
1.689844844799999990e+01,-3.562320526399999920e+01,-2.705536595299999902e+01,-2.627982950000000173e+01,-4.697008047599999969e+01,-2.749221398299999919e+01
1.691845845799999992e+01,-2.763730424299999910e+01,-3.649608192600000223e+01,-2.679149243499999855e+01,-4.156112026200000287e+01,-2.398034634800000120e+01
1.693846846799999994e+01,-4.442053130099999692e+01,-3.499631418100000246e+01,-2.335288922599999850e+01,-3.466678263699999718e+01,-2.575972311599999998e+01
1.695847847799999997e+01,-4.303324087299999690e+01,-3.204318567199999990e+01,-3.387786946500000340e+01,-3.760958851699999883e+01,-2.527544657299999997e+01
1.697848848799999999e+01,-3.285370673700000310e+01,-3.008619613400000148e+01,-3.032410962899999873e+01,-4.857998439200000007e+01,-2.497246504900000019e+01
1.699849849800000001e+01,-3.967947571100000204e+01,-3.889447867100000167e+01,-2.652607058699999953e+01,-3.953372102499999841e+01,-2.341927762399999935e+01
1.701850850900000012e+01,-3.728811683699999691e+01,-2.789000906200000074e+01,-2.591134766700000114e+01,-4.371086477699999762e+01,-1.910745048100000076e+01
1.703851851900000014e+01,-2.611834398899999954e+01,-2.782986108000000058e+01,-2.600252132399999994e+01,-4.024393141000000185e+01,-3.574972732399999842e+01
1.705852852900000016e+01,-3.580035174799999709e+01,-3.475095124500000310e+01,-3.185752883600000018e+01,-3.243306906099999765e+01,-2.319638019399999962e+01
1.707853853900000018e+01,-4.231890893900000350e+01,-1.919970324699999864e+01,-2.807476166800000072e+01,-3.511410226200000295e+01,-2.444297255400000068e+01
1.709854854900000021e+01,-3.739957001199999809e+01,-2.160820396800000154e+01,-2.739213850200000167e+01,-3.337276163100000304e+01,-2.790531732000000176e+01
1.711855855900000023e+01,-4.542516255299999983e+01,-2.821758068400000141e+01,-3.057618253600000102e+01,-3.435137191300000126e+01,-3.271140466199999963e+01
1.713856856900000025e+01,-2.683751115500000139e+01,-2.121095423599999918e+01,-2.426117421500000049e+01,-4.354933951699999994e+01,-2.429643559200000169e+01
1.715857857900000027e+01,-2.921541746799999828e+01,-2.393530420000000092e+01,-2.401657446800000173e+01,-4.446735369400000337e+01,-2.744932221999999911e+01
1.717858858900000030e+01,-4.170985699599999919e+01,-2.746468579600000126e+01,-2.820943929199999900e+01,-3.552777042000000307e+01,-2.751729726199999959e+01
1.719859859900000032e+01,-4.023096076600000259e+01,-4.031398856300000233e+01,-2.667811889200000053e+01,-3.435090066699999767e+01,-2.545933467900000124e+01
1.721860860900000034e+01,-3.370950439599999982e+01,-2.594032829500000048e+01,-2.521525397699999971e+01,-3.134380811899999841e+01,-3.425206406699999917e+01
1.723861861900000036e+01,-3.557822152199999977e+01,-3.326166187799999818e+01,-2.489355322000000115e+01,-3.741161654300000095e+01,-2.528756656899999911e+01
1.725862862900000039e+01,-3.667762076999999721e+01,-3.106407872100000134e+01,-2.791959398099999845e+01,-3.723804984200000234e+01,-2.637551073199999863e+01
1.727863863900000041e+01,-3.566169752799999770e+01,-3.175078848000000065e+01,-3.002021689500000079e+01,-2.777848897200000167e+01,-3.242047328400000339e+01
1.729864864900000043e+01,-3.726431995200000102e+01,-3.908433804700000280e+01,-2.693219602899999998e+01,-2.764555661600000036e+01,-3.117880410200000085e+01
1.731865865900000045e+01,-3.784659331699999996e+01,-3.259450135299999829e+01,-2.381020613600000146e+01,-3.457432207600000140e+01,-1.562129159899999920e+01
1.733866866900000048e+01,-3.080559466700000115e+01,-3.203605421799999675e+01,-2.685420179500000160e+01,-3.393933705799999956e+01,-2.395792920899999956e+01
1.735867867900000050e+01,-1.712603284800000125e+01,-3.400420681300000325e+01,-2.986622782699999945e+01,-4.431110098100000272e+01,-2.393832125899999852e+01
1.737868868900000052e+01,-3.266268700700000238e+01,-2.655802586100000084e+01,-2.521038162700000029e+01,-4.835972655700000189e+01,-2.921848198400000030e+01
1.739869869900000054e+01,-3.889681330599999853e+01,-3.477623770200000308e+01,-2.512962960300000148e+01,-3.942956614399999893e+01,-2.130277467699999860e+01
1.741870870900000057e+01,-3.403532966899999934e+01,-3.524209711999999683e+01,-2.355677909399999947e+01,-3.409181897399999883e+01,-2.643137286800000041e+01
1.743871871900000059e+01,-3.543646321599999993e+01,-2.611317578999999967e+01,-2.379151642300000091e+01,-3.227262812099999678e+01,-2.972357906399999905e+01
1.745872872900000061e+01,-2.467369735000000119e+01,-2.959316886399999902e+01,-2.848027565299999964e+01,-3.440016067399999855e+01,-3.218878854500000131e+01
1.747873873900000063e+01,-3.143691628799999904e+01,-2.857290736999999936e+01,-2.687689243599999855e+01,-3.888645811300000332e+01,-2.316526680799999838e+01
1.749874874900000066e+01,-2.317427868200000063e+01,-2.362692949399999875e+01,-3.340164996299999700e+01,-3.361194614000000058e+01,-2.477014306899999951e+01
1.751875875900000068e+01,-3.377090990699999651e+01,-3.494358483700000306e+01,-2.247028097800000168e+01,-2.748064386000000070e+01,-3.366570740299999898e+01
1.753876876900000070e+01,-3.410160182199999923e+01,-3.509877054399999707e+01,-2.673317764400000129e+01,-4.291330103300000332e+01,-8.667214026299999929e+00
1.755877877900000072e+01,-2.780100957000000150e+01,-2.929611153600000151e+01,-2.758647324400000045e+01,-2.707809464700000035e+01,-2.235587269000000177e+01
1.757878878900000075e+01,-2.924619000799999924e+01,-3.235148708300000209e+01,-2.444580727199999970e+01,-2.682684629599999937e+01,-2.031924007699999990e+01
1.759879879900000077e+01,-4.732981976199999963e+01,-2.229691957700000060e+01,-2.466866156400000065e+01,-3.819857724500000273e+01,-1.996035947000000021e+01
1.761880880900000079e+01,-2.353953462699999832e+01,-3.483781052300000169e+01,-2.842821303599999894e+01,-4.161368994699999746e+01,-3.523144459800000305e+01
1.763881881900000081e+01,-3.237845947200000296e+01,-2.398412206900000143e+01,-3.025316259299999899e+01,-2.926038988099999827e+01,-2.096274716299999952e+01
1.765882882900000084e+01,-3.461295578400000039e+01,-2.534107994900000094e+01,-3.365341559299999830e+01,-2.683915613199999939e+01,-1.582814502799999978e+01
1.767883883900000086e+01,-2.362481108100000071e+01,-2.882115264300000135e+01,-2.766855629000000150e+01,-2.996490101999999922e+01,-2.739042136300000152e+01
1.769884884900000088e+01,-2.878475814200000116e+01,-3.332888165800000024e+01,-3.402703620599999823e+01,-3.319175733800000216e+01,-3.667666308399999764e+01
1.771885885900000090e+01,-2.801992510199999842e+01,-2.120117869899999974e+01,-2.790199902899999884e+01,-2.860042782700000075e+01,-2.549500134199999835e+01
1.773886886900000093e+01,-3.983792299000000270e+01,-3.339063605999999851e+01,-2.177975754399999886e+01,-3.623233479099999954e+01,-2.664631107099999952e+01
1.775887887900000095e+01,-4.115474620100000180e+01,-2.441213132000000030e+01,-2.464827511800000082e+01,-3.377080285800000325e+01,-2.210308496500000075e+01
1.777888888900000097e+01,-2.991650007599999839e+01,-1.358829784099999927e+01,-2.766242328399999906e+01,-2.537707924300000073e+01,-2.931248322500000114e+01
1.779889889900000099e+01,-3.744058418099999841e+01,-2.033756359399999880e+01,-2.205560383799999968e+01,-4.120647949899999674e+01,-1.993383280600000163e+01
1.781890890900000102e+01,-4.369197367400000331e+01,-2.435212350700000172e+01,-2.105072305999999926e+01,-2.274030321700000101e+01,-2.900623553300000168e+01
1.783891891900000104e+01,-2.367612866300000007e+01,-2.036266631399999838e+01,-3.098090059800000162e+01,-2.490310988599999931e+01,-1.710748097999999828e+01
1.785892892900000106e+01,-3.874679397900000311e+01,-4.411986732500000130e+01,-2.900110091799999879e+01,-3.131730331199999995e+01,-2.635604693100000162e+01
1.787893893900000108e+01,-3.354374361400000026e+01,-1.395762120000000017e+01,-1.999817492900000104e+01,-1.268131480399999944e+01,-2.612413163600000132e+01
1.789894894900000111e+01,-3.991651293599999661e+01,-1.537820475700000067e+01,-2.619063279599999916e+01,-2.590289699099999865e+01,-2.073828293000000045e+01
1.791895895900000113e+01,-3.203603901500000006e+01,-2.684603734099999883e+01,-2.321990188499999874e+01,-3.158756382500000015e+01,-2.454110143100000130e+01
1.793896896900000115e+01,-3.746991942700000067e+01,-2.948030142100000006e+01,-2.534116809500000045e+01,-3.482779683300000073e+01,-2.965119352800000030e+01
1.795897897900000117e+01,-4.002621424299999831e+01,-2.024459589699999995e+01,-2.787044478199999986e+01,-3.909056852900000223e+01,-3.151690262600000025e+01
1.797898898900000120e+01,-4.115206369300000233e+01,-2.933259703299999899e+01,-2.013406182700000002e+01,-2.435154968200000170e+01,-2.123203425699999869e+01
1.799899899900000122e+01,-3.648983982800000092e+01,-1.334402030600000089e+01,-2.030666923700000126e+01,-1.879633077600000135e+01,-1.946761034600000073e+01
1.801900900900000124e+01,-4.215904170400000339e+01,-2.322281174500000134e+01,-2.258302190199999870e+01,-3.851399626199999915e+01,-4.829709978300000017e+01
1.803901901900000126e+01,-5.041400962499999849e+01,-3.640513186700000148e+01,-2.223393942199999884e+01,-2.229017587199999895e+01,-2.299226467600000046e+00
1.805902902900000129e+01,-2.722194754999999944e+01,-2.557296227899999863e+01,-2.197962719099999873e+01,-3.920359722799999957e+01,-1.791382624599999929e+01
1.807903903900000131e+01,-3.135028536300000113e+01,-3.703747709499999985e+01,-3.148850690900000160e+01,-2.939529435700000093e+01,-2.431938605199999870e+01
1.809904904900000133e+01,-3.365434743800000206e+01,-3.415770795899999968e+01,-1.681938340399999987e+01,-1.883664250500000037e+01,-1.718884757900000082e+01
1.811905905900000135e+01,-2.511821595500000015e+01,-2.457393725700000076e+01,-2.506871644900000007e+01,-3.103404585399999860e+01,-2.074308708199999884e+01
1.813906906900000138e+01,-3.544483896300000225e+01,-3.495797538899999779e+01,-2.243758088899999947e+01,-2.442880897599999912e+01,-3.013509029700000141e+01
1.815907907900000140e+01,-3.814589298799999995e+01,-3.739226381299999957e+01,-2.291435639599999874e+01,-2.137012159100000019e+01,-1.583746807400000023e+01
1.817908908900000142e+01,-2.598012777199999945e+01,-2.857713054299999911e+01,-2.737812951300000108e+01,-2.762709113400000049e+01,-2.465322976599999905e+01
1.819909909900000144e+01,-4.051525028900000081e+01,-4.179437722699999824e+01,-2.698096669999999975e+01,-2.780540921600000104e+01,-3.945971956500000033e+01
1.821910910900000147e+01,-3.334556361199999941e+01,-3.765617203200000063e+01,-2.504894895300000002e+01,-2.789616216299999962e+01,-3.273742991400000335e+01
1.823911911900000149e+01,-2.842094828800000172e+01,-2.154604524899999873e+01,-2.983482415900000007e+01,-2.179560099500000092e+01,-3.947255487200000346e+01
1.825912912900000151e+01,-3.216817370199999715e+01,-1.531151591699999948e+01,-2.783573116199999831e+01,-2.676441271599999894e+01,-2.239885004299999949e+01
1.827913913900000153e+01,-3.441626617400000043e+01,-3.372227263300000288e+01,-2.522814828699999978e+01,-3.083803762699999851e+01,-2.805004517700000122e+01
1.829914914900000156e+01,-2.646301446400000046e+01,-2.319023401300000131e+01,-2.721882830899999917e+01,-2.940681504399999824e+01,-3.263879705699999789e+01
1.831915915900000158e+01,-3.603914878799999855e+01,-4.010502094800000350e+01,-2.382916544400000092e+01,-1.659299232700000104e+01,-3.982498757399999789e+01
1.833916916900000160e+01,-2.756901375099999996e+01,-4.513679327199999847e+01,-2.844170824500000094e+01,-2.038449621399999856e+01,-2.094190193600000072e+01
1.835917917900000162e+01,-2.735865681499999980e+01,-3.194306050100000149e+01,-2.943257850000000175e+01,-3.372215544899999884e+01,-4.336577383000000196e+01
1.837918918900000165e+01,-3.098725955300000123e+01,-4.212563031199999841e+01,-2.864925351200000136e+01,-4.103918722699999933e+01,-3.870593263800000017e+01
1.839919919900000167e+01,-3.812138991799999843e+01,-3.177246229700000058e+01,-3.692099876300000005e+01,-3.590907442400000349e+01,-3.708638031699999971e+01
1.841920920900000169e+01,-2.818799741799999836e+01,-3.325654258499999827e+01,-3.074378354799999968e+01,-3.525512094500000160e+01,-2.164520460499999999e+01
1.843921921900000171e+01,-4.172799807799999883e+01,-3.759944795399999862e+01,-3.229542149499999937e+01,-3.857114737399999882e+01,-3.339159507400000138e+01
1.845922922900000174e+01,-3.095897963899999894e+01,-3.280863430000000136e+01,-2.964043323299999955e+01,-2.347451410900000113e+01,-1.993337373700000015e+01
1.847923923900000176e+01,-3.492311624999999964e+01,-4.649857855300000153e+01,-3.599244519100000161e+01,-1.574612325999999918e+01,-2.873615905300000151e+01
1.849924924899999823e+01,-5.128599315799999658e+01,-2.563198959800000054e+01,-3.797081457299999840e+01,-3.501914661299999665e+01,-3.794841368800000225e+01
1.851925925899999825e+01,-2.941305647000000079e+01,-7.467839500300000211e+00,-2.418360831200000050e+01,-2.380599379999999954e+01,-1.918867237299999928e+01
1.853926926899999827e+01,-3.285274707199999966e+01,-5.064430544100000020e+01,-1.683837099999999865e+01,-1.959413123499999898e+01,-1.241303264299999931e+01
1.855927927899999830e+01,-4.084000832400000291e+01,-4.377217321500000224e+01,-3.164290732299999931e+01,-2.792447638399999832e+01,-1.607911087700000152e+01
1.857928928899999832e+01,-3.134724287599999926e+01,-2.833904408000000075e+01,-3.281587623400000098e+01,-4.233368850600000144e+01,-2.600805842899999831e+01
1.859929929899999834e+01,-3.398287822300000016e+01,-3.071125521000000091e+01,-2.510735110799999958e+01,-1.633908198600000006e+01,-7.818548572300000110e+00
1.861930930899999836e+01,-3.208307773599999990e+01,-3.566552433700000080e+01,-2.911485237300000151e+01,-3.303018831199999994e+01,-3.664675982800000043e+01
1.863931931899999839e+01,-2.795747698299999939e+01,-3.255281424399999679e+01,-2.906143423900000045e+01,-4.557763286099999789e+01,-3.177479089699999903e+01
1.865932932899999841e+01,-4.428942332100000101e+01,-4.344352183099999820e+01,-2.858904929599999889e+01,-2.328361596599999928e+01,-3.607241871400000122e+01
1.867933933899999843e+01,-3.838019285299999694e+01,-3.821787639200000086e+01,-2.902418922700000081e+01,-3.223218597900000049e+01,-3.183111830900000072e+01
1.869934934899999845e+01,-2.962752720900000014e+01,-2.577590927800000031e+01,-3.014894338699999921e+01,-2.570969640199999873e+01,-3.017393724500000118e+01
1.871935935899999848e+01,-4.218331900199999751e+01,-3.795341864000000243e+01,-3.196600370499999855e+01,-4.365556826899999976e+01,-3.448030225499999801e+01
1.873936936899999850e+01,-3.942477955199999684e+01,-3.072788554699999963e+01,-3.204557020400000056e+01,-3.566552052600000167e+01,-3.783828114399999976e+01
1.875937937899999852e+01,-4.627427582499999659e+01,-2.410426106999999973e+01,-2.921549375300000051e+01,-3.466683966299999753e+01,-2.846661127599999830e+01
1.877938938899999854e+01,-3.966268317699999812e+01,-3.605695560600000249e+01,-3.325459850499999703e+01,-3.000251280799999876e+01,-5.119050422800000177e+01
1.879939939899999857e+01,-2.802500376700000118e+01,-3.974804210599999976e+01,-2.740574827900000088e+01,-2.462427076199999831e+01,-3.456560147900000146e+01
1.881940940899999859e+01,-4.389898430800000284e+01,-3.808511423000000207e+01,-3.394315743199999957e+01,-4.478973605699999894e+01,-3.181159028200000094e+01
1.883941941899999861e+01,-2.849577370400000120e+01,-3.777623510699999798e+01,-4.165068669600000106e+01,-1.755773177700000076e+01,-3.591827922699999931e+01
1.885942942899999863e+01,-2.907095744100000090e+01,-2.933429814300000160e+01,-2.151915068599999969e+01,-1.848049242900000166e+01,-1.089579053900000005e+01
1.887943943899999866e+01,-3.716746499799999981e+01,-4.754934279599999769e+01,-4.464371756999999974e+01,-3.102342539200000004e+01,-2.994378807700000067e+01
1.889944944899999868e+01,-3.326944681999999887e+01,-3.194654356599999900e+01,-2.668685817000000071e+01,-3.433191487599999903e+01,-3.563460194200000331e+01
1.891945945899999870e+01,-3.198665103500000129e+01,-3.053452188300000003e+01,-2.481465793099999928e+01,-3.429445926700000058e+01,-3.216111134300000174e+01
1.893946946899999872e+01,-4.768439635699999712e+01,-5.904179270899999921e+01,-2.811559363299999958e+01,-4.074578858800000347e+01,-4.097580335699999665e+01
1.895947947899999875e+01,-4.507663377699999785e+01,-3.557647419700000313e+01,-1.916559707800000112e+01,-3.611693669699999987e+01,-3.000420821000000160e+01
1.897948948899999877e+01,-3.576608593699999972e+01,-4.920452758500000101e+01,-2.616270494100000121e+01,-2.394659843999999893e+01,-2.408503111499999960e+01
1.899949949899999879e+01,-4.804168349599999743e+01,-4.516051710200000002e+01,-1.928238803500000031e+01,-3.745810523499999789e+01,-4.665937079500000095e+01
1.901950950999999890e+01,-2.716221422499999960e+01,-3.590414958200000228e+01,-3.314160385699999978e+01,-2.420727631700000160e+01,-3.277839962099999838e+01
1.903951951999999892e+01,-3.719723453699999993e+01,-4.107538738699999925e+01,-2.275129955099999890e+01,-3.112573623700000169e+01,-3.951553648099999805e+01
1.905952952999999894e+01,-4.422586441899999699e+01,-4.086493102499999708e+01,-2.272765259499999857e+01,-3.300276876499999901e+01,-4.123844799700000152e+01
1.907953953999999896e+01,-2.869454684999999827e+01,-4.564857189199999965e+01,-2.434359228399999964e+01,-3.404191475999999739e+01,-3.775289472899999765e+01
1.909954954999999899e+01,-4.571636665599999816e+01,-3.285599985700000047e+01,-1.667505871899999903e+01,-2.267581316000000058e+01,-3.133462539800000002e+01
1.911955955999999901e+01,-4.854720009999999775e+01,-4.165857312899999698e+01,-2.527607708500000072e+01,-4.500413863400000025e+01,-4.072575751000000110e+01
1.913956956999999903e+01,-4.655379838999999720e+01,-2.920927757100000122e+01,-2.298110209000000026e+01,-3.083571095399999962e+01,-3.451629085399999752e+01
1.915957957999999905e+01,-5.565196787400000034e+01,-4.643649255100000062e+01,-3.150533862300000010e+01,-2.870727357799999879e+01,-3.091534960899999973e+01
1.917958958999999908e+01,-4.307045615500000224e+01,-3.627962666500000211e+01,-2.781685098199999828e+01,-3.462815175299999737e+01,-2.938437875300000002e+01
1.919959959999999910e+01,-3.332546366500000090e+01,-1.274350054199999960e+01,-8.775419385999999378e+00,-1.376815657600000087e+01,-4.191085570100000268e+00
1.921960960999999912e+01,-4.011629455300000302e+01,-3.752151239399999838e+01,-2.794340167600000058e+01,-3.463137650099999831e+01,-2.684683597700000135e+01
1.923961961999999914e+01,-3.434477806700000002e+01,-4.284699693200000326e+01,-5.107957151000000096e+01,-3.399116318000000092e+01,-2.917161257100000071e+01
1.925962962999999917e+01,-3.122612961999999825e+01,-2.404185621699999942e+01,-1.790080054999999959e+01,-1.364185253199999970e+01,-8.547388750699999704e+00
1.927963963999999919e+01,-3.864443581100000102e+01,-3.544241873099999651e+01,-2.906089721000000026e+01,-3.015334906300000029e+01,-1.690525814500000124e+01
1.929964964999999921e+01,-2.409061023399999968e+01,-2.124203556599999843e+01,-2.791927044199999841e+01,-3.095175799400000116e+01,-2.844452886499999877e+01
1.931965965999999923e+01,-3.148625928699999932e+01,-1.359184408499999996e+01,-1.872909921400000144e+01,-2.344826011600000015e+01,-1.290706761300000061e+01
1.933966966999999926e+01,-4.155687259999999839e+01,-4.066124381499999885e+01,-4.039143877699999763e+01,-3.060235401699999969e+01,-3.394921066199999871e+01
1.935967967999999928e+01,-4.009114998900000160e+01,-3.511608621599999935e+01,-2.878455098299999904e+01,-2.628338313700000128e+01,-3.958704826299999979e+01
1.937968968999999930e+01,-3.274144604600000008e+01,-2.662124509399999894e+01,-3.273372567700000246e+01,-3.394816211999999922e+01,-5.491419301500000216e+01
1.939969969999999932e+01,-3.247887906799999769e+01,-3.809482984200000288e+01,-2.849536489500000158e+01,-4.537579725900000227e+01,-3.322393122399999754e+01
1.941970970999999935e+01,-2.840038073899999915e+01,-3.855265210200000325e+01,-2.078894289899999848e+01,-3.562064056199999840e+01,-2.857332329899999834e+01
1.943971971999999937e+01,-3.134878113199999916e+01,-3.297647850100000255e+01,-3.348386986199999882e+01,-3.330328784099999950e+01,-3.520630069999999989e+01
1.945972972999999939e+01,-3.779090777500000087e+01,-4.417880424799999872e+01,-3.801250950600000067e+01,-2.893524157499999916e+01,-3.194760208599999984e+01
1.947973973999999941e+01,-2.955528505399999872e+01,-3.304601207200000346e+01,-3.739487644100000097e+01,-4.364084107699999748e+01,-2.681797185299999953e+01
1.949974974999999944e+01,-5.289034295799999796e+01,-5.025800061700000043e+01,-2.790794414000000145e+01,-2.909815098700000036e+01,-2.731772071099999977e+01
1.951975975999999946e+01,-4.440530383699999817e+01,-3.263671285299999880e+01,-2.651549486200000061e+01,-3.025337840699999958e+01,-3.321074740400000280e+01
1.953976976999999948e+01,-3.870154975900000238e+01,-5.233113449900000091e+01,-2.537975120000000118e+01,-1.788602595800000117e+01,-1.523062235299999934e+01
1.955977977999999950e+01,-4.921083657999999872e+01,-5.513962711300000308e+01,-3.085134949600000098e+01,-3.222665587499999873e+01,-3.294727413399999705e+01
1.957978978999999953e+01,-3.922624485299999719e+01,-4.679499136999999820e+01,-2.582676259300000154e+01,-2.111346603100000152e+01,-1.218459975899999925e+01
1.959979979999999955e+01,-4.950743495900000113e+01,-3.706097091800000243e+01,-2.776196224299999926e+01,-3.610546802700000057e+01,-3.896607773800000274e+01
1.961980980999999957e+01,-4.512284990199999868e+01,-3.789795725199999765e+01,-3.240523621799999887e+01,-3.543367422200000050e+01,-2.870450881700000068e+01
1.963981981999999959e+01,-3.221539929200000074e+01,-4.366450760800000097e+01,-4.679772512699999609e+00,-2.942234725600000100e+00,-2.759789500100000126e+01
1.965982982999999962e+01,-3.026422513400000014e+01,-2.215905542100000147e+01,-2.547402496000000127e+01,-2.852008975800000101e+01,-3.282110093800000072e+01
1.967983983999999964e+01,-4.385704701800000294e+01,-4.021053272700000036e+01,-3.525586228000000233e+01,-3.130422292200000101e+01,-2.426795326699999933e+01
1.969984984999999966e+01,-4.712921355499999976e+01,-5.694617828599999854e+01,-6.040039166099999690e+00,-1.889313202700000005e+01,-2.886462549499999852e+01
1.971985985999999968e+01,-4.024977429700000187e+01,-2.933301332799999983e+01,-1.201498005400000046e+01,-2.530194975599999907e+01,-3.558103815100000133e+01
1.973986986999999971e+01,-4.255612115400000306e+01,-4.545145676700000337e+01,-1.778257312099999865e+01,-3.154092850700000028e+01,-4.144991437899999909e+01
1.975987987999999973e+01,-5.076303498499999733e+01,-4.401423287299999743e+01,-3.303856076099999939e+01,-3.496867416799999972e+01,-2.174374794599999916e+01
1.977988988999999975e+01,-3.874703430900000001e+01,-3.328239652300000273e+01,-3.222048919499999897e+01,-3.728688376499999890e+01,-2.756772122399999958e+01
1.979989989999999977e+01,-4.562208949200000063e+01,-4.887128808199999952e+01,-2.606718812000000085e+01,-5.158868864899999807e+01,-2.982043381000000082e+01
1.981990990999999980e+01,-2.608648339999999877e+01,-5.262354747399999866e+01,-3.232548824399999887e+01,-2.908661261099999962e+01,-3.414253640399999767e+01
1.983991991999999982e+01,-4.619704676199999938e+01,-4.803012608200000244e+01,-4.942262579600000372e+00,-3.132459188300000008e+01,-3.647625609600000018e+01
1.985992992999999984e+01,-5.421211795199999983e+01,-5.020423025600000244e+01,-2.243999193200000164e+01,-2.134130808999999829e+01,-2.687406866199999911e+01
1.987993993999999986e+01,-3.020720214600000020e+01,-3.938591077499999926e+01,-3.167273257900000161e+01,-3.153384222300000062e+01,-3.311406534999999707e+01
1.989994994999999989e+01,-3.970092921100000183e+01,-3.712719526299999728e+01,-2.128193175099999834e+01,-3.095484710399999884e+01,-2.970585611399999948e+01
1.991995995999999991e+01,-5.341075353299999762e+01,-5.185505449200000072e+01,-2.171292573099999856e+01,-2.681340967899999939e+01,-2.508227742500000090e+01
1.993996996999999993e+01,-2.414387215500000039e+01,-2.611104846899999998e+01,-3.113810149300000063e+01,-3.468087301300000291e+01,-3.616060708399999868e+01
1.995997997999999995e+01,-3.436093246699999781e+01,-3.138242569999999887e+01,-2.694577256299999846e+01,-2.467344002700000161e+01,-3.397636211399999695e+01
1.997998998999999998e+01,-3.094191139400000168e+01,-3.517746587500000288e+01,-3.164973382100000165e+01,-3.153446566699999920e+01,-3.659579045299999933e+01
2.000000000000000000e+01,-3.164789555500000162e+01,-2.579148667799999828e+01,-2.389100390400000151e+01,-3.308025075700000173e+01,-4.678043529100000342e+01
