freq_GHz,S21_dB,S31_dB,S41_dB,S51_dB,S61_dB
1.000000000000000021e-02,-7.598134671699999387e+01,-7.166752917300000547e+01,-7.689169094400000404e+01,-7.534178032600000563e+01,-8.598661870899999826e+01
3.001001001000000099e-02,-7.743655880000000025e+01,-7.882321644099999958e+01,-7.550687057300000049e+01,-7.921070752500000367e+01,-8.088433006699999339e+01
5.002002002000000003e-02,-7.947404576899999995e+01,-7.974412376099999733e+01,-8.425429485499999771e+01,-8.366355287700000076e+01,-8.076388419600000645e+01
7.003003002999999560e-02,-8.384661826500000359e+01,-7.783757205599999907e+01,-7.576216815600000132e+01,-7.740773295299999290e+01,-8.809330777399999590e+01
9.004004004000000505e-02,-8.579223711000000208e+01,-7.939532745299999306e+01,-7.814666168099999766e+01,-7.894327764400000547e+01,-7.882770429500000375e+01
1.100500500500000006e-01,-7.604228697099999579e+01,-8.635507883799999718e+01,-9.199028533999999979e+01,-8.133692922699999883e+01,-7.583139453600000479e+01
1.300600600600000101e-01,-8.082433830399999408e+01,-8.441782438900000329e+01,-1.050348572300000001e+02,-7.782351527100000510e+01,-8.240512128800000369e+01
1.500700700700000056e-01,-7.693485626700000068e+01,-9.197605967500000190e+01,-7.819419370500000355e+01,-7.985385026599999492e+01,-8.539234554399999411e+01
1.700800800800000012e-01,-1.172122493899999967e+02,-8.160332184199999972e+01,-7.910443756200000109e+01,-9.168788005700000099e+01,-8.194600653000000534e+01
1.900900900899999968e-01,-8.546143266200000710e+01,-7.283985735199999567e+01,-7.583511528799999724e+01,-7.313803056599999763e+01,-7.906326156599999422e+01
2.101001000999999924e-01,-9.084835651199999518e+01,-8.311864490499999647e+01,-1.009307369400000027e+02,-8.256184276300000136e+01,-8.228763696400000072e+01
2.301101101100000157e-01,-9.285793177300000423e+01,-8.612704646299999922e+01,-8.263611187899999777e+01,-9.467743766399999572e+01,-8.160287829499999646e+01
2.501201201200000113e-01,-7.522135423699999990e+01,-7.507367080900000644e+01,-8.444228236200000026e+01,-8.038288088500000583e+01,-7.533967099000000189e+01
2.701301301299999791e-01,-7.416946674899999437e+01,-7.920224260899999535e+01,-7.851138379399999678e+01,-9.137452122700000245e+01,-8.115377822400000696e+01
2.901401401400000024e-01,-7.713323465599999906e+01,-8.075858695700000567e+01,-8.232590753300000586e+01,-7.867579167700000653e+01,-7.542288791999999376e+01
3.101501501499999702e-01,-8.000928035399999771e+01,-7.936071803100000466e+01,-7.687022814899999901e+01,-8.968050439300000676e+01,-8.312052676000000417e+01
3.301601601600000491e-01,-8.480028162799999336e+01,-9.267509748199999819e+01,-8.415242822599999784e+01,-8.104117822499999590e+01,-7.860003861900000288e+01
3.501701701700000169e-01,-7.980621750500000644e+01,-7.806726580400000159e+01,-8.984351675599999965e+01,-8.612359564800000555e+01,-8.625053393199999618e+01
3.701801801799999847e-01,-7.815540366499999436e+01,-8.918951036699999690e+01,-7.973282961600000363e+01,-8.052752156200000400e+01,-7.263945281499999851e+01
3.901901901900000080e-01,-8.171105132499999968e+01,-7.822619677599999477e+01,-7.635515887699999382e+01,-7.627752468799999974e+01,-7.694050717599999700e+01
4.102002001999999758e-01,-8.243947356500000012e+01,-8.215100801299999489e+01,-7.195640788100000407e+01,-7.769356420799999796e+01,-6.977361556600000370e+01
4.302102102099999992e-01,-7.830566767099999481e+01,-7.578263230199999612e+01,-8.103108320299999434e+01,-8.493914044500000671e+01,-8.126937296399999866e+01
4.502202202200000225e-01,-7.757774525300000334e+01,-7.401869140499999844e+01,-7.915350130599999545e+01,-8.032576320900000155e+01,-7.401896384500000181e+01
4.702302302300000458e-01,-7.218966081499999632e+01,-7.506759151900000404e+01,-7.313924819199999661e+01,-7.513377950000000283e+01,-7.575406266699999946e+01
4.902402402400000136e-01,-8.685940020099999970e+01,-7.283514591399999460e+01,-6.987836894999999515e+01,-6.816289127199999598e+01,-7.454860165099999847e+01
5.102502502500000370e-01,-7.385928483799999356e+01,-7.643551860200000192e+01,-7.090361900800000683e+01,-7.332774057500000708e+01,-7.502068174500000453e+01
5.302602602599999493e-01,-7.925646242199999847e+01,-7.523776783899999998e+01,-7.466731748099999777e+01,-7.933983175100000551e+01,-6.683098024800000303e+01
5.502702702699999726e-01,-7.119399747699999637e+01,-7.950460443699999757e+01,-6.819630605300000070e+01,-8.184974123700000348e+01,-6.748782447000000673e+01
5.702802802799999959e-01,-7.218965274900000395e+01,-7.675276409900000374e+01,-6.743027760100000023e+01,-7.553452583600000025e+01,-6.542305770999999481e+01
5.902902902899999082e-01,-7.637820197499999608e+01,-6.932479240300000356e+01,-6.670844526199999791e+01,-7.183041048600000522e+01,-6.218851326200000074e+01
6.103003002999999316e-01,-7.340509753800000681e+01,-8.186858143400000642e+01,-6.257178849900000017e+01,-6.833674741199999403e+01,-5.845747549299999690e+01
6.303103103099999549e-01,-6.477897093299999653e+01,-8.358266915100000460e+01,-5.919628352899999868e+01,-7.102369509499999367e+01,-5.667825831500000078e+01
6.503203203200000893e-01,-6.451704443299999525e+01,-6.826299397500000055e+01,-5.595585487700000016e+01,-6.949329002700000046e+01,-5.346649290399999899e+01
6.703303303300000016e-01,-6.331572138399999972e+01,-7.106430970899999977e+01,-5.320422605200000277e+01,-6.441189495800000486e+01,-5.145135508399999935e+01
6.903403403400000249e-01,-5.842122578299999702e+01,-6.805824839999999654e+01,-5.208430475600000165e+01,-6.914384753400000250e+01,-4.973745819100000176e+01
7.103503503500000482e-01,-6.174822873499999787e+01,-5.899011893899999848e+01,-5.062442912299999875e+01,-6.333583721800000177e+01,-4.869919591699999728e+01
7.303603603599999605e-01,-5.792952407100000300e+01,-5.836796700299999685e+01,-4.960258365699999672e+01,-6.765212100300000486e+01,-4.635475139700000113e+01
7.503703703699999839e-01,-5.807188825099999718e+01,-5.767776715699999812e+01,-4.963554720199999792e+01,-6.903974611900000014e+01,-4.486428756200000123e+01
7.703803803800000072e-01,-5.644764983900000033e+01,-5.525631242000000043e+01,-5.024011845300000090e+01,-6.242207171100000096e+01,-4.429364832899999982e+01
7.903903903900000305e-01,-5.561532782399999775e+01,-5.717709346200000198e+01,-4.942784773399999665e+01,-6.858998628000000508e+01,-4.338292005800000339e+01
8.104004003999999428e-01,-5.409421376699999939e+01,-5.884024798600000139e+01,-4.779208127999999789e+01,-6.698253841800000430e+01,-4.256146318300000075e+01
8.304104104099999661e-01,-5.350462422300000043e+01,-6.141789635599999997e+01,-4.886288683000000077e+01,-6.272683097400000207e+01,-4.241202241900000303e+01
8.504204204199999895e-01,-5.217149410799999742e+01,-5.594070164899999753e+01,-4.993478699900000350e+01,-5.829803722799999832e+01,-4.203480230000000262e+01
8.704304304299999018e-01,-5.185830485000000323e+01,-5.349008517800000106e+01,-4.909522146100000128e+01,-6.129674806999999959e+01,-4.279873340700000028e+01
8.904404404400000361e-01,-5.210491007200000269e+01,-5.564437092699999710e+01,-4.844048541800000152e+01,-5.949842166300000201e+01,-4.240819369999999822e+01
9.104504504500000595e-01,-5.425293388000000050e+01,-5.673563600399999984e+01,-4.836425266399999856e+01,-5.944758638599999756e+01,-4.199852457299999742e+01
9.304604604600000828e-01,-5.330612202500000052e+01,-5.531791333599999660e+01,-4.729479103199999912e+01,-5.798027935700000057e+01,-4.206396567299999845e+01
9.504704704699999951e-01,-5.439800477400000034e+01,-5.593122937399999728e+01,-4.744410378199999911e+01,-6.176721013200000243e+01,-4.225821691299999827e+01
9.704804804800000184e-01,-5.596025304199999795e+01,-5.770650383499999947e+01,-4.778920257800000115e+01,-6.037481722399999740e+01,-4.313212576699999801e+01
9.904904904900000417e-01,-5.512181426899999792e+01,-6.246339795499999781e+01,-4.825783637400000003e+01,-6.201954962199999954e+01,-4.354985255799999777e+01
1.010500500500000065e+00,-5.720088822700000009e+01,-6.528675004699999818e+01,-4.878869416399999892e+01,-6.315330688400000270e+01,-4.428695716899999724e+01
1.030510510500000088e+00,-6.216401514900000080e+01,-6.996772038400000326e+01,-4.865333628199999794e+01,-6.235790101799999974e+01,-4.462939560299999897e+01
1.050520520500000110e+00,-5.960851435600000059e+01,-5.940315981199999840e+01,-4.860863401900000014e+01,-6.296343031400000001e+01,-4.515529225600000274e+01
1.070530530499999911e+00,-6.310751218299999721e+01,-6.042082786099999936e+01,-4.984603601100000247e+01,-6.528808362399999510e+01,-4.493662620700000332e+01
1.090540540499999933e+00,-6.257625398599999755e+01,-6.154778144099999793e+01,-4.977406298199999668e+01,-6.368447364400000055e+01,-4.406427068600000041e+01
1.110550550599999964e+00,-5.929057454699999852e+01,-6.141254362499999786e+01,-5.005496997800000258e+01,-6.842017508899999712e+01,-4.352988571899999926e+01
1.130560560599999986e+00,-6.216975020600000335e+01,-6.928420177499999966e+01,-4.847849186199999849e+01,-7.468443809599999383e+01,-4.364557743400000334e+01
1.150570570600000009e+00,-6.123937665199999714e+01,-7.017682334900000285e+01,-4.908499829499999834e+01,-7.297457033099999535e+01,-4.276740399900000256e+01
1.170580580599999809e+00,-6.067269574800000242e+01,-6.743710080300000698e+01,-4.845678971899999965e+01,-6.508637119600000176e+01,-4.265840759400000337e+01
1.190590590599999832e+00,-6.646127202700000680e+01,-7.827386569499999780e+01,-4.780157136700000109e+01,-6.802517082399999993e+01,-4.225272226599999925e+01
1.210600600599999854e+00,-6.683335229099999708e+01,-6.999497825900000691e+01,-4.654662300999999758e+01,-5.810479761500000251e+01,-4.211878085899999746e+01
1.230610610599999877e+00,-7.257176429999999812e+01,-6.132002836200000218e+01,-4.541067021500000322e+01,-6.243106835300000057e+01,-4.137920921199999924e+01
1.250620620599999899e+00,-6.380940454299999942e+01,-6.545122421499999632e+01,-4.398639781899999690e+01,-6.048603522900000229e+01,-4.134582672900000233e+01
1.270630630599999922e+00,-7.668694221900000230e+01,-6.390078700699999814e+01,-4.362307480100000134e+01,-6.014102204099999938e+01,-4.034723104399999727e+01
1.290640640599999944e+00,-5.878596563899999694e+01,-5.671678336299999756e+01,-4.302657182000000091e+01,-6.101798677699999729e+01,-4.028370720899999924e+01
1.310650650699999975e+00,-6.248208481100000000e+01,-6.270294804000000255e+01,-4.210406090899999754e+01,-5.969989859599999704e+01,-4.011956251600000201e+01
1.330660660699999998e+00,-5.589630475199999893e+01,-5.723326248200000066e+01,-4.196683399999999864e+01,-5.695191027100000269e+01,-3.967450197499999831e+01
1.350670670700000020e+00,-5.868016622500000068e+01,-5.676371628700000116e+01,-4.119105830899999887e+01,-5.819691056799999984e+01,-3.913112701499999702e+01
1.370680680700000043e+00,-5.726630323500000230e+01,-5.748063187700000043e+01,-4.022568195099999855e+01,-5.722845890499999655e+01,-3.855224422100000226e+01
1.390690690700000065e+00,-5.608567727100000155e+01,-6.096614701299999695e+01,-3.970092350699999884e+01,-5.653041357499999719e+01,-3.811509583699999837e+01
1.410700700700000088e+00,-5.607643551999999687e+01,-6.106124232500000204e+01,-3.840143266500000152e+01,-6.136792994399999657e+01,-3.729262440200000128e+01
1.430710710700000110e+00,-5.225029079099999763e+01,-5.605430354599999987e+01,-3.788139718200000061e+01,-5.847385079600000068e+01,-3.647335445099999873e+01
1.450720720700000133e+00,-5.146637191599999994e+01,-5.372503545400000036e+01,-3.677930361699999651e+01,-5.973436863300000255e+01,-3.574947382300000243e+01
1.470730730700000155e+00,-5.021903335399999690e+01,-5.194377933799999880e+01,-3.593260357999999854e+01,-5.906272196300000132e+01,-3.443693491700000209e+01
1.490740740699999956e+00,-4.938887510400000025e+01,-5.117579126199999706e+01,-3.435249404799999695e+01,-5.558054781900000307e+01,-3.355399625599999780e+01
1.510750750799999986e+00,-4.872458037900000249e+01,-5.083369228699999809e+01,-3.315724793599999742e+01,-5.908747982700000279e+01,-3.291323493800000222e+01
1.530760760800000009e+00,-4.763144073899999853e+01,-5.391860702500000002e+01,-3.179952808299999845e+01,-6.442135963500000173e+01,-3.178256032699999878e+01
1.550770770800000031e+00,-4.744062828999999937e+01,-5.218991142200000155e+01,-3.069424461199999854e+01,-6.743287043700000538e+01,-3.077914747999999889e+01
1.570780780800000054e+00,-4.625653658600000284e+01,-5.432692180899999812e+01,-3.007525702599999917e+01,-5.447704477799999978e+01,-3.010369823999999994e+01
1.590790790799999854e+00,-4.922254268199999672e+01,-5.118998377399999811e+01,-2.995861037099999891e+01,-5.359471745399999776e+01,-2.992564871000000082e+01
1.610800800799999877e+00,-5.151672203700000097e+01,-4.896503160799999677e+01,-3.028030514199999956e+01,-5.532039664199999862e+01,-3.034353716200000051e+01
1.630810810799999899e+00,-5.197803735499999789e+01,-4.965977621599999736e+01,-2.946332576100000011e+01,-5.611443055600000207e+01,-3.034129500499999921e+01
1.650820820799999922e+00,-5.010152954600000186e+01,-5.218277760600000192e+01,-2.888995077899999941e+01,-6.659663492399999996e+01,-3.016196094300000041e+01
1.670830830799999944e+00,-4.895675589300000041e+01,-5.432186456200000180e+01,-2.842007926100000148e+01,-6.406319227800000249e+01,-2.987084155499999838e+01
1.690840840799999967e+00,-4.380925359999999813e+01,-4.966999651999999799e+01,-2.820658858499999866e+01,-5.706957183099999753e+01,-2.898176894899999922e+01
1.710850850899999998e+00,-4.335507218499999738e+01,-5.427052141800000129e+01,-2.801826132900000133e+01,-5.205873597499999761e+01,-2.805579008599999824e+01
1.730860860900000020e+00,-4.297145327500000178e+01,-5.782068215799999678e+01,-2.803381046399999832e+01,-5.291898756199999809e+01,-2.765569289200000114e+01
1.750870870900000043e+00,-4.322711927900000006e+01,-6.380421252699999712e+01,-2.847775418999999886e+01,-5.508415865700000325e+01,-2.805975824700000132e+01
1.770880880900000065e+00,-4.486556752999999986e+01,-6.087382998900000075e+01,-2.926129016100000158e+01,-5.570865257100000179e+01,-2.838137123599999967e+01
1.790890890900000088e+00,-4.550168203100000142e+01,-5.238623142600000193e+01,-3.020561109599999838e+01,-5.358180280399999873e+01,-2.871721264299999987e+01
1.810900900900000110e+00,-4.676551172100000286e+01,-5.222375706500000092e+01,-3.112899891500000038e+01,-5.202870108500000157e+01,-2.936042905900000122e+01
1.830910910900000133e+00,-4.745360369499999820e+01,-5.081722696300000308e+01,-3.189129279400000172e+01,-5.208366182900000041e+01,-3.025506263999999845e+01
1.850920920900000155e+00,-5.044507408500000167e+01,-5.415345658199999690e+01,-3.255263589399999802e+01,-5.310469406299999662e+01,-3.146214482999999973e+01
1.870930930900000178e+00,-5.070603504799999683e+01,-5.446927140199999684e+01,-3.346151533399999778e+01,-5.735295598199999745e+01,-3.265486390899999947e+01
1.890940940900000200e+00,-5.286399894699999891e+01,-6.634181485599999917e+01,-3.432786730200000136e+01,-5.510236346700000354e+01,-3.292581306499999982e+01
1.910950951000000009e+00,-5.166139320100000276e+01,-6.133582667600000349e+01,-3.500330100600000094e+01,-5.452989464899999916e+01,-3.339200573800000171e+01
1.930960961000000031e+00,-5.207567217700000128e+01,-5.943292466799999829e+01,-3.527638235599999916e+01,-5.567247979599999752e+01,-3.277992473399999795e+01
1.950970971000000054e+00,-5.134361554600000233e+01,-5.112193090400000273e+01,-3.482434779599999786e+01,-6.039805221099999955e+01,-3.227996413599999670e+01
1.970980981000000076e+00,-5.340297503899999754e+01,-5.228877530799999818e+01,-3.465020536800000173e+01,-5.912389427299999767e+01,-3.162009114299999979e+01
1.990990991000000099e+00,-5.138866491900000000e+01,-5.246432165200000242e+01,-3.430142429499999679e+01,-5.525260741099999962e+01,-3.106010321899999838e+01
2.011001000999999899e+00,-5.101793611299999753e+01,-5.487263814599999989e+01,-3.502030715600000121e+01,-5.528934530800000147e+01,-3.074901908900000080e+01
2.031011010999999922e+00,-5.321461205300000330e+01,-5.526445642800000257e+01,-3.504792322299999796e+01,-5.731539570300000008e+01,-3.085248951299999831e+01
2.051021020999999944e+00,-5.360059941800000161e+01,-5.220625908000000237e+01,-3.448475437399999777e+01,-5.947242565599999864e+01,-3.071773026600000023e+01
2.071031030999999967e+00,-5.579830912100000262e+01,-5.044783751599999988e+01,-3.367257386499999683e+01,-6.544152863200000070e+01,-3.031870759899999968e+01
2.091041040999999989e+00,-5.276082527500000197e+01,-4.892709983499999993e+01,-3.318039799299999970e+01,-6.280987607699999842e+01,-3.024292691100000141e+01
2.111051051100000020e+00,-5.437966395600000169e+01,-4.999996329100000025e+01,-3.304398466300000337e+01,-7.988313061499999890e+01,-3.017321332299999881e+01
2.131061061100000043e+00,-5.024862391799999983e+01,-4.926359263100000163e+01,-3.346963985600000058e+01,-6.735605865099999789e+01,-2.983047743199999857e+01
2.151071071100000065e+00,-4.905449458399999685e+01,-5.004328662900000069e+01,-3.336121760099999989e+01,-5.978959954999999837e+01,-2.983508462400000028e+01
2.171081081100000088e+00,-4.815580663499999758e+01,-5.023882541300000071e+01,-3.302054052900000158e+01,-5.911325585899999879e+01,-2.989404896099999931e+01
2.191091091100000110e+00,-4.942824491199999670e+01,-5.125546422000000035e+01,-3.222298609700000327e+01,-5.487989355900000277e+01,-3.031085845699999837e+01
2.211101101099999688e+00,-4.705349024800000279e+01,-5.123421630400000026e+01,-3.168397695799999880e+01,-5.549760853200000099e+01,-3.062461759099999981e+01
2.231111111099999711e+00,-4.650178173399999793e+01,-5.388135899800000317e+01,-3.187889050700000126e+01,-5.900988923500000283e+01,-3.099763698499999975e+01
2.251121121099999733e+00,-4.740343107500000031e+01,-5.374538561199999975e+01,-3.214275516200000027e+01,-5.788603681099999676e+01,-3.115782843299999882e+01
2.271131131099999756e+00,-4.797965403700000309e+01,-6.687528268699999501e+01,-3.261252027900000172e+01,-5.834192143899999650e+01,-3.130541708799999867e+01
2.291141141099999778e+00,-4.734617811399999709e+01,-5.419790792399999901e+01,-3.248327382099999738e+01,-7.994750231099999382e+01,-3.179300026199999962e+01
2.311151151199999809e+00,-4.677944140700000020e+01,-5.383991796499999793e+01,-3.207601890800000177e+01,-6.209858065800000304e+01,-3.186039865500000090e+01
2.331161161199999832e+00,-4.657523822200000296e+01,-5.271447651900000153e+01,-3.140125455800000154e+01,-5.804559547099999861e+01,-3.176179285399999941e+01
2.351171171199999854e+00,-4.622407626999999763e+01,-5.023503309699999875e+01,-3.067153899699999897e+01,-6.360507445599999699e+01,-3.082015004699999849e+01
2.371181181199999877e+00,-4.720169900300000165e+01,-4.687995012500000058e+01,-3.012199317299999990e+01,-6.184861859200000112e+01,-3.002540901500000103e+01
2.391191191199999899e+00,-4.659185765699999848e+01,-4.733614500699999894e+01,-2.963308137799999997e+01,-5.726301315599999953e+01,-2.955420222700000110e+01
2.411201201199999922e+00,-4.564707643300000228e+01,-4.606342522300000297e+01,-2.930759530699999971e+01,-5.719137269200000162e+01,-2.915219230699999997e+01
2.431211211199999944e+00,-4.433206385300000107e+01,-4.762076800999999904e+01,-2.912588320500000094e+01,-6.493245104300000037e+01,-2.919483388700000148e+01
2.451221221199999967e+00,-4.554100613500000350e+01,-4.874531700600000050e+01,-2.864833640000000159e+01,-6.201971076400000271e+01,-2.908811798900000056e+01
2.471231231199999989e+00,-4.616789565199999856e+01,-4.853964186599999664e+01,-2.854052355299999988e+01,-6.594286353799999745e+01,-2.905248537900000017e+01
2.491241241200000012e+00,-4.732069911899999681e+01,-5.358822430200000042e+01,-2.866009244900000041e+01,-5.666180325500000237e+01,-2.945454358099999936e+01
2.511251251300000042e+00,-4.795157330800000040e+01,-4.953399310100000008e+01,-2.887433528700000096e+01,-5.224260582200000158e+01,-2.941193549200000135e+01
2.531261261300000065e+00,-4.837200503799999751e+01,-4.757705159700000053e+01,-2.923109400299999905e+01,-5.603822453800000147e+01,-2.959509038299999872e+01
2.551271271300000087e+00,-5.140574119400000086e+01,-4.809949714999999770e+01,-2.925871470599999924e+01,-5.289508768000000316e+01,-3.002465253000000089e+01
2.571281281300000110e+00,-4.974523417900000055e+01,-4.634481060400000274e+01,-2.949332833800000131e+01,-5.538970106299999685e+01,-3.103490723799999884e+01
2.591291291300000132e+00,-4.715831173000000121e+01,-4.681836351599999801e+01,-2.967233721699999904e+01,-5.484540514700000102e+01,-3.155733091600000151e+01
2.611301301300000155e+00,-4.807317746100000022e+01,-4.479936255999999872e+01,-3.018429992900000158e+01,-5.662100147799999661e+01,-3.204935984600000154e+01
2.631311311300000177e+00,-5.075918955899999929e+01,-4.425367546199999680e+01,-3.038793816300000117e+01,-6.219569522599999800e+01,-3.295749590399999818e+01
2.651321321300000200e+00,-5.403635926799999822e+01,-4.486436972799999978e+01,-3.042560377899999935e+01,-5.381454914700000103e+01,-3.384448213900000013e+01
2.671331331300000222e+00,-5.444157051799999891e+01,-4.581831904300000247e+01,-3.055827349500000167e+01,-5.468488061800000111e+01,-3.532121822399999900e+01
2.691341341300000245e+00,-5.224722038000000168e+01,-4.520112727699999766e+01,-3.037292266000000041e+01,-5.216754580799999985e+01,-3.601357641799999953e+01
2.711351351400000276e+00,-5.361391087199999816e+01,-4.566101911399999835e+01,-2.994440358499999988e+01,-5.276368100900000258e+01,-3.716049295599999880e+01
2.731361361400000298e+00,-5.715845581100000317e+01,-4.754459780900000254e+01,-3.002373382200000052e+01,-5.203768991300000124e+01,-3.823705857400000241e+01
2.751371371399999877e+00,-5.649309420000000159e+01,-4.702061292599999831e+01,-3.024383195000000057e+01,-5.263592225499999699e+01,-3.904996725699999871e+01
2.771381381399999899e+00,-6.389719291800000178e+01,-5.096990991900000267e+01,-2.992902793200000033e+01,-5.329545368400000172e+01,-4.002030878600000108e+01
2.791391391399999922e+00,-5.744073812500000287e+01,-5.438860548899999969e+01,-3.007649115399999928e+01,-5.331984949000000285e+01,-4.149084250800000007e+01
2.811401401399999944e+00,-5.502330853899999852e+01,-5.576749272499999677e+01,-2.971752548599999955e+01,-5.737525739200000174e+01,-4.250515259099999810e+01
2.831411411399999967e+00,-5.240717243000000281e+01,-5.316820628100000334e+01,-2.935918329100000079e+01,-5.406809424000000064e+01,-4.347768349399999721e+01
2.851421421399999989e+00,-5.573667089199999936e+01,-6.053974265400000121e+01,-2.939652454699999851e+01,-5.515865737499999710e+01,-4.499185027899999767e+01
2.871431431400000012e+00,-5.397624554899999794e+01,-5.854246848100000022e+01,-2.918956467299999957e+01,-5.205168711500000001e+01,-4.727212443300000189e+01
2.891441441400000034e+00,-4.881552822799999802e+01,-6.236785440999999963e+01,-2.879022157900000067e+01,-5.248604368200000181e+01,-4.636747676600000290e+01
2.911451451500000065e+00,-5.001157991699999883e+01,-5.591812966900000248e+01,-2.869340453399999902e+01,-5.203355886100000305e+01,-4.616268964199999658e+01
2.931461461500000087e+00,-4.906467961999999972e+01,-5.731355290900000199e+01,-2.850089876699999891e+01,-5.355141108299999786e+01,-4.582202279100000197e+01
2.951471471500000110e+00,-4.840530784799999964e+01,-5.828787694300000055e+01,-2.817333700900000082e+01,-5.198520763700000202e+01,-4.283032986900000338e+01
2.971481481500000132e+00,-4.952996913399999812e+01,-5.737905940600000321e+01,-2.814222974699999824e+01,-5.342470885000000180e+01,-4.112260494699999924e+01
2.991491491500000155e+00,-4.650064313400000060e+01,-5.616192220399999968e+01,-2.797891225000000048e+01,-5.398819267399999688e+01,-3.986874105399999735e+01
3.011501501500000177e+00,-4.592099812499999700e+01,-5.545850864100000166e+01,-2.783099122200000153e+01,-5.022855067300000087e+01,-3.758444504300000233e+01
3.031511511500000200e+00,-4.816843636400000150e+01,-6.821543315499999949e+01,-2.766689146999999949e+01,-5.019563219199999793e+01,-3.643961465600000338e+01
3.051521521499999778e+00,-4.581939813500000014e+01,-6.603834600999999793e+01,-2.751414299400000019e+01,-5.042273318400000193e+01,-3.537750473100000193e+01
3.071531531499999801e+00,-4.725553581999999864e+01,-6.312681745900000152e+01,-2.720386033000000126e+01,-5.119312138299999759e+01,-3.467279729199999849e+01
3.091541541499999823e+00,-4.595357133499999946e+01,-7.512423562700000446e+01,-2.689737332400000014e+01,-5.289321902500000050e+01,-3.358184282199999870e+01
3.111551551599999854e+00,-4.629470183099999758e+01,-5.939182256000000137e+01,-2.634352924799999940e+01,-5.059227594600000089e+01,-3.296901340400000180e+01
3.131561561599999877e+00,-4.883782978600000035e+01,-5.700999215299999889e+01,-2.568905402900000112e+01,-5.013690738599999719e+01,-3.223950857199999831e+01
3.151571571599999899e+00,-4.731793412100000040e+01,-5.338980734900000158e+01,-2.520651229199999932e+01,-5.132105779100000120e+01,-3.189462471399999899e+01
3.171581581599999922e+00,-4.766502628300000310e+01,-5.467410549000000231e+01,-2.511987895000000037e+01,-5.182797965700000020e+01,-3.131487481799999983e+01
3.191591591599999944e+00,-4.618190428100000133e+01,-4.966427077600000217e+01,-2.477194429100000050e+01,-5.497516322599999938e+01,-3.079785253000000012e+01
3.211601601599999967e+00,-4.882885209700000217e+01,-4.709331105199999712e+01,-2.444925295000000176e+01,-5.598038180700000055e+01,-3.037072749400000049e+01
3.231611611599999989e+00,-4.752085738099999901e+01,-4.837643868100000333e+01,-2.438201695100000066e+01,-5.588671654000000188e+01,-2.953872487299999960e+01
3.251621621600000012e+00,-4.905873398199999968e+01,-5.016020163299999979e+01,-2.443836056399999990e+01,-5.909127077800000194e+01,-2.916256205999999906e+01
3.271631631600000034e+00,-4.811388999500000097e+01,-4.767531587100000223e+01,-2.419410215199999925e+01,-6.025512568700000315e+01,-2.869798320299999972e+01
3.291641641600000057e+00,-4.707284183400000188e+01,-4.737018414799999988e+01,-2.386889388499999853e+01,-5.506070188000000343e+01,-2.858869721399999975e+01
3.311651651699999643e+00,-4.836637670999999727e+01,-5.086342771500000026e+01,-2.352945854400000059e+01,-5.460549488699999898e+01,-2.823703086300000109e+01
3.331661661699999666e+00,-4.644622352199999682e+01,-5.070055661699999661e+01,-2.332932754500000172e+01,-5.185907002799999788e+01,-2.811936232900000121e+01
3.351671671699999688e+00,-4.761140576599999719e+01,-5.457464582800000130e+01,-2.315257850200000078e+01,-5.868004064499999828e+01,-2.785204930700000148e+01
3.371681681699999711e+00,-4.634504700899999818e+01,-5.328205974099999764e+01,-2.293027885200000071e+01,-6.737698953599999641e+01,-2.755415394899999981e+01
3.391691691699999733e+00,-4.691428427000000312e+01,-5.108768074099999978e+01,-2.292644928200000010e+01,-6.883389148400000579e+01,-2.707629496999999930e+01
3.411701701699999756e+00,-4.642248650199999815e+01,-5.249750130000000325e+01,-2.314781992400000021e+01,-6.030171259400000139e+01,-2.657663405299999937e+01
3.431711711699999778e+00,-4.695033096800000294e+01,-7.195368756199999893e+01,-2.326490643500000033e+01,-5.649884917800000039e+01,-2.591842105899999993e+01
3.451721721699999801e+00,-4.510888638499999814e+01,-5.215648270599999847e+01,-2.349203586200000160e+01,-6.508778349799999319e+01,-2.544232109500000050e+01
3.471731731699999823e+00,-4.552758368700000347e+01,-4.671151007999999649e+01,-2.389774388900000091e+01,-5.799645672700000176e+01,-2.486935840399999975e+01
3.491741741699999846e+00,-4.478452425799999759e+01,-5.155405167800000044e+01,-2.451182022300000085e+01,-5.958125265799999681e+01,-2.452813942899999944e+01
3.511751751800000321e+00,-4.345837895100000026e+01,-5.572008934699999827e+01,-2.511422713400000006e+01,-6.778653420800000617e+01,-2.408822829200000015e+01
3.531761761800000343e+00,-4.289436717000000243e+01,-4.802495584900000125e+01,-2.580161419399999900e+01,-6.039828623599999702e+01,-2.379567485300000129e+01
3.551771771800000366e+00,-4.166436226399999754e+01,-4.823765798299999830e+01,-2.638989113199999892e+01,-5.429080104999999890e+01,-2.345548017899999849e+01
3.571781781800000388e+00,-4.113194357500000109e+01,-4.950542629299999930e+01,-2.714489742299999975e+01,-5.982196372300000320e+01,-2.339567886600000080e+01
3.591791791800000411e+00,-4.158743304200000068e+01,-4.896015541799999937e+01,-2.767154577200000176e+01,-6.517625584300000696e+01,-2.340720635399999949e+01
3.611801801799999989e+00,-4.145640303700000118e+01,-6.023890466499999974e+01,-2.822796998200000118e+01,-6.501934688299999721e+01,-2.336450918899999962e+01
3.631811811800000012e+00,-4.109807993900000156e+01,-5.544791953499999693e+01,-2.871063688299999939e+01,-5.859880739399999783e+01,-2.340362690199999918e+01
3.651821821800000034e+00,-4.124037914099999824e+01,-5.804901883099999793e+01,-2.963007119299999914e+01,-5.928044914600000226e+01,-2.350130502200000038e+01
3.671831831800000057e+00,-4.035094651099999652e+01,-6.166505198800000187e+01,-3.036294831600000066e+01,-5.792031673000000325e+01,-2.351741066399999980e+01
3.691841841800000079e+00,-4.058167522099999758e+01,-6.042659207399999843e+01,-3.121333543700000135e+01,-5.566730139300000246e+01,-2.376948773699999862e+01
3.711851851900000110e+00,-3.919299414299999995e+01,-4.852629073500000345e+01,-3.185732425999999862e+01,-6.360934314400000034e+01,-2.377203361200000131e+01
3.731861861900000132e+00,-4.054566763199999713e+01,-4.560852492200000086e+01,-3.206653598599999810e+01,-5.951864394599999741e+01,-2.399991351299999920e+01
3.751871871900000155e+00,-4.087829831900000244e+01,-6.035571182000000334e+01,-3.268261301500000116e+01,-6.674690018600000485e+01,-2.453729940499999884e+01
3.771881881900000177e+00,-4.075113520499999709e+01,-6.251130469600000339e+01,-3.292606614000000320e+01,-6.350775183799999724e+01,-2.512430768300000139e+01
3.791891891900000200e+00,-4.180441567900000166e+01,-4.902004354400000352e+01,-3.258572915799999947e+01,-5.674974612799999818e+01,-2.558491670800000151e+01
3.811901901900000222e+00,-4.234709872700000233e+01,-5.108837272200000257e+01,-3.268567245300000224e+01,-5.714923440999999826e+01,-2.612344415600000147e+01
3.831911911900000245e+00,-4.164928860700000257e+01,-4.963178251099999727e+01,-3.248252184300000067e+01,-6.264002604899999938e+01,-2.639506495199999847e+01
3.851921921900000267e+00,-4.150088678200000203e+01,-5.909289844599999952e+01,-3.232877134699999999e+01,-5.977028594800000150e+01,-2.677018809599999827e+01
3.871931931900000290e+00,-4.135986727099999882e+01,-5.978207681699999654e+01,-3.216812367299999664e+01,-5.913097059900000119e+01,-2.746041728499999834e+01
3.891941941900000312e+00,-4.193354646499999916e+01,-6.366487403699999703e+01,-3.177899721000000000e+01,-5.958389090299999680e+01,-2.765437057899999829e+01
3.911951951999999899e+00,-4.158337485599999894e+01,-6.049423866200000077e+01,-3.105666507000000109e+01,-6.606738010899999836e+01,-2.761238591800000108e+01
3.931961961999999922e+00,-3.966564698900000252e+01,-5.998100908400000009e+01,-3.105510955300000120e+01,-6.286021991500000183e+01,-2.814879549600000175e+01
3.951971971999999944e+00,-3.960619966000000147e+01,-4.852544512200000071e+01,-3.095862822899999856e+01,-6.154785410899999931e+01,-2.844410440800000117e+01
3.971981981999999967e+00,-3.997391025499999984e+01,-4.863427668199999943e+01,-3.054776418300000174e+01,-5.846622757499999778e+01,-2.922692297000000039e+01
3.991991991999999989e+00,-3.969053855599999991e+01,-5.386675086399999657e+01,-3.010737455099999949e+01,-6.247231983300000024e+01,-2.932227439600000096e+01
4.012002002000000012e+00,-4.010971420799999976e+01,-5.073907898699999919e+01,-2.987613349500000126e+01,-6.254720536699999656e+01,-2.976425964999999962e+01
4.032012012000000034e+00,-4.117487917399999731e+01,-4.970637081600000329e+01,-2.983958274400000121e+01,-5.759979501800000179e+01,-2.991292021499999976e+01
4.052022022000000057e+00,-4.154095437099999799e+01,-4.930444296299999962e+01,-2.927222876900000159e+01,-5.895591289000000046e+01,-3.011880165699999878e+01
4.072032032000000079e+00,-4.102012654300000349e+01,-4.827025965200000002e+01,-2.883739035700000031e+01,-5.268792225600000023e+01,-3.043943518800000092e+01
4.092042042000000102e+00,-4.172184058300000231e+01,-5.289309578799999656e+01,-2.848493018299999946e+01,-5.564928305000000108e+01,-3.048460168300000106e+01
4.112052052100000132e+00,-4.314816398899999683e+01,-4.575082196700000026e+01,-2.841678457600000129e+01,-5.847564066399999660e+01,-3.101399985600000164e+01
4.132062062100000155e+00,-4.272438960699999910e+01,-4.650386723199999750e+01,-2.815932137300000093e+01,-5.482379654500000044e+01,-3.141983657100000116e+01
4.152072072100000177e+00,-4.378054802599999817e+01,-4.798130274900000103e+01,-2.828196444599999992e+01,-5.860733442699999785e+01,-3.214518015200000178e+01
4.172082082100000200e+00,-4.439036876000000120e+01,-5.410527212200000235e+01,-2.833352273799999921e+01,-5.536095829599999973e+01,-3.288350610999999901e+01
4.192092092100000222e+00,-4.391558661999999913e+01,-5.628620340100000163e+01,-2.818061765799999918e+01,-5.553873620299999914e+01,-3.315790752600000246e+01
4.212102102100000245e+00,-4.477220700099999817e+01,-4.869421468699999878e+01,-2.820989953400000161e+01,-5.462991915199999937e+01,-3.467791362399999855e+01
4.232112112100000267e+00,-4.500318886899999882e+01,-4.438633587799999702e+01,-2.837024366400000019e+01,-6.082786918499999729e+01,-3.566028211799999781e+01
4.252122122100000290e+00,-4.764029212199999819e+01,-5.045340059600000160e+01,-2.881760938200000055e+01,-6.493329756500000371e+01,-3.756174049300000206e+01
4.272132132100000312e+00,-4.791907439799999935e+01,-4.447691673900000353e+01,-2.837745260499999844e+01,-6.106205764500000299e+01,-4.009678367800000132e+01
4.292142142100000335e+00,-4.689078549100000259e+01,-4.731885245000000140e+01,-2.852796809299999836e+01,-7.294615666100000340e+01,-4.223491215600000004e+01
4.312152152199999477e+00,-4.493324459600000154e+01,-4.841913573400000104e+01,-2.889204611899999975e+01,-6.142844308699999800e+01,-4.581463111699999757e+01
4.332162162199999500e+00,-5.119453635100000355e+01,-4.961227737299999774e+01,-2.882689412899999937e+01,-5.467009851099999906e+01,-5.126473723699999852e+01
4.352172172199999522e+00,-4.642668716499999704e+01,-4.859222930300000343e+01,-2.886346581500000141e+01,-5.472888879599999967e+01,-7.494334895199999380e+01
4.372182182199999545e+00,-5.002708810899999747e+01,-5.663719834399999797e+01,-2.864970957699999943e+01,-5.326747040200000072e+01,-4.988141278900000231e+01
4.392192192199999567e+00,-5.476305105800000206e+01,-6.055276998600000127e+01,-2.932426952400000175e+01,-6.296659291299999950e+01,-4.554796802900000330e+01
4.412202202199999590e+00,-4.614239666800000350e+01,-5.746813281499999704e+01,-2.903252356000000134e+01,-5.539026421100000164e+01,-4.418787729200000314e+01
4.432212212199999612e+00,-4.502082103099999699e+01,-5.214878052899999972e+01,-2.893378402200000110e+01,-5.283271667500000035e+01,-4.066647906299999704e+01
4.452222222199999635e+00,-4.996716934900000240e+01,-6.063651682500000106e+01,-2.877975075399999838e+01,-5.068867190299999947e+01,-3.834079482599999977e+01
4.472232232199999657e+00,-4.398942744200000021e+01,-5.066719158600000128e+01,-2.838300617299999828e+01,-6.444943979800000022e+01,-3.681925566900000035e+01
4.492242242199999680e+00,-4.670932437300000117e+01,-4.444585868800000128e+01,-2.825315187100000003e+01,-6.213533582099999819e+01,-3.625304322400000245e+01
4.512252252300000599e+00,-4.599741111000000160e+01,-4.747453627400000187e+01,-2.772135793200000009e+01,-5.953382741800000133e+01,-3.430144071800000205e+01
4.532262262300000621e+00,-4.608475635300000306e+01,-5.015736586700000288e+01,-2.723633653599999960e+01,-6.205803893600000265e+01,-3.368288488099999967e+01
4.552272272299999756e+00,-4.712328190800000272e+01,-5.005105877700000150e+01,-2.753120235100000102e+01,-7.296418253100000584e+01,-3.286516858200000257e+01
4.572282282299999778e+00,-4.529689335399999806e+01,-5.001255175600000058e+01,-2.776410326499999925e+01,-5.651891614499999861e+01,-3.234278014200000229e+01
4.592292292299999801e+00,-5.030348788700000284e+01,-5.768689674299999837e+01,-2.748509367699999828e+01,-6.445238883199999691e+01,-3.208090664800000269e+01
4.612302302299999823e+00,-4.506157352500000002e+01,-4.493760378799999700e+01,-2.738224653300000000e+01,-7.219800415599999610e+01,-3.141562738800000076e+01
4.632312312299999846e+00,-4.483788249900000267e+01,-4.817570261400000220e+01,-2.719174085699999921e+01,-6.094381626700000254e+01,-3.174669648400000099e+01
4.652322322299999868e+00,-4.492407038199999647e+01,-5.477121741500000240e+01,-2.770044595199999904e+01,-5.976623650599999849e+01,-3.112031875699999972e+01
4.672332332299999891e+00,-4.460593318800000162e+01,-4.950877796000000330e+01,-2.770711399300000011e+01,-5.774808281300000345e+01,-3.032977447000000026e+01
4.692342342299999913e+00,-4.456041935900000084e+01,-5.213437675499999813e+01,-2.786035768400000023e+01,-7.127707626400000152e+01,-3.046834905200000065e+01
4.712352352399999944e+00,-4.426908293299999997e+01,-4.890793750800000339e+01,-2.767011492800000028e+01,-6.817266324499999541e+01,-3.080637920199999868e+01
4.732362362399999967e+00,-4.371591724299999981e+01,-6.546246284400000093e+01,-2.825749750299999974e+01,-5.159295216400000328e+01,-3.025554505599999899e+01
4.752372372399999989e+00,-4.098567877299999651e+01,-5.212234920099999869e+01,-2.831824189800000013e+01,-6.080316969599999766e+01,-3.042014011299999865e+01
4.772382382400000012e+00,-4.236697786300000246e+01,-4.806948746199999789e+01,-2.825935580799999869e+01,-6.170586868099999833e+01,-2.988663660399999955e+01
4.792392392400000034e+00,-4.103508826600000248e+01,-5.302428402400000351e+01,-2.769461317100000031e+01,-6.408787966200000596e+01,-2.983147847100000050e+01
4.812402402400000057e+00,-3.917369973499999958e+01,-5.266452404599999682e+01,-2.843821141000000097e+01,-5.669510089199999925e+01,-3.021658931800000047e+01
4.832412412399999191e+00,-4.141094919799999730e+01,-5.182878000000000185e+01,-2.873862103400000123e+01,-5.706625420700000006e+01,-2.992791695800000085e+01
4.852422422399999213e+00,-4.072967672499999736e+01,-5.069917433799999884e+01,-2.870032559799999916e+01,-6.472917163900000048e+01,-3.010017690500000143e+01
4.872432432399999236e+00,-4.212826242799999932e+01,-5.146574967000000100e+01,-2.832915325100000103e+01,-6.396056219500000140e+01,-2.988522854400000028e+01
4.892442442399999258e+00,-4.151151283299999761e+01,-5.342998249099999697e+01,-2.865169118800000092e+01,-6.181333757299999832e+01,-2.995101626800000005e+01
4.912452452500000177e+00,-3.938885779900000017e+01,-5.241966750999999647e+01,-2.864535102700000024e+01,-5.458166148600000156e+01,-2.908904445699999997e+01
4.932462462500000200e+00,-4.211662100600000258e+01,-4.995838648600000198e+01,-2.840907499600000108e+01,-5.781946085399999902e+01,-2.919905934000000158e+01
4.952472472500000222e+00,-4.072247321399999720e+01,-5.079177740800000151e+01,-2.781187528599999936e+01,-5.562118140399999788e+01,-2.900572222799999977e+01
4.972482482500000245e+00,-4.202442694599999840e+01,-4.601015309800000352e+01,-2.748250761199999914e+01,-6.477009720899999934e+01,-2.895084396100000035e+01
4.992492492500000267e+00,-4.016738649799999905e+01,-4.808550383600000089e+01,-2.745552982599999936e+01,-6.034401358600000265e+01,-2.872195888799999963e+01
5.012502502500000290e+00,-3.952867113500000329e+01,-4.409894203199999652e+01,-2.726986529099999856e+01,-6.936416477900000643e+01,-2.857344897100000125e+01
5.032512512500000312e+00,-4.004107434699999857e+01,-4.414139021999999812e+01,-2.678566863700000056e+01,-5.611423065400000354e+01,-2.875436585099999931e+01
5.052522522500000335e+00,-4.033400037100000191e+01,-4.373581744900000245e+01,-2.669049056200000081e+01,-6.629207132999999885e+01,-2.864357380999999947e+01
5.072532532500000357e+00,-3.934748102399999681e+01,-4.537086652600000036e+01,-2.643647813500000154e+01,-6.072489979699999907e+01,-2.852095713099999941e+01
5.092542542500000380e+00,-4.059655369299999705e+01,-4.490184864300000100e+01,-2.656990386800000081e+01,-5.638284983199999800e+01,-2.868190690699999834e+01
5.112552552600000411e+00,-4.068029285400000106e+01,-4.299615745999999916e+01,-2.605188094200000037e+01,-6.123103910599999722e+01,-2.921922706300000172e+01
5.132562562600000433e+00,-4.030213429500000188e+01,-4.350762389700000199e+01,-2.537793046000000174e+01,-6.048757645900000313e+01,-2.910698617899999974e+01
5.152572572600000456e+00,-4.093643575899999831e+01,-4.210084147599999937e+01,-2.564184480500000163e+01,-5.671950400000000059e+01,-2.935680988500000055e+01
5.172582582600000478e+00,-4.056606278600000337e+01,-4.232189924600000097e+01,-2.589328675000000146e+01,-6.111025206299999724e+01,-2.944959986299999954e+01
5.192592592600000501e+00,-4.134947108600000121e+01,-4.296074286999999714e+01,-2.562929848899999996e+01,-5.542735769299999760e+01,-2.953123343900000108e+01
5.212602602600000523e+00,-4.375442042600000292e+01,-4.177869131700000338e+01,-2.506957872199999926e+01,-5.940535716699999824e+01,-3.090021833599999823e+01
5.232612612600000546e+00,-4.238645832899999988e+01,-4.242969856700000264e+01,-2.497042478599999882e+01,-5.864737492599999769e+01,-3.046394740299999881e+01
5.252622622600000568e+00,-4.224658309099999798e+01,-4.109275627499999928e+01,-2.499483814799999948e+01,-5.751599628900000027e+01,-3.174698865299999895e+01
5.272632632600000591e+00,-4.103104323099999817e+01,-4.191506034700000072e+01,-2.493270260299999919e+01,-5.615146920699999811e+01,-3.268686698199999796e+01
5.292642642600000613e+00,-4.057864626300000310e+01,-4.170274955899999725e+01,-2.471974835299999995e+01,-5.191801442300000247e+01,-3.265883282600000115e+01
5.312652652699999756e+00,-4.052796685100000218e+01,-4.104106959399999965e+01,-2.486816288700000044e+01,-5.416629048099999721e+01,-3.355681393799999768e+01
5.332662662699999778e+00,-5.075835280199999744e+01,-4.124986841999999854e+01,-2.498729391000000177e+01,-5.517862616600000081e+01,-3.281460721300000216e+01
5.352672672699999801e+00,-4.847348610099999888e+01,-3.991080829599999902e+01,-2.445338571699999974e+01,-5.509053156899999948e+01,-3.282296049600000032e+01
5.372682682699999823e+00,-4.650637555099999787e+01,-4.017566742700000049e+01,-2.479923589899999925e+01,-6.408001780200000042e+01,-3.329519009900000270e+01
5.392692692699999846e+00,-4.455515392400000252e+01,-4.426370066100000145e+01,-2.485386503599999841e+01,-6.473033266100000560e+01,-3.425941482399999671e+01
5.412702702699999868e+00,-4.961389386399999779e+01,-4.570333881300000201e+01,-2.448671741200000085e+01,-6.055480137100000348e+01,-3.571849610200000313e+01
5.432712712699999891e+00,-4.408114169800000326e+01,-4.130631932499999692e+01,-2.428217367499999924e+01,-6.620889790200000391e+01,-3.555271863899999829e+01
5.452722722699999913e+00,-4.632425860899999748e+01,-4.518053247900000002e+01,-2.462980458499999870e+01,-6.281132428400000123e+01,-3.612506401200000283e+01
5.472732732699999936e+00,-4.360683782699999966e+01,-4.351662899000000095e+01,-2.450412811800000057e+01,-5.716164703100000111e+01,-3.901536703200000034e+01
5.492742742699999958e+00,-4.615534725799999904e+01,-5.180726853699999879e+01,-2.427060196500000089e+01,-5.319007720300000130e+01,-3.798681042399999797e+01
5.512752752799999989e+00,-4.764623488600000201e+01,-4.527610497799999933e+01,-2.410774243999999911e+01,-5.045365187499999848e+01,-3.726278553099999868e+01
5.532762762800000012e+00,-5.063123891600000093e+01,-4.741078708300000244e+01,-2.371367708800000074e+01,-6.873561595399999646e+01,-3.867687411400000030e+01
5.552772772800000034e+00,-4.857633732499999724e+01,-4.089345174700000030e+01,-2.370620267600000020e+01,-5.964895915099999968e+01,-4.003926891700000112e+01
5.572782782800000057e+00,-5.273035726100000176e+01,-4.601100133799999981e+01,-2.395218992299999883e+01,-6.523417693400000417e+01,-4.163055458200000203e+01
5.592792792800000079e+00,-4.522545186199999989e+01,-4.364178660599999660e+01,-2.332165554299999854e+01,-6.373489472199999994e+01,-4.105085712099999995e+01
5.612802802800000102e+00,-4.775168268400000215e+01,-4.322527032100000355e+01,-2.356975218399999861e+01,-5.824350330299999712e+01,-3.989658735599999773e+01
5.632812812800000124e+00,-4.741168200199999916e+01,-4.206226274200000148e+01,-2.382232359900000063e+01,-6.574183113700000547e+01,-4.200213724000000326e+01
5.652822822800000147e+00,-5.111986193999999983e+01,-4.038504312300000265e+01,-2.411536881800000032e+01,-5.363719139399999847e+01,-4.019923837999999705e+01
5.672832832800000169e+00,-4.851782074300000147e+01,-4.236195728399999894e+01,-2.406711981400000155e+01,-5.692841549199999918e+01,-4.429236845300000169e+01
5.692842842800000192e+00,-4.808353441199999878e+01,-4.002195004899999731e+01,-2.437932486600000104e+01,-5.935840171499999940e+01,-4.484421596699999668e+01
5.712852852899999334e+00,-5.541240207700000298e+01,-3.825733260999999885e+01,-2.448814655600000023e+01,-5.584998012900000219e+01,-4.767838615600000196e+01
5.732862862899999357e+00,-5.172703177399999674e+01,-3.843997734700000279e+01,-2.494017212900000047e+01,-5.666426952999999855e+01,-4.356749361100000328e+01
5.752872872899999379e+00,-5.144384392799999972e+01,-3.723891992899999792e+01,-2.493829963700000008e+01,-5.535046768400000161e+01,-4.352468248299999942e+01
5.772882882899999402e+00,-4.846559673899999865e+01,-3.785536915600000185e+01,-2.538150170500000158e+01,-5.259643602900000303e+01,-4.487088375100000093e+01
5.792892892899999424e+00,-4.914608401800000337e+01,-3.867966343599999846e+01,-2.561643201700000105e+01,-5.473642924199999982e+01,-4.406174666700000131e+01
5.812902902899999447e+00,-4.750601505499999888e+01,-3.818665088699999899e+01,-2.665354536199999913e+01,-5.304495733200000274e+01,-4.348323363099999739e+01
5.832912912899999469e+00,-6.713905306099999848e+01,-3.688797284300000001e+01,-2.654257287800000142e+01,-5.221033694500000166e+01,-4.262590220700000287e+01
5.852922922899999492e+00,-5.810708848499999846e+01,-3.622079924599999856e+01,-2.705939149299999968e+01,-5.277756117700000260e+01,-4.470114722699999987e+01
5.872932932899999514e+00,-5.382500562599999938e+01,-3.689721695899999787e+01,-2.741695801599999882e+01,-5.122235974699999872e+01,-4.485967905300000069e+01
5.892942942899999537e+00,-5.561808920699999703e+01,-3.806252527299999855e+01,-2.822965191999999846e+01,-6.380028523400000040e+01,-4.365330273299999675e+01
5.912952952999999567e+00,-4.945552595499999882e+01,-3.583810320199999921e+01,-2.861150184599999946e+01,-4.884071678699999808e+01,-4.234203451999999857e+01
5.932962962999999590e+00,-6.834421536199999991e+01,-3.565959637600000320e+01,-2.935150384700000004e+01,-5.133832424900000291e+01,-4.248751750499999957e+01
5.952972972999999612e+00,-5.079013465500000279e+01,-3.487340766599999853e+01,-3.080800246100000095e+01,-5.351403314699999925e+01,-4.219463337799999891e+01
5.972982982999999635e+00,-7.165856636099999832e+01,-3.502615060499999800e+01,-3.092144564599999867e+01,-5.750634743999999898e+01,-4.200761304299999921e+01
5.992992992999999657e+00,-5.198624607299999667e+01,-3.565914820199999724e+01,-3.049248383100000126e+01,-5.092624818099999828e+01,-4.009548389300000082e+01
6.013003002999999680e+00,-5.697849644400000102e+01,-3.436159837699999997e+01,-3.048955522299999998e+01,-4.804565936200000209e+01,-3.840015182599999832e+01
6.033013012999999702e+00,-5.295622655999999751e+01,-3.749672702099999810e+01,-3.031105635000000120e+01,-4.890892533200000258e+01,-3.783049571299999769e+01
6.053023022999999725e+00,-6.034545390600000303e+01,-3.598192539499999754e+01,-2.931717063700000026e+01,-4.531416753399999919e+01,-3.613057519400000217e+01
6.073033032999999747e+00,-5.668842170599999974e+01,-3.537235575599999748e+01,-2.869560439199999990e+01,-4.828233539400000041e+01,-3.583417325300000300e+01
6.093043042999999770e+00,-4.929462898999999965e+01,-3.663191590999999647e+01,-2.813055966800000007e+01,-4.419252475799999758e+01,-3.520636747799999711e+01
6.113053053100000689e+00,-5.940031607299999905e+01,-3.698638120100000037e+01,-2.769963565999999844e+01,-4.961437915399999810e+01,-3.472329193899999922e+01
6.133063063100000711e+00,-5.204929995100000184e+01,-3.884039681400000177e+01,-2.742657921900000062e+01,-4.724791024499999992e+01,-3.449119059200000237e+01
6.153073073100000734e+00,-5.574166672900000208e+01,-3.776025328200000075e+01,-2.725118170800000073e+01,-4.417100787900000114e+01,-3.348270532800000154e+01
6.173083083100000756e+00,-4.928888305299999928e+01,-3.788833753400000148e+01,-2.683974402200000142e+01,-4.807560217900000055e+01,-3.378844045700000009e+01
6.193093093100000779e+00,-5.265345101599999822e+01,-4.031929726199999919e+01,-2.678255007599999971e+01,-4.900398507599999931e+01,-3.367606088899999861e+01
6.213103103100000801e+00,-5.010760568799999959e+01,-4.092379723500000210e+01,-2.731193543099999843e+01,-4.529906378199999750e+01,-3.281086417899999930e+01
6.233113113100000824e+00,-6.005537509100000193e+01,-4.027246900600000146e+01,-2.702094380300000154e+01,-4.675522457900000006e+01,-3.314768388200000260e+01
6.253123123099999958e+00,-4.606371362499999833e+01,-4.181009012399999847e+01,-2.791426096100000009e+01,-4.356814930800000241e+01,-3.436214042000000290e+01
6.273133133099999981e+00,-5.110283027500000230e+01,-4.307705803900000063e+01,-2.827157365000000055e+01,-4.540586148599999916e+01,-3.405734872899999743e+01
6.293143143100000003e+00,-4.551923443300000116e+01,-4.144392668399999735e+01,-2.851257115700000000e+01,-4.777927200199999902e+01,-3.375364343799999745e+01
6.313153153200000034e+00,-4.906587660299999953e+01,-3.798242724499999667e+01,-2.911030433000000173e+01,-4.880607270200000158e+01,-3.534682849299999674e+01
6.333163163200000056e+00,-4.331509532100000115e+01,-3.919546122399999888e+01,-2.941198522899999901e+01,-4.542714589599999897e+01,-3.526579311700000119e+01
6.353173173200000079e+00,-4.892828164099999810e+01,-3.878712363399999674e+01,-2.941327415199999962e+01,-4.758995372999999773e+01,-3.642924027699999812e+01
6.373183183200000101e+00,-4.695499587500000160e+01,-3.537615652600000260e+01,-2.989446855299999939e+01,-5.476016935100000183e+01,-3.696599625599999683e+01
6.393193193200000124e+00,-4.447984759500000251e+01,-3.657413582800000285e+01,-2.944388093899999959e+01,-4.846774587200000184e+01,-3.783919560799999715e+01
6.413203203200000146e+00,-4.533538451700000138e+01,-3.485000921599999657e+01,-2.908009759400000149e+01,-4.692872104100000286e+01,-3.854065993599999729e+01
6.433213213200000169e+00,-4.304065263999999758e+01,-3.443512217399999997e+01,-2.948321856800000162e+01,-4.528404743200000127e+01,-3.627742784600000192e+01
6.453223223200000191e+00,-4.211241909400000338e+01,-3.436318185100000022e+01,-2.907251883800000058e+01,-5.171155901000000199e+01,-3.746632362700000130e+01
6.473233233200000214e+00,-4.158632426100000146e+01,-3.479089918500000067e+01,-2.994327219899999903e+01,-4.670473382200000145e+01,-3.768638170700000245e+01
6.493243243200000236e+00,-4.217549428299999903e+01,-3.351850676499999793e+01,-2.988147567000000038e+01,-4.797482358500000288e+01,-3.548948767200000276e+01
6.513253253300000267e+00,-4.813616448500000189e+01,-3.372611977100000047e+01,-2.998734798799999979e+01,-4.391140157499999930e+01,-3.556021377700000130e+01
6.533263263300000290e+00,-4.297355818799999838e+01,-3.393821168800000265e+01,-3.034785460200000173e+01,-4.959441747799999689e+01,-3.436450404800000058e+01
6.553273273300000312e+00,-4.055482997699999714e+01,-3.350161240500000304e+01,-3.108328074699999988e+01,-4.667880257000000199e+01,-3.479962306899999902e+01
6.573283283300000335e+00,-4.274992588799999993e+01,-3.240816750199999774e+01,-3.190072023500000142e+01,-4.141810516400000353e+01,-3.383436805800000258e+01
6.593293293300000357e+00,-4.567974807000000226e+01,-3.300523971100000153e+01,-3.200075269399999911e+01,-4.524106441800000056e+01,-3.339187304200000028e+01
6.613303303300000380e+00,-3.944811686900000325e+01,-3.307742949099999663e+01,-3.264973352300000187e+01,-4.318294633499999691e+01,-3.346185508300000322e+01
6.633313313300000402e+00,-3.932203204399999663e+01,-3.186731103099999984e+01,-3.512024679999999677e+01,-4.263179245999999978e+01,-3.449352215100000052e+01
6.653323323300000425e+00,-3.699913431899999949e+01,-3.345108166499999669e+01,-3.477047969299999863e+01,-3.994419455300000266e+01,-3.308897779400000161e+01
6.673333333300000447e+00,-3.943340556100000072e+01,-3.230080821800000024e+01,-3.612248480099999881e+01,-3.957529718600000024e+01,-3.338625236099999682e+01
6.693343343300000470e+00,-3.716691794399999793e+01,-3.293731286900000299e+01,-3.625824496300000277e+01,-4.089694267200000155e+01,-3.420404728300000130e+01
6.713353353399999612e+00,-3.790864465300000319e+01,-3.212599493799999806e+01,-3.494640783100000192e+01,-4.221997421100000025e+01,-3.388558865899999972e+01
6.733363363399999635e+00,-3.822464065999999860e+01,-3.319497863099999790e+01,-3.662967391800000172e+01,-3.909077574399999833e+01,-3.479458368899999954e+01
6.753373373399999657e+00,-3.909879534400000267e+01,-3.218285957799999863e+01,-3.593815947499999908e+01,-3.909383557999999681e+01,-3.463176929400000148e+01
6.773383383399999680e+00,-3.584074705399999772e+01,-3.242614990700000277e+01,-3.566963307999999699e+01,-3.811962919799999838e+01,-3.433167428200000160e+01
6.793393393399999702e+00,-3.643706299000000115e+01,-3.100423106599999912e+01,-3.429071073400000103e+01,-3.890848777800000136e+01,-3.485020793999999711e+01
6.813403403399999725e+00,-3.668322171700000212e+01,-3.121663848000000030e+01,-3.397136601599999750e+01,-3.751067509399999977e+01,-3.458204511499999967e+01
6.833413413399999747e+00,-3.589796303699999669e+01,-3.121212717399999903e+01,-3.312095506800000067e+01,-3.693832925800000311e+01,-3.458384017699999902e+01
6.853423423399999770e+00,-3.527684979400000032e+01,-3.102814592000000005e+01,-3.171428100700000030e+01,-3.786169043299999970e+01,-3.434465016099999701e+01
6.873433433399999792e+00,-3.330215218499999708e+01,-3.183640999800000060e+01,-3.133515851900000015e+01,-3.931133090899999871e+01,-3.414684667600000267e+01
6.893443443399999815e+00,-3.407382854600000144e+01,-3.189993103899999838e+01,-3.057171853699999886e+01,-3.879791654600000328e+01,-3.442408266900000058e+01
6.913453453499999846e+00,-3.419173739099999665e+01,-3.085391815599999887e+01,-2.936200058600000062e+01,-3.932518458799999905e+01,-3.504562461599999779e+01
6.933463463499999868e+00,-3.378166342000000100e+01,-3.080669143400000110e+01,-2.968143906099999896e+01,-4.246168938000000281e+01,-3.485978809299999881e+01
6.953473473499999891e+00,-3.263785149000000274e+01,-3.046736165200000102e+01,-2.915510043100000104e+01,-4.183150539799999734e+01,-3.618443340400000352e+01
6.973483483499999913e+00,-3.290777392199999696e+01,-3.049365817400000012e+01,-2.869815956900000131e+01,-4.007110881700000249e+01,-3.560745183299999894e+01
6.993493493499999936e+00,-3.302886110000000031e+01,-3.080545603099999852e+01,-2.846346604400000047e+01,-4.159216747600000019e+01,-3.629178324699999791e+01
7.013503503499999958e+00,-3.345070623499999840e+01,-3.024943447100000071e+01,-2.812288563799999963e+01,-4.199260247099999788e+01,-3.609152666600000003e+01
7.033513513499999981e+00,-3.211142090100000246e+01,-2.944609635799999836e+01,-2.799890850899999961e+01,-4.422750677700000210e+01,-3.584648791000000045e+01
7.053523523500000003e+00,-3.309752453499999802e+01,-2.946552315299999947e+01,-2.774989546600000168e+01,-4.309258071699999704e+01,-3.403128256099999760e+01
7.073533533500000026e+00,-3.280973334699999810e+01,-2.882123247199999838e+01,-2.849543998800000111e+01,-4.331651046000000349e+01,-3.502831242100000253e+01
7.093543543500000048e+00,-3.377861341799999906e+01,-2.899341872300000134e+01,-2.764065017300000093e+01,-4.188592686799999854e+01,-3.364977741300000247e+01
7.113553553600000079e+00,-3.297427630800000031e+01,-2.941878673000000077e+01,-2.830465936899999946e+01,-4.556949657300000212e+01,-3.491801371700000090e+01
7.133563563600000101e+00,-3.546848879200000226e+01,-2.920051007200000015e+01,-2.790935907700000129e+01,-4.089653072400000156e+01,-3.438317902000000004e+01
7.153573573600000124e+00,-3.417142132600000082e+01,-2.948553069700000151e+01,-2.824817411600000128e+01,-4.012778944699999784e+01,-3.304073278300000283e+01
7.173583583600000146e+00,-3.420817451700000333e+01,-3.008152493000000050e+01,-2.871319457599999936e+01,-3.822989905099999675e+01,-3.372656268699999771e+01
7.193593593600000169e+00,-3.521574963999999852e+01,-2.973542957000000087e+01,-2.910047137899999825e+01,-4.053977224100000143e+01,-3.326455912400000159e+01
7.213603603600000191e+00,-3.570045112700000089e+01,-3.023336468600000160e+01,-2.896188427399999910e+01,-3.717049012300000044e+01,-3.378023876999999686e+01
7.233613613600000214e+00,-3.564533052200000185e+01,-3.136010316899999850e+01,-2.975155745200000013e+01,-3.689979743300000337e+01,-3.253293398000000280e+01
7.253623623600000236e+00,-3.702329627499999987e+01,-3.147464166299999988e+01,-3.026213221100000084e+01,-3.616898176600000170e+01,-3.155104010100000167e+01
7.273633633600000259e+00,-3.611359364799999838e+01,-3.190208691899999849e+01,-3.009739486000000142e+01,-3.509146259799999967e+01,-3.072716440299999974e+01
7.293643643600000281e+00,-3.708344994600000177e+01,-3.354105935799999827e+01,-3.059283061600000053e+01,-3.383016383300000030e+01,-3.061493530499999949e+01
7.313653653699999424e+00,-3.586919241999999741e+01,-3.400804697600000281e+01,-3.133346438499999920e+01,-3.279372177599999816e+01,-2.995717666699999882e+01
7.333663663699999447e+00,-3.786987792699999744e+01,-3.368754840399999750e+01,-3.170493778499999848e+01,-3.240451249600000239e+01,-2.996123779199999859e+01
7.353673673699999469e+00,-3.654316210000000353e+01,-3.456961557000000340e+01,-3.246075686999999732e+01,-3.184770999399999880e+01,-2.924168916500000037e+01
7.373683683699999492e+00,-3.600800813200000050e+01,-3.450511677200000094e+01,-3.411791900099999708e+01,-3.180526676799999919e+01,-2.873739962399999825e+01
7.393693693699999514e+00,-3.783220790200000039e+01,-3.514446982999999847e+01,-3.302776437499999673e+01,-3.044081804600000041e+01,-2.844603775599999906e+01
7.413703703699999537e+00,-3.762224173100000257e+01,-3.742456213599999870e+01,-3.307825598099999809e+01,-3.069831583399999886e+01,-2.827866157600000108e+01
7.433713713699999559e+00,-3.774358638700000057e+01,-3.759639042599999925e+01,-3.225492550700000294e+01,-3.040536146899999892e+01,-2.817108099900000084e+01
7.453723723699999582e+00,-3.506075847299999992e+01,-3.852887608300000011e+01,-3.070959838899999994e+01,-2.982531227400000162e+01,-2.840660047600000127e+01
7.473733733699999604e+00,-3.639423752999999806e+01,-4.157354279900000193e+01,-3.091115888599999906e+01,-2.951634522599999855e+01,-2.833269376799999861e+01
7.493743743699999627e+00,-3.552988602599999979e+01,-4.030628389099999964e+01,-2.920706232499999899e+01,-2.916040549799999937e+01,-2.802903239700000171e+01
7.513753753800000545e+00,-3.635285071500000242e+01,-3.902294379100000299e+01,-2.821415447400000076e+01,-2.987935944099999830e+01,-2.835697953600000076e+01
7.533763763800000568e+00,-3.620775208799999945e+01,-3.850533245300000118e+01,-2.757206902300000095e+01,-2.940535842899999963e+01,-2.870146826899999937e+01
7.553773773800000590e+00,-3.585445993500000128e+01,-3.862098638599999845e+01,-2.657951332500000063e+01,-2.982003141499999899e+01,-2.868107625400000060e+01
7.573783783800000613e+00,-3.738586075199999925e+01,-4.065761725699999829e+01,-2.612821259700000098e+01,-2.978247258600000080e+01,-2.919032403599999981e+01
7.593793793799999747e+00,-3.621638324199999914e+01,-3.771062490799999978e+01,-2.558842809600000123e+01,-3.114319374500000137e+01,-2.962980196699999880e+01
7.613803803799999770e+00,-3.729360337699999661e+01,-3.892352736800000201e+01,-2.529884911499999944e+01,-3.103167914000000138e+01,-3.037753650899999869e+01
7.633813813799999792e+00,-3.527143648500000239e+01,-3.927246882800000094e+01,-2.455487035000000162e+01,-3.051668755300000058e+01,-3.071768594099999916e+01
7.653823823799999815e+00,-3.726581904199999684e+01,-3.779413895599999762e+01,-2.480466292899999914e+01,-3.198770754299999908e+01,-3.110573734900000176e+01
7.673833833799999837e+00,-3.519111130900000006e+01,-3.613417434000000128e+01,-2.449952415599999966e+01,-3.185581256100000047e+01,-3.252081649600000191e+01
7.693843843799999860e+00,-3.547596093100000303e+01,-3.778805207300000291e+01,-2.458283913900000073e+01,-3.165229935700000041e+01,-3.359916075799999646e+01
7.713853853899999891e+00,-3.660190768700000064e+01,-3.855929649299999795e+01,-2.487200215000000014e+01,-3.220790050099999746e+01,-3.512080074699999699e+01
7.733863863899999913e+00,-3.547683900199999840e+01,-4.003512487900000139e+01,-2.440612193999999846e+01,-3.137844949799999839e+01,-3.419348700399999785e+01
7.753873873899999936e+00,-3.605942703400000227e+01,-4.073161219200000005e+01,-2.547973717700000051e+01,-3.220404142400000325e+01,-3.600868660900000151e+01
7.773883883899999958e+00,-3.624902053299999949e+01,-3.585516073699999851e+01,-2.511475170199999951e+01,-3.298735982099999831e+01,-3.675203681699999692e+01
7.793893893899999981e+00,-3.508946430200000322e+01,-3.748040477499999668e+01,-2.498180218999999980e+01,-3.286459961199999924e+01,-3.865175766299999793e+01
7.813903903900000003e+00,-3.595098587199999685e+01,-3.669130607099999963e+01,-2.606306659199999842e+01,-3.342107706099999831e+01,-4.121437639199999836e+01
7.833913913900000026e+00,-3.567456781199999938e+01,-3.784737384700000007e+01,-2.600099464199999844e+01,-3.178149223899999853e+01,-4.221757673900000185e+01
7.853923923900000048e+00,-3.543993086199999709e+01,-3.640023684900000234e+01,-2.633131120199999842e+01,-3.286140545899999665e+01,-4.541633561100000094e+01
7.873933933899999182e+00,-3.656057578699999766e+01,-4.002106564099999986e+01,-2.714488315599999879e+01,-3.271279068799999834e+01,-4.349102899100000030e+01
7.893943943899999205e+00,-3.541065729599999656e+01,-3.844259378499999968e+01,-2.744310405899999949e+01,-3.361659001999999674e+01,-5.375094520900000106e+01
7.913953954000000124e+00,-3.449095177099999887e+01,-3.750868366800000331e+01,-2.826394639600000147e+01,-3.297606067299999921e+01,-4.940090014599999790e+01
7.933963964000000146e+00,-3.583071810900000287e+01,-3.792215295199999758e+01,-2.853782750699999937e+01,-3.526704827100000017e+01,-4.530261490899999899e+01
7.953973974000000169e+00,-3.489150930299999942e+01,-3.510706567700000136e+01,-2.918270375299999841e+01,-3.512053125100000273e+01,-4.461926521800000245e+01
7.973983984000000191e+00,-3.448762726700000059e+01,-3.684152999999999878e+01,-2.906399819099999959e+01,-3.542629879199999721e+01,-4.549372008899999997e+01
7.993993994000000214e+00,-3.653349965400000343e+01,-3.430500634799999915e+01,-2.879526120799999944e+01,-3.606412670899999995e+01,-4.530935767700000127e+01
8.014004004000000236e+00,-3.412638556400000311e+01,-3.552292486399999660e+01,-2.863438341499999851e+01,-3.668715439199999651e+01,-3.873100005100000232e+01
8.034014014000000259e+00,-3.506807412999999940e+01,-3.610984630000000095e+01,-2.891928055500000028e+01,-3.729382858499999998e+01,-4.013610447700000350e+01
8.054024024000000281e+00,-3.601753695400000055e+01,-3.605317453300000352e+01,-2.860298175400000176e+01,-3.861364103900000089e+01,-3.784283821900000078e+01
8.074034034000000304e+00,-3.760890192800000165e+01,-3.603694732000000300e+01,-2.808012811000000042e+01,-3.918643546999999927e+01,-3.727938230299999844e+01
8.094044044000000326e+00,-3.859878858100000087e+01,-3.877728068599999744e+01,-2.823193361899999942e+01,-3.888099002700000284e+01,-3.417684776699999816e+01
8.114054054100000357e+00,-3.851251153500000157e+01,-3.697703008900000299e+01,-2.801483674199999996e+01,-3.711263842999999696e+01,-3.381404660900000181e+01
8.134064064100000380e+00,-3.606239774899999873e+01,-3.639957073800000131e+01,-2.812006480300000177e+01,-3.782499167099999937e+01,-3.309966122299999824e+01
8.154074074100000402e+00,-4.055900434099999785e+01,-3.578208595299999928e+01,-2.780535062199999885e+01,-3.775079251100000022e+01,-3.271010738399999696e+01
8.174084084100000425e+00,-3.785375112100000194e+01,-3.764807310100000137e+01,-2.775314027099999947e+01,-3.766959816699999664e+01,-3.219437615399999686e+01
8.194094094100000447e+00,-3.934929357299999708e+01,-3.639271455800000155e+01,-2.838370479599999996e+01,-3.857308919100000111e+01,-3.213919199899999768e+01
8.214104104100000470e+00,-4.335192070899999806e+01,-3.697581120899999974e+01,-2.817263931200000115e+01,-3.896426305199999973e+01,-3.153319797700000038e+01
8.234114114100000492e+00,-4.301586574600000290e+01,-3.535972597399999984e+01,-2.815710856500000148e+01,-3.832647246300000177e+01,-3.149237901500000092e+01
8.254124124100000515e+00,-4.524198951399999657e+01,-3.451431702400000034e+01,-2.897853747499999955e+01,-3.889576902299999972e+01,-3.086937258300000053e+01
8.274134134100000537e+00,-4.369949565799999647e+01,-3.485200086300000066e+01,-2.971511792700000143e+01,-4.062713191400000312e+01,-3.172492928400000167e+01
8.294144144100000560e+00,-4.140050029100000017e+01,-3.419754897899999690e+01,-2.991197621899999959e+01,-4.205131631300000095e+01,-3.211950255400000032e+01
8.314154154200000590e+00,-4.669220643300000262e+01,-3.597592945000000242e+01,-3.129032789700000095e+01,-4.196116381299999887e+01,-3.206884298599999994e+01
8.334164164200000613e+00,-4.722794584900000103e+01,-3.233078662999999864e+01,-3.221441251899999969e+01,-3.973207820500000054e+01,-3.371032865899999820e+01
8.354174174200000635e+00,-4.678393213500000059e+01,-3.311289640399999712e+01,-3.275492283599999865e+01,-4.181843734200000284e+01,-3.277767723800000255e+01
8.374184184200000658e+00,-5.077203233600000232e+01,-3.192227207399999855e+01,-3.421699340299999648e+01,-4.210803029400000241e+01,-3.354181521800000354e+01
8.394194194200000680e+00,-6.356988525700000281e+01,-3.427139644100000027e+01,-3.552296449600000017e+01,-4.255579481299999856e+01,-3.300727695500000181e+01
8.414204204199998927e+00,-5.863664990499999874e+01,-3.317086106899999720e+01,-3.725244171100000301e+01,-4.388657488900000203e+01,-3.459889638399999967e+01
8.434214214199998949e+00,-5.529945750499999946e+01,-3.297587249699999745e+01,-3.636102131199999832e+01,-4.110609499299999925e+01,-3.475407072099999795e+01
8.454224224199998972e+00,-5.028640903800000217e+01,-3.347111640199999982e+01,-4.002434489000000184e+01,-4.949209598699999901e+01,-3.412751290899999645e+01
8.474234234199998994e+00,-4.324347311500000046e+01,-3.382473706500000077e+01,-3.819532062300000064e+01,-4.526123237299999857e+01,-3.553129472500000219e+01
8.494244244199999017e+00,-5.018101330999999732e+01,-3.403257451500000030e+01,-4.098582299000000262e+01,-5.064656789200000020e+01,-3.508394509499999714e+01
8.514254254300000824e+00,-3.927465742500000090e+01,-3.319912117999999879e+01,-4.435951578299999909e+01,-4.928700463500000239e+01,-3.452943489500000140e+01
8.534264264300000846e+00,-4.430458556800000025e+01,-3.218274874299999766e+01,-4.144963684500000056e+01,-4.815082541900000024e+01,-3.454797386799999970e+01
8.554274274300000869e+00,-4.169247087099999760e+01,-3.638423692599999981e+01,-4.152688052199999902e+01,-5.604051143000000224e+01,-3.538563140899999837e+01
8.574284284300000891e+00,-3.949851254600000061e+01,-3.460478932200000202e+01,-4.375084843799999845e+01,-4.593727977500000037e+01,-3.526851184000000217e+01
8.594294294299999137e+00,-4.080467437200000091e+01,-3.661069466400000039e+01,-4.532616083599999968e+01,-5.287869295800000202e+01,-3.519019193199999762e+01
8.614304304299999160e+00,-4.204048555699999667e+01,-3.973980677499999814e+01,-4.346283945500000101e+01,-4.869268432599999841e+01,-3.511429811000000001e+01
8.634314314299999182e+00,-3.739921899899999858e+01,-3.537790556200000225e+01,-4.755699583700000233e+01,-4.482773709100000303e+01,-3.702451340799999713e+01
8.654324324299999205e+00,-4.207641888799999919e+01,-3.622239031099999806e+01,-4.409335126900000290e+01,-4.613093338400000221e+01,-3.611323588900000203e+01
8.674334334299999227e+00,-3.989695365200000055e+01,-3.364368140599999890e+01,-4.867145622700000018e+01,-4.985631887400000295e+01,-3.460566175099999953e+01
8.694344344299999250e+00,-3.699516192699999806e+01,-3.372704114300000100e+01,-3.638317106200000239e+01,-4.449355661599999934e+01,-3.968949523900000287e+01
8.714354354399999281e+00,-3.764763722099999654e+01,-3.424598243500000194e+01,-3.656521755200000001e+01,-4.460730420400000185e+01,-3.833720234500000146e+01
8.734364364399999303e+00,-3.675937108000000109e+01,-3.748585960700000186e+01,-3.326558725699999997e+01,-3.992493282499999907e+01,-3.992283337799999998e+01
8.754374374399999326e+00,-3.647797964899999812e+01,-3.641094050000000237e+01,-3.139481710600000142e+01,-4.168454455700000238e+01,-3.904241963500000168e+01
8.774384384399999348e+00,-3.751590336400000325e+01,-3.651239582200000200e+01,-2.961282209199999826e+01,-4.136811818799999685e+01,-3.903242873800000012e+01
8.794394394399999371e+00,-4.059041207399999962e+01,-4.146407697899999789e+01,-2.995548802900000140e+01,-3.963512265699999659e+01,-3.815532235700000285e+01
8.814404404399999393e+00,-3.717816417200000245e+01,-4.069659855300000117e+01,-2.852496042399999965e+01,-3.766685320399999881e+01,-4.043604539199999692e+01
8.834414414399999416e+00,-4.056162726200000179e+01,-3.848123672799999895e+01,-2.734760343700000007e+01,-3.895475676499999906e+01,-4.249390435200000127e+01
8.854424424399999438e+00,-3.856739923800000014e+01,-3.591781634699999870e+01,-2.611419864100000154e+01,-3.886792605699999825e+01,-4.067891331599999916e+01
8.874434434399999461e+00,-4.052411208200000203e+01,-3.981766490999999775e+01,-2.555436914499999901e+01,-3.784227964800000166e+01,-4.059892951700000197e+01
8.894444444399999483e+00,-3.816945976800000295e+01,-3.577915106599999717e+01,-2.447804477800000100e+01,-3.959179138900000083e+01,-3.929240601400000088e+01
8.914454454499999514e+00,-3.691318722599999802e+01,-3.383369013000000081e+01,-2.469074138499999904e+01,-3.689961327900000043e+01,-3.886736120500000169e+01
8.934464464499999536e+00,-4.240781560500000325e+01,-3.466508170099999830e+01,-2.453782971500000087e+01,-3.601472336399999818e+01,-4.038825544200000195e+01
8.954474474499999559e+00,-3.706677879800000142e+01,-3.533528447399999806e+01,-2.415180546299999875e+01,-3.759706716299999840e+01,-4.052511253400000157e+01
8.974484484499999581e+00,-3.725464064900000238e+01,-3.429798556600000126e+01,-2.365845304799999838e+01,-3.854682994800000273e+01,-4.533213069100000325e+01
8.994494494499999604e+00,-3.716239687600000252e+01,-3.442994768900000224e+01,-2.383336251500000103e+01,-3.833118940800000018e+01,-4.076440136200000097e+01
9.014504504499999626e+00,-3.770297109500000232e+01,-3.288794817299999806e+01,-2.404720013700000081e+01,-3.784315717599999829e+01,-4.458815051100000204e+01
9.034514514499999649e+00,-3.690848726600000163e+01,-3.416204933600000260e+01,-2.426763137800000081e+01,-3.783812404100000037e+01,-5.189341144899999847e+01
9.054524524499999671e+00,-3.613107724300000001e+01,-3.282146617499999763e+01,-2.430966445199999981e+01,-3.646496529099999862e+01,-4.584540165800000011e+01
9.074534534499999694e+00,-3.506678627800000214e+01,-3.449471274799999776e+01,-2.402974624100000156e+01,-3.609984642900000296e+01,-4.419020204099999916e+01
9.094544544499999716e+00,-3.640418852300000196e+01,-3.725812146700000227e+01,-2.442947842099999889e+01,-3.589002224400000074e+01,-3.977626614900000135e+01
9.114554554599999747e+00,-3.673919011400000301e+01,-3.396306144399999738e+01,-2.475587446300000138e+01,-3.582608829099999781e+01,-4.318487115700000345e+01
9.134564564599999770e+00,-3.408113388900000018e+01,-3.870114030900000301e+01,-2.538712448700000124e+01,-3.855584162499999934e+01,-4.179373890699999805e+01
9.154574574599999792e+00,-3.190253178100000042e+01,-3.857114630299999902e+01,-2.511062173799999897e+01,-3.536543292100000002e+01,-4.015660271099999790e+01
9.174584584599999815e+00,-3.284602759999999932e+01,-3.441929915600000101e+01,-2.572444092399999960e+01,-3.793266488500000122e+01,-4.079139551499999783e+01
9.194594594599999837e+00,-3.253224759500000118e+01,-3.699135412500000086e+01,-2.562411274600000155e+01,-3.711466751300000055e+01,-3.817573124300000131e+01
9.214604604599999860e+00,-3.137540034199999894e+01,-4.133706639900000113e+01,-2.569140777300000167e+01,-3.657571841400000068e+01,-4.190819431100000259e+01
9.234614614599999882e+00,-3.216515249199999715e+01,-3.598535282400000312e+01,-2.687687474100000173e+01,-3.912534472400000141e+01,-3.995643349000000200e+01
9.254624624599999905e+00,-3.218032550699999916e+01,-4.369476460199999934e+01,-2.607645155299999828e+01,-3.801876290900000299e+01,-4.133765408800000074e+01
9.274634634599999927e+00,-3.206086933400000305e+01,-4.106899871499999932e+01,-2.591864475099999865e+01,-3.841556677500000205e+01,-3.902313145600000155e+01
9.294644644599999950e+00,-3.108286034900000061e+01,-4.431406929799999972e+01,-2.680254582399999919e+01,-3.574192146200000053e+01,-3.815438154099999934e+01
9.314654654699999980e+00,-3.168252976400000165e+01,-3.858111294900000132e+01,-2.658190329500000004e+01,-3.777042649300000221e+01,-3.926108794000000302e+01
9.334664664700000003e+00,-3.504725187100000028e+01,-5.050673860199999865e+01,-2.712049254000000076e+01,-3.559308869600000236e+01,-3.977126512699999950e+01
9.354674674700000025e+00,-3.310061408699999674e+01,-4.374259510600000311e+01,-2.770764898199999848e+01,-3.600206253000000345e+01,-3.889168561200000340e+01
9.374684684700000048e+00,-3.262389467999999937e+01,-4.073734678099999940e+01,-2.829508773699999935e+01,-3.623818453199999823e+01,-4.010152253799999755e+01
9.394694694700000070e+00,-3.033399967200000091e+01,-3.832136625700000110e+01,-3.000590339000000029e+01,-3.635959077599999745e+01,-3.921259618100000210e+01
9.414704704700000093e+00,-3.107984996200000083e+01,-5.553641141100000311e+01,-2.933811569599999913e+01,-3.469183027599999747e+01,-3.675729216500000263e+01
9.434714714700000115e+00,-3.100267459799999870e+01,-4.001460665799999816e+01,-3.080391333200000048e+01,-3.871418224199999969e+01,-3.690740937199999649e+01
9.454724724700000138e+00,-3.074068758299999971e+01,-4.458468962300000271e+01,-3.223544602100000134e+01,-3.864957170699999978e+01,-3.428519728999999927e+01
9.474734734700000161e+00,-3.034528468399999923e+01,-4.360815345900000040e+01,-3.248413884600000046e+01,-3.712656852500000326e+01,-3.411502213499999669e+01
9.494744744700000183e+00,-3.081579797799999909e+01,-4.562526710600000257e+01,-3.312206369500000136e+01,-4.013156175999999675e+01,-3.484472195499999714e+01
9.514754754799998437e+00,-3.113197971299999978e+01,-4.440590265600000208e+01,-3.233251126500000083e+01,-3.862845234499999947e+01,-3.514392776900000115e+01
9.534764764799998460e+00,-2.960771585399999850e+01,-4.737997240400000010e+01,-3.074691776099999885e+01,-3.871893853800000329e+01,-3.476272380999999712e+01
9.554774774799998482e+00,-3.202362579599999748e+01,-3.982418479100000042e+01,-2.985641807600000064e+01,-3.600498354399999812e+01,-3.521855068499999675e+01
9.574784784799998505e+00,-3.157218844399999824e+01,-4.075223093000000318e+01,-3.093404263300000068e+01,-4.012633834199999683e+01,-3.470642077099999767e+01
9.594794794799998527e+00,-3.200057497200000256e+01,-3.678497534099999910e+01,-3.083364915099999948e+01,-3.542893507899999861e+01,-3.397680720999999693e+01
9.614804804799998550e+00,-3.097483249800000138e+01,-3.938842291000000273e+01,-3.058784551200000124e+01,-3.581194496399999849e+01,-3.498694843399999854e+01
9.634814814799998572e+00,-3.049618653699999982e+01,-4.234969229299999682e+01,-2.853604599899999883e+01,-3.582162693800000142e+01,-3.528777728099999678e+01
9.654824824799998595e+00,-2.918034995700000067e+01,-3.765883170400000068e+01,-2.873834129899999823e+01,-3.521947726300000170e+01,-3.393354003900000038e+01
9.674834834799998617e+00,-2.898527066500000160e+01,-3.653787757399999947e+01,-2.772968090299999844e+01,-3.515702752499999661e+01,-3.645367093499999811e+01
9.694844844799998640e+00,-3.071156104299999967e+01,-3.784407126899999696e+01,-2.693535345100000100e+01,-3.554139060499999658e+01,-3.393638810499999892e+01
9.714854854900000447e+00,-3.119387264499999901e+01,-4.510825921899999713e+01,-2.605745064499999941e+01,-3.341803764699999846e+01,-3.295226555299999660e+01
9.734864864900000470e+00,-3.142225472899999872e+01,-3.855683164300000243e+01,-2.572510443999999907e+01,-3.328868476499999929e+01,-3.433931771000000310e+01
9.754874874900000492e+00,-2.834856106699999856e+01,-3.928713969599999700e+01,-2.519079712799999982e+01,-3.249664514399999860e+01,-3.283340768200000070e+01
9.774884884899998738e+00,-3.217316993699999728e+01,-4.076754735800000162e+01,-2.455976928100000123e+01,-3.442964355800000220e+01,-3.490345045899999832e+01
9.794894894899998761e+00,-3.094317591200000095e+01,-3.921668653399999727e+01,-2.525300953800000059e+01,-3.378311940900000110e+01,-3.077352092699999986e+01
9.814904904899998783e+00,-3.270096426500000319e+01,-3.965685865300000046e+01,-2.462958553700000053e+01,-3.285734817200000180e+01,-3.359729998800000317e+01
9.834914914899998806e+00,-3.027430349300000145e+01,-3.729918699899999979e+01,-2.416721411099999983e+01,-3.037202470000000076e+01,-3.167170752999999905e+01
9.854924924899998828e+00,-2.927165055400000071e+01,-4.231532719199999804e+01,-2.385106053399999837e+01,-3.193632895900000079e+01,-3.218109030800000170e+01
9.874934934899998851e+00,-2.995301143700000068e+01,-4.773794572199999919e+01,-2.333776739099999986e+01,-3.075491193499999909e+01,-3.208039482600000269e+01
9.894944944899998873e+00,-2.969434374300000101e+01,-4.835894264200000237e+01,-2.331680550100000104e+01,-2.955068481600000041e+01,-3.170209702800000073e+01
9.914954955000000680e+00,-2.971666041900000010e+01,-3.381755929399999872e+01,-2.366875717599999973e+01,-3.032097265899999883e+01,-3.117849279200000012e+01
9.934964965000000703e+00,-2.779675549199999907e+01,-3.570019872499999991e+01,-2.343247069099999891e+01,-2.925772045800000143e+01,-3.339135292200000293e+01
9.954974975000000725e+00,-2.882327154000000036e+01,-4.251583289500000262e+01,-2.406301408699999911e+01,-2.902982653300000138e+01,-3.236803279800000155e+01
9.974984985000000748e+00,-2.783232443300000014e+01,-3.687461306200000166e+01,-2.342288307800000169e+01,-2.902538634200000089e+01,-3.096958485400000072e+01
9.994994995000000770e+00,-2.675009222199999925e+01,-3.496874129100000061e+01,-2.329268699500000039e+01,-2.945702937600000126e+01,-3.444469588199999777e+01
1.001500500500000079e+01,-2.755851653399999890e+01,-3.675167495699999876e+01,-2.394401187800000130e+01,-3.105968245000000039e+01,-3.491854911000000072e+01
1.003501501500000082e+01,-2.826408343399999978e+01,-3.564228295000000202e+01,-2.469185290300000091e+01,-3.020360263399999923e+01,-3.393096741299999763e+01
1.005502502500000084e+01,-2.576023986999999948e+01,-3.538512515899999755e+01,-2.358538227700000078e+01,-2.987435487400000156e+01,-3.368947522900000280e+01
1.007503503500000086e+01,-2.811449982199999909e+01,-3.522027934599999810e+01,-2.458195763599999850e+01,-3.182509089399999880e+01,-3.630298556399999654e+01
1.009504504500000088e+01,-2.348342803499999931e+01,-3.527473846899999899e+01,-2.417400975299999999e+01,-3.018569105999999991e+01,-4.120558263800000276e+01
1.011505505499999913e+01,-2.416747908900000041e+01,-3.315797406099999733e+01,-2.424971166799999978e+01,-3.282104241199999706e+01,-3.763906184900000085e+01
1.013506506499999915e+01,-2.598092977099999956e+01,-3.213789145599999841e+01,-2.532670145299999831e+01,-3.058022988200000114e+01,-4.106658846799999907e+01
1.015507507499999917e+01,-2.485255317100000028e+01,-3.510082993099999982e+01,-2.406418472400000041e+01,-3.267714336499999916e+01,-4.775624987199999794e+01
1.017508508499999920e+01,-2.376953434500000029e+01,-3.026076979699999825e+01,-2.505490698199999855e+01,-3.324032794699999727e+01,-5.445721288800000082e+01
1.019509509499999922e+01,-2.524205668100000111e+01,-3.013028487400000088e+01,-2.503330619799999823e+01,-3.166676964599999877e+01,-4.171416591999999923e+01
1.021510510499999924e+01,-2.456057563099999896e+01,-3.058125317300000034e+01,-2.451798814300000018e+01,-3.475346253200000035e+01,-3.867578512699999749e+01
1.023511511499999926e+01,-2.473579013399999837e+01,-2.986718628199999870e+01,-2.563529507699999854e+01,-3.246833155699999907e+01,-3.784906610899999890e+01
1.025512512499999929e+01,-2.379866281199999989e+01,-3.209782598000000320e+01,-2.554400926799999993e+01,-3.312236919499999743e+01,-3.541636737000000323e+01
1.027513513499999931e+01,-2.589166439399999931e+01,-2.948118185799999935e+01,-2.574893192800000108e+01,-3.357782958199999968e+01,-3.445461745200000081e+01
1.029514514499999933e+01,-2.506818908800000045e+01,-3.169795990500000116e+01,-2.629975127499999843e+01,-3.198915603700000077e+01,-3.361367876300000290e+01
1.031515515499999935e+01,-2.585317791499999984e+01,-3.091863658799999826e+01,-2.659818068799999935e+01,-3.191620288800000083e+01,-3.438686461799999705e+01
1.033516516499999938e+01,-2.246314069599999996e+01,-3.166064425700000129e+01,-2.733912367199999949e+01,-2.999208997399999888e+01,-3.100451840599999898e+01
1.035517517499999940e+01,-2.632534858600000049e+01,-3.866633662899999990e+01,-2.727415749300000058e+01,-3.065064904500000154e+01,-3.169295464200000012e+01
1.037518518499999942e+01,-2.485573902899999865e+01,-3.182865516500000069e+01,-2.620812406599999989e+01,-3.091592114799999891e+01,-3.076701517800000119e+01
1.039519519499999944e+01,-2.378821059499999890e+01,-3.244266535999999945e+01,-2.791173661399999872e+01,-3.004734403599999837e+01,-3.007973760999999868e+01
1.041520520499999947e+01,-2.566413768800000028e+01,-3.679324348000000100e+01,-2.814713287300000033e+01,-2.948616343400000162e+01,-3.236104924899999702e+01
1.043521521499999949e+01,-2.689920194500000150e+01,-3.470901351199999851e+01,-2.766928644200000065e+01,-2.835629564099999911e+01,-2.930531972900000071e+01
1.045522522499999951e+01,-2.553790234099999878e+01,-3.121508278800000014e+01,-2.729067149000000114e+01,-2.844360421700000074e+01,-3.216819575699999945e+01
1.047523523499999953e+01,-2.423566761600000063e+01,-3.206136262999999786e+01,-2.732063448799999961e+01,-2.893306182399999926e+01,-3.211938924599999723e+01
1.049524524499999956e+01,-2.486178571299999973e+01,-3.611069948800000162e+01,-2.720346080499999886e+01,-2.901206068400000149e+01,-3.147578078100000099e+01
1.051525525499999958e+01,-2.356501177599999863e+01,-3.127994570299999921e+01,-2.740065846699999952e+01,-3.043257516199999912e+01,-3.287521717999999993e+01
1.053526526499999960e+01,-2.410895689899999894e+01,-3.654972843099999835e+01,-2.781515175999999911e+01,-3.023385923500000061e+01,-3.345100778199999780e+01
1.055527527499999962e+01,-2.499217170800000076e+01,-3.287809410500000240e+01,-2.816618465799999882e+01,-2.994386127599999980e+01,-3.629775477500000136e+01
1.057528528499999965e+01,-2.621567699699999920e+01,-3.211519921899999730e+01,-2.827035386200000033e+01,-2.915805093399999848e+01,-3.406919820499999929e+01
1.059529529499999967e+01,-2.605853718499999871e+01,-3.129310778400000004e+01,-2.843092175900000029e+01,-2.927387301299999933e+01,-3.385419958500000348e+01
1.061530530499999969e+01,-2.560789937799999905e+01,-3.261120563800000127e+01,-3.016757490899999894e+01,-2.859947643099999937e+01,-3.343127514500000075e+01
1.063531531499999971e+01,-2.457783122200000037e+01,-2.854455473799999865e+01,-3.050723118799999867e+01,-2.930414921899999925e+01,-3.175371615199999908e+01
1.065532532499999974e+01,-2.419503391900000011e+01,-3.643912344499999989e+01,-3.154813622500000037e+01,-2.981795242700000159e+01,-3.451792272000000139e+01
1.067533533499999976e+01,-2.484736953399999848e+01,-3.163897308199999969e+01,-2.973234903699999876e+01,-3.120335007099999913e+01,-3.153266711599999894e+01
1.069534534499999978e+01,-2.574214474300000077e+01,-3.105690885599999973e+01,-3.213020419899999780e+01,-2.990092573600000136e+01,-2.944167317400000172e+01
1.071535535499999980e+01,-2.334365222499999959e+01,-3.535885750500000313e+01,-3.041321670700000013e+01,-2.844028055200000082e+01,-2.827571810999999968e+01
1.073536536499999983e+01,-2.679320762300000069e+01,-3.698381148800000062e+01,-3.072640532699999838e+01,-3.025900203400000166e+01,-2.857436407000000145e+01
1.075537537499999985e+01,-2.528348543199999909e+01,-3.477453199200000000e+01,-2.954966622999999970e+01,-3.013654323400000123e+01,-3.086389074599999915e+01
1.077538538499999987e+01,-2.413840737499999989e+01,-2.969515461700000003e+01,-2.996654308500000141e+01,-2.790307939799999914e+01,-2.994418411199999852e+01
1.079539539499999989e+01,-2.347878168000000088e+01,-3.362138963000000302e+01,-2.986076076499999843e+01,-2.833948473199999896e+01,-3.191979711600000158e+01
1.081540540499999992e+01,-2.538807458400000172e+01,-3.811331669100000141e+01,-3.122137169000000156e+01,-2.842094185999999922e+01,-3.004862511299999994e+01
1.083541541499999994e+01,-2.807614927999999921e+01,-3.800102644300000065e+01,-3.183710501199999854e+01,-2.646289425499999837e+01,-3.007566812099999964e+01
1.085542542499999996e+01,-2.452418010399999915e+01,-3.069326747999999938e+01,-3.233420917499999803e+01,-2.662847940500000021e+01,-3.191002096500000107e+01
1.087543543499999998e+01,-2.460086222600000028e+01,-3.752650611100000333e+01,-3.137959131399999890e+01,-2.554721425299999993e+01,-3.285189885999999859e+01
1.089544544500000001e+01,-2.791163197299999865e+01,-3.480099013800000307e+01,-3.361409525500000228e+01,-2.540509288999999882e+01,-3.138808024000000074e+01
1.091545545500000003e+01,-2.725425822800000120e+01,-3.501201294900000249e+01,-3.165832831299999839e+01,-2.422425822900000014e+01,-3.062047922600000049e+01
1.093546546500000005e+01,-2.533134819500000035e+01,-3.750466960499999658e+01,-3.373325881099999890e+01,-2.415487063400000167e+01,-3.157897549200000142e+01
1.095547547500000007e+01,-2.601132992000000144e+01,-3.789943741900000163e+01,-3.120019949499999967e+01,-2.351908475400000142e+01,-3.388220013299999778e+01
1.097548548500000010e+01,-2.592577374600000084e+01,-4.133976237200000270e+01,-3.287906783199999694e+01,-2.278312987099999987e+01,-3.135289772100000150e+01
1.099549549500000012e+01,-2.647837348099999843e+01,-4.684621951799999806e+01,-3.464879892900000158e+01,-2.260926328300000065e+01,-3.365607493200000278e+01
1.101550550600000022e+01,-2.981142360999999852e+01,-3.518873620299999772e+01,-3.305192190100000005e+01,-2.250394580300000058e+01,-3.112589241699999931e+01
1.103551551600000025e+01,-2.763153628599999934e+01,-4.262228950200000099e+01,-3.289413832200000343e+01,-2.242107774699999823e+01,-3.351898798399999890e+01
1.105552552600000027e+01,-2.622914209800000052e+01,-4.062861658100000284e+01,-3.463823268699999858e+01,-2.247404510899999863e+01,-3.350716735700000015e+01
1.107553553600000029e+01,-2.612436198400000009e+01,-4.260876948500000339e+01,-3.246444373399999961e+01,-2.108410725599999935e+01,-3.231823219300000005e+01
1.109554554600000031e+01,-2.612598870900000136e+01,-5.517166400800000048e+01,-3.524841324799999853e+01,-2.207434879899999913e+01,-3.261248808799999921e+01
1.111555555600000034e+01,-3.031735881699999879e+01,-4.588862312900000262e+01,-3.153081149899999858e+01,-2.099054666500000010e+01,-3.019450358799999989e+01
1.113556556600000036e+01,-3.004825970599999962e+01,-4.249644072499999936e+01,-3.314881643900000086e+01,-2.123066474199999831e+01,-3.140518126499999951e+01
1.115557557600000038e+01,-2.924587300900000031e+01,-4.811621482700000030e+01,-3.357025857200000019e+01,-2.090308905099999848e+01,-2.987494784600000131e+01
1.117558558600000040e+01,-3.021434303499999885e+01,-4.733932909199999983e+01,-3.230739431100000303e+01,-2.110257877600000143e+01,-3.010779254299999863e+01
1.119559559600000043e+01,-3.101585701300000153e+01,-4.659226675899999748e+01,-3.415263602000000276e+01,-2.108296805999999890e+01,-3.018281594500000153e+01
1.121560560600000045e+01,-2.786311859499999954e+01,-3.608981877200000099e+01,-3.431449173099999683e+01,-2.135462019199999872e+01,-3.045732084599999823e+01
1.123561561600000047e+01,-3.155634405800000053e+01,-3.523013776199999825e+01,-3.070541333399999928e+01,-2.116298691100000084e+01,-2.887485477899999964e+01
1.125562562600000049e+01,-2.867336307800000128e+01,-3.633859498799999699e+01,-3.264802155600000333e+01,-2.148132994699999898e+01,-2.972186826700000140e+01
1.127563563600000052e+01,-3.013430757000000071e+01,-3.344405989199999851e+01,-3.011718384399999948e+01,-2.161763891100000023e+01,-3.047119864000000078e+01
1.129564564600000054e+01,-3.106046291899999900e+01,-3.412320461899999913e+01,-3.298368552299999834e+01,-2.229005956800000021e+01,-2.900928804000000127e+01
1.131565565600000056e+01,-2.560439539100000061e+01,-3.245585724699999730e+01,-3.169890414600000028e+01,-2.163745423099999954e+01,-2.959145879500000120e+01
1.133566566600000058e+01,-2.768703146600000053e+01,-3.608986207299999904e+01,-3.079702119999999965e+01,-2.246856004500000026e+01,-3.158012007900000029e+01
1.135567567600000061e+01,-3.088281370600000031e+01,-4.404786071400000225e+01,-2.980804593099999877e+01,-2.315319483600000083e+01,-3.077377050100000133e+01
1.137568568600000063e+01,-2.804040086099999840e+01,-4.007141362800000195e+01,-2.824064864700000044e+01,-2.285761703000000011e+01,-3.076827837600000137e+01
1.139569569600000065e+01,-2.602234481800000054e+01,-5.061909756699999718e+01,-2.853435153999999940e+01,-2.338039935200000130e+01,-2.972611597899999936e+01
1.141570570600000067e+01,-2.901206346800000091e+01,-4.064249591699999797e+01,-2.849544878800000092e+01,-2.410478040599999972e+01,-3.048177819100000008e+01
1.143571571600000070e+01,-2.908610322099999834e+01,-3.778175152000000026e+01,-2.620380406399999984e+01,-2.407664310199999846e+01,-3.197742949099999876e+01
1.145572572600000072e+01,-3.082479024999999950e+01,-5.343261824599999699e+01,-2.799421569100000085e+01,-2.578650224200000096e+01,-3.222605745199999916e+01
1.147573573600000074e+01,-3.250813963499999915e+01,-3.922892504600000052e+01,-2.663626284900000130e+01,-2.538306621599999957e+01,-3.171795495799999998e+01
1.149574574600000076e+01,-2.765876077700000124e+01,-3.151609415100000078e+01,-2.926565890299999850e+01,-2.594236873899999907e+01,-3.556157785700000318e+01
1.151575575600000079e+01,-3.109678450499999869e+01,-4.864473164000000338e+01,-2.789054961100000085e+01,-2.504770977100000096e+01,-3.239937070599999913e+01
1.153576576600000081e+01,-3.157456016200000093e+01,-4.385855702100000286e+01,-2.707492125399999949e+01,-2.571609879800000087e+01,-3.522319523400000207e+01
1.155577577600000083e+01,-3.057350514499999861e+01,-4.207536923300000353e+01,-2.797145400699999840e+01,-2.393649487500000106e+01,-3.524050816999999824e+01
1.157578578600000085e+01,-2.874688109999999952e+01,-5.317361497899999989e+01,-2.905294864800000099e+01,-2.450744552999999826e+01,-3.541145495100000318e+01
1.159579579600000088e+01,-3.079056355599999861e+01,-4.047393916099999700e+01,-2.876487565900000121e+01,-2.388241331400000078e+01,-3.530077682200000311e+01
1.161580580599999912e+01,-2.985914888900000008e+01,-4.499895730600000121e+01,-2.812171137600000037e+01,-2.366316508499999927e+01,-3.921749224500000253e+01
1.163581581599999915e+01,-3.076137946000000056e+01,-4.766370760499999903e+01,-3.184970223999999916e+01,-2.381872597199999930e+01,-3.551358294199999932e+01
1.165582582599999917e+01,-2.935130399599999862e+01,-4.183349009500000193e+01,-3.075156618100000117e+01,-2.280670012199999874e+01,-3.585529315099999792e+01
1.167583583599999919e+01,-3.157448275499999824e+01,-3.534749940199999685e+01,-2.914061214299999847e+01,-2.282364283600000121e+01,-3.624199081300000103e+01
1.169584584599999921e+01,-3.271882833899999810e+01,-3.993148474000000192e+01,-3.047060619499999845e+01,-2.296692600900000159e+01,-3.400607859099999786e+01
1.171585585599999924e+01,-3.017875964699999969e+01,-4.265718588800000077e+01,-3.234155218699999779e+01,-2.163688187300000010e+01,-3.851856610200000119e+01
1.173586586599999926e+01,-3.221177766099999928e+01,-4.538530881500000191e+01,-3.717965561199999769e+01,-2.285382378699999961e+01,-3.635262884200000144e+01
1.175587587599999928e+01,-3.622348558899999915e+01,-3.515692907500000075e+01,-3.685148935600000186e+01,-2.205512545599999896e+01,-3.718019142200000005e+01
1.177588588599999930e+01,-2.783897978799999962e+01,-4.389781505399999872e+01,-3.626120167100000202e+01,-2.159354466099999925e+01,-3.461335077599999721e+01
1.179589589599999933e+01,-3.066988207900000063e+01,-3.599064834600000040e+01,-3.309532838599999849e+01,-2.367124711700000006e+01,-3.725085742800000332e+01
1.181590590599999935e+01,-3.105192130700000064e+01,-3.276464718300000101e+01,-3.169496103099999829e+01,-2.101307950800000057e+01,-3.750946174399999933e+01
1.183591591599999937e+01,-3.319609532599999824e+01,-3.444050693399999830e+01,-3.193879554900000173e+01,-2.271777342700000091e+01,-4.482971804299999974e+01
1.185592592599999939e+01,-3.152241983100000056e+01,-3.572490444200000326e+01,-3.267040916599999889e+01,-2.230974820899999855e+01,-4.169793516000000011e+01
1.187593593599999942e+01,-3.432322601399999940e+01,-2.861403758499999839e+01,-3.142139913800000173e+01,-2.141249817399999955e+01,-3.995211411500000054e+01
1.189594594599999944e+01,-3.279728665399999699e+01,-3.181962965399999987e+01,-3.009685397699999854e+01,-2.199280896100000149e+01,-3.944792244399999959e+01
1.191595595599999946e+01,-3.746479553900000070e+01,-3.211835303200000169e+01,-3.225393267399999786e+01,-2.258858244700000029e+01,-4.238075778599999666e+01
1.193596596599999948e+01,-3.181180631000000147e+01,-3.278072739099999922e+01,-2.852988295700000165e+01,-2.257104768199999967e+01,-4.016631258700000018e+01
1.195597597599999951e+01,-3.538162667999999655e+01,-3.656707656199999690e+01,-3.119486329800000135e+01,-2.210541739399999983e+01,-3.658120126800000094e+01
1.197598598599999953e+01,-2.841600793499999966e+01,-3.957086335900000051e+01,-3.012066903999999923e+01,-2.300871909399999993e+01,-3.611857139699999664e+01
1.199599599599999955e+01,-3.161787992900000077e+01,-2.852797107900000029e+01,-2.817271211699999967e+01,-2.332614926899999830e+01,-3.633913323600000211e+01
1.201600600599999957e+01,-3.395115341599999681e+01,-3.124649082299999847e+01,-2.921513052499999930e+01,-2.474398287300000021e+01,-3.422097437800000108e+01
1.203601601599999960e+01,-3.473340582600000204e+01,-3.518046871699999656e+01,-2.810489220899999907e+01,-2.436204374400000106e+01,-4.068414914000000238e+01
1.205602602599999962e+01,-3.312256552000000198e+01,-3.288391204999999928e+01,-2.730018456399999849e+01,-2.499701573400000143e+01,-4.168085734200000303e+01
1.207603603599999964e+01,-3.144508526399999937e+01,-3.262045506399999795e+01,-2.850329330599999977e+01,-2.353286592199999916e+01,-3.654340686500000146e+01
1.209604604599999966e+01,-2.987188531800000035e+01,-3.292278140799999875e+01,-2.756097907499999877e+01,-2.517852080600000164e+01,-3.752109860000000197e+01
1.211605605599999969e+01,-3.105152131899999901e+01,-3.293593533300000331e+01,-2.901896424299999921e+01,-2.426925713400000006e+01,-3.519711321399999804e+01
1.213606606599999971e+01,-3.171354247200000032e+01,-2.881134154500000122e+01,-2.854081373400000032e+01,-2.423339889100000022e+01,-3.776972689699999819e+01
1.215607607599999973e+01,-3.131418136699999977e+01,-2.847422288699999982e+01,-2.937743476900000061e+01,-2.396938788499999973e+01,-3.966582691899999702e+01
1.217608608599999975e+01,-3.679759482800000114e+01,-3.023883278599999969e+01,-2.956309594100000027e+01,-2.421723281899999947e+01,-3.536220678499999792e+01
1.219609609599999978e+01,-3.332992768999999811e+01,-3.257089766800000064e+01,-2.625131959499999823e+01,-2.431231412900000066e+01,-3.820049758300000065e+01
1.221610610599999980e+01,-3.888617143999999826e+01,-4.180855377500000003e+01,-3.019735876500000060e+01,-2.366442424499999930e+01,-3.590935064300000334e+01
1.223611611599999982e+01,-3.148621431300000140e+01,-3.657882451300000071e+01,-2.878110901399999833e+01,-2.513411052400000045e+01,-3.832356955600000248e+01
1.225612612599999984e+01,-3.319477289600000347e+01,-3.364434639899999979e+01,-2.816101178899999979e+01,-2.539215429600000107e+01,-3.427038768300000271e+01
1.227613613599999987e+01,-3.638817845199999823e+01,-3.873236835699999858e+01,-2.938555286600000116e+01,-2.467784895300000159e+01,-4.947062965199999951e+01
1.229614614599999989e+01,-3.681711556500000171e+01,-3.153104799799999824e+01,-2.915520579100000020e+01,-2.432562212199999863e+01,-3.698038699300000332e+01
1.231615615599999991e+01,-3.876608494300000274e+01,-3.520203519900000089e+01,-3.046790828900000037e+01,-2.429808514400000163e+01,-4.037239451800000012e+01
1.233616616599999993e+01,-3.438442480700000203e+01,-3.401963850700000336e+01,-3.063569196499999947e+01,-2.476528872600000142e+01,-3.519966931900000162e+01
1.235617617599999996e+01,-3.522338783600000056e+01,-3.635568712599999941e+01,-3.236233229199999784e+01,-2.440732898399999939e+01,-3.979073085800000342e+01
1.237618618599999998e+01,-2.686140893099999971e+01,-2.616245328300000139e+01,-3.309976729499999948e+01,-2.577565557400000174e+01,-3.924622410700000330e+01
1.239619619600000000e+01,-3.756198148499999689e+01,-3.165781260800000041e+01,-3.261281894399999715e+01,-2.366162538600000076e+01,-3.418687628600000039e+01
1.241620620600000002e+01,-3.890891879099999784e+01,-3.301292990000000316e+01,-3.263065081700000292e+01,-2.683835195400000018e+01,-3.267798178099999973e+01
1.243621621600000005e+01,-3.488492346700000013e+01,-3.543488544699999920e+01,-3.287146850999999970e+01,-2.540143515700000165e+01,-3.070627316899999926e+01
1.245622622600000007e+01,-3.338142042900000206e+01,-3.082879777100000140e+01,-3.410697640499999750e+01,-2.724081450399999937e+01,-3.074328487400000043e+01
1.247623623600000009e+01,-3.370863217800000200e+01,-3.186250280899999865e+01,-3.535905472299999985e+01,-2.689428892100000112e+01,-3.131529381800000067e+01
1.249624624600000011e+01,-3.797208661100000171e+01,-3.476439267100000308e+01,-3.572598194799999760e+01,-2.691461079400000145e+01,-3.402979840199999728e+01
1.251625625600000014e+01,-2.797555767200000076e+01,-3.671285275799999681e+01,-3.514007994199999985e+01,-2.673552578600000018e+01,-2.965157272300000102e+01
1.253626626600000016e+01,-3.727097408699999903e+01,-3.242112762800000070e+01,-3.193525394099999914e+01,-2.658803128899999990e+01,-3.183042985100000166e+01
1.255627627600000018e+01,-2.920550969800000018e+01,-3.641459377599999669e+01,-3.073205258899999848e+01,-2.425321615900000083e+01,-2.884709125099999838e+01
1.257628628600000020e+01,-4.208715540800000099e+01,-3.560790566499999699e+01,-3.009243656800000011e+01,-2.495908705800000149e+01,-2.613396271299999896e+01
1.259629629600000023e+01,-2.980404579900000073e+01,-3.922514381199999889e+01,-3.296135346199999816e+01,-2.539860182600000016e+01,-2.815036044900000078e+01
1.261630630600000025e+01,-1.711782537899999923e+01,-3.601796271599999955e+01,-3.488589935200000269e+01,-2.484828503900000030e+01,-3.111809086399999913e+01
1.263631631600000027e+01,-4.321728243599999786e+01,-3.441127687400000212e+01,-3.087887020999999876e+01,-2.477093629000000163e+01,-2.626694474900000031e+01
1.265632632600000029e+01,-2.927759310600000120e+01,-3.121585787400000100e+01,-3.309456699599999752e+01,-2.515278220000000076e+01,-2.754100551000000152e+01
1.267633633600000032e+01,-2.998528680500000121e+01,-4.952427368099999683e+01,-3.177616368400000013e+01,-2.614095037899999951e+01,-2.883197297299999917e+01
1.269634634600000034e+01,-3.269216155000000157e+01,-3.385832519899999937e+01,-3.416521595500000075e+01,-2.597683837599999990e+01,-2.963501109699999958e+01
1.271635635600000036e+01,-3.811341709199999883e+01,-3.334586759500000142e+01,-3.159195793399999985e+01,-2.624498088700000054e+01,-2.533526937899999965e+01
1.273636636600000038e+01,-3.380406699099999912e+01,-3.681998599599999977e+01,-3.215217521200000306e+01,-2.843510163299999860e+01,-2.837813791900000027e+01
1.275637637600000041e+01,-3.711697908099999665e+01,-3.243372582700000351e+01,-3.701672221900000181e+01,-2.661233486800000136e+01,-2.872562321299999866e+01
1.277638638600000043e+01,-2.757492060699999925e+01,-3.292993208800000104e+01,-3.475666652999999684e+01,-2.714593092000000141e+01,-2.764075378700000130e+01
1.279639639600000045e+01,-3.709329102099999886e+01,-4.123533437199999696e+01,-2.995290617199999872e+01,-2.645123195700000096e+01,-2.645286722100000176e+01
1.281640640600000047e+01,-2.769313647299999914e+01,-3.826062247400000160e+01,-3.233490838499999853e+01,-2.738232961099999940e+01,-2.614055549500000097e+01
1.283641641600000050e+01,-3.190649525899999972e+01,-3.981575645299999877e+01,-3.223612904899999876e+01,-2.549948847299999954e+01,-2.886572889099999983e+01
1.285642642600000052e+01,-2.890827334100000101e+01,-4.741384023999999897e+01,-3.811279304499999654e+01,-2.742858407700000001e+01,-2.758078776600000026e+01
1.287643643600000054e+01,-3.265211201000000329e+01,-3.892106761699999851e+01,-3.611637240400000337e+01,-2.807077970399999955e+01,-2.822840627600000118e+01
1.289644644600000056e+01,-3.909584887999999836e+01,-3.486727246299999905e+01,-3.694075451900000218e+01,-2.678574124100000020e+01,-2.846552250199999889e+01
1.291645645600000059e+01,-3.609183345000000287e+01,-3.455019524000000075e+01,-3.736750322099999977e+01,-2.701177722099999912e+01,-3.122107952500000039e+01
1.293646646600000061e+01,-3.597141976500000027e+01,-2.749291520899999952e+01,-3.687097786000000355e+01,-2.845718615099999838e+01,-3.237321866500000311e+01
1.295647647600000063e+01,-6.090720684499999749e+01,-3.924314313899999718e+01,-3.889091885300000229e+01,-2.957741575300000036e+01,-3.007182331599999969e+01
1.297648648600000065e+01,-3.220204153000000247e+01,-3.343039980399999678e+01,-3.069023155100000011e+01,-2.858908872399999979e+01,-3.205144131099999782e+01
1.299649649600000068e+01,-3.719685868700000242e+01,-2.909181253199999873e+01,-4.203967801099999946e+01,-2.813207126700000060e+01,-3.288559685199999905e+01
1.301650650700000078e+01,-4.210952463899999998e+01,-2.964379283799999953e+01,-3.953246682000000334e+01,-2.858168728100000067e+01,-3.100018250100000117e+01
1.303651651700000080e+01,-3.629968058299999711e+01,-3.825870342799999690e+01,-3.253540627200000301e+01,-2.732428940100000148e+01,-3.851406651700000339e+01
1.305652652700000083e+01,-3.537565485900000084e+01,-3.191558588099999838e+01,-3.903712859200000196e+01,-3.256023613499999669e+01,-3.903589075299999678e+01
1.307653653700000085e+01,-3.965953313699999683e+01,-3.613855368699999815e+01,-3.872550315099999807e+01,-3.299167540799999898e+01,-3.346685131099999921e+01
1.309654654700000087e+01,-3.208637204699999756e+01,-3.241284344299999987e+01,-3.397747994400000238e+01,-2.957751237100000097e+01,-3.430278377300000159e+01
1.311655655699999912e+01,-4.116340110600000202e+01,-2.595453887100000046e+01,-3.820027633899999842e+01,-3.101174310300000059e+01,-3.947085361900000322e+01
1.313656656699999914e+01,-3.300091470499999957e+01,-3.018633969300000075e+01,-3.687139317700000163e+01,-2.827654241999999840e+01,-4.275588278800000097e+01
1.315657657699999916e+01,-3.511329818099999756e+01,-3.231418129800000116e+01,-3.064942561699999857e+01,-3.267182639899999685e+01,-3.472453366300000255e+01
1.317658658699999918e+01,-3.306024404400000094e+01,-3.397735774299999889e+01,-3.832872654399999846e+01,-3.214947051000000044e+01,-3.964039475700000281e+01
1.319659659699999921e+01,-2.007146208800000053e+01,-2.911942968399999998e+01,-4.127274758499999763e+01,-3.070951036099999953e+01,-3.741113692599999752e+01
1.321660660699999923e+01,-4.375393211200000110e+01,-3.431103635200000213e+01,-3.301233118999999760e+01,-2.841878703600000122e+01,-4.269333102600000274e+01
1.323661661699999925e+01,-2.833763997799999856e+01,-3.159609423099999859e+01,-3.555023047899999966e+01,-3.009116720000000100e+01,-3.304812819699999693e+01
1.325662662699999927e+01,-3.464475638300000071e+01,-3.343270793399999974e+01,-3.743962402300000036e+01,-3.055172274399999921e+01,-3.294745271499999717e+01
1.327663663699999930e+01,-3.039655442500000149e+01,-3.880472088199999803e+01,-3.524785924700000095e+01,-2.761320662199999987e+01,-4.088420500499999832e+01
1.329664664699999932e+01,-2.779061182499999916e+01,-2.924283806800000107e+01,-4.331535158799999863e+01,-3.140922933999999955e+01,-3.644577661600000340e+01
1.331665665699999934e+01,-2.803195648000000162e+01,-3.359829894599999989e+01,-4.023325993299999936e+01,-2.956534142399999965e+01,-4.720169974000000224e+01
1.333666666699999936e+01,-2.996445251000000098e+01,-4.266760785700000014e+01,-3.864308216199999890e+01,-3.193070716800000142e+01,-3.777934821699999901e+01
1.335667667699999939e+01,-2.989088857999999860e+01,-3.811917649099999750e+01,-4.232366772099999963e+01,-2.983829117999999880e+01,-3.828026180999999895e+01
1.337668668699999941e+01,-2.858484983399999990e+01,-3.500210007199999751e+01,-3.772010095400000296e+01,-3.184432895899999849e+01,-3.698339816499999699e+01
1.339669669699999943e+01,-3.285485174400000119e+01,-3.433406172899999831e+01,-3.629570684899999833e+01,-3.282927750099999997e+01,-3.525609457400000224e+01
1.341670670699999945e+01,-2.855955689399999997e+01,-3.921128441700000167e+01,-3.415228216999999944e+01,-3.025490740000000045e+01,-4.388877450799999735e+01
1.343671671699999948e+01,-2.938825281700000147e+01,-3.567024633799999833e+01,-3.339448620999999662e+01,-3.396710000200000223e+01,-3.700205617299999972e+01
1.345672672699999950e+01,-2.822475487199999833e+01,-4.237822077300000245e+01,-3.001918551400000013e+01,-2.912306344399999958e+01,-5.567390311999999852e+01
1.347673673699999952e+01,-2.743117871000000108e+01,-3.827027735099999717e+01,-3.504497394999999926e+01,-2.829902319300000002e+01,-3.513732731099999995e+01
1.349674674699999954e+01,-2.773696054199999850e+01,-3.529295397900000353e+01,-3.194215786299999849e+01,-3.274086879400000072e+01,-4.076812154699999979e+01
1.351675675699999957e+01,-3.214117709899999653e+01,-3.584114620799999784e+01,-3.448490352999999686e+01,-3.641292680299999773e+01,-4.378193571199999923e+01
1.353676676699999959e+01,-2.704401701400000135e+01,-3.745148937399999767e+01,-3.010338058500000002e+01,-3.450377442199999933e+01,-4.136708176599999831e+01
1.355677677699999961e+01,-3.275236710899999792e+01,-4.392460219099999819e+01,-2.858926906599999995e+01,-3.277905483199999992e+01,-4.687763463099999939e+01
1.357678678699999963e+01,-2.627624800799999960e+01,-3.563179061999999675e+01,-2.821168327599999870e+01,-3.045724204900000132e+01,-4.118420004499999720e+01
1.359679679699999966e+01,-3.246146779899999757e+01,-4.242609419000000059e+01,-3.080511334299999859e+01,-3.133968651500000036e+01,-4.386619251999999847e+01
1.361680680699999968e+01,-3.205609496900000011e+01,-2.870978424700000176e+01,-2.967525990900000110e+01,-3.388581625100000139e+01,-4.230944712200000168e+01
1.363681681699999970e+01,-3.074820080799999999e+01,-3.348678591099999835e+01,-3.292992172000000295e+01,-3.415774094100000013e+01,-4.026787141999999875e+01
1.365682682699999972e+01,-3.189120056699999850e+01,-3.356217723500000005e+01,-2.733298167399999912e+01,-4.133090692100000041e+01,-3.731966891199999736e+01
1.367683683699999975e+01,-3.428682775600000099e+01,-3.858227315500000287e+01,-3.009739766199999877e+01,-3.339716753900000157e+01,-3.982242134799999889e+01
1.369684684699999977e+01,-2.969550659800000147e+01,-2.936067882700000098e+01,-2.879066426400000012e+01,-2.930092923799999838e+01,-4.048226271899999773e+01
1.371685685699999979e+01,-2.972822223900000083e+01,-4.946960070499999773e+01,-2.980784195800000091e+01,-3.838011876099999853e+01,-4.368524383500000141e+01
1.373686686699999981e+01,-1.844421086199999849e+01,-3.958947949299999891e+01,-3.057950546900000077e+01,-3.463813738000000342e+01,-4.413312059700000134e+01
1.375687687699999984e+01,-3.833218602600000224e+01,-4.113616095999999800e+01,-2.994527837900000122e+01,-3.684778781199999997e+01,-3.631072228699999727e+01
1.377688688699999986e+01,-4.111648866600000218e+01,-3.177375849699999932e+01,-3.174052642399999868e+01,-3.251125006000000184e+01,-3.792471263400000225e+01
1.379689689699999988e+01,-4.009575505400000139e+01,-3.890774189500000091e+01,-2.997683056400000012e+01,-3.460626941200000317e+01,-4.302749946699999839e+01
1.381690690699999990e+01,-4.013494855999999800e+01,-3.034128541100000120e+01,-3.171215838199999837e+01,-3.154929102799999896e+01,-3.884818842600000011e+01
1.383691691699999993e+01,-3.872558562100000046e+01,-3.365042526599999917e+01,-3.361185369300000048e+01,-3.216443038100000251e+01,-3.857875058399999801e+01
1.385692692699999995e+01,-4.344495859199999899e+01,-3.976698342600000302e+01,-3.018016170199999948e+01,-3.233526133200000174e+01,-3.687015003399999813e+01
1.387693693699999997e+01,-2.916033902999999938e+01,-4.170270093399999922e+01,-3.020057655800000163e+01,-3.238656937599999708e+01,-3.432808139600000175e+01
1.389694694699999999e+01,-3.803789832399999682e+01,-3.082673920899999942e+01,-3.018179633900000169e+01,-4.004029236600000274e+01,-4.204912339300000212e+01
1.391695695700000002e+01,-4.648911720000000258e+01,-3.809904866200000129e+01,-3.230993033200000042e+01,-3.449375647699999803e+01,-3.834637811799999696e+01
1.393696696700000004e+01,-3.807252579299999695e+01,-2.883568400500000095e+01,-3.368015432600000025e+01,-2.826489259599999926e+01,-3.320238501600000092e+01
1.395697697700000006e+01,-3.370591205499999887e+01,-3.523621649100000042e+01,-2.844080408199999965e+01,-3.089657173100000165e+01,-3.356543060199999928e+01
1.397698698700000008e+01,-3.732867784199999761e+01,-3.363734533200000243e+01,-2.932402245700000165e+01,-2.886233422000000104e+01,-4.075560966599999801e+01
1.399699699700000011e+01,-3.150700030499999826e+01,-3.378335119799999831e+01,-2.856032944000000029e+01,-3.298132999199999915e+01,-3.192182219400000065e+01
1.401700700700000013e+01,-3.922735428299999683e+01,-4.206060922399999669e+01,-3.099992010400000098e+01,-3.234128217300000330e+01,-4.077130838800000134e+01
1.403701701700000015e+01,-4.518947152100000153e+01,-3.977541667900000277e+01,-2.978823222799999826e+01,-3.404450121699999698e+01,-3.197068946499999953e+01
1.405702702700000017e+01,-3.709969180800000288e+01,-3.098352878100000041e+01,-3.121656293399999882e+01,-3.334025666899999862e+01,-3.451530159499999684e+01
1.407703703700000020e+01,-3.614281829200000118e+01,-2.649707501099999973e+01,-2.999337431900000084e+01,-3.805201609099999871e+01,-3.557210209699999837e+01
1.409704704700000022e+01,-2.833431304599999834e+01,-3.473697475000000168e+01,-3.101194318900000013e+01,-3.071463040100000086e+01,-4.649223254300000008e+01
1.411705705700000024e+01,-3.962710274100000163e+01,-5.615590298400000080e+01,-3.003509447700000123e+01,-2.982324531300000103e+01,-4.100843799900000164e+01
1.413706706700000026e+01,-3.208378481599999787e+01,-2.634757843799999932e+01,-3.305966555199999846e+01,-3.691463911400000342e+01,-3.829361668800000018e+01
1.415707707700000029e+01,-4.131481896799999731e+01,-3.918456212400000283e+01,-3.151839754799999938e+01,-3.051534025100000136e+01,-5.201229572300000115e+01
1.417708708700000031e+01,-3.591216072000000281e+01,-3.257230373499999843e+01,-2.979374952499999907e+01,-3.957812896299999750e+01,-4.893569953299999753e+01
1.419709709700000033e+01,-3.206054990999999887e+01,-3.631637795700000026e+01,-2.974821221999999921e+01,-3.384335531499999661e+01,-3.745997070600000001e+01
1.421710710700000035e+01,-3.799922524699999826e+01,-4.502931682199999841e+01,-3.341995828099999954e+01,-3.002560179900000037e+01,-4.336755098199999736e+01
1.423711711700000038e+01,-3.876278976999999770e+01,-3.734056336900000161e+01,-3.330479795899999829e+01,-3.159261212599999880e+01,-3.954820546300000217e+01
1.425712712700000040e+01,-5.467888070600000106e+01,-3.813444667899999985e+01,-3.165024665500000012e+01,-3.215578812700000100e+01,-3.645761102200000181e+01
1.427713713700000042e+01,-3.666475276999999977e+01,-3.448124995399999904e+01,-3.475117445299999730e+01,-3.455438038500000175e+01,-3.447481221000000318e+01
1.429714714700000044e+01,-5.197929978799999873e+01,-4.100333683099999860e+01,-4.061991361900000186e+01,-3.591360458999999850e+01,-3.930312908799999860e+01
1.431715715700000047e+01,-4.900558767500000101e+01,-3.468817451400000351e+01,-4.230581601200000108e+01,-5.387209822300000184e+01,-3.851675963099999933e+01
1.433716716700000049e+01,-3.277432170099999809e+01,-3.879413378099999932e+01,-3.954171374300000252e+01,-3.991946231899999731e+01,-3.480674758899999688e+01
1.435717717700000051e+01,-3.734188996299999985e+01,-3.417383994899999777e+01,-3.385169167000000101e+01,-4.021163824500000317e+01,-3.314622734600000342e+01
1.437718718700000053e+01,-2.862460565499999987e+01,-2.994600970300000142e+01,-4.542638413499999928e+01,-3.730529793699999885e+01,-3.842402963800000038e+01
1.439719719700000056e+01,-3.801999526000000174e+01,-3.432241763100000043e+01,-3.831218114699999688e+01,-3.742696017899999816e+01,-3.119162258500000107e+01
1.441720720700000058e+01,-3.771629475900000017e+01,-4.027022121400000287e+01,-3.697455011899999988e+01,-3.677559611099999870e+01,-4.318721373999999713e+01
1.443721721700000060e+01,-4.302765443799999900e+01,-3.389108493300000191e+01,-3.695378210500000193e+01,-4.105731784400000350e+01,-3.253517830100000197e+01
1.445722722700000062e+01,-3.206049796599999979e+01,-3.400246214300000247e+01,-3.866375364099999956e+01,-3.333544578400000091e+01,-3.372579457900000222e+01
1.447723723700000065e+01,-3.766968950700000107e+01,-4.044536661000000066e+01,-3.127040092400000049e+01,-4.058718019900000229e+01,-3.722537395999999887e+01
1.449724724700000067e+01,-3.328675859100000167e+01,-3.845112945000000337e+01,-2.834800423400000113e+01,-3.467667731899999950e+01,-3.678487581200000278e+01
1.451725725700000069e+01,-3.497011987700000191e+01,-3.437256761900000157e+01,-4.214302574300000259e+01,-4.108930528100000146e+01,-3.278583424699999682e+01
1.453726726700000071e+01,-3.563515078999999730e+01,-3.214440639600000083e+01,-3.737835703900000084e+01,-2.732680704699999907e+01,-4.255364501599999727e+01
1.455727727700000074e+01,-4.068908650099999846e+01,-2.113116566500000104e+01,-4.424117652000000334e+01,-4.335718424699999929e+01,-3.311583017099999893e+01
1.457728728700000076e+01,-4.699163498499999747e+01,-4.102681631099999748e+01,-2.894392743799999934e+01,-4.338788001900000069e+01,-3.789101971699999893e+01
1.459729729700000078e+01,-3.296369075900000212e+01,-3.229387688199999928e+01,-3.506296797699999956e+01,-3.562824059199999738e+01,-3.399467965600000241e+01
1.461730730700000080e+01,-3.876244918900000158e+01,-3.676613100899999864e+01,-3.035563843399999939e+01,-3.800352670499999874e+01,-3.468264764100000264e+01
1.463731731700000083e+01,-4.535855546799999871e+01,-4.491651456700000011e+01,-2.924260045200000135e+01,-3.280017844900000057e+01,-3.307492922600000185e+01
1.465732732700000085e+01,-3.047151908900000095e+01,-4.190807913199999746e+01,-3.849646463399999874e+01,-4.712104820999999788e+01,-3.637489111400000041e+01
1.467733733700000087e+01,-3.959853918599999645e+01,-3.314826543099999867e+01,-3.778173581600000119e+01,-3.212450048400000213e+01,-3.541703984200000122e+01
1.469734734699999912e+01,-5.110824211100000269e+01,-3.498212173600000341e+01,-2.953243347000000085e+01,-3.649452799299999839e+01,-3.129596601700000136e+01
1.471735735699999914e+01,-3.204865444899999716e+01,-4.677641866799999804e+01,-3.397706889900000249e+01,-3.410809325000000314e+01,-3.967000062000000327e+01
1.473736736699999916e+01,-4.265355084299999788e+01,-1.696383458100000041e+01,-3.538788240099999882e+01,-3.394529842400000064e+01,-4.333655863599999947e+01
1.475737737699999919e+01,-3.535179546100000181e+01,-3.019566197800000040e+01,-3.162739290500000067e+01,-3.734092155599999785e+01,-2.925439149900000047e+01
1.477738738699999921e+01,-3.993834301199999715e+01,-3.783172043100000081e+01,-3.256334941800000138e+01,-3.175256575999999953e+01,-3.713386369199999848e+01
1.479739739699999923e+01,-3.123500145799999927e+01,-2.413166209399999929e+01,-3.583172364899999707e+01,-4.499085601600000217e+01,-3.672162264399999998e+01
1.481740740699999925e+01,-2.754697553300000123e+01,-3.486130262500000043e+01,-2.568951837499999868e+01,-3.280033813800000075e+01,-3.321937830800000313e+01
1.483741741699999928e+01,-2.854903743499999891e+01,-3.126082087700000045e+01,-3.229755138600000208e+01,-4.135639199999999960e+01,-3.166375353700000161e+01
1.485742742699999930e+01,-2.899363171299999919e+01,-2.326429759000000175e+01,-2.649272686500000162e+01,-4.045100726700000138e+01,-3.960961741599999897e+01
1.487743743699999932e+01,-3.366580288600000159e+01,-3.534434713800000338e+01,-2.679522873599999855e+01,-3.908530470400000212e+01,-4.405635490099999885e+01
1.489744744699999934e+01,-5.449899265399999848e+01,-3.096049738700000020e+01,-3.041524184000000020e+01,-3.980221816000000246e+01,-2.855876276400000080e+01
1.491745745699999937e+01,-2.993674877899999842e+01,-3.658232902799999664e+01,-3.241417207300000314e+01,-3.180347529999999878e+01,-3.152683745499999901e+01
1.493746746699999939e+01,-3.141152940299999941e+01,-3.727891495499999763e+01,-2.591441062699999875e+01,-4.514264301600000096e+01,-3.466452328799999805e+01
1.495747747699999941e+01,-3.717839623500000101e+01,-3.339501585899999725e+01,-2.581995776500000161e+01,-4.478319651500000020e+01,-3.007481585300000049e+01
1.497748748699999943e+01,-5.224356894099999948e+01,-3.815206348600000297e+01,-2.588589773200000010e+01,-3.396170866799999999e+01,-2.559090247900000037e+01
1.499749749699999946e+01,-3.912244333000000296e+01,-3.427905297200000234e+01,-2.538903856800000014e+01,-3.311860613999999714e+01,-2.741399137200000169e+01
1.501750750799999956e+01,-3.668197279799999677e+01,-3.416995372600000280e+01,-2.274401649700000050e+01,-4.803861048200000283e+01,-3.455688179500000246e+01
1.503751751799999958e+01,-4.544690410500000155e+01,-3.653795228399999928e+01,-2.394747506699999917e+01,-4.258083444199999690e+01,-3.936530616299999963e+01
1.505752752799999961e+01,-3.027467520000000079e+01,-2.941762303399999823e+01,-2.582676414899999884e+01,-3.751997108700000183e+01,-3.321770181200000138e+01
1.507753753799999963e+01,-3.605471595499999893e+01,-3.003917549399999842e+01,-2.247982461200000159e+01,-3.907292155999999750e+01,-2.737404918400000042e+01
1.509754754799999965e+01,-4.138077951599999693e+01,-4.220901017500000307e+01,-2.153063360499999845e+01,-5.184974080899999649e+01,-2.988871363499999845e+01
1.511755755799999967e+01,-3.827122348399999652e+01,-2.933166912100000090e+01,-2.339252274900000117e+01,-3.249644445199999865e+01,-3.244800903699999850e+01
1.513756756799999970e+01,-3.899072003100000217e+01,-3.378094403299999726e+01,-2.383088969900000009e+01,-2.949480191099999971e+01,-2.587532331399999919e+01
1.515757757799999972e+01,-5.266506676200000214e+01,-4.415761243600000086e+01,-2.328082500400000043e+01,-3.155661523799999912e+01,-3.164360824999999977e+01
1.517758758799999974e+01,-3.453712785500000138e+01,-2.652298383300000140e+01,-2.228484990500000151e+01,-3.578520166799999913e+01,-3.492622198699999814e+01
1.519759759799999976e+01,-4.760978499899999861e+01,-3.726905135199999819e+01,-2.259284848600000117e+01,-3.393691693699999945e+01,-2.478466888699999870e+01
1.521760760799999979e+01,-3.796926565999999781e+01,-3.793537935500000202e+01,-2.392897669199999910e+01,-3.723105831499999852e+01,-2.916868111899999860e+01
1.523761761799999981e+01,-4.012577536999999950e+01,-3.478263027799999918e+01,-2.646583081600000042e+01,-3.575570985400000268e+01,-3.142429248499999872e+01
1.525762762799999983e+01,-5.529879512200000136e+01,-3.937300120399999770e+01,-2.446817653500000134e+01,-3.598403698999999989e+01,-2.177644518099999971e+01
1.527763763799999985e+01,-4.406354503899999742e+01,-2.637915926999999883e+01,-2.676699728599999872e+01,-4.558955468300000291e+01,-2.653451861099999931e+01
1.529764764799999988e+01,-5.530280496499999998e+01,-3.690698082800000179e+01,-2.524727518699999962e+01,-3.832710329100000024e+01,-2.261126441100000051e+01
1.531765765799999990e+01,-5.560179580100000152e+01,-3.355910762500000288e+01,-3.038618292800000020e+01,-4.109796074300000157e+01,-2.619628729600000128e+01
1.533766766799999992e+01,-3.894950163699999734e+01,-3.832994048399999798e+01,-2.845529950699999944e+01,-3.444809744900000226e+01,-3.307116879000000154e+01
1.535767767799999994e+01,-3.998864297800000145e+01,-2.159927267799999839e+01,-2.988674124299999946e+01,-3.232129481799999837e+01,-2.414455531000000121e+01
1.537768768799999997e+01,-3.832405523300000283e+01,-4.341675288500000107e+01,-3.037664465299999961e+01,-3.659828181000000313e+01,-3.103475576499999988e+01
1.539769769799999999e+01,-4.465425932600000181e+01,-3.423839753299999700e+01,-3.169745459499999996e+01,-3.876214770499999673e+01,-3.832446355500000124e+01
1.541770770800000001e+01,-3.910441098900000156e+01,-4.461579539400000272e+01,-2.950114303599999843e+01,-3.368708496299999666e+01,-3.183751557800000143e+01
1.543771771800000003e+01,-3.187036839800000010e+01,-4.240786964699999828e+01,-2.948033675299999956e+01,-3.760610906600000192e+01,-3.574328947899999775e+01
1.545772772800000006e+01,-3.027278779699999944e+01,-4.362477173900000338e+01,-3.414011473800000118e+01,-3.268466914100000054e+01,-3.282273896499999921e+01
1.547773773800000008e+01,-6.484820104099999760e+00,-3.338835720200000168e+01,-3.085227433300000044e+01,-4.451814529300000345e+01,-3.347148752100000024e+01
1.549774774800000010e+01,-3.551205047199999854e+01,-3.707104269500000271e+01,-3.264611813700000198e+01,-4.345964386800000057e+01,-3.492124482500000227e+01
1.551775775800000012e+01,-5.328872402900000083e+01,-3.804302017500000233e+01,-3.125730520100000120e+01,-3.921734677900000321e+01,-4.606539481699999783e+01
1.553776776800000015e+01,-7.139396090900000047e+01,-4.008938760800000267e+01,-2.821582473200000152e+01,-4.617510501400000322e+01,-3.988612724699999745e+01
1.555777777800000017e+01,-3.549947050499999790e+01,-3.076756572600000084e+01,-3.259270714699999871e+01,-4.063484035500000147e+01,-4.268858161800000062e+01
1.557778778800000019e+01,-3.403164975300000350e+01,-3.827977463500000255e+01,-2.879686614399999911e+01,-4.830906168900000353e+01,-3.947049601999999879e+01
1.559779779800000021e+01,-3.412406587000000258e+01,-4.207092864999999904e+01,-2.719666301399999853e+01,-4.324538608900000014e+01,-4.594051699500000296e+01
1.561780780800000024e+01,-4.416384424400000341e+01,-3.696629914900000102e+01,-2.652607714999999899e+01,-3.545149115299999920e+01,-4.106650578800000062e+01
1.563781781800000026e+01,-3.007235710599999834e+01,-5.228068477699999761e+01,-2.480738082899999952e+01,-3.746615287200000211e+01,-4.578141491099999882e+01
1.565782782800000028e+01,-3.181421151700000038e+01,-4.512188942699999927e+01,-2.639984853200000003e+01,-3.690000087600000001e+01,-3.311200465200000309e+01
1.567783783800000030e+01,-3.183638459399999832e+01,-3.298578915600000272e+01,-2.783915495100000115e+01,-3.789904429700000321e+01,-3.587458518300000065e+01
1.569784784800000033e+01,-4.152813407200000029e+01,-3.337728161900000146e+01,-2.599941921499999964e+01,-4.160358779900000314e+01,-3.370258367299999946e+01
1.571785785800000035e+01,-3.682830248900000214e+01,-2.219389141999999993e+01,-2.711712981299999825e+01,-4.462714810199999960e+01,-3.493076278600000251e+01
1.573786786800000037e+01,-3.436718660500000055e+01,-2.181165009900000129e+01,-2.659339262599999998e+01,-3.553082855400000284e+01,-3.966619456800000165e+01
1.575787787800000039e+01,-3.400785610500000189e+01,-2.811335184100000006e+01,-2.552913867199999842e+01,-3.250497916399999809e+01,-3.685761889599999819e+01
1.577788788800000042e+01,-4.101598326700000285e+01,-4.166612095400000015e+01,-2.341828017199999934e+01,-3.491655967700000218e+01,-3.114185670699999875e+01
1.579789789800000044e+01,-3.482637449700000332e+01,-2.460039678700000110e+01,-2.438070641699999896e+01,-3.302650508199999990e+01,-2.820037586700000176e+01
1.581790790800000046e+01,-4.445414172099999917e+01,-3.452980137699999830e+01,-2.421572428900000062e+01,-3.107158027399999867e+01,-3.567984379399999995e+01
1.583791791800000048e+01,-3.599524790299999921e+01,-4.168419276699999898e+01,-2.472022549500000110e+01,-3.258075774600000329e+01,-3.470981384600000297e+01
1.585792792800000051e+01,-3.364277331400000293e+01,-2.648568363500000089e+01,-2.411681349399999874e+01,-3.525074751700000064e+01,-2.972161806400000117e+01
1.587793793800000053e+01,-2.644981398199999845e+01,-3.451603071000000256e+01,-2.490866746200000037e+01,-3.461805574200000279e+01,-3.417860793799999897e+01
1.589794794800000055e+01,-5.075970370600000336e+01,-2.909985226699999927e+01,-2.145320313599999906e+01,-3.906100298900000212e+01,-4.130201922300000206e+01
1.591795795800000057e+01,-4.175111491799999897e+01,-2.540742191500000047e+01,-2.564749116000000129e+01,-5.133334841199999943e+01,-3.575262487500000219e+01
1.593796796800000060e+01,-3.182623456600000011e+01,-3.238295099199999783e+01,-2.429631820099999828e+01,-3.134770578899999904e+01,-3.428463501200000252e+01
1.595797797800000062e+01,-3.021664856599999993e+01,-2.615530405399999836e+01,-2.187302259699999851e+01,-3.152007277499999915e+01,-3.700677296599999977e+01
1.597798798800000064e+01,-3.990552956100000159e+01,-2.712363820599999897e+01,-2.391392712000000031e+01,-3.165126888700000052e+01,-3.028545210900000129e+01
1.599799799800000066e+01,-3.895520063400000055e+01,-3.868416244800000214e+01,-2.501859920200000076e+01,-3.507373071399999986e+01,-2.825652018899999973e+01
1.601800800799999891e+01,-5.156573187000000047e+01,-4.222574672100000015e+01,-2.182249339499999863e+01,-3.996396102700000341e+01,-2.751456310600000066e+01
1.603801801799999893e+01,-3.538207139000000012e+01,-5.230310401199999859e+01,-2.660915153799999899e+01,-3.447205792300000127e+01,-2.814298985900000005e+01
1.605802802799999895e+01,-4.299387166399999671e+01,-3.744745580099999671e+01,-2.164597390200000149e+01,-3.672165089899999657e+01,-2.943760642799999871e+01
1.607803803799999898e+01,-3.413360260700000026e+01,-3.912486277600000051e+01,-2.266735930899999829e+01,-4.002577056500000197e+01,-2.959106235999999868e+01
1.609804804799999900e+01,-3.032400503099999867e+01,-4.611388642699999707e+01,-2.344133408000000074e+01,-3.388651392700000287e+01,-3.205015113500000012e+01
1.611805805799999902e+01,-3.944193379899999741e+01,-2.927025023399999881e+01,-2.283425626200000025e+01,-3.313906231400000024e+01,-2.641529460399999962e+01
1.613806806799999904e+01,-3.836714565999999849e+01,-3.226752888600000091e+01,-2.275824152599999906e+01,-2.588224161500000164e+01,-2.857165953399999836e+01
1.615807807799999907e+01,-4.192468678499999868e+01,-3.792946046600000187e+01,-2.612336256200000051e+01,-3.178068341399999852e+01,-3.571832010699999671e+01
1.617808808799999909e+01,-3.798954582700000060e+01,-3.848403991899999710e+01,-2.383525960800000121e+01,-2.995779708399999919e+01,-3.004567930900000050e+01
1.619809809799999911e+01,-5.618441496399999835e+01,-3.989395825199999734e+01,-2.429933346500000013e+01,-3.410634395600000346e+01,-2.813847906399999843e+01
1.621810810799999913e+01,-4.055309838600000205e+01,-3.641961722300000304e+01,-2.412692285500000011e+01,-3.719511534600000147e+01,-3.049218558600000151e+01
1.623811811799999916e+01,-3.059451628500000098e+01,-4.398606338100000102e+01,-2.551856823199999980e+01,-3.718976340399999714e+01,-3.155306902899999955e+01
1.625812812799999918e+01,-3.678541897899999924e+01,-2.334922651300000140e+01,-2.390344388100000117e+01,-3.748828454400000254e+01,-3.520989565600000049e+01
1.627813813799999920e+01,-4.082087277899999833e+01,-4.745786593100000061e+01,-2.682905288199999916e+01,-4.876443195499999916e+01,-3.184113393699999861e+01
1.629814814799999922e+01,-2.998953879500000141e+01,-3.336197623700000037e+01,-2.606498846699999916e+01,-3.485461023700000283e+01,-3.465697796500000294e+01
1.631815815799999925e+01,-2.973636897400000123e+01,-4.484457709800000202e+01,-2.842164194900000140e+01,-4.368796003199999944e+01,-3.038673438200000021e+01
1.633816816799999927e+01,-3.206023651000000285e+01,-4.887033354700000132e+01,-2.289959129300000029e+01,-2.930211703200000173e+01,-2.768510811100000168e+01
1.635817817799999929e+01,-2.810734097699999978e+01,-2.774648116099999839e+01,-2.659862991500000007e+01,-4.312533298000000315e+01,-3.277108034300000128e+01
1.637818818799999931e+01,-3.557433810399999885e+01,-2.529899457499999826e+01,-2.617353122999999826e+01,-3.746245883800000342e+01,-3.591123869300000138e+01
1.639819819799999934e+01,-2.894137469300000021e+01,-3.306656291699999883e+01,-2.789037764500000094e+01,-3.451068652600000064e+01,-2.902335675499999823e+01
1.641820820799999936e+01,-3.230472197000000278e+01,-2.984254666000000000e+01,-2.831030487099999959e+01,-3.383649187299999994e+01,-4.140978249100000141e+01
1.643821821799999938e+01,-2.816921806799999928e+01,-3.449732397799999717e+01,-2.553060989100000100e+01,-3.890468570800000236e+01,-2.826696687400000130e+01
1.645822822799999940e+01,-3.107419880999999862e+01,-3.213614242799999943e+01,-3.050709127400000042e+01,-3.910197729499999753e+01,-3.042968235100000030e+01
1.647823823799999943e+01,-2.774819302499999907e+01,-3.138549818799999969e+01,-2.682964447999999891e+01,-4.113600804699999713e+01,-2.027111849899999996e+01
1.649824824799999945e+01,-3.260245389100000324e+01,-2.691874070600000124e+01,-2.942541238000000092e+01,-3.752275818100000038e+01,-2.999184341300000156e+01
1.651825825799999947e+01,-2.924830471499999973e+01,-3.556982899999999859e+01,-2.537514815500000154e+01,-3.653795713800000300e+01,-2.723554385399999944e+01
1.653826826799999949e+01,-2.802917652300000029e+01,-3.452989863399999848e+01,-3.182268737100000067e+01,-3.139057600599999986e+01,-2.382978668000000155e+01
1.655827827799999952e+01,-2.877808092800000139e+01,-3.296924737599999844e+01,-3.017431516299999927e+01,-3.431344553899999994e+01,-2.704170872099999912e+01
1.657828828799999954e+01,-2.631797848300000098e+01,-3.854178432799999854e+01,-2.839477288599999838e+01,-4.142948672699999690e+01,-2.967786783200000045e+01
1.659829829799999956e+01,-3.002291195600000151e+01,-3.760824032800000083e+01,-3.103995602699999878e+01,-3.178271008200000125e+01,-3.426701972400000074e+01
1.661830830799999958e+01,-3.067938375900000025e+01,-3.447294064700000149e+01,-3.004728291500000026e+01,-3.601587967300000059e+01,-2.534536945299999999e+01
1.663831831799999961e+01,-2.726169802500000117e+01,-3.416304397300000062e+01,-2.652912187500000130e+01,-3.034983769999999836e+01,-2.457751581599999824e+01
1.665832832799999963e+01,-3.090749410200000113e+01,-4.762524810200000047e+01,-2.596235802900000067e+01,-3.724932093200000338e+01,-2.473983363700000027e+01
1.667833833799999965e+01,-2.960703077300000174e+01,-3.582493646100000007e+01,-2.947746233299999830e+01,-3.056547761499999893e+01,-2.578287191300000103e+01
1.669834834799999967e+01,-2.801637163099999839e+01,-3.870641028899999725e+01,-2.556955328100000102e+01,-3.457976973600000292e+01,-2.615441992599999921e+01
1.671835835799999970e+01,-1.632665012400000037e+01,-4.285674061200000295e+01,-2.721776731099999935e+01,-3.030704117200000169e+01,-3.045987968300000048e+01
1.673836836799999972e+01,-3.793764220900000339e+01,-3.902444010899999682e+01,-2.695797655499999834e+01,-2.975300149299999930e+01,-3.702307981599999920e+01
1.675837837799999974e+01,-2.112467529399999933e+01,-3.386059775799999727e+01,-2.761416733400000112e+01,-2.688101897399999984e+01,-2.419829636100000059e+01
1.677838838799999976e+01,-3.547154921100000280e+01,-5.729534343299999932e+01,-2.847095906799999909e+01,-3.693446076800000100e+01,-2.949669189200000119e+01
1.679839839799999979e+01,-2.294381246800000085e+01,-2.980868794599999916e+01,-2.526161839299999912e+01,-2.907834087000000167e+01,-2.353758031099999926e+01
1.681840840799999981e+01,-2.448179073000000017e+01,-2.541555281300000146e+01,-2.580382685500000051e+01,-3.054295623999999876e+01,-2.774679214100000024e+01
1.683841841799999983e+01,-4.532743679899999734e+01,-2.985307532699999911e+01,-2.605999038199999873e+01,-2.895529635500000154e+01,-3.988226538899999696e+01
1.685842842799999985e+01,-3.290740945799999650e+01,-3.092485651499999832e+01,-2.814002783800000174e+01,-2.921728725999999909e+01,-2.447099542000000127e+01
1.687843843799999988e+01,-3.319759158699999801e+01,-3.722606278300000326e+01,-2.835150272699999974e+01,-2.592157465900000091e+01,-4.359287628999999953e+01
1.689844844799999990e+01,-4.488736069800000195e+01,-3.284667314499999691e+01,-2.765806204900000154e+01,-3.513477611599999761e+01,-3.563302806800000155e+01
1.691845845799999992e+01,-2.677678472499999884e+01,-3.204169565299999789e+01,-3.230098889399999962e+01,-3.156853948499999873e+01,-3.110995188900000130e+01
1.693846846799999994e+01,-2.766462431500000108e+01,-4.564463318800000025e+01,-2.611814093199999931e+01,-3.865901550800000308e+01,-3.251782258499999756e+01
1.695847847799999997e+01,-5.258021370800000227e+01,-3.624702528499999943e+01,-3.344211199200000095e+01,-3.147849440999999970e+01,-2.765320152199999981e+01
1.697848848799999999e+01,-3.681189453599999695e+01,-3.408391411099999857e+01,-3.867299228200000272e+01,-2.916130105599999922e+01,-3.640296356799999700e+01
1.699849849800000001e+01,-3.639895227200000249e+01,-3.908205031199999979e+01,-3.067618210399999867e+01,-3.200491731799999684e+01,-2.766309220400000157e+01
1.701850850900000012e+01,-3.924308265799999873e+01,-2.764157822299999978e+01,-3.375357627599999688e+01,-3.109189183100000164e+01,-2.941982850100000135e+01
1.703851851900000014e+01,-2.707721696300000147e+01,-2.225307618600000126e+01,-2.592083930200000097e+01,-3.106820767399999994e+01,-2.518069905400000152e+01
1.705852852900000016e+01,-3.444443118000000226e+01,-3.285280975100000234e+01,-3.462715627400000074e+01,-3.302221324199999941e+01,-2.959365659899999912e+01
1.707853853900000018e+01,-3.806718381799999662e+01,-2.969883420900000104e+01,-2.822553269000000142e+01,-3.230269739300000253e+01,-3.316008929600000243e+01
1.709854854900000021e+01,-4.468462097999999827e+01,-2.489672942800000044e+01,-2.784683352900000131e+01,-2.938739081099999950e+01,-3.296165166499999799e+01
1.711855855900000023e+01,-4.595188548899999859e+01,-3.639720247999999714e+01,-2.916550437100000082e+01,-3.226769083500000335e+01,-2.574586187999999964e+01
1.713856856900000025e+01,-3.455587257399999856e+01,-2.365507063800000154e+01,-2.699002672299999972e+01,-2.917667510500000105e+01,-2.465258565099999899e+01
1.715857857900000027e+01,-3.488014535100000302e+01,-3.169625568600000065e+01,-2.726297463299999890e+01,-3.198812831900000120e+01,-2.760785906999999995e+01
1.717858858900000030e+01,-4.265427262800000108e+01,-3.137423669000000004e+01,-4.462733848999999964e+01,-3.575627172200000103e+01,-2.679751232499999958e+01
1.719859859900000032e+01,-4.716372505500000045e+01,-4.771998883399999869e+01,-2.657620383600000125e+01,-4.053245316200000303e+01,-2.656740078900000057e+01
1.721860860900000034e+01,-3.152095947100000117e+01,-4.391309254299999765e+01,-3.117866889200000102e+01,-3.769912146000000064e+01,-3.341496911899999844e+01
1.723861861900000036e+01,-3.314205907099999848e+01,-3.029310997500000013e+01,-2.757485804499999915e+01,-4.232438944399999770e+01,-2.580069424999999939e+01
1.725862862900000039e+01,-2.828062557000000155e+01,-3.251011231999999751e+01,-2.672489657699999910e+01,-2.788682494100000042e+01,-2.349359835799999985e+01
1.727863863900000041e+01,-2.801425512599999834e+01,-3.028982647200000144e+01,-2.636967984700000045e+01,-3.008655337400000107e+01,-3.129845231499999869e+01
1.729864864900000043e+01,-3.273125929999999784e+01,-4.247325988099999705e+01,-2.936109395800000144e+01,-3.147871002899999837e+01,-2.363038740100000012e+01
1.731865865900000045e+01,-3.916814517499999937e+01,-3.273035436299999645e+01,-2.512415692300000103e+01,-2.640922405799999950e+01,-1.825535631700000039e+01
1.733866866900000048e+01,-4.077975505900000286e+01,-3.262769381100000032e+01,-2.631271393700000161e+01,-4.173640842399999684e+01,-2.588056943200000148e+01
1.735867867900000050e+01,-2.083260917699999837e+01,-3.695416725999999841e+01,-2.567099237900000119e+01,-3.580563619699999833e+01,-3.113428465300000170e+01
1.737868868900000052e+01,-3.200003418299999680e+01,-2.412236506500000033e+01,-2.606607087900000153e+01,-3.036355799100000041e+01,-2.582818230199999832e+01
1.739869869900000054e+01,-3.440747361999999754e+01,-3.279654186599999832e+01,-2.551401521600000066e+01,-3.194434183599999955e+01,-2.341198909999999955e+01
1.741870870900000057e+01,-4.878508319600000220e+01,-3.192185427000000075e+01,-2.523003170899999859e+01,-3.629526103599999942e+01,-2.453956782599999897e+01
1.743871871900000059e+01,-4.141622689599999774e+01,-2.312009702199999950e+01,-2.251698480700000005e+01,-3.246569404299999917e+01,-2.674300696799999955e+01
1.745872872900000061e+01,-2.563881636700000044e+01,-3.250489871799999975e+01,-2.857151569299999849e+01,-3.224567754299999933e+01,-3.328022490699999736e+01
1.747873873900000063e+01,-5.751473937400000125e+01,-3.275694492099999877e+01,-2.428735141599999992e+01,-2.979538197200000127e+01,-2.739882224200000138e+01
1.749874874900000066e+01,-2.873245819699999970e+01,-2.811918138100000064e+01,-2.701999948699999976e+01,-3.507214366200000200e+01,-2.623733982699999956e+01
1.751875875900000068e+01,-3.621124249300000031e+01,-5.103938797099999647e+01,-2.140777777699999973e+01,-2.552440522499999886e+01,-3.313596919500000126e+01
1.753876876900000070e+01,-3.736939240899999959e+01,-4.487595667800000143e+01,-2.130428486499999963e+01,-3.172411575299999953e+01,-7.522934211499999968e+00
1.755877877900000072e+01,-3.922217175000000111e+01,-3.179847129599999889e+01,-3.445162324399999676e+01,-2.834241771700000001e+01,-2.401259179999999915e+01
1.757878878900000075e+01,-2.742107610700000109e+01,-3.209804849700000062e+01,-2.329104992199999913e+01,-2.447808058900000105e+01,-2.416195944000000040e+01
1.759879879900000077e+01,-3.342201214600000014e+01,-2.424251631299999943e+01,-2.584256703599999838e+01,-3.639641733300000226e+01,-2.244949885200000139e+01
1.761880880900000079e+01,-3.584142689000000104e+01,-3.778001601100000073e+01,-2.440910147199999969e+01,-2.155373305899999892e+01,-3.242996278599999727e+01
1.763881881900000081e+01,-3.983772243599999996e+01,-4.333408793299999928e+01,-2.668452246500000058e+01,-2.284554158399999935e+01,-2.018042324500000007e+01
1.765882882900000084e+01,-4.190806600500000201e+01,-2.667447537800000035e+01,-3.624868584400000060e+01,-2.301774765900000119e+01,-9.806223924899999389e+00
1.767883883900000086e+01,-2.555239751199999887e+01,-2.447828122600000000e+01,-2.417947423300000054e+01,-3.224729261200000252e+01,-2.876298740100000018e+01
1.769884884900000088e+01,-2.706232455900000033e+01,-3.136228492200000062e+01,-2.685121883100000062e+01,-3.928519049799999863e+01,-2.825373966200000098e+01
1.771885885900000090e+01,-2.945717897700000165e+01,-2.823698643699999877e+01,-2.663196658700000086e+01,-2.763248034400000108e+01,-2.226171865799999949e+01
1.773886886900000093e+01,-3.974795448999999792e+01,-2.120240597900000168e+01,-1.797116671699999912e+01,-3.065515109800000104e+01,-2.411302088800000121e+01
1.775887887900000095e+01,-3.717828432099999958e+01,-2.634527492100000146e+01,-3.127782160299999958e+01,-4.179143607000000316e+01,-2.982949986199999870e+01
1.777888888900000097e+01,-2.965477896499999844e+01,-1.860189634400000003e+01,-2.182842701899999938e+01,-3.068277521799999974e+01,-3.145644214000000005e+01
1.779889889900000099e+01,-4.183330542899999926e+01,-2.504572517200000092e+01,-2.375971979699999892e+01,-2.775413037899999935e+01,-2.342935021199999923e+01
1.781890890900000102e+01,-4.735279622200000205e+01,-3.722739865399999815e+01,-3.062770522099999937e+01,-4.494059886099999801e+01,-3.499785966099999968e+01
1.783891891900000104e+01,-2.891807234899999912e+01,-2.472001730299999878e+01,-2.431678793400000060e+01,-3.684264330199999904e+01,-1.858298326799999955e+01
1.785892892900000106e+01,-3.675878078499999901e+01,-4.637741003499999692e+01,-3.209401716800000059e+01,-2.639702189899999851e+01,-3.403704251100000278e+01
1.787893893900000108e+01,-4.428039990300000284e+01,-2.173538759999999925e+01,-3.159999572999999984e+01,-2.999074897399999884e+01,-3.122537496400000023e+01
1.789894894900000111e+01,-3.551537069599999796e+01,-2.042096194599999848e+01,-2.730158226700000057e+01,-2.771576670399999998e+01,-2.929212825200000125e+01
1.791895895900000113e+01,-3.876368865799999952e+01,-2.984160165200000137e+01,-3.130351847600000070e+01,-2.690563387499999948e+01,-2.780360177500000063e+01
1.793896896900000115e+01,-3.540413352000000202e+01,-2.663511623799999839e+01,-2.327272963000000061e+01,-2.665424896000000032e+01,-3.496405606399999755e+01
1.795897897900000117e+01,-3.981922361299999835e+01,-2.706518464399999857e+01,-3.465358293599999939e+01,-3.129733382699999922e+01,-2.639026988599999868e+01
1.797898898900000120e+01,-3.864793251399999718e+01,-3.383624548000000232e+01,-2.699366277600000075e+01,-2.370384240199999937e+01,-1.940027759899999893e+01
1.799899899900000122e+01,-3.656462427900000023e+01,-2.148209400900000077e+01,-2.320280376799999900e+01,-2.275730665200000047e+01,-2.444084329900000085e+01
1.801900900900000124e+01,-6.084612225699999755e+01,-2.522971081100000035e+01,-2.802202327499999868e+01,-2.472176288900000074e+01,-5.020511592500000120e+01
1.803901901900000126e+01,-5.831441220699999661e+01,-4.292618267900000006e+01,-2.716098282700000155e+01,-2.964496129000000124e+01,-8.425790750299999132e+00
1.805902902900000129e+01,-2.952775271999999873e+01,-2.558614202100000057e+01,-2.673562180500000096e+01,-3.284027911300000113e+01,-2.365045825900000054e+01
1.807903903900000131e+01,-2.921398341300000112e+01,-3.217372217399999812e+01,-3.082022707999999867e+01,-2.490710065900000103e+01,-2.949981285999999869e+01
1.809904904900000133e+01,-3.973517323000000090e+01,-3.584373619000000133e+01,-2.622357999000000106e+01,-2.128526352800000154e+01,-1.770215880199999958e+01
1.811905905900000135e+01,-3.465110489500000313e+01,-1.495784592200000063e+01,-3.512832116300000251e+01,-2.869497026799999873e+01,-2.226624713300000025e+01
1.813906906900000138e+01,-4.003909422800000328e+01,-3.382152473699999717e+01,-2.053011868100000115e+01,-2.642025273100000149e+01,-3.589237353000000041e+01
1.815907907900000140e+01,-3.245432677899999874e+01,-4.112361073400000322e+01,-2.685164567900000065e+01,-2.138987717899999907e+01,-2.310024549999999977e+01
1.817908908900000142e+01,-2.470178384700000151e+01,-2.269393866800000126e+01,-2.610353970299999915e+01,-2.552476686199999989e+01,-2.888891021299999906e+01
1.819909909900000144e+01,-4.447501647200000008e+01,-4.203681991900000270e+01,-2.964821339299999892e+01,-3.754411425600000030e+01,-3.355564724999999981e+01
1.821910910900000147e+01,-3.288003414599999985e+01,-5.013550039700000127e+01,-2.345773907799999947e+01,-4.069131390100000090e+01,-2.508351520000000079e+01
1.823911911900000149e+01,-2.715580021199999905e+01,-2.026293001299999830e+01,-2.736534588800000023e+01,-3.020388095699999909e+01,-3.284388428300000129e+01
1.825912912900000151e+01,-4.021631888299999957e+01,-2.447476308599999939e+01,-2.580314851300000001e+01,-3.670249647499999668e+01,-2.987202770600000079e+01
1.827913913900000153e+01,-2.904227564400000006e+01,-3.517472646099999878e+01,-2.634781605699999929e+01,-2.843960103699999920e+01,-2.948996384999999876e+01
1.829914914900000156e+01,-3.596110730899999908e+01,-2.168248351700000143e+01,-3.758378542100000175e+01,-2.926813760900000005e+01,-4.295201363299999997e+01
1.831915915900000158e+01,-3.635617215199999919e+01,-4.330940594300000157e+01,-1.174574702199999976e+01,-3.688579286600000007e+00,-5.252654446799999732e+01
1.833916916900000160e+01,-2.838898315200000155e+01,-3.754428645200000147e+01,-2.802519518000000076e+01,-2.741509040800000108e+01,-2.784244805000000156e+01
1.835917917900000162e+01,-1.917763644300000081e+01,-3.279290006600000140e+01,-2.136886442500000172e+01,-2.728930849300000006e+01,-3.703143125900000143e+01
1.837918918900000165e+01,-3.863491840599999705e+01,-3.678081126800000078e+01,-2.730333986600000173e+01,-3.338894916099999932e+01,-2.878406772199999963e+01
1.839919919900000167e+01,-3.702181266400000226e+01,-3.581421093400000188e+01,-2.641002207100000021e+01,-2.783678771800000007e+01,-2.405311612599999904e+01
1.841920920900000169e+01,-2.904580490200000042e+01,-3.661071715399999960e+01,-2.815590889699999977e+01,-2.884486471099999960e+01,-2.961135494299999849e+01
1.843921921900000171e+01,-3.681306152399999831e+01,-3.666262464999999793e+01,-2.813087977100000003e+01,-3.207637753800000269e+01,-3.107899817499999884e+01
1.845922922900000174e+01,-3.275299114399999922e+01,-2.910789318599999831e+01,-2.792370590000000163e+01,-2.479399895699999945e+01,-2.709833387300000140e+01
1.847923923900000176e+01,-3.752398608099999677e+01,-5.588846466599999729e+01,-3.496080304899999902e+01,-1.470877784099999985e+01,-3.542990301700000089e+01
1.849924924899999823e+01,-4.070665341400000159e+01,-2.893679020200000096e+01,-3.607824818800000344e+01,-2.812734525500000160e+01,-2.340231141199999954e+01
1.851925925899999825e+01,-2.683361370800000145e+01,-1.634182072999999846e+01,-3.152979127200000065e+01,-3.452437999400000024e+01,-5.671186375199999929e+01
1.853926926899999827e+01,-3.991060332299999658e+01,-3.038620751199999859e+01,-2.574821712099999971e+01,-2.708073658100000003e+01,-1.967887317899999999e+01
1.855927927899999830e+01,-3.797931948899999810e+01,-3.881554783299999656e+01,-3.111156167400000072e+01,-2.443327512200000129e+01,-1.713281883399999828e+01
1.857928928899999832e+01,-2.984782152000000011e+01,-2.588555716500000159e+01,-2.098318229299999871e+01,-2.977401938399999892e+01,-3.111539729100000073e+01
1.859929929899999834e+01,-4.671879195799999707e+01,-3.419251525800000024e+01,-1.754980996899999823e+01,-1.462674805600000028e+01,-6.882858246299999649e+00
1.861930930899999836e+01,-3.762693966999999873e+01,-3.907691257300000132e+01,-4.368915052100000196e+01,-2.893366350399999831e+01,-3.973066699900000032e+01
1.863931931899999839e+01,-4.404221822200000247e+01,-4.611097283699999849e+01,-3.144993518700000124e+01,-3.918847998900000107e+01,-3.880020319599999823e+01
1.865932932899999841e+01,-4.913040417100000212e+01,-3.890266403100000048e+01,-3.583276507099999719e+01,-2.507473963900000058e+01,-4.987156705000000301e+01
1.867933933899999843e+01,-3.733830145400000333e+01,-4.485146938999999833e+01,-3.553902025499999695e+01,-3.098765182700000054e+01,-3.985549585199999711e+01
1.869934934899999845e+01,-2.590722286000000096e+01,-3.629682663799999887e+01,-3.649439404200000325e+01,-2.880157776700000127e+01,-2.824259477500000060e+01
1.871935935899999848e+01,-3.847096249300000181e+01,-4.483702829300000303e+01,-2.907825709900000177e+01,-3.267993168900000001e+01,-3.813775185099999732e+01
1.873936936899999850e+01,-4.225486432099999945e+01,-3.251716247699999940e+01,-4.192680734500000028e+01,-3.572716436700000031e+01,-3.083498972800000004e+01
1.875937937899999852e+01,-4.159015211999999906e+01,-3.477432349200000061e+01,-3.714990240000000199e+01,-3.737056162700000073e+01,-3.008522781799999990e+01
1.877938938899999854e+01,-4.385373471799999834e+01,-5.005595471499999860e+01,-3.274369305799999808e+01,-2.204116364900000136e+01,-4.610829076400000304e+01
1.879939939899999857e+01,-3.683065369599999883e+01,-6.274683287599999915e+01,-2.579557707200000038e+01,-2.687806695400000123e+01,-4.075383459100000039e+01
1.881940940899999859e+01,-4.451210667200000159e+01,-4.987796939399999729e+01,-3.182523236000000111e+01,-2.859806972000000158e+01,-3.103819667899999857e+01
1.883941941899999861e+01,-3.202623301900000286e+01,-5.014699308400000177e+01,-1.999077282800000077e+01,-2.486861688200000131e+01,-3.409683657299999737e+01
1.885942942899999863e+01,-2.399087720500000032e+01,-4.238689446099999714e+01,-1.962814893499999869e+01,-1.047906462099999914e+01,-1.344575360199999992e+01
1.887943943899999866e+01,-3.922420774399999743e+01,-4.522305866899999671e+01,-3.561580244799999662e+01,-3.905477181599999881e+01,-3.803933929000000091e+01
1.889944944899999868e+01,-3.292516982400000103e+01,-3.008673712999999950e+01,-2.109226430800000074e+01,-2.739730675999999931e+01,-3.699691503599999720e+01
1.891945945899999870e+01,-2.742489698600000025e+01,-3.181153859300000164e+01,-1.978207995500000038e+01,-2.991675928700000142e+01,-3.146714595999999986e+01
1.893946946899999872e+01,-3.997974630600000268e+01,-5.035812543899999838e+01,-2.545095763300000158e+01,-3.842244652200000132e+01,-2.888401010899999832e+01
1.895947947899999875e+01,-3.158444326900000121e+01,-4.608183062300000188e+01,-4.518536809900000151e+01,-2.665506931199999840e+01,-2.877229273900000095e+01
1.897948948899999877e+01,-2.631235909999999834e+01,-4.216900324800000277e+01,-4.295360406900000072e+01,-3.043218194299999979e+01,-2.317889322999999990e+01
1.899949949899999879e+01,-4.116094098800000012e+01,-4.091645307699999989e+01,-2.491324639999999846e+01,-2.562747694100000118e+01,-3.192362482800000123e+01
1.901950950999999890e+01,-2.853745371100000128e+01,-4.837042736800000142e+01,-2.864928313200000076e+01,-2.696073879600000112e+01,-3.543287841299999741e+01
1.903951951999999892e+01,-3.889300709100000120e+01,-3.735856098000000003e+01,-3.868703173000000106e+01,-3.264999613900000242e+01,-3.753983954899999986e+01
1.905952952999999894e+01,-6.262149857600000047e+01,-5.415054092700000155e+01,-3.444983565500000111e+01,-3.160485277200000098e+01,-3.303310522999999677e+01
1.907953953999999896e+01,-2.921107981700000167e+01,-4.994865013700000134e+01,-3.457373213999999706e+01,-3.573458937099999844e+01,-3.277603861499999738e+01
1.909954954999999899e+01,-5.431138810600000255e+01,-3.870987177599999995e+01,-1.807844210300000043e+01,-1.281583024100000046e+01,-3.420404183400000164e+01
1.911955955999999901e+01,-4.089209578999999906e+01,-4.550291157400000230e+01,-3.052624026599999851e+01,-3.287185446800000221e+01,-3.748221364100000130e+01
1.913956956999999903e+01,-3.802459696900000097e+01,-1.887791405700000169e+01,-1.562222610799999956e+01,-1.853460876200000129e+01,-2.128682992099999893e+01
1.915957957999999905e+01,-5.591716430900000034e+01,-4.760680487799999838e+01,-3.171031320199999826e+01,-3.457516760600000083e+01,-3.469210338700000307e+01
1.917958958999999908e+01,-3.632306137100000143e+01,-3.494734478200000183e+01,-3.180297422299999965e+01,-2.834278148399999964e+01,-2.902061669500000107e+01
1.919959959999999910e+01,-3.544622120599999704e+01,-1.198894867699999978e+01,-1.243210011600000087e+01,-3.241472874699999807e+01,-7.461958635200000245e+00
1.921960960999999912e+01,-3.882485321299999725e+01,-3.268151993099999686e+01,-3.108562294500000078e+01,-3.100419240600000137e+01,-3.541168163399999713e+01
1.923961961999999914e+01,-3.901830983600000025e+01,-3.649869325600000280e+01,-2.927346859000000023e+01,-3.755457748799999962e+01,-3.841626406999999688e+01
1.925962962999999917e+01,-3.711080438300000139e+01,-2.872486613799999944e+01,-2.044112683599999869e+01,-2.460352855400000038e+01,-1.915662294699999890e+01
1.927963963999999919e+01,-4.367174643500000286e+01,-4.813475267199999763e+01,-3.157601232000000024e+01,-3.220846158900000233e+01,-1.595707547599999998e+01
1.929964964999999921e+01,-2.704806305299999991e+01,-2.386749019299999830e+01,-1.909680940100000157e+01,-2.404039760699999917e+01,-3.091385073800000072e+01
1.931965965999999923e+01,-4.219238334199999940e+01,-1.855579907399999939e+01,-3.105581682900000118e+01,-3.097266898299999838e+01,-2.473833852299999947e+01
1.933966966999999926e+01,-3.354313451899999876e+01,-4.105601753300000212e+01,-3.271371326399999901e+01,-3.317407007599999957e+01,-5.331085942400000022e+01
1.935967967999999928e+01,-3.663087170699999717e+01,-3.990462571700000183e+01,-2.651668938499999939e+01,-2.064518965999999978e+01,-2.692145804300000123e+01
1.937968968999999930e+01,-2.710903009800000163e+01,-2.827043238399999936e+01,-2.881211905600000023e+01,-4.262773214300000291e+01,-2.946980083400000083e+01
1.939969969999999932e+01,-3.823338124400000027e+01,-3.969301733000000354e+01,-3.863059563699999899e+01,-2.467490558200000095e+01,-3.107708807599999901e+01
1.941970970999999935e+01,-2.484384835499999866e+01,-3.934659694500000171e+01,-2.674775908999999885e+01,-3.160681631399999958e+01,-3.118504376099999931e+01
1.943971971999999937e+01,-3.460764980100000088e+01,-2.757629562300000003e+01,-3.146084493300000062e+01,-3.320201035899999908e+01,-4.633657126500000345e+01
1.945972972999999939e+01,-3.600419725100000079e+01,-5.386051773199999815e+01,-3.463183081300000055e+01,-2.695759157499999858e+01,-3.676609263299999952e+01
1.947973973999999941e+01,-3.802920409699999738e+01,-2.845075876199999954e+01,-2.813474885100000122e+01,-2.735754293600000153e+01,-3.597066497400000173e+01
1.949974974999999944e+01,-6.474067354100000671e+01,-4.423767414400000320e+01,-2.879591470600000136e+01,-2.791616815300000098e+01,-3.014789871400000010e+01
1.951975975999999946e+01,-4.465377002099999970e+01,-3.411409204699999975e+01,-1.906831830799999850e+01,-2.428378103000000010e+01,-3.349634739999999766e+01
1.953976976999999948e+01,-3.708867815100000342e+01,-5.491112406999999962e+01,-2.445646376199999850e+01,-3.283823223299999938e+01,-2.452875591600000149e+01
1.955977977999999950e+01,-4.033410577899999794e+01,-4.820696675199999959e+01,-2.389227422800000156e+01,-3.351430430500000313e+01,-3.130900300700000116e+01
1.957978978999999953e+01,-3.852921058399999765e+01,-4.372796576799999713e+01,-1.762714442600000098e+01,-1.461180130400000010e+01,-5.431161642000000178e+00
1.959979979999999955e+01,-3.487542230500000073e+01,-2.941185488900000067e+01,-2.981751043399999901e+01,-2.810621842300000139e+01,-4.400629191800000228e+01
1.961980980999999957e+01,-4.602778447800000095e+01,-3.783597540299999906e+01,-2.493421606400000101e+01,-3.902770889199999971e+01,-2.814768610999999865e+01
1.963981981999999959e+01,-3.975143763799999874e+01,-6.099208104899999938e+01,-1.546656613999999941e+01,-1.653314938000000112e+01,-2.716812047699999866e+01
1.965982982999999962e+01,-3.082229619800000009e+01,-2.445287908599999938e+01,-1.963365148000000104e+01,-2.630142006599999860e+01,-3.205818269000000242e+01
1.967983983999999964e+01,-4.291810970800000291e+01,-3.879012208399999651e+01,-2.223316342200000051e+01,-2.486231914900000106e+01,-3.692889808700000032e+01
1.969984984999999966e+01,-5.491512274800000171e+01,-6.083567652800000047e+01,-1.788463080500000046e+01,-2.501908603800000108e+01,-2.656333969900000014e+01
1.971985985999999968e+01,-3.712873356099999711e+01,-3.440825103200000257e+01,-3.050450451000000029e+01,-2.900362848199999988e+01,-2.494487493800000166e+01
1.973986986999999971e+01,-3.549851514000000208e+01,-5.759080855300000223e+01,-1.616689894699999996e+01,-3.468962064400000145e+01,-4.075585607499999696e+01
1.975987987999999973e+01,-4.650164066499999649e+01,-4.290827170499999710e+01,-2.727426469399999931e+01,-2.201911704899999833e+01,-2.305829586699999822e+01
1.977988988999999975e+01,-3.200363520300000175e+01,-3.670272681099999801e+01,-2.243027974199999974e+01,-3.560166294199999726e+01,-2.969056928699999887e+01
1.979989989999999977e+01,-6.161135459900000200e+01,-4.849856693699999965e+01,-1.916187280100000123e+01,-4.062278362100000351e+01,-4.146183642100000100e+01
1.981990990999999980e+01,-2.354404609599999887e+01,-4.284270666399999783e+01,-2.771228226999999933e+01,-3.828154539900000231e+01,-3.437144513599999840e+01
1.983991991999999982e+01,-3.794124497199999979e+01,-4.677626304999999718e+01,-1.102633934099999991e+01,-2.714358718000000081e+01,-3.497755548300000328e+01
1.985992992999999984e+01,-4.741368814599999837e+01,-5.498099397400000043e+01,-3.959470139399999766e+01,-2.557366588900000082e+01,-3.678288430599999970e+01
1.987993993999999986e+01,-3.913326117599999776e+01,-3.343319393600000211e+01,-2.529505964799999873e+01,-2.567006828199999902e+01,-3.850469237000000078e+01
1.989994994999999989e+01,-2.874596559800000151e+01,-2.939984294199999937e+01,-1.469133200299999942e+01,-1.420571425500000018e+01,-2.146010580500000131e+01
1.991995995999999991e+01,-6.553330502800000090e+01,-4.671953748600000011e+01,-2.305031231399999925e+01,-2.383408151900000149e+01,-2.457792881299999976e+01
1.993996996999999993e+01,-3.665837028699999678e+01,-2.594687284500000146e+01,-2.780510013600000008e+01,-2.873309490700000168e+01,-4.272918294299999786e+01
1.995997997999999995e+01,-3.327073328000000174e+01,-3.757023488800000166e+01,-3.336955715900000286e+01,-2.480569806700000157e+01,-3.033750050200000103e+01
1.997998998999999998e+01,-3.314423677300000293e+01,-3.627231909599999682e+01,-4.380154011799999836e+01,-3.392859391199999664e+01,-3.365406422000000219e+01
2.000000000000000000e+01,-2.407080909300000116e+01,-3.461459397000000138e+01,-3.798951932500000339e+01,-3.181817896700000148e+01,-3.594310058300000321e+01
