freq_GHz,S21_dB,S31_dB,S41_dB,S51_dB,S61_dB
1.000000000000000021e-02,-7.676217568900000288e+01,-7.715107591299999967e+01,-7.655749883000000011e+01,-8.357164321599999823e+01,-8.522998826699999597e+01
3.001001001000000099e-02,-7.205718945099999928e+01,-6.981690997600000514e+01,-7.382258243799999775e+01,-8.104095899899999722e+01,-7.356716612399999633e+01
5.002002002000000003e-02,-8.149720032499999434e+01,-8.212461593499999424e+01,-8.205828675300000441e+01,-8.175845363199999838e+01,-8.877212826199999540e+01
7.003003002999999560e-02,-7.150650048100000333e+01,-9.099455278599999986e+01,-7.941170533899999384e+01,-8.057699654699999314e+01,-7.769507985299999575e+01
9.004004004000000505e-02,-8.554473659600000701e+01,-8.039547805399999447e+01,-9.501112771900000098e+01,-8.104001892899999859e+01,-8.033136198900000124e+01
1.100500500500000006e-01,-9.219366329800000415e+01,-7.561385913399999481e+01,-8.798451241300000447e+01,-9.119989485700000387e+01,-8.314705870800000298e+01
1.300600600600000101e-01,-8.134472966799999938e+01,-7.790009843500000386e+01,-8.422649605200000167e+01,-8.198223674300000141e+01,-7.522684646400000474e+01
1.500700700700000056e-01,-7.751849965499999939e+01,-8.119402083699999650e+01,-7.641801866999999504e+01,-9.245598845899999674e+01,-8.289094524899999783e+01
1.700800800800000012e-01,-7.491869211099999859e+01,-7.519039297999999860e+01,-7.644398687999999709e+01,-7.810317649099999926e+01,-8.185080280299999345e+01
1.900900900899999968e-01,-7.826286231500000667e+01,-7.766804993099999876e+01,-8.114679143799999395e+01,-8.191762122500000487e+01,-7.677256951900000104e+01
2.101001000999999924e-01,-8.245254808900000398e+01,-8.290276733000000320e+01,-7.766490209500000219e+01,-8.287829979800000046e+01,-7.501320105099999580e+01
2.301101101100000157e-01,-8.027827960999999846e+01,-7.566795902399999818e+01,-7.890755028799999593e+01,-7.846880745800000057e+01,-8.766833189700000162e+01
2.501201201200000113e-01,-8.041238420099999473e+01,-8.369533300499999484e+01,-7.791910698799999579e+01,-7.609585362500000372e+01,-7.832905242799999712e+01
2.701301301299999791e-01,-7.697395702299999698e+01,-7.710815393699999731e+01,-7.939593756700000426e+01,-9.344942994000000169e+01,-7.766562137299999335e+01
2.901401401400000024e-01,-8.177591389299999491e+01,-8.288982895499999870e+01,-7.979764217599999654e+01,-7.812950616800000603e+01,-8.479871126300000128e+01
3.101501501499999702e-01,-7.724472403999999415e+01,-7.889970629600000507e+01,-7.707463916800000447e+01,-7.751690586499999824e+01,-8.165345523599999922e+01
3.301601601600000491e-01,-8.929282138700000360e+01,-8.368840177299999539e+01,-8.206371985399999858e+01,-7.705374705399999868e+01,-8.113775832499999296e+01
3.501701701700000169e-01,-7.926925992500000007e+01,-8.274141034900000591e+01,-7.904592246299999658e+01,-7.949409021300000688e+01,-8.577343728600000361e+01
3.701801801799999847e-01,-8.675976105600000210e+01,-8.998018824899999402e+01,-7.846999525900000094e+01,-7.859097169099999292e+01,-7.356853210299999546e+01
3.901901901900000080e-01,-7.678991478300000040e+01,-7.524381199900000183e+01,-7.171940217799999573e+01,-8.718775426999999922e+01,-7.411639476000000570e+01
4.102002001999999758e-01,-7.992336998300000062e+01,-7.082365179999999327e+01,-7.763111783200000104e+01,-8.235477719600000057e+01,-7.561885108699999591e+01
4.302102102099999992e-01,-7.587516093899999703e+01,-8.054723719800000481e+01,-7.214754746500000238e+01,-7.692739612699999441e+01,-8.003271468100000163e+01
4.502202202200000225e-01,-8.237017517399999633e+01,-7.538531284600000504e+01,-7.674257304200000362e+01,-7.494381167500000629e+01,-7.669067592599999728e+01
4.702302302300000458e-01,-8.387096774500000151e+01,-7.793739430300000492e+01,-7.896414987999999369e+01,-6.963250675899999464e+01,-8.405790374199999349e+01
4.902402402400000136e-01,-7.190060669800000426e+01,-8.471364231299999403e+01,-7.764580579100000080e+01,-7.741289297900000577e+01,-6.986931580399999575e+01
5.102502502500000370e-01,-7.205927472400000511e+01,-7.667746060100000705e+01,-7.341075788800000623e+01,-7.895561675800000501e+01,-7.168913003599999456e+01
5.302602602599999493e-01,-7.437780119500000353e+01,-7.676849661999999341e+01,-7.544931728100000612e+01,-7.516684402799999987e+01,-6.786689472999999850e+01
5.502702702699999726e-01,-6.728562530199999969e+01,-7.298102790000000084e+01,-6.672188703300000157e+01,-7.326376107400000137e+01,-6.739347571199999720e+01
5.702802802799999959e-01,-7.244530867899999294e+01,-7.125922712000000558e+01,-6.555079874199999779e+01,-7.745345860199999777e+01,-6.171511305599999986e+01
5.902902902899999082e-01,-8.139285709399999291e+01,-7.264643935700000554e+01,-6.417483674700000051e+01,-7.209326114300000654e+01,-6.050920517200000148e+01
6.103003002999999316e-01,-7.351545444200000645e+01,-7.227569402100000673e+01,-6.055763765300000045e+01,-7.663918483199999798e+01,-6.018988052299999936e+01
6.303103103099999549e-01,-7.393249744700000292e+01,-6.730657721699999740e+01,-6.115640442200000138e+01,-7.515542831899999499e+01,-5.842084661900000242e+01
6.503203203200000893e-01,-7.605949261000000661e+01,-7.076481915700000513e+01,-5.732453080500000198e+01,-7.390159202499999935e+01,-5.697212370599999787e+01
6.703303303300000016e-01,-6.943643033300000411e+01,-6.182844773699999763e+01,-5.628138102399999809e+01,-7.514086390100000301e+01,-5.323256225400000119e+01
6.903403403400000249e-01,-6.847394911499999637e+01,-6.299409501400000266e+01,-5.500092107199999703e+01,-7.192137399400000675e+01,-5.152125677600000131e+01
7.103503503500000482e-01,-7.147697921300000701e+01,-6.065226484200000101e+01,-5.389986568799999844e+01,-6.992414494700000205e+01,-4.938942450500000092e+01
7.303603603599999605e-01,-6.282083865599999939e+01,-5.885089515800000015e+01,-5.305210643000000204e+01,-7.096197731099999828e+01,-4.623297715900000071e+01
7.503703703699999839e-01,-5.997575666099999836e+01,-5.885141281800000002e+01,-5.300258238299999647e+01,-7.892959874500000694e+01,-4.517879699000000215e+01
7.703803803800000072e-01,-6.066822038400000139e+01,-5.994905047200000325e+01,-5.351738206699999978e+01,-6.764864658899999483e+01,-4.437686371200000224e+01
7.903903903900000305e-01,-5.845976397399999769e+01,-6.119686321799999718e+01,-5.102883506500000266e+01,-6.805038475099999573e+01,-4.378154974499999952e+01
8.104004003999999428e-01,-5.825828769900000026e+01,-6.550562832299999627e+01,-4.981810358900000324e+01,-6.406970228699999836e+01,-4.354633982800000069e+01
8.304104104099999661e-01,-5.721341547699999808e+01,-6.486754803300000560e+01,-5.142974348999999989e+01,-6.159189820400000315e+01,-4.306033465099999802e+01
8.504204204199999895e-01,-5.635751041900000047e+01,-5.687124220199999769e+01,-5.194032698800000247e+01,-6.492283319499999550e+01,-4.353470618899999778e+01
8.704304304299999018e-01,-5.456298831000000149e+01,-5.505326680099999948e+01,-5.050817211799999740e+01,-6.184830597100000205e+01,-4.296541896899999813e+01
8.904404404400000361e-01,-5.675617498500000124e+01,-5.550136184299999798e+01,-4.965537115600000106e+01,-6.076733165499999956e+01,-4.211333612499999646e+01
9.104504504500000595e-01,-5.581073164499999706e+01,-5.604739146600000055e+01,-4.878985390199999728e+01,-5.841445963500000005e+01,-4.197080111900000077e+01
9.304604604600000828e-01,-5.561825545599999998e+01,-5.505263897799999739e+01,-4.853236922699999667e+01,-5.721980229199999712e+01,-4.181009362999999723e+01
9.504704704699999951e-01,-5.608614574500000316e+01,-5.690644500300000175e+01,-4.759897251000000296e+01,-5.845729552099999893e+01,-4.262452630899999662e+01
9.704804804800000184e-01,-5.675459195799999890e+01,-5.782439487300000280e+01,-4.770590134500000090e+01,-5.791024112200000218e+01,-4.329834563200000019e+01
9.904904904900000417e-01,-5.502249152600000315e+01,-5.881530148800000291e+01,-4.825407539700000115e+01,-6.115589756300000346e+01,-4.369277919299999979e+01
1.010500500500000065e+00,-5.675956215299999741e+01,-6.030296026900000328e+01,-4.796662259200000022e+01,-6.189348219699999731e+01,-4.410118476400000276e+01
1.030510510500000088e+00,-5.825211357599999928e+01,-5.977439963999999861e+01,-4.865009831799999773e+01,-5.922842495100000093e+01,-4.428644186199999666e+01
1.050520520500000110e+00,-5.892059895100000233e+01,-5.964113844500000283e+01,-4.708240103100000340e+01,-6.081622209799999723e+01,-4.436165876700000155e+01
1.070530530499999911e+00,-5.915227680299999946e+01,-6.087027425899999855e+01,-4.781065432500000156e+01,-6.184355993999999868e+01,-4.419085760499999793e+01
1.090540540499999933e+00,-6.288861472399999997e+01,-5.861526627800000000e+01,-4.823029885500000091e+01,-6.414897270999999535e+01,-4.405904716199999882e+01
1.110550550599999964e+00,-7.410571011499999372e+01,-6.028036249299999838e+01,-4.860475213800000205e+01,-6.276597164199999668e+01,-4.420587991299999686e+01
1.130560560599999986e+00,-6.520379617199999700e+01,-5.970580606400000079e+01,-4.816316553600000105e+01,-7.022713573900000483e+01,-4.333214085200000198e+01
1.150570570600000009e+00,-6.609649312400000554e+01,-5.881243165299999731e+01,-4.867234218600000162e+01,-6.431259428699999603e+01,-4.220925981500000290e+01
1.170580580599999809e+00,-7.155794932400000619e+01,-6.538756908800000645e+01,-4.759296159600000209e+01,-6.676315239500000587e+01,-4.279554514099999807e+01
1.190590590599999832e+00,-7.038051854100000071e+01,-6.722371218899999690e+01,-4.604637838099999669e+01,-6.815142622999999844e+01,-4.209979414800000086e+01
1.210600600599999854e+00,-6.338062434700000125e+01,-6.455211896000000138e+01,-4.476041220100000118e+01,-6.511555862599999500e+01,-4.159344673300000039e+01
1.230610610599999877e+00,-6.596089561799999501e+01,-6.010951531199999920e+01,-4.429206588400000300e+01,-6.040325742800000342e+01,-4.174232481600000000e+01
1.250620620599999899e+00,-6.414060172199999954e+01,-6.390607967399999723e+01,-4.273371860599999650e+01,-6.237716344500000076e+01,-4.085261099699999932e+01
1.270630630599999922e+00,-6.225917522200000320e+01,-6.371749185400000215e+01,-4.217731943199999733e+01,-6.309998559200000301e+01,-4.048454428899999868e+01
1.290640640599999944e+00,-6.102685578100000185e+01,-6.075680772500000160e+01,-4.166535210499999664e+01,-6.262866367800000234e+01,-3.952729124999999755e+01
1.310650650699999975e+00,-5.780524266199999772e+01,-5.858173577299999835e+01,-4.175337561399999942e+01,-5.984728038000000083e+01,-3.976106019299999872e+01
1.330660660699999998e+00,-5.542283461200000261e+01,-5.417496761900000024e+01,-4.118906471100000033e+01,-5.647721496100000138e+01,-4.008974192600000208e+01
1.350670670700000020e+00,-5.264304294400000117e+01,-5.432096880600000333e+01,-4.002587315200000262e+01,-5.930052703700000194e+01,-3.946407241800000065e+01
1.370680680700000043e+00,-5.396406086500000043e+01,-5.618688374300000277e+01,-3.946407945600000033e+01,-5.762559521299999687e+01,-3.919345143999999692e+01
1.390690690700000065e+00,-5.508660067800000348e+01,-5.422901589800000011e+01,-3.857653587299999742e+01,-5.626520925199999823e+01,-3.813797245100000310e+01
1.410700700700000088e+00,-5.926213557700000223e+01,-5.400352229700000350e+01,-3.771705960599999941e+01,-5.816797645199999778e+01,-3.738464857999999680e+01
1.430710710700000110e+00,-5.483933493199999987e+01,-5.430944949100000230e+01,-3.702250270399999721e+01,-5.567698064199999664e+01,-3.667656297399999943e+01
1.450720720700000133e+00,-5.420205443300000070e+01,-5.438622359200000034e+01,-3.624092726100000306e+01,-5.815049218400000086e+01,-3.610691420900000281e+01
1.470730730700000155e+00,-4.989690694899999812e+01,-5.134170513000000113e+01,-3.569506063099999693e+01,-5.525214330099999671e+01,-3.479749864600000109e+01
1.490740740699999956e+00,-4.970083893500000016e+01,-5.141022282899999851e+01,-3.400545298600000166e+01,-5.740755642599999931e+01,-3.388223366900000144e+01
1.510750750799999986e+00,-4.914151881499999774e+01,-5.058188217499999695e+01,-3.269052236600000327e+01,-6.462109808399999622e+01,-3.290435234400000297e+01
1.530760760800000009e+00,-4.782612467300000247e+01,-5.270141231000000204e+01,-3.156058174200000011e+01,-6.478167689199999302e+01,-3.185253542399999915e+01
1.550770770800000031e+00,-4.717698131000000217e+01,-5.173066723800000233e+01,-3.038935367799999909e+01,-5.675393686500000001e+01,-3.094259927399999910e+01
1.570780780800000054e+00,-4.657962117000000291e+01,-5.245815381100000252e+01,-3.008315226199999870e+01,-5.569375024400000029e+01,-3.034266328900000076e+01
1.590790790799999854e+00,-4.844994912699999645e+01,-4.916795802400000071e+01,-3.022815427999999827e+01,-5.188523185300000051e+01,-3.008383879699999852e+01
1.610800800799999877e+00,-5.062022679500000066e+01,-4.455692542599999939e+01,-3.040971941700000158e+01,-5.479157519099999973e+01,-3.061000158099999879e+01
1.630810810799999899e+00,-5.090546766199999951e+01,-4.360195389799999788e+01,-2.931758462599999859e+01,-5.406110746299999903e+01,-3.102222331600000160e+01
1.650820820799999922e+00,-5.096143824600000016e+01,-4.542393803699999921e+01,-2.853141933599999902e+01,-5.598171007900000262e+01,-3.139861537699999872e+01
1.670830830799999944e+00,-4.886002528099999864e+01,-4.301285746799999998e+01,-2.785106989399999833e+01,-5.315274662699999908e+01,-3.090687769399999851e+01
1.690840840799999967e+00,-4.463896191700000315e+01,-4.239436272500000058e+01,-2.748374006499999922e+01,-4.950747384999999667e+01,-2.979363020199999923e+01
1.710850850899999998e+00,-4.329175145800000024e+01,-4.319430360700000193e+01,-2.739485058400000028e+01,-4.922280431299999748e+01,-2.863434101700000056e+01
1.730860860900000020e+00,-4.343144088700000083e+01,-4.418524261099999961e+01,-2.747087855499999876e+01,-5.116712649000000113e+01,-2.841212954299999893e+01
1.750870870900000043e+00,-4.256457703299999906e+01,-4.600037001999999831e+01,-2.790317620000000076e+01,-5.408274236599999796e+01,-2.858435418799999894e+01
1.770880880900000065e+00,-4.391716863199999921e+01,-4.901341362699999848e+01,-2.851296816199999995e+01,-5.422695893899999930e+01,-2.881350602799999905e+01
1.790890890900000088e+00,-4.482119196499999703e+01,-6.527807881600000428e+01,-2.911423247900000177e+01,-5.654973487000000176e+01,-2.931296692100000101e+01
1.810900900900000110e+00,-4.577242302599999846e+01,-5.355643192299999811e+01,-2.975059661799999944e+01,-5.410431652300000138e+01,-2.980720512299999925e+01
1.830910910900000133e+00,-4.937761160400000193e+01,-5.373922980900000113e+01,-3.035448974599999872e+01,-5.226216276299999919e+01,-3.038697283200000143e+01
1.850920920900000155e+00,-5.174506279999999947e+01,-5.602239527199999714e+01,-3.122164594899999912e+01,-5.156706257300000118e+01,-3.146357302199999850e+01
1.870930930900000178e+00,-5.450000184200000319e+01,-5.578415259399999826e+01,-3.151363764599999939e+01,-5.233731481400000263e+01,-3.252465116700000181e+01
1.890940940900000200e+00,-5.030460292499999753e+01,-6.000950709199999977e+01,-3.227833019300000217e+01,-5.228084891099999965e+01,-3.314776197500000166e+01
1.910950951000000009e+00,-5.070092195499999832e+01,-6.615055757099999312e+01,-3.293210047400000207e+01,-5.197314723400000247e+01,-3.358362609999999648e+01
1.930960961000000031e+00,-4.946521431299999705e+01,-5.497572500700000120e+01,-3.320574748300000323e+01,-5.150051799599999924e+01,-3.338426684800000288e+01
1.950970971000000054e+00,-4.943408842600000241e+01,-5.081653489299999649e+01,-3.295809808700000332e+01,-5.637396152499999857e+01,-3.259595577099999986e+01
1.970980981000000076e+00,-4.915827753800000011e+01,-4.995309729499999918e+01,-3.284663162300000039e+01,-6.515022718400000201e+01,-3.179455262200000121e+01
1.990990991000000099e+00,-4.770333469399999871e+01,-5.040779282900000169e+01,-3.262794841699999893e+01,-6.413378631499999472e+01,-3.139525062399999911e+01
2.011001000999999899e+00,-4.757999436400000093e+01,-5.148577486500000333e+01,-3.328316095000000274e+01,-5.717490612800000349e+01,-3.123648615200000123e+01
2.031011010999999922e+00,-4.825838580700000335e+01,-5.146784553999999900e+01,-3.391612821799999722e+01,-5.880356221000000261e+01,-3.112088348600000032e+01
2.051021020999999944e+00,-4.774391639200000270e+01,-5.005587035100000293e+01,-3.354680833199999768e+01,-5.915266238899999962e+01,-3.093840052499999871e+01
2.071031030999999967e+00,-5.003191678900000028e+01,-4.867222812499999662e+01,-3.284502047499999833e+01,-5.975095092499999794e+01,-3.048575952899999919e+01
2.091041040999999989e+00,-4.919491288599999734e+01,-4.978767996700000253e+01,-3.254143140099999698e+01,-6.251224658400000322e+01,-3.052012049600000054e+01
2.111051051100000020e+00,-5.040934231300000334e+01,-4.807021744099999694e+01,-3.221955407299999763e+01,-6.690850030800000070e+01,-3.047588325099999906e+01
2.131061061100000043e+00,-4.927114906799999972e+01,-4.850134551099999669e+01,-3.270245753999999749e+01,-5.967257015799999920e+01,-3.026017918100000159e+01
2.151071071100000065e+00,-4.841813657499999834e+01,-5.143564893500000323e+01,-3.263784878999999961e+01,-5.415537508399999922e+01,-3.012242389900000106e+01
2.171081081100000088e+00,-4.789667162300000314e+01,-5.228573999099999980e+01,-3.203740941499999906e+01,-5.263806341299999758e+01,-3.019339191799999966e+01
2.191091091100000110e+00,-4.945246280700000341e+01,-5.534308803300000079e+01,-3.133934659499999853e+01,-5.246158483699999664e+01,-3.026592237899999915e+01
2.211101101099999688e+00,-4.776725404100000105e+01,-5.749059789100000017e+01,-3.093063391700000153e+01,-5.252006384700000297e+01,-3.072832500699999869e+01
2.231111111099999711e+00,-4.855654298099999977e+01,-6.462684240500000499e+01,-3.097025969599999939e+01,-5.396953589400000340e+01,-3.080513095199999896e+01
2.251121121099999733e+00,-5.031374694299999817e+01,-6.302790786599999961e+01,-3.111286490199999832e+01,-5.202030392700000050e+01,-3.081542122700000164e+01
2.271131131099999756e+00,-5.111474643300000054e+01,-6.796472081899999296e+01,-3.152824890999999852e+01,-6.375788306399999783e+01,-3.087051804600000082e+01
2.291141141099999778e+00,-5.306353525400000137e+01,-7.067918556300000432e+01,-3.164695162900000014e+01,-6.154776708299999655e+01,-3.096599673400000086e+01
2.311151151199999809e+00,-5.292166791799999714e+01,-6.468621634599999481e+01,-3.140900002800000124e+01,-5.745889515900000077e+01,-3.110467816499999927e+01
2.331161161199999832e+00,-5.235694249699999858e+01,-6.059122604000000223e+01,-3.084239647600000112e+01,-5.654135152100000283e+01,-3.049586442800000086e+01
2.351171171199999854e+00,-5.317563714199999936e+01,-5.654990668100000306e+01,-3.019491144299999874e+01,-5.338438241499999748e+01,-2.976241801200000126e+01
2.371181181199999877e+00,-5.337316262499999908e+01,-5.435579119700000206e+01,-2.970699026899999851e+01,-5.375027127999999976e+01,-2.886790346100000093e+01
2.391191191199999899e+00,-5.290613403900000122e+01,-5.354797710599999760e+01,-2.943977809800000145e+01,-5.474564897999999857e+01,-2.860386775999999998e+01
2.411201201199999922e+00,-5.281245562099999802e+01,-5.202683601399999702e+01,-2.918093118499999861e+01,-5.726824977999999788e+01,-2.806807567199999909e+01
2.431211211199999944e+00,-5.437819321700000330e+01,-5.084551393099999927e+01,-2.904243241700000056e+01,-5.528207174399999957e+01,-2.814377154700000006e+01
2.451221221199999967e+00,-5.741875160099999675e+01,-5.298977447000000041e+01,-2.875631822300000096e+01,-5.258848819499999649e+01,-2.786371409699999901e+01
2.471231231199999989e+00,-6.164803971199999921e+01,-5.621990913199999795e+01,-2.863641551599999957e+01,-5.317174801200000189e+01,-2.798365625499999965e+01
2.491241241200000012e+00,-6.027047862100000231e+01,-6.115773730299999755e+01,-2.886676133299999947e+01,-5.210533031800000003e+01,-2.794406825000000083e+01
2.511251251300000042e+00,-6.365631201699999764e+01,-5.445623277600000023e+01,-2.898049136399999881e+01,-5.119325255199999702e+01,-2.798289600200000038e+01
2.531261261300000065e+00,-5.897844595200000128e+01,-5.382669893399999950e+01,-2.923857402100000158e+01,-5.346448212300000336e+01,-2.803430710800000014e+01
2.551271271300000087e+00,-6.139161660900000328e+01,-5.522476102099999906e+01,-2.954339403599999869e+01,-5.487419085500000193e+01,-2.826228875199999990e+01
2.571281281300000110e+00,-6.348927194899999904e+01,-4.922639806800000173e+01,-2.985873245100000162e+01,-5.433797007300000104e+01,-2.877393168800000112e+01
2.591291291300000132e+00,-5.545265814999999776e+01,-5.087702311900000041e+01,-2.955853004300000109e+01,-5.667633698499999895e+01,-2.905587089999999861e+01
2.611301301300000155e+00,-6.300524825299999776e+01,-4.689042693100000037e+01,-3.005029683800000129e+01,-6.013822292599999741e+01,-2.925058991199999880e+01
2.631311311300000177e+00,-6.930318317799999761e+01,-4.770490848299999698e+01,-2.990504799900000066e+01,-6.168013659700000062e+01,-2.956534668000000110e+01
2.651321321300000200e+00,-6.441412703199999612e+01,-4.646028864000000169e+01,-2.960222895300000090e+01,-5.637844619399999857e+01,-2.990214930499999824e+01
2.671331331300000222e+00,-6.120245090200000249e+01,-4.578373329800000135e+01,-2.950591800899999839e+01,-5.404509613199999762e+01,-3.064330755900000014e+01
2.691341341300000245e+00,-5.589224341199999913e+01,-4.646715180999999717e+01,-2.931957089899999858e+01,-5.639868699600000213e+01,-3.118632685400000071e+01
2.711351351400000276e+00,-5.854802943699999673e+01,-4.767704713599999877e+01,-2.915386262599999867e+01,-5.467425777700000111e+01,-3.151437869300000116e+01
2.731361361400000298e+00,-5.601838088400000260e+01,-4.788699027599999880e+01,-2.927524670200000045e+01,-6.065920274100000142e+01,-3.227726317799999833e+01
2.751371371399999877e+00,-5.513345831499999861e+01,-4.837068321000000282e+01,-2.925977584099999973e+01,-6.680141631899999766e+01,-3.268159398699999940e+01
2.771381381399999899e+00,-5.446511769500000355e+01,-5.070675759400000260e+01,-2.890666021599999880e+01,-6.374635998699999817e+01,-3.308698121100000122e+01
2.791391391399999922e+00,-5.889898148500000019e+01,-5.377914203099999924e+01,-2.904872991599999921e+01,-5.976358519800000124e+01,-3.423354376799999699e+01
2.811401401399999944e+00,-5.858858670400000079e+01,-5.351962153499999886e+01,-2.848106897199999921e+01,-5.497090994599999902e+01,-3.490180106999999765e+01
2.831411411399999967e+00,-6.041261456099999805e+01,-5.703274228699999782e+01,-2.808305570599999967e+01,-5.932980155599999961e+01,-3.502607954199999796e+01
2.851421421399999989e+00,-6.014513460300000247e+01,-5.642130362500000018e+01,-2.811067683299999942e+01,-5.749715888699999766e+01,-3.521517533299999769e+01
2.871431431400000012e+00,-6.231711247999999870e+01,-5.589273541000000023e+01,-2.761905001399999904e+01,-5.664969077700000355e+01,-3.577974324400000228e+01
2.891441441400000034e+00,-6.971226263100000153e+01,-6.241856326799999977e+01,-2.715882026599999932e+01,-5.392189545499999781e+01,-3.614139581999999962e+01
2.911451451500000065e+00,-6.108233800899999721e+01,-5.908915042600000334e+01,-2.715664431400000112e+01,-5.421008370799999909e+01,-3.678537206299999696e+01
2.931461461500000087e+00,-7.910825308600000483e+01,-6.029194332600000195e+01,-2.710102139199999982e+01,-5.836567748699999925e+01,-3.754400178299999880e+01
2.951471471500000110e+00,-7.258727438100000029e+01,-6.067023584700000072e+01,-2.669695300200000077e+01,-5.397273946899999686e+01,-3.868983903499999855e+01
2.971481481500000132e+00,-6.442014887300000225e+01,-6.315495549399999931e+01,-2.650715574299999844e+01,-5.388513849099999931e+01,-3.947660131500000347e+01
2.991491491500000155e+00,-6.105947356699999773e+01,-6.533554394799999443e+01,-2.637002436999999944e+01,-5.413324151900000203e+01,-4.004190051599999833e+01
3.011501501500000177e+00,-5.951597154200000261e+01,-6.820865243800000144e+01,-2.623662863199999862e+01,-5.463767970899999682e+01,-4.107420774399999885e+01
3.031511511500000200e+00,-6.029797385900000251e+01,-6.227461394099999836e+01,-2.607930425200000002e+01,-5.177843171600000005e+01,-4.145266650399999975e+01
3.051521521499999778e+00,-5.781887397799999917e+01,-5.701136098199999935e+01,-2.581061357800000167e+01,-5.253244955800000326e+01,-4.186658345400000059e+01
3.071531531499999801e+00,-5.811701762900000290e+01,-5.406711025700000306e+01,-2.558795294500000139e+01,-5.387347131199999950e+01,-4.247623979800000171e+01
3.091541541499999823e+00,-5.614687997499999739e+01,-5.166818199400000111e+01,-2.532552024900000021e+01,-5.482566835899999802e+01,-4.320760599900000187e+01
3.111551551599999854e+00,-5.898924735500000338e+01,-5.325137642800000037e+01,-2.509895380200000048e+01,-5.114657823999999664e+01,-4.278856882899999903e+01
3.131561561599999877e+00,-5.277208696200000304e+01,-5.175973043199999779e+01,-2.452286185199999835e+01,-5.299916551199999759e+01,-4.177091497199999992e+01
3.151571571599999899e+00,-5.220923417299999869e+01,-4.995423962899999992e+01,-2.429047438099999923e+01,-5.476839126000000135e+01,-4.005977144999999950e+01
3.171581581599999922e+00,-6.047857805999999670e+01,-4.867897851000000031e+01,-2.406110655999999892e+01,-6.138635061699999795e+01,-3.912644141500000217e+01
3.191591591599999944e+00,-5.412828147500000142e+01,-4.673949955799999856e+01,-2.379355128699999966e+01,-5.925406633200000073e+01,-3.719114026399999773e+01
3.211601601599999967e+00,-5.806325750999999968e+01,-4.762729930700000125e+01,-2.345461340700000008e+01,-6.285943850499999996e+01,-3.618642400299999906e+01
3.231611611599999989e+00,-7.072854457399999717e+01,-5.108859626899999995e+01,-2.351393987200000169e+01,-6.471708390400000610e+01,-3.519629249300000140e+01
3.251621621600000012e+00,-7.420990979500000151e+01,-4.851018198599999920e+01,-2.346270306299999930e+01,-5.795133554299999901e+01,-3.419500245100000058e+01
3.271631631600000034e+00,-6.871238901399999577e+01,-4.768104228400000011e+01,-2.318712877100000114e+01,-6.785307491000000368e+01,-3.339876424100000207e+01
3.291641641600000057e+00,-5.991522821600000270e+01,-4.970087769700000280e+01,-2.286025116400000101e+01,-6.073062206899999893e+01,-3.288879920200000129e+01
3.311651651699999643e+00,-6.212280948299999750e+01,-4.835104887800000029e+01,-2.274586913999999993e+01,-5.943740517599999862e+01,-3.250686877399999730e+01
3.331661661699999666e+00,-6.834127053599999613e+01,-4.563024174499999930e+01,-2.265562437299999843e+01,-6.135115604100000297e+01,-3.138456193300000052e+01
3.351671671699999688e+00,-5.742378825899999839e+01,-4.767056453099999658e+01,-2.233048100199999908e+01,-5.906830002499999921e+01,-3.076692083100000019e+01
3.371681681699999711e+00,-5.773048765400000093e+01,-4.633591544400000117e+01,-2.226086018599999861e+01,-7.518377424199999837e+01,-2.990670582999999993e+01
3.391691691699999733e+00,-5.809194011000000302e+01,-4.353105391500000110e+01,-2.246129618399999828e+01,-6.182187258900000160e+01,-2.914044689800000043e+01
3.411701701699999756e+00,-5.720418822999999975e+01,-4.478806100700000314e+01,-2.231148105700000173e+01,-5.850933959999999701e+01,-2.843281657400000029e+01
3.431711711699999778e+00,-6.810253967600000635e+01,-4.658606352099999981e+01,-2.216962132800000163e+01,-5.875810831900000153e+01,-2.766359401800000128e+01
3.451721721699999801e+00,-6.561170191899999793e+01,-4.335609391599999896e+01,-2.236111638399999890e+01,-5.668794806500000050e+01,-2.714327753999999970e+01
3.471731731699999823e+00,-5.517823861400000141e+01,-4.197748920200000100e+01,-2.262373437899999828e+01,-5.858225393600000075e+01,-2.691330054699999863e+01
3.491741741699999846e+00,-5.609455450600000148e+01,-4.303059498799999716e+01,-2.268875641800000054e+01,-6.884886392200000671e+01,-2.609883236199999956e+01
3.511751751800000321e+00,-5.384641280599999646e+01,-4.567096637499999900e+01,-2.257837123999999918e+01,-6.083410492899999866e+01,-2.584665182099999825e+01
3.531761761800000343e+00,-5.663224574600000238e+01,-4.168606336900000287e+01,-2.296877835900000164e+01,-5.766890257000000020e+01,-2.540980203699999862e+01
3.551771771800000366e+00,-5.162263087800000250e+01,-4.273152535199999846e+01,-2.334113279500000004e+01,-5.572827472800000237e+01,-2.494426710999999841e+01
3.571781781800000388e+00,-5.013391541000000018e+01,-4.609576988900000316e+01,-2.356360930199999970e+01,-5.971676131600000303e+01,-2.472908760500000014e+01
3.591791791800000411e+00,-4.999473211000000106e+01,-4.631458962199999974e+01,-2.360639778499999863e+01,-6.462264282700000706e+01,-2.480659930999999929e+01
3.611801801799999989e+00,-4.768377998999999789e+01,-4.232755947700000121e+01,-2.392184531499999878e+01,-5.919614053000000098e+01,-2.470281966299999965e+01
3.631811811800000012e+00,-4.676471931500000068e+01,-4.187774979699999989e+01,-2.442306750099999846e+01,-5.384725320900000156e+01,-2.490353419699999904e+01
3.651821821800000034e+00,-4.853904721899999686e+01,-4.252727013799999867e+01,-2.440024447600000101e+01,-6.083238534800000252e+01,-2.507120628199999857e+01
3.671831831800000057e+00,-4.636879747999999779e+01,-4.290954446700000346e+01,-2.437483307300000135e+01,-5.744350029200000307e+01,-2.501585812300000100e+01
3.691841841800000079e+00,-4.507185664899999722e+01,-3.824733769000000194e+01,-2.438942538499999912e+01,-6.680511825300000339e+01,-2.524071347299999957e+01
3.711851851900000110e+00,-4.486430991799999646e+01,-3.643472949499999913e+01,-2.435312853499999974e+01,-6.154076323000000315e+01,-2.548007283200000117e+01
3.731861861900000132e+00,-4.756677892999999813e+01,-3.753331904699999910e+01,-2.394405112100000110e+01,-5.492965045999999774e+01,-2.581429384699999829e+01
3.751871871900000155e+00,-4.616722274899999690e+01,-4.050666571099999658e+01,-2.335944888999999947e+01,-5.972690400300000135e+01,-2.644552571699999888e+01
3.771881881900000177e+00,-4.453407655899999895e+01,-3.735172832699999645e+01,-2.292555747300000135e+01,-6.036789822600000122e+01,-2.716314423000000033e+01
3.791891891900000200e+00,-4.626171342600000003e+01,-3.655820480500000258e+01,-2.244655330899999868e+01,-6.862805574399999387e+01,-2.781116332699999916e+01
3.811901901900000222e+00,-4.623681703399999776e+01,-3.781445447600000165e+01,-2.195586023599999947e+01,-5.876880843400000032e+01,-2.805328660900000060e+01
3.831911911900000245e+00,-4.446299429700000161e+01,-3.663604777999999840e+01,-2.139840677400000146e+01,-6.235326940600000256e+01,-2.825452796300000102e+01
3.851921921900000267e+00,-4.418247101099999696e+01,-3.664043637399999653e+01,-2.107068407899999940e+01,-6.060086025500000062e+01,-2.854307238599999863e+01
3.871931931900000290e+00,-4.582578442700000210e+01,-3.513123003599999805e+01,-2.062832186600000028e+01,-6.563271976000000052e+01,-2.904110556599999882e+01
3.891941941900000312e+00,-4.574163952399999999e+01,-3.548447496200000018e+01,-2.014718294800000109e+01,-7.305480181699999775e+01,-2.926510689299999868e+01
3.911951951999999899e+00,-4.479582273399999792e+01,-3.543752029499999878e+01,-1.964228653099999988e+01,-5.736811718100000235e+01,-2.974368881499999873e+01
3.931961961999999922e+00,-4.475439707200000328e+01,-3.563090315400000208e+01,-1.926982820199999935e+01,-5.858128752900000080e+01,-2.992599683299999924e+01
3.951971971999999944e+00,-4.351005642300000176e+01,-3.412028630700000065e+01,-1.885120984899999996e+01,-6.124631447299999820e+01,-3.015057450100000125e+01
3.971981981999999967e+00,-4.538282984899999661e+01,-3.421099876600000300e+01,-1.844469094500000139e+01,-5.623572730299999733e+01,-3.070263252399999843e+01
3.991991991999999989e+00,-4.437188783999999941e+01,-3.500563991799999997e+01,-1.816488494600000081e+01,-5.616437338200000084e+01,-3.116253335400000068e+01
4.012002002000000012e+00,-4.458709529899999779e+01,-3.513749606700000072e+01,-1.774841337000000152e+01,-7.232919963400000540e+01,-3.144525402200000030e+01
4.032012012000000034e+00,-4.618664493699999696e+01,-3.527923441299999752e+01,-1.759288592300000076e+01,-5.290967138799999958e+01,-3.203936122500000039e+01
4.052022022000000057e+00,-4.491520790700000276e+01,-3.467433362900000304e+01,-1.735265439100000151e+01,-5.235756497700000267e+01,-3.289921166500000282e+01
4.072032032000000079e+00,-4.398927477000000152e+01,-3.519348432500000001e+01,-1.716230522400000069e+01,-5.220727693500000299e+01,-3.352696043200000275e+01
4.092042042000000102e+00,-4.457664642499999985e+01,-3.711448282500000317e+01,-1.697013593799999853e+01,-6.429438719899999910e+01,-3.395748786699999755e+01
4.112052052100000132e+00,-4.585908364299999818e+01,-3.704938254599999681e+01,-1.696760031000000168e+01,-6.012969076299999927e+01,-3.486528935300000143e+01
4.132062062100000155e+00,-4.400876721499999888e+01,-3.643094125599999700e+01,-1.686419931400000038e+01,-5.738112819599999881e+01,-3.533827623700000231e+01
4.152072072100000177e+00,-4.539196403900000121e+01,-3.618928192900000340e+01,-1.704376666499999970e+01,-5.716977884700000345e+01,-3.546336318699999879e+01
4.172082082100000200e+00,-4.512887190699999707e+01,-3.681105922700000121e+01,-1.687274806099999935e+01,-5.553921005600000171e+01,-3.536069285100000315e+01
4.192092092100000222e+00,-4.670064528900000056e+01,-3.858246876900000188e+01,-1.694890921200000022e+01,-5.389818950499999772e+01,-3.570209015500000049e+01
4.212102102100000245e+00,-4.691634459200000151e+01,-3.865014377899999687e+01,-1.717763894899999855e+01,-5.845945220600000169e+01,-3.620568841800000115e+01
4.232112112100000267e+00,-4.666209794600000293e+01,-3.755496552299999991e+01,-1.724127883699999941e+01,-6.047941761799999938e+01,-3.717833840899999842e+01
4.252122122100000290e+00,-4.539921991199999951e+01,-3.969618319199999945e+01,-1.718190814400000122e+01,-5.499742195299999992e+01,-3.733223833299999939e+01
4.272132132100000312e+00,-5.074544640999999956e+01,-4.083065981800000088e+01,-1.741588459000000100e+01,-5.556749175800000273e+01,-3.798511085500000206e+01
4.292142142100000335e+00,-4.992393575199999844e+01,-4.403707651100000220e+01,-1.759268664600000065e+01,-7.048794931400000507e+01,-3.886627229700000186e+01
4.312152152199999477e+00,-4.620480941600000335e+01,-4.690799732299999647e+01,-1.775597752599999879e+01,-5.631628668399999782e+01,-3.878677230400000298e+01
4.332162162199999500e+00,-4.655314383599999672e+01,-4.707118657800000250e+01,-1.794285817000000094e+01,-5.589136254900000012e+01,-3.861675798299999940e+01
4.352172172199999522e+00,-5.017932670900000147e+01,-4.988087800400000305e+01,-1.814244012200000000e+01,-5.651172439599999819e+01,-3.872165986099999913e+01
4.372182182199999545e+00,-4.839546331100000032e+01,-4.588547635999999841e+01,-1.844266756400000062e+01,-5.497326784900000263e+01,-3.848650172400000002e+01
4.392192192199999567e+00,-5.303295923900000020e+01,-4.737939254100000142e+01,-1.871428565500000119e+01,-5.352674756399999723e+01,-3.850895045200000055e+01
4.412202202199999590e+00,-4.935388348400000069e+01,-4.986988268599999685e+01,-1.888200875800000134e+01,-5.629193978299999657e+01,-3.816459303100000255e+01
4.432212212199999612e+00,-4.877373771199999908e+01,-4.687767994600000065e+01,-1.889852638400000018e+01,-6.292561628899999704e+01,-3.690823295199999876e+01
4.452222222199999635e+00,-5.302167906100000039e+01,-4.358219692600000172e+01,-1.902173498000000151e+01,-6.378739740000000324e+01,-3.745199517900000075e+01
4.472232232199999657e+00,-5.074334567500000048e+01,-4.665882960999999796e+01,-1.921359759799999978e+01,-5.688220841399999728e+01,-3.748110261499999751e+01
4.492242242199999680e+00,-4.614768341900000337e+01,-4.879550175400000001e+01,-1.924604112600000150e+01,-6.749094867300000544e+01,-3.801637154299999821e+01
4.512252252300000599e+00,-6.129190936599999873e+01,-4.957665275899999813e+01,-1.925686916300000107e+01,-6.661977687099999912e+01,-3.720875979800000266e+01
4.532262262300000621e+00,-4.937825469799999922e+01,-4.621407554099999970e+01,-1.941024832400000122e+01,-6.561890267100000074e+01,-3.805436810900000211e+01
4.552272272299999756e+00,-5.655464897000000235e+01,-4.907911381400000295e+01,-1.939395366999999837e+01,-6.289810625300000169e+01,-3.758517526199999992e+01
4.572282282299999778e+00,-5.422180037999999769e+01,-4.948605274399999843e+01,-1.957749172999999843e+01,-5.765444686400000052e+01,-3.701152473300000167e+01
4.592292292299999801e+00,-5.615449920799999717e+01,-5.710828448899999898e+01,-1.968757136199999991e+01,-6.358975377699999854e+01,-3.514731682099999688e+01
4.612302302299999823e+00,-6.299652371999999900e+01,-5.033707859700000142e+01,-1.976326066700000084e+01,-6.659347770399999433e+01,-3.628560488800000172e+01
4.632312312299999846e+00,-6.013654214200000325e+01,-5.315175030799999689e+01,-1.980576092100000096e+01,-5.191687940100000276e+01,-3.550064026599999778e+01
4.652322322299999868e+00,-5.088629118200000079e+01,-4.981633289599999870e+01,-2.021958735600000168e+01,-6.191639804399999747e+01,-3.548896683699999954e+01
4.672332332299999891e+00,-5.711241627199999726e+01,-6.659401832599999693e+01,-2.032868992699999922e+01,-5.294481358200000187e+01,-3.454401741699999917e+01
4.692342342299999913e+00,-5.358897465100000090e+01,-6.771696559199999399e+01,-2.065924045899999939e+01,-5.596680343999999963e+01,-3.352921471900000228e+01
4.712352352399999944e+00,-4.796646945199999834e+01,-5.805612937800000140e+01,-2.054624151599999848e+01,-6.401729387400000348e+01,-3.262243829500000203e+01
4.732362362399999967e+00,-5.169230228400000016e+01,-5.435371339499999976e+01,-2.075579443399999846e+01,-6.581341162299999326e+01,-3.158434118899999987e+01
4.752372372399999989e+00,-5.718271365199999678e+01,-5.361086922300000168e+01,-2.100968798799999959e+01,-5.115644140900000281e+01,-3.094890190399999952e+01
4.772382382400000012e+00,-4.967314246400000144e+01,-5.822253779700000109e+01,-2.088099480800000052e+01,-5.735836617300000029e+01,-3.065497745100000060e+01
4.792392392400000034e+00,-5.627137103999999823e+01,-5.314449569500000337e+01,-2.104371475299999972e+01,-5.769881579900000190e+01,-3.032929353100000114e+01
4.812402402400000057e+00,-5.279718039499999804e+01,-5.895281212700000140e+01,-2.157413339200000024e+01,-5.822925117700000186e+01,-2.988272176599999952e+01
4.832412412399999191e+00,-4.925469529899999799e+01,-5.408422353800000337e+01,-2.177571679700000118e+01,-5.439891578299999964e+01,-3.030740492700000033e+01
4.852422422399999213e+00,-5.306796098800000294e+01,-5.360827339099999733e+01,-2.186686024700000175e+01,-5.957473354999999771e+01,-2.932579072300000078e+01
4.872432432399999236e+00,-5.343239319900000339e+01,-4.834005800700000322e+01,-2.174731944499999869e+01,-5.837467917600000078e+01,-2.935540187699999848e+01
4.892442442399999258e+00,-4.972505274899999961e+01,-5.229547243900000097e+01,-2.179434896100000074e+01,-5.787797484400000059e+01,-2.884995324999999866e+01
4.912452452500000177e+00,-4.512655566200000123e+01,-5.273175791799999956e+01,-2.180851270499999828e+01,-6.355838288999999719e+01,-2.880815447699999865e+01
4.932462462500000200e+00,-5.363184227800000059e+01,-5.199572107499999873e+01,-2.162046253800000173e+01,-6.107626147799999927e+01,-2.824955653700000013e+01
4.952472472500000222e+00,-4.616786298800000310e+01,-4.752572832300000272e+01,-2.154070474499999932e+01,-5.912023882100000094e+01,-2.795077724700000132e+01
4.972482482500000245e+00,-4.863076938300000052e+01,-4.684510065700000325e+01,-2.126926227699999927e+01,-5.661437047100000086e+01,-2.798214166400000025e+01
4.992492492500000267e+00,-4.591447972200000294e+01,-4.969982756600000329e+01,-2.127564269699999855e+01,-5.624635134599999731e+01,-2.761776021100000023e+01
5.012502502500000290e+00,-4.899992651800000232e+01,-4.968092918600000019e+01,-2.132673330100000086e+01,-5.912737702100000092e+01,-2.755598692799999938e+01
5.032512512500000312e+00,-4.710758975899999967e+01,-4.865565485100000132e+01,-2.117906414400000159e+01,-6.391052894900000325e+01,-2.712021537100000046e+01
5.052522522500000335e+00,-4.674436805900000280e+01,-4.910457624200000026e+01,-2.122571081699999951e+01,-5.414350377099999889e+01,-2.730422596700000071e+01
5.072532532500000357e+00,-4.765360464599999801e+01,-5.487205714200000273e+01,-2.121796098600000136e+01,-6.273073510300000066e+01,-2.720775425000000070e+01
5.092542542500000380e+00,-5.006931118199999986e+01,-4.567544319900000005e+01,-2.118315560199999936e+01,-5.886363962499999758e+01,-2.703624471799999895e+01
5.112552552600000411e+00,-4.717123560499999968e+01,-4.725029595899999890e+01,-2.146869427000000030e+01,-5.967295924100000093e+01,-2.684008466899999945e+01
5.132562562600000433e+00,-4.584530870799999747e+01,-5.058940750099999661e+01,-2.144898256200000120e+01,-7.175452785199999539e+01,-2.676417730600000056e+01
5.152572572600000456e+00,-4.412181520899999754e+01,-4.475104174700000215e+01,-2.165989543499999925e+01,-6.037643946800000094e+01,-2.682947956399999967e+01
5.172582582600000478e+00,-4.605136143899999723e+01,-4.752706992800000307e+01,-2.144456358500000093e+01,-6.245573555400000032e+01,-2.683741310499999955e+01
5.192592592600000501e+00,-4.667598711200000139e+01,-4.896275697200000110e+01,-2.169029039100000134e+01,-5.076256183600000327e+01,-2.735426559600000118e+01
5.212602602600000523e+00,-4.600683475099999953e+01,-4.709304216900000029e+01,-2.170354762599999887e+01,-6.355382457500000015e+01,-2.783455104900000165e+01
5.232612612600000546e+00,-4.289403810200000322e+01,-5.110996568800000261e+01,-2.195433999500000155e+01,-5.950793158100000113e+01,-2.809738945799999854e+01
5.252622622600000568e+00,-4.361852016600000326e+01,-6.762535440199999925e+01,-2.208729681999999883e+01,-6.588977544799999464e+01,-2.871781534200000152e+01
5.272632632600000591e+00,-4.584602605599999947e+01,-4.944265105800000271e+01,-2.231903777599999827e+01,-6.016131719999999916e+01,-2.837106525600000140e+01
5.292642642600000613e+00,-4.689643720800000182e+01,-5.404145280299999854e+01,-2.194540282899999895e+01,-5.791122545000000343e+01,-2.966758878299999935e+01
5.312652652699999756e+00,-4.494989271400000064e+01,-6.643603679599999623e+01,-2.230127235300000166e+01,-6.469846173700000236e+01,-2.991141635800000032e+01
5.332662662699999778e+00,-4.755609282100000001e+01,-5.696650612599999874e+01,-2.217015275199999991e+01,-5.405774817199999660e+01,-2.992936436200000117e+01
5.352672672699999801e+00,-5.243346539299999876e+01,-5.835650412100000040e+01,-2.232410351000000048e+01,-5.483025491000000073e+01,-3.055014946100000017e+01
5.372682682699999823e+00,-4.505728615499999989e+01,-5.719116745299999849e+01,-2.232950169700000131e+01,-5.801729092800000132e+01,-3.130545531099999934e+01
5.392692692699999846e+00,-5.248365705300000172e+01,-4.658204970300000269e+01,-2.235996790200000106e+01,-5.885689302200000128e+01,-3.254302018799999985e+01
5.412702702699999868e+00,-5.097261329199999835e+01,-5.645713287400000269e+01,-2.256391119399999923e+01,-5.767741996600000220e+01,-3.234791087499999662e+01
5.432712712699999891e+00,-4.950020990699999857e+01,-5.544364246100000315e+01,-2.282497777700000086e+01,-5.505551470399999658e+01,-3.308918169199999681e+01
5.452722722699999913e+00,-5.365707964199999935e+01,-5.053167084500000072e+01,-2.309085134900000114e+01,-6.070474550899999855e+01,-3.438064572599999735e+01
5.472732732699999936e+00,-5.223585634300000180e+01,-4.518594001600000354e+01,-2.322525618099999889e+01,-5.633565913999999708e+01,-3.553464286999999899e+01
5.492742742699999958e+00,-5.061277774100000215e+01,-4.982551232400000174e+01,-2.321692637900000022e+01,-6.226763319500000193e+01,-3.555598988500000246e+01
5.512752752799999989e+00,-5.544716463700000020e+01,-5.055576949700000000e+01,-2.362033457500000111e+01,-6.120628314599999698e+01,-3.660344234200000102e+01
5.532762762800000012e+00,-4.678447389000000101e+01,-4.476654712500000244e+01,-2.370966747900000016e+01,-5.314429165600000005e+01,-3.646235806199999985e+01
5.552772772800000034e+00,-5.047343455200000051e+01,-4.196652968800000139e+01,-2.431678861500000011e+01,-5.582845718200000107e+01,-3.673537649600000066e+01
5.572782782800000057e+00,-6.264681467199999787e+01,-4.249092962900000003e+01,-2.475698599200000061e+01,-5.573217883200000244e+01,-3.777736877000000248e+01
5.592792792800000079e+00,-5.108275584599999775e+01,-4.089744984299999686e+01,-2.546786387099999871e+01,-5.882849601800000272e+01,-3.863677836899999818e+01
5.612802802800000102e+00,-5.299635190299999721e+01,-3.910874975400000153e+01,-2.567422743299999865e+01,-5.593573003099999852e+01,-4.086323352600000192e+01
5.632812812800000124e+00,-5.397210077900000158e+01,-3.642284262900000158e+01,-2.628389443200000031e+01,-5.123939283699999692e+01,-4.066192623900000314e+01
5.652822822800000147e+00,-6.944889282399999786e+01,-3.605776577400000349e+01,-2.684808964200000148e+01,-5.565655231299999883e+01,-4.376223323199999982e+01
5.672832832800000169e+00,-4.774969873199999881e+01,-3.398250818399999673e+01,-2.730451213399999943e+01,-5.245079757900000317e+01,-4.748232516299999872e+01
5.692842842800000192e+00,-4.821734697800000191e+01,-3.371622659599999849e+01,-2.787108077899999969e+01,-5.447016764699999669e+01,-5.132272400699999793e+01
5.712852852899999334e+00,-5.048724889799999715e+01,-3.339604439299999683e+01,-2.765820144399999947e+01,-5.456176894200000049e+01,-4.611846315799999729e+01
5.732862862899999357e+00,-5.081326425900000032e+01,-3.188163879100000031e+01,-2.811903121900000002e+01,-5.698852620699999960e+01,-3.987309521299999915e+01
5.752872872899999379e+00,-5.325360085999999882e+01,-3.235878212200000092e+01,-2.807221702300000032e+01,-6.981891983200000595e+01,-3.881160457499999694e+01
5.772882882899999402e+00,-5.450238903599999674e+01,-3.088005748400000172e+01,-2.810903215800000154e+01,-4.800085916599999791e+01,-3.994648946499999909e+01
5.792892892899999424e+00,-5.120834299199999862e+01,-3.131695239000000086e+01,-2.843962786499999851e+01,-5.057966014800000210e+01,-3.740086175100000077e+01
5.812902902899999447e+00,-4.582084458199999943e+01,-3.054061868499999832e+01,-2.767610699500000138e+01,-5.416384197699999703e+01,-3.715973056200000002e+01
5.832912912899999469e+00,-5.155857791599999729e+01,-2.968572822899999863e+01,-2.802216282299999861e+01,-5.546512154500000236e+01,-3.541865122899999818e+01
5.852922922899999492e+00,-6.267174500400000170e+01,-2.943983385399999975e+01,-2.766011182700000148e+01,-4.835739142599999951e+01,-3.453958141700000084e+01
5.872932932899999514e+00,-5.407195391700000187e+01,-2.913896476300000060e+01,-2.768346967000000092e+01,-5.040876436799999993e+01,-3.473236864599999763e+01
5.892942942899999537e+00,-5.959136644099999813e+01,-2.911211125299999836e+01,-2.743314305699999878e+01,-5.044816407500000111e+01,-3.343561585500000177e+01
5.912952952999999567e+00,-4.885500385099999932e+01,-2.837099026399999957e+01,-2.702234589600000092e+01,-5.195685915600000016e+01,-3.392595907199999772e+01
5.932962962999999590e+00,-5.296900184599999761e+01,-2.860738880099999903e+01,-2.672105828200000133e+01,-5.518737519300000116e+01,-3.305453755100000279e+01
5.952972972999999612e+00,-4.903902372700000001e+01,-2.883079454800000008e+01,-2.702936728499999930e+01,-5.170620315200000050e+01,-3.257621235999999953e+01
5.972982982999999635e+00,-5.682126309099999872e+01,-2.819083989700000004e+01,-2.714906975299999914e+01,-5.371155415300000158e+01,-3.220285677500000077e+01
5.992992992999999657e+00,-5.110999485199999981e+01,-2.850056216000000120e+01,-2.686627922499999954e+01,-6.086281727800000141e+01,-3.149369576200000154e+01
6.013003002999999680e+00,-4.898973151999999942e+01,-2.903186286400000071e+01,-2.674858871100000002e+01,-5.265183200799999952e+01,-3.139022857400000177e+01
6.033013012999999702e+00,-5.968733351699999901e+01,-2.908229901500000025e+01,-2.693573808200000030e+01,-5.784203023799999954e+01,-3.212469686000000024e+01
6.053023022999999725e+00,-5.257724299899999920e+01,-2.953236983400000071e+01,-2.717534382899999912e+01,-5.407684315400000230e+01,-3.175046270200000009e+01
6.073033032999999747e+00,-5.001773351800000000e+01,-2.862406024399999893e+01,-2.740743881399999893e+01,-5.740388278999999727e+01,-3.219044803599999938e+01
6.093043042999999770e+00,-5.669152532999999750e+01,-2.974416569999999993e+01,-2.745883454399999835e+01,-5.275703281199999850e+01,-3.163035379800000158e+01
6.113053053100000689e+00,-5.030021752999999762e+01,-2.906100147700000136e+01,-2.794703868299999883e+01,-4.925020221700000178e+01,-3.185785704099999904e+01
6.133063063100000711e+00,-7.160780349399999523e+01,-2.937528345200000146e+01,-2.796132086600000122e+01,-5.013879924500000129e+01,-3.154771562999999901e+01
6.153073073100000734e+00,-5.309245717400000331e+01,-3.020864322799999968e+01,-2.927241897600000087e+01,-7.335244306500000278e+01,-3.209044202100000120e+01
6.173083083100000756e+00,-5.183711714799999726e+01,-2.932864835999999897e+01,-2.949266689599999935e+01,-4.540741786000000246e+01,-3.160774355999999941e+01
6.193093093100000779e+00,-4.979177934599999844e+01,-2.913612546399999914e+01,-3.010192029799999958e+01,-4.923594103500000330e+01,-3.167109881100000024e+01
6.213103103100000801e+00,-4.991508587900000293e+01,-2.936244257699999949e+01,-3.151082445600000170e+01,-5.092821049199999806e+01,-3.213203503799999794e+01
6.233113113100000824e+00,-5.504968339599999894e+01,-2.976730519099999839e+01,-3.254468294099999781e+01,-5.345012540799999812e+01,-3.183058744299999887e+01
6.253123123099999958e+00,-4.476943430000000035e+01,-3.001251757300000023e+01,-3.377663831699999974e+01,-6.008643399000000329e+01,-3.186262962099999996e+01
6.273133133099999981e+00,-4.993630201100000221e+01,-2.928154985000000110e+01,-3.645476487100000185e+01,-5.204434966400000206e+01,-3.163380882599999921e+01
6.293143143100000003e+00,-4.625780059899999941e+01,-2.933659108699999862e+01,-3.686441936700000355e+01,-6.101351978200000303e+01,-3.184691286800000043e+01
6.313153153200000034e+00,-4.443890842500000105e+01,-2.982373422999999946e+01,-4.037040204200000204e+01,-5.411918797100000234e+01,-3.216413533299999727e+01
6.333163163200000056e+00,-4.874396992399999817e+01,-3.011301052299999981e+01,-4.204560957099999996e+01,-5.536435513499999672e+01,-3.230396310100000079e+01
6.353173173200000079e+00,-4.418911252699999892e+01,-3.050363919200000140e+01,-4.308871659799999776e+01,-5.001048272100000247e+01,-3.267512710300000123e+01
6.373183183200000101e+00,-4.614780983800000058e+01,-3.034064901600000042e+01,-4.057874433399999958e+01,-4.959467314100000124e+01,-3.160978271500000147e+01
6.393193193200000124e+00,-4.228887431500000105e+01,-3.120008605599999996e+01,-3.776286993299999750e+01,-5.155018367800000334e+01,-3.179460218599999877e+01
6.413203203200000146e+00,-4.752389434500000220e+01,-3.083388857599999966e+01,-3.694707102899999995e+01,-4.959652365499999860e+01,-3.101463718000000114e+01
6.433213213200000169e+00,-4.769328566899999799e+01,-3.079180806899999823e+01,-3.526920570000000055e+01,-5.474075907600000335e+01,-3.134723752700000077e+01
6.453223223200000191e+00,-4.294268096399999735e+01,-3.165322646499999948e+01,-3.334438181899999876e+01,-4.903153352199999659e+01,-3.141560487599999973e+01
6.473233233200000214e+00,-4.604584997500000298e+01,-3.104527033600000152e+01,-3.252499962099999919e+01,-4.681726761600000231e+01,-3.100630141499999937e+01
6.493243243200000236e+00,-4.113303669500000126e+01,-3.077067363600000149e+01,-3.065621992299999832e+01,-5.389945812100000211e+01,-3.051345914399999870e+01
6.513253253300000267e+00,-4.213436314900000212e+01,-3.060697079099999840e+01,-2.892815923599999905e+01,-4.727624305300000174e+01,-3.012812282799999863e+01
6.533263263300000290e+00,-4.024314661399999693e+01,-3.110651954000000075e+01,-2.812656266400000149e+01,-4.751618427300000036e+01,-3.074173212899999896e+01
6.553273273300000312e+00,-4.047816611599999703e+01,-3.055475065499999943e+01,-2.709617784900000004e+01,-4.926907037000000145e+01,-3.056925898000000075e+01
6.573283283300000335e+00,-4.230790363300000223e+01,-3.178198769100000121e+01,-2.675820531600000152e+01,-4.865062562199999974e+01,-3.064009303499999959e+01
6.593293293300000357e+00,-4.326162625799999972e+01,-3.198888199299999968e+01,-2.577991866900000062e+01,-4.618256257400000209e+01,-3.137095862500000010e+01
6.613303303300000380e+00,-4.027461880399999927e+01,-3.105797361400000156e+01,-2.553197621900000058e+01,-4.916191062800000111e+01,-3.071332137199999934e+01
6.633313313300000402e+00,-4.184985417899999760e+01,-3.205510622799999965e+01,-2.464858037500000165e+01,-4.925793112200000223e+01,-3.227625683600000173e+01
6.653323323300000425e+00,-4.120132509100000107e+01,-3.150361800199999962e+01,-2.434700534399999938e+01,-4.818924931899999820e+01,-3.194497139499999960e+01
6.673333333300000447e+00,-4.190319933800000030e+01,-3.113536336900000023e+01,-2.386521276899999933e+01,-4.113625926999999649e+01,-3.217884763200000009e+01
6.693343343300000470e+00,-3.824599468000000257e+01,-3.280559776199999789e+01,-2.362914519099999922e+01,-4.468739829199999747e+01,-3.280900107400000110e+01
6.713353353399999612e+00,-3.972610597300000279e+01,-3.136918240500000010e+01,-2.379052319599999876e+01,-4.632766242799999645e+01,-3.209919157800000278e+01
6.733363363399999635e+00,-3.869124123299999951e+01,-3.118235062999999840e+01,-2.343418694700000060e+01,-4.899498463199999776e+01,-3.220067519399999867e+01
6.753373373399999657e+00,-4.107672016499999756e+01,-3.110937208600000048e+01,-2.362474836199999828e+01,-4.472161223100000171e+01,-3.208103476299999812e+01
6.773383383399999680e+00,-4.088800679599999910e+01,-3.025296137899999849e+01,-2.339253889100000094e+01,-4.345761439700000039e+01,-3.240215692799999658e+01
6.793393393399999702e+00,-3.935273222600000054e+01,-3.099905177899999842e+01,-2.331462283000000113e+01,-4.392556431100000225e+01,-3.202835656700000300e+01
6.813403403399999725e+00,-3.688574180300000194e+01,-2.970890027500000130e+01,-2.325872272699999854e+01,-4.187659731099999760e+01,-3.198848913799999849e+01
6.833413413399999747e+00,-3.782263486299999755e+01,-2.989581012400000049e+01,-2.345244798599999925e+01,-4.214179418199999816e+01,-3.271530891700000154e+01
6.853423423399999770e+00,-3.654273626199999825e+01,-2.907019246500000165e+01,-2.301957894599999932e+01,-4.115614973000000276e+01,-3.231464541700000126e+01
6.873433433399999792e+00,-3.605898104999999987e+01,-2.883738645900000108e+01,-2.261675036999999833e+01,-4.181540491199999821e+01,-3.214065418599999902e+01
6.893443443399999815e+00,-3.763852044499999749e+01,-2.835871432300000095e+01,-2.274425424400000040e+01,-4.127926247599999954e+01,-3.216328336699999824e+01
6.913453453499999846e+00,-3.731788652499999870e+01,-2.732549463799999856e+01,-2.247987311700000035e+01,-3.985706195899999926e+01,-3.328439830399999977e+01
6.933463463499999868e+00,-3.568683064199999677e+01,-2.730577901499999882e+01,-2.210447759599999884e+01,-4.169862282799999775e+01,-3.304653059700000028e+01
6.953473473499999891e+00,-3.420419855200000114e+01,-2.726698248099999944e+01,-2.174374381100000164e+01,-4.219215917999999732e+01,-3.456342578499999973e+01
6.973483483499999913e+00,-3.659116644499999893e+01,-2.654346002799999837e+01,-2.159687930000000122e+01,-4.073010707000000252e+01,-3.356094134500000337e+01
6.993493493499999936e+00,-3.575582321600000313e+01,-2.607928237000000138e+01,-2.160235225199999931e+01,-4.387822936599999935e+01,-3.428055753600000344e+01
7.013503503499999958e+00,-3.529570724900000300e+01,-2.594861412399999878e+01,-2.138007307199999829e+01,-4.502459941200000060e+01,-3.412173457099999752e+01
7.033513513499999981e+00,-3.483271524399999919e+01,-2.552591669899999971e+01,-2.113395660300000145e+01,-4.411718744800000280e+01,-3.445809581900000040e+01
7.053523523500000003e+00,-3.456136828700000052e+01,-2.523167232699999829e+01,-2.134250061899999906e+01,-4.658653487899999845e+01,-3.529012433399999793e+01
7.073533533500000026e+00,-3.456269402600000262e+01,-2.511491546399999919e+01,-2.106719121300000097e+01,-4.127399504699999966e+01,-3.503106896399999926e+01
7.093543543500000048e+00,-3.444393286399999710e+01,-2.519932159500000068e+01,-2.084179028999999872e+01,-4.074331315399999909e+01,-3.436323170800000071e+01
7.113553553600000079e+00,-3.684560795200000172e+01,-2.490508371099999962e+01,-2.108447325599999900e+01,-4.270611659400000093e+01,-3.231961011700000341e+01
7.133563563600000101e+00,-3.814761678899999708e+01,-2.454336578199999863e+01,-2.088612666099999871e+01,-4.079613319300000285e+01,-3.181640393900000063e+01
7.153573573600000124e+00,-3.703157716700000179e+01,-2.461472224899999972e+01,-2.101579768399999892e+01,-3.959892672200000163e+01,-3.170481509400000064e+01
7.173583583600000146e+00,-3.647278165200000188e+01,-2.462492224100000016e+01,-2.106170617000000078e+01,-4.033011868100000186e+01,-3.064278774699999985e+01
7.193593593600000169e+00,-3.659205502900000084e+01,-2.396519294599999839e+01,-2.110444275100000056e+01,-4.029348760900000315e+01,-3.029237879600000127e+01
7.213603603600000191e+00,-3.773419189700000231e+01,-2.393035913800000003e+01,-2.095744369899999882e+01,-3.977513036799999924e+01,-3.011337844599999869e+01
7.233613613600000214e+00,-3.673993398399999677e+01,-2.455184001699999996e+01,-2.144790890299999830e+01,-3.774525291999999865e+01,-2.858994851499999967e+01
7.253623623600000236e+00,-3.566126741299999736e+01,-2.462779581899999926e+01,-2.149598431400000109e+01,-3.749533243799999838e+01,-2.863902059400000155e+01
7.273633633600000259e+00,-3.716853731799999849e+01,-2.469798532300000105e+01,-2.160088019599999853e+01,-3.670043319900000256e+01,-2.855919609900000111e+01
7.293643643600000281e+00,-3.765896978800000028e+01,-2.556785776399999932e+01,-2.185246826799999909e+01,-3.547607341399999825e+01,-2.793780262900000011e+01
7.313653653699999424e+00,-3.564808870299999910e+01,-2.552613827700000115e+01,-2.226004882699999854e+01,-3.663184295300000315e+01,-2.785830690699999934e+01
7.333663663699999447e+00,-3.496624641300000036e+01,-2.603362130100000016e+01,-2.205913560300000142e+01,-3.540984754800000189e+01,-2.745153861200000023e+01
7.353673673699999469e+00,-3.443641761599999995e+01,-2.656724433899999838e+01,-2.262145837399999948e+01,-3.652243710300000146e+01,-2.730267324000000073e+01
7.373683683699999492e+00,-3.743394209099999870e+01,-2.731454620999999960e+01,-2.279361911299999832e+01,-3.706616015200000191e+01,-2.803640540099999967e+01
7.393693693699999514e+00,-3.679060547600000319e+01,-2.722852592799999982e+01,-2.301870620900000119e+01,-3.769083012299999780e+01,-2.772013966000000096e+01
7.413703703699999537e+00,-3.532329611600000163e+01,-2.787699011999999854e+01,-2.329857160399999927e+01,-3.621385504900000285e+01,-2.768947341599999845e+01
7.433713713699999559e+00,-3.828228402300000255e+01,-2.858182641000000146e+01,-2.355231765699999968e+01,-3.686468344899999749e+01,-2.861588876200000087e+01
7.453723723699999582e+00,-3.661008935800000330e+01,-2.879306785700000049e+01,-2.347343402999999995e+01,-3.744884502600000076e+01,-2.796554414399999899e+01
7.473733733699999604e+00,-3.857706772800000294e+01,-2.939978360499999965e+01,-2.368097067800000133e+01,-3.678607473499999969e+01,-2.825955629199999919e+01
7.493743743699999627e+00,-3.831940714800000336e+01,-3.028108410500000147e+01,-2.368453455199999880e+01,-3.717276890299999792e+01,-2.856894470900000016e+01
7.513753753800000545e+00,-3.816261689099999899e+01,-3.041204657400000144e+01,-2.406378489900000162e+01,-3.837895431199999763e+01,-2.853607957099999837e+01
7.533763763800000568e+00,-3.785460877100000232e+01,-3.265131167300000214e+01,-2.341416574699999842e+01,-3.818690779199999952e+01,-2.885864576000000170e+01
7.553773773800000590e+00,-3.943895034100000174e+01,-3.299388111599999718e+01,-2.396879164099999926e+01,-3.795268648199999717e+01,-2.914467576799999904e+01
7.573783783800000613e+00,-4.241868788099999676e+01,-3.380095736999999900e+01,-2.373720539299999999e+01,-3.835028818800000039e+01,-2.904910014100000026e+01
7.593793793799999747e+00,-3.887329694900000021e+01,-3.495323798300000107e+01,-2.382607061999999942e+01,-3.812205655700000051e+01,-2.936148639299999985e+01
7.613803803799999770e+00,-4.152862305299999690e+01,-3.644761572800000238e+01,-2.374650537600000177e+01,-3.806502689500000258e+01,-2.908549387600000102e+01
7.633813813799999792e+00,-4.262778204300000340e+01,-3.732534922300000346e+01,-2.366426089400000166e+01,-3.793060676900000061e+01,-2.978350111199999972e+01
7.653823823799999815e+00,-4.349833857600000186e+01,-4.164449269499999673e+01,-2.339711536600000130e+01,-3.860529814400000248e+01,-3.005502405100000018e+01
7.673833833799999837e+00,-4.439080812099999918e+01,-4.372217701999999662e+01,-2.397934201900000062e+01,-3.774215352000000223e+01,-3.056957576299999957e+01
7.693843843799999860e+00,-4.427932827000000060e+01,-4.278419178699999748e+01,-2.417751751200000143e+01,-3.831892301900000319e+01,-3.049544597199999885e+01
7.713853853899999891e+00,-4.707366729200000321e+01,-4.195228370499999926e+01,-2.424279608000000152e+01,-3.645877832299999710e+01,-3.049559032899999877e+01
7.733863863899999913e+00,-4.416874499400000076e+01,-3.994497891999999695e+01,-2.484312351199999824e+01,-3.775827138700000063e+01,-3.121243237499999879e+01
7.753873873899999936e+00,-4.748615326800000247e+01,-3.696678205300000286e+01,-2.531209090799999828e+01,-3.934439405700000236e+01,-3.280437019600000070e+01
7.773883883899999958e+00,-5.510004793299999903e+01,-3.527166865000000229e+01,-2.560896483999999873e+01,-3.889180971799999753e+01,-3.304689489199999741e+01
7.793893893899999981e+00,-5.591364644800000150e+01,-3.140420641700000104e+01,-2.583802401200000176e+01,-4.115260921000000138e+01,-3.416128117699999933e+01
7.813903903900000003e+00,-4.604813726100000082e+01,-3.131216452099999970e+01,-2.677968308799999875e+01,-3.899758405699999742e+01,-3.405879937000000268e+01
7.833913913900000026e+00,-4.662280038800000170e+01,-2.917304585000000117e+01,-2.672977887000000052e+01,-4.108126536900000048e+01,-3.503576129100000003e+01
7.853923923900000048e+00,-4.390988522399999994e+01,-2.977042309599999825e+01,-2.737663157300000094e+01,-4.137451149399999650e+01,-3.583038199199999951e+01
7.873933933899999182e+00,-4.016777275500000144e+01,-2.830441616699999940e+01,-2.747856206200000173e+01,-4.317956683399999918e+01,-3.423520266500000275e+01
7.893943943899999205e+00,-3.892707953400000065e+01,-2.814045414099999931e+01,-2.762345446400000171e+01,-4.574060406000000256e+01,-3.548099590199999653e+01
7.913953954000000124e+00,-3.963394630700000221e+01,-2.859867144500000080e+01,-2.795917021300000016e+01,-4.679216954299999998e+01,-3.455589385399999713e+01
7.933963964000000146e+00,-4.005504709499999905e+01,-2.757631932500000005e+01,-2.903517262300000112e+01,-4.787019647399999656e+01,-3.428229360899999989e+01
7.953973974000000169e+00,-3.847816265299999827e+01,-2.825559977800000055e+01,-2.939538700599999999e+01,-4.940339076499999749e+01,-3.472510067900000053e+01
7.973983984000000191e+00,-3.911449538099999756e+01,-2.790746613700000012e+01,-2.979398068200000083e+01,-4.697031901199999737e+01,-3.564751344500000130e+01
7.993993994000000214e+00,-3.545497847499999722e+01,-2.778489369100000062e+01,-3.047671812400000135e+01,-4.706673907799999768e+01,-3.625925551200000285e+01
8.014004004000000236e+00,-3.478125173200000120e+01,-2.765140018900000030e+01,-3.006571661799999973e+01,-4.776693175900000199e+01,-3.448231966200000187e+01
8.034014014000000259e+00,-3.275559404100000194e+01,-2.852132657399999971e+01,-3.081341988400000176e+01,-5.108532175300000233e+01,-3.352678380700000105e+01
8.054024024000000281e+00,-3.571794290900000135e+01,-2.874381526799999875e+01,-3.040091037699999887e+01,-5.847626989999999836e+01,-3.354274752500000290e+01
8.074034034000000304e+00,-3.493045010099999814e+01,-2.816832177099999868e+01,-2.997221322300000068e+01,-5.701088083100000148e+01,-3.228586588400000323e+01
8.094044044000000326e+00,-3.260033106299999872e+01,-2.902957770700000140e+01,-2.928575743700000089e+01,-5.201349362599999893e+01,-3.146513290700000098e+01
8.114054054100000357e+00,-3.263944355600000335e+01,-3.017597548000000174e+01,-3.057434026500000002e+01,-5.121415641899999827e+01,-3.111059149800000156e+01
8.134064064100000380e+00,-3.475476266100000089e+01,-2.930480157699999921e+01,-2.887943682799999934e+01,-5.311758297499999770e+01,-2.937950045899999907e+01
8.154074074100000402e+00,-3.368063095499999804e+01,-3.011999275299999823e+01,-2.961196612999999900e+01,-5.260395001199999854e+01,-3.020014091999999906e+01
8.174084084100000425e+00,-3.359213102500000048e+01,-3.170315729300000029e+01,-2.905661287699999917e+01,-4.694701206199999888e+01,-2.923079977700000143e+01
8.194094094100000447e+00,-3.212173094300000287e+01,-2.962046434599999856e+01,-2.890235274100000140e+01,-5.058672298500000153e+01,-2.891108873599999995e+01
8.214104104100000470e+00,-3.344140353800000298e+01,-3.084619023899999846e+01,-2.918244529500000084e+01,-4.692143337299999928e+01,-2.890165561499999924e+01
8.234114114100000492e+00,-3.410571409700000345e+01,-2.975658987699999969e+01,-2.890937457000000066e+01,-4.753589408900000279e+01,-2.807756326699999860e+01
8.254124124100000515e+00,-3.614595721999999967e+01,-3.048766380200000015e+01,-2.896639587299999974e+01,-5.055110540199999747e+01,-2.807005505900000131e+01
8.274134134100000537e+00,-3.493960789500000175e+01,-3.076093884699999847e+01,-2.963266001899999935e+01,-4.772624292999999795e+01,-2.844194751999999937e+01
8.294144144100000560e+00,-3.538900277799999827e+01,-3.045833784899999941e+01,-2.959008784899999966e+01,-5.548957046799999659e+01,-2.924464541800000106e+01
8.314154154200000590e+00,-3.437744810800000295e+01,-2.964323019900000133e+01,-2.913208107899999888e+01,-4.870926875899999686e+01,-2.947759272700000110e+01
8.334164164200000613e+00,-3.634275936499999915e+01,-3.016377844499999838e+01,-2.948105068699999975e+01,-4.476032181400000098e+01,-2.982442858900000004e+01
8.354174174200000635e+00,-3.659955065199999780e+01,-3.025231113299999919e+01,-3.036968933700000051e+01,-4.432390205099999747e+01,-3.042906742399999942e+01
8.374184184200000658e+00,-3.703315643900000254e+01,-2.882687373399999942e+01,-3.049935929900000176e+01,-4.717211226500000265e+01,-3.070228562300000164e+01
8.394194194200000680e+00,-3.495965509500000223e+01,-2.890311259599999971e+01,-3.013912899900000042e+01,-4.768865847299999672e+01,-3.150051295900000170e+01
8.414204204199998927e+00,-3.353951525000000089e+01,-2.976607770600000080e+01,-3.013016513099999827e+01,-4.916117119999999829e+01,-3.166404921199999833e+01
8.434214214199998949e+00,-3.628169253600000133e+01,-2.929062614600000103e+01,-2.995260358999999895e+01,-4.426761726200000169e+01,-3.207440884500000067e+01
8.454224224199998972e+00,-3.580332361499999649e+01,-2.965366934300000068e+01,-2.921649551699999847e+01,-4.979669172700000246e+01,-3.288438093199999912e+01
8.474234234199998994e+00,-3.613181290499999676e+01,-2.899491179400000007e+01,-3.020051362399999917e+01,-5.008966292299999878e+01,-3.296723726999999826e+01
8.494244244199999017e+00,-3.597481714999999980e+01,-3.020387750300000107e+01,-3.023372229900000008e+01,-4.497115110000000016e+01,-3.375125172500000303e+01
8.514254254300000824e+00,-3.718048668800000200e+01,-3.072687827900000102e+01,-3.029045324699999853e+01,-6.529124467699999457e+01,-3.741963947699999693e+01
8.534264264300000846e+00,-3.552846180899999950e+01,-2.904838488800000107e+01,-2.978330416300000039e+01,-5.323033765499999959e+01,-3.493922327100000302e+01
8.554274274300000869e+00,-3.573629114999999956e+01,-3.099685232399999890e+01,-3.037888404999999992e+01,-4.791481908000000089e+01,-3.503208128200000004e+01
8.574284284300000891e+00,-3.538897638099999909e+01,-3.097158081999999979e+01,-2.987791878199999829e+01,-4.801057729800000118e+01,-3.538055765899999727e+01
8.594294294299999137e+00,-3.425049735999999712e+01,-2.957835854500000039e+01,-2.990773733800000045e+01,-4.435502911999999753e+01,-3.630178344000000124e+01
8.614304304299999160e+00,-3.641152696300000002e+01,-3.101682047299999923e+01,-2.994516239600000063e+01,-4.690151271399999899e+01,-3.763276595300000338e+01
8.634314314299999182e+00,-3.290794858099999942e+01,-3.087986045699999949e+01,-3.042452684899999937e+01,-4.578613439600000135e+01,-3.830072109399999647e+01
8.654324324299999205e+00,-3.507636831899999663e+01,-2.978738167399999881e+01,-2.976263804299999904e+01,-4.967088381199999958e+01,-3.765153391500000168e+01
8.674334334299999227e+00,-3.707018634199999951e+01,-2.936976608200000172e+01,-3.104333150300000099e+01,-4.357528342799999876e+01,-3.844568431999999802e+01
8.694344344299999250e+00,-3.670237541000000192e+01,-2.992244496900000073e+01,-3.109798203200000088e+01,-4.604754152099999942e+01,-3.799268513199999830e+01
8.714354354399999281e+00,-3.746035565100000042e+01,-3.021340823999999969e+01,-3.070053307899999950e+01,-4.261818624099999653e+01,-4.077614224199999882e+01
8.734364364399999303e+00,-3.851661774299999763e+01,-2.964929589100000129e+01,-3.109891225599999842e+01,-4.001108364800000317e+01,-4.491859310299999919e+01
8.754374374399999326e+00,-3.804228355499999736e+01,-3.002349710900000090e+01,-3.028847714999999852e+01,-4.022001997899999992e+01,-4.208289188900000255e+01
8.774384384399999348e+00,-4.036067657099999906e+01,-3.009108359600000071e+01,-3.058501660499999986e+01,-4.104981573399999917e+01,-4.876525050699999753e+01
8.794394394399999371e+00,-4.047225746099999810e+01,-2.911595494799999884e+01,-2.999619065299999932e+01,-3.980292592800000051e+01,-4.197770810600000146e+01
8.814404404399999393e+00,-3.560376796500000296e+01,-3.031314853599999992e+01,-2.948005528399999875e+01,-4.367993821000000310e+01,-3.828625885000000295e+01
8.834414414399999416e+00,-3.548777799500000185e+01,-3.014509252399999895e+01,-2.966256461700000102e+01,-4.659736878500000046e+01,-3.897174860399999829e+01
8.854424424399999438e+00,-3.779618850199999969e+01,-3.034156149000000013e+01,-3.021514697399999960e+01,-3.721708908899999813e+01,-3.504564270800000259e+01
8.874434434399999461e+00,-3.390262782700000344e+01,-2.965808766199999980e+01,-2.970084618399999954e+01,-4.014647363400000302e+01,-3.233832022800000061e+01
8.894444444399999483e+00,-3.733308268799999752e+01,-2.968328047600000019e+01,-3.077045689699999897e+01,-4.007485801199999997e+01,-3.228760665499999760e+01
8.914454454499999514e+00,-3.377787423000000189e+01,-3.168648137399999953e+01,-2.943541615099999831e+01,-4.295198677599999826e+01,-3.082858727900000062e+01
8.934464464499999536e+00,-3.478420111300000173e+01,-3.087643753100000055e+01,-2.969794171299999874e+01,-5.167770023100000287e+01,-2.994267032500000170e+01
8.954474474499999559e+00,-3.454373889400000053e+01,-3.109042110200000053e+01,-2.930976628399999839e+01,-4.083452073899999846e+01,-2.962324853399999824e+01
8.974484484499999581e+00,-3.429917221299999852e+01,-3.140527272599999975e+01,-2.844932669599999997e+01,-4.622740469200000035e+01,-2.874146280400000109e+01
8.994494494499999604e+00,-3.447001493999999866e+01,-3.155672760499999896e+01,-2.775756298599999994e+01,-4.213029440500000078e+01,-2.981420914399999944e+01
9.014504504499999626e+00,-3.555259197200000187e+01,-2.985155779000000109e+01,-2.789382509800000065e+01,-3.697587599399999903e+01,-2.834955540400000018e+01
9.034514514499999649e+00,-3.366764014500000002e+01,-3.110294330099999982e+01,-2.712631048000000078e+01,-3.683643067900000290e+01,-2.868858621700000100e+01
9.054524524499999671e+00,-3.400803155100000197e+01,-3.022989416400000096e+01,-2.719305781599999960e+01,-3.797056297700000016e+01,-2.899623326700000092e+01
9.074534534499999694e+00,-3.417245168400000210e+01,-3.288443075499999679e+01,-2.707785503299999874e+01,-3.767173984299999745e+01,-2.879976350800000162e+01
9.094544544499999716e+00,-3.265120181700000046e+01,-3.261389121399999880e+01,-2.755054378199999832e+01,-3.786804396899999858e+01,-2.848535453599999911e+01
9.114554554599999747e+00,-3.403184065599999997e+01,-3.466887414299999648e+01,-2.719645258899999973e+01,-3.564371383499999979e+01,-2.929301576299999965e+01
9.134564564599999770e+00,-3.522411223600000341e+01,-3.585138535200000121e+01,-2.730956227200000086e+01,-3.734777904700000306e+01,-2.930837600899999984e+01
9.154574574599999792e+00,-3.213615019499999903e+01,-3.838542525300000108e+01,-2.709673668900000010e+01,-3.751978045999999978e+01,-2.908961860799999855e+01
9.174584584599999815e+00,-3.255300101299999938e+01,-3.808256431400000253e+01,-2.727796439500000147e+01,-3.852021647600000165e+01,-2.901803596099999893e+01
9.194594594599999837e+00,-3.547003158300000081e+01,-4.025499822900000169e+01,-2.724823132599999909e+01,-4.033385152999999690e+01,-2.983214617899999865e+01
9.214604604599999860e+00,-3.591358616899999845e+01,-3.555752110099999896e+01,-2.786783546699999903e+01,-3.954944867900000105e+01,-2.847199036199999966e+01
9.234614614599999882e+00,-3.269335247299999736e+01,-3.672996423000000021e+01,-2.789684196800000038e+01,-4.170803423099999918e+01,-2.931134408500000177e+01
9.254624624599999905e+00,-3.809040252999999865e+01,-3.540073543399999778e+01,-2.898078557599999883e+01,-4.006435023499999915e+01,-2.916616580299999839e+01
9.274634634599999927e+00,-3.826460794300000146e+01,-3.671212369500000250e+01,-2.960425524700000111e+01,-4.148076203200000123e+01,-2.904099886099999850e+01
9.294644644599999950e+00,-3.730753763300000259e+01,-3.294866354300000211e+01,-2.909203863100000120e+01,-4.274790279599999820e+01,-2.798467047899999827e+01
9.314654654699999980e+00,-3.819164436300000176e+01,-3.500392850200000083e+01,-3.056609852000000060e+01,-4.266565881399999682e+01,-2.819836715799999993e+01
9.334664664700000003e+00,-4.324888175200000262e+01,-3.436808503599999653e+01,-3.039349480299999939e+01,-4.628190157600000276e+01,-2.819379859000000010e+01
9.354674674700000025e+00,-4.483048305399999833e+01,-3.515989427099999887e+01,-3.240224299599999824e+01,-3.884242196400000324e+01,-2.829065062200000114e+01
9.374684684700000048e+00,-4.199863673000000119e+01,-3.419822733200000187e+01,-3.397862424699999906e+01,-3.779808847799999683e+01,-2.768168381099999920e+01
9.394694694700000070e+00,-3.935860551599999724e+01,-3.288240761499999820e+01,-3.533162706600000291e+01,-4.311117760700000190e+01,-2.699382164900000092e+01
9.414704704700000093e+00,-4.172932842200000181e+01,-3.972631475600000073e+01,-3.528594163399999672e+01,-3.709408646699999679e+01,-2.723408043299999903e+01
9.434714714700000115e+00,-5.748466915400000232e+01,-3.727478709300000048e+01,-3.675819472199999893e+01,-3.893665984999999807e+01,-2.733393829499999939e+01
9.454724724700000138e+00,-4.331482124800000122e+01,-3.407803306499999962e+01,-3.783125020800000016e+01,-3.717298576999999682e+01,-2.791637060900000122e+01
9.474734734700000161e+00,-3.849393887299999761e+01,-3.504192522000000309e+01,-3.912806962999999882e+01,-3.884710508300000242e+01,-2.816426765799999998e+01
9.494744744700000183e+00,-4.176274568600000237e+01,-3.807864760199999665e+01,-4.606769329699999815e+01,-3.501812969299999878e+01,-2.815560576800000092e+01
9.514754754799998437e+00,-3.859850760799999847e+01,-3.677486615600000164e+01,-4.406552694700000217e+01,-3.601218355000000315e+01,-2.839653867999999903e+01
9.534764764799998460e+00,-4.060036498099999847e+01,-3.605086116799999729e+01,-4.631672674499999687e+01,-3.833958739900000268e+01,-2.885143336100000155e+01
9.554774774799998482e+00,-4.241654760400000157e+01,-4.230856728100000197e+01,-5.421426808900000083e+01,-3.560509108699999814e+01,-3.139790374900000103e+01
9.574784784799998505e+00,-4.212820104800000109e+01,-3.934773515700000246e+01,-4.241332215500000302e+01,-3.524986776699999780e+01,-3.038666725499999899e+01
9.594794794799998527e+00,-3.870772162499999780e+01,-3.628224240200000139e+01,-3.839088051499999921e+01,-3.730523515099999798e+01,-3.210442767100000339e+01
9.614804804799998550e+00,-4.595036229200000122e+01,-3.578885657200000026e+01,-3.759362359099999651e+01,-3.545774656799999747e+01,-3.159736008100000149e+01
9.634814814799998572e+00,-4.172613131100000317e+01,-3.648884811199999945e+01,-3.561370257400000128e+01,-3.444428835299999747e+01,-3.203689683700000046e+01
9.654824824799998595e+00,-4.690325754900000277e+01,-3.675899815399999682e+01,-3.954195308999999980e+01,-3.548758588399999780e+01,-3.236583225100000050e+01
9.674834834799998617e+00,-4.279671518100000327e+01,-3.647739661600000005e+01,-3.726961083700000188e+01,-3.562111865300000346e+01,-3.553236415800000003e+01
9.694844844799998640e+00,-4.170579648100000014e+01,-3.342832940800000330e+01,-3.540219824300000084e+01,-3.347040292500000191e+01,-3.512098105999999831e+01
9.714854854900000447e+00,-4.538778898799999695e+01,-3.484887721799999838e+01,-3.517525982800000151e+01,-3.490734931000000074e+01,-3.931656588300000266e+01
9.734864864900000470e+00,-3.940134399000000087e+01,-3.487362142300000301e+01,-3.440765688100000119e+01,-3.736038313099999897e+01,-3.692726265499999982e+01
9.754874874900000492e+00,-4.408458040099999664e+01,-4.121026018100000243e+01,-3.331906504100000177e+01,-3.850946993400000196e+01,-3.551505682999999891e+01
9.774884884899998738e+00,-4.427875568599999667e+01,-3.374552952900000236e+01,-3.255457743899999912e+01,-3.645228943000000044e+01,-3.722369045599999993e+01
9.794894894899998761e+00,-4.505997526600000214e+01,-3.557601387199999721e+01,-3.267237386499999729e+01,-3.750310353199999724e+01,-3.671462333899999919e+01
9.814904904899998783e+00,-4.445099841900000115e+01,-3.577803839100000260e+01,-3.351468150499999865e+01,-3.872228271699999880e+01,-3.771616176999999936e+01
9.834914914899998806e+00,-4.449027751700000266e+01,-3.395916890200000182e+01,-3.100629508200000117e+01,-4.081684460700000017e+01,-3.458648696899999919e+01
9.854924924899998828e+00,-3.732088396900000049e+01,-3.262296648200000249e+01,-3.346718364499999865e+01,-4.035182184100000313e+01,-3.519931548600000326e+01
9.874934934899998851e+00,-3.708863656799999831e+01,-3.602993447299999730e+01,-3.148720444199999946e+01,-4.100281018100000097e+01,-3.379586175099999679e+01
9.894944944899998873e+00,-3.770270520300000072e+01,-3.398912811000000289e+01,-3.034397621999999828e+01,-3.812333012799999921e+01,-3.293293802899999889e+01
9.914954955000000680e+00,-3.465413594399999653e+01,-3.211299483999999893e+01,-3.095282447599999998e+01,-3.790648278300000129e+01,-3.202664722099999750e+01
9.934964965000000703e+00,-3.349940793799999739e+01,-3.060088423299999860e+01,-3.141956169699999890e+01,-3.593837957499999902e+01,-3.340514274299999897e+01
9.954974975000000725e+00,-3.263095605400000210e+01,-3.105954669699999826e+01,-3.275687273399999810e+01,-3.468726353699999976e+01,-3.263393944500000288e+01
9.974984985000000748e+00,-3.756890564399999732e+01,-3.349681837699999676e+01,-3.154237001199999924e+01,-3.364395318100000054e+01,-3.141219793999999865e+01
9.994994995000000770e+00,-3.253354226599999777e+01,-3.012869379300000006e+01,-3.019767824799999900e+01,-3.556961801199999940e+01,-3.108151940100000132e+01
1.001500500500000079e+01,-3.383071388300000137e+01,-3.150860514500000065e+01,-3.121529592899999983e+01,-3.315372107000000312e+01,-3.360397275599999745e+01
1.003501501500000082e+01,-3.325107715800000108e+01,-3.213370076100000006e+01,-3.046302142200000063e+01,-3.239754902800000025e+01,-3.206702122000000088e+01
1.005502502500000084e+01,-3.365834816000000274e+01,-3.023540959199999989e+01,-3.014405404800000099e+01,-3.176048789900000102e+01,-3.027037857899999906e+01
1.007503503500000086e+01,-3.620214888499999972e+01,-3.373876070000000027e+01,-3.254158785999999992e+01,-3.296290689199999946e+01,-3.235573431099999908e+01
1.009504504500000088e+01,-3.154476607200000160e+01,-3.366386279900000034e+01,-3.001899174400000092e+01,-3.154670488300000031e+01,-3.015559065300000086e+01
1.011505505499999913e+01,-3.301428046800000260e+01,-3.302048750899999874e+01,-3.156844371800000104e+01,-3.255407804099999680e+01,-3.088832964699999906e+01
1.013506506499999915e+01,-3.617157490299999978e+01,-3.265542064699999969e+01,-3.074378034100000079e+01,-3.374372481399999657e+01,-2.810237238899999923e+01
1.015507507499999917e+01,-3.577175853100000325e+01,-2.955411285399999954e+01,-2.934485332499999899e+01,-3.230559214099999821e+01,-2.918834923100000012e+01
1.017508508499999920e+01,-3.590770943300000084e+01,-2.926796483600000087e+01,-2.880945304200000123e+01,-3.175140271600000119e+01,-2.752212880800000150e+01
1.019509509499999922e+01,-3.552510855700000292e+01,-3.103960451400000053e+01,-2.931505564600000113e+01,-3.124960792299999923e+01,-2.718559190099999867e+01
1.021510510499999924e+01,-3.244656077100000147e+01,-3.098509755299999924e+01,-2.833933601300000049e+01,-3.110979863100000031e+01,-2.635136656899999963e+01
1.023511511499999926e+01,-3.174110946500000097e+01,-3.312484513999999791e+01,-2.809913588899999937e+01,-3.189395189500000072e+01,-2.657602621099999851e+01
1.025512512499999929e+01,-3.196050097799999890e+01,-3.112114710899999892e+01,-2.764384052100000133e+01,-3.266352128199999783e+01,-2.726524763700000165e+01
1.027513513499999931e+01,-3.840656550599999974e+01,-3.247596997299999799e+01,-2.725325458000000012e+01,-3.199351648400000059e+01,-2.700291765000000055e+01
1.029514514499999933e+01,-3.522719444300000191e+01,-3.312933975800000042e+01,-2.812039616799999919e+01,-3.190051720599999996e+01,-2.867477594500000038e+01
1.031515515499999935e+01,-3.772420034200000316e+01,-3.099676824300000177e+01,-2.669209015099999860e+01,-3.320014376400000344e+01,-2.852260212399999872e+01
1.033516516499999938e+01,-3.561370941999999928e+01,-3.242519209000000302e+01,-2.704519546599999913e+01,-3.515097385800000040e+01,-2.824903586299999958e+01
1.035517517499999940e+01,-3.691386231500000292e+01,-2.977127323599999897e+01,-2.885593196800000015e+01,-3.657791789299999863e+01,-2.909613498099999873e+01
1.037518518499999942e+01,-3.618304328699999672e+01,-2.865136949200000061e+01,-2.908710463099999899e+01,-3.547669982600000083e+01,-2.949824954199999993e+01
1.039519519499999944e+01,-3.389136395500000276e+01,-3.003479752599999841e+01,-2.724309334799999860e+01,-3.453848740000000106e+01,-3.058415162400000042e+01
1.041520520499999947e+01,-3.221284922200000267e+01,-2.807005002200000021e+01,-2.817896894100000083e+01,-3.648745150199999898e+01,-3.247384427200000090e+01
1.043521521499999949e+01,-3.277428803899999821e+01,-3.085633609699999980e+01,-2.864959106999999960e+01,-3.516307945399999824e+01,-3.227833245600000112e+01
1.045522522499999951e+01,-3.365906003199999930e+01,-3.182388445799999843e+01,-2.919409494199999955e+01,-3.355326779800000025e+01,-3.234156299400000023e+01
1.047523523499999953e+01,-3.077645368700000006e+01,-3.075952961400000163e+01,-2.797367323099999936e+01,-3.764692205699999761e+01,-3.252921880299999913e+01
1.049524524499999956e+01,-3.357826772699999651e+01,-2.708067162900000113e+01,-2.773763599600000163e+01,-3.293233958900000147e+01,-3.313700378200000074e+01
1.051525525499999958e+01,-3.600647789700000345e+01,-2.998942745300000112e+01,-2.861046287099999930e+01,-3.197169722800000002e+01,-3.491674170800000354e+01
1.053526526499999960e+01,-3.316126469499999985e+01,-3.341568244999999848e+01,-2.993353341999999984e+01,-3.481049780499999713e+01,-3.207662268699999686e+01
1.055527527499999962e+01,-3.492329410400000000e+01,-3.054440575599999974e+01,-3.172051427499999932e+01,-3.528549542999999744e+01,-3.403863783999999981e+01
1.057528528499999965e+01,-3.234096987299999881e+01,-3.130910913499999992e+01,-3.249256268300000272e+01,-3.525503760800000208e+01,-3.489069345600000105e+01
1.059529529499999967e+01,-3.331745383900000235e+01,-2.964991188699999825e+01,-3.075145319099999952e+01,-3.370340627400000244e+01,-3.055418754500000134e+01
1.061530530499999969e+01,-4.332674115799999726e+01,-3.077622044700000004e+01,-3.110351221499999852e+01,-3.410651945299999710e+01,-3.398464802899999881e+01
1.063531531499999971e+01,-3.327356761699999765e+01,-3.189220960899999824e+01,-2.846486628899999971e+01,-3.774838482900000258e+01,-3.374521018400000116e+01
1.065532532499999974e+01,-2.968157823099999959e+01,-3.010830288900000085e+01,-2.935067979000000093e+01,-3.487193431800000099e+01,-3.599512495399999779e+01
1.067533533499999976e+01,-3.189001074800000168e+01,-2.971463470599999823e+01,-2.905965737800000070e+01,-3.635694716500000112e+01,-3.464656099300000136e+01
1.069534534499999978e+01,-3.195902267099999960e+01,-3.141149715599999936e+01,-2.853927811000000148e+01,-3.718085236200000310e+01,-3.441285657600000292e+01
1.071535535499999980e+01,-3.165700767099999879e+01,-2.992170720800000083e+01,-2.771839105700000161e+01,-3.615043467699999979e+01,-3.410800635799999725e+01
1.073536536499999983e+01,-3.367195218300000192e+01,-2.868875420999999903e+01,-2.840648547199999996e+01,-3.569664475599999776e+01,-3.739874774500000143e+01
1.075537537499999985e+01,-3.598819301200000353e+01,-3.020641022099999873e+01,-3.225930557000000221e+01,-3.449014354799999893e+01,-3.790506409599999671e+01
1.077538538499999987e+01,-3.109690236799999852e+01,-2.559633009299999884e+01,-2.848259258199999877e+01,-2.964984989699999929e+01,-4.013309077000000258e+01
1.079539539499999989e+01,-4.041128803699999850e+01,-2.918019371200000123e+01,-2.853314932700000028e+01,-3.299469744000000304e+01,-3.398871098800000112e+01
1.081540540499999992e+01,-3.582472674800000334e+01,-2.963107133899999823e+01,-2.945362709300000148e+01,-3.055721903699999942e+01,-3.369745425699999686e+01
1.083541541499999994e+01,-4.374019437300000135e+01,-3.190730245299999979e+01,-2.763557426599999900e+01,-2.889500905099999883e+01,-3.438370276999999930e+01
1.085542542499999996e+01,-3.985466437699999886e+01,-2.495543078900000111e+01,-2.673842694600000058e+01,-2.876274409000000176e+01,-3.350033814500000062e+01
1.087543543499999998e+01,-4.493113642299999810e+01,-3.448038173599999823e+01,-2.763345448999999832e+01,-2.913320455899999928e+01,-3.217581528600000240e+01
1.089544544500000001e+01,-4.779455446600000101e+01,-3.045944820000000064e+01,-2.687650774700000156e+01,-2.832565863800000017e+01,-3.087148082899999935e+01
1.091545545500000003e+01,-4.056510410799999988e+01,-3.334418133500000181e+01,-2.830709745100000063e+01,-2.861380293399999886e+01,-3.408662217900000257e+01
1.093546546500000005e+01,-3.605895002199999766e+01,-3.326290720200000095e+01,-2.852336433400000004e+01,-2.707378028700000172e+01,-3.709490721000000235e+01
1.095547547500000007e+01,-3.859512131500000010e+01,-3.170132944099999861e+01,-2.583777475999999851e+01,-2.585566982499999966e+01,-3.515455149499999976e+01
1.097548548500000010e+01,-3.616329521499999800e+01,-4.234855346700000212e+01,-2.754594322399999839e+01,-2.697149582400000156e+01,-3.530599976500000281e+01
1.099549549500000012e+01,-3.899791005099999808e+01,-3.602498392900000113e+01,-2.807738070699999966e+01,-2.869336043099999856e+01,-3.625418896600000096e+01
1.101550550600000022e+01,-3.810383340700000332e+01,-3.482507800500000172e+01,-2.790536177699999953e+01,-2.868223673099999971e+01,-3.408884598400000243e+01
1.103551551600000025e+01,-3.564317620599999969e+01,-4.602704345899999794e+01,-2.788278107900000080e+01,-2.722156699700000004e+01,-3.780768703999999758e+01
1.105552552600000027e+01,-3.319810945799999757e+01,-4.077836072200000217e+01,-2.681923351000000011e+01,-2.817562123000000085e+01,-3.761261590899999874e+01
1.107553553600000029e+01,-3.219907704199999898e+01,-3.467372248699999915e+01,-2.626041731100000121e+01,-2.747922967299999897e+01,-3.591564008699999988e+01
1.109554554600000031e+01,-3.648951894399999674e+01,-4.224378672600000328e+01,-2.637360553399999930e+01,-2.774456454899999969e+01,-3.721494180500000226e+01
1.111555555600000034e+01,-3.510158164799999980e+01,-4.314089576100000301e+01,-2.614029620599999859e+01,-2.829427968199999910e+01,-3.765901236500000238e+01
1.113556556600000036e+01,-3.292383164999999678e+01,-3.770524751199999969e+01,-2.629432316999999841e+01,-3.056990514399999981e+01,-4.626411835100000047e+01
1.115557557600000038e+01,-3.463952504800000298e+01,-3.867707737399999957e+01,-2.694169011600000019e+01,-2.960511483699999857e+01,-3.901373269799999832e+01
1.117558558600000040e+01,-3.512028543699999972e+01,-3.632367357500000082e+01,-2.695566635599999827e+01,-3.007361033700000164e+01,-3.715275959400000261e+01
1.119559559600000043e+01,-4.688899130499999757e+01,-3.347807244100000190e+01,-2.681339476599999827e+01,-2.988025509499999899e+01,-3.802728971700000216e+01
1.121560560600000045e+01,-3.921758186000000279e+01,-3.321645297399999919e+01,-2.746949225799999894e+01,-2.863443276399999959e+01,-3.268616331599999825e+01
1.123561561600000047e+01,-3.687425603100000160e+01,-3.354073055599999975e+01,-2.700179287099999925e+01,-2.988723628099999985e+01,-3.427407501300000092e+01
1.125562562600000049e+01,-3.087810550900000095e+01,-3.340164804599999826e+01,-2.607828818699999829e+01,-2.668593502099999881e+01,-3.173794579200000143e+01
1.127563563600000052e+01,-3.283397713499999782e+01,-3.357718687399999880e+01,-2.761053729300000015e+01,-2.723089819599999828e+01,-3.316193426499999930e+01
1.129564564600000054e+01,-3.566143089399999866e+01,-3.602342609899999815e+01,-2.628799803000000068e+01,-2.701715629699999965e+01,-3.135570174900000140e+01
1.131565565600000056e+01,-3.247098107000000056e+01,-3.247041161599999981e+01,-2.752442982399999849e+01,-2.692023109699999850e+01,-2.957771532900000011e+01
1.133566566600000058e+01,-3.214189799799999747e+01,-3.343009888600000323e+01,-2.783996698300000006e+01,-2.624504651100000174e+01,-2.980659474899999850e+01
1.135567567600000061e+01,-3.289142874499999891e+01,-3.337614565500000197e+01,-2.696710971699999959e+01,-2.590124827400000029e+01,-3.024541304699999955e+01
1.137568568600000063e+01,-3.688020079999999723e+01,-3.161167416500000016e+01,-2.902209686899999852e+01,-2.487319810900000050e+01,-2.864280441800000077e+01
1.139569569600000065e+01,-3.217528658900000238e+01,-3.503902235300000001e+01,-2.744222969000000134e+01,-2.440329446499999833e+01,-3.043262750599999933e+01
1.141570570600000067e+01,-3.046526950499999842e+01,-3.148268021899999880e+01,-2.812478871800000135e+01,-2.553744848699999892e+01,-3.068185217799999975e+01
1.143571571600000070e+01,-3.564184370600000307e+01,-2.901804684100000031e+01,-2.787167415500000089e+01,-2.359717359200000075e+01,-2.962641294999999886e+01
1.145572572600000072e+01,-3.830541958999999963e+01,-3.002067295399999836e+01,-2.885814576900000006e+01,-2.579846996699999906e+01,-2.803169326100000092e+01
1.147573573600000074e+01,-4.017085679000000198e+01,-3.226486519000000186e+01,-2.791956622400000043e+01,-2.439124884199999954e+01,-3.089725293500000092e+01
1.149574574600000076e+01,-3.688908649700000097e+01,-2.915841584400000031e+01,-2.722220459800000114e+01,-2.388875964900000071e+01,-2.828596186000000046e+01
1.151575575600000079e+01,-3.246466747000000197e+01,-3.279765708400000079e+01,-2.708334121300000064e+01,-2.456690773300000075e+01,-2.842992308999999906e+01
1.153576576600000081e+01,-4.114365148899999980e+01,-3.373149109799999934e+01,-2.787386692400000143e+01,-2.458946033999999869e+01,-2.888598914900000025e+01
1.155577577600000083e+01,-3.548274159300000008e+01,-2.698340347899999969e+01,-2.825201467500000163e+01,-2.446986896399999978e+01,-2.891455825099999899e+01
1.157578578600000085e+01,-3.549031537700000172e+01,-3.111379258199999853e+01,-2.838382461300000159e+01,-2.412239159599999994e+01,-3.181248932999999823e+01
1.159579579600000088e+01,-3.295575897700000212e+01,-3.175378767300000149e+01,-2.700691059000000038e+01,-2.420406281500000034e+01,-2.949034738900000008e+01
1.161580580599999912e+01,-3.579060955799999988e+01,-3.351688543400000242e+01,-2.850672101700000027e+01,-2.477595546499999912e+01,-3.139537168100000031e+01
1.163581581599999915e+01,-4.166230726199999879e+01,-3.829370725500000106e+01,-2.879076517300000049e+01,-2.509606320199999985e+01,-3.066736102400000163e+01
1.165582582599999917e+01,-3.896749280499999912e+01,-3.110498710899999963e+01,-2.971218900199999879e+01,-2.402580550000000059e+01,-3.230542007300000051e+01
1.167583583599999919e+01,-4.695109217800000323e+01,-3.183281806500000144e+01,-2.953673631899999918e+01,-2.424342126699999866e+01,-3.349782553800000073e+01
1.169584584599999921e+01,-4.199929038199999809e+01,-3.250717878599999722e+01,-2.946353063800000172e+01,-2.479379452499999914e+01,-3.046348685299999914e+01
1.171585585599999924e+01,-3.845484884199999698e+01,-3.187751723799999937e+01,-3.068408162700000119e+01,-2.479402928200000034e+01,-3.107330282499999896e+01
1.173586586599999926e+01,-3.953615597999999665e+01,-3.361380683299999816e+01,-3.284302558099999914e+01,-2.621435618800000000e+01,-3.168810374199999913e+01
1.175587587599999928e+01,-3.984322818799999766e+01,-2.976477517400000039e+01,-3.544781569700000290e+01,-2.667472952199999980e+01,-3.348457785699999789e+01
1.177588588599999930e+01,-4.666622576400000355e+01,-3.283411028900000161e+01,-3.512060097500000211e+01,-2.495228384800000043e+01,-3.247090366500000158e+01
1.179589589599999933e+01,-4.348410619599999904e+01,-3.359954110200000343e+01,-3.315179560400000014e+01,-2.657405307200000166e+01,-3.409609819500000327e+01
1.181590590599999935e+01,-4.145121215500000034e+01,-2.900618325099999950e+01,-3.164623366300000029e+01,-2.533455927900000049e+01,-3.283307966600000327e+01
1.183591591599999937e+01,-4.116748689500000324e+01,-3.192980007299999912e+01,-3.152430377199999967e+01,-2.667859959600000153e+01,-3.339932827500000201e+01
1.185592592599999939e+01,-4.906193659600000245e+01,-3.106285969700000038e+01,-3.449063983500000319e+01,-2.524674084999999835e+01,-3.116607273900000052e+01
1.187593593599999942e+01,-4.322485379999999822e+01,-3.112296840999999858e+01,-3.400193014300000272e+01,-2.465596881700000154e+01,-3.000189513500000160e+01
1.189594594599999944e+01,-3.447807301800000346e+01,-3.340764329000000288e+01,-3.696343017499999917e+01,-2.550365862099999958e+01,-3.113153514100000052e+01
1.191595595599999946e+01,-4.543909170599999925e+01,-3.258486834800000054e+01,-3.504321463499999822e+01,-2.514696941300000077e+01,-3.288823918700000348e+01
1.193596596599999948e+01,-2.946417137099999906e+01,-3.450304129700000288e+01,-4.290880092500000131e+01,-2.561249299500000021e+01,-2.961502763100000024e+01
1.195597597599999951e+01,-4.123982960899999739e+01,-3.642033174699999876e+01,-3.731090750700000314e+01,-2.523746176099999872e+01,-3.153383107699999854e+01
1.197598598599999953e+01,-2.831454275999999837e+01,-3.714320146699999725e+01,-4.037573256200000316e+01,-2.660418623099999991e+01,-3.100370004599999874e+01
1.199599599599999955e+01,-3.301192568300000119e+01,-3.705434216700000150e+01,-4.083216451300000216e+01,-2.474709845399999963e+01,-3.418207598099999700e+01
1.201600600599999957e+01,-3.259668503000000328e+01,-4.631416518500000024e+01,-3.878866225099999809e+01,-2.658926296699999980e+01,-3.571994763899999725e+01
1.203601601599999960e+01,-2.955783470700000137e+01,-3.523489864399999760e+01,-3.768625876200000135e+01,-2.541852444399999911e+01,-3.767296147199999723e+01
1.205602602599999962e+01,-3.861205306600000142e+01,-3.922963970499999675e+01,-3.428502572899999734e+01,-2.445755425200000133e+01,-3.430088327499999679e+01
1.207603603599999964e+01,-3.779403326500000304e+01,-5.205430810600000058e+01,-3.499355897499999912e+01,-2.584138264899999982e+01,-3.551073220899999683e+01
1.209604604599999966e+01,-3.395777991599999979e+01,-4.054418341299999895e+01,-3.047340738700000173e+01,-2.495029583899999892e+01,-4.916985799999999784e+01
1.211605605599999969e+01,-3.512562055299999741e+01,-4.488363832000000286e+01,-3.698993910899999804e+01,-2.547553986599999831e+01,-3.960187294899999699e+01
1.213606606599999971e+01,-4.065261313300000268e+01,-3.541202175400000129e+01,-3.249308887699999815e+01,-2.472666761199999996e+01,-3.890165984200000082e+01
1.215607607599999973e+01,-3.401118081500000301e+01,-3.125902488699999893e+01,-3.543113497699999925e+01,-2.389725370000000026e+01,-4.463203943799999962e+01
1.217608608599999975e+01,-3.922762689900000055e+01,-3.115472930500000004e+01,-3.791882806499999958e+01,-2.514195848399999988e+01,-4.020412664399999869e+01
1.219609609599999978e+01,-3.232704934699999910e+01,-3.589625019199999656e+01,-3.423951980399999684e+01,-2.592844123800000133e+01,-5.453136478799999765e+01
1.221610610599999980e+01,-3.363216497500000202e+01,-4.041928298100000205e+01,-3.232907838900000286e+01,-2.447949932099999870e+01,-4.164254683000000057e+01
1.223611611599999982e+01,-3.506635415899999941e+01,-3.617370365400000054e+01,-3.410322613000000302e+01,-2.599544179100000107e+01,-3.813558086500000144e+01
1.225612612599999984e+01,-4.015402886999999765e+01,-3.160673929700000073e+01,-3.176488947500000037e+01,-2.741606413699999933e+01,-3.959834313700000052e+01
1.227613613599999987e+01,-3.469945125099999927e+01,-2.929961335100000142e+01,-3.114240417899999969e+01,-2.630270787399999932e+01,-4.509540286099999662e+01
1.229614614599999989e+01,-3.194129120599999894e+01,-3.053581133200000153e+01,-3.382829827399999800e+01,-2.811872285899999824e+01,-4.127140228799999733e+01
1.231615615599999991e+01,-3.849359338299999678e+01,-3.525991602700000271e+01,-4.097389855699999828e+01,-2.610777682399999833e+01,-3.425834804299999803e+01
1.233616616599999993e+01,-4.282339542999999793e+01,-3.262508837099999681e+01,-3.476588236700000323e+01,-2.805117557399999839e+01,-3.359728943199999662e+01
1.235617617599999996e+01,-3.354711173100000110e+01,-3.268421168199999727e+01,-3.334067180499999949e+01,-2.880579064399999822e+01,-3.617039986799999696e+01
1.237618618599999998e+01,-3.061452713799999970e+01,-3.029890183799999903e+01,-3.760864322199999776e+01,-3.031242282999999915e+01,-3.259594898000000285e+01
1.239619619600000000e+01,-3.647155364000000333e+01,-3.006978543500000001e+01,-3.603224931500000139e+01,-2.726710475400000178e+01,-3.377537274499999853e+01
1.241620620600000002e+01,-3.592331684399999858e+01,-3.790174568799999832e+01,-3.992622217000000262e+01,-2.979253787100000039e+01,-2.899108442800000063e+01
1.243621621600000005e+01,-2.877011016699999857e+01,-3.360154725400000331e+01,-3.313239840500000355e+01,-2.831956795600000021e+01,-3.156741111199999850e+01
1.245622622600000007e+01,-3.382640911899999736e+01,-3.226334240700000322e+01,-3.461272287599999942e+01,-2.888763042600000119e+01,-3.069977534599999913e+01
1.247623623600000009e+01,-2.867803356299999962e+01,-3.857854757399999812e+01,-3.117771214600000107e+01,-3.165728166699999946e+01,-3.006612630100000061e+01
1.249624624600000011e+01,-3.719745568999999819e+01,-3.993580707499999960e+01,-3.042357034999999854e+01,-2.926891074799999970e+01,-2.973310920699999826e+01
1.251625625600000014e+01,-3.249173240799999718e+01,-3.791073305300000129e+01,-3.518485665200000057e+01,-3.133529290299999914e+01,-2.996937345899999983e+01
1.253626626600000016e+01,-3.402404848999999842e+01,-3.779052207699999855e+01,-3.337984521500000312e+01,-3.132312866199999846e+01,-2.998990520599999954e+01
1.255627627600000018e+01,-3.139834754099999969e+01,-3.444997039599999766e+01,-3.317254729199999730e+01,-3.070798983999999976e+01,-2.700305689500000028e+01
1.257628628600000020e+01,-3.612185191500000059e+01,-3.420908123499999931e+01,-3.015137049799999858e+01,-3.593255556300000109e+01,-2.708128168900000077e+01
1.259629629600000023e+01,-3.817693454599999825e+01,-3.460648435299999903e+01,-3.634113777999999684e+01,-2.918541443599999852e+01,-2.687103027099999863e+01
1.261630630600000025e+01,-1.651722366999999991e+01,-3.540840127399999915e+01,-3.085549788599999843e+01,-3.580386673200000303e+01,-3.005866599799999861e+01
1.263631631600000027e+01,-3.552611951800000156e+01,-3.330269387100000245e+01,-2.938613657699999848e+01,-3.367119639199999881e+01,-2.748140277599999948e+01
1.265632632600000029e+01,-3.749988662199999823e+01,-3.820172104000000246e+01,-2.894470155799999844e+01,-3.093165497300000055e+01,-2.898352971199999928e+01
1.267633633600000032e+01,-3.505423371199999849e+01,-3.920070737900000069e+01,-3.253749600500000128e+01,-3.307912089399999900e+01,-3.003560839200000032e+01
1.269634634600000034e+01,-3.221449900100000008e+01,-2.978693986600000088e+01,-4.254548596400000093e+01,-3.652897874300000325e+01,-3.233929821499999946e+01
1.271635635600000036e+01,-4.249861222599999877e+01,-3.476919088700000060e+01,-3.322972876400000075e+01,-3.186161004899999938e+01,-2.685850980900000096e+01
1.273636636600000038e+01,-3.579457815699999657e+01,-4.684051851200000272e+01,-3.181042070999999893e+01,-3.313486986699999903e+01,-2.846991923199999874e+01
1.275637637600000041e+01,-3.521786773200000198e+01,-3.685965647799999800e+01,-3.164061923799999931e+01,-3.318669518699999799e+01,-2.648330975800000076e+01
1.277638638600000043e+01,-3.784190691599999923e+01,-3.554631725400000164e+01,-3.279054444199999807e+01,-3.781689708900000113e+01,-2.727691971000000137e+01
1.279639639600000045e+01,-3.242248789199999948e+01,-3.391148306299999859e+01,-3.341964135999999996e+01,-3.492141781099999776e+01,-2.643366644500000007e+01
1.281640640600000047e+01,-3.743233606900000154e+01,-3.603655951100000010e+01,-3.559236869899999789e+01,-3.278864881700000211e+01,-2.616181125900000026e+01
1.283641641600000050e+01,-3.063331645499999922e+01,-3.576522085500000259e+01,-3.463252482400000076e+01,-3.397603517900000014e+01,-2.601296923399999983e+01
1.285642642600000052e+01,-3.002349140800000171e+01,-4.441211346099999702e+01,-3.105313425099999947e+01,-3.432591670299999720e+01,-2.605748101400000039e+01
1.287643643600000054e+01,-3.513959264399999682e+01,-4.144217786000000103e+01,-3.295308224899999772e+01,-3.502582578799999879e+01,-2.796390946900000074e+01
1.289644644600000056e+01,-3.406500643300000064e+01,-3.716795660700000070e+01,-3.178905312099999847e+01,-3.285786474199999674e+01,-2.837621613900000028e+01
1.291645645600000059e+01,-3.781593884299999786e+01,-3.517815877299999983e+01,-3.237813828499999858e+01,-3.636363535699999971e+01,-2.725112098800000027e+01
1.293646646600000061e+01,-3.169963824199999891e+01,-3.487785473900000000e+01,-3.115769323600000007e+01,-3.693128125599999834e+01,-2.856917630599999924e+01
1.295647647600000063e+01,-3.285403987299999784e+01,-3.405441104700000210e+01,-3.488410234900000262e+01,-3.686307073300000070e+01,-2.871745566299999908e+01
1.297648648600000065e+01,-3.505913883800000264e+01,-4.222875130700000312e+01,-3.577178000100000332e+01,-3.115186325999999895e+01,-2.881722846899999979e+01
1.299649649600000068e+01,-3.337710014900000033e+01,-4.278085825400000175e+01,-3.100565506599999921e+01,-4.380000938399999910e+01,-3.426079646299999837e+01
1.301650650700000078e+01,-4.021689367500000145e+01,-3.381565874000000349e+01,-3.278866562599999668e+01,-3.540338415899999802e+01,-2.903815157400000047e+01
1.303651651700000080e+01,-3.217147865799999806e+01,-2.963071884300000036e+01,-3.478806627499999848e+01,-3.216685278399999959e+01,-3.616906004199999813e+01
1.305652652700000083e+01,-3.086436682900000150e+01,-3.364669564900000154e+01,-3.181274451899999889e+01,-2.838804452500000153e+01,-3.747664277300000180e+01
1.307653653700000085e+01,-4.351864953399999791e+01,-4.058936191299999763e+01,-3.077636457199999853e+01,-3.670796877600000130e+01,-4.262931324899999908e+01
1.309654654700000087e+01,-3.032825599399999916e+01,-3.697848785699999752e+01,-2.991618392099999824e+01,-3.714714637699999855e+01,-4.199412613399999827e+01
1.311655655699999912e+01,-3.668620439000000033e+01,-4.437480498800000106e+01,-3.190568658999999840e+01,-3.149974474100000066e+01,-4.175167304299999671e+01
1.313656656699999914e+01,-4.345567096100000271e+01,-4.339270542900000294e+01,-3.043997227799999905e+01,-3.392793799199999683e+01,-4.220232557399999962e+01
1.315657657699999916e+01,-3.770177009999999740e+01,-3.641371930399999712e+01,-3.340524898500000006e+01,-3.628425153500000278e+01,-4.492689072099999947e+01
1.317658658699999918e+01,-4.821053330600000209e+01,-4.014905022199999962e+01,-2.999112831100000065e+01,-3.779334581900000245e+01,-3.708932767000000297e+01
1.319659659699999921e+01,-3.120199805800000092e+01,-3.192675713599999909e+01,-3.071609095999999894e+01,-3.506109630800000332e+01,-3.329459717000000296e+01
1.321660660699999923e+01,-3.519845256899999697e+01,-3.204832463300000001e+01,-2.937867655100000164e+01,-3.405815680500000298e+01,-4.661733175199999835e+01
1.323661661699999925e+01,-4.293269332399999882e+01,-3.093630347599999908e+01,-2.893566473999999999e+01,-4.000065410900000273e+01,-3.358622510000000005e+01
1.325662662699999927e+01,-4.248957344099999744e+01,-3.941425089199999832e+01,-3.138097390000000075e+01,-3.272865321700000152e+01,-3.240568173599999824e+01
1.327663663699999930e+01,-4.168015774900000281e+01,-3.202849336500000277e+01,-2.940236034699999834e+01,-3.796756561299999788e+01,-3.369206688900000302e+01
1.329664664699999932e+01,-3.318592424799999918e+01,-3.479090205100000333e+01,-2.954537733000000088e+01,-3.579166882999999899e+01,-3.932677378799999701e+01
1.331665665699999934e+01,-3.604636918900000353e+01,-3.831449292599999978e+01,-3.210807064499999797e+01,-4.897828487700000011e+01,-3.752062701199999850e+01
1.333666666699999936e+01,-3.879046619100000015e+01,-4.388766577500000210e+01,-3.004222651699999957e+01,-3.550285406599999760e+01,-3.536817421500000336e+01
1.335667667699999939e+01,-4.146046838400000212e+01,-3.759254506599999957e+01,-2.882259407000000095e+01,-4.386138690899999659e+01,-3.503858633699999814e+01
1.337668668699999941e+01,-4.109935850499999788e+01,-3.556476495999999798e+01,-3.161717003900000122e+01,-3.535383764800000250e+01,-3.542504415399999829e+01
1.339669669699999943e+01,-3.624873025800000192e+01,-4.029520440200000309e+01,-3.041441780099999903e+01,-3.898589101400000345e+01,-3.211739427900000265e+01
1.341670670699999945e+01,-3.528827860500000213e+01,-4.023803131900000096e+01,-3.310164662300000060e+01,-4.871998838500000062e+01,-3.307910507199999728e+01
1.343671671699999948e+01,-3.650486622100000034e+01,-3.618655065299999762e+01,-2.943449999599999956e+01,-3.647007662600000089e+01,-3.176810755400000019e+01
1.345672672699999950e+01,-3.533487532200000203e+01,-4.202981380899999664e+01,-3.086101668699999934e+01,-4.165199014499999919e+01,-2.613651481899999851e+01
1.347673673699999952e+01,-3.820496560600000180e+01,-3.248978049699999815e+01,-3.210237199200000191e+01,-4.217770132700000119e+01,-2.948469406599999942e+01
1.349674674699999954e+01,-2.956994554099999917e+01,-3.243245771800000199e+01,-3.271652703000000173e+01,-5.858393814400000110e+01,-2.808424615199999863e+01
1.351675675699999957e+01,-5.037679469300000079e+01,-3.480550875800000199e+01,-3.156050582499999990e+01,-3.973039112499999703e+01,-2.728922263600000164e+01
1.353676676699999959e+01,-3.714743636499999724e+01,-4.269077189000000061e+01,-3.268484589700000242e+01,-6.448389545599999906e+01,-3.040575282400000034e+01
1.355677677699999961e+01,-3.328739547699999690e+01,-3.264158242399999921e+01,-2.827526980500000064e+01,-5.671386918000000321e+01,-3.360389822599999832e+01
1.357678678699999963e+01,-2.905448446799999829e+01,-4.000708530400000029e+01,-3.504232484700000327e+01,-4.359798873599999780e+01,-3.417416450700000041e+01
1.359679679699999966e+01,-2.897718274900000068e+01,-3.333560219900000021e+01,-3.566061480700000175e+01,-3.079989395599999824e+01,-3.129667505000000105e+01
1.361680680699999968e+01,-3.345973055700000032e+01,-3.491212502500000170e+01,-4.203343667299999709e+01,-4.247869699700000012e+01,-3.121414774300000161e+01
1.363681681699999970e+01,-4.049118793099999891e+01,-3.257582999200000273e+01,-3.607089749800000078e+01,-4.679996504599999696e+01,-3.206900502900000305e+01
1.365682682699999972e+01,-2.978572467200000062e+01,-3.068150347299999936e+01,-4.128553608800000063e+01,-3.784639546999999737e+01,-3.318922332399999675e+01
1.367683683699999975e+01,-4.111622199499999653e+01,-4.170118898399999807e+01,-5.406630014699999975e+01,-3.411303034800000233e+01,-2.868881182399999830e+01
1.369684684699999977e+01,-2.623314430099999939e+01,-2.597787674799999991e+01,-3.365432655699999742e+01,-3.525363964799999650e+01,-3.349691497700000298e+01
1.371685685699999979e+01,-2.978534613300000089e+01,-3.541245136900000290e+01,-3.162851723400000026e+01,-3.731577628499999832e+01,-3.086354026700000119e+01
1.373686686699999981e+01,-1.982288412100000130e+01,-3.498459124499999717e+01,-2.824640817499999912e+01,-3.212255860100000149e+01,-2.955467684099999914e+01
1.375687687699999984e+01,-6.368700545699999793e+01,-2.733552672700000130e+01,-3.494000440199999957e+01,-3.789185300900000186e+01,-3.291513467600000098e+01
1.377688688699999986e+01,-3.095933970300000126e+01,-3.733101933199999678e+01,-2.906224487800000134e+01,-3.226441762599999663e+01,-3.239034743199999866e+01
1.379689689699999988e+01,-4.044017965599999798e+01,-4.075892858999999646e+01,-3.199103218500000168e+01,-3.717755829200000051e+01,-3.163581943999999879e+01
1.381690690699999990e+01,-4.781004771599999970e+01,-3.190942401799999928e+01,-2.918477390600000021e+01,-3.273038819199999949e+01,-3.232467831999999675e+01
1.383691691699999993e+01,-4.049299238500000087e+01,-3.349098891100000230e+01,-3.112367601800000116e+01,-3.205948112099999747e+01,-2.993535206800000026e+01
1.385692692699999995e+01,-3.652672510600000066e+01,-2.610837985299999886e+01,-2.843543791500000140e+01,-3.461677438899999970e+01,-3.540070667399999849e+01
1.387693693699999997e+01,-4.179737080700000007e+01,-3.481179212299999648e+01,-2.962720948699999823e+01,-5.092493452400000109e+01,-2.927653384199999920e+01
1.389694694699999999e+01,-2.944726716899999985e+01,-3.374838931000000031e+01,-2.875715485499999957e+01,-4.307802062399999699e+01,-2.995945377399999998e+01
1.391695695700000002e+01,-3.324863308599999812e+01,-4.143946146700000099e+01,-3.006623712700000084e+01,-3.640345447400000012e+01,-3.189066721900000090e+01
1.393696696700000004e+01,-2.780138919399999864e+01,-2.775244240800000028e+01,-3.568172470399999696e+01,-4.296817054899999988e+01,-3.185118975099999972e+01
1.395697697700000006e+01,-4.963652717299999750e+01,-3.245334542300000180e+01,-3.477153454799999821e+01,-4.157960377900000282e+01,-3.041407392300000012e+01
1.397698698700000008e+01,-3.488603462199999683e+01,-3.633597222400000248e+01,-3.653150577499999940e+01,-4.765218434199999820e+01,-2.719687993000000148e+01
1.399699699700000011e+01,-3.842520622899999694e+01,-3.770810530100000335e+01,-3.140307794900000005e+01,-3.665631544600000069e+01,-3.235442932000000127e+01
1.401700700700000013e+01,-4.467589308000000159e+01,-3.800981932900000260e+01,-3.451015459599999957e+01,-4.127204801100000253e+01,-3.413054085299999940e+01
1.403701701700000015e+01,-3.485034722099999982e+01,-3.538232410500000213e+01,-4.258260279000000281e+01,-4.774461298500000339e+01,-3.174567451300000087e+01
1.405702702700000017e+01,-3.354636956600000275e+01,-2.915382016299999890e+01,-4.158778656199999801e+01,-4.236311315100000030e+01,-3.764333634799999828e+01
1.407703703700000020e+01,-3.071291723599999912e+01,-3.245404972200000060e+01,-3.705470029600000004e+01,-4.427014962999999881e+01,-3.553316532800000260e+01
1.409704704700000022e+01,-3.025908129600000152e+01,-3.369850698100000130e+01,-4.808847073100000102e+01,-3.842160545800000193e+01,-3.905960971799999726e+01
1.411705705700000024e+01,-3.246830367999999822e+01,-3.220870712899999688e+01,-3.860169142899999883e+01,-4.808216654600000339e+01,-3.904045513799999867e+01
1.413706706700000026e+01,-3.147752549499999830e+01,-2.613159030899999991e+01,-3.836988758300000057e+01,-5.401046100899999658e+01,-4.025643477700000261e+01
1.415707707700000029e+01,-3.300263554200000016e+01,-2.875964608700000014e+01,-4.004383237100000059e+01,-3.764044820499999844e+01,-3.806221243200000259e+01
1.417708708700000031e+01,-5.740109933000000098e+01,-3.119387773000000053e+01,-4.835353498999999999e+01,-3.988203033300000300e+01,-4.828811491300000114e+01
1.419709709700000033e+01,-2.878460138899999876e+01,-3.034286301999999935e+01,-3.681629785799999866e+01,-3.763693749000000111e+01,-4.127318453699999878e+01
1.421710710700000035e+01,-3.378148486500000303e+01,-4.306120777800000354e+01,-3.925152135799999797e+01,-3.811883761800000059e+01,-4.408821718200000106e+01
1.423711711700000038e+01,-3.098362643899999824e+01,-3.139256857199999828e+01,-3.812026756899999924e+01,-4.261274653699999959e+01,-3.939098823199999799e+01
1.425712712700000040e+01,-2.833064945199999940e+01,-3.039543523900000110e+01,-3.940684469100000342e+01,-3.748451341100000178e+01,-4.693262392999999832e+01
1.427713713700000042e+01,-2.761652276799999939e+01,-3.216489123600000255e+01,-3.164404109899999895e+01,-4.528884499800000185e+01,-3.510792114000000197e+01
1.429714714700000044e+01,-3.366187262599999741e+01,-2.737669193099999987e+01,-3.463847610399999866e+01,-4.343547662200000303e+01,-4.066815433699999716e+01
1.431715715700000047e+01,-2.690464127499999947e+01,-4.413961396900000267e+01,-3.651854819799999774e+01,-4.039384735099999801e+01,-3.693239437500000122e+01
1.433716716700000049e+01,-2.911874784100000113e+01,-3.890869186199999774e+01,-3.509195475899999650e+01,-3.156114379299999939e+01,-3.436596543800000347e+01
1.435717717700000051e+01,-3.198164653999999985e+01,-3.640273256199999707e+01,-3.067050764200000046e+01,-4.804437385800000015e+01,-3.146946591900000101e+01
1.437718718700000053e+01,-2.491956604900000016e+01,-5.116462860899999754e+01,-3.706494283499999653e+01,-3.288685911000000317e+01,-3.266250796700000336e+01
1.439719719700000056e+01,-3.502279858400000023e+01,-3.261754453700000056e+01,-3.650255333300000160e+01,-3.129212371399999881e+01,-3.655949236499999699e+01
1.441720720700000058e+01,-2.755009334800000076e+01,-3.728801431000000122e+01,-2.803978947299999902e+01,-2.913380071299999940e+01,-3.838168092800000153e+01
1.443721721700000060e+01,-3.746668089500000320e+01,-3.183027718299999975e+01,-3.973317295199999677e+01,-3.491201685299999724e+01,-3.294242878499999705e+01
1.445722722700000062e+01,-3.494774228600000043e+01,-6.098145928600000332e+01,-3.649022917900000351e+01,-3.193523493300000027e+01,-4.019740580900000282e+01
1.447723723700000065e+01,-3.679118104500000186e+01,-4.108445836599999978e+01,-4.064006678999999878e+01,-3.096963404899999972e+01,-3.363994018599999691e+01
1.449724724700000067e+01,-3.768090842200000168e+01,-3.892459234900000098e+01,-3.375480318599999663e+01,-3.439940369600000025e+01,-4.036181567900000289e+01
1.451725725700000069e+01,-3.800496295599999996e+01,-3.839755370799999667e+01,-3.798988083799999771e+01,-3.745543390899999991e+01,-2.964783592099999865e+01
1.453726726700000071e+01,-3.437072322600000263e+01,-3.737317581700000346e+01,-3.530841851099999928e+01,-3.287353234599999752e+01,-3.602162913200000105e+01
1.455727727700000074e+01,-3.206589230499999843e+01,-2.136736821299999889e+01,-3.229372898700000150e+01,-3.523349108499999716e+01,-3.269045517600000039e+01
1.457728728700000076e+01,-4.235532297099999965e+01,-3.835182957199999976e+01,-3.385477705699999973e+01,-3.390683689499999787e+01,-3.256441570100000149e+01
1.459729729700000078e+01,-2.669392016200000128e+01,-3.776479787200000260e+01,-4.570876675800000299e+01,-3.383921382700000180e+01,-2.805485610499999893e+01
1.461730730700000080e+01,-3.398621610899999723e+01,-3.893328191300000185e+01,-3.303974914599999835e+01,-3.416303606000000315e+01,-2.851396187599999976e+01
1.463731731700000083e+01,-3.158867440799999926e+01,-4.997884220800000321e+01,-4.231456265700000330e+01,-3.831404094999999899e+01,-2.984494431599999942e+01
1.465732732700000085e+01,-3.069559406300000148e+01,-3.359574175299999865e+01,-4.386593901999999900e+01,-4.336800474300000019e+01,-3.180204587400000094e+01
1.467733733700000087e+01,-4.370435130700000315e+01,-3.023245673299999936e+01,-3.399519897399999735e+01,-3.867191325699999993e+01,-3.088980076400000030e+01
1.469734734699999912e+01,-3.966531299999999760e+01,-4.243329508800000127e+01,-3.028537958400000107e+01,-3.930730005000000205e+01,-2.911197956399999853e+01
1.471735735699999914e+01,-3.549200064800000121e+01,-6.256456186300000155e+01,-3.484321635799999939e+01,-3.742383233399999654e+01,-3.548906958399999922e+01
1.473736736699999916e+01,-3.569343408200000312e+01,-2.058589188199999853e+01,-4.634037883199999897e+01,-4.041225068499999651e+01,-2.606377742999999825e+01
1.475737737699999919e+01,-3.245591629100000119e+01,-3.633172140500000324e+01,-3.235241790999999978e+01,-3.762804547500000041e+01,-2.480740897900000164e+01
1.477738738699999921e+01,-3.489014944899999904e+01,-3.224732163400000218e+01,-3.628349943799999977e+01,-3.116143773599999989e+01,-3.058745870299999936e+01
1.479739739699999923e+01,-2.762027781000000104e+01,-4.939049655899999891e+01,-4.733859787699999799e+01,-4.066326423200000306e+01,-3.642677146399999799e+01
1.481740740699999925e+01,-3.544059372600000302e+01,-3.054281417400000009e+01,-3.273038886799999858e+01,-3.672332197899999784e+01,-3.400882191000000176e+01
1.483741741699999928e+01,-3.153157960100000068e+01,-3.055694267100000161e+01,-3.377462072000000148e+01,-5.740666780400000135e+01,-2.578628152499999970e+01
1.485742742699999930e+01,-3.473394162700000010e+01,-3.137024290400000126e+01,-2.942751601300000175e+01,-3.257793536100000154e+01,-2.709705125500000022e+01
1.487743743699999932e+01,-3.796176792499999664e+01,-3.729815930699999882e+01,-3.018986847800000106e+01,-3.774407268800000281e+01,-3.404731873099999717e+01
1.489744744699999934e+01,-3.859542958899999832e+01,-4.039077451699999699e+01,-3.702682273900000354e+01,-3.909895096399999659e+01,-3.871930046800000014e+01
1.491745745699999937e+01,-2.507087535999999872e+01,-3.280359202300000021e+01,-3.279779907500000036e+01,-4.153589472899999890e+01,-3.597448595699999885e+01
1.493746746699999939e+01,-3.159827618499999957e+01,-2.520868823700000050e+01,-2.987889564600000014e+01,-3.097481082199999847e+01,-3.191346733600000007e+01
1.495747747699999941e+01,-4.434012851899999674e+01,-4.423492904799999792e+01,-3.652223926399999954e+01,-3.779058048400000303e+01,-3.146673519599999835e+01
1.497748748699999943e+01,-4.670077911100000279e+01,-3.131846149700000126e+01,-3.693176905400000010e+01,-3.444570001000000303e+01,-2.700746349399999957e+01
1.499749749699999946e+01,-3.320313907799999953e+01,-3.284611239800000249e+01,-3.672354476099999943e+01,-3.087548176099999964e+01,-3.134424688000000003e+01
1.501750750799999956e+01,-3.541512888700000161e+01,-4.174052700699999718e+01,-3.838423000699999932e+01,-3.385115073400000085e+01,-3.271313480900000314e+01
1.503751751799999958e+01,-4.194688472400000023e+01,-2.936280403800000016e+01,-2.787674759500000121e+01,-4.346674707199999688e+01,-3.229538576299999875e+01
1.505752752799999961e+01,-3.247595738700000112e+01,-3.228629514899999720e+01,-3.680421258999999878e+01,-3.668916294899999997e+01,-3.399537130499999904e+01
1.507753753799999963e+01,-4.765493491400000181e+01,-3.859868232099999830e+01,-2.811151339799999960e+01,-3.662952333500000179e+01,-3.048713559600000167e+01
1.509754754799999965e+01,-4.170592786299999943e+01,-3.499646801099999749e+01,-2.704653539899999970e+01,-3.864243929500000263e+01,-2.932977542400000104e+01
1.511755755799999967e+01,-3.838548435700000283e+01,-3.581831786899999770e+01,-3.208086869600000313e+01,-4.832560565800000063e+01,-2.664002177800000126e+01
1.513756756799999970e+01,-4.072116283399999759e+01,-3.482340166099999834e+01,-2.995770690399999836e+01,-3.566406579099999874e+01,-2.906005662600000150e+01
1.515757757799999972e+01,-4.639948638799999969e+01,-3.624359796699999947e+01,-2.675896513900000073e+01,-3.298460487799999896e+01,-3.097308570499999902e+01
1.517758758799999974e+01,-3.665838719100000276e+01,-3.008999193700000063e+01,-2.687156991100000170e+01,-4.099953397899999885e+01,-4.001721576999999996e+01
1.519759759799999976e+01,-3.990218834299999884e+01,-3.910937002499999693e+01,-3.061392667899999864e+01,-3.711600865700000185e+01,-3.235073882900000086e+01
1.521760760799999979e+01,-4.285433455399999758e+01,-4.857562420200000020e+01,-2.828965021500000177e+01,-3.937676925499999925e+01,-3.186237804599999990e+01
1.523761761799999981e+01,-3.488845858300000202e+01,-3.368857754900000145e+01,-2.599306187099999832e+01,-3.790730907599999711e+01,-3.806611137600000205e+01
1.525762762799999983e+01,-5.638567520000000144e+01,-5.509646051200000016e+01,-2.645127095799999850e+01,-3.017901463600000156e+01,-2.259941215599999964e+01
1.527763763799999985e+01,-4.200329067399999872e+01,-4.131888445300000257e+01,-2.720108336499999879e+01,-5.107531853300000080e+01,-3.653591864500000241e+01
1.529764764799999988e+01,-3.170931383299999951e+01,-3.692637169700000044e+01,-2.745432029499999871e+01,-4.099880916099999695e+01,-2.982317602299999848e+01
1.531765765799999990e+01,-4.439548500499999761e+01,-3.345436591600000042e+01,-2.836332017399999827e+01,-3.835552357800000323e+01,-2.688071721700000083e+01
1.533766766799999992e+01,-4.157094012900000024e+01,-2.439616776000000087e+01,-2.859173144300000047e+01,-4.428203376700000149e+01,-3.196479089800000040e+01
1.535767767799999994e+01,-3.670374902700000064e+01,-2.004443956100000079e+01,-2.670695922199999828e+01,-4.918027118599999881e+01,-2.430197758699999966e+01
1.537768768799999997e+01,-3.899058100300000262e+01,-4.312605982699999885e+01,-2.729548260800000037e+01,-4.129600729799999925e+01,-2.905131013200000112e+01
1.539769769799999999e+01,-2.920860033399999978e+01,-4.165344988799999726e+01,-3.140758988400000007e+01,-4.016989873899999708e+01,-3.464213412600000197e+01
1.541770770800000001e+01,-3.801766269600000214e+01,-4.270575794999999886e+01,-2.773263945700000122e+01,-3.543854029599999933e+01,-3.207894075000000100e+01
1.543771771800000003e+01,-3.408553962399999904e+01,-4.227825006100000138e+01,-3.038219296899999833e+01,-3.485002133399999735e+01,-3.995716604799999772e+01
1.545772772800000006e+01,-2.859207670400000012e+01,-3.755594433699999968e+01,-3.047619042099999831e+01,-3.322223573899999849e+01,-3.899139907699999696e+01
1.547773773800000008e+01,-1.703559189099999926e+01,-5.340192130500000189e+01,-3.258862443400000330e+01,-4.206253179699999833e+01,-3.561122473199999661e+01
1.549774774800000010e+01,-4.596492867300000285e+01,-3.353618825800000280e+01,-3.082442342699999926e+01,-3.662966243799999688e+01,-3.725400261600000107e+01
1.551775775800000012e+01,-3.987367314200000123e+01,-4.003545341200000252e+01,-2.853307279999999935e+01,-3.871677319700000197e+01,-4.399623003800000021e+01
1.553776776800000015e+01,-4.055192611500000055e+01,-3.830797549799999757e+01,-3.221933095299999650e+01,-4.294685244099999721e+01,-3.483583718100000226e+01
1.555777777800000017e+01,-3.672844806900000236e+01,-5.499910333399999729e+01,-3.106853416099999876e+01,-4.273800517299999768e+01,-3.443191003900000169e+01
1.557778778800000019e+01,-5.233167959000000025e+01,-4.949530481600000087e+01,-2.903264660299999989e+01,-3.437021130499999799e+01,-3.546779515800000127e+01
1.559779779800000021e+01,-4.640856510599999751e+01,-4.075644634500000052e+01,-3.357883997700000123e+01,-3.911537772100000154e+01,-3.401121963700000350e+01
1.561780780800000024e+01,-3.730014132499999846e+01,-4.034945563200000151e+01,-3.069265158800000037e+01,-3.946670713500000005e+01,-3.539487910599999765e+01
1.563781781800000026e+01,-2.797789448099999987e+01,-4.873818032700000202e+01,-3.256117563499999790e+01,-3.378056824800000157e+01,-4.253895132600000295e+01
1.565782782800000028e+01,-3.765348787599999980e+01,-3.373040464500000013e+01,-2.997201433800000103e+01,-3.001918161900000115e+01,-3.678439824299999827e+01
1.567783783800000030e+01,-2.945253193299999950e+01,-3.142867515300000036e+01,-2.859437117199999889e+01,-3.388929658600000039e+01,-3.988916110699999962e+01
1.569784784800000033e+01,-3.902746097400000025e+01,-3.376188906099999798e+01,-3.051479957000000098e+01,-3.598279978699999759e+01,-3.284127951300000348e+01
1.571785785800000035e+01,-4.764467236200000144e+01,-2.800302028799999832e+01,-3.114180434300000044e+01,-3.110953281300000128e+01,-3.065286548199999928e+01
1.573786786800000037e+01,-2.949222286399999859e+01,-3.431883502400000197e+01,-2.665218169699999962e+01,-3.244747611300000045e+01,-3.321603123700000282e+01
1.575787787800000039e+01,-3.275553025600000012e+01,-4.014427600300000165e+01,-2.967963570099999870e+01,-3.804797553000000221e+01,-3.118665789199999949e+01
1.577788788800000042e+01,-3.928571164800000304e+01,-4.437127718699999690e+01,-3.030368853399999907e+01,-3.376015033000000187e+01,-2.786667909599999859e+01
1.579789789800000044e+01,-3.136050667499999989e+01,-2.815703244799999894e+01,-2.737507073700000149e+01,-3.552980930599999709e+01,-2.514937966000000102e+01
1.581790790800000046e+01,-4.714215507699999819e+01,-3.090899428999999898e+01,-2.549826600800000165e+01,-3.255515424000000024e+01,-2.915153244900000118e+01
1.583791791800000048e+01,-3.406326096000000092e+01,-5.126848642699999914e+01,-2.548602102199999919e+01,-3.086097364200000115e+01,-2.855945478499999979e+01
1.585792792800000051e+01,-3.477612571699999933e+01,-3.116842548700000037e+01,-2.543208578300000156e+01,-3.591946686800000066e+01,-2.659098104399999940e+01
1.587793793800000053e+01,-2.942714515700000177e+01,-5.526321022599999822e+01,-2.395270585800000163e+01,-3.606299296499999940e+01,-3.090874482299999926e+01
1.589794794800000055e+01,-4.060212595299999805e+01,-5.058677379899999949e+01,-2.388261342399999876e+01,-3.101246442800000125e+01,-2.970894385500000112e+01
1.591795795800000057e+01,-4.132028981700000259e+01,-2.757029687800000062e+01,-2.499948405399999984e+01,-3.614668098599999979e+01,-2.793616943500000005e+01
1.593796796800000060e+01,-4.042797877499999970e+01,-4.041436449700000111e+01,-2.551772709899999825e+01,-3.384171599100000094e+01,-2.590386919899999896e+01
1.595797797800000062e+01,-3.134186069400000108e+01,-3.369428943999999859e+01,-2.360577764700000003e+01,-4.271075671599999879e+01,-3.248092566399999725e+01
1.597798798800000064e+01,-3.427799067499999808e+01,-3.717884606900000222e+01,-2.452862839499999836e+01,-3.272373687099999984e+01,-2.617417227800000035e+01
1.599799799800000066e+01,-3.378274728000000238e+01,-3.985674445000000077e+01,-2.463032769999999871e+01,-3.424273262399999851e+01,-2.642065624199999974e+01
1.601800800799999891e+01,-3.697853988399999992e+01,-4.999446348600000078e+01,-2.266727639699999841e+01,-3.097030162900000150e+01,-2.723207671500000160e+01
1.603801801799999893e+01,-3.641327482799999871e+01,-4.883685060300000202e+01,-2.335800346499999947e+01,-3.326794466700000186e+01,-2.598452710999999837e+01
1.605802802799999895e+01,-3.588230055999999735e+01,-4.140529423800000330e+01,-2.550960811399999884e+01,-3.174375868699999970e+01,-3.472714230199999719e+01
1.607803803799999898e+01,-4.709348594499999763e+01,-3.508502751999999703e+01,-2.418689076200000088e+01,-3.422859120300000058e+01,-2.505503473799999981e+01
1.609804804799999900e+01,-3.178282805999999994e+01,-3.729815212500000143e+01,-2.263911536399999846e+01,-3.654778203899999767e+01,-3.203825905200000079e+01
1.611805805799999902e+01,-4.035457713099999921e+01,-3.640839073600000120e+01,-2.381169769299999928e+01,-3.849592195999999689e+01,-2.776627968100000032e+01
1.613806806799999904e+01,-3.490318070299999675e+01,-3.396602243299999913e+01,-2.452732733699999912e+01,-2.820696044900000032e+01,-3.070248895399999967e+01
1.615807807799999907e+01,-3.369600447700000245e+01,-5.383341244599999698e+01,-2.332141780499999939e+01,-3.716973038100000082e+01,-3.239387949599999672e+01
1.617808808799999909e+01,-3.544873190700000265e+01,-4.517926102799999910e+01,-2.415754633299999909e+01,-3.022261977100000152e+01,-2.877108350199999975e+01
1.619809809799999911e+01,-5.412683095300000247e+01,-3.909572798199999966e+01,-2.415961676199999886e+01,-3.293558624100000287e+01,-2.679136929099999875e+01
1.621810810799999913e+01,-4.233353572899999762e+01,-3.447742357300000293e+01,-2.626860945800000025e+01,-3.732988065100000341e+01,-2.484530279000000164e+01
1.623811811799999916e+01,-3.249040278599999709e+01,-3.239390285000000347e+01,-2.709644811200000092e+01,-2.911011802100000168e+01,-2.841285236599999919e+01
1.625812812799999918e+01,-3.511347802299999898e+01,-3.053722403400000118e+01,-2.495060271499999871e+01,-3.014254184400000014e+01,-2.901913296600000081e+01
1.627813813799999920e+01,-4.065458184399999908e+01,-3.366871991000000008e+01,-2.689496715699999996e+01,-3.699566945400000151e+01,-3.093799243100000140e+01
1.629814814799999922e+01,-2.828567917299999834e+01,-3.567762737500000014e+01,-3.167155883499999902e+01,-3.436873274700000280e+01,-2.921344058100000041e+01
1.631815815799999925e+01,-4.364035949600000208e+01,-3.283096469200000200e+01,-2.730213746000000086e+01,-3.406153084700000022e+01,-2.451903103400000106e+01
1.633816816799999927e+01,-3.485112411600000115e+01,-5.719961700300000018e+01,-2.924183631200000022e+01,-3.708281640700000281e+01,-2.728273502000000050e+01
1.635817817799999929e+01,-2.960208068800000092e+01,-3.059492719500000035e+01,-2.845283160400000000e+01,-3.872325858100000318e+01,-2.903137698999999827e+01
1.637818818799999931e+01,-4.353717472499999985e+01,-2.796040879599999940e+01,-2.843934138199999850e+01,-3.667887693899999846e+01,-3.264957599499999930e+01
1.639819819799999934e+01,-3.189892947199999895e+01,-2.766578179500000090e+01,-2.744518282900000017e+01,-2.918690923799999837e+01,-2.544759007000000040e+01
1.641820820799999936e+01,-3.185701085299999846e+01,-3.137133395400000069e+01,-3.035084068800000168e+01,-3.325399112299999871e+01,-4.504179677900000200e+01
1.643821821799999938e+01,-3.290945254100000028e+01,-2.195571315400000145e+01,-2.524576119700000021e+01,-5.310944259699999748e+01,-3.184151293600000088e+01
1.645822822799999940e+01,-3.743533132999999680e+01,-3.369354302899999709e+01,-2.958446147100000090e+01,-2.991009824700000053e+01,-3.079792433100000082e+01
1.647823823799999943e+01,-3.291265174699999818e+01,-4.833435344299999770e+01,-3.856843588499999953e+01,-3.809106786200000272e+01,-2.547563684600000045e+01
1.649824824799999945e+01,-3.846764138099999997e+01,-3.061581559500000083e+01,-3.218000268000000119e+01,-4.033128712500000290e+01,-3.294351245099999659e+01
1.651825825799999947e+01,-3.283820366999999862e+01,-3.671595186300000080e+01,-2.588759339599999976e+01,-3.393086795300000347e+01,-2.675689733400000136e+01
1.653826826799999949e+01,-2.457389689300000057e+01,-2.404823238899999893e+01,-2.829972344200000123e+01,-4.305120092199999959e+01,-2.779080886999999933e+01
1.655827827799999952e+01,-3.475894986800000197e+01,-2.536484598099999843e+01,-2.859171335199999930e+01,-3.817776441800000242e+01,-4.005550216099999972e+01
1.657828828799999954e+01,-2.264815953500000134e+01,-3.831313248699999718e+01,-2.988234444300000092e+01,-3.292049294499999945e+01,-3.487135452500000099e+01
1.659829829799999956e+01,-2.699420625400000162e+01,-3.825697052400000331e+01,-3.107113842600000098e+01,-3.670679744299999925e+01,-3.850851411600000063e+01
1.661830830799999958e+01,-3.609336494000000073e+01,-2.656004133800000133e+01,-3.016918625599999970e+01,-3.601493480700000305e+01,-2.832163457400000084e+01
1.663831831799999961e+01,-3.452500383600000333e+01,-2.843329619500000049e+01,-2.465070580100000086e+01,-3.116122031300000117e+01,-3.518696111900000290e+01
1.665832832799999963e+01,-2.870636852799999872e+01,-4.037559373399999885e+01,-2.558622151799999855e+01,-4.072173037400000339e+01,-2.525963635200000112e+01
1.667833833799999965e+01,-3.791695690800000307e+01,-3.037976258000000129e+01,-2.434556167699999918e+01,-4.614214283300000119e+01,-3.054801405999999986e+01
1.669834834799999967e+01,-3.273062821599999950e+01,-4.162232238600000045e+01,-2.547056901799999906e+01,-3.427685867400000319e+01,-2.327459717099999992e+01
1.671835835799999970e+01,-2.096822040800000053e+01,-3.248690718200000305e+01,-2.784320315600000129e+01,-3.134273518199999842e+01,-2.864285818899999825e+01
1.673836836799999972e+01,-3.325795700700000168e+01,-3.691908801400000328e+01,-2.544330264199999903e+01,-5.309888151999999906e+01,-3.213504691400000013e+01
1.675837837799999974e+01,-2.232550229599999980e+01,-3.615354578699999877e+01,-2.609498666800000066e+01,-3.268890647900000346e+01,-2.839719589999999982e+01
1.677838838799999976e+01,-3.350523644700000148e+01,-4.922463526500000341e+01,-2.637472608199999868e+01,-3.516843177100000162e+01,-2.546284999099999879e+01
1.679839839799999979e+01,-4.774165840700000274e+01,-2.402207519299999916e+01,-2.649914216299999836e+01,-3.309157827899999660e+01,-1.676589143900000067e+01
1.681840840799999981e+01,-2.485904746199999948e+01,-3.533115458000000331e+01,-2.873692556499999995e+01,-2.774385470500000039e+01,-2.697426230399999980e+01
1.683841841799999983e+01,-3.394744294499999882e+01,-2.928158529499999929e+01,-2.450618674600000091e+01,-3.532223219200000131e+01,-3.165488183100000086e+01
1.685842842799999985e+01,-3.262655401100000319e+01,-3.055985716100000005e+01,-2.629409917999999990e+01,-3.661392412200000024e+01,-1.832560608200000019e+01
1.687843843799999988e+01,-3.200930829899999708e+01,-3.999368810400000029e+01,-1.924369331100000124e+01,-3.987091705600000324e+01,-2.635123397799999978e+01
1.689844844799999990e+01,-3.671085329800000352e+01,-3.533626047799999981e+01,-2.482439537500000171e+01,-3.615889521500000114e+01,-2.733670823900000002e+01
1.691845845799999992e+01,-3.424447631599999653e+01,-4.576514087599999669e+01,-2.510142438600000148e+01,-3.157836835899999883e+01,-2.634787158299999987e+01
1.693846846799999994e+01,-4.145696249299999891e+01,-4.210491821899999820e+01,-2.522863908300000091e+01,-3.688006401900000242e+01,-2.709554874699999871e+01
1.695847847799999997e+01,-6.322992344800000097e+01,-3.873175657600000221e+01,-2.755177471800000077e+01,-3.629657832000000184e+01,-2.624340888900000124e+01
1.697848848799999999e+01,-3.978404037699999662e+01,-2.789104291900000021e+01,-2.941193620199999970e+01,-4.704881349200000074e+01,-3.780684304399999718e+01
1.699849849800000001e+01,-3.592958116100000154e+01,-3.943963380900000004e+01,-2.815280621300000163e+01,-3.618672257299999728e+01,-4.369423867599999767e+01
1.701850850900000012e+01,-4.048724328299999797e+01,-3.230712532199999742e+01,-2.502944918500000071e+01,-3.500437817499999937e+01,-2.976992896200000160e+01
1.703851851900000014e+01,-1.800059951500000111e+01,-3.191682271999999898e+01,-2.639998198500000015e+01,-3.832792509800000147e+01,-3.165376039799999930e+01
1.705852852900000016e+01,-2.976445057600000155e+01,-3.211991835199999912e+01,-3.237304986899999903e+01,-3.717166872800000021e+01,-2.822663784099999873e+01
1.707853853900000018e+01,-3.926561926499999799e+01,-3.397637446800000305e+01,-2.641096282499999859e+01,-4.590949059399999754e+01,-3.402116348700000259e+01
1.709854854900000021e+01,-4.893223081000000008e+01,-3.055052310199999965e+01,-2.545217804199999989e+01,-3.158512314900000106e+01,-3.367176157299999772e+01
1.711855855900000023e+01,-4.675391077399999773e+01,-3.403958917300000309e+01,-2.759373979100000085e+01,-3.179685503500000010e+01,-3.571866816899999719e+01
1.713856856900000025e+01,-2.144467210199999840e+01,-2.286767445499999951e+01,-2.705220478400000061e+01,-3.044057250799999892e+01,-2.513316607100000155e+01
1.715857857900000027e+01,-2.973887086199999885e+01,-2.515690141099999977e+01,-2.320636423199999854e+01,-4.191546495299999719e+01,-3.285013198000000045e+01
1.717858858900000030e+01,-3.866816211799999792e+01,-3.381975384999999790e+01,-2.615277989200000164e+01,-5.147137529300000125e+01,-2.841745378899999963e+01
1.719859859900000032e+01,-4.158314967300000120e+01,-4.602415202099999902e+01,-2.442742613600000112e+01,-3.180465326599999898e+01,-3.123974532500000123e+01
1.721860860900000034e+01,-3.278766603199999707e+01,-2.801407351499999976e+01,-2.656062941000000066e+01,-3.036661151099999856e+01,-4.257412356199999692e+01
1.723861861900000036e+01,-3.849040242899999953e+01,-4.024352961400000339e+01,-2.404047005099999978e+01,-3.445611660400000176e+01,-2.648125796100000073e+01
1.725862862900000039e+01,-3.096358332399999824e+01,-3.230462632799999767e+01,-2.539219118899999827e+01,-3.584311271499999663e+01,-2.614940716499999951e+01
1.727863863900000041e+01,-3.135116305000000025e+01,-2.665859777900000083e+01,-3.288306314799999797e+01,-3.393877328599999998e+01,-3.236202836700000063e+01
1.729864864900000043e+01,-4.205777445199999676e+01,-3.811474037400000014e+01,-2.474229858800000059e+01,-3.112900355700000077e+01,-2.651781718499999840e+01
1.731865865900000045e+01,-2.411494520899999827e+01,-3.286931196500000141e+01,-2.819856193300000058e+01,-2.749166882700000158e+01,-3.259168273200000243e+01
1.733866866900000048e+01,-3.443373487899999930e+01,-3.085208537500000148e+01,-2.730438593199999886e+01,-2.537503067999999828e+01,-2.499586992000000052e+01
1.735867867900000050e+01,-2.611268590799999956e+01,-2.975964297699999861e+01,-2.798053027599999965e+01,-3.705341160399999723e+01,-3.338375434999999669e+01
1.737868868900000052e+01,-3.735625417499999656e+01,-2.601115280000000141e+01,-2.515256542199999856e+01,-3.027654448399999865e+01,-3.234943364000000088e+01
1.739869869900000054e+01,-4.202284735700000340e+01,-3.312013977800000220e+01,-3.143205060700000075e+01,-4.895441794500000299e+01,-3.342306785899999966e+01
1.741870870900000057e+01,-4.520948183699999845e+01,-3.410394618400000155e+01,-2.315871660099999829e+01,-2.944188244800000120e+01,-4.482581292500000103e+01
1.743871871900000059e+01,-4.074509476600000113e+01,-3.119850261499999888e+01,-2.231196662900000049e+01,-3.778884854900000079e+01,-3.388082263300000108e+01
1.745872872900000061e+01,-2.723032038799999910e+01,-3.063171500199999997e+01,-2.908586150300000028e+01,-4.116440326200000044e+01,-3.874969714299999879e+01
1.747873873900000063e+01,-4.872812329100000284e+01,-3.213741700100000287e+01,-3.274161027600000295e+01,-2.744170390300000051e+01,-3.792996102699999739e+01
1.749874874900000066e+01,-3.022381206200000037e+01,-2.636255690699999832e+01,-2.452130849499999954e+01,-3.346572445000000329e+01,-2.892523816499999967e+01
1.751875875900000068e+01,-3.490787754000000120e+01,-3.938017743500000023e+01,-2.547859904599999936e+01,-3.120494674900000120e+01,-3.612299330700000155e+01
1.753876876900000070e+01,-3.238064583100000249e+01,-4.505665661199999761e+01,-2.688121866299999851e+01,-3.718762371900000119e+01,-1.188602374499999925e+01
1.755877877900000072e+01,-2.127994261399999942e+01,-3.132601602700000143e+01,-2.965983944999999977e+01,-3.367941042000000351e+01,-2.502644696999999852e+01
1.757878878900000075e+01,-3.300155386499999821e+01,-3.301556793400000345e+01,-1.434242007299999955e+01,-1.924980864000000125e+01,-2.249470764200000161e+01
1.759879879900000077e+01,-4.043870531400000345e+01,-3.376077527099999998e+01,-2.805060697600000097e+01,-3.899241852499999794e+01,-2.690819145700000092e+01
1.761880880900000079e+01,-3.750752576899999724e+01,-3.556602156900000011e+01,-2.809342824799999860e+01,-2.771002017900000070e+01,-3.689834008300000079e+01
1.763881881900000081e+01,-3.573420892000000038e+01,-2.455754591499999862e+01,-2.433672411499999910e+01,-2.862720217600000083e+01,-2.006856479500000034e+01
1.765882882900000084e+01,-3.179124587000000091e+01,-2.577313912900000048e+01,-3.108964385299999833e+01,-2.670722661399999964e+01,-1.723553700700000135e+01
1.767883883900000086e+01,-2.542596029199999919e+01,-3.108175056299999994e+01,-3.433953662199999712e+01,-2.811318431000000118e+01,-2.990283354399999993e+01
1.769884884900000088e+01,-3.371090273800000148e+01,-2.653928010099999923e+01,-2.693649044600000053e+01,-3.130253120900000141e+01,-2.888575359500000062e+01
1.771885885900000090e+01,-3.125425940699999927e+01,-2.322772773000000157e+01,-2.691678556000000100e+01,-2.512160551899999916e+01,-3.650929477500000075e+01
1.773886886900000093e+01,-4.040825026400000297e+01,-2.470144027699999967e+01,-3.648120004799999805e+01,-4.294943048199999680e+01,-2.552320500200000097e+01
1.775887887900000095e+01,-3.928964175099999778e+01,-2.431978243300000031e+01,-2.377173202799999885e+01,-4.228476370799999984e+01,-2.159704954000000043e+01
1.777888888900000097e+01,-3.489217820599999698e+01,-1.402413065400000036e+01,-1.699718024399999905e+01,-2.138670198599999850e+01,-2.748407063100000158e+01
1.779889889900000099e+01,-4.020747901000000013e+01,-2.068783620099999965e+01,-2.426403162400000113e+01,-3.457820220800000044e+01,-2.682735414300000087e+01
1.781890890900000102e+01,-4.341980455899999924e+01,-2.426619011500000056e+01,-2.286747551699999903e+01,-3.137154180199999942e+01,-2.864819955700000165e+01
1.783891891900000104e+01,-2.807622828699999928e+01,-2.390360417799999837e+01,-2.686249196099999992e+01,-2.763756445199999945e+01,-2.469072697900000080e+01
1.785892892900000106e+01,-3.693079785399999793e+01,-5.245273120699999936e+01,-2.813612499599999950e+01,-2.970101420700000006e+01,-2.899552114100000111e+01
1.787893893900000108e+01,-4.790504661300000322e+01,-1.713241231800000008e+01,-3.440116432899999666e+01,-2.149824830300000045e+01,-4.110231011599999817e+01
1.789894894900000111e+01,-3.728706205099999949e+01,-2.136931290100000069e+01,-2.459626885300000154e+01,-3.483976740100000313e+01,-3.039012340800000089e+01
1.791895895900000113e+01,-3.351767035000000305e+01,-2.508014130700000166e+01,-2.893298881799999833e+01,-3.201286622899999657e+01,-2.843731130400000140e+01
1.793896896900000115e+01,-4.188014416099999693e+01,-2.809322169400000035e+01,-2.662535533899999862e+01,-2.724272480599999824e+01,-3.039528729999999968e+01
1.795897897900000117e+01,-3.906402532999999977e+01,-3.362989644799999667e+01,-3.665815095300000337e+01,-3.245128327399999790e+01,-3.017921242799999959e+01
1.797898898900000120e+01,-3.937606592000000205e+01,-2.922643215400000116e+01,-2.284794445300000021e+01,-3.275393877300000156e+01,-2.289824855000000170e+01
1.799899899900000122e+01,-3.962704545500000108e+01,-1.510216259699999952e+01,-3.629036511500000017e+01,-2.190030101199999990e+01,-2.132759788099999909e+01
1.801900900900000124e+01,-4.416944615799999951e+01,-2.595754611799999978e+01,-2.365736169599999883e+01,-2.812564749699999922e+01,-4.616329183799999925e+01
1.803901901900000126e+01,-5.108116205000000321e+01,-4.332155826000000332e+01,-2.421829570099999884e+01,-3.647184700500000076e+01,-1.726261682799999875e+01
1.805902902900000129e+01,-3.642736870699999940e+01,-2.716455815899999848e+01,-2.406132228399999917e+01,-3.553033553299999880e+01,-1.772803693999999908e+01
1.807903903900000131e+01,-3.338177024200000176e+01,-3.176919224199999903e+01,-2.642643594300000132e+01,-2.911421444899999855e+01,-3.060802011499999864e+01
1.809904904900000133e+01,-3.244254459199999729e+01,-3.114845919700000110e+01,-2.207104128199999948e+01,-3.291465424399999762e+01,-2.585559333699999840e+01
1.811905905900000135e+01,-3.459036029600000006e+01,-1.897601638500000121e+01,-2.429308858299999940e+01,-4.085191119899999990e+01,-3.394611269300000345e+01
1.813906906900000138e+01,-4.593052901499999763e+01,-3.794632557599999956e+01,-2.360236241999999862e+01,-3.109531351000000043e+01,-3.456099431500000208e+01
1.815907907900000140e+01,-3.324987441999999760e+01,-4.059723554100000342e+01,-2.171104026900000150e+01,-3.050138791999999910e+01,-2.520382429800000068e+01
1.817908908900000142e+01,-2.556505516900000075e+01,-3.193000081899999998e+01,-2.341799849099999875e+01,-3.106908098899999970e+01,-3.154630026399999920e+01
1.819909909900000144e+01,-3.967020071000000314e+01,-4.307455962600000277e+01,-2.773997207900000106e+01,-3.171698725899999971e+01,-3.718934244900000152e+01
1.821910910900000147e+01,-3.808875830299999876e+01,-5.209053792400000304e+01,-2.365212203500000143e+01,-3.102170911600000025e+01,-3.151501529400000123e+01
1.823911911900000149e+01,-2.712108684700000083e+01,-2.518889489000000026e+01,-2.862174211099999965e+01,-2.695473381100000054e+01,-3.523838204300000143e+01
1.825912912900000151e+01,-3.263089669400000048e+01,-2.512160424300000017e+01,-2.493367958099999981e+01,-3.478817783699999922e+01,-4.153465153100000151e+01
1.827913913900000153e+01,-3.035259577300000089e+01,-3.740016959399999763e+01,-2.227152573000000046e+01,-4.128463773800000070e+01,-2.745429117100000127e+01
1.829914914900000156e+01,-2.288095393000000044e+01,-2.331884804299999914e+01,-2.911356500799999836e+01,-3.612761922800000036e+01,-3.025264074800000103e+01
1.831915915900000158e+01,-4.044758653099999890e+01,-4.157409465799999992e+01,-2.304933548700000046e+01,-1.617765449499999875e+01,-4.013244608200000130e+01
1.833916916900000160e+01,-2.450893889299999984e+01,-3.764302601600000031e+01,-2.590511486300000144e+01,-2.570849439899999922e+01,-1.834623088600000074e+01
1.835917917900000162e+01,-2.239340395500000014e+01,-4.043696441899999883e+01,-2.887170775999999961e+01,-4.228508978800000051e+01,-3.651887778799999751e+01
1.837918918900000165e+01,-3.701481946300000203e+01,-3.837481113900000196e+01,-2.555623205899999917e+01,-3.423799865299999823e+01,-2.759328253300000000e+01
1.839919919900000167e+01,-3.278521550399999995e+01,-4.862706496100000209e+01,-3.228810961399999968e+01,-3.074552758500000138e+01,-1.910721691899999897e+01
1.841920920900000169e+01,-2.508050955799999926e+01,-3.111374759099999920e+01,-2.553056835499999977e+01,-3.296371212300000053e+01,-1.968783454000000077e+01
1.843921921900000171e+01,-3.950991042900000139e+01,-3.369571009100000225e+01,-2.606841008399999993e+01,-3.953539479100000165e+01,-3.295510535199999680e+01
1.845922922900000174e+01,-3.913710632499999775e+01,-3.472019974300000200e+01,-2.537171916799999849e+01,-3.464828713699999696e+01,-2.543852904599999931e+01
1.847923923900000176e+01,-3.967268977599999857e+01,-6.758638051200000518e+01,-2.977988349199999973e+01,-2.093311088600000147e+01,-2.976369561399999952e+01
1.849924924899999823e+01,-4.369848528400000021e+01,-3.373718698199999722e+01,-3.047260848000000166e+01,-2.989758438100000149e+01,-2.910016100300000019e+01
1.851925925899999825e+01,-2.668988040200000000e+01,-1.659675092000000163e+01,-2.341687739500000021e+01,-3.304944537200000099e+01,-2.122899237700000086e+01
1.853926926899999827e+01,-2.832363115000000064e+01,-2.763513839499999847e+01,-2.205024030699999926e+01,-2.547687531500000091e+01,-1.633251797200000155e+01
1.855927927899999830e+01,-3.969102617800000132e+01,-4.174329723999999686e+01,-2.248996443600000106e+01,-3.105998686699999922e+01,-2.333789567000000176e+01
1.857928928899999832e+01,-2.753817932799999824e+01,-3.051928297499999942e+01,-2.706232808200000051e+01,-4.168417604599999748e+01,-3.352276592599999816e+01
1.859929929899999834e+01,-4.020217821899999677e+01,-3.479545345799999723e+01,-1.418604119099999927e+01,-7.347975728099999770e+00,-8.085567713399999690e+00
1.861930930899999836e+01,-4.025093102700000003e+01,-3.013870792000000165e+01,-2.499877559500000146e+01,-3.087986177899999873e+01,-4.031422239999999846e+01
1.863931931899999839e+01,-3.107873699099999953e+01,-3.233317478499999709e+01,-3.067539512800000168e+01,-3.624474608500000272e+01,-3.269154938700000201e+01
1.865932932899999841e+01,-4.098315319600000350e+01,-3.888865814500000084e+01,-3.160946060199999863e+01,-2.124015940700000016e+01,-4.448964428800000093e+01
1.867933933899999843e+01,-4.644014315700000139e+01,-3.815364227999999969e+01,-2.893896857300000036e+01,-5.292989714000000134e+01,-4.321000262700000150e+01
1.869934934899999845e+01,-5.855994429700000126e+01,-2.737220605399999940e+01,-4.685813799099999954e+01,-4.024174566599999991e+01,-2.931313318100000131e+01
1.871935935899999848e+01,-5.026760148500000014e+01,-4.451373172699999969e+01,-3.464908041599999677e+01,-3.415865533099999851e+01,-3.443366816599999680e+01
1.873936936899999850e+01,-4.881153510000000040e+01,-4.029629986100000139e+01,-3.531384038600000252e+01,-3.211000862200000228e+01,-3.840559179099999909e+01
1.875937937899999852e+01,-4.765414418200000313e+01,-3.524003700400000128e+01,-2.768832297599999848e+01,-3.149414003700000109e+01,-3.505941416699999991e+01
1.877938938899999854e+01,-5.120457707300000294e+01,-4.072694719399999741e+01,-3.446316535999999786e+01,-2.620036321199999918e+01,-5.718848692299999925e+01
1.879939939899999857e+01,-3.605554699999999713e+01,-4.679149985400000133e+01,-3.034782949499999916e+01,-3.544428370699999675e+01,-3.351535021899999833e+01
1.881940940899999859e+01,-4.386638858199999902e+01,-3.511565353299999970e+01,-3.161792260200000015e+01,-3.115336714400000062e+01,-3.763301679900000352e+01
1.883941941899999861e+01,-3.243737721499999793e+01,-4.158547160799999887e+01,-2.401171125000000117e+01,-2.561680549600000134e+01,-5.319454984800000119e+01
1.885942942899999863e+01,-2.166760358000000153e+01,-3.637796508299999942e+01,-2.305244601700000118e+00,-1.286721354600000033e+01,-1.346075584500000089e+00
1.887943943899999866e+01,-4.350695202600000044e+01,-5.545912093500000140e+01,-3.417851841499999921e+01,-4.089505646700000341e+01,-3.317485543800000158e+01
1.889944944899999868e+01,-2.798868519499999863e+01,-4.555827690400000307e+01,-2.439503386199999824e+01,-3.326226879499999711e+01,-3.349254384399999651e+01
1.891945945899999870e+01,-3.329102378200000345e+01,-3.487506563000000170e+01,-2.313472841100000110e+01,-2.831953794400000035e+01,-3.640258302800000223e+01
1.893946946899999872e+01,-5.030281679099999792e+01,-7.448457850399999813e+01,-2.107330439200000072e+01,-2.480813144900000111e+01,-3.341252925599999912e+01
1.895947947899999875e+01,-3.439824484999999754e+01,-4.714159182099999867e+01,-2.306621999000000045e+01,-2.824532161400000163e+01,-3.261152646600000082e+01
1.897948948899999877e+01,-3.697031220600000267e+01,-4.034170646300000129e+01,-2.543086995399999850e+01,-2.743791903400000010e+01,-2.592308516499999982e+01
1.899949949899999879e+01,-5.656714111800000211e+01,-4.369392452200000321e+01,-2.460568569400000172e+01,-3.381329817400000337e+01,-2.810643979399999992e+01
1.901950950999999890e+01,-3.677766273900000016e+01,-4.472289147400000076e+01,-3.217611174799999674e+01,-2.958654053600000111e+01,-3.467891929799999673e+01
1.903951951999999892e+01,-3.392886497300000315e+01,-5.019370983200000325e+01,-3.558221249900000061e+01,-4.225263561300000248e+01,-3.879775108300000142e+01
1.905952952999999894e+01,-3.858278009099999650e+01,-5.165036984900000050e+01,-3.006722044199999999e+01,-4.727454315100000315e+01,-3.560766134899999713e+01
1.907953953999999896e+01,-2.678560238600000076e+01,-4.800556294500000121e+01,-3.586201106400000072e+01,-2.295718792499999950e+01,-2.788394420299999865e+01
1.909954954999999899e+01,-3.780142866199999929e+01,-3.670674129999999735e+01,-2.893319582000000167e+01,-2.380470721700000070e+01,-3.142641831399999930e+01
1.911955955999999901e+01,-5.279298890999999827e+01,-4.445017175499999951e+01,-3.035110250500000006e+01,-3.047466789799999987e+01,-3.536499306799999687e+01
1.913956956999999903e+01,-4.236773544500000099e+01,-2.255281084800000002e+01,-2.035952414999999860e+01,-2.716584026900000026e+01,-3.055903090400000011e+01
1.915957957999999905e+01,-4.936364775300000218e+01,-4.460138115899999889e+01,-3.675417090100000195e+01,-4.114017552400000000e+01,-3.557980723000000012e+01
1.917958958999999908e+01,-4.464938525299999839e+01,-3.624670668800000328e+01,-4.211017079799999863e+01,-3.074623844199999922e+01,-3.230856441499999931e+01
1.919959959999999910e+01,-3.488618093600000236e+01,-1.635169639100000083e+01,-1.601127960000000172e+01,-1.919178602799999922e+01,-3.688763129299999832e+00
1.921960960999999912e+01,-3.936522474899999935e+01,-3.752624324699999647e+01,-2.034456641199999893e+01,-2.850583396300000061e+01,-3.822231925399999852e+01
1.923961961999999914e+01,-3.765865928099999849e+01,-4.309033878200000345e+01,-3.132551208900000006e+01,-3.649590225400000065e+01,-3.489293426599999748e+01
1.925962962999999917e+01,-3.934156743900000208e+01,-2.951198181899999895e+01,-3.131081443000000064e+01,-2.865945086400000008e+01,-1.675794356800000173e+01
1.927963963999999919e+01,-4.424254055499999794e+01,-4.859118446099999744e+01,-1.356720872500000041e+01,-1.818980847999999995e+01,-7.056395668999999593e+00
1.929964964999999921e+01,-2.831806103999999991e+01,-2.458997829999999851e+01,-2.422587665500000043e+01,-3.388807272599999720e+01,-4.274650582600000348e+01
1.931965965999999923e+01,-2.860261066500000027e+01,-6.608938763400000305e+00,-1.643045233300000163e+01,-1.621801964000000140e+01,-1.267148670599999960e+01
1.933966966999999926e+01,-3.553284389299999901e+01,-6.536404441099999474e+01,-3.081322858100000062e+01,-3.367963329700000230e+01,-3.502288238500000261e+01
1.935967967999999928e+01,-3.824378124100000065e+01,-4.115629934199999695e+01,-2.788646237400000061e+01,-3.395551381899999654e+01,-3.135224687299999857e+01
1.937968968999999930e+01,-4.132929665099999994e+01,-2.537808526099999895e+01,-2.541910154099999986e+01,-3.406187769000000287e+01,-3.836549107999999819e+01
1.939969969999999932e+01,-3.717639836499999717e+01,-3.981410688900000139e+01,-3.665562914000000205e+01,-2.884945131199999935e+01,-2.961355030600000049e+01
1.941970970999999935e+01,-2.984937150100000025e+01,-4.337186775699999686e+01,-2.191889083399999905e+01,-2.987927493700000170e+01,-2.584177107600000056e+01
1.943971971999999937e+01,-3.072012357699999896e+01,-2.830449521599999940e+01,-1.892430394100000157e+01,-3.023693493700000090e+01,-5.293852185200000093e+01
1.945972972999999939e+01,-4.116207047799999685e+01,-5.352757376699999980e+01,-2.595611624700000064e+01,-3.337300478600000275e+01,-3.396893598500000166e+01
1.947973973999999941e+01,-3.185925784799999860e+01,-3.843873520300000024e+01,-3.692294718800000197e+01,-3.120508484300000163e+01,-2.921394143499999885e+01
1.949974974999999944e+01,-4.719357690300000030e+01,-4.358245568899999967e+01,-3.374475846899999709e+01,-2.944346473999999958e+01,-3.306073246399999732e+01
1.951975975999999946e+01,-6.001836073999999854e+01,-3.923336464199999796e+01,-2.150310342199999880e+01,-3.124140691099999856e+01,-2.896376827699999978e+01
1.953976976999999948e+01,-3.631450927200000223e+01,-4.148508620799999846e+01,-2.050667744700000128e+01,-3.307983856700000302e+01,-3.141245112800000072e+01
1.955977977999999950e+01,-6.174771499999999946e+01,-4.911746921700000001e+01,-2.317616727200000071e+01,-4.349848608799999994e+01,-3.066709719300000003e+01
1.957978978999999953e+01,-4.667050226100000287e+01,-4.027465995299999690e+01,-3.037393269200000034e+01,-2.064290573799999962e+01,-1.359642849599999970e+01
1.959979979999999955e+01,-2.920677381000000139e+01,-3.967070188900000005e+01,-2.137900517699999980e+01,-3.082819822600000137e+01,-4.965938153799999810e+01
1.961980980999999957e+01,-4.312827919600000115e+01,-4.044743114199999923e+01,-3.881492676399999908e+01,-3.023535150200000032e+01,-3.362191358100000116e+01
1.963981981999999959e+01,-3.942995987999999841e+01,-4.684837760599999967e+01,-1.552817714899999935e+01,-1.568165316900000050e+01,-2.549844357699999975e+01
1.965982982999999962e+01,-2.773788511100000065e+01,-3.279126243299999999e+01,-2.797206036600000090e+01,-3.211571352100000354e+01,-4.035367585000000190e+01
1.967983983999999964e+01,-4.805601642700000298e+01,-4.285625636200000343e+01,-3.068335798400000058e+01,-4.693526705899999740e+01,-2.923476849500000085e+01
1.969984984999999966e+01,-5.964000435599999861e+01,-6.515101070800000116e+01,-1.936208197399999875e+01,-2.547074348800000010e+01,-3.403081983799999932e+01
1.971985985999999968e+01,-3.349690167600000024e+01,-2.576368331600000161e+01,-9.926830471300000625e+00,-2.474593641399999910e+01,-4.922461631299999851e+01
1.973986986999999971e+01,-4.161367900900000194e+01,-4.914693756900000210e+01,-1.839864194800000163e+01,-3.086484052799999844e+01,-3.609267413999999974e+01
1.975987987999999973e+01,-4.762377907599999816e+01,-4.999722121199999947e+01,-3.110044016100000164e+01,-2.792157657599999965e+01,-2.911351310499999911e+01
1.977988988999999975e+01,-3.726570404099999934e+01,-4.020184342099999952e+01,-1.838185011499999888e+01,-3.850402652599999698e+01,-3.626051020199999897e+01
1.979989989999999977e+01,-4.603537407000000314e+01,-4.238473962100000136e+01,-1.401192546799999938e+01,-2.886507875599999906e+01,-2.935367315699999935e+01
1.981990990999999980e+01,-3.398654970700000177e+01,-3.518662894500000249e+01,-3.249070126400000191e+01,-2.744393122500000004e+01,-3.128588444400000057e+01
1.983991991999999982e+01,-3.529597192500000347e+01,-3.553857988699999737e+01,2.540541218400000023e+00,-1.830326556199999999e+01,-3.654508976300000000e+01
1.985992992999999984e+01,-5.092006793299999856e+01,-5.243704038100000275e+01,-2.366881144899999967e+01,-1.592748835199999924e+01,-2.769006076300000174e+01
1.987993993999999986e+01,-3.959709069299999840e+01,-3.595515648199999958e+01,-3.167979340799999832e+01,-2.861384512600000107e+01,-3.733883184500000141e+01
1.989994994999999989e+01,-3.567938811300000168e+01,-3.763940393400000062e+01,-2.655360162899999921e+01,-3.553773559799999759e+01,-2.854534093399999861e+01
1.991995995999999991e+01,-5.455412622299999725e+01,-4.755110246899999993e+01,-2.047482425999999833e+01,-2.595598810699999959e+01,-2.249903056699999837e+01
1.993996996999999993e+01,-3.364561846899999864e+01,-2.307064800799999915e+01,-3.749655472599999939e+01,-3.051205730899999935e+01,-3.666489209499999902e+01
1.995997997999999995e+01,-3.787980579500000289e+01,-3.662128185499999944e+01,-2.500935954499999880e+01,-2.573026464100000155e+01,-4.341868526300000042e+01
1.997998998999999998e+01,-3.250376219999999705e+01,-3.895168259300000102e+01,-3.507522021999999851e+01,-3.334903380800000150e+01,-2.810768761399999960e+01
2.000000000000000000e+01,-2.869445008399999963e+01,-3.226901039500000223e+01,-3.403169888000000043e+01,-3.106283731399999937e+01,-4.294084001499999914e+01
