freq_GHz,S21_dB,S31_dB,S41_dB,S51_dB,S61_dB
1.000000000000000021e-02,-7.016699630899999818e+01,-7.708272601699999882e+01,-7.254706282600000122e+01,-7.589841294699999708e+01,-7.565472721099999376e+01
3.001001001000000099e-02,-7.690453446600000120e+01,-7.921549777799999958e+01,-7.568949693899999431e+01,-7.897339537800000642e+01,-8.222688495600000635e+01
5.002002002000000003e-02,-8.620183910800000149e+01,-8.244532651400000134e+01,-8.426567134299999395e+01,-8.544838794300000018e+01,-8.268731748800000503e+01
7.003003002999999560e-02,-8.010321458500000347e+01,-7.827566962999999589e+01,-8.450385567899999728e+01,-7.906183849599999292e+01,-7.576415458900000033e+01
9.004004004000000505e-02,-8.138249548599999628e+01,-8.056536014300000659e+01,-7.565898760599999662e+01,-9.926114126800000292e+01,-7.932509673900000280e+01
1.100500500500000006e-01,-7.449839345399999502e+01,-7.869047531900000081e+01,-9.000990830599999981e+01,-8.438827328799999350e+01,-9.016398787500000367e+01
1.300600600600000101e-01,-9.886966646700000183e+01,-7.601213835500000471e+01,-7.327121055099999580e+01,-7.563133041700000092e+01,-7.694082521500000382e+01
1.500700700700000056e-01,-7.908313615500000537e+01,-7.870832230899999615e+01,-8.425696097799999507e+01,-8.134557409100000314e+01,-8.438014316500000689e+01
1.700800800800000012e-01,-7.334143516000000318e+01,-7.651268549600000313e+01,-9.712060357199999316e+01,-7.709443100699999718e+01,-7.834310784400000216e+01
1.900900900899999968e-01,-7.880136371999999767e+01,-7.568493975799999873e+01,-7.829892559500000004e+01,-8.933070556799999906e+01,-7.524240075999999533e+01
2.101001000999999924e-01,-7.947471604499999387e+01,-7.818760768399999961e+01,-8.533731325799999468e+01,-8.057465767300000437e+01,-7.906211854000000017e+01
2.301101101100000157e-01,-7.634129563000000473e+01,-7.603766764399999545e+01,-7.654551145099999587e+01,-9.916355287300000043e+01,-1.086332136799999972e+02
2.501201201200000113e-01,-7.705334572600000342e+01,-7.588104232300000263e+01,-8.150608847899999887e+01,-7.111644071700000325e+01,-8.153938063600000419e+01
2.701301301299999791e-01,-8.460989124699999309e+01,-8.130133811999999693e+01,-8.098636010500000282e+01,-9.111465900100000681e+01,-7.179398974000000067e+01
2.901401401400000024e-01,-8.411183589700000596e+01,-7.583225479200000052e+01,-9.229680584800000531e+01,-7.458665074500000003e+01,-7.707258779500000401e+01
3.101501501499999702e-01,-7.995430531600000279e+01,-8.328693801299999677e+01,-7.943195100699999500e+01,-8.114863422199999832e+01,-6.984247661599999901e+01
3.301601601600000491e-01,-7.948810435599999380e+01,-7.584032450200000142e+01,-7.181238649899999871e+01,-7.782537746299999526e+01,-7.808411007499999812e+01
3.501701701700000169e-01,-8.398788176300000430e+01,-7.899918355200000519e+01,-7.239112961799999368e+01,-8.471438721299999486e+01,-8.219180126999999914e+01
3.701801801799999847e-01,-7.849477098100000205e+01,-7.967815923300000236e+01,-7.244724872000000460e+01,-7.803722453999999686e+01,-7.641688089699999864e+01
3.901901901900000080e-01,-7.610548690100000613e+01,-7.287865329699999961e+01,-7.263568477399999779e+01,-8.094078356900000415e+01,-7.320682247599999926e+01
4.102002001999999758e-01,-7.139085596500000008e+01,-7.723082625199999995e+01,-7.037469504700000300e+01,-7.557876281100000426e+01,-7.807704572299999768e+01
4.302102102099999992e-01,-8.079775338800000384e+01,-7.319691178600000114e+01,-7.144536268199999540e+01,-7.762292859599999417e+01,-7.964562009099999784e+01
4.502202202200000225e-01,-7.119447591399999453e+01,-8.359043134200000225e+01,-7.720788235899999563e+01,-7.347098363599999971e+01,-7.612622258499999361e+01
4.702302302300000458e-01,-7.098778156500000591e+01,-9.833910123200000442e+01,-7.495304295399999717e+01,-7.472659629100000700e+01,-7.213627046999999948e+01
4.902402402400000136e-01,-8.021645063500000106e+01,-7.792591043500000580e+01,-7.049366175100000476e+01,-8.049127315799999849e+01,-7.449824783699999386e+01
5.102502502500000370e-01,-7.438186745699999847e+01,-7.874688084000000288e+01,-6.774287032300000533e+01,-7.215943877099999781e+01,-7.245008950999999797e+01
5.302602602599999493e-01,-7.127209624500000018e+01,-8.675641529499999649e+01,-6.772703257499999552e+01,-9.433600208100000373e+01,-6.520330045199999347e+01
5.502702702699999726e-01,-8.470416025699999807e+01,-6.953528468700000076e+01,-6.414868487100000038e+01,-6.923680782799999633e+01,-6.645393812400000400e+01
5.702802802799999959e-01,-8.796002712799999301e+01,-7.854640170400000443e+01,-6.026806268499999675e+01,-8.137701826200000710e+01,-6.011383408500000058e+01
5.902902902899999082e-01,-6.912517988599999796e+01,-6.986880653000000052e+01,-5.912237170600000269e+01,-7.888438014099999407e+01,-6.082789321399999949e+01
6.103003002999999316e-01,-7.826940499299999487e+01,-6.836312522699999761e+01,-5.556950424800000121e+01,-6.823759040999999570e+01,-5.769505845900000196e+01
6.303103103099999549e-01,-7.393000714999999445e+01,-7.382659988000000340e+01,-5.491308332399999870e+01,-6.809436831200000029e+01,-5.928973465199999993e+01
6.503203203200000893e-01,-6.837339653499999770e+01,-6.802763514999999472e+01,-5.225607360099999710e+01,-6.752735019200000011e+01,-5.642974407500000211e+01
6.703303303300000016e-01,-6.981991076900000337e+01,-7.862846625400000278e+01,-5.023461046799999963e+01,-6.539177372400000365e+01,-5.375955617900000050e+01
6.903403403400000249e-01,-7.097289291500000274e+01,-6.319214312199999739e+01,-5.065983251400000142e+01,-6.607386352599999668e+01,-5.358463421500000123e+01
7.103503503500000482e-01,-6.175183819899999804e+01,-5.794506705300000249e+01,-5.059820568199999968e+01,-7.022890656299999534e+01,-5.085386682899999755e+01
7.303603603599999605e-01,-6.093364665600000052e+01,-5.579066544999999877e+01,-4.938787022100000002e+01,-7.156101290399999471e+01,-4.902021228200000280e+01
7.503703703699999839e-01,-6.067238095199999748e+01,-5.730070429300000256e+01,-5.067314476300000337e+01,-7.533915268900000228e+01,-4.804199386700000218e+01
7.703803803800000072e-01,-6.129861194899999788e+01,-5.898824857799999677e+01,-4.960822619999999716e+01,-6.274215374199999928e+01,-4.725852446900000103e+01
7.903903903900000305e-01,-5.756228627499999817e+01,-5.802912456699999666e+01,-4.820038335099999927e+01,-6.538071606900000177e+01,-4.642731321200000139e+01
8.104004003999999428e-01,-5.763397317900000161e+01,-5.999717283399999701e+01,-4.765673114799999865e+01,-6.580660317000000248e+01,-4.539819481300000348e+01
8.304104104099999661e-01,-5.646240225700000082e+01,-6.776440226299999381e+01,-4.830860665099999807e+01,-6.259092631699999743e+01,-4.505317327499999891e+01
8.504204204199999895e-01,-5.429565045500000053e+01,-5.625563329999999951e+01,-4.835082497399999824e+01,-6.192469235099999736e+01,-4.539076990699999925e+01
8.704304304299999018e-01,-5.132018790200000069e+01,-5.260907246099999668e+01,-4.779403399800000329e+01,-6.105016294299999657e+01,-4.410767721999999935e+01
8.904404404400000361e-01,-5.432440714100000179e+01,-5.552583128700000259e+01,-4.745808853599999821e+01,-6.157804302800000329e+01,-4.401128619899999705e+01
9.104504504500000595e-01,-5.400504773099999767e+01,-5.806551241799999730e+01,-4.723751014199999787e+01,-5.998843755800000110e+01,-4.412351891699999840e+01
9.304604604600000828e-01,-5.318381770199999892e+01,-5.673005421999999953e+01,-4.777862561799999952e+01,-6.018691529099999826e+01,-4.391069211199999955e+01
9.504704704699999951e-01,-5.483345822700000127e+01,-5.697947252200000179e+01,-4.834394092400000176e+01,-6.238659178399999661e+01,-4.412638809199999912e+01
9.704804804800000184e-01,-5.451221057699999761e+01,-5.648099228499999924e+01,-4.776305154799999997e+01,-6.242394440900000063e+01,-4.492058898199999817e+01
9.904904904900000417e-01,-5.437717528299999969e+01,-6.194051874299999838e+01,-4.909603762799999771e+01,-6.280363934300000039e+01,-4.496619724399999996e+01
1.010500500500000065e+00,-5.561184697200000215e+01,-7.030556926299999532e+01,-4.914753483599999839e+01,-6.686585546400000624e+01,-4.639705261499999978e+01
1.030510510500000088e+00,-5.533550903900000151e+01,-6.272463233700000274e+01,-4.932080150600000223e+01,-5.977022471600000131e+01,-4.652585388600000016e+01
1.050520520500000110e+00,-5.676164302299999775e+01,-6.276460163600000186e+01,-4.797085965899999849e+01,-6.384345680999999928e+01,-4.689888802200000129e+01
1.070530530499999911e+00,-5.727351930700000082e+01,-5.928147482300000348e+01,-4.829602780500000136e+01,-6.003805627100000208e+01,-4.751429611399999686e+01
1.090540540499999933e+00,-5.912300563600000203e+01,-6.249366807999999907e+01,-4.859237417399999970e+01,-6.248165558800000241e+01,-4.597947671499999700e+01
1.110550550599999964e+00,-6.263871538699999775e+01,-6.028170348300000114e+01,-4.914848569899999831e+01,-7.506478766600000085e+01,-4.583146130899999804e+01
1.130560560599999986e+00,-5.793190777800000291e+01,-6.202873536500000284e+01,-4.883871380400000106e+01,-6.718931325900000218e+01,-4.473480630000000247e+01
1.150570570600000009e+00,-6.422089611799999886e+01,-7.043293818499999759e+01,-4.919275185000000050e+01,-8.549199398800000438e+01,-4.373361058700000115e+01
1.170580580599999809e+00,-5.818826209499999891e+01,-6.695182201199999383e+01,-4.798327911599999851e+01,-6.189871930700000036e+01,-4.357178143099999801e+01
1.190590590599999832e+00,-6.272863234300000101e+01,-7.801148541800000658e+01,-4.689760205299999996e+01,-6.806913629400000332e+01,-4.366713763599999965e+01
1.210600600599999854e+00,-6.704973197200000357e+01,-6.588347867199999541e+01,-4.593353427000000266e+01,-6.967369002099999875e+01,-4.415199506900000159e+01
1.230610610599999877e+00,-6.399731340499999988e+01,-6.204300953900000337e+01,-4.432525470299999881e+01,-7.098090251200000012e+01,-4.335209068399999666e+01
1.250620620599999899e+00,-7.627464057000000253e+01,-6.682180828299999575e+01,-4.332650268100000090e+01,-6.377843992599999723e+01,-4.253899345100000318e+01
1.270630630599999922e+00,-6.358872310800000349e+01,-7.080952929800000106e+01,-4.320537116300000235e+01,-6.768479848100000140e+01,-4.176262503800000303e+01
1.290640640599999944e+00,-5.898611174900000265e+01,-6.597048405500000001e+01,-4.331856588699999833e+01,-6.064528061400000070e+01,-4.116701282399999684e+01
1.310650650699999975e+00,-6.008140630100000124e+01,-6.512669668799999556e+01,-4.268454566599999822e+01,-5.932681452100000286e+01,-4.095997284700000307e+01
1.330660660699999998e+00,-5.443667322200000314e+01,-5.686506241099999670e+01,-4.228976163600000149e+01,-5.736407356800000201e+01,-4.057073456799999889e+01
1.350670670700000020e+00,-5.533551755599999922e+01,-5.906296494099999705e+01,-4.110825399299999816e+01,-5.864947689899999972e+01,-4.062535429300000089e+01
1.370680680700000043e+00,-5.362638512899999910e+01,-5.672027168099999983e+01,-4.072829301400000190e+01,-6.129116705599999904e+01,-3.961719495500000221e+01
1.390690690700000065e+00,-5.667280535100000094e+01,-5.917030370100000169e+01,-3.964018722899999858e+01,-6.392610903799999988e+01,-3.911676315500000101e+01
1.410700700700000088e+00,-5.841970572099999970e+01,-5.655154319399999707e+01,-3.835733311599999951e+01,-5.722200131000000312e+01,-3.857921502300000327e+01
1.430710710700000110e+00,-5.295792689299999978e+01,-5.833563694600000105e+01,-3.788553424399999869e+01,-5.593965999800000333e+01,-3.777379414100000332e+01
1.450720720700000133e+00,-5.039906106200000124e+01,-5.754322840300000053e+01,-3.717880183300000141e+01,-5.910009825800000272e+01,-3.668005465699999945e+01
1.470730730700000155e+00,-5.182201367700000105e+01,-5.651744499800000199e+01,-3.618174890600000282e+01,-5.743414414400000112e+01,-3.509210170299999731e+01
1.490740740699999956e+00,-4.995642845199999726e+01,-5.618793847599999935e+01,-3.534648465899999792e+01,-5.763063809700000206e+01,-3.387362381100000164e+01
1.510750750799999986e+00,-4.884236419999999868e+01,-5.717322212100000201e+01,-3.410432925500000323e+01,-6.133547449999999657e+01,-3.246229202899999677e+01
1.530760760800000009e+00,-4.884366156899999822e+01,-6.255334385500000138e+01,-3.314269915900000285e+01,-6.440512860299999431e+01,-3.147858072100000015e+01
1.550770770800000031e+00,-4.784623479999999773e+01,-6.284962299299999700e+01,-3.190693369399999924e+01,-6.097692986100000212e+01,-3.052703300399999975e+01
1.570780780800000054e+00,-4.744510017500000032e+01,-6.463395864199999608e+01,-3.170750440300000150e+01,-5.644236962600000140e+01,-2.996432471800000030e+01
1.590790790799999854e+00,-5.004519160099999908e+01,-5.794787190299999935e+01,-3.195726408699999865e+01,-5.327228636400000283e+01,-2.941018799200000089e+01
1.610800800799999877e+00,-5.319247473699999773e+01,-5.409508221299999775e+01,-3.215146722899999787e+01,-5.614648728200000249e+01,-2.944205486599999944e+01
1.630810810799999899e+00,-4.809081601300000131e+01,-5.557481297199999659e+01,-3.100776854800000137e+01,-5.834915823299999715e+01,-2.901951322600000083e+01
1.650820820799999922e+00,-4.669711290099999701e+01,-5.594242834199999947e+01,-3.021493906899999971e+01,-7.296065516100000536e+01,-2.867571171899999882e+01
1.670830830799999944e+00,-4.469737828499999921e+01,-5.384931894300000010e+01,-2.929967917999999827e+01,-5.751640082099999773e+01,-2.829897313300000050e+01
1.690840840799999967e+00,-4.155809960599999897e+01,-5.086631599900000111e+01,-2.875910623900000118e+01,-5.317636602500000009e+01,-2.776528490800000171e+01
1.710850850899999998e+00,-4.160323598299999759e+01,-5.131135810300000344e+01,-2.863416036699999978e+01,-5.045020097199999753e+01,-2.698937559799999875e+01
1.730860860900000020e+00,-4.177903554400000274e+01,-5.388613397999999677e+01,-2.875764663100000007e+01,-5.331546570300000099e+01,-2.697403741100000119e+01
1.750870870900000043e+00,-4.146481843800000178e+01,-5.633722265299999776e+01,-2.940546266699999833e+01,-5.347939493799999866e+01,-2.751038760400000172e+01
1.770880880900000065e+00,-4.243032493999999843e+01,-5.832056976100000156e+01,-3.004184523900000059e+01,-5.440277489900000063e+01,-2.777290682799999999e+01
1.790890890900000088e+00,-4.337295058099999778e+01,-5.938247118499999999e+01,-3.068665800699999835e+01,-5.166089465900000022e+01,-2.824761127400000049e+01
1.810900900900000110e+00,-4.522879364900000354e+01,-5.115573160600000335e+01,-3.096023616600000139e+01,-5.264264659300000204e+01,-2.873235614800000093e+01
1.830910910900000133e+00,-4.710659551599999872e+01,-5.239922837299999969e+01,-3.126295557299999928e+01,-5.460179270199999735e+01,-2.916967252199999905e+01
1.850920920900000155e+00,-5.117746282000000235e+01,-5.576064949300000251e+01,-3.188106237899999940e+01,-5.768022912499999677e+01,-3.006128350399999860e+01
1.870930930900000178e+00,-5.381617030499999998e+01,-5.511760219300000330e+01,-3.221585857200000191e+01,-5.854052684599999878e+01,-3.081332303900000014e+01
1.890940940900000200e+00,-5.642916752099999655e+01,-5.617814315500000077e+01,-3.270809929699999685e+01,-5.521161619899999806e+01,-3.107922596899999945e+01
1.910950951000000009e+00,-5.655386347200000330e+01,-5.566648350700000236e+01,-3.319570466300000078e+01,-5.313140276800000095e+01,-3.162909723099999937e+01
1.930960961000000031e+00,-6.173937989299999884e+01,-5.675235628499999763e+01,-3.344213713799999965e+01,-5.389203210299999824e+01,-3.157203693700000002e+01
1.950970971000000054e+00,-5.630722405499999894e+01,-5.096980858599999920e+01,-3.326244084799999712e+01,-5.529130115200000262e+01,-3.124960687300000117e+01
1.970980981000000076e+00,-5.702171685700000126e+01,-4.866347036999999887e+01,-3.289453280200000052e+01,-5.766752148199999795e+01,-3.095066707699999853e+01
1.990990991000000099e+00,-5.380444582799999864e+01,-4.979690032399999922e+01,-3.270744793699999775e+01,-6.525371907500000646e+01,-3.048484384600000041e+01
2.011001000999999899e+00,-5.471023475199999808e+01,-4.915193111100000323e+01,-3.278305314100000345e+01,-6.263420432899999923e+01,-3.020145248900000112e+01
2.031011010999999922e+00,-5.279765907400000202e+01,-4.983481716800000072e+01,-3.287957562900000141e+01,-6.065313302799999917e+01,-3.005143444300000155e+01
2.051021020999999944e+00,-5.211498289200000045e+01,-5.010467111399999851e+01,-3.240133531099999686e+01,-6.602634419299999990e+01,-2.972411112900000063e+01
2.071031030999999967e+00,-5.493242898399999774e+01,-4.845775625999999647e+01,-3.162268581600000061e+01,-7.065298359099999459e+01,-2.911534956999999935e+01
2.091041040999999989e+00,-5.500049281100000087e+01,-4.697785320700000256e+01,-3.120376150799999948e+01,-6.074785722400000054e+01,-2.930328944600000085e+01
2.111051051100000020e+00,-5.467198114600000025e+01,-4.621285846699999666e+01,-3.109735573700000089e+01,-6.350183580099999858e+01,-2.933970959899999897e+01
2.131061061100000043e+00,-5.006571382599999964e+01,-4.523718804199999965e+01,-3.106405051599999823e+01,-6.507455886699999326e+01,-2.922108858200000014e+01
2.151071071100000065e+00,-4.773904090300000291e+01,-4.577990388199999927e+01,-3.103337549400000128e+01,-6.044244701000000219e+01,-2.925618989499999856e+01
2.171081081100000088e+00,-4.626338159800000227e+01,-4.458402274600000226e+01,-3.098752139300000152e+01,-6.044403820299999808e+01,-2.905818618200000003e+01
2.191091091100000110e+00,-4.695206251999999836e+01,-4.369646639999999849e+01,-3.024734003300000040e+01,-6.152368107800000274e+01,-2.908271077199999866e+01
2.211101101099999688e+00,-4.739386553100000299e+01,-4.398586129099999908e+01,-3.018709437000000051e+01,-5.755784561699999813e+01,-2.947554353900000024e+01
2.231111111099999711e+00,-4.770628146699999661e+01,-4.602422717099999971e+01,-3.034810420999999891e+01,-5.642836630200000059e+01,-2.928156990800000159e+01
2.251121121099999733e+00,-4.575802691700000224e+01,-4.532839381899999864e+01,-3.089466843099999949e+01,-5.350664685899999995e+01,-2.921835111600000090e+01
2.271131131099999756e+00,-4.653389811299999934e+01,-4.612547671200000110e+01,-3.128148097000000050e+01,-5.677490802700000216e+01,-2.904340544700000137e+01
2.291141141099999778e+00,-4.711376694500000184e+01,-4.602582061300000049e+01,-3.115274022999999914e+01,-6.175798145299999931e+01,-2.896707282799999916e+01
2.311151151199999809e+00,-4.691279941700000222e+01,-4.574711014900000094e+01,-3.099646832499999860e+01,-6.496345008100000484e+01,-2.859610763299999903e+01
2.331161161199999832e+00,-4.596055801800000040e+01,-4.467735292799999769e+01,-3.101925280200000046e+01,-6.007751265899999993e+01,-2.821033544000000148e+01
2.351171171199999854e+00,-4.654373823200000260e+01,-4.257195051000000063e+01,-3.031000062100000036e+01,-6.488378619399999536e+01,-2.763499748099999920e+01
2.371181181199999877e+00,-4.594293996500000077e+01,-4.286286894199999864e+01,-3.021968651799999961e+01,-6.482786108300000194e+01,-2.716784124400000167e+01
2.391191191199999899e+00,-4.689043433300000174e+01,-4.345389445099999648e+01,-3.028325096100000025e+01,-5.930661059199999841e+01,-2.675605135300000015e+01
2.411201201199999922e+00,-4.578737548499999832e+01,-4.291408123499999760e+01,-3.012135615000000044e+01,-5.609380232200000194e+01,-2.671048575200000030e+01
2.431211211199999944e+00,-4.642073201400000215e+01,-4.344556066300000197e+01,-3.022855105100000017e+01,-5.745491390000000109e+01,-2.665312589999999915e+01
2.451221221199999967e+00,-4.777121808199999720e+01,-4.336201911300000233e+01,-3.022895983500000128e+01,-5.950521326999999872e+01,-2.673904451099999946e+01
2.471231231199999989e+00,-4.952604341699999679e+01,-4.352502376399999662e+01,-3.011376464399999975e+01,-5.799274165100000289e+01,-2.675911798499999961e+01
2.491241241200000012e+00,-5.370080419800000016e+01,-4.437459530099999938e+01,-3.035957368700000103e+01,-6.271314934299999777e+01,-2.689584434300000026e+01
2.511251251300000042e+00,-5.121436908100000096e+01,-4.289710671499999961e+01,-3.045085816799999989e+01,-5.718730184799999705e+01,-2.688555764399999859e+01
2.531261261300000065e+00,-5.165056870400000122e+01,-4.306636806200000223e+01,-3.117955000599999948e+01,-5.585730250600000346e+01,-2.698159137400000063e+01
2.551271271300000087e+00,-5.302455707200000035e+01,-4.334868222800000126e+01,-3.177771551100000025e+01,-5.475576595399999746e+01,-2.723294604399999841e+01
2.571281281300000110e+00,-4.977020427000000069e+01,-4.267492484099999928e+01,-3.230351098500000262e+01,-5.336243708199999958e+01,-2.768346691900000067e+01
2.591291291300000132e+00,-5.175209394699999876e+01,-4.250696550899999693e+01,-3.284139980599999831e+01,-5.359637177599999802e+01,-2.769775515099999907e+01
2.611301301300000155e+00,-5.475806645699999819e+01,-4.193715199599999721e+01,-3.333097311600000268e+01,-5.394554419199999984e+01,-2.768371918800000131e+01
2.631311311300000177e+00,-5.319250505400000151e+01,-4.208607786799999673e+01,-3.413390087399999828e+01,-6.550261587500000360e+01,-2.757474454999999836e+01
2.651321321300000200e+00,-5.313795609600000347e+01,-4.415365782399999972e+01,-3.483099789900000331e+01,-6.803458935099999394e+01,-2.750994058499999895e+01
2.671331331300000222e+00,-5.413434896399999730e+01,-4.421837064000000339e+01,-3.492646132000000136e+01,-6.572869326100000364e+01,-2.743244530799999836e+01
2.691341341300000245e+00,-5.593496856200000167e+01,-4.681685000600000279e+01,-3.496799122299999851e+01,-6.087553800700000295e+01,-2.741558646400000043e+01
2.711351351400000276e+00,-5.830195710800000342e+01,-4.773309418000000193e+01,-3.517740113400000013e+01,-5.540674080800000212e+01,-2.716647930699999947e+01
2.731361361400000298e+00,-6.574072293000000400e+01,-4.849132994800000063e+01,-3.532132303099999859e+01,-5.504928909899999923e+01,-2.706610332600000035e+01
2.751371371399999877e+00,-7.271649357699999427e+01,-4.989042532999999935e+01,-3.593456184600000114e+01,-5.967956834700000002e+01,-2.701887669999999986e+01
2.771381381399999899e+00,-6.223398697500000054e+01,-5.199468098700000240e+01,-3.645286702599999984e+01,-6.501110338300000535e+01,-2.669322383300000112e+01
2.791391391399999922e+00,-5.684162446100000210e+01,-5.900465122300000331e+01,-3.651553219800000250e+01,-6.279577763000000346e+01,-2.652590648900000048e+01
2.811401401399999944e+00,-5.377316892099999990e+01,-5.803999767599999871e+01,-3.658046097900000149e+01,-7.168560698299999956e+01,-2.638414157600000109e+01
2.831411411399999967e+00,-5.536489111800000273e+01,-6.063611817200000331e+01,-3.643311305900000008e+01,-5.988787082700000042e+01,-2.605006062500000041e+01
2.851421421399999989e+00,-5.349260642400000165e+01,-5.925147079300000286e+01,-3.675960025399999864e+01,-5.693436674699999855e+01,-2.581101028899999861e+01
2.871431431400000012e+00,-5.645900624000000079e+01,-6.751476201200000560e+01,-3.668252581499999820e+01,-5.576120191100000056e+01,-2.572464058799999975e+01
2.891441441400000034e+00,-5.252653864700000241e+01,-5.541077449899999863e+01,-3.635622853699999979e+01,-5.267149725099999813e+01,-2.538933257400000088e+01
2.911451451500000065e+00,-5.338740799499999667e+01,-6.103063443399999954e+01,-3.625394063699999947e+01,-5.472895431900000318e+01,-2.531950974100000096e+01
2.931461461500000087e+00,-5.516158469700000211e+01,-5.325619312300000274e+01,-3.680861183300000050e+01,-5.375609839100000187e+01,-2.521749606699999902e+01
2.951471471500000110e+00,-5.618123503799999696e+01,-5.043571265300000306e+01,-3.735132875499999727e+01,-5.741116192100000148e+01,-2.480804609600000177e+01
2.971481481500000132e+00,-5.215984762499999761e+01,-5.309629736200000139e+01,-3.676660441800000001e+01,-5.496900793700000065e+01,-2.465257792499999923e+01
2.991491491500000155e+00,-5.205451954699999817e+01,-5.233029173399999934e+01,-3.777625263299999858e+01,-5.238861054600000244e+01,-2.426498137300000124e+01
3.011501501500000177e+00,-5.014343722200000286e+01,-5.344692276800000030e+01,-3.771774977300000131e+01,-5.101382073300000286e+01,-2.394316594600000059e+01
3.031511511500000200e+00,-5.173236963099999741e+01,-5.546908669100000111e+01,-3.677613812500000279e+01,-5.339197298199999864e+01,-2.351446157199999831e+01
3.051521521499999778e+00,-5.091788231099999962e+01,-5.394324222000000191e+01,-3.612905608999999885e+01,-5.112744474200000155e+01,-2.328242825499999924e+01
3.071531531499999801e+00,-5.085938265200000075e+01,-5.673423296600000043e+01,-3.514584593099999665e+01,-4.924613088000000261e+01,-2.289525775499999938e+01
3.091541541499999823e+00,-5.243417910000000148e+01,-5.342862215899999967e+01,-3.478436966099999950e+01,-4.952497033800000281e+01,-2.278926295500000165e+01
3.111551551599999854e+00,-4.991770960099999854e+01,-5.483266931699999702e+01,-3.384259507899999875e+01,-5.160437504800000141e+01,-2.244915372999999903e+01
3.131561561599999877e+00,-5.128499045699999925e+01,-5.092953684100000089e+01,-3.304880969999999962e+01,-5.115367366600000310e+01,-2.214617886799999980e+01
3.151571571599999899e+00,-5.027040898900000343e+01,-4.955061216200000018e+01,-3.226849019699999843e+01,-5.188995667700000070e+01,-2.189739636999999917e+01
3.171581581599999922e+00,-5.020609629599999835e+01,-5.252667897500000294e+01,-3.209715438700000334e+01,-5.297388440299999957e+01,-2.172580881400000052e+01
3.191591591599999944e+00,-5.047592028300000067e+01,-5.290285238500000276e+01,-3.152918474999999887e+01,-5.393979413899999997e+01,-2.132381746800000144e+01
3.211601601599999967e+00,-5.181570542000000046e+01,-4.993388667699999672e+01,-3.124729777900000016e+01,-5.533948004500000195e+01,-2.115443638600000043e+01
3.231611611599999989e+00,-5.168067757699999731e+01,-5.118394930000000187e+01,-3.107060529800000026e+01,-5.582534722300000141e+01,-2.078430904700000070e+01
3.251621621600000012e+00,-5.227388562600000199e+01,-5.044120070700000014e+01,-3.042554889499999859e+01,-5.504334759200000349e+01,-2.041715158199999891e+01
3.271631631600000034e+00,-5.141002027300000066e+01,-5.075933775400000059e+01,-3.024278182799999826e+01,-5.165730893500000320e+01,-2.030716868800000086e+01
3.291641641600000057e+00,-5.229766525600000193e+01,-4.855586610299999961e+01,-3.005897036800000066e+01,-5.182289816899999835e+01,-2.024343201900000011e+01
3.311651651699999643e+00,-5.324157989799999768e+01,-5.002936861599999929e+01,-2.967642742299999981e+01,-5.918623474599999668e+01,-1.999076184600000161e+01
3.331661661699999666e+00,-5.720690353799999883e+01,-5.111436136300000044e+01,-2.919511870799999897e+01,-5.397391174500000233e+01,-1.988553346899999852e+01
3.351671671699999688e+00,-5.627722362899999808e+01,-5.409380349199999927e+01,-2.896244338800000051e+01,-5.761724649599999992e+01,-1.979906536900000091e+01
3.371681681699999711e+00,-5.368100877199999843e+01,-5.648491359999999872e+01,-2.814902349700000173e+01,-6.025005527700000130e+01,-1.963916608499999938e+01
3.391691691699999733e+00,-5.431712240099999889e+01,-5.014128636800000294e+01,-2.800241078499999858e+01,-6.030362944099999822e+01,-1.973365266900000137e+01
3.411701701699999756e+00,-5.011222144900000330e+01,-5.891029783799999819e+01,-2.742408159200000028e+01,-7.776434358900000632e+01,-2.003306057500000037e+01
3.431711711699999778e+00,-4.921108011300000129e+01,-5.569468400299999900e+01,-2.675613063200000141e+01,-5.837865593800000141e+01,-2.018626905500000035e+01
3.451721721699999801e+00,-4.744821235100000223e+01,-5.120873706500000111e+01,-2.615562985300000065e+01,-5.814525705300000169e+01,-2.061874187200000108e+01
3.471731731699999823e+00,-4.618144811199999822e+01,-5.762765465599999715e+01,-2.602895602399999930e+01,-7.122254351700000541e+01,-2.092724616499999968e+01
3.491741741699999846e+00,-4.650590999399999959e+01,-5.736481795299999931e+01,-2.556551192399999906e+01,-6.442331262099999378e+01,-2.128266226199999878e+01
3.511751751800000321e+00,-4.851511100900000173e+01,-5.013860828199999986e+01,-2.550354767800000033e+01,-5.843179891199999787e+01,-2.196338085600000056e+01
3.531761761800000343e+00,-4.777527344800000009e+01,-5.036953736899999967e+01,-2.513509231999999827e+01,-6.003385455400000126e+01,-2.248738893499999847e+01
3.551771771800000366e+00,-4.881530837100000042e+01,-5.321120647800000114e+01,-2.473022809100000075e+01,-6.588641291800000488e+01,-2.311628696000000005e+01
3.571781781800000388e+00,-4.917505627399999923e+01,-4.694572951100000324e+01,-2.486327095900000117e+01,-7.349412616399999365e+01,-2.380867705800000067e+01
3.591791791800000411e+00,-4.857953738500000185e+01,-4.410172617300000297e+01,-2.472096844800000071e+01,-7.200725403799999924e+01,-2.436145819200000062e+01
3.611801801799999989e+00,-5.085016770400000041e+01,-4.405899054500000034e+01,-2.464455438099999895e+01,-6.851210692899999799e+01,-2.491434850999999995e+01
3.631811811800000012e+00,-4.840874337399999661e+01,-4.636173680699999977e+01,-2.460452224000000143e+01,-5.746308939499999724e+01,-2.534834281799999900e+01
3.651821821800000034e+00,-4.784783683199999871e+01,-4.603924049399999774e+01,-2.460741097600000060e+01,-6.349226111499999803e+01,-2.561469656299999897e+01
3.671831831800000057e+00,-4.987536329400000312e+01,-4.605067145999999667e+01,-2.454132683699999973e+01,-6.897187220099999649e+01,-2.592787036200000017e+01
3.691841841800000079e+00,-5.054827702600000094e+01,-4.523422458000000290e+01,-2.473226747500000045e+01,-6.482889184799999782e+01,-2.653578777199999905e+01
3.711851851900000110e+00,-4.745252547999999848e+01,-4.787591882899999973e+01,-2.479845861900000159e+01,-5.821144143000000071e+01,-2.657514373000000063e+01
3.731861861900000132e+00,-4.630060203099999683e+01,-5.639148193199999781e+01,-2.481132127600000103e+01,-5.489081532200000169e+01,-2.687295969599999879e+01
3.751871871900000155e+00,-5.227700810599999670e+01,-4.856741182700000081e+01,-2.518611595500000178e+01,-6.270031129499999878e+01,-2.707672704100000161e+01
3.771881881900000177e+00,-5.126113393100000337e+01,-4.753026193200000193e+01,-2.559094456100000059e+01,-6.580444166700000608e+01,-2.691764804399999989e+01
3.791891891900000200e+00,-5.096550915699999962e+01,-5.030168056800000187e+01,-2.593244447100000016e+01,-5.891442583599999949e+01,-2.666034888100000089e+01
3.811901901900000222e+00,-5.127896914800000161e+01,-4.947964701600000126e+01,-2.563720485400000015e+01,-5.448549155700000313e+01,-2.613027143000000052e+01
3.831911911900000245e+00,-4.787500142999999753e+01,-4.570675660199999868e+01,-2.586291987299999917e+01,-6.367779982799999772e+01,-2.567747281999999842e+01
3.851921921900000267e+00,-4.853040558899999724e+01,-4.506523454500000270e+01,-2.618342366799999965e+01,-6.275379034099999842e+01,-2.525715910699999966e+01
3.871931931900000290e+00,-4.851473883399999920e+01,-4.706381942299999821e+01,-2.621246713800000094e+01,-5.520406100299999963e+01,-2.517863391899999925e+01
3.891941941900000312e+00,-5.435734374100000110e+01,-5.667165979600000014e+01,-2.607092069300000148e+01,-5.443753897300000233e+01,-2.480365326500000123e+01
3.911951951999999899e+00,-5.266806162999999685e+01,-4.811498665300000255e+01,-2.584159606500000095e+01,-5.823078568500000074e+01,-2.444034831000000096e+01
3.931961961999999922e+00,-5.778979781999999688e+01,-4.524017072200000200e+01,-2.606051441500000010e+01,-6.092410818799999817e+01,-2.452870924999999858e+01
3.951971971999999944e+00,-4.909158294400000244e+01,-4.680264779499999861e+01,-2.671585159500000017e+01,-7.188487670199999968e+01,-2.413920378799999966e+01
3.971981981999999967e+00,-5.186204359100000261e+01,-5.772785605899999695e+01,-2.637892506400000059e+01,-6.086117024299999656e+01,-2.368006132400000041e+01
3.991991991999999989e+00,-5.126678539499999943e+01,-5.082613316500000167e+01,-2.651303083000000171e+01,-6.110125381600000338e+01,-2.362574718100000126e+01
4.012002002000000012e+00,-5.244438120299999895e+01,-4.690569570200000271e+01,-2.727461703399999848e+01,-6.070954151699999812e+01,-2.324338462400000083e+01
4.032012012000000034e+00,-5.251061187599999869e+01,-5.010396864900000224e+01,-2.748376978399999970e+01,-5.855247940900000003e+01,-2.298249453600000081e+01
4.052022022000000057e+00,-5.819053327599999648e+01,-5.591890294800000305e+01,-2.732022995999999893e+01,-6.013190984700000286e+01,-2.288064485800000014e+01
4.072032032000000079e+00,-6.414802529700000377e+01,-4.637592127500000316e+01,-2.801812312699999907e+01,-6.122940207199999918e+01,-2.276478641699999983e+01
4.092042042000000102e+00,-6.160249386699999974e+01,-4.388749645899999763e+01,-2.833659955799999963e+01,-5.460490074599999843e+01,-2.275471396300000038e+01
4.112052052100000132e+00,-5.701205694000000079e+01,-4.494496021100000149e+01,-2.844698536299999958e+01,-5.652830606999999929e+01,-2.270222953800000099e+01
4.132062062100000155e+00,-5.905225234099999909e+01,-5.230975394600000072e+01,-2.924300386099999827e+01,-6.872040338200000065e+01,-2.241294779200000065e+01
4.152072072100000177e+00,-5.699659739199999819e+01,-4.989697215300000011e+01,-2.962057053099999848e+01,-7.252426620299999627e+01,-2.245024624899999921e+01
4.172082082100000200e+00,-5.164468282499999674e+01,-4.570421768199999946e+01,-2.979526779500000089e+01,-5.184989672399999705e+01,-2.278243316000000007e+01
4.192092092100000222e+00,-5.171850755399999855e+01,-4.545416174199999659e+01,-3.096308675899999940e+01,-6.038138893699999699e+01,-2.291296776300000104e+01
4.212102102100000245e+00,-5.111298823900000343e+01,-4.830276268200000089e+01,-3.168323077899999873e+01,-6.697867869399999563e+01,-2.282158585799999884e+01
4.232112112100000267e+00,-5.451881331900000305e+01,-5.020845950199999663e+01,-3.156363041699999883e+01,-6.316663734000000119e+01,-2.297666055099999838e+01
4.252122122100000290e+00,-5.142913407900000067e+01,-5.377174574299999676e+01,-3.252837659000000059e+01,-5.227809934700000127e+01,-2.320329486900000049e+01
4.272132132100000312e+00,-4.916000157300000240e+01,-5.241266674399999914e+01,-3.336847242599999674e+01,-5.827938810900000277e+01,-2.330997317699999982e+01
4.292142142100000335e+00,-5.031201428499999651e+01,-5.972431809300000083e+01,-3.335669769300000098e+01,-5.161285983100000152e+01,-2.354543320399999828e+01
4.312152152199999477e+00,-4.880038993899999866e+01,-6.963142961399999820e+01,-3.247472653500000206e+01,-5.399895695600000067e+01,-2.360535736199999945e+01
4.332162162199999500e+00,-5.455953554700000296e+01,-5.002840850700000175e+01,-3.278288930000000079e+01,-5.912206860500000261e+01,-2.399233892499999854e+01
4.352172172199999522e+00,-5.301906768300000294e+01,-4.744731148599999671e+01,-3.252845305900000028e+01,-5.896130170499999679e+01,-2.413263605499999898e+01
4.372182182199999545e+00,-5.139085730099999694e+01,-5.618889721200000054e+01,-3.146594221100000155e+01,-6.594651717099999644e+01,-2.465864256300000079e+01
4.392192192199999567e+00,-4.836122878799999825e+01,-5.456896166700000350e+01,-3.148554259899999863e+01,-6.375083912600000247e+01,-2.492365402600000124e+01
4.412202202199999590e+00,-5.518945061299999821e+01,-5.719447817300000025e+01,-3.157726577600000084e+01,-5.650399324299999648e+01,-2.494794609099999860e+01
4.432212212199999612e+00,-5.144513244400000218e+01,-6.449861348100000669e+01,-3.194946388600000020e+01,-6.831905028200000629e+01,-2.525845330799999999e+01
4.452222222199999635e+00,-5.213236762100000021e+01,-5.072963780100000264e+01,-3.177450525900000144e+01,-5.578639503299999802e+01,-2.577036527599999971e+01
4.472232232199999657e+00,-6.008740899000000013e+01,-5.540301359299999717e+01,-3.170983474599999852e+01,-5.554821205900000081e+01,-2.594241941499999982e+01
4.492242242199999680e+00,-5.307523170999999707e+01,-5.026022287800000043e+01,-3.165934936000000022e+01,-5.577719056000000108e+01,-2.601687897300000074e+01
4.512252252300000599e+00,-5.633516953099999824e+01,-4.989852970399999776e+01,-3.162714641299999840e+01,-5.807080811499999839e+01,-2.682203681800000084e+01
4.532262262300000621e+00,-5.606419229699999818e+01,-4.718731637799999845e+01,-3.102681791599999883e+01,-5.948627665499999750e+01,-2.685967431399999938e+01
4.552272272299999756e+00,-5.276545428499999701e+01,-5.024148678200000262e+01,-3.037844637799999958e+01,-6.423267020400000149e+01,-2.712886070300000085e+01
4.572282282299999778e+00,-5.639864778100000109e+01,-5.300327123099999937e+01,-3.052644842799999836e+01,-5.952767943500000314e+01,-2.756470638900000125e+01
4.592292292299999801e+00,-6.057187389799999977e+01,-5.979984193100000311e+01,-3.027122715599999836e+01,-6.368002253800000290e+01,-2.768410185400000145e+01
4.612302302299999823e+00,-5.321055976099999896e+01,-4.967968283999999812e+01,-2.966135413199999959e+01,-5.225558795100000253e+01,-2.799033131299999866e+01
4.632312312299999846e+00,-5.969017783299999991e+01,-4.690095431000000303e+01,-2.951402347100000156e+01,-5.617879624799999760e+01,-2.827069235600000141e+01
4.652322322299999868e+00,-5.697293505799999735e+01,-4.600278409599999918e+01,-2.889847319700000128e+01,-6.097129330700000338e+01,-2.784741084799999911e+01
4.672332332299999891e+00,-5.972213228300000054e+01,-5.253787392499999953e+01,-2.856638483000000051e+01,-6.501919793199999731e+01,-2.811660282400000099e+01
4.692342342299999913e+00,-4.989678583300000270e+01,-4.889065561599999654e+01,-2.872289085299999911e+01,-6.073231011600000073e+01,-2.883097417899999826e+01
4.712352352399999944e+00,-5.713777438399999653e+01,-4.777654840000000291e+01,-2.852337358699999825e+01,-5.265669610199999795e+01,-2.880516682700000075e+01
4.732362362399999967e+00,-5.193298144300000274e+01,-4.923957562900000084e+01,-2.818660056199999886e+01,-5.795815086599999688e+01,-2.914545657100000042e+01
4.752372372399999989e+00,-5.686554447500000009e+01,-4.922612753599999991e+01,-2.839587045200000048e+01,-5.576007313299999879e+01,-2.899625940600000007e+01
4.772382382400000012e+00,-5.853034702499999753e+01,-5.880311158699999652e+01,-2.746172255600000156e+01,-6.635608528699999908e+01,-2.945821307299999958e+01
4.792392392400000034e+00,-5.860368198900000181e+01,-5.271242727399999950e+01,-2.743871002299999873e+01,-5.517609621399999753e+01,-2.958439934600000143e+01
4.812402402400000057e+00,-6.046510025700000313e+01,-4.688279223800000040e+01,-2.660288941600000001e+01,-5.675456398699999738e+01,-3.021391237399999952e+01
4.832412412399999191e+00,-5.358654647000000182e+01,-4.719848457500000194e+01,-2.674728577599999824e+01,-6.614362058700000091e+01,-3.113191587300000052e+01
4.852422422399999213e+00,-5.840442620599999657e+01,-4.839967312499999963e+01,-2.714620374100000078e+01,-6.464192948100000535e+01,-3.160329320800000019e+01
4.872432432399999236e+00,-4.515482123599999653e+01,-4.614803927999999900e+01,-2.691553445499999953e+01,-5.430852164400000248e+01,-3.185891595500000051e+01
4.892442442399999258e+00,-4.676316166499999838e+01,-5.181277596299999999e+01,-2.694883566800000096e+01,-5.707584921200000139e+01,-3.174930267799999939e+01
4.912452452500000177e+00,-4.697178710200000040e+01,-4.743349051100000224e+01,-2.688921271299999916e+01,-6.033840243600000264e+01,-3.275020949500000000e+01
4.932462462500000200e+00,-4.930567039299999976e+01,-4.618512750200000028e+01,-2.739846758699999896e+01,-6.366324827599999736e+01,-3.304645248599999974e+01
4.952472472500000222e+00,-5.006180883599999731e+01,-4.653940229999999900e+01,-2.701709342399999869e+01,-5.573161252100000240e+01,-3.227535071199999805e+01
4.972482482500000245e+00,-4.911615777099999747e+01,-4.373221967599999971e+01,-2.643206511600000042e+01,-6.745660289200000648e+01,-3.283604912100000206e+01
4.992492492500000267e+00,-4.673375332599999865e+01,-4.341054760200000118e+01,-2.619077338199999971e+01,-6.060880059600000180e+01,-3.313768322600000005e+01
5.012502502500000290e+00,-5.115405730999999889e+01,-4.159898988199999792e+01,-2.655171607799999833e+01,-6.020687214200000170e+01,-3.227050478000000311e+01
5.032512512500000312e+00,-4.551720076099999801e+01,-4.288123605100000191e+01,-2.578696324099999870e+01,-5.983892506499999797e+01,-3.144299450700000165e+01
5.052522522500000335e+00,-4.798632890599999712e+01,-4.719303971099999728e+01,-2.613107210900000155e+01,-5.961909162599999945e+01,-3.161380301399999837e+01
5.072532532500000357e+00,-4.401891379100000279e+01,-4.561286653999999885e+01,-2.601316877400000038e+01,-5.801114045399999952e+01,-3.125543437600000019e+01
5.092542542500000380e+00,-4.425037016299999948e+01,-4.804933529000000192e+01,-2.684484915000000171e+01,-5.150328958899999776e+01,-3.199343040500000157e+01
5.112552552600000411e+00,-4.513488395499999939e+01,-4.404722553900000293e+01,-2.709779990599999877e+01,-6.379981436700000330e+01,-3.156866751700000151e+01
5.132562562600000433e+00,-5.004640349200000315e+01,-4.554245962699999950e+01,-2.734388359900000154e+01,-5.914760285999999923e+01,-3.207486509900000016e+01
5.152572572600000456e+00,-4.530241096799999667e+01,-6.251272745800000052e+01,-2.776370551799999831e+01,-5.671448224299999907e+01,-3.182906911799999961e+01
5.172582582600000478e+00,-4.455952024700000180e+01,-4.856579910100000319e+01,-2.791937285599999896e+01,-5.270483308499999708e+01,-3.203140875799999776e+01
5.192592592600000501e+00,-4.584512892000000051e+01,-4.528368830400000178e+01,-2.803467954199999923e+01,-6.030492742500000247e+01,-3.292922972499999901e+01
5.212602602600000523e+00,-4.424484884200000323e+01,-4.558353880199999963e+01,-2.848576365999999993e+01,-6.160303550799999783e+01,-3.261062657699999789e+01
5.232612612600000546e+00,-4.418562194100000085e+01,-4.859468138300000106e+01,-2.823689235399999831e+01,-5.955213630899999799e+01,-3.253907198299999948e+01
5.252622622600000568e+00,-3.986664278599999989e+01,-5.407330586900000213e+01,-2.872377017100000174e+01,-5.784985153200000241e+01,-3.299954923899999670e+01
5.272632632600000591e+00,-4.619491119500000309e+01,-4.646839583900000292e+01,-2.935682389000000114e+01,-5.307869653499999885e+01,-3.314273697400000174e+01
5.292642642600000613e+00,-4.519298234099999689e+01,-4.931828197699999805e+01,-2.965513138200000043e+01,-5.628597860099999650e+01,-3.385590131400000047e+01
5.312652652699999756e+00,-5.183035615400000040e+01,-4.605613218599999925e+01,-3.022062701200000134e+01,-5.576370303299999875e+01,-3.341660548800000186e+01
5.332662662699999778e+00,-4.463683268799999837e+01,-4.812719455599999918e+01,-3.067589558399999916e+01,-6.426028700400000560e+01,-3.553191677200000242e+01
5.352672672699999801e+00,-4.612270397300000013e+01,-5.794280184699999836e+01,-3.141899087299999849e+01,-5.848457270299999777e+01,-3.615503919700000068e+01
5.372682682699999823e+00,-4.688799761899999652e+01,-5.370850314500000167e+01,-3.254088112099999819e+01,-5.266840935100000110e+01,-3.608492139100000173e+01
5.392692692699999846e+00,-4.169394201099999719e+01,-4.743524722299999752e+01,-3.377254853899999887e+01,-5.369094233100000224e+01,-3.611039744499999671e+01
5.412702702699999868e+00,-4.163096984999999961e+01,-5.079744921300000016e+01,-3.459559642800000034e+01,-5.097472415099999665e+01,-3.415598318299999647e+01
5.432712712699999891e+00,-4.659190691799999939e+01,-5.750396534000000059e+01,-3.564431996599999763e+01,-6.170907901300000020e+01,-3.200167641400000207e+01
5.452722722699999913e+00,-4.321105773200000044e+01,-5.963312005800000293e+01,-3.983358475899999718e+01,-7.466096801000000482e+01,-3.053227403700000053e+01
5.472732732699999936e+00,-4.690748710199999749e+01,-5.076536333100000320e+01,-4.610281573200000338e+01,-5.607584906999999674e+01,-2.888199084800000094e+01
5.492742742699999958e+00,-4.376138384099999712e+01,-5.463782840799999718e+01,-4.668222836099999995e+01,-5.225483317700000185e+01,-2.729238423700000027e+01
5.512752752799999989e+00,-4.324822060900000054e+01,-6.756707227699999407e+01,-4.463520984400000202e+01,-5.543782647599999791e+01,-2.612422762299999945e+01
5.532762762800000012e+00,-4.686418001199999850e+01,-5.609466193299999759e+01,-4.063717968899999988e+01,-6.283463237400000168e+01,-2.500406335799999979e+01
5.552772772800000034e+00,-4.410774124400000318e+01,-5.330275034600000339e+01,-3.589918252799999721e+01,-5.197874418699999666e+01,-2.406912755600000153e+01
5.572782782800000057e+00,-4.797255294600000042e+01,-5.906687371200000314e+01,-3.388049239699999760e+01,-5.376862238399999683e+01,-2.344185961100000171e+01
5.592792792800000079e+00,-4.559380540800000148e+01,-4.888377185899999944e+01,-3.233821374000000048e+01,-6.088939851199999964e+01,-2.256126534599999900e+01
5.612802802800000102e+00,-5.035335629099999721e+01,-4.885575100300000173e+01,-3.199161738700000157e+01,-5.332378271900000044e+01,-2.228027037700000079e+01
5.632812812800000124e+00,-4.943206387699999738e+01,-6.152766218099999662e+01,-3.037003488599999912e+01,-6.473968053900000541e+01,-2.177430993600000164e+01
5.652822822800000147e+00,-4.182130898300000155e+01,-5.917382584900000353e+01,-2.934252163100000033e+01,-6.094534786700000240e+01,-2.119585604899999964e+01
5.672832832800000169e+00,-4.989601831600000281e+01,-5.168503212000000246e+01,-2.844854667199999909e+01,-5.272183433000000008e+01,-2.127596810100000013e+01
5.692842842800000192e+00,-4.653525569300000342e+01,-5.562329970900000120e+01,-2.828792014000000066e+01,-5.597190274799999798e+01,-2.127056375900000162e+01
5.712852852899999334e+00,-4.330503616699999725e+01,-5.057872054199999923e+01,-2.742201774999999841e+01,-5.722707412799999815e+01,-2.094877320499999840e+01
5.732862862899999357e+00,-4.305019338700000020e+01,-5.234917648300000081e+01,-2.641899839999999955e+01,-7.751253772299999412e+01,-2.128954034099999859e+01
5.752872872899999379e+00,-4.653559062099999721e+01,-5.014471171800000349e+01,-2.673692002099999954e+01,-7.107690950600000690e+01,-2.101608282000000116e+01
5.772882882899999402e+00,-4.561615911100000176e+01,-6.135447446500000268e+01,-2.553155153599999849e+01,-5.042253072399999780e+01,-2.128021107400000034e+01
5.792892892899999424e+00,-4.448990239300000127e+01,-5.334586056900000273e+01,-2.517667952500000084e+01,-5.135843183099999720e+01,-2.143058310700000035e+01
5.812902902899999447e+00,-4.565132700099999852e+01,-4.829053641200000158e+01,-2.478685585199999863e+01,-5.101648526299999986e+01,-2.148256495400000077e+01
5.832912912899999469e+00,-4.132692562999999808e+01,-5.924283925799999651e+01,-2.432930387500000080e+01,-4.888895148600000340e+01,-2.167121342600000133e+01
5.852922922899999492e+00,-4.556915806300000327e+01,-5.450875733800000233e+01,-2.367993370199999958e+01,-5.526994479999999754e+01,-2.185847669700000040e+01
5.872932932899999514e+00,-4.466543511500000108e+01,-5.994879020300000150e+01,-2.377925395600000158e+01,-5.268596560900000014e+01,-2.211752064399999895e+01
5.892942942899999537e+00,-4.390052174600000257e+01,-5.564717459900000307e+01,-2.353313860900000165e+01,-5.470771185800000325e+01,-2.255148242099999933e+01
5.912952952999999567e+00,-4.083414343300000127e+01,-5.605233271299999842e+01,-2.293619802099999916e+01,-5.691422631199999671e+01,-2.277847526800000111e+01
5.932962962999999590e+00,-4.362984569900000054e+01,-5.667701791500000041e+01,-2.268034229499999910e+01,-4.918011619699999670e+01,-2.312299729200000087e+01
5.952972972999999612e+00,-4.259824646100000223e+01,-4.672220898900000208e+01,-2.275645154800000114e+01,-4.969851276800000051e+01,-2.344626551600000042e+01
5.972982982999999635e+00,-4.614189187299999872e+01,-4.357515164400000174e+01,-2.247399837100000042e+01,-4.621410655999999761e+01,-2.398079994400000103e+01
5.992992992999999657e+00,-4.085807976699999955e+01,-4.367560481000000294e+01,-2.221397587899999948e+01,-5.554686296900000286e+01,-2.444317812099999898e+01
6.013003002999999680e+00,-4.312653691999999950e+01,-4.634198253899999997e+01,-2.222785521599999825e+01,-5.427228845599999829e+01,-2.465354631099999949e+01
6.033013012999999702e+00,-4.126001972800000317e+01,-4.451674808799999994e+01,-2.240789043499999877e+01,-4.655214439400000259e+01,-2.523502484699999826e+01
6.053023022999999725e+00,-3.917925794300000319e+01,-4.520799598600000024e+01,-2.201937402300000102e+01,-5.095718817299999870e+01,-2.566568185499999899e+01
6.073033032999999747e+00,-4.086952901299999752e+01,-4.314382817999999986e+01,-2.190629620800000055e+01,-5.246325034899999906e+01,-2.619397936400000049e+01
6.093043042999999770e+00,-4.124911833200000189e+01,-4.150272662799999779e+01,-2.203638645699999898e+01,-4.906348214599999835e+01,-2.653433642599999942e+01
6.113053053100000689e+00,-4.124517205800000141e+01,-4.105609100000000211e+01,-2.211293710400000023e+01,-4.706967550400000277e+01,-2.666247552500000140e+01
6.133063063100000711e+00,-4.112971086900000017e+01,-4.184375398200000262e+01,-2.208914352800000103e+01,-5.414186206800000178e+01,-2.708116214800000066e+01
6.153073073100000734e+00,-4.101943546300000065e+01,-4.461017607299999810e+01,-2.232507245400000073e+01,-5.411623760599999855e+01,-2.730044696399999893e+01
6.173083083100000756e+00,-3.915610424100000131e+01,-4.363243764199999930e+01,-2.223922116500000001e+01,-5.380649423999999925e+01,-2.697858027799999903e+01
6.193093093100000779e+00,-4.103747676500000097e+01,-4.244360201899999652e+01,-2.222908803800000044e+01,-5.242565642200000298e+01,-2.732439417499999834e+01
6.213103103100000801e+00,-3.917121500599999706e+01,-4.130927308700000111e+01,-2.228189975000000089e+01,-5.344105822200000233e+01,-2.741113186100000121e+01
6.233113113100000824e+00,-4.013325080300000280e+01,-4.356136837700000086e+01,-2.239216839799999903e+01,-5.462735522799999899e+01,-2.805007603199999977e+01
6.253123123099999958e+00,-4.223131637099999836e+01,-4.514979581899999772e+01,-2.258500642099999922e+01,-5.634608596599999686e+01,-2.824973783800000149e+01
6.273133133099999981e+00,-3.991850939500000095e+01,-3.987611411400000350e+01,-2.264263138000000097e+01,-5.498101555200000234e+01,-2.791415064699999959e+01
6.293143143100000003e+00,-4.516776084699999672e+01,-4.067681930900000253e+01,-2.333232120899999984e+01,-5.301242026199999913e+01,-2.846127610799999985e+01
6.313153153200000034e+00,-3.944311951400000282e+01,-4.009935779700000325e+01,-2.320841206900000131e+01,-5.707239893700000266e+01,-2.875493122700000015e+01
6.333163163200000056e+00,-4.067739614900000333e+01,-3.857981032499999685e+01,-2.350845360799999995e+01,-5.658949416400000132e+01,-2.881277456200000131e+01
6.353173173200000079e+00,-4.229199508500000348e+01,-3.914945966100000163e+01,-2.352297645799999870e+01,-5.012500062499999842e+01,-2.834695847700000115e+01
6.373183183200000101e+00,-3.926811899500000180e+01,-3.701889467299999836e+01,-2.400775360600000141e+01,-5.442731233300000326e+01,-2.837949727599999861e+01
6.393193193200000124e+00,-4.397806005799999696e+01,-4.034872811999999698e+01,-2.453773740300000128e+01,-5.958587066599999815e+01,-2.800404238699999837e+01
6.413203203200000146e+00,-4.253150432300000006e+01,-3.795845402700000193e+01,-2.488485144899999923e+01,-5.056698985399999913e+01,-2.767159539800000090e+01
6.433213213200000169e+00,-4.125040696100000304e+01,-3.912259698900000160e+01,-2.561180716799999857e+01,-6.219374668199999689e+01,-2.674922700799999831e+01
6.453223223200000191e+00,-4.346075240100000059e+01,-3.735982005599999667e+01,-2.582108768999999882e+01,-6.250011537500000003e+01,-2.669227891499999927e+01
6.473233233200000214e+00,-4.355232642899999718e+01,-3.681747062000000170e+01,-2.569773612099999838e+01,-7.899367845700000146e+01,-2.672115617700000101e+01
6.493243243200000236e+00,-3.977221323100000205e+01,-3.744553888400000119e+01,-2.570549459000000070e+01,-5.035036342000000076e+01,-2.692181284200000135e+01
6.513253253300000267e+00,-4.007200843100000043e+01,-3.728798228099999790e+01,-2.565111485599999952e+01,-5.362699948099999858e+01,-2.698343426199999939e+01
6.533263263300000290e+00,-3.975153317899999905e+01,-3.669772891899999934e+01,-2.451951663999999909e+01,-4.758788835299999675e+01,-2.677206000299999999e+01
6.553273273300000312e+00,-4.124411687799999982e+01,-3.620217964399999744e+01,-2.401219294399999882e+01,-5.747735018899999915e+01,-2.683527011500000015e+01
6.573283283300000335e+00,-4.111311452300000013e+01,-3.820354193899999729e+01,-2.361884677200000127e+01,-5.104921684699999673e+01,-2.680954450899999841e+01
6.593293293300000357e+00,-4.773756131999999752e+01,-3.756506782000000300e+01,-2.267512060399999996e+01,-4.786977926000000139e+01,-2.682490886200000091e+01
6.613303303300000380e+00,-4.507351689000000050e+01,-3.590312728499999650e+01,-2.211704275299999978e+01,-4.719596349700000104e+01,-2.674033146500000058e+01
6.633313313300000402e+00,-4.939562804300000209e+01,-3.707045483699999977e+01,-2.168239566600000146e+01,-4.884682881900000240e+01,-2.742842493299999873e+01
6.653323323300000425e+00,-4.545798790300000292e+01,-3.613407287399999746e+01,-2.154233590300000145e+01,-4.548507456299999774e+01,-2.739387571199999982e+01
6.673333333300000447e+00,-4.611944472999999789e+01,-3.623831405800000027e+01,-2.100570192800000058e+01,-4.441195522600000345e+01,-2.774452983300000142e+01
6.693343343300000470e+00,-4.454146115300000019e+01,-3.579605886400000259e+01,-2.071775281100000043e+01,-4.704683232299999673e+01,-2.744030729300000004e+01
6.713353353399999612e+00,-4.228755632000000020e+01,-3.599279892900000277e+01,-2.077665371100000158e+01,-5.210894679100000104e+01,-2.796833770499999972e+01
6.733363363399999635e+00,-4.132501369999999952e+01,-3.781809378599999860e+01,-2.052090231500000073e+01,-4.425655528600000110e+01,-2.770704695899999948e+01
6.753373373399999657e+00,-4.744582660100000027e+01,-3.752077673699999849e+01,-2.039989054600000173e+01,-4.327986180999999988e+01,-2.837943853599999855e+01
6.773383383399999680e+00,-4.730397948099999894e+01,-3.730364402200000029e+01,-2.043040214999999904e+01,-4.659729199899999941e+01,-2.813228138599999895e+01
6.793393393399999702e+00,-4.983334092100000134e+01,-3.824838079700000293e+01,-2.037505057899999983e+01,-4.707424982599999908e+01,-2.770003292799999883e+01
6.813403403399999725e+00,-4.963819846100000177e+01,-3.741495973399999997e+01,-2.045582936799999985e+01,-4.580394467899999711e+01,-2.800492823600000136e+01
6.833413413399999747e+00,-4.793540362400000276e+01,-3.812813648899999919e+01,-2.033422437100000124e+01,-4.704125513299999994e+01,-2.804334001300000168e+01
6.853423423399999770e+00,-5.877078891800000093e+01,-3.687079423400000167e+01,-2.017921402099999995e+01,-4.657635975099999825e+01,-2.741595991799999865e+01
6.873433433399999792e+00,-5.691132796099999780e+01,-3.878683075000000002e+01,-2.050126209300000113e+01,-4.240237283500000132e+01,-2.811772621300000097e+01
6.893443443399999815e+00,-5.800556640799999997e+01,-3.732607888300000099e+01,-2.064884597600000049e+01,-4.530720223699999849e+01,-2.847493851899999839e+01
6.913453453499999846e+00,-4.595366659700000156e+01,-3.734101370999999858e+01,-2.096526970500000076e+01,-4.407196787600000221e+01,-2.841312216000000035e+01
6.933463463499999868e+00,-5.351721173199999981e+01,-3.813622726500000226e+01,-2.115264113099999932e+01,-4.370316375200000181e+01,-2.860938795799999923e+01
6.953473473499999891e+00,-5.394551801600000118e+01,-4.027027540099999925e+01,-2.157265897199999927e+01,-4.492896967299999744e+01,-2.883608323400000018e+01
6.973483483499999913e+00,-4.937361439000000018e+01,-3.849466896799999915e+01,-2.139065224000000143e+01,-4.356578427099999828e+01,-2.954857274600000139e+01
6.993493493499999936e+00,-4.727206366200000076e+01,-4.378481192699999980e+01,-2.186753431700000050e+01,-4.311336172400000066e+01,-2.996197025800000091e+01
7.013503503499999958e+00,-4.860396836799999676e+01,-4.202235604700000238e+01,-2.190830163700000099e+01,-4.290362783999999863e+01,-3.078426511900000051e+01
7.033513513499999981e+00,-4.563878631299999711e+01,-4.123461247000000185e+01,-2.174103380100000038e+01,-4.299261996799999963e+01,-3.153621762299999887e+01
7.053523523500000003e+00,-5.074408492799999948e+01,-4.148246364300000266e+01,-2.217093864099999934e+01,-4.462967902500000150e+01,-3.431509433499999773e+01
7.073533533500000026e+00,-4.824179386899999855e+01,-4.694049564600000224e+01,-2.217114710999999971e+01,-4.524634004899999695e+01,-3.421267117499999699e+01
7.093543543500000048e+00,-4.266745129400000280e+01,-4.704221397300000262e+01,-2.202756255299999921e+01,-4.357460087900000190e+01,-3.514819169399999765e+01
7.113553553600000079e+00,-4.189648876300000069e+01,-5.054941621100000049e+01,-2.232694063399999962e+01,-4.256578638999999953e+01,-3.745668335599999921e+01
7.133563563600000101e+00,-4.292891111899999856e+01,-4.427012935100000135e+01,-2.208470914500000148e+01,-4.365120115500000253e+01,-4.028684359599999709e+01
7.153573573600000124e+00,-3.983371677099999886e+01,-3.961706089999999847e+01,-2.236898120200000051e+01,-4.700652680700000019e+01,-4.136110362800000217e+01
7.173583583600000146e+00,-4.314003064799999976e+01,-3.888761183799999799e+01,-2.262365642800000032e+01,-4.160437423500000165e+01,-4.298011939700000283e+01
7.193593593600000169e+00,-3.943896113800000336e+01,-3.828440680799999996e+01,-2.278421029900000150e+01,-4.465724203300000283e+01,-4.732128097199999672e+01
7.213603603600000191e+00,-4.122782818000000304e+01,-3.928751846200000131e+01,-2.314722194400000177e+01,-4.261863298800000166e+01,-4.760305356500000329e+01
7.233613613600000214e+00,-3.876574356799999777e+01,-3.588651106700000071e+01,-2.313152648499999842e+01,-4.203756738700000284e+01,-4.476806791700000332e+01
7.253623623600000236e+00,-4.058887804599999782e+01,-3.437664477399999896e+01,-2.367765232600000047e+01,-4.892661479600000263e+01,-4.695421640699999699e+01
7.273633633600000259e+00,-3.819925209200000182e+01,-3.312300109499999934e+01,-2.368219917600000102e+01,-4.329290170699999862e+01,-4.265437777100000005e+01
7.293643643600000281e+00,-3.873133285099999767e+01,-3.238134337900000048e+01,-2.386782131700000065e+01,-4.724581826499999693e+01,-4.202106390400000180e+01
7.313653653699999424e+00,-3.719889047899999923e+01,-3.234127699799999789e+01,-2.435594009800000137e+01,-4.701191487199999841e+01,-4.034679958200000272e+01
7.333663663699999447e+00,-3.783683845299999859e+01,-3.182238511999999986e+01,-2.483157950000000014e+01,-4.783811287599999673e+01,-3.891375195799999887e+01
7.353673673699999469e+00,-3.534382342100000329e+01,-3.109652376100000026e+01,-2.524971475799999965e+01,-4.797459418999999770e+01,-3.844326989099999992e+01
7.373683683699999492e+00,-3.653129611199999971e+01,-3.037304525700000113e+01,-2.541411407600000061e+01,-4.315822855100000055e+01,-3.659707863700000274e+01
7.393693693699999514e+00,-3.634965149500000337e+01,-2.985747137799999962e+01,-2.587309988200000177e+01,-4.552085681799999861e+01,-3.628661873899999790e+01
7.413703703699999537e+00,-3.635261542199999951e+01,-2.915756476099999972e+01,-2.599275713100000118e+01,-4.708523866000000169e+01,-3.635640736500000259e+01
7.433713713699999559e+00,-3.504729753499999845e+01,-2.979546955300000022e+01,-2.654459504300000106e+01,-4.273374775500000311e+01,-3.626118015400000161e+01
7.453723723699999582e+00,-3.442238544300000314e+01,-2.907572341399999871e+01,-2.674445652500000037e+01,-4.203199951700000270e+01,-3.422695113500000019e+01
7.473733733699999604e+00,-3.438218420399999786e+01,-2.828095648700000098e+01,-2.667938443999999976e+01,-4.397154282599999675e+01,-3.476694425000000166e+01
7.493743743699999627e+00,-3.525011138400000021e+01,-2.891329708900000028e+01,-2.802895516299999912e+01,-4.419198988099999781e+01,-3.471343718300000347e+01
7.513753753800000545e+00,-3.365669985400000286e+01,-2.849999559500000146e+01,-2.806398434600000158e+01,-4.203103820300000137e+01,-3.445399046400000032e+01
7.533763763800000568e+00,-3.320849786699999839e+01,-2.862640561899999980e+01,-2.859405063999999896e+01,-4.081737485099999674e+01,-3.502125313900000236e+01
7.553773773800000590e+00,-3.356493111700000043e+01,-2.850978130700000079e+01,-2.967413918800000161e+01,-3.969977061200000179e+01,-3.428278502300000241e+01
7.573783783800000613e+00,-3.354957083099999693e+01,-2.869163173600000150e+01,-3.007854500399999864e+01,-4.345222894500000166e+01,-3.539872073800000152e+01
7.593793793799999747e+00,-3.308158515699999924e+01,-2.865743677500000075e+01,-3.112565788899999930e+01,-4.087222633900000091e+01,-3.493947210099999978e+01
7.613803803799999770e+00,-3.287340964799999909e+01,-2.906770873299999991e+01,-3.431211917000000255e+01,-4.089550207999999998e+01,-3.504671082200000143e+01
7.633813813799999792e+00,-3.282468021799999747e+01,-2.915770394000000110e+01,-3.376903079099999871e+01,-4.178447476000000194e+01,-3.527723952400000229e+01
7.653823823799999815e+00,-3.186879366100000155e+01,-2.961375023900000159e+01,-3.436286391299999821e+01,-3.895610674699999976e+01,-3.462275639199999944e+01
7.673833833799999837e+00,-3.168394299799999914e+01,-3.031545459599999859e+01,-3.535619973400000049e+01,-3.960014156399999763e+01,-3.546360531399999871e+01
7.693843843799999860e+00,-3.260954001500000032e+01,-3.025847701800000067e+01,-3.703688810599999925e+01,-4.051746648999999678e+01,-3.572780591600000122e+01
7.713853853899999891e+00,-3.276021213300000312e+01,-3.129954075399999880e+01,-3.668708033899999776e+01,-4.210248552899999908e+01,-3.597091374699999733e+01
7.733863863899999913e+00,-3.248260229000000265e+01,-3.104991110199999937e+01,-3.759240353599999906e+01,-4.317193989199999749e+01,-3.596256406999999911e+01
7.753873873899999936e+00,-3.252669320999999769e+01,-3.151331062199999877e+01,-3.904476961400000334e+01,-4.121112952200000024e+01,-3.571219039799999706e+01
7.773883883899999958e+00,-3.355184459699999877e+01,-3.262323557700000265e+01,-3.604321130600000345e+01,-4.357597509800000068e+01,-3.607843608499999988e+01
7.793893893899999981e+00,-3.309194294400000302e+01,-3.282770511500000055e+01,-3.681600787299999666e+01,-4.179088148200000319e+01,-3.650123352399999987e+01
7.813903903900000003e+00,-3.253667973499999988e+01,-3.476049090099999717e+01,-3.662023113499999738e+01,-4.583167569300000110e+01,-3.562299056700000222e+01
7.833913913900000026e+00,-3.309029422100000062e+01,-3.453366099099999786e+01,-3.572961871100000053e+01,-4.232985638299999920e+01,-3.648174300099999812e+01
7.853923923900000048e+00,-3.295677435399999666e+01,-3.276187771800000093e+01,-3.575007114800000352e+01,-4.587925255199999697e+01,-3.505001262599999734e+01
7.873933933899999182e+00,-3.354866915899999924e+01,-3.653248757099999722e+01,-3.459190951299999739e+01,-4.686629297799999705e+01,-3.645245503499999984e+01
7.893943943899999205e+00,-3.363738220799999823e+01,-3.356702363899999852e+01,-3.535955082000000260e+01,-4.387588146800000288e+01,-3.499648254400000269e+01
7.913953954000000124e+00,-3.329319471899999883e+01,-3.336426124799999826e+01,-3.441325860900000322e+01,-4.207015676700000029e+01,-3.464153979999999677e+01
7.933963964000000146e+00,-3.272599316499999844e+01,-3.392769776699999795e+01,-3.251488302300000299e+01,-4.347654821799999780e+01,-3.519276055499999956e+01
7.953973974000000169e+00,-3.344088395200000008e+01,-3.307461844099999837e+01,-3.425073184600000076e+01,-4.318264696800000024e+01,-3.454791094099999782e+01
7.973983984000000191e+00,-3.466925853000000046e+01,-3.500178945599999736e+01,-3.294064965300000125e+01,-4.432875572799999730e+01,-3.518866494299999914e+01
7.993993994000000214e+00,-3.511415340799999996e+01,-3.404462963000000286e+01,-3.407953398099999731e+01,-4.432619273899999968e+01,-3.365218958900000246e+01
8.014004004000000236e+00,-3.406331776500000075e+01,-3.285231407399999881e+01,-3.329971907899999906e+01,-4.126428098299999903e+01,-3.548159279800000121e+01
8.034014014000000259e+00,-3.226431985899999688e+01,-3.274738501400000246e+01,-3.308405246299999902e+01,-4.290329083099999963e+01,-3.596657618599999751e+01
8.054024024000000281e+00,-3.302841499400000203e+01,-3.429657925699999765e+01,-3.321221124400000235e+01,-4.582157749299999949e+01,-3.602736539099999646e+01
8.074034034000000304e+00,-3.110646747299999859e+01,-3.434851197500000097e+01,-3.351608095699999978e+01,-4.132479672299999862e+01,-3.488437546499999797e+01
8.094044044000000326e+00,-3.120896063600000048e+01,-3.363354036100000144e+01,-3.423923853699999853e+01,-4.701390820099999956e+01,-3.462606671000000347e+01
8.114054054100000357e+00,-3.127221579300000087e+01,-3.505181288899999714e+01,-3.486513521300000207e+01,-4.210986822600000323e+01,-3.320300012500000264e+01
8.134064064100000380e+00,-3.025846885800000052e+01,-3.630137687799999924e+01,-3.496033100700000062e+01,-4.311884865799999744e+01,-3.394096327199999763e+01
8.154074074100000402e+00,-2.995457977499999913e+01,-3.777669619800000333e+01,-3.572267661899999780e+01,-4.448750938199999894e+01,-3.411043246300000220e+01
8.174084084100000425e+00,-2.983494000800000023e+01,-3.751137112300000354e+01,-3.557678956400000203e+01,-4.159238488799999800e+01,-3.343012296900000280e+01
8.194094094100000447e+00,-3.016618972099999851e+01,-3.505906148100000053e+01,-3.688567008399999736e+01,-4.460129261400000189e+01,-3.335928245600000253e+01
8.214104104100000470e+00,-2.959131395300000023e+01,-3.502898331400000131e+01,-3.658368562500000110e+01,-4.777363995299999999e+01,-3.143811437200000114e+01
8.234114114100000492e+00,-2.937181513100000174e+01,-3.800842765699999859e+01,-3.763274916000000303e+01,-4.429781464999999940e+01,-3.190978271099999830e+01
8.254124124100000515e+00,-2.918123976800000108e+01,-3.761278182600000264e+01,-3.608089093800000313e+01,-4.849574138100000198e+01,-3.111109920099999826e+01
8.274134134100000537e+00,-3.080839970799999961e+01,-4.000467462400000329e+01,-3.748745587399999835e+01,-4.353372779099999690e+01,-3.138946188099999901e+01
8.294144144100000560e+00,-3.066234826799999880e+01,-3.846383027200000271e+01,-3.626302654300000228e+01,-4.156247885999999880e+01,-3.094165772499999889e+01
8.314154154200000590e+00,-2.912555590599999888e+01,-3.822762224899999950e+01,-3.724604351400000013e+01,-4.245989074500000271e+01,-3.057618129400000129e+01
8.334164164200000613e+00,-3.020045643299999938e+01,-3.742983345700000086e+01,-3.805340707300000247e+01,-4.492978812799999844e+01,-2.987445784399999837e+01
8.354174174200000635e+00,-3.018419920799999900e+01,-4.688251227199999960e+01,-3.570718000499999789e+01,-4.344292794300000082e+01,-2.897324234899999951e+01
8.374184184200000658e+00,-3.010150980499999918e+01,-3.926065577300000342e+01,-3.730786256700000081e+01,-4.328375753600000309e+01,-2.913326203500000133e+01
8.394194194200000680e+00,-3.104723740000000021e+01,-4.289671436799999782e+01,-3.409269418000000229e+01,-4.451171715600000311e+01,-2.858234185699999941e+01
8.414204204199998927e+00,-3.091498040000000103e+01,-4.379099389400000319e+01,-3.742021930899999660e+01,-4.567326556199999743e+01,-2.837032494500000013e+01
8.434214214199998949e+00,-3.051855246799999932e+01,-4.353201096800000158e+01,-3.811588251500000268e+01,-4.428709256100000147e+01,-2.814172032000000101e+01
8.454224224199998972e+00,-3.091001424199999903e+01,-4.436950937400000328e+01,-3.805990339600000283e+01,-4.913278600499999982e+01,-2.808198424300000084e+01
8.474234234199998994e+00,-3.019138704599999912e+01,-3.863359528400000187e+01,-3.882754112100000299e+01,-4.613581589100000002e+01,-2.823173568099999997e+01
8.494244244199999017e+00,-3.024280834300000009e+01,-5.067511000300000035e+01,-4.073429511199999808e+01,-4.913681552399999930e+01,-2.777913991200000154e+01
8.514254254300000824e+00,-3.128732538299999888e+01,-4.375489254000000017e+01,-3.973958599299999861e+01,-5.348569617999999792e+01,-2.816360025099999831e+01
8.534264264300000846e+00,-3.268768218400000336e+01,-4.482290583599999678e+01,-4.217051385900000327e+01,-4.525172445999999837e+01,-2.801258939899999945e+01
8.554274274300000869e+00,-3.137048772600000035e+01,-5.050358181499999688e+01,-4.349868444599999862e+01,-4.775084209500000298e+01,-2.823778655499999957e+01
8.574284284300000891e+00,-3.212676195299999904e+01,-4.079486272199999775e+01,-3.939454100999999753e+01,-4.528413165500000304e+01,-2.924487834199999980e+01
8.594294294299999137e+00,-3.287646078099999869e+01,-3.946172189600000024e+01,-4.154046588700000342e+01,-4.698520844499999782e+01,-2.889378773199999983e+01
8.614304304299999160e+00,-3.084935929499999929e+01,-4.113757922100000286e+01,-4.053226345499999894e+01,-4.336317234100000206e+01,-2.981600468799999959e+01
8.634314314299999182e+00,-3.127600975000000005e+01,-3.865892176799999902e+01,-4.244852004900000253e+01,-4.578600988400000205e+01,-3.019989779899999860e+01
8.654324324299999205e+00,-3.088895831099999967e+01,-4.022722566299999869e+01,-5.273344601099999807e+01,-5.957888118399999655e+01,-3.060451823200000021e+01
8.674334334299999227e+00,-3.149225139700000042e+01,-4.169909603299999645e+01,-4.136986661299999923e+01,-5.590612120800000184e+01,-2.894353993600000052e+01
8.694344344299999250e+00,-3.132150868600000138e+01,-4.307208079899999831e+01,-4.188743153299999733e+01,-5.961429782300000113e+01,-2.956895198699999838e+01
8.714354354399999281e+00,-3.136482192300000094e+01,-4.291368455399999959e+01,-4.319393035600000275e+01,-5.500375218899999652e+01,-2.902246298600000074e+01
8.734364364399999303e+00,-3.032137406300000038e+01,-5.131346991200000218e+01,-4.695537911600000314e+01,-5.222798107100000209e+01,-2.850173020600000129e+01
8.754374374399999326e+00,-3.283020825900000261e+01,-4.746119460500000287e+01,-4.017793347500000323e+01,-4.866784315900000024e+01,-2.866729212799999971e+01
8.774384384399999348e+00,-3.164212176499999885e+01,-4.183346468199999890e+01,-4.163206568100000027e+01,-5.152072465100000187e+01,-2.817443994799999984e+01
8.794394394399999371e+00,-3.119541874000000092e+01,-4.308342156399999823e+01,-4.181064097099999799e+01,-5.559806316400000270e+01,-2.868188593200000014e+01
8.814404404399999393e+00,-3.359295370800000313e+01,-4.868491527399999796e+01,-4.297250302300000158e+01,-4.779908346799999919e+01,-2.801454734000000002e+01
8.834414414399999416e+00,-3.265908015299999789e+01,-5.086034117900000240e+01,-4.226236323500000225e+01,-5.346566964000000155e+01,-2.727735207099999926e+01
8.854424424399999438e+00,-3.642608984200000322e+01,-4.317245170300000012e+01,-4.859992170999999672e+01,-4.829042220299999855e+01,-2.626368167300000067e+01
8.874434434399999461e+00,-3.473478014700000216e+01,-4.893442834799999730e+01,-4.383417583600000000e+01,-5.490572537599999947e+01,-2.696383733800000115e+01
8.894444444399999483e+00,-3.395216821900000070e+01,-3.929183267399999835e+01,-4.406871970699999963e+01,-5.331847902799999872e+01,-2.751573728400000007e+01
8.914454454499999514e+00,-3.660297413199999994e+01,-4.782001068800000354e+01,-5.006991695499999651e+01,-4.458764149299999957e+01,-2.680109615099999942e+01
8.934464464499999536e+00,-3.888771639699999838e+01,-4.182099508900000018e+01,-4.627397887899999773e+01,-5.077825213300000229e+01,-2.809474189100000174e+01
8.954474474499999559e+00,-4.417720368999999891e+01,-4.999020935600000115e+01,-5.201181399699999730e+01,-4.603002851400000139e+01,-2.836154289799999972e+01
8.974484484499999581e+00,-3.911520792700000015e+01,-4.676880433099999834e+01,-4.876448327199999966e+01,-4.537647559599999880e+01,-2.872862787900000114e+01
8.994494494499999604e+00,-4.140610924199999943e+01,-6.081187496399999759e+01,-4.675930422500000105e+01,-4.611199284399999954e+01,-2.876990882000000127e+01
9.014504504499999626e+00,-4.379401090399999674e+01,-4.086862847900000162e+01,-4.287359616700000231e+01,-4.377622362399999645e+01,-2.784177994599999906e+01
9.034514514499999649e+00,-5.760200838299999759e+01,-4.184090561499999694e+01,-4.437643157299999785e+01,-4.520891102699999919e+01,-2.918896238199999971e+01
9.054524524499999671e+00,-4.710414545100000083e+01,-5.198729736199999962e+01,-3.649516710000000330e+01,-4.431975429700000291e+01,-2.857759618200000062e+01
9.074534534499999694e+00,-5.104424087700000001e+01,-4.851353349099999690e+01,-3.595921824399999878e+01,-4.312011325299999953e+01,-2.910819241400000124e+01
9.094544544499999716e+00,-4.660147402799999838e+01,-5.614175022799999937e+01,-3.376377265099999647e+01,-4.286890068099999951e+01,-2.920503312099999960e+01
9.114554554599999747e+00,-4.596206268899999969e+01,-4.855352358199999685e+01,-3.376734723399999893e+01,-4.350849234599999704e+01,-2.808836411000000055e+01
9.134564564599999770e+00,-4.054602839999999730e+01,-4.140406582500000354e+01,-3.278398445500000236e+01,-4.204782894600000276e+01,-2.817961772700000012e+01
9.154574574599999792e+00,-4.011553506999999996e+01,-4.635080441499999893e+01,-3.237133042699999663e+01,-4.347505220299999706e+01,-2.914997799800000067e+01
9.174584584599999815e+00,-4.056284979600000185e+01,-4.169280978199999765e+01,-3.195382607399999841e+01,-4.385016986400000150e+01,-2.887137490799999995e+01
9.194594594599999837e+00,-4.432927303799999663e+01,-4.004814479200000221e+01,-3.217282767999999749e+01,-4.346799442700000071e+01,-2.878705834100000160e+01
9.214604604599999860e+00,-3.890801618100000070e+01,-3.917370237000000088e+01,-3.063386824000000175e+01,-4.516560795899999903e+01,-3.000430148599999924e+01
9.234614614599999882e+00,-3.788465342500000332e+01,-4.337735862899999972e+01,-3.176797919299999862e+01,-5.066613810399999807e+01,-2.978056096399999930e+01
9.254624624599999905e+00,-3.995426260899999704e+01,-4.335755756900000080e+01,-3.165161130699999958e+01,-4.744335660000000132e+01,-3.025279208499999939e+01
9.274634634599999927e+00,-3.995031697200000309e+01,-3.804144717900000217e+01,-3.130943923499999926e+01,-4.948284645399999704e+01,-3.126406240000000025e+01
9.294644644599999950e+00,-4.007757550099999833e+01,-4.429696192299999780e+01,-3.107687163900000016e+01,-4.836447652300000044e+01,-3.028709609599999908e+01
9.314654654699999980e+00,-4.180513436399999705e+01,-4.423766258599999901e+01,-3.205603051100000300e+01,-5.344778194999999954e+01,-3.192386415600000049e+01
9.334664664700000003e+00,-3.894552845399999796e+01,-4.112719396100000324e+01,-3.213363991700000355e+01,-4.883201017999999749e+01,-3.302643686999999773e+01
9.354674674700000025e+00,-3.974295054299999919e+01,-4.224900869500000056e+01,-3.205043787700000024e+01,-4.785110609600000231e+01,-3.430220895299999739e+01
9.374684684700000048e+00,-4.081849463599999694e+01,-4.319405720299999984e+01,-3.321384661700000152e+01,-4.812593868799999797e+01,-3.671814894500000293e+01
9.394694694700000070e+00,-3.967332105799999908e+01,-5.869283711500000322e+01,-3.416840451899999920e+01,-4.662013738999999646e+01,-3.480744915999999733e+01
9.414704704700000093e+00,-4.976882911599999915e+01,-4.382940018400000071e+01,-3.436413792100000109e+01,-4.388084276499999703e+01,-3.366107554199999896e+01
9.434714714700000115e+00,-4.415759988399999969e+01,-5.454715912300000014e+01,-3.455281777700000134e+01,-4.494139162500000140e+01,-3.637038813400000237e+01
9.454724724700000138e+00,-4.807882440299999871e+01,-4.708690933100000109e+01,-3.687645249900000266e+01,-4.137711256400000082e+01,-3.283064773499999944e+01
9.474734734700000161e+00,-4.728556636999999796e+01,-3.898454796699999747e+01,-3.902541734999999790e+01,-4.328288901500000208e+01,-3.496213695800000210e+01
9.494744744700000183e+00,-4.211189107399999898e+01,-4.513610458699999839e+01,-3.709840499399999914e+01,-4.285045499600000340e+01,-3.383176203200000032e+01
9.514754754799998437e+00,-4.481339640299999871e+01,-5.836291419399999825e+01,-4.174876955900000297e+01,-4.330233856899999978e+01,-3.426282814399999666e+01
9.534764764799998460e+00,-4.278815374100000213e+01,-5.173020445200000239e+01,-4.674805219699999981e+01,-3.739856565699999891e+01,-3.326452287000000041e+01
9.554774774799998482e+00,-4.922117944200000039e+01,-4.479931255099999987e+01,-4.107957352599999723e+01,-4.010944346800000204e+01,-3.564134659700000185e+01
9.574784784799998505e+00,-5.154674619200000052e+01,-4.269197004400000139e+01,-3.810474156400000112e+01,-3.965155107199999662e+01,-3.480367635199999654e+01
9.594794794799998527e+00,-4.760684725800000194e+01,-5.113415346299999698e+01,-3.770033873599999907e+01,-3.705194296999999892e+01,-3.379553452799999747e+01
9.614804804799998550e+00,-4.821578463400000203e+01,-4.425588410699999997e+01,-3.651874122400000289e+01,-3.859224802300000334e+01,-3.459868904500000042e+01
9.634814814799998572e+00,-5.048385665600000038e+01,-4.634595754099999709e+01,-3.664509742799999970e+01,-3.841488153600000288e+01,-3.530042082700000350e+01
9.654824824799998595e+00,-4.938736421499999807e+01,-5.058627017399999914e+01,-3.446046786400000173e+01,-3.744395146800000163e+01,-3.284280231299999997e+01
9.674834834799998617e+00,-4.486527077400000252e+01,-3.891910837799999712e+01,-3.342809292599999793e+01,-3.871803753399999692e+01,-3.345406638400000077e+01
9.694844844799998640e+00,-4.461560059800000033e+01,-4.938196936300000317e+01,-3.168174211399999862e+01,-4.324596904300000233e+01,-3.613983420800000346e+01
9.714854854900000447e+00,-4.199298392000000035e+01,-5.959959525099999667e+01,-3.178266429800000026e+01,-3.826544197199999786e+01,-3.476387550100000112e+01
9.734864864900000470e+00,-5.616919289399999826e+01,-5.024226098399999785e+01,-3.197342540600000049e+01,-4.385167438999999945e+01,-3.299220928900000160e+01
9.754874874900000492e+00,-4.144873014200000227e+01,-5.612000011399999977e+01,-3.411610610400000354e+01,-3.976241435200000041e+01,-3.469089617600000253e+01
9.774884884899998738e+00,-4.666440090100000049e+01,-5.332638922000000292e+01,-3.463769518699999850e+01,-3.759001502099999925e+01,-3.255559562900000259e+01
9.794894894899998761e+00,-4.080151713899999777e+01,-5.047107858900000110e+01,-3.648840271699999960e+01,-3.877489196500000190e+01,-3.414181406000000152e+01
9.814904904899998783e+00,-4.869130769699999917e+01,-4.328869126699999725e+01,-3.369880975600000284e+01,-3.645719389100000285e+01,-3.467767726600000344e+01
9.834914914899998806e+00,-4.318869303299999984e+01,-4.752225161100000150e+01,-3.671050882499999801e+01,-3.838409683799999783e+01,-3.368587853799999721e+01
9.854924924899998828e+00,-3.829178703400000217e+01,-4.328714454299999659e+01,-3.408082010500000081e+01,-3.569930373199999707e+01,-3.361970575000000139e+01
9.874934934899998851e+00,-3.961926769000000093e+01,-4.566069327499999986e+01,-3.637573426899999873e+01,-4.137593114300000252e+01,-3.321047974500000066e+01
9.894944944899998873e+00,-3.423122534299999842e+01,-4.271483949299999949e+01,-3.336815118599999863e+01,-3.489407061699999701e+01,-3.305103742800000077e+01
9.914954955000000680e+00,-4.603201055499999939e+01,-3.739630006000000151e+01,-3.753918452799999983e+01,-3.535580244300000174e+01,-3.302482583700000163e+01
9.934964965000000703e+00,-3.813827370300000297e+01,-4.370762295099999761e+01,-3.757081971299999879e+01,-3.857497023500000211e+01,-3.178215749800000012e+01
9.954974975000000725e+00,-3.854658111799999887e+01,-4.494962129299999987e+01,-3.465671671399999809e+01,-3.791425763400000193e+01,-3.285789479200000329e+01
9.974984985000000748e+00,-4.441163185199999930e+01,-4.283468265199999792e+01,-3.654995289499999700e+01,-3.763791310100000231e+01,-3.215431206800000297e+01
9.994994995000000770e+00,-4.851720143000000007e+01,-4.244912124300000045e+01,-3.420121431300000125e+01,-3.829174577999999940e+01,-3.097136400400000156e+01
1.001500500500000079e+01,-3.830112894199999829e+01,-3.853885432799999933e+01,-3.740375196899999821e+01,-3.979273983299999884e+01,-3.281838033799999721e+01
1.003501501500000082e+01,-4.055756129800000309e+01,-4.498451813500000185e+01,-3.455669958000000008e+01,-3.587183544999999896e+01,-3.121683486599999924e+01
1.005502502500000084e+01,-4.291730918999999744e+01,-4.294843817000000286e+01,-3.345102934100000169e+01,-3.761961656100000084e+01,-3.252790345199999678e+01
1.007503503500000086e+01,-4.075819167200000237e+01,-3.893838281000000023e+01,-3.504203132600000004e+01,-4.093407282100000089e+01,-3.442183793699999939e+01
1.009504504500000088e+01,-4.207795678000000095e+01,-4.304791109899999668e+01,-3.214850824100000182e+01,-3.708331638199999958e+01,-3.289609729099999669e+01
1.011505505499999913e+01,-4.295044419799999957e+01,-4.114905536500000238e+01,-3.281597559200000092e+01,-3.735826111600000132e+01,-3.338431644199999937e+01
1.013506506499999915e+01,-3.650115112600000344e+01,-3.783572842600000286e+01,-3.245725213400000086e+01,-3.526570775799999780e+01,-3.495688049299999989e+01
1.015507507499999917e+01,-5.245764342900000088e+01,-3.650276712499999832e+01,-3.496058107599999687e+01,-3.335343772200000245e+01,-3.248034512400000295e+01
1.017508508499999920e+01,-4.447893383600000305e+01,-3.532655031699999881e+01,-3.375836844599999864e+01,-3.204863204200000126e+01,-3.239714561499999945e+01
1.019509509499999922e+01,-4.611905321599999752e+01,-3.624170510799999789e+01,-3.498498216499999813e+01,-3.279733891699999759e+01,-3.494740480200000121e+01
1.021510510499999924e+01,-3.857987699800000314e+01,-3.658209630599999684e+01,-3.542269820399999958e+01,-3.014925091499999965e+01,-3.208214457900000127e+01
1.023511511499999926e+01,-3.269758011100000061e+01,-3.662546986499999946e+01,-3.517196535099999721e+01,-3.115230532600000046e+01,-3.282793905999999851e+01
1.025512512499999929e+01,-3.223670315399999708e+01,-3.362116899699999806e+01,-3.470523543299999858e+01,-3.097863269500000172e+01,-3.230880080200000037e+01
1.027513513499999931e+01,-4.191756875299999763e+01,-3.488852660999999955e+01,-3.455958398500000328e+01,-3.005916011400000087e+01,-3.535563925200000313e+01
1.029514514499999933e+01,-4.204902328800000078e+01,-3.953958658599999865e+01,-3.287908579399999809e+01,-2.891136040600000001e+01,-3.370109366700000209e+01
1.031515515499999935e+01,-3.763484652199999658e+01,-4.071818027399999806e+01,-3.190142955299999983e+01,-2.986253692400000048e+01,-3.156598103500000008e+01
1.033516516499999938e+01,-3.226526231100000075e+01,-4.120332246800000320e+01,-3.056195823699999892e+01,-2.862705195099999855e+01,-3.054430273699999887e+01
1.035517517499999940e+01,-3.823318430399999812e+01,-3.446772385100000236e+01,-2.842439322999999973e+01,-2.866993749199999897e+01,-3.108923077300000060e+01
1.037518518499999942e+01,-3.526023953899999697e+01,-3.498895921199999748e+01,-2.813508387599999949e+01,-2.891584450799999928e+01,-3.034640186400000061e+01
1.039519519499999944e+01,-3.250058169599999758e+01,-4.295379779799999653e+01,-2.747716234299999982e+01,-2.715824810699999858e+01,-3.202797776399999918e+01
1.041520520499999947e+01,-3.557317428300000017e+01,-3.460077574400000344e+01,-2.691774965000000108e+01,-2.727655822299999855e+01,-3.066685230999999945e+01
1.043521521499999949e+01,-3.654907807699999722e+01,-3.396209925899999860e+01,-2.693166974200000041e+01,-2.697838922200000056e+01,-3.383312408799999815e+01
1.045522522499999951e+01,-3.179534355099999843e+01,-4.115175277299999834e+01,-2.702742673399999873e+01,-2.662426540999999958e+01,-3.137822805300000084e+01
1.047523523499999953e+01,-3.954745168499999863e+01,-3.637673400100000265e+01,-2.794188471800000073e+01,-2.652836340900000067e+01,-3.137297095799999980e+01
1.049524524499999956e+01,-3.680375394899999719e+01,-3.670779630199999843e+01,-2.820820916199999928e+01,-2.519802196699999897e+01,-3.159374228900000148e+01
1.051525525499999958e+01,-3.450037411499999962e+01,-3.979593476099999805e+01,-2.766146814100000029e+01,-2.631415284499999885e+01,-3.005302912799999859e+01
1.053526526499999960e+01,-3.855692495699999967e+01,-3.224003487600000284e+01,-2.731883787099999950e+01,-2.565398361900000168e+01,-3.103072569700000116e+01
1.055527527499999962e+01,-3.391196028400000273e+01,-4.546177280199999871e+01,-2.875297908599999985e+01,-2.555823338700000136e+01,-2.937357734000000065e+01
1.057528528499999965e+01,-4.341553804099999780e+01,-3.786118342500000011e+01,-2.987155803499999962e+01,-2.517271918699999844e+01,-3.199170213000000018e+01
1.059529529499999967e+01,-3.325806844699999942e+01,-3.479841196000000281e+01,-2.827332098899999835e+01,-2.422339064199999825e+01,-2.788695255000000017e+01
1.061530530499999969e+01,-3.164131947099999920e+01,-3.288487534000000068e+01,-2.765887258800000126e+01,-2.521893373800000049e+01,-2.901572972499999992e+01
1.063531531499999971e+01,-3.443795261300000021e+01,-3.402563920499999739e+01,-2.779627598600000127e+01,-2.334997929800000094e+01,-3.026141375499999953e+01
1.065532532499999974e+01,-3.304486015199999827e+01,-3.712790201600000017e+01,-2.989353860199999957e+01,-2.378799917599999958e+01,-2.976390110000000178e+01
1.067533533499999976e+01,-3.755980591000000146e+01,-3.498870775000000322e+01,-2.720994667800000144e+01,-2.406302188500000128e+01,-3.036128273299999947e+01
1.069534534499999978e+01,-4.033335286900000227e+01,-4.174960299399999997e+01,-2.862961187399999829e+01,-2.344689986199999865e+01,-2.999430838600000016e+01
1.071535535499999980e+01,-5.376197103799999866e+01,-4.418979917699999760e+01,-2.691358296599999989e+01,-2.420128809899999922e+01,-2.880601011499999942e+01
1.073536536499999983e+01,-4.743364702200000238e+01,-4.414433762499999858e+01,-2.700144669100000172e+01,-2.428560192599999823e+01,-3.015562306300000017e+01
1.075537537499999985e+01,-4.102376989799999762e+01,-3.607926859799999875e+01,-2.714416237600000059e+01,-2.282406813300000081e+01,-2.972124322699999865e+01
1.077538538499999987e+01,-3.571592426499999817e+01,-4.400295315000000329e+01,-2.834492666699999930e+01,-2.370648241700000014e+01,-3.070021171899999857e+01
1.079539539499999989e+01,-3.484454902600000281e+01,-3.951634099200000350e+01,-2.784900673299999951e+01,-2.470420875900000013e+01,-2.820420164000000085e+01
1.081540540499999992e+01,-3.227774518399999693e+01,-3.685411853699999796e+01,-2.899716931400000064e+01,-2.373071908700000066e+01,-2.855015982000000108e+01
1.083541541499999994e+01,-3.314151325299999939e+01,-4.642495075600000121e+01,-2.772980949900000169e+01,-2.364330609900000013e+01,-2.923507927600000045e+01
1.085542542499999996e+01,-3.552190441500000162e+01,-3.544242661300000208e+01,-3.128473650700000164e+01,-2.392207842799999895e+01,-3.019176483900000107e+01
1.087543543499999998e+01,-3.725666656399999965e+01,-5.687055670699999865e+01,-2.808417480099999963e+01,-2.418383198000000078e+01,-3.268384527599999956e+01
1.089544544500000001e+01,-3.906817356599999869e+01,-4.350333731700000328e+01,-2.965111459999999965e+01,-2.462539204500000167e+01,-3.117050197900000086e+01
1.091545545500000003e+01,-3.077697107999999915e+01,-5.089449778099999833e+01,-3.053425432599999922e+01,-2.465892302600000008e+01,-3.092642010100000149e+01
1.093546546500000005e+01,-3.868315695199999737e+01,-4.206748843300000118e+01,-3.274755691800000079e+01,-2.462913089199999916e+01,-3.247706029700000130e+01
1.095547547500000007e+01,-2.923733865999999892e+01,-4.029503902700000140e+01,-2.994689013600000038e+01,-2.582835332499999836e+01,-2.976483222499999926e+01
1.097548548500000010e+01,-3.303819676599999866e+01,-4.434494916300000256e+01,-3.335188325699999723e+01,-2.474230380399999873e+01,-3.044474405200000078e+01
1.099549549500000012e+01,-3.408931510800000098e+01,-3.580667666800000148e+01,-3.229582406499999792e+01,-2.510099192799999912e+01,-2.860791352400000065e+01
1.101550550600000022e+01,-3.514011255999999861e+01,-3.247283660899999802e+01,-3.168669943000000089e+01,-2.520564298400000069e+01,-2.925255293400000056e+01
1.103551551600000025e+01,-3.199991058899999885e+01,-3.853186726999999934e+01,-3.241006334899999786e+01,-2.580213104699999960e+01,-2.886285779299999987e+01
1.105552552600000027e+01,-3.291517169400000142e+01,-3.489392513600000001e+01,-3.401630185700000197e+01,-2.619298146299999885e+01,-2.971819280800000129e+01
1.107553553600000029e+01,-3.067665915699999957e+01,-3.465090282500000285e+01,-3.248564625600000255e+01,-2.570714966099999899e+01,-2.895101794800000050e+01
1.109554554600000031e+01,-3.527288903000000175e+01,-3.564658381400000309e+01,-3.429911361100000278e+01,-2.638688117099999886e+01,-2.946709208800000113e+01
1.111555555600000034e+01,-3.576847209799999661e+01,-3.777337982800000304e+01,-3.138665656899999945e+01,-2.577710835499999931e+01,-2.976885507200000092e+01
1.113556556600000036e+01,-3.643851799200000130e+01,-3.513217885499999937e+01,-3.463446269800000010e+01,-2.619211877100000052e+01,-2.921353067300000106e+01
1.115557557600000038e+01,-3.338030739300000249e+01,-3.607038905900000003e+01,-3.263770550800000336e+01,-2.554536706000000024e+01,-3.024072348900000051e+01
1.117558558600000040e+01,-3.061244131100000132e+01,-4.225891870400000272e+01,-3.666781739200000345e+01,-2.573004795199999961e+01,-3.077568459200000106e+01
1.119559559600000043e+01,-3.634216498400000006e+01,-4.141393903000000165e+01,-3.565473306700000222e+01,-2.378590998900000031e+01,-3.120513892700000014e+01
1.121560560600000045e+01,-3.357366329399999927e+01,-3.645946562799999668e+01,-3.778619405700000300e+01,-2.426384970100000160e+01,-3.199784775899999900e+01
1.123561561600000047e+01,-3.115040493100000063e+01,-3.710785558399999928e+01,-4.017618577399999680e+01,-2.390701063999999931e+01,-3.393169961600000306e+01
1.125562562600000049e+01,-2.911766419699999986e+01,-3.583671612500000236e+01,-3.976351482300000129e+01,-2.370102372599999896e+01,-3.452260829400000119e+01
1.127563563600000052e+01,-3.013824851100000046e+01,-5.109128285999999974e+01,-4.321737155099999939e+01,-2.165560326800000013e+01,-3.377150607600000143e+01
1.129564564600000054e+01,-3.558754230499999949e+01,-5.270895644400000180e+01,-4.742409629600000187e+01,-2.285465665899999976e+01,-3.478566881199999727e+01
1.131565565600000056e+01,-3.404955404799999741e+01,-3.130665982300000039e+01,-4.766537219100000300e+01,-2.256124917200000013e+01,-3.461469185400000015e+01
1.133566566600000058e+01,-3.513895290600000010e+01,-3.652960276700000009e+01,-5.025236309400000323e+01,-2.235351586799999879e+01,-3.456105036200000313e+01
1.135567567600000061e+01,-3.503316799400000292e+01,-3.943635390699999732e+01,-4.167531043399999646e+01,-2.250318065900000164e+01,-3.457580110899999681e+01
1.137568568600000063e+01,-3.200563900800000283e+01,-4.017481352099999725e+01,-4.135115961700000042e+01,-2.203409463499999887e+01,-3.357221904000000023e+01
1.139569569600000065e+01,-3.128498903399999875e+01,-3.972980290999999653e+01,-3.821026633799999672e+01,-2.219637188800000160e+01,-3.301109565600000195e+01
1.141570570600000067e+01,-3.139506594199999867e+01,-3.994750140200000033e+01,-3.807608232399999793e+01,-2.192860115799999932e+01,-3.070321544200000119e+01
1.143571571600000070e+01,-3.366236534000000091e+01,-4.112785607299999668e+01,-4.493025005700000207e+01,-2.117005158799999975e+01,-3.108761697199999929e+01
1.145572572600000072e+01,-3.197793819199999987e+01,-4.400129162300000019e+01,-4.099129777200000291e+01,-2.242074722299999934e+01,-3.030575773500000025e+01
1.147573573600000074e+01,-3.304537188799999825e+01,-4.344140697499999959e+01,-4.548510757300000051e+01,-2.169808539499999966e+01,-3.022612869499999988e+01
1.149574574600000076e+01,-3.100149133300000059e+01,-3.717713575199999809e+01,-4.152655660199999943e+01,-2.190928243200000125e+01,-2.883465600699999953e+01
1.151575575600000079e+01,-3.244622838800000153e+01,-3.827438058300000279e+01,-4.135471334399999677e+01,-2.168502232499999849e+01,-2.953028276199999880e+01
1.153576576600000081e+01,-3.200455567600000251e+01,-3.799952933800000210e+01,-4.109209209800000195e+01,-2.190942180600000100e+01,-2.904010528799999946e+01
1.155577577600000083e+01,-3.440389463999999720e+01,-3.367267987299999987e+01,-4.714685858699999699e+01,-2.201664940899999934e+01,-2.926898814000000115e+01
1.157578578600000085e+01,-3.216269004899999828e+01,-4.370962009099999790e+01,-4.061745574999999775e+01,-2.272157787300000109e+01,-2.803954310399999983e+01
1.159579579600000088e+01,-3.331575866200000036e+01,-4.155879212400000000e+01,-4.041380208000000351e+01,-2.156081003499999937e+01,-2.821394876400000129e+01
1.161580580599999912e+01,-3.296034431900000072e+01,-5.886775117300000204e+01,-4.984746344700000265e+01,-2.244847022000000081e+01,-2.967046269200000097e+01
1.163581581599999915e+01,-3.274806564899999728e+01,-4.174939754999999764e+01,-4.179100643799999659e+01,-2.355758548100000027e+01,-2.884504790600000135e+01
1.165582582599999917e+01,-2.973285206299999928e+01,-3.391857944000000202e+01,-4.200207542199999722e+01,-2.189728546799999975e+01,-2.904133864799999998e+01
1.167583583599999919e+01,-3.101729202900000004e+01,-4.255050673600000266e+01,-3.847100281400000199e+01,-2.312736215199999990e+01,-2.930555940100000001e+01
1.169584584599999921e+01,-3.838754091500000243e+01,-4.629711025900000010e+01,-3.755592037400000294e+01,-2.234169389899999913e+01,-2.655045243900000074e+01
1.171585585599999924e+01,-3.427734933299999653e+01,-4.187254534600000255e+01,-3.951322980799999840e+01,-2.251969471700000014e+01,-2.881807114600000119e+01
1.173586586599999926e+01,-3.845293685099999692e+01,-3.797169048899999666e+01,-3.552679976400000328e+01,-2.272056412199999897e+01,-2.962366932500000161e+01
1.175587587599999928e+01,-3.258962698900000277e+01,-4.158077814399999994e+01,-3.987785828700000224e+01,-2.219622207600000152e+01,-3.113072597600000080e+01
1.177588588599999930e+01,-3.322419719700000229e+01,-4.555193714300000352e+01,-3.905253334100000018e+01,-2.208822328500000154e+01,-3.024686878199999995e+01
1.179589589599999933e+01,-3.719893279699999766e+01,-3.776736495800000171e+01,-3.184286226800000108e+01,-2.393863211100000044e+01,-3.158053343899999987e+01
1.181590590599999935e+01,-3.177131982799999932e+01,-4.344338393999999681e+01,-3.443403707000000225e+01,-2.198892277999999934e+01,-2.924130399899999944e+01
1.183591591599999937e+01,-3.115867539499999950e+01,-3.753310682699999745e+01,-3.298043506199999797e+01,-2.160468850099999827e+01,-2.961874410700000126e+01
1.185592592599999939e+01,-3.583050704800000119e+01,-3.682638803599999733e+01,-3.446827874299999905e+01,-2.236955277499999895e+01,-3.127139346699999933e+01
1.187593593599999942e+01,-3.762876569099999813e+01,-4.025874346399999837e+01,-3.171136024500000161e+01,-2.248919994999999972e+01,-2.941684038000000001e+01
1.189594594599999944e+01,-3.767895996099999678e+01,-3.626113613500000099e+01,-3.327645805800000289e+01,-2.216553545700000072e+01,-2.999744871200000063e+01
1.191595595599999946e+01,-4.295566749799999684e+01,-2.962413920999999917e+01,-3.298396103200000340e+01,-2.324594526499999958e+01,-3.107034760399999840e+01
1.193596596599999948e+01,-2.799825646400000068e+01,-3.292267484799999977e+01,-3.011964075899999926e+01,-2.272568386800000084e+01,-3.047811183800000023e+01
1.195597597599999951e+01,-3.437103483399999959e+01,-3.689198734400000035e+01,-3.298830062300000066e+01,-2.346444046399999905e+01,-2.993890893900000094e+01
1.197598598599999953e+01,-2.581641564199999905e+01,-3.137022912999999846e+01,-3.335754716299999956e+01,-2.315133923699999841e+01,-2.960247179699999975e+01
1.199599599599999955e+01,-3.236551730899999768e+01,-3.763832890999999847e+01,-3.450920880799999679e+01,-2.251766230000000135e+01,-2.921636053499999974e+01
1.201600600599999957e+01,-3.344994681000000014e+01,-3.179567126899999963e+01,-3.266099033300000087e+01,-2.300299624499999851e+01,-3.035912569799999972e+01
1.203601601599999960e+01,-2.960344987499999903e+01,-3.387117301499999655e+01,-3.333822613899999965e+01,-2.309224948499999996e+01,-2.806211477500000129e+01
1.205602602599999962e+01,-3.037334562099999857e+01,-3.641792987899999900e+01,-3.136540300200000075e+01,-2.345816726700000032e+01,-3.153050208999999882e+01
1.207603603599999964e+01,-3.305679617900000267e+01,-3.884891326799999689e+01,-3.166365815200000000e+01,-2.310588015800000150e+01,-2.992350964699999949e+01
1.209604604599999966e+01,-2.771374329500000044e+01,-3.514005917899999787e+01,-3.291288627499999819e+01,-2.287502675100000005e+01,-2.925833760200000100e+01
1.211605605599999969e+01,-2.927038366000000025e+01,-3.363163876000000130e+01,-3.338037254300000001e+01,-2.312691006200000032e+01,-2.813768936499999995e+01
1.213606606599999971e+01,-2.711709384899999975e+01,-2.971727353400000027e+01,-3.042342751500000020e+01,-2.230795128300000130e+01,-3.319404638500000004e+01
1.215607607599999973e+01,-2.977777369700000065e+01,-3.370405253500000242e+01,-3.012727451499999987e+01,-2.438726312400000040e+01,-2.969797614499999838e+01
1.217608608599999975e+01,-2.777688898199999912e+01,-3.388880157100000190e+01,-3.237101176099999833e+01,-2.300357881500000090e+01,-3.506524248699999902e+01
1.219609609599999978e+01,-2.659631369899999953e+01,-3.175180000800000002e+01,-3.700736748399999954e+01,-2.406273231000000123e+01,-3.021403598599999896e+01
1.221610610599999980e+01,-2.769547942199999824e+01,-2.943768618200000020e+01,-3.222054580199999663e+01,-2.297396050300000070e+01,-2.955430109199999933e+01
1.223611611599999982e+01,-2.776601444699999988e+01,-3.258872795700000324e+01,-3.129261819099999897e+01,-2.419098131200000168e+01,-2.923996251899999876e+01
1.225612612599999984e+01,-2.842911894799999928e+01,-3.355574094100000337e+01,-3.609894449800000160e+01,-2.431881788800000166e+01,-2.869387076800000003e+01
1.227613613599999987e+01,-2.645001749300000071e+01,-2.745019139000000052e+01,-2.937654732000000024e+01,-2.371018880200000112e+01,-3.192662064900000018e+01
1.229614614599999989e+01,-2.554056762800000158e+01,-2.969468347400000141e+01,-3.138553933800000095e+01,-2.602159046999999958e+01,-3.469504236299999889e+01
1.231615615599999991e+01,-2.662826472900000141e+01,-3.378082567300000250e+01,-3.271674792900000028e+01,-2.626878236700000002e+01,-2.889090692999999987e+01
1.233616616599999993e+01,-2.960333475899999911e+01,-3.283389577999999887e+01,-3.025617918600000067e+01,-2.584725464599999967e+01,-2.905969297300000065e+01
1.235617617599999996e+01,-2.681259816400000062e+01,-3.573612040700000136e+01,-3.015730176299999954e+01,-2.558862893299999897e+01,-2.877913389200000083e+01
1.237618618599999998e+01,-2.533174516400000087e+01,-3.346456640800000315e+01,-3.026180375799999922e+01,-2.548741417800000164e+01,-2.957152351699999926e+01
1.239619619600000000e+01,-2.544481027400000173e+01,-2.787197559899999888e+01,-2.700171862099999842e+01,-2.386305036999999984e+01,-3.292876896599999981e+01
1.241620620600000002e+01,-2.658827184500000129e+01,-3.791150458799999967e+01,-2.866040109700000116e+01,-2.655176085300000111e+01,-3.430619469100000174e+01
1.243621621600000005e+01,-2.881861422600000111e+01,-3.081708701799999872e+01,-3.273109891600000054e+01,-2.581251884599999968e+01,-3.220886272399999939e+01
1.245622622600000007e+01,-2.801779198699999895e+01,-4.000959796200000085e+01,-2.834610849499999929e+01,-2.560373232499999929e+01,-3.066869568799999968e+01
1.247623623600000009e+01,-2.776805186900000066e+01,-2.963797924800000061e+01,-2.842316161200000124e+01,-2.712170200599999959e+01,-3.228908349000000300e+01
1.249624624600000011e+01,-3.059486246799999876e+01,-3.012777015700000049e+01,-3.027553586100000160e+01,-2.468805637599999869e+01,-3.294680391699999689e+01
1.251625625600000014e+01,-2.829664682399999975e+01,-2.966248861100000056e+01,-3.008973544199999850e+01,-2.694160582499999990e+01,-3.411851750900000013e+01
1.253626626600000016e+01,-2.874686108099999871e+01,-2.839372120599999860e+01,-2.813406548300000054e+01,-2.709561212199999858e+01,-3.340159735400000329e+01
1.255627627600000018e+01,-3.218910585199999730e+01,-2.983806930500000121e+01,-3.105809216200000122e+01,-2.612207782400000156e+01,-3.335019269200000025e+01
1.257628628600000020e+01,-2.675567499199999943e+01,-2.832711245200000150e+01,-3.271080360500000239e+01,-2.788152794999999884e+01,-3.282169977699999919e+01
1.259629629600000023e+01,-3.200346125899999805e+01,-2.637127095399999988e+01,-3.188330289700000009e+01,-2.814940171800000002e+01,-3.078493114200000136e+01
1.261630630600000025e+01,-1.446437383900000029e+01,-2.770802909900000088e+01,-3.346845373099999676e+01,-2.721920823700000014e+01,-3.736946372399999916e+01
1.263631631600000027e+01,-3.106404215599999930e+01,-2.730180157099999860e+01,-3.432770065999999787e+01,-2.665815930000000122e+01,-3.084742345900000160e+01
1.265632632600000029e+01,-2.925691390900000144e+01,-3.571650107300000343e+01,-3.333656414800000078e+01,-2.816449915400000137e+01,-3.611239731100000228e+01
1.267633633600000032e+01,-2.940441887000000065e+01,-3.036562748700000114e+01,-3.410268683200000339e+01,-2.718947307099999833e+01,-3.231415871000000095e+01
1.269634634600000034e+01,-2.823483011800000142e+01,-3.203669657999999743e+01,-3.131722048700000016e+01,-2.769578504300000077e+01,-3.279915631299999745e+01
1.271635635600000036e+01,-3.032715561599999887e+01,-3.072837914100000134e+01,-3.646867595500000192e+01,-2.773888235800000146e+01,-3.155517381700000001e+01
1.273636636600000038e+01,-3.118500160199999982e+01,-3.080869746799999831e+01,-3.026476809100000054e+01,-2.714913331500000027e+01,-3.487819980100000095e+01
1.275637637600000041e+01,-3.330352058900000145e+01,-3.021816434100000137e+01,-3.136726855699999916e+01,-2.750058021699999955e+01,-3.378746324099999754e+01
1.277638638600000043e+01,-3.671731899699999957e+01,-3.509144409299999978e+01,-3.627995989400000099e+01,-2.747137700300000063e+01,-3.054811844500000007e+01
1.279639639600000045e+01,-3.161758957800000047e+01,-2.565898939399999890e+01,-3.137647041600000009e+01,-2.835489049499999936e+01,-3.506092315400000103e+01
1.281640640600000047e+01,-2.812042523199999877e+01,-3.748699893599999911e+01,-3.589479425900000109e+01,-2.915367086299999855e+01,-3.067867921599999903e+01
1.283641641600000050e+01,-3.251501103199999676e+01,-2.582545123299999901e+01,-3.203913542499999778e+01,-2.894241166600000170e+01,-3.005715947399999877e+01
1.285642642600000052e+01,-3.616092946399999875e+01,-3.271171099800000093e+01,-3.057978442099999938e+01,-3.116672369400000164e+01,-3.282443525499999737e+01
1.287643643600000054e+01,-3.041337872400000109e+01,-3.497439364600000289e+01,-3.511878912200000258e+01,-3.507875830199999712e+01,-3.561679819500000121e+01
1.289644644600000056e+01,-3.203298729499999808e+01,-3.646694000800000168e+01,-3.276267511199999660e+01,-3.085841814799999838e+01,-3.879812467200000015e+01
1.291645645600000059e+01,-3.368602629400000126e+01,-5.710051970300000335e+01,-3.445867102300000084e+01,-3.140314490900000166e+01,-3.640367242199999964e+01
1.293646646600000061e+01,-3.037208529200000129e+01,-3.425199572300000028e+01,-3.537774590800000141e+01,-3.361492533599999888e+01,-3.275333315700000014e+01
1.295647647600000063e+01,-3.532466344899999910e+01,-3.675873200000000196e+01,-3.181497462999999826e+01,-3.286800822699999713e+01,-3.751509168599999811e+01
1.297648648600000065e+01,-3.765724250699999942e+01,-2.944138952300000156e+01,-2.935500243099999906e+01,-3.559524882499999876e+01,-3.742265477200000134e+01
1.299649649600000068e+01,-4.841400557499999735e+01,-3.451316907399999678e+01,-3.040414085200000116e+01,-3.628879170300000112e+01,-3.497217135100000007e+01
1.301650650700000078e+01,-3.287678508900000196e+01,-3.437950878600000237e+01,-2.951802190000000081e+01,-3.168670500400000023e+01,-3.626729414799999773e+01
1.303651651700000080e+01,-3.511595919300000190e+01,-3.727243793200000255e+01,-3.047042863500000109e+01,-3.523519244100000236e+01,-3.421881060700000177e+01
1.305652652700000083e+01,-4.243934857099999647e+01,-4.481303729799999758e+01,-3.173754322899999991e+01,-3.499752029700000122e+01,-4.409461845500000265e+01
1.307653653700000085e+01,-3.407636001400000225e+01,-4.151466589399999663e+01,-2.918687900700000171e+01,-4.196277436399999772e+01,-3.419259852900000141e+01
1.309654654700000087e+01,-3.346167040899999989e+01,-4.186166392799999869e+01,-3.276726273999999961e+01,-3.423116776799999883e+01,-4.531248309499999749e+01
1.311655655699999912e+01,-2.735042481500000022e+01,-3.044538143300000144e+01,-3.311904889800000262e+01,-3.651876395699999733e+01,-4.394977462300000326e+01
1.313656656699999914e+01,-4.279615665699999738e+01,-3.257964811899999802e+01,-3.446910438399999776e+01,-3.572484665799999703e+01,-3.289814267799999925e+01
1.315657657699999916e+01,-3.665072015399999827e+01,-3.693002333300000117e+01,-3.459818700200000308e+01,-3.510216010399999931e+01,-4.954681004399999722e+01
1.317658658699999918e+01,-3.822067472500000207e+01,-5.488169667500000060e+01,-3.241445725999999894e+01,-3.632642523399999845e+01,-3.932204665500000118e+01
1.319659659699999921e+01,-3.165004694299999954e+01,-6.430917082800000628e+01,-3.201455772700000324e+01,-4.371707015700000198e+01,-3.854159085700000276e+01
1.321660660699999923e+01,-3.447904824900000165e+01,-3.295616796000000193e+01,-4.186676790300000306e+01,-4.653438750800000179e+01,-4.763051427799999971e+01
1.323661661699999925e+01,-3.688493677200000320e+01,-3.528765254599999679e+01,-4.154938152100000082e+01,-3.649259756800000076e+01,-3.533176076299999835e+01
1.325662662699999927e+01,-3.628546339700000090e+01,-3.127746289799999957e+01,-3.359309262299999688e+01,-5.813949671999999680e+01,-3.415500973799999684e+01
1.327663663699999930e+01,-3.392943952800000318e+01,-3.096752626800000030e+01,-3.755190228499999705e+01,-3.612747855700000343e+01,-3.367454764600000061e+01
1.329664664699999932e+01,-3.250209027900000081e+01,-3.611953314200000165e+01,-3.436236535599999797e+01,-3.874869782199999690e+01,-3.362521059099999832e+01
1.331665665699999934e+01,-4.369928210999999862e+01,-3.250313880899999930e+01,-4.657594254499999664e+01,-4.855912485700000047e+01,-3.314803064699999879e+01
1.333666666699999936e+01,-4.335798147599999908e+01,-3.396629344099999770e+01,-4.175995836399999916e+01,-4.172039918299999783e+01,-3.168386064299999916e+01
1.335667667699999939e+01,-4.197787634000000168e+01,-2.806497076799999846e+01,-3.346786825899999940e+01,-3.337333784500000178e+01,-3.398653799299999889e+01
1.337668668699999941e+01,-2.762954149400000148e+01,-3.187545511000000076e+01,-4.697284318999999897e+01,-3.994508554699999792e+01,-3.752690951799999652e+01
1.339669669699999943e+01,-3.291642964399999727e+01,-2.983296512700000136e+01,-3.532741174200000245e+01,-3.271853605599999781e+01,-3.213755996199999743e+01
1.341670670699999945e+01,-3.643659607699999725e+01,-2.856046521600000077e+01,-3.211020226400000155e+01,-3.397143221200000340e+01,-3.390640842700000235e+01
1.343671671699999948e+01,-3.626550508199999712e+01,-3.173622469000000024e+01,-2.916707837499999911e+01,-3.140764748100000148e+01,-3.398976763000000290e+01
1.345672672699999950e+01,-3.541143962200000317e+01,-3.279273258199999930e+01,-3.604406988600000261e+01,-3.050553112900000130e+01,-3.537149506099999741e+01
1.347673673699999952e+01,-3.115844318699999960e+01,-3.064652357199999955e+01,-3.524825246799999690e+01,-3.156740945700000012e+01,-3.227893419400000141e+01
1.349674674699999954e+01,-3.513629734999999954e+01,-3.221665012199999722e+01,-3.364962989899999712e+01,-3.492356826700000028e+01,-3.670220239999999734e+01
1.351675675699999957e+01,-3.578847607200000169e+01,-3.100865284600000038e+01,-3.438821587500000021e+01,-3.194370875099999907e+01,-3.160452225399999904e+01
1.353676676699999959e+01,-3.398622422599999737e+01,-3.157546606400000044e+01,-3.345883441899999866e+01,-3.456997856200000285e+01,-3.184412047200000018e+01
1.355677677699999961e+01,-4.144267417599999703e+01,-3.136894819100000120e+01,-3.630681559100000300e+01,-3.538438861699999904e+01,-4.473119270899999833e+01
1.357678678699999963e+01,-2.736765243700000028e+01,-3.103091025799999869e+01,-2.931883726599999918e+01,-3.754476833399999691e+01,-4.327679896299999740e+01
1.359679679699999966e+01,-3.314308223199999759e+01,-3.849464879599999989e+01,-2.980025693800000042e+01,-3.177057522999999861e+01,-4.146643340899999686e+01
1.361680680699999968e+01,-3.597892922700000184e+01,-2.655607566300000144e+01,-3.408560644399999973e+01,-4.772011730199999846e+01,-3.578087069899999761e+01
1.363681681699999970e+01,-3.581363627000000349e+01,-3.431018273600000157e+01,-4.615569730200000009e+01,-3.738487631200000294e+01,-5.892586653800000107e+01
1.365682682699999972e+01,-3.970729326099999668e+01,-2.468435388900000049e+01,-3.258823870599999850e+01,-3.872912074100000268e+01,-4.599961207799999841e+01
1.367683683699999975e+01,-2.756034105599999862e+01,-4.293063722899999846e+01,-3.742861122299999721e+01,-4.278326752099999908e+01,-4.186101695800000044e+01
1.369684684699999977e+01,-2.812824597199999843e+01,-3.121109923199999869e+01,-3.969149947799999723e+01,-3.285358920600000232e+01,-4.114187844599999977e+01
1.371685685699999979e+01,-4.048205415299999999e+01,-3.831242449799999861e+01,-3.732542937899999913e+01,-3.209007942099999866e+01,-3.603907905399999834e+01
1.373686686699999981e+01,-2.166871040099999846e+01,-3.638790853100000078e+01,-3.696384948000000037e+01,-3.467373436199999759e+01,-3.120595826799999983e+01
1.375687687699999984e+01,-4.046627495999999979e+01,-4.196393441299999694e+01,-3.590806894499999657e+01,-3.713575892200000084e+01,-3.100008297899999832e+01
1.377688688699999986e+01,-2.915345595100000153e+01,-3.451578358999999807e+01,-3.761018630400000262e+01,-3.280164507700000343e+01,-3.625844619499999766e+01
1.379689689699999988e+01,-3.450248457600000052e+01,-3.540780631999999883e+01,-3.776456824499999954e+01,-3.544152654599999863e+01,-3.697005386800000082e+01
1.381690690699999990e+01,-4.414995021499999694e+01,-3.454431462499999839e+01,-4.406851286799999912e+01,-3.585959456100000153e+01,-3.383096029200000032e+01
1.383691691699999993e+01,-4.044495118199999695e+01,-3.070654464900000136e+01,-3.768971176000000156e+01,-3.947559797400000292e+01,-4.101351439999999826e+01
1.385692692699999995e+01,-3.853378895000000171e+01,-3.079119893800000085e+01,-3.541380582600000082e+01,-3.132345483399999964e+01,-3.799313189800000146e+01
1.387693693699999997e+01,-2.520173855699999876e+01,-4.115971746299999978e+01,-3.890849538500000193e+01,-3.230492395600000322e+01,-3.951835865599999664e+01
1.389694694699999999e+01,-2.605836963000000139e+01,-2.907777195399999925e+01,-5.248220851699999656e+01,-3.299585273800000351e+01,-4.069842495000000326e+01
1.391695695700000002e+01,-3.387899842699999908e+01,-3.803079772600000297e+01,-3.891855235900000309e+01,-3.724961298699999901e+01,-3.796979561900000277e+01
1.393696696700000004e+01,-3.077724840799999839e+01,-3.668342042300000116e+01,-3.548342464400000296e+01,-2.969932537100000047e+01,-4.050303283200000237e+01
1.395697697700000006e+01,-2.909225177800000139e+01,-4.664655372699999702e+01,-3.421391029499999803e+01,-3.339708858099999844e+01,-5.098725350800000200e+01
1.397698698700000008e+01,-2.953246237500000149e+01,-3.429808528499999909e+01,-3.815877570300000343e+01,-3.102288178099999882e+01,-3.735603577700000244e+01
1.399699699700000011e+01,-3.741999465800000024e+01,-4.008933603399999868e+01,-4.174243218699999858e+01,-3.164612984300000065e+01,-3.284346098399999647e+01
1.401700700700000013e+01,-2.909220095699999931e+01,-6.248229396800000046e+01,-2.998522517299999990e+01,-3.067314749399999840e+01,-3.970618352099999981e+01
1.403701701700000015e+01,-3.199289693700000115e+01,-3.668554843900000151e+01,-2.875616853000000006e+01,-3.408129870700000197e+01,-4.359409002499999986e+01
1.405702702700000017e+01,-3.874322187399999962e+01,-4.309452058899999827e+01,-3.432911585200000104e+01,-3.109699700499999864e+01,-4.072884115499999780e+01
1.407703703700000020e+01,-3.707398076900000206e+01,-3.932728506600000173e+01,-3.864820762000000087e+01,-3.175559463400000126e+01,-3.764899427699999990e+01
1.409704704700000022e+01,-2.359147673100000020e+01,-3.292811152800000229e+01,-3.247584654999999998e+01,-3.345998391100000191e+01,-3.900781287699999922e+01
1.411705705700000024e+01,-3.002620153299999828e+01,-3.122466128900000015e+01,-3.267085599800000040e+01,-3.646227479000000216e+01,-4.173862199199999878e+01
1.413706706700000026e+01,-3.058995378199999848e+01,-3.253010424400000034e+01,-3.111854609099999891e+01,-3.493442110499999842e+01,-3.934954312200000004e+01
1.415707707700000029e+01,-3.637828961799999661e+01,-3.808175470100000126e+01,-3.300910395700000066e+01,-3.738889194400000093e+01,-4.080588574400000113e+01
1.417708708700000031e+01,-3.366824503000000135e+01,-4.598644529900000322e+01,-3.144772700600000093e+01,-3.493666339100000329e+01,-3.955718296999999950e+01
1.419709709700000033e+01,-3.874471192699999733e+01,-4.265194088399999828e+01,-3.156815092100000086e+01,-3.309320527399999889e+01,-3.913934905200000003e+01
1.421710710700000035e+01,-3.594138323899999676e+01,-3.046405787400000165e+01,-3.557587177100000275e+01,-3.262969808999999799e+01,-3.341797146799999751e+01
1.423711711700000038e+01,-2.923542175800000109e+01,-3.481640076899999769e+01,-3.461502376199999986e+01,-3.213521954800000202e+01,-4.898151452999999833e+01
1.425712712700000040e+01,-3.208341402300000311e+01,-3.631515107500000283e+01,-3.972681404899999791e+01,-3.693317786699999772e+01,-3.374859525899999824e+01
1.427713713700000042e+01,-3.000728249399999825e+01,-4.293648684099999713e+01,-3.658185364999999933e+01,-3.618876729800000192e+01,-3.905268138699999980e+01
1.429714714700000044e+01,-3.891892316399999885e+01,-3.646661794999999984e+01,-4.231008346200000148e+01,-3.529122335000000277e+01,-3.414136065900000006e+01
1.431715715700000047e+01,-2.873269820100000160e+01,-3.809817144400000188e+01,-3.028319730600000170e+01,-4.209798262799999691e+01,-4.121690832699999874e+01
1.433716716700000049e+01,-3.534038106900000287e+01,-3.663667620900000088e+01,-3.643729411799999696e+01,-5.206604769100000141e+01,-5.784843553700000029e+01
1.435717717700000051e+01,-4.158680851300000114e+01,-3.189323976000000016e+01,-3.734254013500000013e+01,-5.026430202600000285e+01,-3.667967222099999702e+01
1.437718718700000053e+01,-2.878243525799999958e+01,-3.854888505600000315e+01,-3.440203172999999737e+01,-3.361632174599999701e+01,-4.002027389300000237e+01
1.439719719700000056e+01,-3.975544501699999955e+01,-3.430387482199999738e+01,-3.834970949400000251e+01,-3.803769542199999876e+01,-5.292441027400000308e+01
1.441720720700000058e+01,-3.700415645900000072e+01,-4.014637713500000160e+01,-3.937723712100000029e+01,-3.757766753800000004e+01,-4.191458392199999849e+01
1.443721721700000060e+01,-4.485420220900000032e+01,-3.031072104200000084e+01,-3.755465170899999805e+01,-3.513070688900000249e+01,-4.493961386699999849e+01
1.445722722700000062e+01,-3.811462255699999702e+01,-4.055371553599999856e+01,-3.713553968000000083e+01,-3.706933512300000189e+01,-4.472679988499999837e+01
1.447723723700000065e+01,-4.820140423299999810e+01,-3.830103726899999828e+01,-3.387092200800000086e+01,-3.850172638000000092e+01,-4.214741060899999781e+01
1.449724724700000067e+01,-3.229566959699999984e+01,-3.590070242099999831e+01,-4.745958812199999954e+01,-4.621850233499999661e+01,-4.071342660300000205e+01
1.451725725700000069e+01,-3.333835713300000236e+01,-3.178089034799999979e+01,-3.320944806100000335e+01,-4.556624567400000103e+01,-4.313225310499999665e+01
1.453726726700000071e+01,-4.180368827699999912e+01,-4.010431739300000231e+01,-4.466440518999999654e+01,-3.932966103199999708e+01,-5.266547329200000149e+01
1.455727727700000074e+01,-3.583576662299999782e+01,-2.644279861100000062e+01,-4.415974692900000065e+01,-3.759981306099999898e+01,-3.793226028899999847e+01
1.457728728700000076e+01,-3.988142122600000050e+01,-3.241002001799999732e+01,-3.370759033600000265e+01,-4.109038115500000288e+01,-4.675827010799999783e+01
1.459729729700000078e+01,-2.948275231199999880e+01,-3.187784445100000141e+01,-3.412193730500000299e+01,-5.780228276599999759e+01,-3.968123166600000218e+01
1.461730730700000080e+01,-2.942628315299999997e+01,-3.003138529399999967e+01,-3.417352420499999965e+01,-3.998096873299999743e+01,-4.390305558699999722e+01
1.463731731700000083e+01,-3.736521053799999947e+01,-4.086563460899999711e+01,-4.549189906600000199e+01,-4.091471280100000030e+01,-3.960462332099999827e+01
1.465732732700000085e+01,-3.468651585599999976e+01,-4.396409770300000019e+01,-3.720200973699999736e+01,-3.663135127900000043e+01,-4.136037953700000003e+01
1.467733733700000087e+01,-3.551729278100000187e+01,-3.669529061299999739e+01,-3.598775459400000187e+01,-3.747621280100000263e+01,-4.033278028699999851e+01
1.469734734699999912e+01,-4.188466091699999794e+01,-4.738652872000000116e+01,-3.800719824299999772e+01,-4.114791195400000134e+01,-3.266245101700000220e+01
1.471735735699999914e+01,-4.199768063399999818e+01,-3.828220619100000022e+01,-3.480020482100000123e+01,-4.539528059999999954e+01,-3.941200383999999701e+01
1.473736736699999916e+01,-3.588961977099999956e+01,-2.952019416799999973e+01,-3.765838952600000056e+01,-3.711451875000000200e+01,-5.166700091500000269e+01
1.475737737699999919e+01,-4.645955383799999794e+01,-3.206857890799999922e+01,-4.286360598299999936e+01,-3.543714530500000137e+01,-3.080130764400000132e+01
1.477738738699999921e+01,-2.508536340399999887e+01,-4.683193159399999672e+01,-4.046689695999999969e+01,-3.626425843199999832e+01,-5.096087514599999935e+01
1.479739739699999923e+01,-2.835925670900000028e+01,-2.942538388899999902e+01,-3.457450433000000345e+01,-4.534633209700000123e+01,-4.157992589599999889e+01
1.481740740699999925e+01,-3.338498726400000294e+01,-3.994628323399999914e+01,-3.227073530100000198e+01,-3.612448882399999661e+01,-4.224693173200000018e+01
1.483741741699999928e+01,-2.787975978500000096e+01,-3.392949721099999749e+01,-3.665675634800000182e+01,-4.048137062899999705e+01,-4.282556342899999891e+01
1.485742742699999930e+01,-3.621640202599999725e+01,-3.505190324299999816e+01,-3.751068615799999861e+01,-3.129602007600000135e+01,-4.244761411500000037e+01
1.487743743699999932e+01,-3.350181186700000069e+01,-4.481035256599999883e+01,-3.972226538599999657e+01,-3.499561520700000017e+01,-3.248741741599999955e+01
1.489744744699999934e+01,-2.952477227500000012e+01,-3.473400642400000038e+01,-3.394048672899999985e+01,-4.078508859899999806e+01,-3.668289380899999941e+01
1.491745745699999937e+01,-2.961768441299999921e+01,-3.084348612399999823e+01,-5.407920622000000321e+01,-3.587782692500000081e+01,-4.049944326499999647e+01
1.493746746699999939e+01,-3.239224898900000227e+01,-4.001033421099999998e+01,-4.497619044000000343e+01,-3.027017559700000149e+01,-4.323264651800000280e+01
1.495747747699999941e+01,-4.498655354299999942e+01,-4.134496221900000279e+01,-3.550097129699999954e+01,-5.255434246899999806e+01,-4.958291768200000149e+01
1.497748748699999943e+01,-3.303640985999999913e+01,-6.295950956000000076e+01,-3.780575743400000022e+01,-4.164899370500000231e+01,-3.784352792499999651e+01
1.499749749699999946e+01,-3.010981736900000172e+01,-4.335455362700000137e+01,-4.821896754299999799e+01,-3.698736783100000025e+01,-5.057639922599999949e+01
1.501750750799999956e+01,-5.419101740400000011e+01,-4.664045367300000322e+01,-3.891635172600000203e+01,-3.414410812799999917e+01,-4.105668516699999770e+01
1.503751751799999958e+01,-4.512260650900000059e+01,-3.428776711500000118e+01,-4.504275044700000308e+01,-4.069903489299999677e+01,-5.274425258000000127e+01
1.505752752799999961e+01,-3.097161141599999823e+01,-4.679884806399999775e+01,-3.964798342600000325e+01,-4.562195071899999732e+01,-3.986876150900000226e+01
1.507753753799999963e+01,-3.459136019500000003e+01,-4.211543671900000163e+01,-3.192717546700000142e+01,-4.330784425600000276e+01,-5.167020867800000161e+01
1.509754754799999965e+01,-4.470601909199999824e+01,-3.115243300299999873e+01,-4.500560887700000023e+01,-4.229276200900000049e+01,-3.501789025699999769e+01
1.511755755799999967e+01,-3.513505476600000321e+01,-3.049664761800000079e+01,-3.510500030200000054e+01,-3.639162741399999845e+01,-3.277824401600000215e+01
1.513756756799999970e+01,-4.712743302100000165e+01,-3.488666403399999894e+01,-4.547529153299999649e+01,-3.613669287700000154e+01,-3.943328023800000182e+01
1.515757757799999972e+01,-4.268970759199999776e+01,-3.890124406999999707e+01,-3.823121871600000077e+01,-3.238652655100000288e+01,-4.099814415000000167e+01
1.517758758799999974e+01,-2.901222752400000005e+01,-3.187366997699999871e+01,-3.742173237400000119e+01,-4.269173190699999765e+01,-4.344279852100000028e+01
1.519759759799999976e+01,-3.450903404799999663e+01,-3.881940620400000341e+01,-4.248552476199999717e+01,-3.756392705100000029e+01,-3.454126402100000348e+01
1.521760760799999979e+01,-4.463575655300000022e+01,-3.916135065000000282e+01,-3.299732648100000176e+01,-4.194002708200000029e+01,-2.938237148500000018e+01
1.523761761799999981e+01,-4.076177237299999945e+01,-3.410726216199999783e+01,-3.237962624600000083e+01,-3.799210322999999789e+01,-3.994529789900000338e+01
1.525762762799999983e+01,-4.984644073700000177e+01,-4.597948990700000138e+01,-3.107306161700000047e+01,-3.122945055299999950e+01,-2.555613041799999863e+01
1.527763763799999985e+01,-4.719472595799999937e+01,-3.342203320099999786e+01,-3.152316401799999923e+01,-4.240529255599999914e+01,-2.850222834899999924e+01
1.529764764799999988e+01,-4.172976568200000003e+01,-3.547122045199999718e+01,-3.199047666799999945e+01,-4.085805148800000097e+01,-2.676820650000000157e+01
1.531765765799999990e+01,-4.832717395800000304e+01,-3.752067804200000012e+01,-3.518222559899999879e+01,-3.474285571499999747e+01,-2.821321796300000173e+01
1.533766766799999992e+01,-4.752160317399999911e+01,-3.063445449700000012e+01,-3.166454311700000090e+01,-4.283569490800000068e+01,-2.648485417899999916e+01
1.535767767799999994e+01,-4.078200481999999738e+01,-2.480163772399999900e+01,-3.633872373100000175e+01,-4.152806327700000111e+01,-3.319023213500000224e+01
1.537768768799999997e+01,-3.863093425499999967e+01,-5.754195922099999905e+01,-3.254399077899999781e+01,-3.891475217200000003e+01,-3.093411512799999841e+01
1.539769769799999999e+01,-3.063335382300000020e+01,-3.435798541399999806e+01,-3.552471275500000303e+01,-3.770548596100000083e+01,-3.212927740199999960e+01
1.541770770800000001e+01,-4.399238263800000226e+01,-4.045261159999999734e+01,-3.111396015100000056e+01,-3.943483455799999859e+01,-3.417253726599999908e+01
1.543771771800000003e+01,-3.255461702600000251e+01,-4.112365922899999759e+01,-3.261865396700000019e+01,-4.554463806700000106e+01,-3.901322545800000086e+01
1.545772772800000006e+01,-3.552601596699999931e+01,-4.851322818599999920e+01,-2.968166183099999955e+01,-4.143191777900000261e+01,-3.182082729200000060e+01
1.547773773800000008e+01,5.226490358400000424e+00,-3.795115719000000354e+01,-4.221476021499999831e+01,-2.793101761300000163e+01,-4.111028731199999697e+01
1.549774774800000010e+01,-3.897426174400000320e+01,-4.500731678999999730e+01,-3.323066096099999811e+01,-4.858257625800000312e+01,-3.731052345599999853e+01
1.551775775800000012e+01,-3.711964573299999870e+01,-4.407394902499999745e+01,-2.811307349499999830e+01,-4.031270760599999647e+01,-3.604090530700000272e+01
1.553776776800000015e+01,-3.547156976000000128e+01,-3.056242479100000153e+01,-3.379618510499999928e+01,-4.853997609399999646e+01,-3.661028154000000256e+01
1.555777777800000017e+01,-4.126105162199999654e+01,-4.018064035500000131e+01,-2.964435614599999980e+01,-3.836257878299999646e+01,-3.748958619500000111e+01
1.557778778800000019e+01,-3.147965677799999895e+01,-3.853735664900000302e+01,-3.128528827499999920e+01,-4.230543025800000123e+01,-3.427152886900000084e+01
1.559779779800000021e+01,-3.222072768200000326e+01,-4.343041289500000346e+01,-3.314508348700000084e+01,-4.515021913900000072e+01,-3.119250356899999943e+01
1.561780780800000024e+01,-4.111821876199999792e+01,-3.067503122600000154e+01,-3.002037004399999987e+01,-3.632223571499999792e+01,-3.638884816000000200e+01
1.563781781800000026e+01,-4.853126342899999912e+01,-6.254707814599999693e+01,-2.819083100599999980e+01,-4.225952442999999903e+01,-3.593971144500000037e+01
1.565782782800000028e+01,-3.429472935999999805e+01,-3.120287723099999866e+01,-2.670243841299999943e+01,-3.496680778999999717e+01,-3.190773475399999981e+01
1.567783783800000030e+01,-3.309648644800000028e+01,-3.158342396500000149e+01,-2.931056324000000046e+01,-3.519796608499999735e+01,-3.441686132699999945e+01
1.569784784800000033e+01,-3.835546881700000199e+01,-3.397097574699999711e+01,-2.548042526400000085e+01,-3.679602472199999852e+01,-2.870116752699999907e+01
1.571785785800000035e+01,-3.742337458099999736e+01,-2.157635591500000061e+01,-3.139575290799999863e+01,-3.236022404700000266e+01,-3.031074342799999854e+01
1.573786786800000037e+01,-3.461836756499999979e+01,-3.793534060599999691e+01,-2.591327553500000036e+01,-3.110237463500000032e+01,-3.193102897700000042e+01
1.575787787800000039e+01,-4.115589243000000153e+01,-3.137150264799999988e+01,-2.672523142000000007e+01,-4.150818817599999733e+01,-2.622462419900000086e+01
1.577788788800000042e+01,-5.419732740799999959e+01,-3.826265785199999669e+01,-2.855561040599999956e+01,-4.037269539900000126e+01,-2.193558895099999972e+01
1.579789789800000044e+01,-3.629967578699999819e+01,-2.543130137500000032e+01,-2.324576730600000118e+01,-3.483334913899999918e+01,-2.517012141000000014e+01
1.581790790800000046e+01,-3.388775085999999703e+01,-3.259474254300000240e+01,-2.492145001500000134e+01,-2.962809437199999962e+01,-2.849441726299999900e+01
1.583791791800000048e+01,-4.291250979600000193e+01,-3.142682583499999893e+01,-2.524336851900000056e+01,-3.391727815600000184e+01,-2.560455260399999844e+01
1.585792792800000051e+01,-3.379904453300000000e+01,-3.069917965400000170e+01,-2.478609021000000112e+01,-3.794631955799999901e+01,-2.278583573599999923e+01
1.587793793800000053e+01,-3.048970462100000134e+01,-3.538931127499999718e+01,-2.502184568699999900e+01,-3.634007039400000139e+01,-2.678440161900000049e+01
1.589794794800000055e+01,-4.008996973200000014e+01,-2.482866202199999961e+01,-2.272651249600000156e+01,-3.505322593799999709e+01,-2.371845766999999938e+01
1.591795795800000057e+01,-3.988878766500000239e+01,-3.133090383200000062e+01,-2.361970113599999976e+01,-3.700822899399999955e+01,-2.532382255899999990e+01
1.593796796800000060e+01,-3.436045564399999819e+01,-3.485120077199999855e+01,-2.510167763999999835e+01,-3.362106666399999710e+01,-2.236942687999999890e+01
1.595797797800000062e+01,-4.012823271399999925e+01,-2.405855222699999985e+01,-2.349860634999999931e+01,-3.203743605100000025e+01,-2.561452228399999953e+01
1.597798798800000064e+01,-4.187108278000000183e+01,-3.005779224600000177e+01,-2.526840307799999863e+01,-3.708450408499999895e+01,-2.094008895500000023e+01
1.599799799800000066e+01,-4.262338053500000257e+01,-3.294466576199999963e+01,-2.387225048099999825e+01,-4.736151506499999897e+01,-2.368982496499999968e+01
1.601800800799999891e+01,-4.902462947400000104e+01,-4.264603699799999958e+01,-2.288292534800000055e+01,-4.035868701100000067e+01,-2.374944866999999959e+01
1.603801801799999893e+01,-3.762407864400000079e+01,-4.209890105200000221e+01,-2.424774242200000174e+01,-3.020949483400000091e+01,-2.315679176200000100e+01
1.605802802799999895e+01,-3.605169425599999755e+01,-4.770982061400000163e+01,-2.363538680299999939e+01,-5.077729261599999688e+01,-2.461319743700000018e+01
1.607803803799999898e+01,-3.245215018900000103e+01,-5.335456147299999685e+01,-2.354023912599999946e+01,-3.992571951499999727e+01,-2.700804440900000003e+01
1.609804804799999900e+01,-4.017425666100000115e+01,-4.618788222900000306e+01,-2.492449773899999954e+01,-3.958188146300000199e+01,-2.750165960600000048e+01
1.611805805799999902e+01,-3.248314040700000049e+01,-2.626540388700000150e+01,-2.400349209699999875e+01,-3.806863627799999961e+01,-2.437993704499999836e+01
1.613806806799999904e+01,-3.729972400999999849e+01,-3.793069140699999764e+01,-2.294866328799999877e+01,-4.313525200000000126e+01,-2.592759268900000080e+01
1.615807807799999907e+01,-4.076482641900000203e+01,-4.011466044499999839e+01,-2.530063926000000052e+01,-3.121501541199999963e+01,-3.087611709000000104e+01
1.617808808799999909e+01,-2.947418114199999906e+01,-5.094063819200000154e+01,-2.301930419400000005e+01,-3.332859252899999802e+01,-2.374479138399999911e+01
1.619809809799999911e+01,-5.149097602300000176e+01,-3.761499483499999741e+01,-2.509778243299999900e+01,-3.615854431999999719e+01,-2.345084221899999832e+01
1.621810810799999913e+01,-3.196420333500000055e+01,-4.682603144600000178e+01,-2.440817304400000154e+01,-3.584333517200000330e+01,-2.211465202999999846e+01
1.623811811799999916e+01,-4.982361049400000041e+01,-4.306429285699999809e+01,-2.519699965799999930e+01,-3.765509004100000112e+01,-2.368744284899999997e+01
1.625812812799999918e+01,-3.092110480099999847e+01,-3.407101358500000288e+01,-2.849216890099999944e+01,-3.378877611899999778e+01,-2.368121545099999992e+01
1.627813813799999920e+01,-3.766658266999999682e+01,-5.741668227299999927e+01,-2.978961443100000039e+01,-3.137120214700000176e+01,-2.295996510000000157e+01
1.629814814799999922e+01,-2.940979860399999879e+01,-4.368491113700000028e+01,-2.642467155399999967e+01,-4.217987577899999962e+01,-2.578711079099999992e+01
1.631815815799999925e+01,-4.004005298100000232e+01,-3.460321376099999924e+01,-2.781415814900000072e+01,-2.918947913399999905e+01,-1.949159568399999998e+01
1.633816816799999927e+01,-3.539332727800000100e+01,-3.987351693899999816e+01,-2.565909137299999898e+01,-3.560896570500000280e+01,-2.696927253799999846e+01
1.635817817799999929e+01,-3.380595309699999973e+01,-4.711001152400000080e+01,-2.687209109200000157e+01,-3.567280322799999936e+01,-3.140977533999999949e+01
1.637818818799999931e+01,-4.378422077999999829e+01,-2.607142619900000113e+01,-2.816143540499999887e+01,-2.771153111899999999e+01,-3.361567595599999692e+01
1.639819819799999934e+01,-3.596543170399999667e+01,-3.141546506999999977e+01,-2.772654419699999906e+01,-2.640361467099999970e+01,-2.682113671200000127e+01
1.641820820799999936e+01,-3.995852424200000286e+01,-4.424007158199999878e+01,-3.207623294700000116e+01,-2.770339251600000097e+01,-4.113232847999999819e+01
1.643821821799999938e+01,-3.073627349299999878e+01,-3.033404453500000031e+01,-3.011946615700000152e+01,-3.313226111600000223e+01,-3.270758464699999735e+01
1.645822822799999940e+01,-3.522831794199999678e+01,-3.422596534299999860e+01,-3.194361145799999946e+01,-2.532187991300000007e+01,-2.878194155099999918e+01
1.647823823799999943e+01,-2.957887340299999934e+01,-3.088224225000000089e+01,-2.949012242599999922e+01,-3.470470446600000258e+01,-1.802200820799999903e+01
1.649824824799999945e+01,-2.716827295299999889e+01,-3.319404554300000143e+01,-2.788627886100000097e+01,-3.110103672099999983e+01,-3.123548629100000085e+01
1.651825825799999947e+01,-3.852447583000000009e+01,-3.242046174000000036e+01,-2.681772024800000054e+01,-3.149965703299999831e+01,-2.450818435500000092e+01
1.653826826799999949e+01,-2.228000160599999901e+01,-3.357615528200000199e+01,-3.369501038300000317e+01,-3.520315831300000298e+01,-2.187772401499999830e+01
1.655827827799999952e+01,-2.567819963399999850e+01,-2.962857843999999830e+01,-2.934213391999999843e+01,-2.894931311099999860e+01,-2.471220367100000104e+01
1.657828828799999954e+01,-2.379486321699999962e+01,-3.713597948099999968e+01,-2.781102208900000150e+01,-3.204961384399999957e+01,-3.274921126400000304e+01
1.659829829799999956e+01,-3.190056542299999975e+01,-3.207087994799999819e+01,-4.575163659700000096e+01,-3.679085182299999701e+01,-3.074994330199999837e+01
1.661830830799999958e+01,-3.055002384899999868e+01,-3.239017919399999812e+01,-3.712824121700000291e+01,-3.024107130699999857e+01,-3.027886428600000102e+01
1.663831831799999961e+01,-2.986539767100000020e+01,-3.585387078400000149e+01,-3.524128562399999964e+01,-2.700538545399999890e+01,-2.063043507800000143e+01
1.665832832799999963e+01,-3.012864792799999947e+01,-4.747270224300000052e+01,-2.949537344699999863e+01,-3.173764745200000092e+01,-2.445789642600000136e+01
1.667833833799999965e+01,-2.747959462400000064e+01,-2.963212460200000109e+01,-2.856352256199999928e+01,-3.223191307799999805e+01,-2.333730437499999866e+01
1.669834834799999967e+01,-3.839743699600000326e+01,-4.576881317600000187e+01,-3.237037796300000281e+01,-2.797279705100000058e+01,-2.153575825100000074e+01
1.671835835799999970e+01,-2.110148128599999851e+01,-4.153190652499999658e+01,-3.604083277800000218e+01,-4.031829391000000129e+01,-2.585993982900000177e+01
1.673836836799999972e+01,-3.559928429400000027e+01,-3.262939243900000008e+01,-4.258492486899999818e+01,-3.429178976400000067e+01,-3.221573360899999727e+01
1.675837837799999974e+01,-1.625962917900000093e+01,-3.799038755099999776e+01,-3.355912992500000058e+01,-3.583556260799999649e+01,-2.364235280899999836e+01
1.677838838799999976e+01,-3.179285815700000128e+01,-4.817337521599999661e+01,-2.969542329400000114e+01,-3.428956025499999782e+01,-2.573914513700000128e+01
1.679839839799999979e+01,-2.649831813300000150e+01,-2.544746082600000037e+01,-3.499318075899999769e+01,-3.196480582699999928e+01,-1.996746341600000108e+01
1.681840840799999981e+01,-3.178666757099999884e+01,-3.811262451099999993e+01,-2.981944703299999944e+01,-3.460967354099999937e+01,-2.716183253899999883e+01
1.683841841799999983e+01,-3.490678151000000184e+01,-3.409855444000000091e+01,-2.953998843600000157e+01,-3.748079739100000296e+01,-2.713495536599999980e+01
1.685842842799999985e+01,-3.194653220300000029e+01,-2.809939049300000136e+01,-2.747662160499999828e+01,-3.761773333499999694e+01,-1.554012690000000063e+01
1.687843843799999988e+01,-3.056421463099999869e+01,-4.028134571500000050e+01,-3.495990707800000052e+01,-2.867966521099999966e+01,-2.659972000499999822e+01
1.689844844799999990e+01,-3.971178309500000125e+01,-3.518863116800000057e+01,-3.709196206200000034e+01,-3.941032311899999740e+01,-3.001215865900000068e+01
1.691845845799999992e+01,-3.327203445300000340e+01,-3.506205472900000331e+01,-2.602594718099999938e+01,-3.961436990800000046e+01,-2.185914579199999963e+01
1.693846846799999994e+01,-2.960541596499999883e+01,-3.905907667700000019e+01,-2.978282842799999841e+01,-3.593872410800000239e+01,-2.144212384000000071e+01
1.695847847799999997e+01,-4.283072725099999900e+01,-3.601715325100000342e+01,-2.921297680400000019e+01,-3.666137968999999686e+01,-2.044046064200000146e+01
1.697848848799999999e+01,-2.765148992299999975e+01,-3.352368500800000106e+01,-3.182944733200000087e+01,-3.114882761000000144e+01,-2.508643050399999908e+01
1.699849849800000001e+01,-3.029313837500000162e+01,-3.901809124399999718e+01,-2.757056155200000092e+01,-3.961191538700000336e+01,-2.167788313799999855e+01
1.701850850900000012e+01,-3.745771269699999806e+01,-2.463848849100000038e+01,-3.079032138399999852e+01,-3.377532093899999666e+01,-2.174776821900000101e+01
1.703851851900000014e+01,-1.442160115499999939e+01,-2.817198985399999955e+01,-2.950810466800000142e+01,-4.759965349200000162e+01,-2.109136590700000013e+01
1.705852852900000016e+01,-3.988109349100000145e+01,-3.231651479899999657e+01,-3.119056903599999941e+01,-3.565183063500000316e+01,-2.373375185700000145e+01
1.707853853900000018e+01,-3.688044187500000248e+01,-2.557174181699999949e+01,-2.985076464500000171e+01,-3.163820087299999884e+01,-2.494618260300000046e+01
1.709854854900000021e+01,-3.327919866300000251e+01,-2.404989301599999862e+01,-3.156538054800000026e+01,-3.577340480099999809e+01,-3.229492616000000282e+01
1.711855855900000023e+01,-4.716452626000000237e+01,-2.934123745500000169e+01,-2.963541628600000166e+01,-3.009096058600000134e+01,-2.912207740799999911e+01
1.713856856900000025e+01,-2.588373678299999980e+01,-2.215436448399999847e+01,-2.891688473500000001e+01,-3.867117885500000085e+01,-2.276442778199999850e+01
1.715857857900000027e+01,-2.904561091000000062e+01,-2.465310158000000129e+01,-3.366271024200000284e+01,-4.624081084400000208e+01,-3.035807008200000112e+01
1.717858858900000030e+01,-3.292265477699999821e+01,-2.638654659599999874e+01,-2.485809033099999965e+01,-3.460716936099999685e+01,-2.653006428600000177e+01
1.719859859900000032e+01,-4.160732388099999923e+01,-4.216192599099999683e+01,-2.810004583599999961e+01,-3.251936784699999805e+01,-2.843887289199999913e+01
1.721860860900000034e+01,-3.504058330600000204e+01,-2.665557850000000073e+01,-2.538914824100000089e+01,-3.755265916900000178e+01,-3.244459276999999986e+01
1.723861861900000036e+01,-3.950831562199999780e+01,-2.982875538400000082e+01,-2.911889073200000055e+01,-3.793448459700000086e+01,-2.466503209000000041e+01
1.725862862900000039e+01,-3.368567933700000339e+01,-2.598875376299999829e+01,-2.629020582300000086e+01,-3.375863455399999680e+01,-2.346260080600000109e+01
1.727863863900000041e+01,-3.185260480499999858e+01,-4.041645956800000050e+01,-2.604979010799999983e+01,-2.616496772100000001e+01,-3.204759711199999828e+01
1.729864864900000043e+01,-3.313864929399999681e+01,-4.117288086899999655e+01,-2.896713308800000064e+01,-3.711889732099999861e+01,-2.694086689899999953e+01
1.731865865900000045e+01,-4.063796867300000315e+01,-4.138213768600000009e+01,-2.811747766199999887e+01,-4.652546841000000200e+01,-1.978894228800000121e+01
1.733866866900000048e+01,-3.745978664999999808e+01,-2.921428617400000149e+01,-2.740025990599999872e+01,-4.020658158300000196e+01,-2.291069448600000058e+01
1.735867867900000050e+01,-8.457615112399999191e+00,-3.644832885800000355e+01,-4.237343933100000015e+01,-3.384382036699999929e+01,-2.665011926600000081e+01
1.737868868900000052e+01,-3.285195840099999742e+01,-2.339302738299999973e+01,-2.995964361800000120e+01,-4.848804327199999875e+01,-2.511457241100000104e+01
1.739869869900000054e+01,-3.161168561199999871e+01,-3.334718140100000028e+01,-2.862830512800000093e+01,-3.751388880599999709e+01,-2.069768270499999829e+01
1.741870870900000057e+01,-3.274332948600000037e+01,-3.648567797900000187e+01,-4.403929669899999766e+01,-2.878447582600000132e+01,-2.571363500700000060e+01
1.743871871900000059e+01,-3.571920466499999947e+01,-3.471759935099999694e+01,-3.365074332500000054e+01,-2.883310374699999912e+01,-2.801760131099999995e+01
1.745872872900000061e+01,-2.879258267799999871e+01,-3.331655150099999929e+01,-3.168888884100000070e+01,-4.617606550800000065e+01,-3.153610708500000115e+01
1.747873873900000063e+01,-3.952300580499999683e+01,-3.582514216799999929e+01,-3.530060615000000013e+01,-2.844784457200000105e+01,-2.946072659700000074e+01
1.749874874900000066e+01,-2.446822572199999968e+01,-2.439460755400000025e+01,-3.680949559599999787e+01,-2.932654244300000101e+01,-2.270553604099999845e+01
1.751875875900000068e+01,-3.020763469399999934e+01,-3.619829628699999802e+01,-3.421171175199999936e+01,-2.713067221100000026e+01,-2.843771230400000150e+01
1.753876876900000070e+01,-3.948256260099999793e+01,-3.736900545999999679e+01,-2.245335794000000007e+01,-3.313760042199999845e+01,-1.056904816900000021e+01
1.755877877900000072e+01,-3.937620345799999910e+01,-3.283004132399999975e+01,-3.023048440599999864e+01,-3.115218355600000066e+01,-2.366216464300000055e+01
1.757878878900000075e+01,-3.154536486699999998e+01,-4.046186366799999945e+01,-2.337592694699999996e+01,-3.280339505300000269e+01,-2.196930648800000085e+01
1.759879879900000077e+01,-3.462331766900000218e+01,-3.467988694600000343e+01,-3.149402757800000074e+01,-4.059671893899999873e+01,-2.241366215800000106e+01
1.761880880900000079e+01,-2.422317119299999888e+01,-3.715096734699999814e+01,-2.951141920999999968e+01,-2.461080792799999983e+01,-3.011612468399999898e+01
1.763881881900000081e+01,-4.451761810499999683e+01,-2.887827296100000041e+01,-2.205735638899999884e+01,-2.924787761300000000e+01,-2.079162661699999859e+01
1.765882882900000084e+01,-3.792204485599999941e+01,-2.087143631400000032e+01,-2.602782826700000030e+01,-2.306967793200000116e+01,-1.336248570200000074e+01
1.767883883900000086e+01,-2.773133251100000152e+01,-3.629703894400000053e+01,-4.130532567000000199e+01,-2.923384012900000073e+01,-2.659868099999999913e+01
1.769884884900000088e+01,-2.856619851199999971e+01,-3.472260091999999787e+01,-3.206074882400000092e+01,-3.667139481699999948e+01,-3.048997100900000135e+01
1.771885885900000090e+01,-2.800871720700000012e+01,-2.814457365699999869e+01,-3.260987352499999758e+01,-2.596651807399999967e+01,-3.310412191900000067e+01
1.773886886900000093e+01,-3.328216262099999767e+01,-2.843213053299999871e+01,-6.933126788299999532e+01,-3.723318576799999846e+01,-2.537024383099999980e+01
1.775887887900000095e+01,-4.110271561700000120e+01,-2.539779480900000053e+01,-4.045294789599999774e+01,-3.306598570700000295e+01,-2.369073134199999942e+01
1.777888888900000097e+01,-2.899505304499999880e+01,-7.555626732000000345e+00,-1.547496724199999996e+01,-1.397522639199999972e+01,-1.018539764600000019e+01
1.779889889900000099e+01,-4.867465817499999758e+01,-2.597707017700000165e+01,-3.617241731800000082e+01,-3.174216625100000044e+01,-2.732809720799999909e+01
1.781890890900000102e+01,-4.672457603899999867e+01,-3.540488095799999968e+01,-3.244111538100000303e+01,-2.467944165100000120e+01,-3.084324929399999959e+01
1.783891891900000104e+01,-2.380631539299999844e+01,-2.792320425899999847e+01,-2.720622464199999868e+01,-2.646782687299999992e+01,-2.921921098099999980e+01
1.785892892900000106e+01,-4.282414114800000249e+01,-4.635684385900000137e+01,-3.554425052999999934e+01,-2.963673216500000152e+01,-2.609350789100000156e+01
1.787893893900000108e+01,-4.002000887599999857e+01,-2.250626360900000122e+01,-2.792819506800000084e+01,-1.872096159399999848e+01,-2.892597406999999876e+01
1.789894894900000111e+01,-2.895889853399999936e+01,-2.364830243500000151e+01,-3.524062783600000159e+01,-2.925187232200000054e+01,-2.424406770499999908e+01
1.791895895900000113e+01,-3.617589352000000247e+01,-2.854974517100000142e+01,-2.762300346099999970e+01,-2.699121379500000018e+01,-2.103052998800000140e+01
1.793896896900000115e+01,-3.581495277199999805e+01,-3.088009977500000147e+01,-3.003780294499999926e+01,-3.007298374300000177e+01,-2.541067317699999961e+01
1.795897897900000117e+01,-3.158998799700000149e+01,-2.936444672900000086e+01,-2.447460201799999879e+01,-2.675114298800000157e+01,-2.496063626700000171e+01
1.797898898900000120e+01,-3.939577849100000151e+01,-3.406520120100000071e+01,-3.482258836799999813e+01,-2.505895441499999876e+01,-2.166472375700000086e+01
1.799899899900000122e+01,-4.515123734600000205e+01,-2.658350346599999980e+01,-2.630072875200000126e+01,-2.462802226399999839e+01,-2.473650190600000087e+01
1.801900900900000124e+01,-4.927281234699999857e+01,-3.076884417799999838e+01,-3.390461782900000287e+01,-2.551939619399999870e+01,-4.343504942399999891e+01
1.803901901900000126e+01,-5.126320175800000101e+01,-4.504369278200000082e+01,-2.338992452999999827e+01,-2.619983962099999886e+01,-7.396164506999999944e+00
1.805902902900000129e+01,-2.801373642900000149e+01,-2.578068246999999857e+01,-3.419544292300000166e+01,-3.765914194900000211e+01,-2.008406805899999981e+01
1.807903903900000131e+01,-3.194510644400000032e+01,-3.333569035800000080e+01,-2.543483627000000169e+01,-3.674177555600000034e+01,-2.653655580399999891e+01
1.809904904900000133e+01,-3.736071163199999745e+01,-3.761359315299999651e+01,-1.738968642200000048e+01,-1.831834588899999972e+01,-1.221743398399999947e+01
1.811905905900000135e+01,-2.582755373399999854e+01,-1.318899885699999963e+01,-2.955695832299999992e+01,-4.791910923199999672e+01,-2.464255125200000052e+01
1.813906906900000138e+01,-4.834780788399999807e+01,-3.310803955699999790e+01,-1.904874371500000052e+01,-2.627826629799999836e+01,-2.927918816900000110e+01
1.815907907900000140e+01,-4.694323227999999659e+01,-3.866549039800000287e+01,-3.116365700700000119e+01,-1.711285541399999843e+01,-1.775906324800000036e+01
1.817908908900000142e+01,-3.484718459399999801e+01,-2.466588544900000102e+01,-3.121056048699999863e+01,-2.587544625499999995e+01,-2.469521923599999980e+01
1.819909909900000144e+01,-4.240769745099999710e+01,-4.585955201400000192e+01,-2.937162781299999992e+01,-2.784200464299999922e+01,-3.287698749100000128e+01
1.821910910900000147e+01,-3.777440746300000285e+01,-5.514351570299999850e+01,-2.560214157000000057e+01,-2.505090604600000148e+01,-2.725640569000000113e+01
1.823911911900000149e+01,-2.772330136400000100e+01,-2.228803183300000157e+01,-2.326313251999999920e+01,-2.547186049700000154e+01,-2.983138114200000146e+01
1.825912912900000151e+01,-3.908699757499999805e+01,-2.678575082700000110e+01,-2.535672925800000144e+01,-3.090728210400000009e+01,-2.244864766599999939e+01
1.827913913900000153e+01,-4.415311392899999987e+01,-3.653319448100000244e+01,-3.801004577300000165e+01,-2.829913618300000167e+01,-2.113193855800000165e+01
1.829914914900000156e+01,-3.376579497299999844e+01,-2.185253953300000163e+01,-3.043842821999999870e+01,-2.640377712400000121e+01,-3.046082404399999888e+01
1.831915915900000158e+01,-3.786140621100000203e+01,-4.474092371799999768e+01,-2.530725571199999990e+01,-9.891169437700000344e+00,-3.828516707499999683e+01
1.833916916900000160e+01,-2.886638612799999848e+01,-3.582511011300000092e+01,-4.314008725000000055e+01,-2.323570841400000120e+01,-1.868939765500000050e+01
1.835917917900000162e+01,-1.977619159600000032e+01,-3.023556342199999847e+01,-3.858232644699999980e+01,-2.872707351500000073e+01,-3.482980686999999875e+01
1.837918918900000165e+01,-3.991368054299999812e+01,-3.570757633400000230e+01,-2.849587452100000107e+01,-4.384675762199999838e+01,-2.547763221299999969e+01
1.839919919900000167e+01,-3.655341084999999879e+01,-3.407612092400000137e+01,-2.782670012699999873e+01,-3.691609636799999805e+01,-2.238914830199999884e+01
1.841920920900000169e+01,-1.660156715999999832e+01,-3.027751042699999928e+01,-2.760972458899999893e+01,-3.955083230900000046e+01,-2.047707331100000161e+01
1.843921921900000171e+01,-3.869626529399999981e+01,-4.674550594000000103e+01,-3.240737907999999834e+01,-3.681745341900000312e+01,-2.973731360900000098e+01
1.845922922900000174e+01,-3.734965852199999858e+01,-3.139989737499999833e+01,-3.071496081700000147e+01,-3.690985633799999732e+01,-2.369366845900000129e+01
1.847923923900000176e+01,-4.211186714200000125e+01,-5.025078274599999872e+01,-3.645662436300000309e+01,-2.093670506599999825e+01,-2.936868135799999990e+01
1.849924924899999823e+01,-3.947670108999999883e+01,-2.545197629700000164e+01,-3.425954063199999666e+01,-3.323246624200000099e+01,-2.739559287899999873e+01
1.851925925899999825e+01,-2.782858509100000077e+01,-1.601256271300000122e+01,-2.896831795099999951e+01,-2.899938331299999916e+01,-2.648103366599999831e+01
1.853926926899999827e+01,-2.851421141300000173e+01,-2.554752528999999939e+01,-2.098914564200000044e+01,-2.543521616199999968e+01,-1.317588841200000083e+01
1.855927927899999830e+01,-3.251132008700000142e+01,-4.559587335900000227e+01,-4.299706120399999776e+01,-3.017457516300000009e+01,-2.352259294499999953e+01
1.857928928899999832e+01,-2.195186097199999864e+01,-2.745847213400000086e+01,-4.691608834699999875e+01,-4.086012148300000035e+01,-2.727311318799999995e+01
1.859929929899999834e+01,-3.640459110199999770e+01,-4.311552815200000310e+01,-1.451120496000000060e+01,-1.144320226600000012e+01,-1.058551719199999930e+01
1.861930930899999836e+01,-2.960563722199999859e+01,-3.646399830600000058e+01,-3.099578026600000058e+01,-4.070167814199999867e+01,-3.190385479100000055e+01
1.863931931899999839e+01,-3.320164981199999943e+01,-3.315107977200000278e+01,-3.332784786399999888e+01,-3.553473160099999717e+01,-3.384175761099999846e+01
1.865932932899999841e+01,-4.705155697499999690e+01,-3.024308601499999938e+01,-3.409262028199999861e+01,-2.269616414900000123e+01,-4.804965152300000142e+01
1.867933933899999843e+01,-4.091732535900000300e+01,-3.862587683000000283e+01,-2.780425002799999845e+01,-3.938878898699999809e+01,-3.289330214499999983e+01
1.869934934899999845e+01,-3.256862235799999894e+01,-3.065416217099999940e+01,-3.485139397399999694e+01,-3.017862005199999942e+01,-2.897174074699999835e+01
1.871935935899999848e+01,-4.617503999200000209e+01,-4.826280647000000101e+01,-3.381033893699999737e+01,-3.393646520800000133e+01,-3.111900672499999843e+01
1.873936936899999850e+01,-4.929423364600000212e+01,-3.513350766500000333e+01,-3.921494081299999834e+01,-3.228358572300000162e+01,-3.122416210000000092e+01
1.875937937899999852e+01,-4.171497281199999918e+01,-4.685745753900000210e+01,-4.084734900299999794e+01,-3.530554964899999959e+01,-3.608452289699999938e+01
1.877938938899999854e+01,-4.405604044999999758e+01,-4.593169475999999918e+01,-3.414249666999999988e+01,-3.211216858499999915e+01,-4.664290792799999963e+01
1.879939939899999857e+01,-3.012752650599999882e+01,-5.138753937599999944e+01,-3.328845245200000136e+01,-2.911343078599999856e+01,-2.835958725700000116e+01
1.881940940899999859e+01,-4.849549504600000205e+01,-3.554272105700000139e+01,-2.886630463399999869e+01,-4.334625870499999678e+01,-2.634944600500000078e+01
1.883941941899999861e+01,-3.017083458000000107e+01,-4.799428542999999792e+01,-4.084027087599999817e+01,-2.881931196500000070e+01,-2.400112970700000048e+01
1.885942942899999863e+01,-3.842756868400000059e+01,-3.370826368299999842e+01,-1.465528708099999911e+00,-2.565771719499999826e+00,1.187207777999999964e-01
1.887943943899999866e+01,-4.132572444000000189e+01,-4.158737067399999887e+01,-3.859139648800000089e+01,-2.838309227999999962e+01,-2.844704530499999962e+01
1.889944944899999868e+01,-3.584000023000000112e+01,-4.159236341799999792e+01,-2.755287870000000083e+01,-3.121382895099999999e+01,-2.653041264999999882e+01
1.891945945899999870e+01,-2.673573324899999903e+01,-3.861858633800000007e+01,-3.039349963700000146e+01,-3.757964338899999746e+01,-3.250349877499999707e+01
1.893946946899999872e+01,-4.821082456399999927e+01,-4.821359661599999669e+01,-2.391128606299999859e+01,-2.568037553599999967e+01,-2.544174864700000072e+01
1.895947947899999875e+01,-3.652474361400000191e+01,-4.358667395500000197e+01,-2.800443375200000062e+01,-3.260833840800000161e+01,-3.157961061500000000e+01
1.897948948899999877e+01,-2.611992492599999949e+01,-4.796831038100000200e+01,-2.675384541300000052e+01,-4.318636277699999937e+01,-2.177855854199999897e+01
1.899949949899999879e+01,-4.256980787599999871e+01,-4.269239749700000175e+01,-2.725988776100000166e+01,-3.153907171799999887e+01,-3.369989211699999743e+01
1.901950950999999890e+01,-2.830889681700000082e+01,-4.831948357299999941e+01,-2.985422133000000144e+01,-3.850204033400000014e+01,-3.491215210200000030e+01
1.903951951999999892e+01,-3.229068333600000074e+01,-3.284921893899999645e+01,-4.356064906200000308e+01,-3.596476940000000155e+01,-4.320892473300000347e+01
1.905952952999999894e+01,-3.546553380299999958e+01,-5.397733388099999985e+01,-2.719691094999999947e+01,-3.077221431899999970e+01,-3.435510551800000201e+01
1.907953953999999896e+01,-2.931473464999999834e+01,-4.448498845700000004e+01,-2.631457964200000177e+01,-2.994226469299999849e+01,-3.143514680299999853e+01
1.909954954999999899e+01,-3.414269677099999711e+01,-3.825225313800000038e+01,-2.129618368199999878e+01,-2.971041705100000030e+01,-2.850856000399999957e+01
1.911955955999999901e+01,-3.923118499200000286e+01,-5.076722293499999950e+01,-3.088884132400000126e+01,-3.683949186800000319e+01,-3.224906356099999982e+01
1.913956956999999903e+01,-3.922799376799999749e+01,-3.440274352499999821e+01,-3.281893725700000175e+01,-2.745135514100000051e+01,-2.083337017399999880e+01
1.915957957999999905e+01,-5.496098181499999669e+01,-4.077386235600000219e+01,-1.781245472299999832e+01,-2.831456435600000177e+01,-2.471546307799999909e+01
1.917958958999999908e+01,-5.196149660100000034e+01,-4.193889936200000079e+01,-3.153194862499999829e+01,-2.933481935100000015e+01,-3.398163416999999953e+01
1.919959959999999910e+01,-3.611478446699999978e+01,-2.206229185400000148e+01,-2.657155103699999898e+01,-2.628677663399999886e+01,-2.420044177500000160e+01
1.921960960999999912e+01,-2.976345043499999932e+01,-3.695534930899999893e+01,-2.660322775699999909e+01,-2.704319478400000065e+01,-3.194271390999999838e+01
1.923961961999999914e+01,-3.422245472899999896e+01,-4.127474993900000300e+01,-2.569086096299999866e+01,-3.595831180999999788e+01,-2.854001683299999925e+01
1.925962962999999917e+01,-3.148750217499999948e+01,-4.545830802599999743e+01,-1.187993963599999958e+01,-1.210519717600000078e+01,-8.265225935200000151e+00
1.927963963999999919e+01,-4.079365587600000254e+01,-4.995185421699999750e+01,-3.339807270699999719e+01,-3.686605822899999652e+01,-1.937703886299999922e+01
1.929964964999999921e+01,-3.135172238999999905e+01,-2.363717652700000116e+01,-2.080592674500000072e+01,-3.226063493400000226e+01,-2.748240665399999827e+01
1.931965965999999923e+01,-4.042430062599999729e+01,-1.211423615500000039e+01,-2.784856763899999876e+01,-2.382022018600000024e+01,-3.007845648400000016e+01
1.933966966999999926e+01,-3.261282495900000100e+01,-4.756056273699999792e+01,-4.079643904600000326e+01,-3.415686288399999881e+01,-3.388125271500000224e+01
1.935967967999999928e+01,-3.617571739800000330e+01,-3.829580998499999822e+01,-2.534489233500000083e+01,-3.225025109300000281e+01,-3.698720148900000027e+01
1.937968968999999930e+01,-3.548385886999999883e+01,-2.394547062999999909e+01,-3.242315102199999899e+01,-3.572888186800000199e+01,-3.281963251700000228e+01
1.939969969999999932e+01,-3.337806104100000226e+01,-4.350396325599999869e+01,-2.709902857299999823e+01,-3.035432528700000177e+01,-2.469079505399999874e+01
1.941970970999999935e+01,-3.185261092400000038e+01,-5.336964497299999977e+01,-2.355180638899999934e+01,-2.319707489199999983e+01,-2.881400712299999967e+01
1.943971971999999937e+01,-3.158554698100000024e+01,-4.093558959899999650e+01,-2.983876018899999849e+01,-2.722193568599999836e+01,-5.192361453600000232e+01
1.945972972999999939e+01,-3.670885317999999842e+01,-5.233003230100000280e+01,-3.043047204699999853e+01,-4.293251219799999774e+01,-2.968555687899999995e+01
1.947973973999999941e+01,-3.743765375200000278e+01,-3.755573747900000114e+01,-2.911940152700000084e+01,-2.660602990199999951e+01,-2.776620895900000008e+01
1.949974974999999944e+01,-5.135210924500000118e+01,-5.518957994699999858e+01,-2.730024658099999968e+01,-3.643205564299999821e+01,-3.664978818000000160e+01
1.951975975999999946e+01,-4.922201623499999812e+01,-3.454200887799999720e+01,-2.988889341400000177e+01,-2.757338993300000141e+01,-2.785578411299999857e+01
1.953976976999999948e+01,-3.331083456999999726e+01,-4.688708779099999902e+01,-2.695631467600000164e+01,-2.295628711899999885e+01,-2.004984464400000022e+01
1.955977977999999950e+01,-4.362110547500000024e+01,-7.945995579099999873e+01,-2.404205706200000137e+01,-3.537362166100000138e+01,-2.087879539300000076e+01
1.957978978999999953e+01,-4.188924766000000233e+01,-3.688302983599999862e+01,-1.938929850899999963e+01,-1.609037269699999939e+01,-9.807573396100000451e+00
1.959979979999999955e+01,-3.230541975900000295e+01,-4.064815986100000345e+01,-4.331377005200000241e+01,-4.219997521199999824e+01,-3.988866791699999936e+01
1.961980980999999957e+01,-4.509006340599999874e+01,-3.625438758899999669e+01,-2.811899500799999885e+01,-3.639196451800000176e+01,-3.084622265000000141e+01
1.963981981999999959e+01,-3.737160328400000253e+01,-4.805664905700000133e+01,-7.814783333800000342e+00,-5.722782756800000037e+00,-4.007965138800000204e+01
1.965982982999999962e+01,-3.642832981299999773e+01,-2.336889882399999863e+01,-2.811073022300000090e+01,-2.658017487400000078e+01,-3.740193241499999743e+01
1.967983983999999964e+01,-4.242192789100000283e+01,-3.828683252900000156e+01,-3.218634362000000237e+01,-2.791788490700000125e+01,-3.342383855199999942e+01
1.969984984999999966e+01,-6.762977807100000405e+01,-5.480468350799999655e+01,-1.492969787800000070e+01,-2.310369055800000027e+01,-3.478014920700000090e+01
1.971985985999999968e+01,-3.897079360800000103e+01,-2.302140661500000007e+01,-2.239963082399999905e+01,-2.828750637399999945e+01,-2.493849140700000078e+01
1.973986986999999971e+01,-3.814395590299999839e+01,-4.928592750400000000e+01,-2.688097442999999842e+01,-3.538414934400000078e+01,-3.521125956299999871e+01
1.975987987999999973e+01,-4.377048197900000304e+01,-3.849785632100000043e+01,-1.876166608699999827e+01,-2.269676568599999911e+01,-1.978818530999999936e+01
1.977988988999999975e+01,-3.672190970199999782e+01,-3.243072157699999991e+01,-1.371349789599999980e+01,-2.659377186500000079e+01,-3.936333211000000176e+01
1.979989989999999977e+01,-5.359726957699999872e+01,-4.199593567800000216e+01,-2.426151876200000146e+01,-4.809467665999999753e+01,-2.919843870000000052e+01
1.981990990999999980e+01,-2.876530394499999943e+01,-3.567180312600000036e+01,-2.614264110999999957e+01,-2.987038539099999923e+01,-2.570029015900000147e+01
1.983991991999999982e+01,-4.267924513300000200e+01,-3.775103447299999715e+01,-1.460445493399999961e+01,-2.551152798300000057e+01,-3.868887314500000230e+01
1.985992992999999984e+01,-5.456078046300000040e+01,-5.345263082299999979e+01,-2.098590546300000170e+01,-2.518115631899999940e+01,-3.938129899199999784e+01
1.987993993999999986e+01,-3.214710303599999719e+01,-2.942139869100000027e+01,-3.337649901500000027e+01,-3.833456692099999685e+01,-3.066525923100000028e+01
1.989994994999999989e+01,-3.882680105499999712e+01,-3.758999076500000314e+01,-2.215444950099999843e+01,-2.532725643799999915e+01,-2.787209830200000127e+01
1.991995995999999991e+01,-4.470709125599999822e+01,-4.568863632699999755e+01,-3.838783295500000037e+01,-3.108607565699999853e+01,-3.044751566900000128e+01
1.993996996999999993e+01,-2.748052196800000146e+01,-3.075086748300000039e+01,-2.582229994100000070e+01,-3.209543235799999650e+01,-3.825412951700000264e+01
1.995997997999999995e+01,-3.247891238100000066e+01,-3.417842937500000033e+01,-2.920028321299999874e+01,-2.145421818699999861e+01,-3.275408021799999858e+01
1.997998998999999998e+01,-3.164078605199999927e+01,-2.812763985100000141e+01,-3.912032706299999774e+01,-4.165445326900000111e+01,-2.908498521199999942e+01
2.000000000000000000e+01,-2.233417647899999992e+01,-2.962944803699999952e+01,-2.878319021300000102e+01,-3.083345533600000010e+01,-3.392029072799999767e+01
