1.000000000000000056e-01,1.000000000000000056e-01,1.000000000000000056e-01,1.000000000000000056e-01,1.000000000000000056e-01,1.000000000000000056e-01,1.000000000000000056e-01,1.000000000000000056e-01,1.000000000000000056e-01,1.000000000000000056e-01,1.000000000000000056e-01,1.000000000000000056e-01,1.000000000000000056e-01,1.000000000000000056e-01,1.000000000000000056e-01,1.000000000000000056e-01,1.000000000000000056e-01,1.000000000000000056e-01,1.000000000000000056e-01,1.000000000000000056e-01,1.000000000000000056e-01,1.000000000000000056e-01,1.000000000000000056e-01,1.000000000000000056e-01,1.000000000000000056e-01,1.000000000000000056e-01,1.000000000000000056e-01,1.000000000000000056e-01,1.000000000000000056e-01,1.000000000000000056e-01,1.000000000000000056e-01,1.000000000000000056e-01,1.000000000000000056e-01,1.000000000000000056e-01,1.000000000000000056e-01,1.000000000000000056e-01,1.000000000000000056e-01,1.000000000000000056e-01,1.000000000000000056e-01,1.000000000000000056e-01,1.000000000000000056e-01,1.000000000000000056e-01,1.000000000000000056e-01,1.000000000000000056e-01,1.000000000000000056e-01,1.000000000000000056e-01,1.000000000000000056e-01,1.000000000000000056e-01,1.000000000000000056e-01,1.000000000000000056e-01,1.000000000000000056e-01,1.000000000000000056e-01,1.000000000000000056e-01,1.000000000000000056e-01,1.000000000000000056e-01,1.000000000000000056e-01,1.000000000000000056e-01,1.000000000000000056e-01,1.000000000000000056e-01,1.000000000000000056e-01,1.000000000000000056e-01,1.000000000000000056e-01,1.000000000000000056e-01,1.000000000000000056e-01,1.000000000000000056e-01,1.000000000000000056e-01,1.000000000000000056e-01,1.000000000000000056e-01,1.000000000000000056e-01,1.000000000000000056e-01,1.000000000000000056e-01,1.000000000000000056e-01,1.000000000000000056e-01,1.000000000000000056e-01,1.000000000000000056e-01,1.000000000000000056e-01,1.000000000000000056e-01,1.000000000000000056e-01,1.000000000000000056e-01,1.000000000000000056e-01,1.000000000000000056e-01,1.000000000000000056e-01,1.000000000000000056e-01,1.000000000000000056e-01,1.000000000000000056e-01,1.000000000000000056e-01,1.000000000000000056e-01,1.000000000000000056e-01,1.000000000000000056e-01,1.000000000000000056e-01,1.000000000000000056e-01
1.296315743137076149e-02,1.097437446654870863e+00,4.760901854083963158e-01,2.814494023490309027e-02,2.427170040861694467e-01,4.931851459747624844e-01,1.187441510752637042e+00,4.651491909440967354e-01,9.712354694779001818e-02,6.292912735175095751e-01,1.373728374923246232e-01,1.087073351685021505e+00,7.984909670299664697e-01,1.186509921492338915e+00,9.431524135270921150e-01,5.427933562621625185e-01,1.152886307447248182e+00,1.360835703892781801e-01,4.656881082458042553e-01,9.224000994259015096e-01,4.749586919018103370e-01,9.206348680630969117e-01,5.045709165497580528e-01,1.004429607671479596e+00,1.272819747485246289e+00,5.267578900264917596e-01,2.708306824890797104e-01,8.520788461245929479e-01,1.758415284786353228e-01,6.268405458733546931e-01,8.887371376726291294e-02,8.861118886704498765e-01,7.728704328560716263e-02,8.418181268742322976e-01,1.028995928700412898e+00,6.395623320028808179e-01,2.301178874996446244e-01,5.401529483507947482e-01,2.719174841468843806e-01,8.082443922783992818e-01,1.004230491959701377e+00,1.129499769364217254e+00,8.535824254831090308e-01,9.730646269140063032e-01,9.350837725681436785e-01,5.245237966567458665e-01,2.193789140304381047e-01,7.771736100099949640e-01,8.911955193415519449e-01,9.937356398922765344e-01,1.285902046806298993e-01,4.832007452948680060e-01,3.039391062528090659e-01,1.148210054152360549e+00,5.898997136020603937e-01,3.112372916917907628e-01,1.386742673069021048e-01,5.759706076596051716e-01,3.446934682165528341e-02,1.126572935149895427e+00,5.674971420866502525e-01,8.534687143597735615e-01,2.065733833198442337e-02,1.274838520454622648e+00,7.931615729873146836e-02,4.970863840386785526e-01,7.655290296300426567e-01,6.806976189744025074e-01,4.624931974393421408e-01,7.393851498470995764e-01,3.536304855290999805e-01,3.088520061475685807e-01,9.858887510436528112e-01,6.407598884077597701e-01,9.017959129739953061e-01,1.065066501261753507e+00,7.948001832254810717e-01,5.413160438448599843e-01,3.905513588934637070e-01,1.324106878201842807e-01,3.965358054764984708e-01,1.027540116111643309e+00,4.466440614726633895e-01,6.073541420569826821e-01,1.306865582274584492e-01,2.854628119975258782e-01,8.578019193855092039e-01,6.887409956937472488e-01,9.893503110899526387e-01,2.505185112754485521e-01,8.837057715135205882e-01
1.195340889779728633e+00,7.310154347981786538e-01,3.963911696241750882e-01,1.174806146901566040e+00,6.801230386455089372e-01,2.896303764493671218e-01,2.757382074956324369e-01,4.328038557716858969e-01,1.070305883402236313e+00,8.072394851830654305e-01,4.662255345579867649e-01,5.283800395510935832e-01,1.197691984562632594e+00,1.068003511245273707e+00,2.802091201281317057e-01,1.225990677301853071e-01,1.084781656550660944e+00,1.259210923939376281e+00,8.660941366025169952e-01,8.536995290115698687e-01,7.584851811662398635e-01,5.383382640143438147e-01,1.266479417415009356e+00,8.216839029475662137e-01,1.056846779610320475e+00,3.348227852799035009e-01,9.641081921532203280e-02,1.024264397110407510e+00,2.400231325587865450e-01,1.279792754611119188e+00,1.893651791917064231e-01,2.832547213926711605e-01,6.733349669604073995e-01,4.687731158549220400e-01,1.197243409952235327e+00,1.561251886450588100e-01,1.096059993871321137e+00,1.325983443309461107e-01,1.014677819680783077e+00,9.617045845310002727e-01,5.697860916877685034e-01,6.822433962840335209e-01,3.745372934964914524e-01,1.391996302581133271e-01,2.547928647844186489e-01,9.435807005466538833e-01,1.004487462595409220e+00,4.342423717603815514e-01,8.594383274691341779e-01,7.376770896352004003e-01,1.598296119054878894e-01,6.723232456448129390e-01,4.443960970794185728e-01,6.710454360308879540e-01,1.242835896688447184e+00,5.880862288460049214e-01,1.254824902731044578e-01,1.052046676408021186e+00,1.084863699150825367e+00,8.917029119848262075e-01,5.586769817573642438e-01,5.306388044801124693e-01,1.244795156860547536e+00,3.176752807154836211e-01,8.000483891802712133e-01,5.800222991617417501e-01,6.439977659568514312e-01,1.092640216690405341e-01,3.955364745586121833e-01,8.726351905279265964e-01,9.635383822517720187e-01,5.359605745139340849e-01,2.481844392550184020e-01,8.580633348737596311e-01,1.076058467211078007e+00,9.784912082761690888e-01,6.857928207402732568e-01,3.349660578532002164e-01,6.445160674441132720e-01,3.622345711148272640e-01,8.646316778373283052e-01,5.065357046762405391e-01,1.715999254405500551e-01,1.100776354588172135e+00,1.885261168904141804e-01,9.797245310165834109e-01,1.103596123782163950e-02,4.425100621806171697e-01,2.937463687786190381e-01,3.760886456106522502e-01,6.572597596427849354e-01
2.262818519078815538e-01,1.274251940513068559e+00,4.033109659663209889e-01,1.158501229485271899e+00,1.493953878847708271e-02,7.054809600732010466e-01,6.495238456134858618e-01,7.991068848723525964e-01,4.052444063210210445e-01,4.707624142953123481e-01,1.109203260588685902e+00,9.693798024399716828e-01,3.430913782908003862e-01,5.362307551719428522e-01,1.248892739546644121e-01,9.142031722263049831e-01,6.335742506616136582e-01,1.108628990533373271e+00,1.685951362675120468e-01,9.678810729359551557e-01,8.667576927144086119e-01,1.252315225293012979e+00,1.134717745419190571e+00,2.739863303898766866e-01,3.900435268409203071e-01,8.056623438139492999e-01,1.107347297312898160e+00,9.918833564603767305e-01,5.266734680815517988e-01,4.818893517580863373e-01,6.017846999015689091e-01,3.650102431898694100e-01,4.307275646888572562e-01,5.112866963191867731e-01,4.906043337273944815e-01,9.823696505406723234e-02,8.817178159735754583e-01,3.754677618411826900e-01,1.793288117894634437e-01,3.901042146523530096e-01,2.456719778034290869e-01,5.578005262819359933e-01,1.255129039693020587e+00,3.176627247693494110e-02,3.086302290267939341e-01,4.240330002319862152e-02,4.189559206317498008e-01,2.891688815108187649e-01,2.675796715031560913e-01,9.380160106278577770e-01,7.352188975124521741e-01,3.620177160930643234e-01,3.628233781614473297e-01,1.151399497792198190e+00,7.907246209765079747e-01,1.076322110045218938e+00,8.356616493264629186e-01,1.018493190213613619e+00,8.285985774074897670e-01,2.991985937477560364e-01,9.962341681111188674e-01,5.917398303843185436e-01,1.286128166979016330e+00,8.880841592833037257e-02,6.953799584147094537e-01,9.389323487901235499e-01,1.270319979169691083e+00,6.540270981346787416e-01,4.696557715192449800e-01,5.071643192982686760e-02,9.394583494284731995e-02,7.938238920702868073e-01,2.169044967088417375e-01,1.401904756260924367e-01,4.670662082423429617e-01,7.493922226571257950e-01,3.200371506151643008e-01,9.051349981928992205e-01,8.109437518830442393e-01,1.288643690826532628e+00,5.634016463144810860e-01,1.001975979190220967e+00,1.093830972222938902e+00,6.938419356170413277e-01,5.974467021700141656e-01,1.198368284601243783e+00,1.268641986074694028e+00,9.570179502908483515e-01,8.879626058860503601e-01,2.524622575414290360e-01,1.798669569543173974e-01
5.175722568799814849e-02,1.250935266601189033e+00,5.143197902614600192e-01,8.270464290232680815e-01,1.049890438705300522e+00,7.583020781819352352e-02,5.855265872621594481e-01,9.446137685156965613e-01,2.158271877269545835e-01,1.060578655119555957e+00,1.172693588543811810e-01,6.461070067255249294e-02,2.889760548370330917e-01,1.424832204576222117e-01,4.482427548720693267e-01,1.233811567978355894e+00,1.040963841935796497e+00,7.306722151775493224e-01,1.111398949746002840e+00,3.588629607937687815e-01,5.836560550227742894e-01,4.403668445052302816e-01,2.192482056931332746e-01,1.064696787215430485e+00,3.584765334433099304e-01,1.052070096925238119e+00,9.271318190912979373e-01,4.749183436078096010e-01,4.121702243701212964e-01,1.170189628981094687e+00,1.242017272932816052e+00,3.088364144493683794e-01,7.748165139584916039e-01,1.293426809416948209e-01,5.005251693606719288e-01,4.323467151131855923e-02,2.865747566605174601e-01,5.662301483407160552e-01,6.294536600284524885e-01,1.002689910687311503e+00,3.767640398578143701e-01,9.475776299519343970e-01,1.176708231085006995e+00,4.559067156032426960e-01,7.007928580652786898e-01,2.473891091012364596e-01,9.082254281493677694e-02,1.041666843727937275e+00,8.543549268368935135e-01,7.882039211431797199e-01,1.086646159233227271e+00,7.656818460334253729e-01,1.042064597096578282e+00,1.112852596598858712e+00,5.880839967521187539e-01,5.244475878407599545e-01,6.925183604246770708e-01,5.606158768066855647e-01,7.119270907673908022e-01,2.878848039288502483e-02,9.929957470258172769e-01,7.691077402601770308e-01,4.802142098586263952e-01,6.571238403884789303e-01,4.385705811999620618e-01,7.332918427324008892e-01,5.832408270674003248e-01,8.465972234172912669e-01,9.680197040578110146e-01,2.782016351536013565e-01,9.441409181051881039e-02,3.268047081750701799e-01,7.676434548411266434e-02,1.055534457862696396e+00,9.461814365413619976e-01,6.775844235960382100e-01,6.102607023553746624e-01,6.879700419124630262e-01,4.361965417312347326e-01,1.247982904726328890e+00,1.547844778363674234e-01,1.012991286150876080e+00,3.333346002553367882e-01,4.394005567113321575e-01,1.116887363579088133e+00,4.378156894520637277e-01,1.847273148362580941e-01,1.038269920273294122e+00,8.662780157115164137e-01,4.353608478802886705e-01,8.720286637230419968e-01
9.761020809322598080e-01,5.194480749809780029e-01,6.865908131693453376e-01,1.094702969107955504e+00,1.017875172812194418e+00,1.091248326826425918e+00,8.380322953010684861e-01,6.809009371073276862e-01,7.270453232964463330e-01,3.236741601277748903e-01,8.196530886826466356e-01,7.791794268968486037e-01,1.115911067739910001e+00,5.545600379034359984e-01,8.362551646013905993e-01,6.299751675718782140e-01,1.017771661106881664e+00,1.000936366024834934e+00,5.752735857048255769e-02,7.689053005408955643e-01,6.599950561214529277e-01,3.411703464288841081e-01,1.272980915959342374e+00,2.093669048403904165e-01,3.203214749337951472e-01,1.270995863117958313e+00,9.186408224492900176e-01,1.264351597051251774e+00,6.771447589143408941e-01,3.102685235576702061e-01,7.407039375237938206e-01,1.264088740405435285e+00,7.906861971802289224e-01,1.532826134452683065e-01,1.146653369891025065e+00,6.976502465756325710e-01,7.551040926960557176e-01,6.898646794170940622e-01,7.315184918781240109e-01,7.481393721457282320e-01,7.164105874351481829e-01,1.266987656913742155e+00,7.666458875662393035e-01,3.382892218609042101e-01,7.475488390180291820e-02,8.062441981406188729e-01,7.968389280695568067e-01,2.272970202735002387e-01,6.285051206286890180e-01,1.153006200757413335e+00,9.699636603334387264e-01,4.589937839876509496e-01,7.698583744293794329e-01,1.377175650989425904e-01,1.270418510763633213e+00,1.140732418272863702e-01,6.995856943843110631e-01,9.749068421247352179e-01,1.280160285281508825e+00,3.557802390911741774e-01,2.734510435540439266e-01,1.919634993565466630e-01,7.853655970809997333e-01,1.286188032667253012e+00,1.032192443191830122e+00,6.369510393531965242e-01,7.633101820996587294e-01,9.194379528284574166e-01,1.098207177063882378e+00,1.096182788659336715e+00,9.314836690821545195e-01,1.209560467963696873e+00,4.274676067155565029e-01,4.143771031370172553e-01,1.237488955655907441e+00,1.164511703582306712e+00,1.173885656587922849e-01,3.053421745401943554e-01,4.736428972596873899e-01,1.168964365767412250e+00,8.094829521197849376e-01,6.974608023192906403e-01,1.004721961608628700e+00,4.942382543068579714e-01,1.077854949648968441e+00,4.651973856426291354e-01,7.014136306614059402e-01,9.717876082150316286e-01,1.163383672929696022e+00,5.953848168974233968e-01,1.044393152935377378e+00
9.036262539665832483e-01,3.340187835786741499e-01,1.233796516321371994e+00,8.149567900496644812e-01,4.236303372976217285e-01,2.911325531018524315e-01,7.295454311128530822e-01,1.238790407702142105e+00,9.677963981659321036e-01,3.402670985165041628e-01,4.104307606831733568e-01,9.773308320443586661e-01,1.008656494809110127e+00,5.026758001568897294e-01,1.198284695532531030e+00,8.492745720551839739e-01,6.651091721961156500e-01,4.544428708945963402e-01,1.216436970805214068e+00,8.390722289662790878e-01,6.046302345487173380e-01,6.866732325406058601e-01,1.276512903641201513e+00,1.544077599396205536e-01,4.007765489117959268e-01,4.838177304520508426e-01,3.624477210875861610e-01,1.964710078217905276e-01,3.334775487220000834e-01,1.199600337475460243e+00,1.155435821575398370e+00,2.490984243416581034e-01,1.276064210554920031e+00,4.310439628495653097e-01,3.191385058015187570e-01,7.691605754779556881e-01,1.916365449628370243e-01,6.828650854573183882e-01,1.887033462862535982e-01,1.271647250013690833e+00,4.001046434472858848e-02,6.894614998863168864e-01,6.823655428057918693e-01,9.860879757470182583e-02,1.113129288345187984e+00,8.776491294070979388e-01,1.196900652287229638e+00,7.052355803013650171e-01,8.924920337252394420e-01,9.728609619928316743e-01,3.019575861299834130e-01,1.064476056917778024e+00,6.788549653985490595e-01,5.514127812455043021e-01,7.700924955450333398e-01,6.016584627661978324e-01,1.103948946624638133e-01,3.254019743995527347e-02,8.260273588935035383e-01,9.101831485018715417e-01,1.079119609829405579e+00,6.437059196945003059e-01,1.022876251721906993e+00,3.692551787424488974e-02,4.438026188491727697e-01,1.095924972838858480e+00,3.143645868770542640e-01,1.182301734987357023e+00,9.567907352486738903e-02,7.822571749913286299e-01,6.305965783431054517e-01,5.515220737346022695e-01,4.581117670607130488e-01,1.995709826656300034e-01,3.717249003166546162e-01,1.860601794693714506e-01,5.375431385565548892e-01,1.159052497045218955e+00,4.054488995444891497e-01,7.201382034857777281e-01,1.379642789662460511e-01,5.774583904296207715e-01,2.714588383015490991e-01,1.094498938612786132e+00,6.442471938460204717e-01,1.259852310331124103e+00,9.811843670640074677e-01,1.198620016383897147e+00,2.112861363713742502e-01,1.147075527901145531e+00,1.008662496831087996e+00
1.011707549151453556e+00,2.189133854749349684e-01,8.339422048081371885e-01,1.090726067226565954e+00,3.844388546436742354e-02,4.041600162458268697e-01,1.114645936609003629e-01,2.434501063211323008e-02,6.131126185816737628e-01,1.001662567921900004e+00,5.461637408309282238e-01,1.192056235303612793e-01,2.550417825219070678e-01,1.566548184409027183e-02,1.094875011120297836e+00,8.459039181529985907e-01,7.596047125459368665e-01,9.433120771806786653e-01,3.457388038244475492e-01,8.313152674510347895e-01,1.022287155766816058e+00,6.705650193372340029e-01,1.363428999226796133e-02,1.006055129268873305e+00,1.785830430780342148e-01,7.961422724257855021e-01,1.058481812899485730e+00,2.585775340055644911e-01,7.962180194536607747e-01,1.512515056923232903e-01,3.987119787951431960e-02,6.882945264130273522e-01,9.385045099021235293e-01,8.044015864252029857e-01,1.066711769436902713e-01,5.233841478874988740e-01,1.788807164226539625e-01,7.392159267106745979e-01,9.154818417106704853e-01,8.861278696442885794e-01,2.457264804868988239e-01,7.370570300310891332e-01,1.143056017576344452e+00,1.174223767949331920e+00,5.173770993280808472e-01,1.210415372362057873e+00,4.472749535261336118e-01,3.873054630946055205e-02,7.088754529039472674e-01,4.148901295590267657e-01,1.392377869389179179e-01,3.623119406342343862e-01,9.617840101857312307e-01,4.225204024396489455e-01,4.137647925118297931e-01,5.743977362401443409e-01,3.455729169393965128e-01,2.709055962127662198e-01,1.284391140030701761e+00,4.359952491804804930e-01,5.634252838388968676e-02,2.055345217048610562e-01,1.102999858620223206e+00,2.588564617707408283e-02,3.698730710740111838e-01,1.009328348928307362e+00,8.029531508122139671e-01,9.899805232927335608e-01,6.404798552522993349e-01,1.080720168344182941e+00,1.000166662642895110e+00,2.742067375230695658e-01,8.900189155553213105e-01,6.077803731743359750e-01,6.418097834115765732e-01,6.752077710846780823e-02,1.093137095745831733e+00,1.183808574334386909e+00,6.230355751228984218e-01,3.030806839185389845e-01,9.965624595211111103e-01,4.248488074476788889e-01,1.121055160380616034e+00,1.685642773870411892e-01,3.217780691771054413e-01,3.110638878978472244e-02,6.526660288868856297e-01,7.919614962053176388e-01,1.040295544413832873e+00,6.519462149959300845e-01,9.147652461777199262e-01
6.440986535346112651e-01,8.381647837911857524e-01,4.117879618486381954e-01,8.691524764455100804e-01,9.263345419039518136e-01,3.762098083512356306e-01,6.166908947613849445e-01,1.072399302462271775e+00,1.545797326963722906e-01,2.079838019803852134e-02,3.140394668568382008e-01,7.922230000688824658e-01,9.867931005233672170e-01,6.890690855412751059e-01,7.376840581379499051e-01,2.579986920250261773e-01,3.569893551185896463e-01,1.056211123530799378e+00,9.573580638415922772e-01,2.575385454907686555e-01,8.981372971751050427e-01,7.292942576559220402e-01,6.912709117469879871e-02,1.136119965688796363e+00,5.166630534165832511e-01,6.458787181602568817e-01,9.847556736514491149e-01,6.920799018120616930e-01,7.974452518050748617e-01,3.080139461221570452e-01,7.106655132629625671e-01,6.589505756716030893e-01,3.186416543962619086e-01,1.053132399708169853e+00,2.339478732162359464e-01,6.544341303506935326e-01,1.098894906022639839e+00,1.137827631416597374e+00,2.476375761335918024e-01,1.065884552007106967e+00,1.229702349882862089e+00,1.150952556178574428e-02,1.059972763787270011e+00,9.186512992728433913e-01,1.156091307560906278e+00,1.289010288793609904e+00,5.733042395019568443e-02,3.325703772113191570e-01,2.631828430355226400e-01,9.201638906396150119e-01,9.243033933804153390e-01,4.791818367462373218e-01,1.130469741252420279e+00,5.829019556040049288e-01,1.231515605052034834e+00,1.023369830491753341e+00,1.134503244369889918e+00,6.112036499652795385e-01,1.316585547566717085e-01,6.245844689450342768e-01,5.375656908595586314e-01,1.005182058931467087e-01,1.023256692190683409e-01,9.584986398747158409e-01,1.084931659928936476e+00,2.725300531591232089e-01,1.108169839649827848e+00,9.411677282352723939e-01,5.538085492216942018e-01,1.393796142302695384e-01,8.872437014334988437e-01,6.247988135547992705e-01,9.959093035440252928e-02,2.673210088060115064e-01,2.244340213299150788e-01,3.166101386668224160e-01,4.224319217198549414e-02,8.454942981847638483e-01,9.024853154217722384e-01,3.104240430563761644e-01,1.172221798729230935e+00,5.887958018817746053e-01,9.130361260396540057e-01,5.103608393850532776e-01,2.449551897227339459e-01,1.100411960030549974e+00,8.667380652463834156e-01,6.547022359684060433e-01,9.019117499530133752e-01,7.704247651914930550e-02,8.117522697719091462e-02
1.148371336001287490e+00,6.802784762070722691e-01,7.506797321799696388e-01,1.060596735366859722e+00,1.728022254514135769e-01,5.350867555962316446e-01,5.876850236265510619e-01,1.894182898343895194e-01,8.980310769945824001e-01,7.497127411471073977e-01,5.849440830006075176e-01,6.161014089555667539e-01,7.103786809585292683e-02,5.475022042448024484e-01,1.235798270271251331e+00,1.090465052470223073e-01,1.027513213693235672e+00,7.601728337958497672e-01,1.096981598218144116e+00,9.542088732955977814e-01,9.646990816772237354e-01,1.912873212369871623e-01,8.324932188231248809e-01,1.525733678647015756e-01,9.913492772796288488e-01,1.108995277048984374e+00,1.165342540480109185e-01,9.240365342343495048e-01,5.175263677803004780e-01,1.276961554260351184e+00,2.825436606768009229e-01,1.150561463789843364e+00,1.275049167803443684e+00,1.129124603927580628e+00,3.464751350769326721e-01,6.162377640121349254e-01,1.008242701924819018e+00,5.147252812356583052e-01,9.881583374594605784e-01,8.906327276146397409e-02,1.255330560161102893e+00,2.533576737436006310e-01,1.490228465509158551e-01,1.407705901843750440e-01,1.035161177071835192e+00,8.158197458264553337e-01,6.113014622075165772e-01,7.447424321504674261e-01,7.853663220597604244e-01,4.497923475089874445e-01,7.522820596540382709e-01,7.196345374147382623e-01,4.511587205901867320e-02,4.282457711708703152e-01,2.013640680242335945e-01,1.280053275824957648e+00,4.559307200855099995e-01,5.219261428350441268e-01,1.021539337345778453e-01,1.265440218557278618e+00,4.675681577329842131e-01,9.472764486152577268e-01,7.494698161747375131e-01,5.479844711920260902e-01,1.247485057998388047e+00,1.008839450565357065e+00,9.441716243877152914e-01,4.813104592437870699e-01,3.644642391943777038e-01,1.284731184190610886e-01,1.817738715366491453e-01,4.922889762032159888e-01,5.112762734756225447e-01,1.484004581568175996e-01,7.982975319725593710e-01,6.956668209026782845e-01,9.905075651752688337e-01,2.100387160742555048e-01,1.145361251765820265e+00,1.032823578480397408e+00,9.724373538477728562e-01,6.091336105664978406e-01,4.883835472034580572e-01,9.319468960515694400e-01,5.958654639380371876e-01,1.003845842439336833e+00,1.010596589145332930e-02,1.181163008375765378e+00,1.068384644919924131e-01,1.288748325642034842e-01,3.102231470330832352e-01
4.200485901070765138e-01,5.707606048601185922e-01,1.217708858940901751e+00,1.422727546929195563e-01,6.167383243072674937e-01,1.257895045636947318e+00,8.505609695829529082e-01,3.232840487362776960e-01,6.070009657192965147e-01,1.051141716382557378e+00,9.966449197838163077e-01,1.985150739078907489e-01,2.504254135138121451e-01,6.254001798431469972e-01,7.177870077642199975e-01,2.521118392688607712e-01,1.073394104273470040e+00,2.191903551392938021e-01,3.926574778921707587e-01,3.138086106251549712e-01,9.976505739394466721e-01,7.759662014732526814e-01,1.222374222144775757e+00,1.193368989623197818e+00,5.081899569685373041e-01,9.109743619805678039e-01,7.824137189965191252e-01,8.021215600478057706e-01,2.985560591306631872e-01,7.780754331992798534e-01,9.754148065824982394e-01,8.566840360057355053e-01,9.076389103590097873e-01,2.007772645698479852e-01,4.804098819752458116e-01,1.940116288022042043e-02,2.163903331257188700e-02,1.323794952218551417e-02,8.610735167147539615e-01,5.840544221351375853e-01,1.262336927823117572e+00,3.916679584523415913e-01,3.055843443344800070e-01,9.417676139206264396e-02,7.511478757659124650e-01,1.282401357948879106e-01,9.677014618242065769e-01,2.176820254340322836e-01,7.169157363962656015e-01,7.649759251128204207e-01,1.010169705609471391e+00,1.279357953889234345e+00,9.756305360693281470e-01,8.802342947550776397e-01,9.994573864719569212e-01,2.950334977859574992e-01,8.004845802276909783e-01,8.223118519806559279e-01,9.427551745392975802e-01,1.060946193474050503e+00,6.382804440794467293e-01,1.181198786366439490e+00,6.308624979040289293e-01,1.071395649096491764e+00,8.222412799456543242e-01,1.061054349525894169e+00,5.641140527421036749e-02,7.069154701374825711e-01,3.355824993669091483e-01,6.167144958791461740e-01,1.268595003572127622e+00,8.509717816271472612e-01,1.218992769457192260e+00,4.724658441172157053e-01,1.500806603979275844e-01,1.276216138195338523e+00,1.745432874519435018e-01,8.023594606717656674e-01,3.557444705379750882e-01,1.045006290802922733e+00,7.872878445579670759e-01,6.424454463086318734e-01,4.812935053132311181e-01,1.109852494190425753e+00,6.818668370404693535e-01,9.334185444988593039e-01,1.209479819334037032e+00,5.251309899150653493e-01,7.990334321455571098e-01,1.028891260871061419e+00,5.733952533741090152e-01
1.556508618130994226e-01,4.937368298095671237e-01,2.639880026733519847e-01,1.026893637571189899e+00,1.974439780761922114e-01,8.420944951261592759e-02,5.477596657090899601e-01,1.167933341890476484e+00,1.678852494387655381e-01,5.793754442667935489e-01,9.348101064850183883e-01,1.141193284849049139e+00,1.713727234201045391e-01,6.765795914912878795e-01,4.764742444939669697e-01,1.024388580949039534e-01,5.816443060776501500e-02,1.270150758962641957e+00,7.170239586241915486e-01,6.359634571595077501e-01,1.264145790778845591e+00,2.055694148205766958e-01,3.533653144065425633e-01,5.207143654411455769e-01,1.107568225526019523e+00,9.919663485408711789e-01,7.595502902413069357e-01,4.664801220192349440e-01,8.607420933160478960e-01,8.578767736112109521e-01,8.844375284279536453e-01,2.500962948830097732e-01,1.215211372732027062e+00,8.213043188025564989e-01,5.599648276806262759e-01,8.175506126777387639e-01,7.386859274792757779e-02,8.638053113441572783e-01,7.888045230318970757e-01,9.357758038195076455e-01,5.099466500713413231e-01,1.228513232220653340e+00,7.424046847674334870e-01,3.518868127815196201e-01,7.255802864380234141e-01,2.265101218171293174e-01,9.840788160352283986e-01,3.765899401053806606e-01,5.185696280912598377e-01,8.722015313095689004e-01,1.227331397826381121e+00,1.747755798880696321e-01,8.526620507836543128e-01,5.782591344576279990e-01,5.721765877953691737e-01,7.462126374006951002e-01,8.332299073391394861e-01,1.191005276469716767e+00,6.980402439754399002e-02,1.375865935875570378e-01,3.740923093717979930e-01,1.239534805385455352e+00,4.220937185022388127e-01,1.243366791578123687e+00,6.828386104854282657e-01,1.146096813700039796e+00,6.492334281908803684e-01,9.981840015503709029e-01,9.951732248131672787e-01,8.511621372115100170e-01,1.130667365654951961e+00,2.133253271239451687e-01,2.363213529204560015e-01,1.023374133655449367e-02,9.150943907151383172e-01,4.446093457458646370e-01,5.134291311738500285e-01,2.047610216306461062e-01,1.094183295526184097e+00,1.073390720415929867e+00,1.271795501571366005e+00,7.835820969510947087e-01,6.197037130536130894e-02,4.796688918153464432e-01,1.216123569671510696e+00,4.198314138413217766e-01,5.479335469819484050e-01,2.240802575077762426e-01,8.918201173282575001e-01,1.089964548814943646e+00,8.811886008302073359e-01
1.058123294583090512e+00,1.236945479951478744e+00,3.963485166113834279e-01,1.017058170257520100e+00,1.205592405333733907e+00,5.045236853446222192e-01,1.208680689943660180e+00,4.162859248957361813e-01,3.534413189621857243e-01,3.007238581243317985e-02,8.526427917695655889e-01,1.457207356916953023e-01,7.829656734261910556e-01,1.113779225634155434e+00,6.801604935778879923e-01,5.555855983706970980e-01,3.318287600660530523e-01,6.677299378711801792e-01,4.935868585118974861e-01,1.084988882760818063e+00,1.225678152401714849e+00,5.832538109881018062e-01,1.213732833714660453e+00,1.100396835157721354e+00,7.164134996880927586e-01,9.863362769692546328e-02,2.997480217414564829e-01,5.305807129555422108e-01,1.209130874082655405e+00,3.309256321791474997e-01,4.700282319670524012e-01,8.796687966154341509e-02,1.200058519829562353e+00,1.249670094166182244e+00,8.391712649017863956e-01,1.203007434982920509e+00,4.045765953845710250e-01,8.483541047009357516e-01,1.233628762196515183e+00,6.228435516191864751e-01,1.965038466513027160e-01,8.228417908123835112e-01,6.181353232438162593e-01,1.180793544056338629e+00,1.176718088881864688e+00,5.894959725711613752e-01,9.248665544629879331e-01,5.044243710622136057e-01,1.342322465411390497e-01,2.065250835055460754e-01,1.587816176740788343e-01,1.829691617189655936e-02,1.225753214458882079e+00,1.081125177935646553e+00,7.174139867481480470e-01,5.877651647485184760e-01,1.205094289801000862e+00,1.098150714826863883e+00,1.941251843051888804e-01,6.403455506592772295e-01,1.018990491508448226e+00,4.719805508260355720e-01,7.146317300666132910e-01,7.322638781785993922e-01,1.099772742091783106e+00,4.219519536244945024e-01,3.136708629726687181e-01,8.257677158363989633e-01,8.742975481344036348e-01,1.090484004286005781e+00,7.688761868594216065e-01,4.659992756618377419e-01,1.052304202484265483e+00,8.003210621787264500e-01,7.985879026861615326e-01,6.705646555866751068e-01,5.911876227812479234e-01,7.307422359589316185e-01,5.140280820246333482e-01,1.722492198113648176e-01,4.851157363010273615e-02,3.138328451699104460e-01,2.189980321808654984e-01,7.129595203019295502e-01,3.113101146437038946e-01,4.746848589105289173e-01,2.124683159032072222e-01,8.765144564749605127e-01,2.020695904310818025e-01,6.209401940668757280e-01,4.019044883287271608e-01
4.468381942006980356e-01,6.067792097060423773e-01,4.991434157499952118e-01,1.098237607776621605e+00,6.037514518425917132e-01,1.963469086171154288e-01,1.150428777949624504e+00,2.438832619641607136e-01,4.308095878105880905e-01,1.077545219278224442e+00,3.824856141070516746e-01,1.471093211767097453e-01,1.264235009696434320e+00,4.094128184867322218e-01,6.276866858088478995e-01,2.120598622268973499e-01,1.314184304036408457e-01,8.066748812735882179e-01,3.333527316631298976e-02,8.969976044062309972e-01,8.564799031903432835e-01,2.711310677921882628e-01,1.619603149602734660e-01,1.582426382106553175e-01,7.424850550001921290e-01,1.031064990755624855e+00,7.829645920808493420e-01,4.299171358554163547e-01,9.935955499710390215e-02,5.894468984515822685e-01,9.450970934393322365e-01,2.758970583690784628e-01,4.698343951889016878e-01,2.986571785584317754e-02,8.582607232807258624e-02,5.498705251659526949e-01,6.933535955157359432e-01,7.077921928726783607e-01,2.390502304202611616e-01,1.688782117465149335e-01,2.203437759365871051e-01,1.206354875527592130e+00,1.697135731821956262e-01,3.257855404117327436e-01,1.265536482351730330e+00,7.692104994423343278e-01,9.248452571963613478e-01,9.598494084734777720e-01,1.207740898191720369e+00,1.036319893284220195e-01,7.204565362784194626e-02,1.115775476813179790e+00,4.048585731256032494e-01,5.251516101808949566e-01,4.230072964309283257e-01,5.766752968083199704e-01,2.765483986053687837e-01,7.304356160424819999e-02,1.367537307725168461e-01,1.066437677200672285e+00,6.215740024945975994e-01,2.840674604618003696e-01,3.926322253980956689e-01,1.612757977024275452e-02,6.397580806299710821e-01,8.446857168017780637e-01,4.075187420578517128e-01,1.873299790619191996e-01,9.386082341375627802e-01,1.242211052225109968e+00,1.257833888372047682e+00,8.554335669811035103e-01,2.881518852196204294e-01,2.703569750252195480e-01,7.857807647779061488e-01,1.165637244670197692e+00,2.430907635789308352e-01,3.628577718265250107e-01,1.084191333407493074e+00,9.320377996567167367e-01,7.177258587827625158e-01,2.836689069077515946e-01,5.009794205818276502e-01,4.190486898537240101e-01,6.395296518776852901e-01,9.473716718781509671e-01,6.561880549207435021e-01,9.464631747719867150e-01,1.008917387100064511e+00,9.605394659296698778e-01,1.133187234734572835e+00
1.249432840376630383e+00,1.161953000888934717e+00,4.221378276268586971e-01,9.519679719467446510e-01,4.974295407374370037e-01,6.043172976309745259e-01,1.161793044577846157e+00,6.604532183856387517e-02,1.133005496447142990e+00,8.051938165153443849e-01,1.127628530298381726e+00,4.454024935428630982e-01,6.313566786744041481e-01,3.100168852799818908e-01,2.977063257938262764e-01,1.224606133205157210e+00,1.097050587274449596e+00,9.612388640477169677e-01,7.461440650301051081e-01,3.760933343583981459e-01,4.055224083968180238e-01,8.747097009646158661e-01,6.732067423657576155e-01,8.686675168118185297e-01,1.172384850923684274e+00,1.223004302720784198e+00,8.707505424556537532e-01,1.604769703598557529e-02,9.295514845239742918e-01,1.084823736168159192e+00,2.553869079125715147e-01,4.828860966084477235e-01,4.720637468950760196e-01,2.664563666759347527e-01,7.809142716100540005e-01,9.175937340782690521e-01,5.290932128407050961e-01,7.839858940239364804e-01,9.799725599570159318e-01,1.040312728446387003e-01,5.308195528195537305e-01,1.159766105996602681e+00,5.218694855426639911e-01,6.951025727978880075e-01,5.043008989644063300e-01,5.378084462934429322e-01,6.230785695090258480e-01,8.793467463178555876e-01,1.141184904946670464e+00,1.063608271997995791e+00,6.669342420902183433e-01,1.133959528605398726e+00,5.673459166356566996e-01,8.498927961778193207e-01,7.696093052324805006e-01,7.471935638127403800e-01,3.814445108639983872e-01,2.405863617623325013e-01,7.040177928387787443e-01,1.155159172956494951e+00,3.068067058292704430e-01,5.051589867273932333e-01,7.882532361787478736e-01,8.474090932908411311e-01,8.350229525863936964e-01,3.005305521253972545e-01,8.887986593408584435e-01,1.251195237525593473e+00,4.333360613462136635e-01,1.178144607835521107e+00,1.250548891291368925e+00,7.992821568851640746e-02,6.117674835628875707e-01,1.255776468060759488e+00,1.115560594329093824e+00,1.196687252371815280e+00,3.549656404468341520e-01,3.053534130403998681e-01,1.165115406046927093e+00,4.771267075269561286e-01,4.196028875979150308e-01,1.196136135032200842e+00,9.235495847956194382e-01,3.846232041322152351e-01,2.391266610072515508e-01,7.798045595691474041e-01,1.259098449308823975e+00,7.638710131459438557e-01,1.029975982580018545e+00,5.912468479162825696e-01,2.487386035282341396e-02
5.807866618578821916e-01,4.815808476492277057e-01,7.846085254142753929e-01,5.526797833625123335e-01,7.730359505570649770e-01,1.207168515109656060e+00,1.547726855237516186e-01,2.604354269121231073e-03,1.246566421371033684e+00,5.765491918071858485e-02,7.018293940582253088e-01,7.588448217115560945e-01,1.164949741467009026e-01,1.189926182074991567e+00,5.081780365764865248e-01,6.101625045823407811e-01,3.211539356271407297e-01,2.802689271038067420e-01,4.304670257860367943e-01,1.183474310092176740e+00,4.565434414541288399e-01,1.081889226344014299e+00,1.102514371624636169e+00,4.535374794199889537e-01,9.350299480293629006e-01,1.183289042294022098e+00,3.101266130821785927e-01,1.522357470794395984e-01,8.746665335643567518e-01,9.739722714314837937e-01,5.925893097475403160e-01,1.933864114810334711e-01,8.336086550350614299e-01,1.222194727247962742e+00,1.139596904560173485e+00,3.058183881326247966e-01,9.840079464615271165e-01,2.644202842198140058e-01,1.155983304846854853e+00,1.944049265526267001e-01,7.928577500025651981e-01,1.266638593914661826e+00,1.785120580457977323e-03,5.106210772583299473e-01,4.036483007916960575e-01,5.657887954748217485e-01,1.014944081999935799e+00,4.553841495545730145e-01,2.783933614575291315e-01,4.994746874811824555e-01,1.150882048357996679e+00,6.470656337140152647e-01,3.308768791018296129e-01,7.242904211250786872e-01,7.750830150654088868e-01,2.447949972956791342e-01,6.829427926789269909e-01,1.207922940386733091e+00,5.684655954880140083e-01,1.175844271677514818e+00,3.835802514794177664e-01,8.534098081463626917e-01,3.649382132038713755e-01,8.900570938984256886e-01,4.165636019234753018e-01,6.202916712733402838e-01,5.604104401308644956e-01,1.027920854147415380e-01,1.077388532546187161e+00,1.791515209235064743e-01,1.192832435537596325e+00,9.793704572729308167e-01,5.472003005570466039e-01,6.030624824069259482e-01,3.244616383515477320e-01,8.073529072518063066e-01,1.074631804163443283e+00,2.730793475220778532e-01,2.211831238923410436e-01,6.956378017731649210e-01,7.323370930393253708e-01,1.243083496919836550e+00,2.088209885775033359e-01,3.812387790613668281e-01,5.292097888702165243e-01,1.019183016680397652e-01,8.222394320800100465e-01,8.522662500860905821e-01,9.972650843477367522e-01,6.090358745911964716e-02,7.151139794238666747e-01
1.023926678512643518e+00,1.843516303500079834e-02,5.402657827417179925e-01,2.167747833934443036e-01,2.791887461436101669e-01,1.019012256343523992e+00,3.264150167748100517e-02,4.855582491271945855e-01,1.123982048232242459e+00,2.106582071909815501e-01,6.405766242917309006e-01,3.448941755817961918e-01,7.648494246377506300e-01,3.093123175840246097e-01,7.807290076282548119e-01,9.507292731207712677e-01,3.901977808945495396e-01,8.225129438393234682e-02,1.076406351308694553e+00,1.283679878143161757e+00,1.149597220993404001e+00,4.646513722124291923e-01,7.443771884039634967e-01,1.729183533204435852e-01,7.377782050447253548e-01,8.103555696056391477e-02,1.051525053077271510e+00,6.646695481934963290e-01,1.280018321435536732e+00,7.813657648940935951e-01,2.633021068183992730e-01,4.053664019992168077e-01,6.559696648955155862e-02,7.001114239556555097e-01,8.041745282861816058e-02,1.040050407237201879e+00,7.435492572036258574e-01,2.697058675005630235e-01,3.512958058913644988e-01,1.757635974622855646e-01,9.393416828535157137e-01,7.949878049927499024e-01,1.085438459531320232e+00,9.079823968476914420e-01,1.137723827740302118e+00,4.365902599624333913e-01,2.949074150755773283e-01,5.082855071224851029e-01,2.627972559406366870e-01,6.374549636712267819e-01,1.523544782149523491e-01,4.532258732586272841e-03,8.979481675896177073e-01,4.069649220552498115e-01,8.332416480410574922e-01,6.151722615288057749e-01,4.790869190609339801e-01,6.775608749322485913e-01,8.580832057355066711e-01,1.234651545508208326e+00,2.361651111282621774e-03,1.972889029439700015e-01,8.355461583348756660e-01,8.083643242352163139e-01,3.789574158583944308e-01,1.004836122307249058e+00,9.420576306784458342e-01,8.732207776389095955e-01,1.137928763250895647e+00,4.113674132876016798e-01,8.960770113441983709e-01,4.858739503172316843e-01,6.258383865297993953e-01,9.310800765755732067e-02,1.135428813855602126e+00,3.634900420887137162e-01,9.295374411774755263e-02,8.835438434574974798e-01,4.911024479605801130e-01,1.339402313093967234e-01,2.982205110574133733e-01,7.952268270886475587e-01,6.211026749066517194e-01,5.926492683284366736e-01,7.289357158001854575e-01,6.727959246102966917e-01,8.361585636377411035e-01,5.396343853958319725e-01,1.261362163644782042e+00,2.645614625353595040e-01,5.470329683863811576e-01
6.118507149114276178e-01,3.932894398415752168e-01,1.163676998086841996e+00,6.812431087177910349e-01,2.474810075427767708e-02,7.555346073288224940e-01,4.193656917990727928e-01,1.151213508434127536e-01,8.606013761971521570e-01,6.723150664809089960e-01,1.276273368641482886e+00,4.716533749601107828e-01,6.281842909535985120e-01,1.495046873885975403e-01,2.231413295442545852e-01,8.957615448909612976e-02,8.710381871517260954e-01,1.271283682579419372e+00,2.873242933988075509e-01,6.558792174561152433e-02,2.012609067021939591e-01,2.087353905110551633e-01,4.432179029438276796e-01,1.055071057254862499e+00,6.061006956749929175e-01,1.021304827092125000e+00,6.654165169434494986e-01,4.146514182531907400e-01,1.055053211864407592e+00,5.807893371352715883e-01,1.531092041391072800e-01,7.957562677873906143e-01,1.262094682646492938e+00,1.263256132865151482e+00,9.056302774667254196e-01,1.006674868594403582e+00,4.006925316877294474e-01,3.093935256845208315e-01,1.043388609326747485e+00,6.696532423016805513e-01,8.152205083761990823e-01,1.555048590201255077e-01,1.124742717546404647e+00,6.571807002963121480e-01,7.593681731435416582e-01,2.012228143156110372e-01,5.851342261874642459e-01,1.024458628517027486e-01,7.268025331949509726e-02,5.847998527487227038e-01,2.102871897320011119e-01,3.418251181613919942e-01,7.739252348947921190e-02,9.952501759644222235e-01,3.923531965765244545e-01,1.150372395998781709e-02,5.501937185819522069e-01,6.390987294484197223e-01,1.241079612342422811e+00,1.011605338097661955e+00,6.761021212643725242e-01,6.515150895226196059e-01,6.290583742237476628e-01,2.796039523687264272e-01,6.827127932493883833e-01,1.185836879870404426e+00,9.300877889042816760e-01,2.354294193253514966e-01,7.153459224826107521e-01,5.237536605619923236e-02,9.463949749478746121e-01,1.145589025311929410e+00,5.524136327653801359e-01,9.493426454268556469e-01,6.227538170164320652e-01,8.925987405659862040e-01,9.720751475854343404e-01,2.080579215399881166e-01,2.933792475889477822e-02,3.493023255252696857e-01,3.720524933540697576e-01,3.371877155811189297e-01,1.186264987069916010e+00,7.370986485832381474e-01,4.928011533948236100e-01,9.393186667844017901e-01,1.075935592608116220e+00,9.217253076175224713e-01,4.564369931801040003e-01,4.480265605174384852e-02,1.252552933542612879e+00
4.191349958910346452e-01,9.297555286265694052e-01,4.285985060308607486e-01,6.986955132339514041e-01,4.097158019161997559e-03,5.074593728930953951e-01,7.408133407219350541e-01,3.686150749712811536e-01,1.099227685181745739e+00,3.553489315714282726e-01,1.454512736253983640e-01,4.170182593240785024e-02,1.167073718326770759e+00,8.237485369004377000e-01,5.378027419074467019e-01,8.898482941778438349e-01,9.251277572096652246e-01,3.171350657163025111e-01,2.603756394766941207e-01,7.757351998838371010e-01,8.441205745623248102e-01,9.633392932326436675e-01,9.101860765945425369e-01,8.172714465798421868e-01,6.571372531128275574e-01,4.581183928670721772e-01,1.224100442296673696e+00,9.997077281151783845e-01,6.503374742211467385e-01,5.038579104538676821e-03,7.211059797158346774e-01,3.566702559983362386e-01,9.510587347717329720e-01,8.358826024376817543e-01,1.237343358477273503e+00,3.374127329182362300e-02,1.034242154778150180e+00,4.648264150776894588e-01,4.417187306658932888e-01,7.640979471053280792e-01,7.500711820983322342e-01,1.087843183271180347e+00,9.588408009713715874e-01,1.069428949885004032e+00,1.030325403807868190e+00,4.158206770903879468e-01,6.869654276087064360e-02,2.268385659307025348e-01,1.072857910335010656e+00,2.818179424621936602e-01,3.131241898438492655e-01,4.215274091738990120e-02,1.134176125331125551e+00,1.127696571533998382e+00,2.157334965013295580e-01,6.334490694654840715e-01,3.719509913951571933e-01,1.139003824246382635e-01,8.911286593360705499e-01,3.254560654209210369e-01,4.681351138351494412e-01,1.418540980666871953e-01,4.355134461503433196e-01,9.446158677661122827e-01,1.025342654637025008e+00,8.465043700333377830e-01,6.583276165761349219e-01,8.999544344742320678e-01,1.040564422787965793e+00,1.304455669230834280e-01,8.709042731325028486e-01,1.071707660136578921e+00,9.755879262958733200e-01,8.166285539516513481e-01,1.043336021848156436e+00,8.256243829099563225e-01,7.500541215357223734e-01,4.734789210877067833e-01,6.916959859081787121e-01,5.667849090814295332e-01,1.063169219659388931e+00,9.334967053195528663e-01,7.554023643023576318e-01,2.378819076301385005e-01,8.757738572071592786e-01,5.366732645319297612e-01,7.919519910200639723e-01,5.059193483561068572e-01,1.565958088225886946e-01,1.093120099421267533e+00,9.080076721976606535e-01
6.124605757742284107e-01,1.190193534325821645e+00,2.187889054293499502e-01,1.021961597728172855e+00,1.012550045044757763e+00,1.152914255936541510e+00,1.240029593416829279e+00,1.627358074084217510e-01,1.084323551134186658e+00,7.719131302754462798e-01,9.449079549626644425e-01,4.652439972745754937e-01,1.262399909301626044e+00,8.703468254568872409e-01,2.458377151600786570e-01,6.929438457861917255e-01,8.309554046233753877e-02,6.980661775655072621e-02,8.653538704508769719e-01,8.389201888334296697e-01,7.525074407044626268e-01,1.191841328617368578e+00,7.051680714658155047e-01,6.089161487712176773e-02,1.156224944769349339e+00,3.691965823252665868e-01,8.787610393767085748e-01,6.333997582290658013e-01,4.435966561686084386e-01,5.251557415971347398e-01,1.289091922122274303e+00,7.361522619587662630e-01,9.837454896247882496e-01,2.555928435822749645e-01,4.372170307876704215e-02,4.870339697536462120e-01,8.701011185122403679e-01,2.546629199242350650e-01,2.950902289482992824e-01,5.995434190252820761e-01,1.104983728424590916e+00,5.225394674100853898e-01,4.154406260742758983e-01,1.790077896339515584e-01,1.000722715061650447e+00,4.373871848327727241e-01,7.645815401089222085e-01,1.101067670834630752e+00,4.837000347721004401e-01,1.087582814356026439e+00,8.269229181577946175e-01,1.059243642875146829e+00,6.561980089374512826e-01,1.254178413733526121e+00,9.815123899178316291e-01,4.074356802589791382e-01,4.253105748460389024e-01,6.296246261577447267e-01,5.584835551935002362e-01,6.941186285746867579e-01,3.593490159877519852e-01,8.955943669863239420e-02,8.130220572996004202e-01,7.294661675102190879e-01,1.245817055597812750e+00,8.111491866838544951e-01,2.254709416262917418e-02,1.091915063709383960e+00,1.058606034798546425e+00,5.557573461616079902e-01,5.114253361968049694e-01,1.037662061608932706e+00,4.092059158656661810e-01,1.048048930702885073e+00,7.816434930228692846e-01,1.452232671633816030e-01,9.768701068892787776e-01,4.996484536626280559e-01,6.575313131666667976e-01,7.327151180794759799e-01,1.049277818654013039e-01,7.986789144279786701e-01,2.609447366158949566e-01,1.152357828181282962e+00,3.376260644377230280e-01,9.605777447754476617e-01,5.275933299245950080e-03,3.584170231057508538e-01,1.171314905518419991e+00,9.321971947408623782e-01,1.208934990706332036e+00
6.870812066962869169e-01,7.791894279170454019e-02,3.733046152781752114e-01,5.721353169618603740e-01,3.779573530404514714e-01,1.770925958402289058e-01,3.331879041909933670e-01,9.102125651258425876e-01,9.991222856750919812e-01,8.481220821978527891e-01,8.101449843760387681e-01,2.936465460940780869e-01,1.619156229713530626e-01,9.089892520354182492e-01,3.136112972292338930e-02,1.020235614915900868e+00,8.510590632583279191e-01,1.162440734094931871e+00,7.878995005304763044e-01,6.133665963227933338e-01,5.482390311811699002e-01,1.012594822046343435e+00,9.605790219462069512e-02,1.271601162210434843e+00,5.382608832390869402e-01,6.173973631256602923e-01,2.261387634279093672e-01,5.393608786636183705e-01,5.860413415044329888e-01,7.923168377781721061e-02,8.117264968756858490e-02,7.321722592321592282e-01,1.055368569451585081e+00,1.130784685292232750e+00,4.543674597118736447e-01,3.916706542966949534e-01,2.849415646825680382e-01,2.590839476434229072e-01,1.014891313297235698e+00,5.944385289131259853e-01,3.696439668166317527e-01,1.277155282695405347e+00,1.042500674553388462e+00,1.118870829027739600e+00,3.688395973708308295e-01,5.524001402319069776e-01,1.098311930255291696e-01,1.047389772672963487e-01,5.347661589247270086e-01,8.650203778626064377e-01,5.696946333662173956e-01,1.033281533391866847e-01,9.140589853954309563e-01,4.359310770266467405e-01,2.935962128003879457e-01,9.075667275854457650e-01,4.130510384044210337e-01,1.009706077078234898e+00,2.407650655494111280e-01,1.168124260043455154e+00,4.489949190392115708e-01,1.085532205135797956e-01,1.205627714997107081e+00,5.996329940627994626e-01,1.048078508834281025e-01,1.051148165581578420e+00,7.867077130059244583e-01,9.280865228581038906e-01,4.821448242803506035e-01,8.503303894387219675e-01,1.040868247535325031e+00,1.375380308185693568e-01,5.291869049329412933e-01,9.516133330049556527e-01,1.065798925869362090e+00,9.262249018075899842e-01,8.046211373851002158e-01,7.374574979004764330e-01,6.566661788618890494e-01,3.534135272444823700e-02,6.988872659973459633e-01,2.031138339880204924e-01,2.356930061982573099e-01,7.864604886647812432e-01,3.386234638736591585e-01,3.348215689954903151e-01,4.722800318658840202e-01,7.368162063996440692e-01,8.013474438809379263e-01,5.047918447830647137e-01,6.395556955798783472e-01
1.290894770801433111e+00,0.000000000000000000e+00,3.758714862918114963e-01,0.000000000000000000e+00,5.934023619370467628e-01,0.000000000000000000e+00,1.290894770801433111e+00,1.290894770801433111e+00,1.290894770801433111e+00,0.000000000000000000e+00,0.000000000000000000e+00,0.000000000000000000e+00,1.290894770801433111e+00,1.290894770801433111e+00,0.000000000000000000e+00,1.290894770801433111e+00,1.290894770801433111e+00,0.000000000000000000e+00,7.443616126793037857e-01,0.000000000000000000e+00,0.000000000000000000e+00,1.290894770801433111e+00,1.290894770801433111e+00,5.985836509606177192e-01,0.000000000000000000e+00,0.000000000000000000e+00,0.000000000000000000e+00,1.290894770801433111e+00,0.000000000000000000e+00,0.000000000000000000e+00,1.250300738531395783e+00,3.382544286180753090e-01,1.290894770801433111e+00,1.014250011580706490e+00,1.290894770801433111e+00,0.000000000000000000e+00,1.290894770801433111e+00,2.756885557302881096e-01,0.000000000000000000e+00,0.000000000000000000e+00,0.000000000000000000e+00,1.290894770801433111e+00,4.642787403553283454e-01,1.290894770801433111e+00,1.290894770801433111e+00,4.063659628321469319e-01,0.000000000000000000e+00,0.000000000000000000e+00,1.290894770801433111e+00,1.036542808872284033e-01,0.000000000000000000e+00,0.000000000000000000e+00,1.290894770801433111e+00,0.000000000000000000e+00,0.000000000000000000e+00,1.290894770801433111e+00,0.000000000000000000e+00,0.000000000000000000e+00,0.000000000000000000e+00,1.290894770801433111e+00,1.290894770801433111e+00,0.000000000000000000e+00,8.076826910405903170e-01,3.015865793418973650e-01,9.426288783686885830e-01,0.000000000000000000e+00,2.944777002751329809e-01,1.290894770801433111e+00,0.000000000000000000e+00,0.000000000000000000e+00,8.336300860259828749e-01,1.290894770801433111e+00,7.411634832317449684e-01,1.238622593908444758e+00,1.290894770801433111e+00,1.290894770801433111e+00,0.000000000000000000e+00,5.440018293123408677e-01,8.537440317081285146e-01,0.000000000000000000e+00,0.000000000000000000e+00,0.000000000000000000e+00,0.000000000000000000e+00,1.290894770801433111e+00,3.572209163186724767e-01,1.290894770801433111e+00,1.290894770801433111e+00,1.290894770801433111e+00,0.000000000000000000e+00,1.290894770801433111e+00,0.000000000000000000e+00
1.290894770801433111e+00,0.000000000000000000e+00,1.290894770801433111e+00,0.000000000000000000e+00,1.287732132650205363e+00,1.290894770801433111e+00,1.290894770801433111e+00,0.000000000000000000e+00,1.290894770801433111e+00,1.290894770801433111e+00,1.290894770801433111e+00,0.000000000000000000e+00,0.000000000000000000e+00,0.000000000000000000e+00,9.290117310646014426e-01,1.290894770801433111e+00,1.290894770801433111e+00,0.000000000000000000e+00,6.558111648861867371e-01,0.000000000000000000e+00,0.000000000000000000e+00,1.290894770801433111e+00,1.290894770801433111e+00,1.290894770801433111e+00,0.000000000000000000e+00,1.290894770801433111e+00,0.000000000000000000e+00,0.000000000000000000e+00,1.097237163366910906e+00,8.997297573644175150e-01,0.000000000000000000e+00,1.290894770801433111e+00,1.290894770801433111e+00,0.000000000000000000e+00,1.005291300466297083e-01,9.976627176517194329e-01,0.000000000000000000e+00,0.000000000000000000e+00,1.290894770801433111e+00,0.000000000000000000e+00,1.290894770801433111e+00,0.000000000000000000e+00,0.000000000000000000e+00,0.000000000000000000e+00,0.000000000000000000e+00,0.000000000000000000e+00,1.290894770801433111e+00,0.000000000000000000e+00,1.290894770801433111e+00,1.290894770801433111e+00,1.290894770801433111e+00,1.290894770801433111e+00,6.168723479589356407e-01,0.000000000000000000e+00,6.327506790704010009e-02,0.000000000000000000e+00,3.069360362182503299e-01,0.000000000000000000e+00,1.290894770801433111e+00,1.290894770801433111e+00,0.000000000000000000e+00,1.138964805312798312e+00,1.290894770801433111e+00,1.290894770801433111e+00,1.287585014173357800e+00,1.062628620478540231e+00,0.000000000000000000e+00,1.290894770801433111e+00,0.000000000000000000e+00,1.290894770801433111e+00,1.290894770801433111e+00,0.000000000000000000e+00,1.290894770801433111e+00,1.290894770801433111e+00,0.000000000000000000e+00,1.290894770801433111e+00,6.995872861137737431e-01,7.378700063750921467e-01,0.000000000000000000e+00,3.831319606994598170e-01,0.000000000000000000e+00,0.000000000000000000e+00,1.290894770801433111e+00,1.290894770801433111e+00,0.000000000000000000e+00,6.926799836256013476e-01,1.290894770801433111e+00,1.290894770801433111e+00,0.000000000000000000e+00,1.290894770801433111e+00,0.000000000000000000e+00
1.290894770801433111e+00,0.000000000000000000e+00,1.290894770801433111e+00,0.000000000000000000e+00,1.290894770801433111e+00,1.290894770801433111e+00,1.290894770801433111e+00,0.000000000000000000e+00,1.290894770801433111e+00,0.000000000000000000e+00,1.200953901777896737e+00,0.000000000000000000e+00,1.290894770801433111e+00,4.635655800189578679e-01,1.290894770801433111e+00,0.000000000000000000e+00,1.290894770801433111e+00,0.000000000000000000e+00,0.000000000000000000e+00,0.000000000000000000e+00,1.290894770801433111e+00,0.000000000000000000e+00,1.290894770801433111e+00,5.667912096768382701e-01,0.000000000000000000e+00,0.000000000000000000e+00,1.290894770801433111e+00,1.290894770801433111e+00,0.000000000000000000e+00,0.000000000000000000e+00,1.290894770801433111e+00,1.290894770801433111e+00,1.290894770801433111e+00,5.886743278695264481e-01,0.000000000000000000e+00,0.000000000000000000e+00,0.000000000000000000e+00,0.000000000000000000e+00,1.210897200118698780e-01,0.000000000000000000e+00,1.290894770801433111e+00,0.000000000000000000e+00,0.000000000000000000e+00,1.290894770801433111e+00,1.290894770801433111e+00,9.830306638011425679e-01,3.213491090549732143e-01,0.000000000000000000e+00,0.000000000000000000e+00,0.000000000000000000e+00,6.786145869391394525e-01,6.818541559228139537e-01,1.290894770801433111e+00,0.000000000000000000e+00,5.215879627645949590e-01,0.000000000000000000e+00,1.290894770801433111e+00,0.000000000000000000e+00,1.290894770801433111e+00,1.290894770801433111e+00,0.000000000000000000e+00,0.000000000000000000e+00,0.000000000000000000e+00,1.290894770801433111e+00,1.290894770801433111e+00,5.675422339583809928e-01,0.000000000000000000e+00,1.290894770801433111e+00,0.000000000000000000e+00,0.000000000000000000e+00,1.290894770801433111e+00,1.290894770801433111e+00,1.290894770801433111e+00,2.146086764950473624e-02,0.000000000000000000e+00,7.976863261117521642e-01,0.000000000000000000e+00,1.290894770801433111e+00,0.000000000000000000e+00,0.000000000000000000e+00,6.758288941865459032e-01,0.000000000000000000e+00,8.275696978581725816e-01,1.290894770801433111e+00,1.290894770801433111e+00,1.290894770801433111e+00,1.290894770801433111e+00,1.132375913411321489e-01,0.000000000000000000e+00,1.290894770801433111e+00,1.046581710877722227e+00
3.010846202721309539e-01,1.149438257853880208e+00,4.178375187605262164e-01,3.450765095257418702e-02,2.095417577937649239e-02,1.290894770801433111e+00,0.000000000000000000e+00,4.881989829070842446e-01,4.793231236941706830e-01,2.691748513697736489e-01,1.416075198308210659e-01,3.566931406881274635e-01,1.097020592417063956e+00,1.274819033994157191e+00,3.176028545952842008e-01,4.455262939377300224e-01,0.000000000000000000e+00,0.000000000000000000e+00,4.708014961693203215e-01,3.494771051511526561e-01,1.357541860866256223e-01,2.721305413403274365e-01,1.290894770801433111e+00,1.888587150068279652e-01,8.428064010979160470e-01,9.789544811080101994e-01,3.381545815047103942e-01,1.290894770801433111e+00,9.033984204209570823e-01,0.000000000000000000e+00,1.290894770801433111e+00,1.126043427532762209e+00,1.273214001207638724e+00,6.617270985234313674e-01,1.056341050363448220e-01,1.290894770801433111e+00,1.122391432458700766e+00,1.048634692878091634e+00,4.463578262747342484e-01,9.746466619938876086e-01,2.849561272493944877e-02,0.000000000000000000e+00,3.676422319981773601e-01,1.623850822561745677e-01,7.157041988290727685e-01,7.508169773148569426e-02,9.731074403051261090e-02,6.363431571396097608e-01,4.483879508677903192e-01,1.108659980845139392e+00,8.891082673611025999e-01,9.710984837759606414e-01,8.511062709979740903e-01,8.193390926403270047e-01,1.162660933317211320e+00,0.000000000000000000e+00,1.290894770801433111e+00,5.335572784238926669e-01,9.642567294766541952e-01,0.000000000000000000e+00,1.290894770801433111e+00,7.360879974395992953e-01,9.728238049290434120e-01,7.964510813268117495e-01,1.274144459946594310e+00,0.000000000000000000e+00,5.015346148769709300e-01,4.430852522433991747e-01,1.218496769589572981e+00,0.000000000000000000e+00,0.000000000000000000e+00,1.032016636163180179e+00,1.409424328654988179e-01,1.290894770801433111e+00,1.179778168975992525e+00,4.230968682089997213e-01,5.137175107224670745e-01,1.213658495062720943e+00,6.857317464752629155e-01,3.635310492818270567e-01,1.290894770801433111e+00,3.468879145199327274e-01,3.492301216047490331e-01,1.185108348403571821e-01,7.227086071536736878e-01,2.353626316097235105e-01,3.120434217254294818e-01,1.260550274061603915e+00,0.000000000000000000e+00,1.284742978997329477e+00,0.000000000000000000e+00
5.243785804795328964e-01,7.644144846059339748e-01,1.290894770801433111e+00,6.093051888515907955e-01,1.290894770801433111e+00,9.004818892700149346e-01,1.290894770801433111e+00,3.120878486863279400e-02,1.220045914467890125e+00,1.795406589843550477e-02,1.290894770801433111e+00,2.755532157608406862e-01,3.182920512726112872e-01,7.863744692357682586e-01,1.290827997157152573e+00,3.400773437488829876e-01,7.955092045323874927e-01,2.158458129638528566e-01,0.000000000000000000e+00,3.725002282353253036e-01,7.226473780447192352e-01,6.053138240207548426e-01,1.290894770801433111e+00,1.453942572971004821e-01,1.128273497518877955e+00,7.749996486935868678e-02,6.048328762376957712e-01,8.508390755169430442e-01,0.000000000000000000e+00,0.000000000000000000e+00,1.290894770801433111e+00,3.384281235452472614e-01,1.290894770801433111e+00,6.560934803176896590e-01,1.290894770801433111e+00,2.793808165882600836e-01,1.711742114353385635e-01,2.684024513174999016e-01,7.065894356580139091e-01,2.192517012477340488e-01,9.479303193078121303e-01,5.820666179503855009e-01,3.204239266959513222e-01,3.638972564468476167e-01,6.072318250127238803e-01,7.160556260837823428e-02,1.066875777474145526e+00,7.652871619861238983e-01,4.884753358244494081e-01,2.123364069513635766e-01,1.243538133706117543e+00,8.103207363345095171e-01,3.490309139648853920e-01,6.873159375242350322e-01,9.710534461733153488e-01,1.255098452178236568e-01,4.989001846257711259e-01,8.626786010806131166e-01,6.484927943194283007e-01,4.327676633300323594e-01,5.405266871223392000e-01,4.305413521744486660e-01,4.084936682359978644e-01,1.184195918098501554e+00,1.290894770801433111e+00,0.000000000000000000e+00,0.000000000000000000e+00,4.998862772548887112e-01,2.463586575918276234e-01,6.216571175969707319e-01,7.357807566847962555e-01,1.018350485691256191e+00,1.290894770801433111e+00,1.158201709686782044e+00,8.220680382743499326e-01,7.520073791777734940e-01,0.000000000000000000e+00,6.490647861163539867e-01,1.003419420818631030e-01,7.065483720067753381e-01,0.000000000000000000e+00,5.147455083073782661e-02,0.000000000000000000e+00,1.290894770801433111e+00,1.001784482736049364e+00,7.302161843082600745e-01,0.000000000000000000e+00,0.000000000000000000e+00,0.000000000000000000e+00,6.344489985159562639e-01,1.016427549562862520e+00
2.155449289158385406e-01,1.239526137877108525e+00,6.128704953421815205e-01,5.922164360347031975e-01,1.196392562691803496e+00,5.101133798282319054e-01,7.657457217112009218e-01,5.452839522013616103e-01,1.217938797237884785e+00,0.000000000000000000e+00,1.159812628174870186e+00,5.244723912883417771e-01,1.195876205822663962e+00,9.407116210600862116e-01,9.042673794826026068e-01,1.290894770801433111e+00,6.660854055610775371e-01,5.097081383924639830e-01,4.975750107262166266e-01,1.134051181152994747e+00,0.000000000000000000e+00,2.274189857105547719e-01,8.316473968542543727e-01,1.290894770801433111e+00,5.445287846566470025e-01,1.193701206174526686e+00,4.809446273424671792e-01,1.290894770801433111e+00,1.002319501877961816e+00,9.922032354898525919e-02,1.290894770801433111e+00,1.290894770801433111e+00,1.290894770801433111e+00,9.875804988682831964e-02,3.323907742878569604e-01,3.302949970630993937e-01,4.544245555542888448e-01,8.945701862167045881e-01,1.290894770801433111e+00,1.116806293037836850e+00,3.166654998464955573e-01,1.180581227761021285e-01,7.982359446117298640e-01,8.267354730457373568e-01,2.198760206894073976e-01,6.960429871762584542e-01,6.182783658225791124e-01,1.290894770801433111e+00,6.581604028904617376e-01,6.433058879060861157e-01,2.716204954813442041e-01,8.469992282105772707e-01,8.409651649450876620e-01,1.290894770801433111e+00,1.423434479771072403e-01,2.403320994581939485e-01,1.290894770801433111e+00,1.188886334711386217e-01,4.959319604747304266e-01,1.005767502305399130e+00,3.837627147163936714e-01,0.000000000000000000e+00,0.000000000000000000e+00,1.121600221322833102e+00,1.206046973836420344e+00,5.841851735481782271e-01,3.483825091472506630e-01,0.000000000000000000e+00,6.662974662951521854e-01,2.904403995511385395e-01,4.388961547242289929e-01,1.235347534019602955e+00,1.290894770801433111e+00,5.054266549688507526e-01,0.000000000000000000e+00,1.290894770801433111e+00,3.002418982109177903e-01,1.246362561711306549e+00,2.633564094536830838e-02,1.178179698082744142e+00,0.000000000000000000e+00,6.763724306762660676e-01,6.089641402674654813e-01,7.783970947299289067e-01,7.793683732875428261e-01,6.387460324919492782e-01,5.650561198408580177e-01,7.253877947138022142e-01,0.000000000000000000e+00,3.608524365065990946e-01,1.290894770801433111e+00
6.481218783661177874e-01,1.275022997272114100e+00,1.100976558344268108e+00,9.035812241443864634e-01,1.279446921581654184e+00,2.885006043265724296e-01,4.064559019016052432e-01,1.126786288712464668e+00,6.748050275370918172e-01,1.271279268714246458e+00,3.713533688980490965e-01,9.737065021353447547e-19,9.689318519240057714e-01,1.130955390139391614e+00,1.290894770801433111e+00,1.099512103134142382e+00,6.425460366365620679e-01,1.264229892126278176e-01,0.000000000000000000e+00,3.677644761715420096e-01,7.881952801862817104e-01,4.363925947738832023e-01,1.290894770801433111e+00,8.828574199227158248e-01,0.000000000000000000e+00,1.349530725108071261e-01,1.290894770801433111e+00,1.290894770801433111e+00,2.294126162613759901e-01,5.072360146175997064e-01,1.258113894134103239e+00,1.290894770801433111e+00,1.290894770801433111e+00,1.173370097511080123e+00,0.000000000000000000e+00,0.000000000000000000e+00,5.135535275288427570e-01,1.290894770801433111e+00,4.113700911668716764e-01,7.803513555321451856e-01,3.326675890365992094e-01,4.619110992503608903e-01,1.236056906880428574e+00,9.212742850177246812e-01,1.290894770801433111e+00,1.290894770801433111e+00,3.650872517391379746e-01,3.592947044797593081e-01,2.749813246027879576e-01,1.581952874725903874e-02,4.982302196273701023e-02,7.414732047365755196e-01,1.290894770801433111e+00,7.946815226227640916e-02,1.290894770801433111e+00,1.286029698776718355e-01,1.290894770801433111e+00,9.710117251064267485e-01,2.235653720898364838e-01,4.063689542594206006e-01,1.290894770801433111e+00,6.105220758808884568e-02,8.880290081802066915e-02,1.099434488936269716e+00,1.290894770801433111e+00,1.103334788829866797e+00,0.000000000000000000e+00,1.254841994322374532e+00,8.812401275672304690e-01,9.919346127852952666e-01,6.095906533367199953e-02,2.585355494476659355e-01,1.139855670875092319e-01,7.609814847030704765e-01,3.198906599027084852e-01,7.608954663260267814e-01,7.815732714519805224e-01,2.631507847227155250e-01,1.233616162231863544e+00,0.000000000000000000e+00,3.316310691594742677e-01,3.428385102214498992e-01,7.008428407619285982e-01,1.117327613553409371e+00,7.368394786672242125e-01,7.506948747268720190e-01,6.337335148543201679e-01,1.245085945951359907e+00,4.958525155813918728e-01,1.236000213967209271e+00,1.478527410122708607e-01
8.710821234861501061e-01,1.290894770801433111e+00,5.827429460254347077e-02,9.876566210415722580e-01,1.290894770801433111e+00,1.281297646324820905e+00,7.572008555297640164e-01,1.079317090518564504e+00,6.835838894971371094e-01,2.927713734321115147e-01,8.193486872495567841e-01,8.616886302865162106e-01,9.180661844480747513e-01,5.770956446731619893e-01,1.290894770801433111e+00,4.516548531540689471e-01,1.290894770801433111e+00,3.006199947420540863e-01,1.290894770801433111e+00,4.622904205164284352e-01,5.825429145360349059e-01,1.210063334834287518e+00,8.965597261982295452e-01,4.325264029529916621e-01,1.026312551474466650e+00,5.610356255629894706e-01,1.059585316227043439e+00,1.170016762554408229e+00,4.651421662199858864e-01,8.417527183064043017e-01,5.493027886979805902e-02,6.776998899511101904e-01,1.290894770801433111e+00,0.000000000000000000e+00,8.121492293231902249e-01,0.000000000000000000e+00,1.319930858197022605e-01,4.704712632187408872e-01,0.000000000000000000e+00,1.003774194592863267e-01,1.130484657851570152e+00,2.754531970958234988e-01,1.090874537574604286e+00,8.365740702350780156e-01,5.272974063819685364e-01,1.134620651309674155e+00,7.966813952650251274e-01,4.366550740822381371e-01,8.877118364203656631e-01,1.645468803148694426e-01,1.820986686975928637e-01,9.824161032936612470e-01,3.731952838669532618e-02,5.233811449621114109e-01,5.618112502949129672e-01,2.574009121594931226e-01,1.290894770801433111e+00,6.343145128592343474e-01,6.325449653334153099e-01,1.286955165054826100e-01,9.242425359971558896e-01,2.331792141655980033e-01,5.658368350227740429e-01,1.158284588112441948e+00,4.251466532218140526e-01,4.817527389413747696e-01,9.205316586910046173e-01,8.123166854579227936e-01,7.674432434220690435e-01,0.000000000000000000e+00,5.040078311329184713e-01,1.290894770801433111e+00,1.080134260135443336e+00,1.846111035874147543e-01,0.000000000000000000e+00,8.909997449359924326e-02,7.573510235722278328e-01,3.855260627996495715e-01,7.821530369578251207e-01,1.290894770801433111e+00,5.936627466719638369e-01,1.284002490680635766e+00,1.290894770801433111e+00,1.095858931727360153e+00,1.290894770801433111e+00,8.230157714055365004e-01,2.240161716326738717e-01,3.503418248389096323e-01,1.868501326940623652e-01,1.290894770801433111e+00,0.000000000000000000e+00
7.331248050258806215e-01,8.462176541157451215e-01,0.000000000000000000e+00,1.290894770801433111e+00,8.432722062472359781e-01,1.225560676766617396e+00,1.290894770801433111e+00,6.159213296776451241e-01,9.862370750120875718e-01,7.688491682777626179e-01,9.559329722347683633e-01,6.752944594958114610e-01,4.150384407532290987e-01,1.741842281474797471e-01,1.290894770801433111e+00,1.290894770801433111e+00,1.041873361539863874e+00,4.443617223000115302e-01,1.083424027291296943e+00,4.994398738909250901e-01,0.000000000000000000e+00,1.148750313653172234e-01,8.231493206728259793e-01,1.062809178977909275e+00,2.400809041994017290e-01,3.599270878219316960e-02,4.191729331635518085e-01,0.000000000000000000e+00,6.986920601972562705e-01,7.359106338686722815e-01,6.660691095412466511e-01,1.195741067149458936e-01,1.290894770801433111e+00,3.180011954179738920e-01,8.009721331379208165e-01,1.048410451606236887e-01,1.200344656768011387e+00,1.195956706088920685e+00,5.691209887475912055e-01,2.263499741051515912e-01,8.317782941611858716e-01,1.133360944559787864e+00,1.290894770801433111e+00,2.997436712717015395e-01,5.003928786073598145e-01,1.149320445020593606e+00,2.994103181382292700e-01,7.351917369198001095e-01,1.184301424287686366e+00,1.323925741793872124e-01,3.666583553527617001e-01,1.720594637059866538e-01,5.362136461587088121e-01,6.803531404796154813e-01,1.168622308408565180e+00,9.345867165658122699e-01,3.543590693232765432e-01,3.793486696914310508e-01,2.575689655979253312e-02,8.591883409827121010e-02,9.968228428620790060e-01,3.213354441936294714e-01,4.618578310363347650e-01,9.037627566648966937e-01,1.290894770801433111e+00,7.207769361316087586e-01,7.710678407602060691e-01,4.735278013900698357e-01,1.369016728319666192e-02,0.000000000000000000e+00,1.104400207316345250e+00,0.000000000000000000e+00,1.214496945142529150e+00,6.806683140468611226e-01,1.727791311646960370e-01,5.980251340011276673e-01,0.000000000000000000e+00,2.627530680443539990e-01,7.943289051280966184e-01,8.997338846119861122e-01,5.466181795591392722e-01,6.500143968486414847e-01,7.807943619438474370e-01,8.147381279021803646e-01,2.366621882187137094e-01,5.981835651490732264e-01,1.813847088445288691e-01,7.811007625160742984e-01,9.978179805966748139e-01,0.000000000000000000e+00,5.741437738784520572e-01
7.088435424257122364e-01,8.955987646878138531e-01,9.242047646020588036e-01,2.578282576959596284e-01,3.261831956421108458e-01,7.697242714342102943e-01,6.558259199598761580e-01,9.072675198042129407e-01,7.387067478802419318e-01,1.168910657674007592e+00,5.176394736285423459e-01,2.645803404011003446e-01,2.338417651882965589e-02,6.008875570758255291e-01,8.586615085724008667e-01,9.248980181492312269e-01,4.539948965509634782e-01,8.363243174216223874e-01,1.092658884985042267e+00,4.262555120085906868e-01,4.187486235833092207e-01,1.338799569005384993e-01,9.630162217231015287e-01,3.926423318561902964e-02,7.556617358444811527e-01,7.184714478822035177e-01,1.142976487725856360e+00,1.179944496675424448e+00,9.837585127659571604e-01,1.291609392275891999e-01,5.289259761582633113e-01,3.817980154447702529e-02,1.123144011253030428e+00,1.084434212273022391e+00,9.486671642959986217e-01,2.708705081320342822e-01,8.514745891433925587e-03,9.093854442898750001e-01,7.097796538236205155e-01,9.425893665100677499e-01,5.840855992476168268e-01,8.824744213571862339e-01,2.956041417575653307e-01,1.092474899028087920e+00,1.200710309959950761e+00,8.381797554086412028e-01,7.874322001502550572e-01,1.133421050467934947e-02,8.202827466114529509e-01,3.377086066607459802e-01,7.219080310005239198e-01,1.033340719704626043e+00,1.184828148635996836e+00,5.465739521886815444e-01,2.345911477805500966e-01,1.812528949921062352e-02,4.013494226381838365e-02,1.242338286076026144e+00,7.854950606912715350e-02,7.896096563727188489e-01,3.282729845763063259e-01,3.744875834599088460e-01,9.812750297350094630e-01,1.230374677789154658e+00,1.287599835209387589e+00,7.298932503107268266e-01,3.807974707598867359e-01,8.151931238980542060e-01,2.307183818452258617e-01,5.809618574736262753e-01,8.012305708821076955e-01,1.263281491690621428e+00,1.039374481031696718e+00,3.071676972077421186e-01,5.272615552730138813e-04,9.699719735959029254e-01,9.380457059884396154e-01,1.048460853689500372e+00,1.003740487465463183e+00,6.615229237234842019e-01,2.087013785227634921e-01,1.134946517325195803e+00,9.883819103011635132e-01,4.651233506721218491e-01,5.449619207143991950e-01,1.040006445220044373e+00,7.596404784176704617e-01,6.284030855712459118e-01,9.907870752893490618e-01,1.177229253056156777e+00,2.953135444186821834e-01
8.591742395566975832e-01,6.526825999107019882e-01,7.040216931787826038e-01,2.779984130202577952e-01,7.490171157665267421e-01,1.290894770801433111e+00,1.642441760776374438e-01,9.303439320845996452e-01,1.290894770801433111e+00,8.169204747900278563e-02,1.290894770801433111e+00,1.077372890480442047e+00,1.076708648819749037e+00,6.699679843579985083e-02,4.212839923808128773e-01,1.018938387761591624e+00,8.706423323645799961e-01,1.253510635578499732e+00,2.952819087959068778e-01,8.221639380335300507e-01,5.064655873369950517e-03,3.658193822420712227e-01,1.290894770801433111e+00,1.024950041232773890e+00,9.752283662148550913e-01,9.849715831678484967e-02,1.023191301041650014e+00,1.290894770801433111e+00,1.028607311300462346e+00,1.083872605371555942e+00,1.290894770801433111e+00,5.725526236478125641e-01,1.290894770801433111e+00,7.254782409030210988e-02,6.310346786756819704e-01,1.023262510600633501e-01,1.290894770801433111e+00,2.484503482907385596e-01,5.432305473546052976e-01,0.000000000000000000e+00,1.290894770801433111e+00,1.266137337871606094e+00,4.426810956872776481e-01,1.278203026406152132e+00,1.009271205571314667e+00,6.949267477252071834e-02,0.000000000000000000e+00,8.996824959552527368e-01,5.643123366073096170e-01,5.997769422190916133e-01,1.810315046975765063e-01,1.224874189453392770e+00,1.290894770801433111e+00,7.816290478664557062e-01,3.780766889283416199e-01,5.135538647417892122e-01,1.290894770801433111e+00,6.423669449932760678e-01,1.241619913900295469e+00,1.222941557971004567e+00,1.190655436565728698e+00,0.000000000000000000e+00,3.805259666745057778e-01,6.287954159237559848e-01,4.747544522471508488e-01,3.978243018702798395e-02,2.762946697372059904e-02,4.853195110933765100e-01,7.649956101069920189e-01,5.914152915840317215e-01,1.290894770801433111e+00,3.994550990843160343e-01,1.290894770801433111e+00,4.494821018316622063e-01,1.014372234873667372e-01,3.867138313200843003e-01,3.784834891949647173e-01,1.003132797398527815e-01,6.765081561369763463e-01,4.555763568696765131e-01,6.416168106379274150e-01,5.620707548695911410e-02,1.175053895936422732e+00,8.900682234790751046e-01,2.495613798480992296e-01,1.603632466540939328e-01,1.290894770801433111e+00,7.623797752223934188e-01,0.000000000000000000e+00,1.290859376534649439e+00,8.424745287034300922e-01
5.416676583334465583e-02,7.369818332825996965e-01,9.127500188287998029e-01,2.237365747531825655e-01,3.983665945531100760e-01,7.081724777038894691e-01,3.313295567856623380e-01,2.787933104697246645e-01,3.094317699696499391e-01,1.238932627191807745e+00,8.233193992135346972e-01,2.273067863033118308e-01,1.189136578936428323e+00,1.001768708830631738e+00,6.086719041220471915e-01,3.643928139678895284e-01,9.907127534290693233e-03,3.053501264181235908e-01,2.948177171273482222e-01,7.172670887437733456e-02,1.126339986263056980e+00,1.211537218000842353e+00,1.118043726727140585e+00,4.472844445023614335e-01,3.245297238158283415e-01,9.773634551128855819e-01,5.690361428561639956e-01,4.194590412389460621e-01,6.958281941107734569e-01,2.796187808919206041e-01,4.180507399833922610e-01,1.193892569540082604e+00,1.227063981405639215e+00,2.900703129501673930e-02,1.968676175071294721e-01,5.924356270309225625e-01,4.169269775332649225e-02,1.203347172456260550e+00,7.888924062212318566e-02,1.114247069658712563e+00,3.118496327557330194e-01,6.438713873347839955e-01,1.030016384844848920e+00,3.951040262033180261e-01,1.854993885243138574e-01,4.817955730953816240e-01,5.450164246094679754e-01,1.175501646661248900e+00,3.887880698810098345e-01,1.212506265805288086e+00,1.106699258850638801e+00,4.627786042091994179e-01,8.242590354277669062e-01,6.523839524093721920e-02,4.704119037677241266e-01,1.282658230169241964e+00,1.277192254443442199e+00,8.113252939149594445e-01,1.533295867511085819e-01,1.316618989341357404e-01,1.066372059455167554e+00,5.013703655270023568e-02,6.988408024361735249e-01,1.006642070865496175e+00,3.800096187050943652e-01,3.411228744926835810e-01,8.025834583801468025e-02,4.164030401585619989e-01,7.961802063503689575e-02,3.187077738587839465e-02,5.453483258754525664e-01,1.073648323755608258e+00,5.036966455397597908e-01,4.893222895696183183e-01,1.192191600661302919e+00,4.103381584538036697e-01,3.300666967751677561e-01,1.193106877458510073e+00,1.010747534084276866e+00,7.257359394004568864e-01,5.015431709060889087e-01,2.488234328757584768e-01,1.274256650865820628e+00,8.685751087137615345e-01,2.675452695687800531e-01,6.043544522958277376e-01,7.595827190550251684e-01,1.100798561228936823e+00,4.450901238695186835e-01,5.794717932138776506e-01,1.010346014242457235e-01
2.215466318476618512e-01,1.772725881912075308e-01,1.397133468351341168e-01,2.657276907334308325e-01,1.259793789353131688e+00,3.015097193319025148e-01,7.675102014390814409e-01,2.237755424533051651e-01,2.407763980000933446e-01,3.093573636730662657e-01,6.262624279308135478e-01,7.716274215959909588e-01,1.697862745832207643e-01,2.506617105599219797e-01,1.631837627061591411e-01,8.253914375969811923e-01,1.180969998176639280e+00,5.199640375615071086e-01,9.603279609261576866e-01,1.115650960063993669e+00,1.286444821700839958e+00,1.604982078961973146e-01,7.084332303994078650e-01,6.770245429038581619e-01,3.484945987063313155e-01,5.107200031748559965e-01,3.771726881180718638e-01,3.325673631413060827e-01,1.020209293456337818e+00,1.831417622931783840e-01,1.111723379342717033e+00,9.999838757630356012e-01,1.013685117204778274e+00,1.179377469346058804e+00,9.432524035577993793e-01,5.305808230450190788e-01,1.263925402905337059e+00,1.014109089625124804e+00,6.107933591458155620e-01,4.316648271458208841e-01,1.058109278236470940e+00,2.423445531617422488e-01,1.059034712002278888e-01,2.244055977026904181e-01,1.152860666069321027e+00,7.751976942526569436e-01,1.220835931326628820e+00,3.125099798100823834e-01,8.242512444300008345e-02,2.027437288055281006e-01,1.064128938562847848e+00,5.532885086768163374e-01,1.036373853410942791e+00,6.435795056701928418e-01,1.587829799932914676e-01,8.723085458630509548e-01,3.503402517399805544e-02,1.101657407796059404e-02,3.327120528230036456e-01,6.686414532825052381e-01,9.225023719023482949e-01,7.303997959556701725e-01,1.184685214146014465e+00,9.317548793016163788e-01,1.174813388840003192e+00,1.545464497716375341e-01,8.212251745953746962e-02,1.146125380953094686e+00,8.311565724659001342e-01,1.287590031433149207e+00,1.063717920171104003e+00,2.775411907178037541e-01,1.387609734075335721e-01,1.148657344856180540e+00,1.189851211105413586e+00,3.913757656542618535e-02,9.897556977361653407e-01,7.130438648641669319e-01,2.804746584643321716e-01,4.800767018687620014e-01,1.574260743709265942e-01,1.091010904255905745e+00,5.383137280741157049e-01,4.265509778731080281e-01,1.077741388369446662e+00,1.156251495004547269e+00,9.135752218585636575e-01,8.488013880539212463e-01,1.063185421453389123e+00,9.286209951383724848e-01,9.890781239984058892e-01
1.290894770801433111e+00,8.376109386442376348e-01,0.000000000000000000e+00,1.160177775725951044e+00,1.290894770801433111e+00,1.290894770801433111e+00,1.290894770801433111e+00,0.000000000000000000e+00,1.290894770801433111e+00,1.606107612693317421e-01,1.290894770801433111e+00,0.000000000000000000e+00,1.530178203356600264e-01,1.290894770801433111e+00,1.094100185201910103e+00,2.440560134922945268e-01,1.290894770801433111e+00,0.000000000000000000e+00,7.521504133329425246e-01,0.000000000000000000e+00,1.290894770801433111e+00,2.766853655059739459e-01,1.290894770801433111e+00,2.564212560039064726e-01,0.000000000000000000e+00,9.720194756030328120e-01,3.938494830885189701e-01,8.457416575171390338e-01,0.000000000000000000e+00,0.000000000000000000e+00,1.290894770801433111e+00,1.290894770801433111e+00,1.290894770801433111e+00,0.000000000000000000e+00,0.000000000000000000e+00,0.000000000000000000e+00,1.290894770801433111e+00,1.219531892465739675e+00,3.936600345014301672e-01,0.000000000000000000e+00,4.679509339536668810e-01,0.000000000000000000e+00,0.000000000000000000e+00,0.000000000000000000e+00,0.000000000000000000e+00,1.290894770801433111e+00,1.249402494936707519e+00,1.854506262682827922e-01,6.367629346615552022e-01,0.000000000000000000e+00,1.290894770801433111e+00,1.290894770801433111e+00,6.933171099405188720e-01,0.000000000000000000e+00,1.290894770801433111e+00,1.290894770801433111e+00,1.290894770801433111e+00,0.000000000000000000e+00,0.000000000000000000e+00,1.290894770801433111e+00,0.000000000000000000e+00,0.000000000000000000e+00,1.148597792560551945e+00,1.290894770801433111e+00,1.290894770801433111e+00,7.203091367349938601e-01,5.742765500263122824e-01,1.511281614857863664e-01,0.000000000000000000e+00,0.000000000000000000e+00,1.290894770801433111e+00,1.290894770801433111e+00,8.270372652887225673e-01,7.354558223530503758e-02,0.000000000000000000e+00,1.290894770801433111e+00,0.000000000000000000e+00,1.290894770801433111e+00,1.290894770801433111e+00,1.290894770801433111e+00,1.290894770801433111e+00,3.656744409101423399e-01,0.000000000000000000e+00,1.290894770801433111e+00,1.290894770801433111e+00,1.290894770801433111e+00,1.048238371555589410e+00,0.000000000000000000e+00,8.141817170882935661e-01,5.424836586108152670e-01,0.000000000000000000e+00
4.413043058233643845e-01,1.013141708857775880e+00,1.290894770801433111e+00,1.159095253077387033e+00,1.290894770801433111e+00,1.181577436472210918e+00,2.363764564284473457e-02,5.591614257827690615e-01,1.621069511007045272e-01,1.884334520858912676e-01,4.685626065772943716e-01,4.214006190819715170e-01,7.696518018340200440e-01,8.989395970068936315e-01,1.290894770801433111e+00,6.997311733307096659e-01,1.807811580998737733e-01,7.113485536385321106e-01,4.438680610815493033e-02,4.454101546420416967e-03,1.187455364028163762e+00,7.436701517219549418e-01,7.232441812751205790e-01,1.230301373889814975e+00,0.000000000000000000e+00,3.772173003542212411e-01,3.868378696312250176e-01,9.470604563846859447e-01,3.779351430807176282e-01,2.666684093402890698e-01,1.290894770801433111e+00,1.290894770801433111e+00,1.147588413416703590e+00,1.094302651783886748e+00,3.911062471364671889e-01,0.000000000000000000e+00,1.226372838044590408e+00,1.253617346106633557e+00,7.359494926967224959e-01,9.330720912286472046e-01,1.009471625046558962e+00,2.953749171551647845e-01,8.917789755539035079e-01,3.859577270044183828e-01,4.282005714399266250e-01,8.713731344460107220e-01,1.149008538403427426e+00,4.740485990702908992e-01,1.106479109853717890e+00,1.290894770801433111e+00,1.053983439433832325e+00,9.038277006797459379e-01,2.842626718799309837e-01,3.246404774006287908e-01,5.503560074301045990e-01,1.197898765681578270e+00,2.914255641761118731e-01,0.000000000000000000e+00,8.499973304628671844e-01,4.155355737632160928e-01,2.182388648238678119e-01,8.657642479205857056e-01,2.568185169202629736e-01,3.499274319464938943e-01,1.290894770801433111e+00,1.180500715778216136e+00,0.000000000000000000e+00,1.290894770801433111e+00,4.748102457530290477e-01,0.000000000000000000e+00,4.876829310747663598e-02,3.843156105303041081e-01,9.562967798081517534e-01,1.003716863214229704e+00,2.218797167255478001e-02,1.263630107708749950e+00,9.741203859765317219e-01,3.992521953601229634e-01,0.000000000000000000e+00,1.262317800191954831e+00,6.118466457488050958e-01,9.922610562527910127e-02,1.054157972730611625e+00,6.055153915430776523e-01,8.627634490869445782e-01,9.112017067352122801e-01,1.153581355999573899e-01,5.347839842166542956e-01,8.420753689664831620e-01,1.290894770801433111e+00,1.081550255958427353e+00
0.000000000000000000e+00,1.290894770801433111e+00,0.000000000000000000e+00,8.861353045849941212e-01,1.290894770801433111e+00,6.031627401005092981e-01,1.290894770801433111e+00,4.239430956789763671e-01,1.290894770801433111e+00,1.133862761941392128e+00,1.133113823977701218e+00,4.378980793326293086e-01,1.290894770801433111e+00,0.000000000000000000e+00,7.174540882921287555e-01,1.168850548140712986e+00,1.121856579724728853e+00,7.624020926872315806e-01,1.290894770801433111e+00,1.290894770801433111e+00,1.290894770801433111e+00,1.290894770801433111e+00,1.290894770801433111e+00,1.219668765129881427e+00,0.000000000000000000e+00,0.000000000000000000e+00,4.401834241259642844e-01,0.000000000000000000e+00,1.195069611715486424e+00,0.000000000000000000e+00,1.290894770801433111e+00,1.290894770801433111e+00,1.290894770801433111e+00,2.566196789603166772e-01,1.097480445650547143e+00,0.000000000000000000e+00,1.045472061330852132e+00,0.000000000000000000e+00,7.683630524730686862e-01,0.000000000000000000e+00,1.290894770801433111e+00,8.758813975151658049e-01,8.281949938194694827e-01,5.278602663594895716e-01,2.278747017603547087e-01,2.326203570607114912e-01,0.000000000000000000e+00,1.290894770801433111e+00,3.911605145963598096e-01,7.273328925591588945e-01,3.456701553120379855e-01,2.965601798054681715e-01,1.290894770801433111e+00,1.290894770801433111e+00,3.762877503987440697e-01,2.679967126691547574e-01,6.547265686892650427e-01,0.000000000000000000e+00,1.290894770801433111e+00,3.189966125181711853e-01,6.557269635767929428e-01,0.000000000000000000e+00,4.415555250324678660e-01,2.769727930478833033e-01,2.594837082796718764e-01,1.102456552162746906e-01,1.612187730479038017e-01,7.446458610270663137e-01,4.981208615901940306e-01,0.000000000000000000e+00,1.744083065643834973e-01,1.290894770801433111e+00,9.962433939231160052e-01,1.284162377840675662e+00,1.060052774113797724e+00,0.000000000000000000e+00,1.120682527817736140e+00,1.266629781817016909e+00,5.100542636084002268e-01,1.118711975571241579e+00,5.571167838346187118e-01,1.290894770801433111e+00,1.290894770801433111e+00,5.555309093598902459e-01,1.290894770801433111e+00,8.630031962008166690e-01,3.678534491410279661e-01,7.391219897382773629e-01,0.000000000000000000e+00,1.290894770801433111e+00,1.177529674428544837e+00
6.682487356186546379e-02,1.140467467300626092e+00,8.987797219244498814e-01,1.191523189831924512e+00,7.884931347280514924e-01,1.494549490863364971e-01,1.200784572505756431e+00,4.085440923890334419e-01,5.225891784381012650e-01,4.468495032548859824e-01,7.303067918581610529e-01,6.156749410707519354e-01,8.919177101299115007e-01,1.142846430005882291e-01,6.152510897104183085e-01,1.173672238799460033e+00,2.050366589484503288e-01,9.267572881381755945e-01,4.362984888957890384e-01,3.811055205156935188e-01,4.750348399648406383e-01,3.625494686472511829e-01,9.222381441284078774e-01,9.274545322999374619e-01,2.026313118992829343e-01,2.994731002467627690e-01,1.901385352580412524e-01,4.698157852822777425e-01,6.773240602684016398e-01,1.194075406290778574e+00,6.077797832658314858e-01,9.377261922968932462e-02,1.595120065238193885e-01,1.185064461871289110e+00,2.907725421287479239e-01,5.956183560164037688e-02,5.782631170340484239e-01,7.559852866016152362e-01,1.086729647858855730e+00,5.687269666230877485e-01,1.052492171039375868e-01,8.190855637608172035e-01,8.734854094015404025e-01,1.155224643221399283e+00,6.989036989994477089e-01,5.014813992463718062e-01,4.545807771315789059e-01,1.025901781933123313e+00,5.696152339151959454e-02,5.705716153460564932e-01,1.275973116765069193e+00,1.192511751571230239e+00,6.774547857632828851e-01,1.050056540982719611e+00,5.602263867952310683e-01,1.102602593378693152e+00,9.835237732894909213e-01,7.095963266372481981e-02,1.131890414921331800e+00,3.964558043586469682e-01,5.082360621289234714e-01,1.184055343932037374e+00,5.988847271544134321e-01,1.149407755095743111e+00,1.277445480917725806e+00,1.778173558530146475e-03,9.714784552265499917e-02,9.266896443966190500e-01,3.732873002791976536e-01,1.168570010459992620e-01,7.382799964259171288e-01,1.971367864253274482e-01,9.465683198665583026e-03,5.730974656972789294e-01,9.666075081976325256e-01,3.237081246809097590e-01,1.496238316734332108e-01,7.724401050690905546e-01,2.342562716594220606e-01,1.213920114237497350e+00,4.249081306558681881e-01,1.017569360740611994e+00,1.760740492572933705e-02,1.118410419134214129e+00,6.467356348877463246e-01,4.173488746622178724e-01,2.348692821960867427e-01,1.913765682150375680e-01,6.241186855044792425e-01,7.031903284952494282e-01,6.198500014153440069e-02
1.230275094003982383e+00,2.724927787635262888e-01,8.999516623183138053e-01,1.226558714608801059e+00,1.973173922871033492e-01,8.664084898283427871e-02,6.428611551445756467e-01,5.102869184845595374e-01,1.026044084919234711e+00,4.438307384969417818e-02,3.862823022819611429e-01,5.678989894551292883e-01,9.392943769860134795e-01,1.089002856290525623e+00,9.233665670251856028e-02,7.547916766227062979e-01,1.824043346342891503e-01,8.895908573883262171e-01,6.533869400723468779e-01,6.554267979234675856e-01,7.776332445863606280e-01,1.075811689561815498e+00,1.934219823097803326e-01,1.205033103182744814e+00,7.513243302904897003e-02,2.932539255610979168e-01,8.912883750740537847e-01,2.111097758964832760e-01,1.734863428709942645e-01,3.608824111287812775e-01,2.679686222417181907e-01,1.243375249447009168e+00,7.313703815031161182e-02,2.434861458500485465e-01,4.830393883562870971e-02,1.863845985849322817e-01,1.556374688975044850e-02,2.708958937773585096e-01,2.610990989832860931e-01,7.153383144093035106e-01,4.152564016002938674e-01,1.186261851892228325e+00,1.066201484467867555e+00,6.791158628199875924e-01,5.971020394186937752e-01,6.277100976404108579e-01,4.909081284676266588e-01,5.346438669740323224e-01,1.103538761247488065e+00,1.002556301251842807e+00,7.875877180656049026e-01,1.287843587540783652e+00,8.954702466499210312e-01,7.924086160275450874e-01,5.097961298673018282e-01,2.565321931540032532e-02,8.233756572189865341e-01,1.203283281447859121e+00,2.808095938818142567e-01,1.235597982870531464e+00,3.108325522052872714e-01,5.691607169399203192e-01,2.703831242385502653e-01,9.980369089172186348e-01,1.519277551371784329e-01,9.595118384032015335e-01,1.133682514069006997e+00,5.584216241058845842e-01,7.611690303145353109e-01,1.146938075414584590e+00,6.117642297809369190e-01,3.927589706430782979e-01,1.150463592202118468e+00,1.285458329504473474e+00,8.792652637903731749e-01,1.229682299874300250e-01,9.053941183473211973e-01,1.176438532109667312e+00,6.504154926878894516e-01,7.470876590964198316e-01,1.038556905403931196e+00,6.336407918600008016e-02,2.823836207403850884e-01,1.049963864639389177e+00,2.234773374085410602e-01,8.734395992626986516e-01,7.938469781852288687e-01,7.133360029930158053e-01,1.156448019819071416e+00,9.915474634578778090e-01,1.960772588386690274e-02
1.019468629278732497e+00,1.086844718746662747e-01,1.002401859542626283e+00,2.313532652712906590e-01,1.045133579558097381e+00,6.435462212276338301e-02,2.816694922760175079e-01,1.274854287470603920e+00,1.820155138691120222e-01,8.128668931546508825e-01,6.294196515000336500e-01,6.731296088931775223e-01,1.219122857972772422e+00,6.010186826121308723e-01,1.222342189070783292e+00,1.317466959304906815e-01,5.349017974825969191e-01,5.628801023348457833e-02,3.437357623387309880e-01,5.938067915169120692e-01,7.448810414693209925e-01,3.494951330378207599e-01,8.450714245204612451e-01,9.566933502324745930e-01,1.256320061778812558e-01,2.802364979590049043e-01,3.478897147721347061e-01,1.283126889769653056e+00,9.329454734459956544e-01,5.922166313375888669e-02,7.497886827601812909e-01,5.808620848509098433e-01,1.131103701554736940e+00,7.969595247661281912e-01,6.271065452319791733e-01,5.788643488060454256e-01,3.762688945572884580e-01,2.366583612488742938e-02,9.086631399582043578e-01,8.582952333703088854e-01,1.095913666988770352e+00,6.120552191834560674e-01,1.051420310517365841e+00,9.066199214620644931e-01,9.743906768053860190e-02,1.200601715263671654e+00,4.585114298769396579e-01,1.281377417603269397e-01,3.665390334671426165e-01,4.162104372195701285e-01,6.076684674543367942e-02,3.488344612161656810e-01,3.524926125744033967e-01,2.931621457328654201e-01,3.465587664666577861e-01,1.543579161792772991e-01,8.020686530137892678e-01,2.163020241539806154e-01,1.043978751481440037e+00,4.318229221232316450e-01,1.122189850084988283e+00,4.542417540050708857e-01,5.584569579555254126e-01,2.662024304385155471e-01,1.043391756804066706e+00,5.577102005418292929e-01,7.598952569460420969e-01,1.063508642551247663e+00,4.847833111260238526e-02,7.981246167409778991e-01,3.914817998539698030e-01,9.761808689552454732e-01,3.807064923117990385e-01,2.550758281092830315e-01,2.732021985018701776e-02,1.902466855325150863e-01,7.498973699904746062e-03,1.279487646464940287e+00,1.053004190597250700e+00,5.920932358619572788e-01,4.102032906890262787e-01,1.236927030244885373e+00,5.127006784256635807e-01,5.082496596987333692e-01,5.453351789383599213e-01,1.222732840047856095e+00,6.645599018106675970e-01,1.043732952221639199e+00,7.777988615428607089e-01,4.244139477397257387e-01,9.537683692655430923e-01
1.067788467585656820e+00,8.412815167243472558e-01,3.100863823057590229e-01,9.607476389904699987e-01,6.890514141021425454e-01,1.020204099674394405e+00,1.256723936934188046e+00,1.124266769867627636e+00,1.047537420372897765e+00,0.000000000000000000e+00,3.593822974983993945e-01,1.290894770801433111e+00,1.041515286920280392e+00,2.132876083278385515e-01,8.505158137188818523e-01,9.869366834745681993e-01,4.318798036756883452e-01,0.000000000000000000e+00,7.631835663244354584e-02,0.000000000000000000e+00,1.290894770801433111e+00,0.000000000000000000e+00,1.290894770801433111e+00,8.180613154893344452e-02,0.000000000000000000e+00,7.674367188376344240e-01,7.663793207567127785e-01,1.290894770801433111e+00,2.360371983310731170e-01,4.534065745378816348e-01,1.290894770801433111e+00,8.395414754407812818e-01,1.290894770801433111e+00,3.338913069828736840e-02,8.303842132625834926e-01,1.194470345546191803e+00,1.021597872995169132e+00,0.000000000000000000e+00,1.792982604915430433e-01,4.838958606545697982e-01,2.042383226627721149e-01,0.000000000000000000e+00,6.086644026125453966e-01,8.821130229247734489e-01,1.008127786973357809e+00,1.090731934758776500e+00,4.162611820530949802e-01,1.290894770801433111e+00,1.304848633810217449e-02,1.290894770801433111e+00,1.290894770801433111e+00,3.753698433786714639e-01,1.561817237470523034e-01,1.941283775118130828e-01,4.402287716375282156e-01,1.290894770801433111e+00,1.101051516806952346e+00,8.892184037098942451e-01,9.708665361876139821e-01,9.642736654959754850e-01,7.009931408689733523e-01,5.464673447723985555e-01,0.000000000000000000e+00,1.218839684848611826e+00,1.163254351983854074e+00,4.508498865223405372e-01,1.695662276390897880e-02,3.718408372761662917e-01,0.000000000000000000e+00,4.649709110548280733e-01,1.263464478250655443e+00,2.189035082019651912e-01,5.768666588093139813e-01,5.966695264914773089e-01,6.293270329683901820e-02,1.992093682756782003e-01,1.318039273849494313e-02,4.772016335845335466e-01,0.000000000000000000e+00,1.121505945905080459e+00,4.412630684226306887e-01,9.651244582644559200e-01,4.034767827843479537e-01,9.843225777799714526e-01,2.977993802646842214e-01,1.290894770801433111e+00,5.784011921870372275e-01,2.967604875733768632e-01,0.000000000000000000e+00,2.721629484313408120e-01,1.057428396544860316e+00
3.092588195622276159e-01,4.024443320606072017e-01,1.173506538328077387e+00,5.580050836934602465e-01,1.897716682802094018e-02,1.234939528499269107e-01,1.946795299318146988e-01,1.164101946806272547e+00,9.558775609140383045e-01,2.674562390628084096e-01,2.887533954445933512e-02,2.992889806128774116e-02,7.072044213218108277e-01,2.915971005782012071e-01,4.496447773792026231e-02,6.695972449031295515e-02,9.272158708706813579e-01,3.549045481124763531e-03,2.776827951843695574e-01,6.523680268910421187e-01,2.594210814717108349e-01,8.162512619582974471e-01,5.599169051002401698e-01,2.660813611620986840e-01,1.532975093417411616e-01,8.423434481627318782e-01,9.350244778646348287e-01,2.327505321513992018e-02,2.348516210879874055e-01,6.415992785135274934e-01,1.058639001129020762e+00,4.644218913345106170e-01,9.307163793116709494e-01,5.989193727389019450e-01,2.090543031349339498e-01,1.263381250150881208e+00,1.031648814423500732e-01,2.943025436811758100e-01,1.159710947105732914e-01,7.379788027522937027e-03,1.189046720321831563e+00,8.606482634595370440e-01,3.099473324703647670e-01,4.906646079935442772e-01,1.507557594598596951e-01,1.138325441105878522e+00,7.209820607228638600e-01,7.102154990773670296e-01,6.297308145381347311e-01,9.878339022416045001e-01,7.698571029701963830e-01,9.679687415121409622e-01,1.125792786832274350e+00,1.195567957249378033e+00,5.733845235593524325e-01,9.477354125232032023e-02,1.110511960548429711e+00,7.696902960238367619e-01,7.919374067545822404e-01,1.243758306837949634e+00,3.179196637495532718e-01,1.077507027664107442e+00,1.248688310693842896e-01,1.161039574456377510e+00,1.200487568653582304e+00,8.556251697426358049e-01,9.737129851114837420e-01,7.108790881227503577e-01,4.916531387072067272e-01,4.116565908486258252e-01,5.242339000716772501e-01,3.056372097341039217e-03,7.161494875395415516e-01,3.562010277593335439e-01,4.276217169418568970e-02,5.006097750631904875e-01,1.093299352724075968e+00,1.039027725079392894e+00,3.312149994364370076e-01,5.420185188438636503e-01,7.127796724560074848e-01,2.153698785548839034e-01,1.020648454893951618e+00,1.141355527368612455e+00,8.270533670979924867e-01,1.165604873654388918e-01,5.452135225708362176e-01,7.839913119905940198e-01,1.167706301071677055e+00,7.230839808491278387e-01,3.072527035939389695e-01
8.188056640150384036e-01,3.342382214958994346e-01,8.779291144619691956e-01,1.117616255781738399e+00,1.246072110415002099e+00,8.323144509395915547e-01,3.011301912096445155e-01,2.906887077679849440e-01,9.754771753717804417e-02,1.166182076038995152e+00,1.042436230841149891e+00,1.260381654940246232e+00,1.220652187071554096e+00,1.045966771251781724e+00,1.873105708081168330e-01,1.018978207570333749e+00,1.099561953247715662e+00,4.739399476978137793e-01,8.635502903386889084e-01,1.648655908912393178e-02,5.151326391805937099e-01,1.065633824790839901e+00,8.306916512844710887e-01,3.433730036732920432e-01,2.242020575598400456e-01,2.005422291687992409e-01,3.763132619086402841e-01,1.260182660299266955e+00,6.498884678973401163e-01,5.889550869190939286e-01,5.669069426146082502e-02,7.460085114530318195e-01,5.396737863667989687e-01,6.377970139301724073e-01,1.019052150343082497e+00,1.273315088207561230e+00,7.612481529871547581e-01,1.116599823492769872e+00,2.744002633315166806e-01,1.012050234948426164e+00,1.162743022085863887e+00,3.314558896336388671e-01,8.146063595692721870e-01,3.502481154339885383e-01,8.168809555056176785e-01,1.763449732458160363e-02,5.121344828098136626e-01,1.202848537783412830e+00,1.682236979998052301e-02,3.405132059202643502e-01,1.117715766805981392e+00,8.420788018249731888e-01,1.061112298016204880e+00,8.076289584925563370e-01,9.098140590617679324e-01,9.270424046934870876e-01,1.032583055968160801e+00,1.286002932094352014e+00,1.267348664026054728e+00,1.289569357286277862e+00,2.279090479557714377e-01,6.752902349805670612e-01,7.407795431090624660e-01,8.292170603577144750e-01,7.398874617418504940e-01,1.004946958664379331e+00,9.300359890767696536e-01,3.993908904169903296e-01,1.427807388435005931e-01,5.922427327479762305e-01,6.597186497145183237e-01,5.980568836595162585e-01,4.680163881076489507e-01,7.190056591428272137e-01,2.257550768682082543e-01,6.820988853922441697e-01,1.760883261984544090e-01,7.404762887721026698e-02,1.277274240444676634e+00,5.393430881974753399e-01,3.840956077617302955e-01,1.905988622871815363e-01,1.093597618274676497e+00,1.106461728102251518e+00,1.277860768980067174e+00,4.055805855209217436e-01,5.678278019804207100e-01,9.404564030441708855e-01,3.591364157389319023e-01,1.033373699715934985e-01,1.062597306821669640e+00
3.605605366157934588e-01,2.746469316886347989e-01,1.222365792776991533e+00,1.622361129478146757e-01,8.265411825382743549e-01,2.707276740271415405e-01,8.581025290574545439e-01,1.738703629995116962e-02,2.045780698817760701e-01,3.609693294357729787e-01,2.950807379802138364e-01,8.010298935437273338e-01,5.516658400482217228e-01,8.052887009367651894e-01,1.196810453315823447e-01,6.016428145203548405e-01,1.043042942587342425e+00,2.401950865558789006e-01,3.238228654251679717e-01,1.057975609489877122e+00,8.704555315432448426e-01,6.272775353844036728e-01,3.897334945494711489e-01,4.288668342369984510e-01,7.143448358992917635e-01,4.683701779422990152e-01,2.153696622708108355e-01,1.948939496251440584e-01,3.364055194419895978e-01,1.182673784657919613e+00,3.120347790014142420e-01,1.110115658522079274e+00,1.213322858555319517e+00,3.316734377184552551e-01,7.341959150552763713e-01,7.524515831981366809e-02,3.750253655406287634e-01,1.137083220433222630e+00,8.383740733259258393e-01,8.535694877810454662e-01,2.505607735646322443e-01,7.170846519132805241e-01,4.003517491766080960e-01,5.936323177677175350e-02,1.094019032531245106e+00,1.538158083190246661e-01,4.692918857176202607e-01,2.941094882502380270e-01,4.044241014125028455e-01,4.983609405823780647e-01,9.759276516719437300e-01,8.560568968479731478e-01,1.045367862228590905e+00,9.531246361672218725e-01,7.833669417304200966e-01,1.639318332842777393e-01,1.207374787989060838e+00,1.478810386772112795e-01,1.077901004453587497e+00,1.543541001664739676e-01,9.779751641464008438e-01,1.270208239718853438e+00,2.201568659262013727e-01,2.702885829172899101e-01,1.129517292147143692e+00,1.258452399427555157e+00,6.725569696499114070e-01,7.337804615296849020e-01,1.263703772807133197e+00,2.851894521905032343e-01,7.037218864462582157e-01,7.072013346855386684e-02,2.308058130259645069e-03,1.025774411627451865e+00,7.238212347596560958e-01,4.480561651841127868e-01,1.242170956875279897e+00,8.265448482559991650e-01,5.546436191825936390e-01,1.179721840718902293e+00,7.295509726983011312e-02,4.332535222553562382e-01,9.657193524023740538e-01,6.249480764105179720e-01,4.303490481503848275e-01,9.286411117825288386e-02,1.077621034424962598e+00,7.536339010903284619e-01,4.248246981986503745e-01,3.933192115345778284e-01,1.375177405688533250e-01
1.126781573538302661e+00,4.787840204616031770e-01,4.691783112951607160e-02,4.917634290428683497e-01,3.531991393751481856e-01,1.013933512737883236e+00,3.059538799604077375e-01,5.341779719886555755e-01,3.866440560011454863e-01,5.661759887186116336e-01,1.071498805613353422e+00,1.052271225820339690e-01,1.023420647391714677e+00,1.205714029590129632e+00,6.782937329895502021e-01,5.561000563456208745e-01,8.097111084959178473e-02,9.335376829455871439e-01,2.586148880689352336e-01,9.583497713130216811e-01,3.151478478789842552e-01,1.102268056689479137e+00,1.150764157371158142e-01,6.298753668556154039e-01,9.692673460491862958e-02,7.621056197900071272e-01,4.166911009757428008e-01,1.153452993270306509e-01,6.436151100345407494e-01,6.854297208727662127e-01,7.101364650380498356e-01,1.163628984326081417e+00,1.153056682852189541e+00,3.866497714425434773e-01,1.478552671395179929e-01,9.051644063842680110e-02,3.156675103192288501e-01,9.988856689464268301e-01,1.233801963010309422e+00,1.729142814512675819e-01,9.884839027794944943e-01,4.029778529981638546e-01,3.463493955748978559e-01,5.502748250214637427e-01,7.331308816892907476e-01,9.668541226944856737e-01,6.320155343912423063e-02,7.803232249271574439e-01,4.698280081757080784e-01,3.371830171905652596e-01,7.950032683875427608e-01,1.043369443942465891e+00,7.588019016101339442e-01,8.275208589190021780e-01,7.837385631179609735e-01,8.112078662676912577e-01,6.130886270384762644e-03,9.290956213007454112e-01,3.865598125431000120e-01,6.145076787214530656e-01,5.279110976634174834e-01,7.598817208149925007e-01,8.905067243709205993e-01,1.084444245021071396e+00,1.169671973123203035e+00,1.063012081803005104e+00,9.483616149921434424e-01,1.046132165085723820e+00,6.339749182984143472e-01,6.544150078582564589e-01,5.781359113270573280e-01,7.418553694267576715e-01,1.108704274475883045e+00,2.066641380535509387e-01,4.366106356093040208e-01,1.266676678541723611e+00,7.572053910293806700e-01,1.020987621800946377e+00,1.151172758511664451e+00,2.226658013283908666e-01,9.569720064013087502e-01,4.644744043876702921e-01,5.156903937816502692e-01,1.118314359042472672e+00,2.018340823086016145e-01,5.160995752644861323e-01,1.155448539908569217e+00,5.791728705955458967e-01,8.157198016656913575e-02,5.204201597031344884e-01,9.157480293627286994e-01
5.685661230950390665e-01,9.171401365794028537e-01,8.539483352482146739e-01,1.223885997053423935e+00,1.050525876753563903e+00,8.671229358824702471e-01,6.257465184482621234e-01,1.908584868156277536e-01,1.009485414677332438e+00,5.620645765786135284e-01,8.208049148567769793e-01,8.412951651082380966e-01,4.185262656111041757e-01,6.935708406211876786e-01,7.278259443576380605e-02,5.677623312011913920e-02,1.090751002798323155e+00,5.025108970304462686e-01,1.209274527831835089e+00,1.431162000631382436e-01,7.226963779252583153e-01,9.840086583846494594e-01,2.699856698418344192e-01,1.186711656968393980e+00,1.509753818203543076e-02,6.417040037465050750e-02,1.707775117079115279e-01,5.630261407697255416e-02,1.197037490305002727e+00,8.789534175408101335e-01,1.993205758551403195e-01,7.092941176273113157e-01,1.229185678664572956e+00,5.920376840719470124e-01,3.493516651021388864e-01,9.894129612005733154e-01,4.926312471674727106e-02,1.637567921637325397e-01,6.102795009291268613e-01,1.050817709971102909e+00,3.408343051256138706e-02,5.917872788880064183e-01,7.666090097025841654e-01,5.546174590814518801e-01,2.580148823001903180e-01,7.207049174789358081e-02,8.242939380659684012e-01,7.778774474113677728e-01,6.832856492468948328e-01,1.178019893521023764e+00,7.819042428103013531e-01,1.272924660313046408e+00,6.086507130180651703e-01,9.159666358695215393e-01,3.476913671632505531e-01,3.394914270309404292e-01,9.918585189882597186e-01,1.051358740000014391e+00,3.711108336644244332e-01,9.050913326028199313e-01,7.838651520438427722e-01,1.967800739710157676e-01,1.062012256246096964e+00,3.974346540299606989e-01,4.000124274459303519e-01,3.781236633545042580e-01,2.166502168938081174e-01,7.108309426480666771e-01,6.097986313878374087e-01,2.310958428955055266e-01,8.350160919664948445e-01,1.207576439997873230e+00,1.053154201542431334e+00,1.044722826354333556e+00,1.592377502440432413e-01,1.146815505695731652e+00,8.428658417636152311e-01,9.408521056328654764e-01,1.742158601584338773e-01,1.009081377008100855e+00,1.070533734280174620e+00,1.073971249597327260e+00,6.401737647738711123e-01,8.436047623956994812e-01,3.331915704893597674e-01,3.640536747790779626e-01,1.034011473524766966e+00,7.700631141110737543e-01,3.658686895764346469e-01,7.447146171939134085e-01,2.934196385251419681e-01
7.917783684887174100e-01,9.493471420615526291e-02,4.040787181621833812e-01,9.722766246359072495e-01,1.168363950872919332e+00,1.218738622746408540e+00,9.178341758103065740e-01,5.525321033652986769e-01,1.164800656001034884e+00,2.668035649166307088e-01,1.006962733878907335e+00,9.414414557224487501e-02,2.318075263776454842e-01,1.047406289997861867e-01,4.826400645405860002e-01,5.734798176130887493e-01,6.684887482433278239e-01,1.593924311301740948e-01,5.689584017938646987e-01,8.014454046433241996e-02,1.187501324501984312e+00,1.211580054493866854e+00,1.254895483131754030e+00,6.006913235066524415e-01,1.259019922273838077e+00,3.804602437982579355e-01,2.496837404670103899e-01,2.093912312795103980e-01,1.033034629862682241e+00,5.439599964933531373e-01,8.793045484746773166e-01,5.641270520665739863e-01,1.224778914741443181e+00,4.409833289449259230e-01,1.927576535645278144e-01,1.171962643463210912e-01,1.513162641851389101e-01,7.844054908231077317e-01,2.095465100439838912e-01,2.051908378551549339e-02,1.160778783167251360e+00,7.982736464502004914e-01,1.542647995944430028e-01,1.036297281011463678e+00,1.020843682054648704e+00,1.016068312695574516e+00,1.188315703302945003e+00,4.142687356756571959e-02,3.953791352538321702e-01,6.667575061764040578e-01,9.208013052263414044e-01,7.829026988232585804e-01,6.382086434155324062e-01,7.424426619011391670e-01,1.283445364158690261e+00,1.194924079116813420e+00,4.190314715301355908e-01,1.218106318902546281e+00,4.504293957060754305e-01,1.874768214407685762e-01,1.042097194031357255e+00,4.797893529137355895e-01,1.159582337420982379e+00,1.183485439839904840e+00,1.190780649824648041e+00,3.696490391518891250e-01,1.091663477207182487e+00,1.707172405787771574e-01,1.112422112034203270e+00,2.464711821478530462e-01,7.161836054892467551e-01,5.155505122355413805e-01,1.107199754292733207e+00,6.851911843929605617e-01,3.330878318880048372e-01,1.140193183907068697e+00,1.045009925993337863e+00,2.789988358681317338e-01,1.175930295153286842e+00,6.170835090361668218e-01,5.659634495785067360e-02,1.181398684040671387e+00,4.646188743820311440e-01,8.844036846700075172e-01,9.819358198306793462e-01,9.368117213815461142e-01,4.383669247748287479e-01,1.221105138879162055e+00,1.434495967262608140e-01,9.626333939506819259e-01,8.274825150391280637e-01
7.356198814356567084e-01,8.467911881992180589e-01,7.485517113843057069e-02,8.052866404329072081e-01,1.707959992711107766e-01,2.365866625945063917e-01,2.499019666001798257e-01,4.511792151616173530e-01,1.079849076189459689e+00,7.366992101051186292e-01,2.113912859391034460e-01,7.724133444458806119e-01,2.249482912506332172e-02,6.844516902601920361e-01,1.535565790245334468e-03,1.144267040737683372e+00,5.933070049853154115e-01,1.088582421389514554e+00,1.139054389276652479e+00,4.177435775509917293e-01,1.595665788511097805e-01,2.982578139545245532e-01,2.568536043980347849e-01,1.232301655807491070e+00,3.300510869375720691e-01,9.872586291336717945e-01,3.816947249668993236e-01,7.698443633521456775e-01,1.175716651444173033e+00,1.166489593849473622e-01,1.269199477684102684e+00,1.159447588517834804e+00,1.563763320735827023e-01,1.270062426799404287e-01,6.185152566563525411e-01,1.220796875565685946e+00,4.599609285933179414e-01,3.210545106840252405e-01,1.241511530028996280e+00,4.787546776305010021e-01,8.789066696965308276e-03,8.849011405421801646e-01,3.057175248292437475e-01,5.382850190895035469e-01,1.272528573667849550e+00,1.086541155935400793e+00,3.744575263487238959e-02,5.165859596429243084e-01,1.001620260660093908e+00,3.446522327972338928e-01,4.237403178622278777e-01,7.079229405895164362e-01,4.335358558342738977e-01,6.076175909608078074e-02,2.710074013728564282e-02,7.691815411231285315e-01,9.291676583821409929e-01,4.422907007389150769e-01,9.033041522055599293e-01,7.536028389363940150e-01,7.919010507799585652e-02,1.200610311705426536e+00,5.680031628332647964e-01,1.141654558213803350e+00,1.105561505476519324e+00,8.052129985130286327e-01,2.891644339598818392e-01,1.167974814753138579e+00,5.768123963651826669e-01,1.750519222854263202e-01,1.112570497864386443e+00,2.514283257051970755e-01,1.250111199309524412e+00,9.836216986486511216e-01,5.358225590447385223e-01,5.232995570499201499e-01,1.144392736673498945e+00,1.037075991963927857e+00,4.940678514912082986e-01,1.191687002580110510e+00,8.025262465978912907e-01,5.067632701614969148e-01,6.207220350891904381e-01,1.173891413916514359e-01,6.878747811308696392e-01,3.680777788491432778e-01,9.947475150030014035e-01,5.071913736717322818e-01,1.120130034899467386e+00,2.950919240622686956e-01,9.291593188330442565e-01
9.888575756222143243e-01,3.041852091929988372e-02,1.143625442753639865e+00,1.196696010159874923e+00,7.722081649817177373e-01,1.289110436800476656e+00,2.524716773917894952e-01,5.524205992837514373e-02,9.937563419111972163e-02,9.716998955796901649e-01,1.156707215551783019e+00,8.861741891814493843e-02,1.536030700246518998e-01,1.218162129107545733e+00,1.197981701917442132e+00,6.515390166971508912e-02,8.892588574555956304e-01,1.796892020877628726e-01,6.051744195767219670e-02,9.884246298293694055e-01,4.593982474722440035e-01,5.261905472386090299e-01,8.273669159893085601e-01,4.887642852961102680e-01,9.019178090639045076e-01,8.924094810837850389e-01,4.727227067685102480e-01,8.581427505252916532e-01,4.742313972145796308e-01,7.143261612203974931e-01,1.269391804976109484e+00,1.121121029458293616e+00,6.237639770032865627e-01,9.305555066467232628e-01,7.671027210760850146e-01,9.372481720475252590e-03,1.098133189978682367e+00,1.288941410432215884e+00,9.916201533629016573e-01,1.137505989176968546e+00,2.319926899976507417e-01,8.522731424870270966e-02,2.437937800650223294e-02,3.714448451724716715e-01,1.173314111299104567e+00,3.653283099490323704e-01,1.712439059927403640e-01,7.949652036999952376e-01,4.019222856878550409e-01,5.338540743523026988e-01,5.632516468202790616e-01,6.688417005729156983e-01,3.547789820734174593e-01,1.010244347834903689e+00,1.781185514760541544e-01,2.500492477720168139e-01,6.399153492505219587e-01,7.947461053142204079e-01,1.115150458554461377e+00,1.260864604818774382e+00,5.083896218276828805e-01,2.225691871436607516e-01,1.128526035585828646e+00,1.072441001717512332e+00,1.976869201603017323e-01,8.449809653106205021e-02,5.814537281003342439e-01,3.521012665288126287e-01,4.075533105546491064e-01,1.318322118060787362e-01,4.501154475715321013e-01,4.135467708211694737e-01,2.091380922081195748e-01,3.843626781271435311e-01,9.510215014634895159e-01,2.510190054390185055e-01,1.036723206309313194e-02,5.105692267219088532e-01,6.327801704332733923e-01,1.137755608893118886e+00,3.973646027014973159e-01,3.141648257572722813e-01,1.185361057373431226e+00,1.148567568807634887e+00,7.515147857651324204e-01,1.252946737828942947e+00,9.589347180542842075e-01,2.421141642663103000e-01,7.796047141428136262e-01,6.399416144293301745e-01,1.148976145938885862e+00
8.856620437802966705e-01,1.137543511464824908e+00,5.497421806019201496e-01,3.508914724980684990e-02,5.005031236253063009e-02,1.746168555382041632e-01,4.731060460590187366e-01,8.183228998945947241e-01,1.116577201725722723e+00,6.113489433221856728e-02,7.439917118319981926e-01,1.101739076483376323e+00,2.231313128382917399e-01,4.811541280318363256e-01,1.140108250493333086e+00,4.798124575838857986e-01,8.791320119552361589e-01,1.243974543083441020e+00,1.197804542432417962e+00,1.588971526885912117e-02,3.303638612362252980e-01,2.260439823124482106e-01,1.663821234705517293e-01,6.350048314378836656e-01,9.479971816253992545e-01,1.069524720384229965e+00,1.010038928738681063e+00,2.285833485486900574e-01,7.816671780889875576e-01,4.791122509189965628e-02,8.303654619835625361e-01,9.075793572019076327e-01,1.180355644606841808e-01,9.472852343314090984e-01,7.797822415504703786e-01,3.017567047608096797e-01,1.222840024753327981e+00,7.669872767114951362e-01,9.155580527263535995e-01,1.062676073614762018e+00,1.076324261167558527e+00,1.999631538650805951e-01,4.265068319996673935e-02,2.453881633711311738e-01,2.473072864646883307e-01,8.577919408538200452e-01,4.089220565849674971e-01,4.747802398309290961e-01,1.510727190411546295e-01,7.258919318826966283e-01,1.082031941905294392e+00,1.154072767063056837e+00,5.318199736386559628e-01,1.116271337858472545e+00,5.310328965427406622e-01,1.996706445721444304e-02,1.073690109491645117e+00,2.421897688625362366e-01,4.513853474275952293e-01,1.284437843940687385e+00,5.940613935680706392e-01,5.981508604675889185e-01,8.155994068628621418e-01,1.158153943736430325e+00,1.287305992220200590e+00,1.579980654621641889e-01,5.517613297550835183e-01,3.202301351340999247e-01,4.330014173640374109e-01,9.146543175653842894e-01,4.246651729385018670e-01,1.841081319742705891e-01,7.999034234875620486e-01,1.288556464979401683e+00,8.084621944811797301e-01,1.350554603424910238e-01,8.635891226580267865e-01,1.274851206292620054e+00,1.767175612188597866e-01,5.489124853613527311e-01,1.221684002014816334e-01,6.267259356152243832e-01,8.498241938200830070e-01,1.159149466406043549e+00,8.947375502681239601e-01,1.546937203308417497e-01,2.106238313569076259e-01,4.636483377828379271e-01,1.023514282059327041e+00,4.767080196774641648e-02,1.171087745430629434e+00
1.290055232689669706e+00,9.884426236295902335e-01,8.367768575928480335e-01,5.034452915358373915e-01,6.743624493948823240e-01,6.012383268234333666e-01,1.670966224114697474e-01,3.677526285324386190e-01,6.630278089781281858e-01,7.153555514256049186e-01,1.346512343230382436e-01,8.861054599411213317e-01,1.282515108198784226e+00,2.780537380796423985e-01,9.824973459491384009e-01,5.970545502462750731e-01,1.124823297868440042e+00,2.301855325320518453e-01,2.770111682918085516e-01,7.465898011541141632e-02,1.190642349937497402e+00,2.680778277098116447e-01,1.031452228575398866e+00,7.155997346723367292e-01,7.677194067574185654e-01,9.319687924491145692e-01,7.624771671888894709e-01,1.450008626185354255e-01,7.644541767592527570e-01,5.814657848914884797e-01,7.344129070943189452e-01,1.163652462816068501e-03,2.789049486584918025e-01,7.433975310129496972e-01,2.261990611518160110e-01,7.778815729507245758e-01,4.518329500057708947e-01,3.693601339358916213e-01,1.027682593236731945e+00,1.043978583136618399e+00,2.386267291142016023e-01,9.436543227564788694e-01,4.230090203250400083e-01,7.879104430571625128e-01,9.944557412989264711e-02,1.044686428504414621e+00,1.011768007118251766e+00,8.880962777514361806e-01,7.211464075244469196e-01,1.185398289748746947e-01,5.859356218210041156e-01,7.696515566062046565e-01,1.105686181716886818e+00,5.027263869241590383e-02,1.096945891396483130e+00,1.256577707652638091e-02,1.236933896227588869e+00,4.795957918499841321e-01,2.467614205767582891e-01,2.341386305645252741e-01,1.203054041179313804e+00,1.106210374899552429e+00,2.358311235330977917e-01,1.002942258190920866e+00,1.269639720958189777e+00,1.202079910387289896e+00,4.449187085705589295e-01,2.679904249500056346e-01,6.604285963799944037e-01,3.040587616058013087e-01,3.836964213163251425e-01,1.155782835425885891e+00,1.245832722476869048e+00,2.791071063791598639e-01,3.544768626390916721e-01,8.409489496423783184e-01,7.358051538433821870e-01,5.994144445532672005e-01,2.369312780061787194e-01,9.340480383064506120e-02,1.120546430819705286e+00,5.633813621085781431e-01,9.252149930699118396e-01,4.619855761323526377e-01,6.697908443593372230e-01,1.146145424772058163e+00,9.655448752842368254e-01,7.512108731000838313e-01,9.488893972305862956e-01,9.287726976559058656e-01,1.086190170549714423e-01
5.726348434565467493e-02,8.752553397770719279e-01,4.577837619850988471e-01,1.169952194878724372e+00,3.692934776699225985e-01,7.484830569066850403e-01,2.407019433916444962e-01,7.452103737559114816e-01,1.106760611696946173e+00,1.107544187482598863e+00,1.030782438047963684e-01,5.845853567569014864e-01,1.162273365500548161e+00,1.271495350845817107e+00,1.275324515893382804e+00,9.217834155307427224e-01,6.028134307492959421e-01,1.148586504069506464e-01,5.895013457151704328e-01,4.391721843189562158e-01,1.068381765217920165e+00,1.064452577877423423e+00,6.066077815630469550e-01,1.923607474440099385e-01,2.499960462907358794e-01,1.121773545676132633e+00,8.242071735246954134e-01,4.505949317736918092e-01,6.769208817657513810e-01,4.016612403610902993e-02,5.672568025122229907e-01,4.372575100886467725e-01,1.247889119988272011e+00,2.160852428679979620e-02,5.078519707616014900e-01,1.187928527640887272e-01,1.851005201162594926e-02,9.788855907045487803e-02,1.026146931333103557e-01,8.301329087013913366e-01,8.916883989539110544e-01,2.044703302126700817e-01,3.264082115606223300e-01,1.070656023847128324e+00,7.490653539637197600e-01,4.586477283451511622e-01,1.090702658833242245e+00,1.096986154194131036e+00,5.517302628098801343e-01,8.593587578782098391e-02,1.201793323344018338e+00,9.031785780052610235e-01,5.185892939629215270e-01,1.070621691428397471e+00,2.562961495481542729e-01,1.181946285824086118e+00,8.574095017341295533e-01,5.302740648433260651e-01,1.245429811360405425e+00,2.492510862653492254e-01,1.062756310029424750e-01,6.676954890670483422e-01,9.198172035653083833e-01,3.822275484097378273e-01,6.537614799562844192e-01,6.321590224965981664e-01,8.227087779829466152e-01,1.164111315673081348e+00,2.752955626555028124e-01,4.854909479430534192e-01,1.205698748368073003e+00,4.954890921786357649e-02,5.206346266363829356e-01,4.159238346329401370e-01,9.076234400219894694e-01,9.598022317284047311e-01,9.245216464664647305e-01,7.187399143967238002e-01,1.406973718725653411e-01,9.043310992549913330e-01,1.223126361373831683e+00,8.065398263311788218e-01,2.150840709872978429e-01,9.916253883784468259e-01,5.551121133550122044e-01,1.105283788356762109e+00,9.456386460431512875e-01,1.281989625469348582e+00,4.976730657373498179e-01,3.279775915558747479e-01,5.275728639858783264e-01
1.168826466414177423e+00,1.069823740763634401e+00,8.713425050548952999e-01,2.151439048967602463e-01,2.015647613291703943e-01,2.710103882813770793e-01,7.793392979263040754e-01,7.840921043961297521e-01,1.615437216708607016e-01,8.145279213523436423e-01,9.458680948572432134e-01,3.669583153760655470e-01,1.903471660863247650e-01,2.448837784096014325e-01,1.013814568744319411e+00,1.115643929435751192e+00,5.085502239285524251e-01,8.448529054349057654e-01,8.696632032662294787e-01,1.130190402754555512e+00,4.739969925277590090e-01,2.579968093886281788e-01,4.107621982901353830e-01,6.269238176750741021e-01,2.434625351407978811e-01,1.234571116662004142e+00,4.423115575472745808e-01,1.204180123031225236e+00,6.909029587088723057e-01,1.290376305817974023e+00,2.198060214249497046e-01,3.861838532018730952e-01,1.226633235656342746e+00,1.183926040196375817e-01,9.284131695648310811e-03,5.330289832966681463e-01,7.104103383734097221e-01,5.916491054492045709e-01,6.765061447630106306e-01,6.198177275365273076e-01,1.060037136609562669e+00,7.885628998192845129e-01,9.246051020259059561e-01,1.186895636833100509e+00,7.605695851094721460e-01,6.738263775840541703e-01,7.761241626542407512e-02,2.749860146521166948e-01,1.249570274439929296e+00,1.980371052109698993e-01,6.826725100662463241e-02,4.852675860906818239e-01,8.368105660202034279e-01,1.197997633671348927e+00,1.033445466651037981e+00,5.371693655900909858e-01,3.085048046073850525e-01,1.009115601702298859e+00,1.218553968298190293e+00,1.035815948519380747e+00,9.698887018269021221e-01,8.206172476365752866e-01,1.161926246128231588e+00,8.942359115722552376e-01,1.131128363265537784e+00,6.110124156144447483e-01,3.335756899074640014e-01,1.264358797261654788e+00,7.609703902750787341e-01,1.067288882606523437e+00,1.961195829474345897e-01,6.779969212268402989e-01,1.228842053977354576e+00,1.027134954510265263e+00,9.363948616947596060e-01,4.823139532185371503e-01,1.996023502497567270e-01,1.265289810734202325e+00,7.485337041045867501e-01,5.121199966034767348e-01,6.370445780159633697e-01,1.132828154795983755e+00,9.424459502438741199e-01,2.222035560533309473e-01,9.855697895405195474e-01,2.037877317548594802e-01,6.183621987866988468e-01,6.898907809539501779e-01,3.326646657024621700e-01,8.639253708362221174e-01,9.871036940042449137e-01
3.738046885289534882e-01,9.529019969453461636e-01,1.195832338050704324e+00,7.319469528982917861e-02,1.228979194581704570e+00,6.928846233342254024e-01,4.472750042534540116e-01,6.693916410355273960e-01,9.016061674720053931e-01,3.542920455700402835e-04,7.888554679413399828e-01,1.165181002562021950e+00,1.172689082102145397e+00,2.013997070379208998e-01,6.840770337291099401e-02,1.614466613202756307e-01,1.874219191685177338e-02,1.082702159159615762e+00,6.766512002042884832e-01,6.486362210791276617e-01,5.973884002395840609e-01,1.226855097178806364e+00,1.246853151333003007e+00,5.625611954690180605e-01,1.393526557312266267e-01,9.311903297223795839e-01,3.534884493576176956e-01,3.629869474611887581e-01,3.329873586131285035e-01,5.280960093164850377e-01,6.273071961065439517e-01,9.932808887761441774e-01,8.618477881360870896e-01,7.274124041410029440e-01,1.161539387041441218e+00,9.276269474122071645e-02,4.595262836108455345e-02,9.455853748895847177e-01,3.126212183929719807e-02,2.070743748814367624e-01,2.620175953107750644e-01,5.483066987901226430e-02,6.096487050966836740e-02,3.174646392167733699e-01,4.016520035994593507e-01,1.049373182300557650e+00,1.285449610676020260e+00,5.980027424062125396e-01,6.908118212955102200e-01,2.304259806483534290e-02,7.045999663215136710e-01,2.950254562634954114e-01,8.138052541101565840e-01,1.217284372612737586e+00,1.148016879770714649e+00,8.697629133083076836e-01,3.425689645828957075e-01,1.671743999319332541e-01,1.050852061911485169e+00,9.743528002155821266e-01,1.099134123426495524e+00,2.527953609563453607e-01,3.119027195487322213e-01,4.601319713465337191e-01,6.661903830202851873e-02,8.821157134084295359e-01,9.839665127868587602e-01,3.374924495082304854e-01,1.172044412025903926e+00,1.251426304794279076e+00,3.877893585133153354e-02,4.614750517186347323e-01,5.732306446026439462e-01,1.260847378286534815e+00,1.252681829836721272e+00,1.278369307898495233e+00,7.457323944984534103e-01,1.094689642083600090e+00,4.486313361735684291e-01,1.201293321479198983e+00,1.099544558792893811e+00,1.289750814475105312e+00,7.126851188754853572e-01,9.592474030940372209e-01,6.473009495700418059e-01,5.425776997098585852e-01,8.032008528126972913e-03,9.794045047061080700e-01,4.259331641438538485e-01,6.082024258118802207e-01,3.911924390414515673e-01
9.472054120718267356e-01,4.438282053969384022e-01,2.053269820870737283e-01,6.753514666362782082e-01,9.032204398532159839e-01,1.024034572871085791e+00,9.577787618415194437e-01,8.892726110382968008e-01,1.020272569835460663e+00,6.988262066083131829e-01,8.443558187504370816e-01,5.340103673554100761e-01,1.125375840702898644e+00,5.180082041935234471e-01,1.168442911868521117e+00,8.320607031102713602e-01,6.844144211825246016e-01,7.129679374966825245e-01,1.289900595652402782e+00,1.950313903752727285e-01,8.999788444009706456e-01,4.200340010856719042e-01,1.144504666905109325e+00,7.500442684167095420e-02,8.412182079347220176e-01,4.620925512872398749e-02,5.161500912417085057e-02,3.162744291838356370e-01,2.014937805833598439e-01,9.117547377034900258e-01,1.053723256703237299e+00,4.095656083260073577e-01,5.487202222996085954e-01,8.218930686025860410e-01,5.290644677719924527e-01,7.083535606957984052e-03,6.143854243619139011e-01,1.198031840216532418e+00,1.038165153957201881e+00,8.009522161302681104e-03,1.072748767651454882e+00,1.223745445047358604e+00,5.685132267562018754e-02,1.000365461478830875e+00,1.008176189533389888e-01,1.302938769305888311e-01,3.137679524967751377e-01,2.121540676975951500e-01,5.040713595001818925e-01,2.645008753076149091e-03,3.243855242680982465e-01,2.353168843958401146e-01,2.471992754425122174e-01,4.157883053998023132e-02,9.227996725272433753e-01,6.209989866052267188e-02,1.052684551990777706e+00,3.889355100191770331e-01,4.135562988496551684e-01,3.753522888531642399e-01,7.336990489263207627e-01,6.490445939295654831e-01,3.303895429294071984e-01,7.547611118164060384e-01,7.966397904004428321e-02,8.286339342696585897e-01,9.676800152214001249e-01,8.985924578538125040e-02,1.284789725170367269e+00,3.277422456693039887e-01,1.123078988615162643e+00,1.078713066878354665e+00,1.286025979835984545e+00,7.381081243611695153e-02,4.580535384448943814e-01,9.120421625871953930e-01,1.024845885024305847e+00,1.286299921963419024e+00,1.250843463642660414e+00,4.198190775623253379e-01,1.189498354012829440e+00,8.806605576990855777e-01,1.670870178000910811e-01,1.052914099423543970e+00,3.674659737562385731e-01,9.864240409839862833e-01,9.972722323342391171e-01,8.896991914823202396e-01,1.151113364775623982e+00,1.075331414315931600e+00,5.664205426862427561e-01
1.243613256871123118e+00,1.135187632589353735e+00,2.596886332259683017e-01,2.272909481542760846e-01,1.541391660777637895e-01,1.302637933719144048e-01,8.673758768822545373e-02,1.125205713673950392e+00,2.604035377395087503e-01,1.558686959709197073e-01,7.818425445429985632e-02,4.156135923404859489e-01,6.432317615138044564e-02,1.073107291814499042e+00,2.496512106101681505e-01,1.082626949188914417e-01,4.709252359264464727e-01,1.272713261420149067e+00,9.423232369696767918e-01,2.042588934035747816e-01,7.391975170214037938e-01,7.719936643905637164e-01,1.106388666342102978e+00,5.483534706554997751e-01,2.564937062288100145e-01,7.776395462921005253e-01,6.291995339746153659e-01,2.714770916909998721e-01,6.194438682769087129e-02,4.617293795814912949e-01,7.559403814963604473e-01,7.017503921747711981e-01,4.434296063097726420e-02,1.285791034666047494e+00,3.524191709465672173e-01,1.163823742934262606e+00,3.545873215642562637e-01,6.646567813740278385e-01,3.859723019548740863e-01,5.217691803486279589e-01,1.276541704555659296e+00,1.068525983318781680e+00,2.787962135121997975e-01,4.531000380134486694e-01,1.150081197729084570e+00,1.830927297592807312e-01,7.516819677823186607e-01,3.404008600726759481e-01,6.840856511356818714e-01,2.472219384778460705e-01,1.106631092900852487e+00,6.861839999296913684e-01,1.150780483732345705e-01,9.316631486168508447e-01,6.755992010372195988e-01,8.965869038942705371e-01,1.078303641830235415e+00,1.233596458000005391e+00,7.146588492024481543e-01,7.533838959693133219e-01,2.984437823079341134e-01,1.122893139570865451e+00,1.076040521357162216e+00,1.045874355079079221e+00,2.538945552404964570e-02,1.281368098741501704e+00,1.676211852657192580e-01,5.791723384141101993e-01,8.433208692645469684e-01,2.009127903446135399e-01,1.171222264228147347e+00,9.359804986001345473e-01,1.084473624744882514e+00,1.076942678870890235e-01,9.884676650013111965e-02,1.034472065416363495e+00,1.975175346085835670e-01,1.201304924537090375e-03,9.390724712484650460e-01,6.785891184867810511e-01,1.200815740222993089e+00,5.454595724469117890e-01,7.259750525734260940e-01,1.033744194403992012e+00,1.255353464534887387e+00,3.095545251052022051e-01,1.967593279901575648e-02,3.568173120312629898e-01,1.053932728155900556e+00,1.121732894876120268e+00,7.156627324123259193e-01
1.071128867843943011e+00,5.515000379163537136e-02,6.344415508044637386e-01,3.867933121622958437e-01,4.128083242293034139e-01,2.871877409296826889e-01,4.801579072488655620e-02,3.910271062705166778e-01,2.343015071806665572e-01,5.241474738410522027e-01,3.957853772804169612e-01,1.521936377103521587e-01,1.419692611582674957e-01,5.810447985448997654e-01,7.753132531220291446e-02,2.114783297698991787e-02,1.707058671616359935e-02,6.933187138457476140e-01,1.718215023556613763e-01,3.279715574065996536e-02,7.979201642052184962e-01,5.317370666316422190e-01,7.549899506657066217e-01,2.495807075565095456e-01,3.488168014135841766e-01,2.648156300612183878e-01,6.018938106733416893e-01,2.484648423915290505e-01,2.782356742413742423e-01,1.191333958521761716e+00,2.249877018482134283e-01,1.131320599849974018e+00,4.213870507367525886e-02,1.850385988035265494e-01,9.463971193604105991e-01,7.186630590936539387e-02,8.633737927268124723e-01,9.742610824771864575e-01,3.590344302642896612e-01,8.622544998233342417e-01,8.351218331286484053e-01,8.442386976481434102e-01,4.316022014923100447e-01,1.596280646935289704e-01,2.641237326337342872e-01,6.624604472172936909e-01,2.926733399559802717e-01,7.226347914692964336e-01,7.758623559570647643e-01,2.391456009177362063e-01,3.349643610368029378e-01,8.194771624336866234e-01,3.591073986070139057e-01,3.492405470943956702e-01,1.306452759163130029e-01,3.368081112029876478e-01,1.129905217187219035e+00,8.142556615810867537e-01,3.463059492567590464e-02,5.218080111051676129e-01,6.998409631233063477e-01,3.399525339586911277e-01,1.050427663423999958e+00,1.264700945976126478e+00,8.471213460117944516e-01,1.276520549498755708e+00,8.250440608170039880e-01,9.530088671394452149e-01,5.854743712444164805e-01,7.082594663664962265e-02,5.707232122642710292e-01,6.068166657807142483e-01,1.180049297879012693e+00,1.069214234543841124e+00,3.001074968455130776e-01,4.839374951839005290e-02,1.111171668739704410e-01,1.167157525447980904e+00,9.092333337137830096e-01,1.002436297526421161e+00,1.136500877318634251e+00,1.072540714820275687e+00,9.153228752930265832e-01,1.246407874582963426e+00,3.052412469872657907e-01,5.172993076053965522e-01,1.158844033288257025e+00,1.257959298375821655e+00,9.946115449410961595e-01,1.489724144726781996e-01,2.115666233602151933e-02
5.038734317602295842e-01,1.290231024973475860e+00,9.003720190749835428e-01,4.669650745838949679e-01,4.516568826267912118e-01,9.489619557670504746e-02,2.124790919240863163e-01,6.568053488144681706e-01,7.589219005301105492e-01,7.802080437132917767e-01,2.868053369685766851e-01,9.390321385573413560e-01,1.049352425283974766e+00,1.046497596678295450e+00,2.341555618142427753e-04,2.417121398414898981e-01,1.149771442887016715e+00,5.262343582793584940e-01,6.572675596232079309e-01,1.307685351150207620e-01,6.072937346694005090e-01,9.101367925376079304e-01,6.979380510007643368e-02,5.663690016610730682e-01,4.586909331486875296e-01,3.714461299778546444e-01,5.473587369595626084e-01,1.084083159687524445e+00,6.832129717488477638e-01,2.184249944940500898e-01,4.611182460810971384e-01,4.484987231323910029e-02,3.611575171910131887e-01,3.326492708103271911e-01,1.055626324914234138e+00,6.795115288937055020e-02,1.939554564219234944e-01,4.992896218594305296e-02,5.197671672465248305e-02,2.699061160547578386e-01,5.261781754108503240e-01,4.721467993527621032e-01,3.597107926660758626e-01,1.053079346411834871e+00,1.259844859526749294e+00,3.798957770137302847e-01,6.048871606024199821e-01,7.778466072472708381e-01,1.136657194079025851e-01,1.405135220628512815e-01,8.866922624854652046e-02,9.096079932670035895e-01,4.430948546682944023e-01,8.898109330611313483e-01,2.042059697399767615e-01,6.655869565595373682e-01,1.296502217347983710e-01,2.588523619215902238e-01,2.574042163523873050e-01,6.705944722946318715e-01,1.140693039668640107e+00,1.277037692883930875e+00,3.139365649080773091e-01,9.038922192523956012e-01,1.198249301716540316e+00,1.152036253249668851e+00,1.150236945416312218e-01,4.413745788980645846e-01,1.051694712342115645e+00,1.065945099564059584e-01,4.572723118886762861e-01,8.748842422513691819e-01,1.264206055193174860e+00,1.054091641366126098e+00,8.687023537360802905e-01,1.570525588260941463e-01,4.803234974898493159e-01,1.284894013099687315e+00,6.073132278491445435e-01,4.166889934399065076e-01,4.144868468513911858e-02,7.404933671904632142e-01,1.023765203351790332e+00,1.214014022353653965e+00,1.089301102679276267e+00,1.103638576353309642e+00,5.076373504922893076e-01,9.210281619844461476e-01,4.391884180521325454e-01,5.569939734249946817e-01,2.867979421539316662e-02
1.437051393777606934e-01,1.286612843631179226e+00,4.041391834121476068e-01,8.095697510503138128e-01,6.185840350098726903e-01,7.961361477388925190e-01,9.518190389694758391e-02,2.922054593201719314e-02,3.409278014412845392e-01,2.605455262515544712e-01,2.910136254817581869e-01,1.171915847856485060e+00,1.168887649217609237e+00,1.163880255424573518e+00,8.589428615226282204e-01,8.650761605369793328e-01,7.794649286469471638e-01,4.242784018574061733e-01,6.833012385261880706e-01,1.549035545136569214e-02,1.502045887479150632e-01,4.674084622599654626e-01,1.119403050346639450e+00,8.987471846696331035e-01,9.782666972170889208e-01,1.205236456867592620e+00,7.569156136039782989e-01,1.280313507755092228e+00,1.021325478743037474e+00,1.174098370967478377e+00,3.005023936654566685e-01,1.159824704749093660e-01,1.058787056136317295e+00,1.269332664006515676e+00,3.059082829946715987e-01,1.638422220456625389e-01,9.607403905029539004e-01,5.180370207972319063e-01,5.097480838549780513e-01,2.447654404116982596e-01,1.301751437957434365e-01,1.151527004268920740e+00,4.405934972496827751e-02,1.249770191219425675e+00,2.155422957368114401e-01,1.071780781535529359e+00,2.238480782617486564e-01,6.002255935668927567e-01,1.116796973674875515e+00,1.069299196485836616e-03,1.068179289792363429e+00,1.524183478445314821e-01,9.950691358172555900e-02,3.263299247433920636e-01,3.404168176563317910e-02,7.537285308321622912e-02,2.391254689095509700e-01,1.049918662225931110e+00,7.283475244681313354e-01,1.062854441387303117e+00,3.737863517009256675e-01,5.612984316497270365e-01,4.915837822850951389e-01,1.203385791750943623e+00,8.184555872860711512e-01,3.498805538719685360e-01,1.207913202199228486e+00,1.804925564149178763e-01,2.768296083955436582e-01,1.115371574282147532e-01,4.165464722042624968e-01,6.116604915362156003e-01,6.924023785856104896e-01,2.185676350426114800e-01,5.075797362032608007e-01,1.524735397055710373e-01,2.229234103328497363e-01,1.204816134834121755e+00,1.150432684467704192e+00,2.152184731089719083e-01,1.230757376066330622e+00,6.201989952573822018e-02,3.073852100969476017e-02,2.604471223476877428e-01,1.176569626878175123e+00,3.658936831416153002e-01,2.218675499653157690e-01,9.167367745378173227e-01,1.274423743706994294e+00,8.921490804895619853e-01,4.858906455714958050e-01
1.389102883485739126e-01,7.124608681023397727e-01,2.996817502323314009e-01,1.107891620397044363e+00,9.778471332764122614e-01,1.218358368439537820e+00,4.901364660537539386e-01,1.121028412989893974e+00,2.337524469649461187e-02,9.849814555926221793e-01,3.714360256170472913e-02,8.872167381880370352e-01,3.098218965025372751e-01,2.135210797825419504e-01,3.246818339753285848e-02,2.422278556960798523e-01,5.764514042076240852e-01,2.525314794782851369e-01,1.824035232331404632e-01,1.269109890969366994e+00,1.730494088903476169e-01,2.156343812958171069e-02,4.751079458662477717e-01,9.294979540847221333e-01,9.442566920279767961e-01,2.712013039966939543e-01,1.087840914194001973e+00,1.093730127140207786e-01,7.378169824797299325e-01,7.097053359728288102e-01,1.084688226991824100e+00,8.248235587400788438e-01,1.105033642382340808e+00,1.241335350035885687e+00,2.505274369669908685e-01,1.061626034779009770e-01,2.042333497705681178e-01,6.613626081731610595e-01,1.500996143493092128e-01,1.227845904818087641e+00,1.176493796093786015e+00,4.328732813004961266e-01,1.060862979891881830e+00,8.303098815505749464e-01,5.835047423265854460e-01,1.074915087241996803e+00,4.946142826096588396e-01,1.265663689741795661e+00,9.620416795167789636e-02,1.184632102184134395e+00,1.204771583949197478e+00,1.157711845732654732e+00,1.480694459742011859e-01,3.631237335712869663e-01,1.274149127998799091e+00,4.049591625247447313e-01,4.258197060257677413e-01,5.033189730332449444e-03,5.711186983143007323e-01,1.186569631892786969e+00,6.005936651019064820e-01,1.052630313667482831e+00,2.903698917370476917e-01,7.326074061562040107e-01,5.317743354235354714e-01,1.236586034258770228e+00,1.126280136270126631e-01,1.245491934652640076e+00,8.639666270789181368e-01,1.290600944307262576e+00,1.190209191927376287e+00,1.595281396487571723e-01,1.181474145169028045e+00,9.597332268885175321e-02,1.240121806702342733e+00,4.252947531454174812e-01,7.893934292817009757e-01,6.878684082759889407e-01,8.682330699686788833e-01,1.117506247508307071e+00,2.122586519443576125e-01,7.897972732552829278e-01,4.198231036779367931e-01,2.282370150436484335e-01,5.614413208597862637e-01,4.896345129020448494e-01,6.034755840636057966e-01,3.776392266778268447e-01,2.799872823794909427e-01,9.180677110319758194e-01,1.058128985893228707e-01
1.184202488457442470e+00,6.379022808292631463e-01,7.150194827956164456e-01,4.422876589204951525e-01,1.229434939302971541e+00,9.978188407596837450e-01,1.108067258932737387e+00,2.731522820683576214e-01,2.087727337204576261e-01,6.741705848887996622e-01,2.075021526404094152e-01,1.548833490878451513e-01,1.215582708656371747e+00,6.902264197265024492e-01,1.351114901900481446e-01,4.412619356995753361e-01,1.028945491436121573e+00,1.252323396728625415e-01,2.878506895918368502e-01,1.259353165287335097e+00,1.684475831099750132e-01,4.910428823334109759e-03,1.175523203990681775e+00,1.021280863612555434e+00,3.035586279755155825e-01,5.864709503764987675e-01,8.072460838800431526e-01,6.462059649902326952e-02,5.072366921534050554e-01,1.790048365371293970e-01,1.019203523372496978e+00,9.697206316160124073e-01,1.205815478709126198e+00,1.253332801118505646e+00,1.668961535656307837e-01,8.968217769541494411e-01,2.761631179201697872e-01,5.872365448231364748e-01,6.702750692895372842e-01,3.796424894464973110e-01,2.132024024826722208e-01,1.204115391372808652e+00,1.131753440383771875e-01,2.161910092527455085e-01,8.075531169045184754e-01,1.228678586685288954e+00,1.273482954093194008e+00,3.031299735473870771e-01,6.982040887854613631e-01,3.446508918926040610e-01,1.222232384962921081e+00,1.190764855171377201e+00,4.101237365808311774e-01,5.374199210183125963e-01,8.816323934121703676e-01,1.261256134771406634e+00,1.992559267565719161e-01,7.284221512484388705e-02,1.652953552590836692e-02,1.269023630993547869e+00,1.149293553938017354e+00,8.794765012201828380e-01,8.664689517831825061e-01,8.086879718880259915e-01,1.158332405647973351e+00,1.036879435209280276e+00,1.227242292955126879e-01,9.316708128560651225e-01,8.049584490703743517e-03,6.613830925821501117e-01,1.275975979162141671e+00,1.231229233552770141e+00,1.052304681402459918e+00,8.719607926929430208e-01,7.459751076501628386e-01,6.159600925730139842e-01,7.514210149332540833e-01,8.499016890807492564e-01,1.091482269651447012e+00,1.037381901060384859e+00,6.903609803669867873e-01,5.277682014727808762e-02,1.251623065977273963e-01,2.554697731755801171e-01,9.119155480374844247e-01,4.496086635451189140e-01,1.155921376932477207e+00,1.196970188064301749e-01,1.197751390103734659e+00,5.878093333691160050e-01,9.623098986558454859e-01
1.036496226345027027e+00,5.888095270321398456e-01,9.358794294970214367e-02,3.033196191962339583e-01,1.050307935389611869e+00,2.409266896166171457e-01,5.712729050704881129e-01,9.317070004904379754e-01,4.541824722279435428e-02,2.813111956247682510e-01,1.039536009246271986e+00,1.070647450658884559e+00,6.839250505320988022e-03,5.016812040534351924e-01,7.340281923897340466e-01,4.362326840751598600e-01,8.707410529704963098e-01,5.130030347894878329e-01,1.203158742242582679e+00,1.051240625723516009e-01,1.125364536637820212e+00,1.683210087986677372e-01,1.152682315668768664e+00,7.843477172197627079e-01,2.245145394827857410e-01,4.850096839830139034e-02,4.036473165798379892e-01,1.268262833249846011e+00,4.743312713625608135e-01,2.883646493399621424e-01,5.329277453627645489e-01,9.040382754406632859e-01,1.053861216265435718e+00,5.662378892893586979e-01,3.720076349849151809e-01,2.709166311481062683e-01,2.886519400975430250e-01,8.563085606608379363e-01,3.854088018702563345e-01,1.103620546557172677e+00,1.209158045048370100e+00,9.808079476386611928e-01,1.142122414600980518e+00,7.041258237549468113e-01,3.462663507225746673e-02,1.146967420297447138e+00,6.087727466780530339e-01,1.056674286557395703e+00,2.735353928834401982e-01,9.606880960703086947e-01,5.584194334346937599e-02,1.241485034966828133e-01,1.021537490985362062e+00,1.070495744695564744e+00,1.249336723247361364e-01,1.168066291253123890e+00,9.262616321587022750e-01,2.585306958863702320e-01,8.625731947002318600e-01,6.180709198356356682e-01,3.862028356971229370e-01,2.275790745281663363e-01,1.154025193034470043e+00,1.237256946964128135e+00,2.281256746095850219e-01,1.053164526399400280e+00,8.129105269352987495e-01,9.469288802994579868e-01,5.699138425307570532e-01,8.516896423948257938e-03,1.071670548574902959e+00,7.567636355237173929e-01,3.938597739041485579e-02,3.396229834885299836e-01,4.381255553859924601e-01,5.922241507916958803e-01,3.164166065465574551e-01,5.744745180691737119e-01,4.440232818150698924e-01,3.110936591775842475e-01,1.077853986410207909e+00,3.424060202722961632e-01,1.201019934281669865e+00,1.118326299180700589e+00,3.281510009968545694e-01,1.066746922356906602e+00,3.175202972598623746e-02,1.144265090083325553e+00,3.277776079329555985e-03,1.052998932080118744e+00,1.249641767920729674e+00
6.487650667009662309e-01,4.747655741433294829e-01,5.804665956014058992e-01,3.288604542422685628e-01,5.042236253909860855e-01,1.941766172303923121e-01,5.073513885421079839e-02,1.093592828740079792e+00,8.154932465220056104e-01,2.031199655453385378e-01,1.098475615775263314e+00,5.908208888270126691e-01,7.462205012767944012e-01,5.893018678786211551e-01,1.233018607053689930e+00,3.445626790751627477e-01,1.858929222072349952e-01,1.150779393949656670e+00,1.105955114297409780e+00,3.028533862802130217e-01,9.805830925261925790e-01,5.781149419371941489e-01,1.300691978339627713e-02,1.020314260154551622e+00,3.806183651047614913e-01,6.088217736748181563e-01,3.823026118294701736e-01,9.748063636046028213e-01,1.151609048729479001e+00,5.429379084707403047e-01,1.178018388770980307e+00,3.352359174903312700e-01,2.280098021077189285e-01,2.128860869674032222e-02,8.591647350636516522e-01,1.390452265337163429e-01,2.636940241814316743e-01,6.987110205981932332e-01,1.223953053623854315e+00,1.231420689690546078e-01,4.985617317736859566e-01,4.136869982338428620e-02,4.654607575802831992e-02,8.259032233090228825e-01,9.285367676378213364e-01,1.024301251039851923e+00,3.222794489862800676e-02,1.149677902920014372e+00,2.778383003156620346e-01,8.576119881135937373e-01,3.940492944348013005e-01,7.447176680118852143e-01,2.115408051440926390e-02,1.233244064329140466e+00,9.137041554746913041e-01,8.846008805679557163e-01,1.087988632942942235e+00,1.203497860226647287e+00,3.997602908992998749e-01,4.009095498638509114e-01,6.686618474270713541e-01,6.205950747184173499e-01,7.753361993754561698e-01,5.053360610663634178e-01,1.141102883521740941e+00,1.169557040620599508e+00,4.523318159997171128e-01,1.055778760400198912e+00,5.568748840455107763e-01,4.082288549375044928e-01,5.518904536402866046e-02,6.780355788427326891e-01,1.225230566161641388e+00,8.343379134273752884e-01,1.020126448388934404e-01,4.673505214273874220e-01,1.213145116293244730e+00,8.120661631839398709e-01,4.374583079413742470e-01,8.467705359630170459e-02,5.176681271525342826e-02,1.243721640253545369e+00,1.795324306628838240e-01,8.289006196288236650e-01,1.060073245419691723e+00,1.127807939637283763e+00,8.244862465680606878e-01,9.307273772613168239e-01,1.581708683632319368e-01,7.573995705040574844e-01,8.528657975222188048e-01
9.293256489643478835e-01,9.909515502193941838e-01,7.542311898584060925e-01,5.057813749084326682e-01,2.617775061180557250e-01,8.703925514398234142e-01,9.742109688462605721e-01,1.164780591552006861e+00,9.214632633166794928e-01,7.799902767310379348e-01,1.806139274883380719e-01,8.613649732192650843e-01,3.103737939958843839e-01,1.149185353508020757e+00,8.413941011699821448e-02,8.026809830830329562e-02,7.415189033839643118e-01,1.228633947014103001e+00,9.049813612691165465e-01,1.194541480733252170e+00,3.596859525580217709e-02,4.771337089022770761e-01,1.229207186759780468e+00,1.257140568182552265e+00,1.803662800201872585e-01,7.952701880298697068e-01,1.083124552267526797e+00,8.355030712656837943e-01,5.301927287256198440e-01,1.234130636818015381e+00,1.255956907923869936e+00,1.169594303432684029e-01,2.254106274609946059e-01,1.112722805913578306e+00,1.060182405248451948e-01,9.019318284438049282e-01,1.307677837213790106e-01,6.198333754034424103e-01,9.330482078656233691e-01,1.234749649871910160e-01,1.240648434742302575e+00,7.681870196581468413e-01,7.192095269586684658e-01,4.215904015967694013e-02,1.003911335535934812e+00,7.959063192058630776e-01,1.051317825243310633e+00,5.932470678328490010e-02,9.456973741706953263e-02,1.216560318708847399e+00,3.504307172174597751e-01,4.833159524159720832e-01,1.048710789611486005e+00,1.427388044815328938e-01,2.958268066787825834e-01,6.850567800365832127e-01,1.217310752285063469e+00,1.236514752865354838e+00,2.586555056018275955e-01,1.182459528651047087e+00,6.248102201425507207e-01,2.480686402213747033e-02,1.107091874077431815e+00,2.618756259418225651e-01,1.252500617767941415e+00,1.187706101878482245e+00,2.200443335362747277e-01,3.350403668389663747e-01,2.863084695038886074e-01,6.312545639282413079e-02,1.288791098731709495e+00,7.593668657139475142e-01,5.828937197550423249e-03,1.238886522480371788e+00,2.825605819044594846e-01,1.212854805301123884e+00,5.843654812547496302e-01,3.281872649774103534e-01,1.233234146838832340e-01,3.457604459955088694e-01,8.785344674887792804e-01,8.087829357745028869e-01,1.280508428949540756e+00,1.151483604996152543e+00,8.469671034826541378e-01,1.035565452341288717e+00,1.265320654766046049e+00,6.124250617412521080e-01,6.550417476941428063e-01,6.657524078945661339e-01,3.647270465668602246e-01
2.825156457111525632e-01,3.766908433954449520e-01,1.080970657181872685e+00,1.153805340451247996e-01,7.504237906208132136e-01,9.450773155677181236e-01,3.873256448626120618e-01,6.816314570773317483e-01,1.174261086356065131e-01,9.747464066633883262e-02,2.356691136629467387e-01,1.264641304801659288e-02,1.039166040211000785e+00,6.328591752323456943e-01,1.205504929319139551e+00,1.153816744757249158e+00,2.182239257359454565e-01,5.701548723578799688e-02,4.702593651594871305e-01,7.896765043513007121e-02,1.239321848602689347e+00,9.811325268241914976e-01,4.944050260435270960e-01,7.885560086817579029e-01,6.271614331910955187e-01,1.078609006842929485e+00,1.620329744747471268e-01,3.182122703910209571e-01,4.232592551607769482e-01,1.016032140306343035e+00,7.706993296030962837e-01,1.069339539346155554e+00,2.371346263485182848e-01,1.877010788271590291e-01,1.126482424390166548e+00,1.090124891810733576e+00,1.230618705856508122e+00,3.043380192814014729e-01,1.126524111865474520e+00,8.348053136980844169e-01,8.517617144696294496e-01,1.716757866428283985e-02,1.031428235035366514e+00,2.421620617203943671e-01,1.287972824958017348e+00,1.006967901376145003e+00,6.686302339464533784e-01,1.565173487327171098e-01,3.114649606031110740e-01,4.960011548232139966e-01,3.071976282316950524e-01,6.611822947874258505e-01,1.013562818510720831e+00,1.047583821007625371e+00,1.108305677746317164e+00,5.095859206024624388e-01,5.005244965529381806e-01,3.172496431308730047e-01,2.301761622880193758e-01,3.354619272587580081e-01,6.999020627976799691e-01,7.814282607891749333e-01,3.681237184774738269e-01,1.062914915234284940e+00,1.028811125396968285e+00,2.356958045737752305e-01,4.563804080405858832e-01,1.015578947787413311e+00,1.206616238628801380e-02,1.257882076793315873e+00,3.819726776978811245e-01,1.247069809390342288e+00,2.348689390376167974e-01,1.179300520038238931e+00,5.207444517529860040e-01,8.237585011793899792e-01,1.009615524919635909e+00,4.311610963891175374e-01,6.886489293785641452e-01,1.224484140765115470e+00,4.271272827920925136e-02,9.542419868849193465e-01,1.105704099865602252e+00,1.211347080013390975e+00,3.334558399895436454e-01,1.396360404379926312e-01,7.810632666506653887e-01,1.954084841113771509e-01,1.436029806177600149e-02,9.256075563049366295e-01,8.143985626485522600e-01
1.094092524843930603e+00,8.087077805801918817e-01,1.488120754534073276e-01,1.201534789036053930e+00,4.718444164686120407e-02,3.789403569926148574e-01,4.169653629208214807e-01,9.718080182931515543e-01,1.126219966255339378e+00,5.333807140967632421e-01,7.844317538487449726e-01,1.050105319289736272e+00,1.181688771419040274e+00,3.713582294168005782e-01,3.043104992188803704e-01,4.017723985798938302e-01,4.784801987005138368e-01,1.061815669122615269e+00,9.138305197379344991e-01,6.184564685803014411e-02,1.278421899191723998e+00,3.988800086904977227e-01,8.805915338271642911e-02,1.211912403223929902e+00,8.789778726543620024e-01,8.910257152981351236e-01,1.078878375916223709e+00,1.118141742685151874e+00,1.408554691361351696e-01,8.182801982751184422e-01,9.745018856132607876e-01,2.498197390494880099e-01,1.070272126985016614e+00,2.504172172954528559e-03,5.160129745579636884e-01,1.021674531548273590e+00,1.160915041853376461e+00,7.062143190712540930e-01,1.087715870038464594e+00,1.093224131837874813e+00,6.017712011207217992e-01,8.616918467592389330e-01,2.062908871621419241e-02,1.143492050611818245e+00,4.495731804058628600e-01,5.543011910687039023e-01,4.559476410480002295e-01,8.451365223130418158e-01,4.736212039391567430e-01,6.687270255333931379e-01,1.283821474344245983e+00,1.142330332107948654e-01,1.017881621988847352e+00,2.876905317054875288e-01,4.694906385953807049e-01,6.070475752117229229e-01,1.271977113685317073e+00,7.037557296165680709e-02,1.102809067911538321e+00,4.026935839481288748e-01,1.280317323198530310e+00,4.551089445010408907e-02,1.171789188803864068e+00,5.763190090892632567e-01,1.189985218160330538e+00,8.704012171622667049e-01,7.380324385534459131e-01,8.998291102487446791e-01,3.520672597147920385e-02,3.756235114056397650e-01,1.118515247806077806e+00,6.787630621412661380e-01,6.125304375372487842e-01,7.400965792083337158e-01,9.619812911675817979e-02,1.172100357088261768e+00,8.408588903149186722e-01,4.026571352021057204e-01,4.287124442381952116e-01,9.495107091867975857e-01,9.944338091735445417e-02,1.108231402742392957e+00,1.751637926763061903e-01,1.194779268542409900e+00,5.142216442922559194e-01,1.075843203015597327e-02,9.893186878001744011e-01,9.822189816139706986e-01,1.689721997471698434e-01,4.512678323732437491e-01,3.314280717405617138e-01
2.689379956085139467e-01,8.553790610457427945e-01,1.250598590721172743e+00,1.244410058000783970e+00,2.294412466457579625e-01,9.155817584876672077e-01,8.388907362193158690e-01,1.174889912827886240e+00,1.205981685877028475e+00,4.011858070175618463e-01,1.187651341695689922e-01,2.407407174338304923e-01,6.289994177543112297e-01,6.642485285064498868e-01,1.264209664078705275e+00,1.244076049552500951e+00,9.679021165864051257e-01,2.486457752141993105e-01,3.909409256884939232e-01,1.218998899506527955e+00,6.425963807275300033e-01,6.618778821655308953e-01,5.158389270088631351e-01,8.867749555020908447e-01,5.451345375262199866e-01,1.133106524789915470e+00,1.088454633609874600e+00,2.699424913090993083e-01,9.872179034322232649e-01,2.649007763274036087e-01,7.178092254065602251e-01,1.131063847658063670e+00,1.261052350492770424e+00,1.264137138050074327e+00,4.715053981001420813e-01,5.829512955806893659e-01,1.209450650068712996e+00,1.180920980214694938e+00,1.183356802808367636e+00,5.768767648241736046e-01,5.401892840761794989e-01,3.063785533284791862e-01,9.628563748220433371e-01,5.242453077877395895e-01,9.076290300234733932e-01,2.930780267852822196e-01,1.092607989179693595e+00,9.277877341046619764e-01,6.328134856432924282e-01,1.844033456824595851e-01,6.115309393590925291e-01,8.502478837884901441e-01,4.980566260502629627e-01,9.798010486483889059e-01,8.373593386842794264e-03,3.276152898028515392e-01,1.202992036154322930e+00,2.381665973777126466e-03,8.439212587865895232e-01,1.008932334877360004e+00,4.189781637658909208e-01,9.602973873969562479e-01,1.179941960575417781e+00,1.770101596710287606e-01,3.187043439715507298e-01,1.211746872425834676e+00,1.007297385019794600e+00,6.986555652032504504e-01,2.175373870747029925e-01,1.167194594708454991e+00,5.273864325056812907e-01,7.758805731853738452e-01,5.368578047438089529e-01,7.293693266173687517e-01,3.038858249049556925e-01,3.977408062090868612e-01,6.781920087900503713e-01,1.195461884363736349e+00,4.678125732252930713e-01,4.725262900918720810e-01,8.817246340811938365e-01,1.076878481562359768e+00,1.770458988818159607e-01,1.248399033484300480e+00,3.274292163970741742e-01,2.054077642406921533e-01,3.443587680220858704e-01,7.065081615658425074e-01,9.124919645759561604e-01,3.739165466591419240e-01,8.496786049004639851e-01
7.793805615356745875e-01,2.232299032936232996e-01,9.312878205994754577e-01,2.930361024016687327e-02,7.807151083346679510e-01,1.889804558964911785e-01,1.780331547303070083e-01,1.221463746916853221e+00,2.862524735435175716e-01,5.307374659026884399e-03,2.315185488541193770e-01,9.425775609876853312e-02,3.908110195846310475e-01,4.836470058570860320e-01,2.441923475143230604e-01,1.840206748133915438e-01,6.253972597370184294e-01,2.471769655116029529e-01,7.273580953568738183e-02,1.529655620110945968e-01,3.768239227546757442e-01,9.715635779970394070e-01,1.024052725493616034e+00,8.506927607298576666e-01,2.356282165843275045e-02,1.189180242043083036e+00,1.277961431652784974e+00,1.204782590830836719e+00,3.543496612709142179e-01,1.059139115711257295e+00,8.000860608730827606e-01,1.273609005948548978e+00,1.153715310755243584e+00,7.769258420164129042e-01,7.148844411765118423e-01,8.013807976795855881e-01,8.989457779136463822e-01,9.381684106513306087e-01,3.780391663063379371e-01,1.080719391726886025e+00,4.718656228373643291e-01,5.730448650896146079e-01,2.267702293118291634e-01,5.793317024620431299e-01,5.341021155217662297e-01,3.407136564555314218e-01,9.840174294988009995e-01,9.129040757856577981e-01,5.290342961619953766e-01,4.992687418925829783e-03,7.407998054969897606e-01,4.194261523933557334e-01,3.898474848954738281e-01,1.680316710442376349e-01,7.745973911962077407e-01,4.964729312110506276e-01,5.776709358673589589e-01,3.534013084047513131e-02,1.596899782368586262e-01,8.681636025222250197e-01,6.772974851011179798e-01,1.099834773151322054e+00,1.040649675573659255e-01,2.346660138016781472e-01,1.198218546913675686e+00,1.585439499494211701e-01,4.431981733997501505e-01,4.433127256162910923e-01,4.891352512493441634e-02,1.062905945984551570e+00,7.230500893548247321e-01,1.257684217305114371e+00,9.966544784662583201e-01,7.999597154919203534e-01,7.116338040774708440e-02,5.310780363332598952e-01,6.727743634361562641e-01,3.132873878758147268e-01,6.282429848888003709e-01,1.048698685675782949e+00,9.905194619777923926e-01,3.534319270007357100e-02,7.818812203431472208e-01,5.511422720600599179e-02,9.167514597720556324e-01,6.954213319257345205e-01,7.960965540470487101e-01,1.132679879097830300e+00,1.335670791902200845e-02,4.165835382045274260e-01,7.761370274702117378e-01
1.225949946430042514e+00,9.654355525708842034e-01,6.525227711669792097e-01,6.957586886991720676e-02,4.111421231208687299e-01,4.301954319667983806e-01,6.162444252677100609e-01,8.601170332139549402e-01,3.784098218246815248e-01,4.316044382623352438e-01,1.204150718906111583e+00,9.917911302937798546e-01,1.274598366835736574e+00,5.944224816327263738e-01,6.925561563375283169e-01,9.115946424749611365e-01,3.987634390158706355e-02,9.564348694264387385e-01,4.550906418366132966e-01,6.879523234247547636e-02,7.668265956358517876e-02,7.137119777778918595e-01,1.161285329099642910e-01,2.376830869374212951e-01,8.060717127160662576e-01,3.070814075720671998e-01,8.037246406604144078e-02,1.545230994336606878e-01,1.177369998772863857e+00,9.513979014729884165e-01,8.372406724392774668e-01,5.965830626372464751e-01,1.113200426732642967e+00,6.463544644124294969e-01,7.183359964395236164e-01,4.127622616957813406e-01,8.975883799338695290e-01,6.163255550312457531e-01,1.252912270247836135e+00,1.322057049544698160e-01,8.618627668443585854e-01,2.379250690431563564e-01,1.479926319275611316e-02,2.307046354925753051e-01,1.714209414643081113e-03,6.992602837919725811e-01,2.235091846017409900e-01,6.823788554803661421e-01,1.174253921608975570e+00,4.491689889781659284e-01,6.572513578575175375e-01,8.695679503663300558e-01,3.072925985011124017e-01,6.491328579854171998e-01,2.387012814831876995e-01,2.436350093013697760e-01,3.453800783183805789e-01,2.657851263817814520e-03,9.427731096040317116e-01,1.142527417751927565e+00,7.039851438743527368e-01,8.973601749610669864e-03,5.229072347773809637e-02,8.771334400235666351e-01,1.094924119882883184e+00,3.975019743300455266e-01,3.904540512432460586e-01,1.076451940125372486e+00,6.226867529779385180e-01,1.038351672274071325e+00,1.167900742321748453e+00,7.314956844221343069e-01,1.095577518245736570e+00,4.290972725978615260e-02,8.538981154136061624e-01,9.004430618983929602e-01,9.767710503307472925e-01,9.803802302238928679e-01,8.402029011895428834e-01,7.688713258121769867e-01,1.508489507047265088e-01,1.026443797512713196e+00,3.039321389968047127e-01,3.522471906447745549e-01,2.833925022420744622e-01,1.271514554221158777e+00,9.182267472640927297e-02,6.245157512159658919e-02,3.694702050188459763e-01,4.884999290474544287e-01,7.876743435002441229e-01
7.509202838895265852e-01,6.409174798072676538e-01,1.264128315947850689e+00,7.588412618810457255e-01,7.694760269971058220e-01,4.264250516839206973e-01,3.629799776327071736e-01,7.533921654950032076e-01,2.194571150234371493e-01,7.168184340139515109e-01,2.943564734511766590e-01,3.938300550542802037e-01,8.360880047454437580e-01,9.797281465534206646e-01,7.039625691886629566e-01,7.130695285466133182e-01,1.254280640454741302e+00,6.843230737480670012e-01,1.017491061218871229e+00,2.339144790688817976e-01,2.407290116419003312e-01,5.433970560267415983e-01,4.134146409638424502e-01,7.698877834259597597e-01,3.428376748182049988e-02,1.193769619404138504e+00,3.069459146958807283e-01,1.264300858316483200e+00,8.599293489697124038e-02,3.466922511557566505e-02,1.137495482105998823e+00,3.036998076121532608e-01,8.093566539109536828e-01,1.188075295655766084e+00,5.803538304172110029e-01,9.344399026808609676e-01,1.232897694111690035e+00,9.825062296940491047e-01,2.806074282105009976e-01,6.915538954997396681e-01,1.151832673994676259e+00,3.993750452937782670e-03,9.083396035948753111e-01,8.096384156523662723e-01,4.996261040953486332e-01,5.810329516973220532e-01,9.554557536888862446e-01,5.758135943567567194e-01,1.337171135622232110e-01,9.027780321950260589e-01,7.639960096605616924e-01,2.233438264125568451e-01,9.206702858572350934e-01,8.322380416434799200e-01,1.260518029720597566e+00,3.208948222783379600e-02,1.101563876182800827e+00,7.328834324215556528e-03,8.951937238261995500e-01,7.706167155391517865e-01,2.725981558273132266e-01,1.266138784639902815e+00,3.090013507177143959e-01,3.440884800938346366e-01,1.002665316106052806e+00,1.810361367117282183e-01,6.136329656605202798e-01,1.241180346311017368e+00,3.046932920512322451e-01,1.253705836065636792e+00,8.738204027418863262e-01,4.470936266877457155e-01,3.406460035353635063e-01,7.601611199517911421e-01,3.654895085203961336e-01,1.778623444019820574e-02,4.130501338545218282e-01,1.810768247278970733e-01,7.047488238534233007e-01,4.247687816364473234e-01,4.265099253706240712e-02,1.047046257450238382e+00,5.820607141673669327e-01,1.287374264732591644e+00,9.401586802264696452e-01,1.586091684373828192e-01,2.192684781040232789e-02,6.305768813434142750e-01,3.963415438125169055e-01,1.265202680483801467e+00,1.089600668662741079e+00
9.551661754369673574e-01,7.787687734339855672e-02,9.579683706143190536e-01,8.817179184429178862e-02,4.814883917431347915e-01,8.117341166687695730e-02,1.023523512137031188e+00,1.251846287645235423e+00,2.812076567002109728e-01,7.938784869614029516e-01,9.148433996487275177e-01,7.044619284603643727e-01,2.059112539868976355e-01,1.006565738086667938e+00,1.012074578497680344e+00,5.326102902436478104e-01,8.161063227938175624e-01,1.056786762879594166e+00,6.633649107043755322e-01,6.186765180191081681e-01,2.616682710739448581e-01,2.255218004733937631e-01,1.163870807257086915e+00,2.131098170535691561e-01,1.021843560903881620e+00,5.723669456241750053e-01,1.101329683024156569e+00,2.406016339905459878e-01,4.570188909019193280e-01,1.307488260124043400e-01,8.296576717829375891e-01,5.826756936933096265e-01,1.091841519323140997e+00,1.219064023163978286e-03,6.260991423952371182e-01,1.772125980375463816e-01,5.251846371441200034e-01,5.353756668153648590e-01,4.771529079795386874e-01,1.100058676669114499e+00,7.445951142584991134e-01,1.208932096737275641e+00,4.055234179077188972e-01,5.160664656624329716e-01,1.071560645886785075e-02,9.134550944434527420e-01,4.329009501717306918e-01,1.046673203592652701e+00,2.067902733719327868e-01,4.154236099611804400e-01,1.051293572826441425e+00,6.783423472500810236e-01,4.921851177383837483e-01,6.486567537335138911e-02,1.900397304873176485e-01,6.361427127484408084e-01,2.773722037486203718e-01,1.179156302483386209e+00,7.459714460460182828e-01,7.563917099738745042e-01,6.497554973093424557e-01,1.016526012130658962e+00,5.721060408665429309e-01,5.901862974591265409e-01,1.288903847648988243e+00,7.347542979921176665e-01,2.218757602861989864e-01,1.187748094879711225e+00,3.640177855016183406e-01,1.182253791536706400e+00,1.157381643095379831e+00,5.844976275173793118e-02,5.277031123847100158e-01,2.474749004091363891e-01,3.229451006600260743e-01,2.954728508069563442e-01,1.251794806509576974e+00,5.616977060730965476e-01,5.122373465639623591e-01,2.585311970089409495e-01,7.913100990806148927e-02,1.033699158506847793e+00,1.098347445530091893e+00,1.357534341041755632e-01,8.760691569610236096e-01,4.078483309011139424e-01,6.304877712874156215e-01,3.746103892788377188e-01,3.212931751324915597e-02,3.050967755673095194e-01,4.735444776841384318e-01
3.922826211940870222e-01,1.591906283561801694e-02,4.054868608979860789e-01,1.023474799539318525e+00,1.166017647365880539e+00,1.177557880408609640e-02,5.297118196018274494e-01,8.770755626272388472e-01,2.335696034448287162e-01,4.976211494221128295e-01,6.530265085548349058e-01,1.875683649555892618e-01,5.094914115996070914e-01,1.173014798251938329e+00,1.210507177890270070e+00,9.165070931082266448e-01,8.788719051485827105e-01,7.289949647538195021e-02,1.061966906717728643e+00,6.064012840180352804e-01,2.926645904738096604e-01,4.789427955762742273e-01,9.205079844932793076e-01,1.123740641769112925e+00,2.799129516402327766e-01,5.835195468185140344e-01,4.911327596386120403e-02,8.737858900474563262e-01,1.055508952021837255e+00,5.351667145271226111e-01,8.804778143251631439e-01,1.217786935848262087e-01,1.238593152200016201e+00,1.227603702292441090e+00,2.032704808392299736e-02,1.111451976345603221e+00,3.714198080231899679e-01,1.212092841862354886e+00,7.122583487402008862e-01,9.512384652098918592e-01,1.256623744754065131e+00,1.074117062430991254e+00,6.644016567095916148e-01,7.446094613283006369e-01,1.103355527374852096e+00,1.269270191450849294e+00,9.260378862344954554e-01,5.061927487419249916e-01,1.615376281912432044e-01,5.943126559640240503e-01,6.469875818585676397e-01,4.865286166135965873e-01,1.580405514617998497e-01,1.145145038529852055e+00,1.092983721907086592e+00,9.980197386397231529e-01,4.483680037713839162e-01,1.028776026793206018e-02,4.331754077836161287e-01,1.239119367900025637e+00,6.500623826264221305e-01,1.214029569534644581e+00,2.304501551985970731e-01,1.253901044171390700e+00,2.527122182760280222e-01,6.377786923889769977e-01,2.850637505727307008e-01,9.468592612644239903e-01,4.884739726882253996e-01,2.676356295856021639e-01,1.279521693285426753e+00,9.867054872841048985e-01,1.263834211685883391e+00,6.747455783755706982e-01,3.563616570267543193e-01,8.572893322246916137e-01,7.631035286653453653e-01,1.182027547944511092e-01,1.100708763322615358e+00,1.342994687497620909e-01,5.155674539837900028e-01,1.972296760663332649e-01,1.229662912489077664e+00,9.633392823304633146e-02,4.636479457413405503e-01,1.520451784464209033e-01,1.117488029062108090e+00,5.786587955584332477e-01,8.013375375366276199e-01,2.539604567229384324e-01,9.827751052815506538e-01
1.290768982763395689e+00,2.325052645247215888e-01,3.748419004827435175e-01,8.278505261625769274e-01,5.705286374551216122e-01,8.533177113918789525e-01,5.259682841016077859e-01,1.064111177957300258e+00,7.725331960073954507e-01,7.170976333312627515e-01,1.276570970286049711e+00,1.137924694867566533e+00,2.632677168266927062e-02,1.529108932062230308e-01,2.790620717507192317e-01,1.196839325347423211e+00,1.134838154600631643e+00,8.168632448950974290e-02,4.976467945756846145e-01,5.439796199809877608e-01,6.860784322241911815e-01,1.279577047417360225e+00,5.442503945432207724e-01,1.246616392339593427e+00,6.073097632508805965e-02,1.226238102674266806e+00,1.081265680357998082e+00,1.727830781895548992e-02,2.746967424166983918e-01,9.120407983186751277e-01,4.247682595900220681e-01,6.881191149379899397e-01,1.175943146718093080e-01,1.510583606451598726e-01,4.615639259081148471e-01,3.433862799260087306e-01,8.413266464775208675e-01,6.401565685976603470e-01,1.952942435427119650e-01,5.795828110158417479e-01,6.247793321081704931e-01,5.219307504415532850e-04,1.215499080855202418e+00,1.782607966477671169e-01,7.667115484980780993e-01,1.071965157509187527e+00,3.392259877552563085e-01,1.208398974507294499e+00,6.017539542844039246e-01,8.709784633962572853e-01,8.672565064037837668e-02,9.607505269475515863e-01,1.234598276746360579e+00,4.956555418442847305e-01,3.670421573967317386e-01,7.909206321106125592e-02,6.520738961874990025e-01,6.292155032227267908e-01,7.635882594578897731e-01,8.210755527082649330e-01,7.658382379831325526e-01,3.807442390011932520e-01,7.952260171672201894e-01,1.000914878920804885e+00,1.263549946666213009e+00,5.034214159684364809e-01,9.129899516651235336e-01,1.051669434679051829e+00,1.388610118247558534e-01,8.817922081551626823e-01,2.446665631571944832e-01,3.163755777591378826e-01,8.529293183285953095e-01,8.341736262335094354e-01,9.275327419169595577e-01,9.216310719320189859e-01,9.230987898902107691e-01,3.618139351016311234e-01,1.186235768779876132e+00,2.656666595012341370e-01,5.014899204071062710e-01,3.362849752981346418e-02,5.184112381886597509e-01,1.034522817433970454e+00,5.728327559940252778e-01,6.223012958394072425e-02,7.674917284910215409e-01,1.236541196767267037e+00,1.013335001206985719e+00,1.120813990563179763e+00,1.215497240251600219e+00
6.614434753567494107e-01,1.041869175157903005e+00,1.194309924446624871e+00,3.836665785100080300e-02,6.555982762354005677e-01,6.261830725438072287e-01,2.572314835040872549e-01,1.726598338182638859e-02,8.986000242634174517e-01,1.000789936026743598e+00,9.849805033751901640e-01,8.134408715862341543e-02,2.809286011707701203e-01,2.543959417662354783e-01,7.111264532944154559e-02,1.071965948896338672e+00,1.845218995984277410e-01,1.236039724764457004e+00,3.847794486958615590e-01,8.064180932565336857e-01,1.095019232502400408e+00,5.595275713834967357e-01,6.591516930642812300e-01,1.324652515456800905e-01,1.835428141308905609e-02,1.974748616847444849e-01,2.207215973426999989e-01,2.447601884100611067e-02,7.668777074549038009e-01,1.282137892951519476e+00,4.986683854505556679e-02,1.048668934992511292e-01,6.938287663563771357e-01,1.283857350364269845e+00,3.847957931352348204e-01,1.275604743286943954e+00,1.101972451435471623e+00,8.501994485664163825e-01,2.548114424055212268e-01,1.198406963147855553e+00,8.531613186097298795e-01,2.582912908435764376e-01,2.093937600807949106e-01,1.188274499742422607e+00,6.800677964672763309e-01,4.921026416139879789e-01,1.212177834110767627e+00,1.044475960094971789e+00,6.139008433539879794e-01,2.536248088876678075e-01,3.691440233442229157e-01,6.885615900073124296e-01,4.043327835920239033e-01,4.089233075830529529e-01,5.250732945678229791e-02,1.204967950158749135e+00,1.066807661384631400e-01,4.721832701387799341e-02,1.148537865233578009e-02,5.713005532609315429e-01,9.787952627117152415e-01,8.514950347451415436e-01,4.327456268622462132e-01,2.130555521380098419e-02,4.914580270194361944e-01,9.870642635583454227e-01,4.579668087566334811e-01,1.156278171339545580e+00,1.141633735044274456e+00,1.286631701056554888e+00,3.199927730379841795e-01,8.423353624394226413e-01,1.685143449983595443e-01,6.686354487106118683e-01,7.006407487164475478e-01,1.986003898495311646e-03,1.820365263682042489e-01,1.416078389811638305e-01,5.166199469797625593e-02,1.059353432571861431e+00,3.099111800206640899e-01,4.381603970503265555e-01,1.178432304006261866e+00,1.077585523282426488e-01,3.354466405516276506e-01,4.503618676779569396e-01,3.772612378022575652e-01,1.004044702132320666e+00,1.504885424151922724e-01,6.621302401531181658e-01,2.655712698687048845e-01
5.751654295605139744e-01,1.045632240365957033e+00,1.402796599121091392e-01,4.207447835436676220e-01,1.273919333784896635e+00,2.270523125638236883e-01,1.078010233195137335e+00,1.083965854130239936e-01,9.538776528068257377e-02,5.495161009354880832e-01,1.187193737224813139e+00,6.042722935543056728e-01,2.350092946113954695e-01,1.135687136069236214e+00,1.218709139500297800e+00,2.427765984532024302e-01,2.841195622215121896e-01,4.540738508633591214e-02,9.602854245405419986e-01,3.925625997273616274e-01,1.182213084271354520e+00,2.159943228632274503e-01,4.841792735976773177e-01,3.922408053391823191e-01,4.141583966128181138e-01,1.149678522947581216e+00,2.217937754839469366e-01,1.179453375961773354e+00,1.244739552075032840e+00,5.756678994193772381e-01,1.047253101171242040e+00,8.602103068246759188e-01,1.541144399836658248e-02,8.548456392325311237e-02,4.551551190255557211e-01,1.182274630929261994e+00,6.506910458604813208e-01,4.747471082667743536e-01,7.421926243218908148e-01,1.238020133917181687e+00,4.722950174872314055e-01,4.379411416376491339e-01,4.451165808399870638e-02,6.599164489202141715e-01,6.955125436061537769e-02,1.003540655949527682e+00,5.772236650434756644e-01,1.271267031950405357e+00,3.118858526609285531e-01,2.563264344388573313e-01,8.123256326856590492e-01,6.618495921246526636e-01,1.260659816913516140e+00,7.160367808554004565e-01,1.066884499784386264e+00,2.149435383201314664e-01,8.088789140498084951e-01,6.069042417732627426e-01,1.757076091717128807e-01,7.780587443659320313e-02,1.067912930582372910e+00,5.544992967068638201e-01,1.124377532448262329e+00,4.425765905471260031e-01,8.866031644531071620e-01,1.014999281246643376e-01,5.798342796438399338e-01,2.954304663922386331e-01,9.440886856442733954e-01,1.825336206908474146e-01,9.091473348059523341e-01,2.983105176667728009e-01,3.607394988636134503e-01,1.152567814155391224e+00,1.047668383277334581e+00,6.304903658425887736e-01,5.758061277995147470e-02,2.742267660428973630e-01,4.691488060411196925e-01,8.299332666595614361e-02,1.072833372713094757e+00,6.690636933014849630e-01,4.416248473487048298e-01,8.076581957169036707e-01,6.045410304545186797e-01,1.003952473368117243e-01,1.049749035970243716e+00,7.505910198022268387e-02,1.497191599472744439e-01,1.206929442913881712e+00,9.663168068369404340e-01
4.518169756104709611e-01,1.032017948488634262e+00,9.647631431625394716e-02,1.001207317785036688e+00,9.097996217999096968e-01,1.088933777689416571e+00,4.688129639515062341e-01,5.557766079150960881e-01,1.590471044088164754e-01,1.126674049936845057e+00,6.077178200889432613e-01,7.842510903622690321e-01,5.663534279204288785e-02,7.306557509323587940e-01,1.842662529923454473e-01,1.284144704215073096e+00,2.018838294929820032e-01,1.124855818502619398e+00,1.115146530067276487e+00,1.639054083582049126e-01,1.170150097385532106e+00,8.200676230815069356e-01,1.063754074918361159e+00,2.621719306688164997e-01,3.415913048326499335e-01,3.770967718260171964e-01,6.340091222764568935e-01,1.248326396453159015e+00,8.448485024888151562e-01,9.383981549470645778e-01,5.482557975470722100e-01,1.011467799228530806e+00,6.221295821618577637e-01,1.097774476360739160e-01,4.806573825022248947e-01,9.528857202745554256e-01,4.179054356681760618e-01,3.270328582874138523e-01,4.060556869527250368e-01,1.179078549485953253e+00,9.610438998796414500e-01,1.949850043430776669e-01,1.028740496563729900e+00,4.193158584239236597e-01,1.785615215630595165e-01,7.684950323396096128e-02,5.579943193805458196e-02,2.770107943731874023e-02,9.913696639540099387e-01,6.303700068744566565e-01,8.894128042669312284e-02,7.581748771436437329e-01,7.262331915893093237e-01,4.255522825687950150e-01,7.260849688951934722e-01,8.818879924740488097e-01,1.126300322524372177e+00,9.866708931921296111e-02,7.139129331498753617e-01,5.124820312196964184e-02,4.189923982536419844e-01,1.156135776996991105e+00,8.168391310196192467e-01,9.188030683262780052e-01,1.735757933909354983e-02,3.538289101952292459e-02,9.874870730246173567e-01,1.003920128393977818e+00,1.216137001325677369e+00,1.138279929585913203e-01,1.379731973786048060e-01,5.164994444386447059e-01,2.608731508681267353e-01,8.515395871628871349e-01,4.896038115299101157e-01,9.667532973617831704e-01,1.223518173915102147e-01,4.065263996418992387e-01,8.470621741186317166e-01,7.468349843434615720e-02,4.908189718910683785e-01,6.232322028423843419e-01,9.114759618977610334e-01,9.783962226641543247e-02,3.066520986000584661e-02,1.074160301732138612e+00,3.986942450660209414e-02,1.063383156488409087e+00,2.243582277172671835e-02,5.859528743353833447e-01,8.351016327226016278e-01
1.268064761810264285e+00,3.344548067515262235e-01,1.071383043834111870e+00,2.515976398112391155e-01,1.263301326258885693e+00,1.112037090761450742e+00,7.201464419983263365e-01,1.134566073177755818e+00,1.064939626555827079e+00,7.462524976237021601e-01,5.287868893934314363e-01,1.023997377056898861e+00,1.032745413353471031e+00,3.463188199596307082e-01,1.062085237383892711e+00,8.313288931467371912e-02,9.914490843249249563e-01,5.026601019184233632e-01,5.121561951073375640e-01,1.047278430498286506e+00,9.952141111179739763e-01,7.594523498922882698e-01,4.520408507515171759e-01,1.063713479631054337e+00,5.611995443973208375e-02,6.330232429630915370e-01,1.278304158117656630e+00,4.937758777908671237e-01,3.297681309921177695e-01,1.000448851577656839e+00,1.456950508321015192e-01,7.986115062834553413e-01,5.480361239738763546e-01,7.212424364864943038e-02,9.943569299372992942e-01,3.058307335387767112e-01,2.868180557208099279e-01,3.024100379830745866e-01,2.352315838087110922e-01,5.721512036835701975e-01,9.586222051769609509e-01,7.387953703694291052e-01,6.434360528948919189e-01,1.210623297230880580e+00,8.279338525766817281e-01,1.127512275664352748e+00,5.486428552595286334e-02,1.208935386737435946e+00,5.759091304532047983e-01,2.960456966000290513e-01,6.388039530929460197e-01,4.628128258663249395e-01,1.391283102359981150e-01,1.220812156240779434e+00,8.745652334847394682e-01,1.228242389443676474e+00,7.581102848719901699e-01,1.581358921250539673e-01,2.733693084341362045e-01,3.581497199747434718e-02,1.503285283296854624e-01,6.514096783727882922e-01,1.283177697977821996e+00,5.496589789653905100e-01,1.278309185311309770e+00,8.627738440320180668e-01,3.651312938296719102e-01,1.024908141044844179e+00,1.095604625387203823e+00,1.221425441565719083e+00,7.630000498004184672e-01,6.924163476908780368e-02,1.235142510411073147e+00,2.689696541283197462e-01,1.245380654044073498e+00,3.779337226669234329e-01,7.112032169660027769e-02,7.466881075696888415e-01,8.089073258946001266e-01,3.503273607812968926e-01,8.716318678147114141e-02,1.225859726194267640e+00,7.267070472255955371e-01,1.003588517689352422e+00,1.247482234580056026e+00,1.227251833182794627e+00,6.433187086254973375e-01,1.274852945799963555e+00,3.330433322677502916e-01,6.038435325790662001e-01,3.957449560792390963e-01
6.789324628593930155e-01,5.051317855585062411e-01,6.672429174636070881e-01,4.630126764854547439e-01,2.189164111492570286e-01,1.070059446287277227e+00,8.521738679144888473e-02,5.200372930170191754e-01,9.958897563744791848e-01,3.006099257554530335e-01,1.187393620300113861e+00,5.379506953979629191e-01,7.083015599276037966e-01,6.743219988227583395e-01,4.417687399148691463e-01,9.714112423971347221e-01,7.311746852486007420e-01,3.862965028766724568e-03,1.010187154291172673e+00,7.028817128971194261e-01,1.086230053574788190e+00,9.796451531998086049e-01,6.676636187641252773e-01,1.155718633124400041e+00,1.954036171462192328e-01,4.183706676946300496e-01,8.942462864321680804e-01,1.283691289150072246e+00,1.125553360237087519e+00,6.949244547251764992e-01,1.105999650263837619e+00,5.861033247722949868e-01,1.238021518900166873e+00,7.377195052791799545e-01,5.619506618761230810e-01,1.098626899734473694e+00,3.140695159966437333e-01,4.701787403141747257e-01,1.135224367895142361e+00,2.885468980547422624e-01,1.278640626842060923e+00,1.000239692432220107e+00,3.675922342953035771e-01,4.350970478984235168e-01,1.094965416448961726e+00,9.988595902385881686e-01,1.380479507401509431e-01,1.843621019376449344e-01,4.897620222359799769e-02,6.637315335169970965e-01,1.775330757461660025e-02,5.990952514480535340e-01,4.732843552854524294e-01,3.423046986516172785e-01,7.982892347408538924e-01,1.190538025164984859e+00,1.231586629657344778e+00,2.154152920356714462e-01,6.184440786546400171e-01,1.169218269447438452e+00,6.092257853253921218e-02,1.182823275679339758e+00,2.879774790211972468e-01,5.222003261418380893e-01,1.027319832578416525e+00,7.317059238407079558e-02,2.823634729470053673e-01,3.028258414865714343e-01,2.029900438799554230e-01,1.107237542510955963e+00,4.245259393594976172e-01,9.433460706782054173e-01,1.091575376187008617e+00,2.787858224856413769e-01,5.061559380679678810e-01,5.201912104183862295e-01,9.424507888613431472e-01,2.840421885686581285e-02,9.230732538349699645e-01,3.511377314984263642e-01,6.304785054835744251e-01,6.668657708313010524e-01,3.699331872047070813e-01,3.033974918421750155e-01,7.107249487531456245e-01,3.699848128236134515e-01,8.631164300544060808e-01,1.170843082088282916e+00,8.725475398120050574e-01,9.067216844283682020e-01,9.798064030451855699e-02
2.701665086779539426e-01,2.344854415214872589e-01,9.177064668310288553e-01,9.396346877291893440e-01,4.406076546248872683e-01,4.898385832656313443e-01,8.420016630030320581e-02,9.906629882572857149e-01,1.017049396556211072e+00,1.695973773033558965e-02,1.362009856563542176e-01,7.370967309600362505e-01,4.077951823806081899e-01,1.417860515677818456e-01,7.697435775691259252e-01,1.062653356538000748e+00,1.288106110742873289e+00,9.008341161171731226e-01,8.312550437640341405e-01,8.064432353444167534e-01,3.967605648253054451e-02,4.801704806874284581e-01,1.040374081861068500e+00,6.241144118618958680e-01,1.379660575283853975e-02,1.182182344938792262e+00,3.878894989058563614e-02,1.231452612875910235e+00,5.015978516496543138e-01,5.647205971241072708e-01,9.647720062699750576e-01,1.139092280793967848e+00,1.233977633034978982e+00,1.137959866369469442e+00,7.365810904391124035e-03,3.902853085727841509e-01,1.123595252588076132e+00,6.699795386535167818e-01,1.284373365573017622e+00,9.344503755908419862e-01,1.236366523634961245e+00,4.110505391799197383e-01,1.278480011573666975e+00,5.012501009547332131e-01,6.322565325761358990e-01,4.313879015109089998e-02,1.031222387629953108e+00,3.415306335228340262e-01,9.670550254395647860e-01,1.003276780059260576e+00,1.947090782554613264e-01,3.639234752716635768e-01,4.511361693698726638e-01,3.952093533381927370e-01,5.568976870309403360e-01,8.034929677169427853e-01,5.751125748247839509e-01,9.815978300746353025e-01,2.348912492691941356e-01,1.288775631870296701e-01,7.470610627279619109e-01,1.504355260188217358e-01,8.321958415945777121e-01,1.198088320551500940e+00,1.163647627078821412e+00,4.164304517371190117e-01,1.732006346298571586e-01,1.149566802220411077e+00,8.246807804711574486e-01,9.016994956546663387e-01,3.457291219581284936e-01,6.928116608329504267e-01,5.342806362914920282e-01,3.568483954289684151e-02,1.226880558302681085e-01,9.334473127737397125e-01,3.278970527427819137e-01,4.487412537771674481e-01,6.603681926709055183e-01,7.866720504102110434e-01,2.165952381576813912e-01,9.936666568578883529e-01,2.960990405094560685e-01,8.385300416044548788e-01,5.725832113489192077e-01,7.360194171719334211e-01,6.928603868822184042e-01,6.337441348441189004e-02,1.633273699281987679e-01,9.639821410966115112e-01,2.193227692346865487e-01
8.465787743752537509e-01,4.304283913683933926e-01,1.104610362308486637e+00,4.995577789404142405e-02,6.096533328946722730e-01,6.297628262554186840e-01,1.120814767725677230e+00,8.344222235043252667e-01,1.124906699162586676e+00,2.285102516075968038e-01,7.740090473780568692e-01,2.271412923602379452e-01,5.279687859409152306e-01,5.130184922687240634e-02,7.760239546084916062e-01,9.217054248988147958e-01,3.542670786641236025e-01,2.323358439396423780e-01,1.724693933930151468e-01,1.291438370408138636e-01,1.164803717225533886e+00,5.861332395819927044e-01,6.604153329352132618e-01,6.110520238123493680e-02,5.120534100873666006e-01,1.112740416645130903e+00,2.048178033556343203e-01,1.188675110699390247e+00,4.803649852436888551e-02,7.647530627128705794e-01,2.146256861963472540e-01,1.227085063043813706e+00,1.289618568439871327e+00,4.294430030340973259e-01,1.185061206191996952e+00,5.910653961951832791e-01,2.656691204001215278e-01,1.192086802910563792e+00,2.678387214841880248e-01,8.546944408974358476e-01,7.284113852001335154e-02,3.821133457208179818e-02,4.844324914247850056e-01,1.673333244893474292e-01,2.978226202905395192e-01,1.188240218722158126e+00,5.889697233976070034e-01,1.288556596194139425e+00,1.247756909793340752e+00,1.244529421107122946e+00,9.697379190283994532e-01,1.140768347297549612e+00,3.245597505263080884e-01,4.583364020667526351e-01,7.924953567038850455e-01,5.364776603209033823e-01,1.007236373161694454e+00,4.233175943384645534e-02,1.219187075176497020e-02,1.227150516269345459e+00,2.844871192604810362e-01,8.354903197754982580e-01,1.048471299225719688e+00,4.839293863358015702e-01,6.786151216905765837e-01,1.553602831670578277e-01,1.186307204038928864e+00,7.642504530551759157e-01,1.172996338980550890e+00,1.275806226898066553e+00,8.375869746783436431e-01,4.279104629624040645e-02,1.264289000124041218e+00,1.563403660000679540e-01,5.667638622425510420e-01,7.669153928372786366e-02,7.609415691369134649e-01,1.080979155330479058e+00,3.184166620980971030e-01,1.184627182039270199e+00,9.992218843367968173e-01,4.597894309159941684e-01,4.520981157425625896e-01,4.917717584116721441e-01,5.896581743015689298e-02,1.200165073977176533e+00,1.235406036987073630e+00,5.069669656474745656e-01,5.711025511836337332e-01,2.625669251259733494e-01,2.332313922877841394e-01
1.224195293327279055e+00,6.221258606385525747e-01,5.843663860009213895e-01,1.217563875135716511e+00,3.866775681568495604e-01,8.133885054873088993e-01,1.263231375868136830e+00,1.134321375865716242e+00,4.886481150364538339e-01,5.334363696872170685e-02,7.869978832691240100e-01,1.143521692851027671e+00,8.089861775826311385e-01,1.104404535946146959e+00,1.097682235928108208e+00,1.150044952643341611e+00,6.421054651225597265e-01,1.308264646483633387e-01,5.849347692929786069e-01,3.047014486288206481e-01,4.986097936647247431e-01,9.863217637405855553e-01,6.911117574718752543e-01,4.308732228935210351e-01,9.532571583695054196e-01,9.722330547528703626e-01,4.307426948752687279e-01,3.441123183727063939e-01,4.079224589016080538e-01,6.419647360791402857e-01,9.296790173969158300e-01,1.944386752794699524e-01,1.284631919887334828e+00,3.494375762736627866e-01,4.967405403854361357e-01,8.452336326508598230e-01,1.001257490654522408e+00,9.131438157848265069e-01,3.246970287640393305e-01,1.167884351088592121e+00,6.269811418747652798e-01,7.724041416642823954e-01,1.240186431721163274e+00,9.311998601162700950e-01,8.406712152763198276e-01,1.141371532967898395e+00,1.248943104526815777e-02,1.146771259219475869e+00,2.471307268806621493e-01,8.114886337322743670e-02,1.154666939831353600e+00,3.257491385085886648e-02,6.043207348534766071e-02,1.096906759156037525e+00,6.511069899818336948e-01,1.030196333584021184e+00,1.071315262580553984e+00,2.677035862678445732e-01,4.904154572944621759e-01,6.682654949121904497e-01,1.003618686205777211e+00,1.288714783636831562e+00,2.963113602116355660e-01,4.629666670478797541e-01,1.089224226636845483e+00,3.095140583211691485e-02,1.192792569186092777e+00,1.105252925651857426e-01,1.542385496018118356e-02,9.621340274616840826e-01,4.062580636967045855e-01,1.262304092182573445e+00,1.245195054262055567e+00,3.814505174543947330e-02,4.391723873456062494e-02,2.766178651414863410e-01,3.352724197177289756e-01,1.093500272027609244e+00,1.082835384808650936e+00,1.436791105683326575e-01,3.222496278783262141e-02,8.301287134015448155e-01,4.603995146238136216e-01,3.542828558352507096e-01,1.062485693280351695e+00,1.632099721123928260e-01,7.250608788150948447e-01,4.399902143277644728e-01,2.661151193710041829e-01,3.623914768226252914e-01,6.751551877357393483e-01
5.337222893993995854e-01,2.827936168448996757e-01,2.690867139312302370e-01,7.858112423939228597e-01,6.626882841267798252e-01,1.147387039605257397e-01,3.217014650710973700e-01,9.544682967280194719e-01,5.322841812415481932e-01,8.925630490437604925e-01,3.042543469388513389e-01,3.773702446560293217e-02,8.084535629433493853e-02,3.762376615005330605e-01,1.075384023485365548e+00,2.299099012061560643e-01,7.538441322827766911e-01,3.248290816769563438e-01,9.485755271402545041e-01,1.254154235198907674e+00,3.935420815245210813e-01,9.140575422755741197e-01,3.307347300993017103e-01,7.550844522391210178e-01,1.288775971165884160e+00,9.468789580667017480e-01,6.117386997862354070e-01,8.356249052340128936e-01,2.262493156104862790e-01,4.512192491541118788e-01,1.249054166960599010e+00,5.818218561556837143e-01,9.876381897877738458e-01,2.599069591307702834e-02,7.299019349430387049e-02,6.903456450296622249e-01,6.810214126137850710e-02,2.561095299615429033e-01,5.176544330817411943e-01,8.459272076464488532e-02,9.991325888892595986e-01,8.314287742402443060e-01,7.339989326938343162e-01,5.118795608185378737e-02,1.031260846519271412e+00,1.026340586561535595e+00,9.968221530265834740e-02,5.120728476409448504e-01,5.652439632643402323e-01,2.464968150861188978e-01,5.667854320668657131e-01,4.361159020945946929e-02,1.061423667311016450e+00,1.180906568973860482e+00,8.942661875676471972e-01,8.333790226190049832e-01,1.013435184536531919e+00,1.009746982554344261e-03,5.555823875980792081e-01,5.240957591766770562e-01,7.096574346736214123e-01,1.419236308290660331e-01,7.966161384339724705e-02,1.024380029187082153e+00,1.090280107251800495e-01,6.977219469257052165e-01,1.693119801311730732e-02,1.206084411357417840e+00,3.346004216649384744e-01,5.033940500061216961e-01,6.566972849548808888e-01,9.118996313861645053e-02,1.005529220062834073e+00,6.926972341102807240e-01,4.270257580178039580e-01,6.698347258573719154e-01,1.077573475672252812e+00,1.130671488308657713e+00,1.066544430820585365e+00,7.607335328096791471e-01,5.608978132496392766e-01,1.119095055745320089e+00,3.032202064504716521e-01,6.212628454952571211e-01,2.454292453265999041e-01,1.160311012903338046e+00,8.112873807299135764e-01,1.072407886137271005e+00,2.597004681202333964e-01,1.034557011185212261e+00,2.556432952689397832e-03
5.306639938910139020e-03,6.309572514228760642e-01,1.029248608706227613e-01,8.096070044787233577e-01,2.231072093655994404e-01,2.575497821345048011e-01,1.281502205792628413e+00,1.038099759536466715e+00,3.650634994458952787e-01,9.980221093859918957e-01,2.446328209204675641e-01,2.290657392260033731e-01,7.430592029236178231e-01,1.105198076659399620e+00,7.543281653137388076e-01,8.061885409942864955e-02,4.813879982605588914e-01,8.501449922235898571e-02,3.840920256851351744e-01,1.162450508036421803e+00,1.573060485246439988e-01,7.546849873667005326e-02,5.255270071337058563e-02,4.918249903448044247e-01,9.174727199944663347e-01,1.142593160307567857e+00,8.503626247316711240e-01,1.169136319453107253e+00,7.421311867101675341e-01,1.265819000256271920e+00,1.193525298757763364e+00,1.032849751007127059e+00,2.851680966190313082e-01,1.021057284097419027e+00,1.172024902265435875e+00,3.733302101051276245e-01,1.169733604860328624e+00,4.506812174262063708e-01,8.565164810508535398e-01,6.829669055932082733e-01,1.259298663286528619e+00,1.069203774104359850e+00,1.714550655020718462e-01,2.544086337897917272e-01,3.378117868931888590e-01,4.213305813798615129e-01,1.007474704662826737e+00,3.107188380189896959e-01,7.293305078224832094e-01,3.309855341418569963e-01,1.228685973856815883e+00,1.277403153566877281e+00,5.640237129269400906e-01,3.549708234169431376e-01,3.746271699317725301e-01,1.165003430441357457e+00,1.221166467001576494e+00,2.709993074132341917e-01,9.895074625390292145e-01,2.015907457100914527e-02,1.150749540177080865e+00,7.311202105248079119e-01,2.286229740456375004e-01,5.719869740238869849e-01,1.706812140668218791e-01,1.055926521725703837e-01,8.207711400446598971e-03,3.964701443020379745e-01,5.287626225808668146e-01,3.854278551437926442e-02,1.037895087492594515e+00,2.635937230889764393e-01,9.084733966175279063e-01,1.153450022388022023e-01,3.809250397509105768e-01,1.983853066183765331e-03,1.098602045869417232e+00,9.735718886774660241e-01,1.061452208858858270e+00,1.140741560835002444e+00,8.620807982657292534e-01,1.131626208385662524e+00,3.872430539059676935e-01,6.012825591915137435e-01,9.994329194325215493e-01,4.817501556135722618e-01,6.628759297486237489e-01,8.113403209866799637e-01,7.401425890271389196e-01,3.712384760416490015e-01,4.982279739890581594e-01
9.992305601287279071e-01,2.342575555121525210e-01,2.928834470250685218e-01,2.151018827895211649e-01,5.012383575119299106e-01,4.089887024570967311e-01,1.173012961467496451e+00,8.129390506024122276e-01,3.336901064650212856e-01,7.866469504856810069e-01,4.417525572159813341e-01,1.134404927418027453e+00,1.022704444189473261e+00,4.758029998332584110e-01,1.220576525086361608e+00,6.661722967399982299e-03,1.206750079682577859e+00,3.482632700444195789e-02,3.063574101764993118e-01,1.197193931108513798e+00,8.760847428084471422e-02,2.861341533243887403e-01,6.581977837827193700e-02,1.047604743093695889e+00,2.597384242253540920e-01,9.575052491978014446e-01,3.086973420310645255e-01,1.252803053922267651e+00,7.785417543701397824e-02,4.782601846876054219e-02,2.869059947424480034e-02,8.651282438667942110e-01,4.846662427993917444e-01,1.175621752168869438e+00,1.020045870330733295e-01,3.720968589476204014e-01,1.159186188506402981e+00,1.374693224562288096e-01,1.441363096447671743e-01,4.687759740430501587e-01,1.030804709907726435e+00,9.272610150705323795e-01,7.548653555884338173e-01,4.901531097494501998e-01,1.285235688914461605e+00,4.415223248821232294e-01,1.207011963975685775e+00,1.269147528826815918e+00,3.591676271693633460e-01,1.218382246864576635e+00,8.491052012809532368e-01,5.135472533639083847e-01,1.109383710670865941e+00,5.710036249037241281e-03,1.128550235351565290e+00,8.863030144180658043e-01,1.278325643680588541e+00,2.080945639170780348e-01,8.809949728603292396e-01,1.764360521704257459e-02,5.539588816670807381e-01,6.109870426745250827e-01,1.214799395337087029e+00,9.987466657259529423e-01,7.393484301487122934e-02,1.110129041864715616e+00,1.659123430604614313e-01,4.140371934606347226e-01,5.396931047449355853e-03,2.821373199160162170e-04,8.311971217508521415e-01,1.058846289603734947e+00,9.922381540995397486e-01,1.901563664109255369e-01,1.340797321666443165e-01,3.378677576771402791e-01,6.827182288145432487e-01,8.219400363481821348e-01,8.698236924101656609e-01,7.270015717236399944e-02,1.204274138554213280e+00,6.580778517893058899e-01,3.197837251470498354e-01,1.925342033191076441e-01,9.293845627213549454e-01,6.710602506484520946e-01,9.142162195160830063e-01,2.406987070126891393e-01,2.686327992495805006e-01,9.503967518549852889e-01,4.235462455063573328e-01
8.899231724406120314e-01,3.651670368481823581e-01,1.266529505446595261e+00,1.456545736986243622e-01,9.296453204488335231e-01,1.189035118457711260e+00,1.058460419198117286e+00,1.071928526845786545e+00,1.142784538142342265e+00,6.784754597780177088e-01,1.134732790503709232e+00,3.529358646154275858e-01,7.444350786826029465e-01,8.089695128463947338e-01,3.197160384867618887e-01,4.671147046813990400e-01,1.006421243065542148e+00,5.473387100088786261e-02,1.042653014149990343e+00,1.227246592858023622e+00,7.558503651790472455e-01,9.127154859827499855e-01,5.077954968420264059e-01,6.409209952744970851e-01,9.819528409484390430e-01,5.834982145192388892e-01,2.222894992390160862e-01,1.629658075796716898e-01,7.772572130240150701e-01,4.646589062624785216e-01,9.938606236867675303e-01,6.978097595979269041e-01,1.139196394149769365e+00,9.050424340817216917e-01,7.551929045004039942e-01,1.166125264569188927e-02,2.554155945082311474e-01,2.724852847555060964e-01,6.741967437474601921e-01,1.100056014182969472e-01,4.247092460443093742e-01,5.232984520069695611e-01,8.722398169147176361e-01,5.690203594082355876e-01,7.304531060218598659e-01,1.185244547559259454e+00,1.791509056787638499e-01,3.233607888863984647e-01,1.117969519338268269e-01,7.085406992041033414e-01,2.661087780014760873e-01,5.839634861887769979e-02,2.122730895612710000e-01,1.277852244094996426e+00,2.028432531590549925e-01,2.306658133853081716e-01,8.694716833586952909e-01,5.215488833631998222e-01,4.383245058756072843e-01,6.883043615749668831e-01,1.167237707645953471e+00,8.470029948327234548e-01,3.059142175677652675e-01,6.260413513526519314e-01,1.061442253936070723e-02,6.813361490652125596e-01,9.707602622065732989e-01,1.256069134237262963e+00,6.046633708725542844e-01,8.638985200571902556e-01,8.698410579370424722e-01,1.429819844570785758e-01,1.314771358648416169e-02,1.093289589769942838e+00,6.333506265995614282e-01,3.888470477874065856e-01,1.200151533829647343e+00,1.795762975457288954e-02,6.480607400191633616e-01,1.007483373140846794e+00,1.117820687577852773e-01,3.934348932135640631e-01,1.186731200148449572e+00,3.812720474575002072e-01,1.250786176600695132e+00,1.018468415948554640e+00,1.192957808254897945e+00,1.050752523444283160e+00,3.803927867358624093e-01,2.324697514373185170e-01,2.457953648574760785e-01
6.137431431204208865e-01,1.157155886219723540e+00,5.327085464805474402e-01,1.008836602276309558e+00,1.287316057143207182e+00,7.217834264110420950e-01,1.375313979535253417e-01,2.033309153502214084e-01,1.174551803524566562e+00,1.015417097408053193e+00,1.164582773292914375e+00,8.784262667318741558e-02,6.127495603563457571e-01,2.518789837263975540e-01,1.014323706545661695e-02,1.237522801712756859e+00,3.604618160138120531e-01,4.717642024478760909e-01,8.477037858236453616e-01,2.640733204164677841e-02,5.680219838191115089e-01,7.947851361413325044e-01,1.132831890121187568e+00,2.989982043883467749e-02,7.715727782931277590e-01,9.004924937312115407e-01,9.311177848936265378e-02,1.124978845617526702e+00,7.807602121634971137e-01,5.594556962005998828e-03,5.835402336080673935e-01,1.240312874527015330e+00,5.334196348739458360e-01,7.160066850829696072e-01,3.156244396105499228e-01,9.447650821498178308e-02,6.875629904890965260e-01,2.351428021811293734e-01,3.978520139215231399e-01,8.762261946466288753e-01,7.245140245714744298e-02,2.230106681316987305e-01,1.276053697167867762e+00,6.186765512871468253e-01,8.187156200089861224e-01,1.187455554300593130e+00,6.619963301368668729e-01,9.225748075236416268e-01,3.160870583043736692e-01,8.572356610935174537e-01,1.224356106096168517e+00,3.373036396598063091e-01,8.811562652720845712e-01,2.761952441575535322e-01,7.491986916646478090e-01,9.617489103488766067e-03,4.511564974961539964e-01,5.709694090953516543e-01,1.196971967936318437e+00,5.074738907734701598e-01,1.077018194723553757e+00,1.279367479921397877e+00,7.122169266395054210e-01,1.189507514713920466e+00,1.276548848582413243e+00,1.280603711040338710e-01,9.761044341438727956e-02,1.289813388387214266e+00,8.960352811294634012e-01,8.156398126168015184e-01,2.414077836214962094e-02,5.441474756058140017e-01,1.252385794854621537e+00,1.815546784440424249e-02,8.100590880350295730e-01,1.168389896874308276e+00,4.668113509421463747e-01,7.991959347481911724e-01,8.189566069588066766e-01,9.861285873156923065e-01,4.105005017621992103e-01,5.682322989771558808e-01,2.547812709295144140e-01,1.288341424666136215e+00,5.697645264444407553e-01,9.333575091499134446e-01,8.892653026819101747e-01,1.241370907269454316e+00,3.986175508704959958e-01,9.184470247684926036e-01,9.292425393962649993e-01
7.786324272755311693e-01,4.359248640190833135e-01,4.866889789057248783e-01,8.115610858985858878e-01,4.984799245329465944e-01,3.034412246804399360e-02,2.655052387136227002e-02,1.146637069010112642e+00,1.825165820739768907e-01,1.220946341850394523e+00,6.508874327082360134e-01,7.282612918362493248e-01,1.113164342130468221e+00,6.722424802955416778e-01,7.330397815633548086e-01,3.964573153866263189e-01,2.604345472449312582e-01,1.251113014441123994e+00,1.097150776123744009e+00,2.435803857537396644e-01,1.126885086722229090e+00,2.905784102571075111e-01,1.090030680909100491e+00,1.343156608622191606e-01,1.100298384462809059e-01,8.900684083513835665e-01,8.697235507148379230e-02,1.183012262870021036e+00,2.720258981055059255e-01,4.222397833394754829e-01,5.046222313191209285e-02,1.155352477537378297e-01,8.716516662292294049e-01,4.313965050849249416e-01,1.315832467216170552e-02,1.254852664622764680e+00,4.889311662505796408e-01,1.008905714817688759e+00,1.172214128038104208e+00,2.108686081510856569e-01,6.205749123568168324e-01,7.967059356534370584e-01,1.211054557997576442e+00,1.000037904823779966e+00,2.511500390916360237e-01,9.037510448739376478e-01,7.260632577676600086e-01,5.748177390391823183e-01,3.625678391776741838e-02,8.929421248644249243e-01,1.381893339476947258e-01,2.538394341850597757e-01,9.958690315735296839e-01,9.198589614505471301e-01,1.201844593188567289e+00,3.604151728214154971e-01,7.838987117978181152e-01,1.525068525864900770e-01,9.366818164890811094e-01,1.143772247548363374e+00,1.023732887309613426e+00,1.812180566454774377e-01,1.278735727353399021e+00,1.070759817135465530e+00,4.809419729180424707e-01,1.279698746639171381e+00,1.199032211309185136e+00,1.143655119264303188e+00,1.807592461819964025e-01,5.955141405920716391e-01,4.009119103599975698e-01,7.919917886484231784e-02,1.152497263860316368e+00,5.086934940848999442e-01,8.516071415033628078e-01,4.865816933146883128e-01,5.546589122525734661e-01,4.281497867731723361e-01,8.623834940926701220e-01,1.106388504848880849e+00,9.195730143204370322e-01,2.550954784661382257e-01,1.039936355893697373e+00,2.923420248148909106e-01,8.608723385390487301e-03,3.787040595647127028e-01,1.151900026032830038e+00,4.660010483679398463e-02,3.774053158719977152e-01,2.479477451250329534e-01,3.116118366378888838e-01
1.044708966633388858e+00,8.924877353655334966e-01,8.580757232910266596e-01,5.506026246743594976e-01,8.123642762718593646e-01,5.319907117765422244e-01,2.566300906529512260e-01,4.549569720208660462e-01,5.090523993555421539e-02,1.050184254323067501e+00,8.802413948855019044e-01,1.070364596830918114e+00,6.503495915977683950e-01,1.131590812193213225e+00,1.609011332102947001e-01,1.214630484470339500e+00,4.594833363727743869e-01,1.132863346652186909e+00,9.242595084856025656e-01,5.997661027225411612e-01,4.146536200009988682e-01,2.709326853368048127e-01,3.539402635369684469e-01,7.540656313834917523e-02,6.642507072432098925e-01,1.247552263789633020e+00,6.627295069830603236e-01,3.725789101514945245e-01,8.082135904343917820e-01,9.845847561425092875e-01,7.530137400509248069e-01,6.211694392822866284e-01,3.235254958767274092e-01,1.158086623479908983e+00,1.012422659722100438e+00,3.676090850905227025e-01,5.828917623888076882e-01,2.856113191742850055e-01,1.119410614216912236e+00,1.185472917181382424e-01,6.611747968050687430e-01,1.116466075978800765e+00,7.634197373483778692e-01,3.275147610383896124e-01,9.765898704911458728e-01,3.010864665733765655e-01,2.173560537095756695e-01,1.154417810250698562e+00,1.543504684266994512e-02,9.854333851865400284e-02,9.227777671475719812e-01,8.569959655688889066e-01,1.745158727125542819e-01,1.282052025288169972e+00,6.093613123525959407e-01,5.584494568250383262e-01,4.275058766820709344e-02,3.154716004508677230e-02,6.634962124223801883e-02,2.541552735235034777e-01,6.019865465936004023e-01,8.452396249549390950e-01,5.457913640042125758e-01,1.273918198711619709e+00,3.542558045805127565e-01,9.481682300717794165e-01,1.663650177210526937e-01,4.547503994973098318e-02,6.874478671297696956e-03,7.725545804702157460e-01,8.750442941282278175e-01,5.308181189220366747e-01,1.131847418926265059e+00,1.235511995203455893e+00,2.907058667708299349e-01,1.022788809528304199e+00,1.289342996065554470e+00,5.565210567585641144e-01,3.652657107296679584e-01,3.958184433777681838e-02,4.264394199544855879e-01,4.876200579377121813e-01,2.834523066524196611e-01,5.450817311102739149e-01,4.955359515751960875e-01,1.186862991538967904e+00,5.194643063392486715e-01,1.280603819117971387e+00,2.157173618975509466e-01,1.065649088005601181e-01,2.630372618176767263e-01
8.089241453264127690e-01,9.456659364104397225e-02,5.379860474256668024e-01,1.000424016521186177e+00,9.559033254039103200e-01,7.384584538976023405e-01,1.808006043003735630e-01,4.114277436194222620e-02,7.062873837386722808e-01,1.203582443158387694e+00,2.323490307383121733e-01,4.920093323230552151e-01,1.064974682121880178e+00,4.832835173114173877e-01,1.029894864340278771e+00,6.298858159237771259e-01,1.033294570504908805e+00,1.750139336034374771e-01,6.031634389742231983e-01,6.072907300601957381e-01,5.866650876763651601e-01,6.974920451656569931e-01,3.024891418077837457e-01,7.242561639312699029e-01,1.627506202596811502e-01,1.053902313184990502e+00,1.081717226006732702e+00,1.252038813672054829e+00,1.021229719969129590e+00,6.462508483518116797e-01,1.024144516802638405e+00,5.793820713968192981e-01,1.041256786407702695e+00,1.664638290686052124e-01,1.171187118449910747e+00,6.112513104570272970e-01,1.255653440984946023e+00,3.657982703704268368e-01,9.629963439892244015e-01,7.403108114168168719e-01,3.549056760397974464e-01,1.164963614173327500e+00,2.165470162772996088e-01,4.767854799811113153e-01,1.170618701622371471e+00,1.263508681120582899e+00,1.212717253240203963e+00,1.155959635392136198e+00,8.464686635468128550e-02,1.026402036659553596e-01,7.609763291350283287e-01,1.168206966763076782e+00,1.857173574710372921e-01,7.400405905013264229e-01,1.171764081496735749e-01,1.257959140964519662e+00,4.385109455779626075e-01,1.205314988291038114e+00,2.281032101313635804e-02,5.453431829152133314e-01,2.920892075204793992e-01,5.475327253554599372e-01,2.943528528007535727e-01,2.346460126865506646e-01,6.634379200195038295e-02,1.154141934679981496e+00,1.957178372129029786e-01,5.975610472415323615e-01,3.100551283517146706e-01,1.200670014762984100e-01,6.042433287751585169e-01,1.017967252906913367e-01,9.093651462939172925e-01,1.218031147125632430e+00,4.482049341940764209e-01,1.518204612385971319e-01,9.717430591031802622e-01,2.199933176911708643e-01,3.711336389736011876e-01,8.607760042267788014e-01,1.218238284954118233e+00,1.541038224694977476e-01,5.550052459406437100e-01,5.369145258083765082e-01,1.194760614882105498e+00,9.341774994650428043e-01,1.283556926188320402e+00,1.212148502856227328e+00,3.287986152400615980e-01,9.935542716550561648e-01,2.058897992373148467e-01
1.088514534049602300e+00,5.746950365496303892e-01,1.156077054300878482e+00,8.293676676547834248e-02,8.703013711265729091e-01,9.763550548774329041e-01,8.208657887604073333e-02,1.022528604812586277e-02,7.893530495997063134e-01,4.978670668699410051e-02,1.098784597960008158e+00,7.890614936385246247e-01,8.554463495852540067e-01,4.673165934886277517e-01,1.284143155431522576e+00,3.747016044576129135e-01,1.175383144206465058e+00,5.977894911862689092e-02,6.642515417176372283e-01,8.523407866416753409e-01,1.040052651938188744e+00,5.931767157375913979e-02,8.432813974005127777e-01,1.285446474009407147e+00,5.256583803789672826e-01,6.597063258938096197e-01,1.198443191788753914e+00,1.177822868901688969e+00,1.177036576610490104e-01,7.761733277153288757e-01,1.194248017074708512e+00,1.226093744291344878e+00,7.007360074118146320e-01,2.584719463590722799e-01,4.558282950094699748e-01,6.974337593222558196e-01,1.456296513460744908e-02,2.933015270560450638e-01,3.527317328486778703e-02,8.852888887980603361e-02,2.285582094599790393e-01,5.743828132782664575e-01,6.544378923862674835e-01,1.674340537634902426e-01,5.401108745807124689e-02,4.733063734738315875e-01,7.441168425432503897e-01,3.564443720021269468e-02,4.959933977409666794e-01,3.793451766866988706e-01,2.787230694738492831e-01,6.039169492301388331e-01,6.393780521775214165e-01,5.061174213258395893e-01,1.257196458248879711e+00,7.125645215285575373e-02,3.700749861289561737e-01,3.815960778847978241e-01,4.664333254071720974e-02,1.751015790560450092e-01,8.838818029601329396e-02,5.392293351004103785e-01,1.108265157135793988e+00,2.907074468098041695e-02,5.443920404098315791e-01,6.455260171354673115e-01,1.035028974042413674e+00,8.473974880001827747e-01,1.252045160724394091e+00,1.173027507265052449e+00,7.330070201930369844e-01,7.855889872826190556e-01,5.141971090320323068e-01,7.789930991310138886e-01,4.238662699856068361e-01,9.488762655853655303e-01,5.304147755275352427e-01,5.490235055835779310e-01,3.451763527887172223e-01,5.978169597150692072e-01,5.781328803440604069e-01,3.124085669497423945e-01,9.707639243486809733e-01,5.362227896117059966e-01,3.310054483025624550e-01,1.938213700376244936e-02,4.391423375163184574e-03,3.875564071695666163e-02,1.137362588895806770e+00,1.053446861778107646e+00,1.610840099170288975e-01
