1.000000000000000056e-01,1.000000000000000056e-01,1.000000000000000056e-01,1.000000000000000056e-01,1.000000000000000056e-01,1.000000000000000056e-01,1.000000000000000056e-01,1.000000000000000056e-01,1.000000000000000056e-01,1.000000000000000056e-01,1.000000000000000056e-01,1.000000000000000056e-01,1.000000000000000056e-01,1.000000000000000056e-01,1.000000000000000056e-01,1.000000000000000056e-01,1.000000000000000056e-01,1.000000000000000056e-01,1.000000000000000056e-01,1.000000000000000056e-01,1.000000000000000056e-01,1.000000000000000056e-01,1.000000000000000056e-01,1.000000000000000056e-01,1.000000000000000056e-01,1.000000000000000056e-01,1.000000000000000056e-01,1.000000000000000056e-01,1.000000000000000056e-01,1.000000000000000056e-01,1.000000000000000056e-01,1.000000000000000056e-01,1.000000000000000056e-01,1.000000000000000056e-01,1.000000000000000056e-01,1.000000000000000056e-01,1.000000000000000056e-01,1.000000000000000056e-01,1.000000000000000056e-01,1.000000000000000056e-01,1.000000000000000056e-01,1.000000000000000056e-01,1.000000000000000056e-01,1.000000000000000056e-01,1.000000000000000056e-01,1.000000000000000056e-01,1.000000000000000056e-01,1.000000000000000056e-01,1.000000000000000056e-01,1.000000000000000056e-01,1.000000000000000056e-01,1.000000000000000056e-01,1.000000000000000056e-01,1.000000000000000056e-01,1.000000000000000056e-01,1.000000000000000056e-01,1.000000000000000056e-01,1.000000000000000056e-01,1.000000000000000056e-01,1.000000000000000056e-01,1.000000000000000056e-01,1.000000000000000056e-01,1.000000000000000056e-01,1.000000000000000056e-01,1.000000000000000056e-01,1.000000000000000056e-01,1.000000000000000056e-01,1.000000000000000056e-01,1.000000000000000056e-01,1.000000000000000056e-01,1.000000000000000056e-01,1.000000000000000056e-01,1.000000000000000056e-01,1.000000000000000056e-01,1.000000000000000056e-01,1.000000000000000056e-01,1.000000000000000056e-01,1.000000000000000056e-01,1.000000000000000056e-01,1.000000000000000056e-01,1.000000000000000056e-01,1.000000000000000056e-01,1.000000000000000056e-01,1.000000000000000056e-01,1.000000000000000056e-01,1.000000000000000056e-01,1.000000000000000056e-01,1.000000000000000056e-01,1.000000000000000056e-01,1.000000000000000056e-01,1.000000000000000056e-01
3.440921897152594000e-01,8.338462622705438143e-01,4.882205166545479091e-01,6.995715781775362352e-01,1.087455930058832454e+00,8.354536957287719279e-01,1.202007645845910799e+00,1.020225525644664843e+00,3.571564040135387086e-01,6.182780387387142307e-01,8.292308163000371435e-01,9.486014995755808199e-01,6.411529529648987147e-01,6.460008970027528719e-01,6.693176923663353151e-01,8.597631127051793554e-01,5.979589445615983712e-01,4.583641446202390418e-02,9.670820090860118290e-01,3.941620219819054194e-01,6.845415394522434971e-01,8.244811214371519092e-01,1.225388877494478113e+00,2.516097999206783897e-01,1.112044242953959650e+00,7.769993546709618171e-01,5.188944094153293829e-01,8.880403527416333431e-02,8.089692866368821678e-01,1.208967635744660596e+00,2.054790115281640017e-01,1.178881851041557072e+00,9.371509258666598230e-01,1.234740515513713666e+00,1.055311813997629189e-01,2.551309204616412085e-01,7.740382460816701560e-01,1.445575603205130899e-01,7.995888125790339140e-01,8.959719783712150054e-01,7.852350918920687484e-01,1.173238635972294386e+00,1.260209453985969397e+00,9.012093799789058224e-01,9.307762002110352151e-02,8.912654768317974652e-01,4.087020318620228632e-01,4.790361453998518981e-01,5.544279668249371684e-02,1.833780487723710440e-01,1.046040502007733020e+00,4.865071710013335604e-01,1.484260419397898968e-02,9.220289624933989403e-01,1.628391583372996443e-01,3.886918022420626090e-02,7.054439312121368877e-01,5.331120574249362809e-01,9.908469330255774421e-02,4.124140914326917661e-04,3.056137142069021984e-01,6.993538629704424414e-01,9.792924064830789421e-02,1.176861732118767545e+00,1.021691767814898233e+00,6.875048234290912497e-01,1.262870609421981705e+00,2.978518539589045666e-01,7.143023244134671934e-01,1.165535260785697691e+00,1.103617090530519818e+00,1.003778283369960223e+00,1.014899832573685545e+00,2.475936914267476974e-01,5.350448208019766838e-01,8.528687936979402195e-01,2.636879629161698047e-01,9.505988896872966665e-01,1.251087483638775311e+00,3.418810978510332648e-03,9.640397358116244986e-01,2.095440171443897492e-01,8.055386677596847456e-01,2.175157226256484999e-01,7.619485391746858571e-01,1.001234009892465249e+00,9.670548511573320294e-01,1.668427776203234569e-01,1.099855399080926777e+00,1.252973887279601684e+00,4.373203133221128525e-01
1.124428053141503847e+00,1.642738164743706153e-01,5.059299357422349930e-01,9.892380427805363974e-01,8.951687144513447159e-01,8.336467758216737911e-01,2.780576064770987066e-01,1.104024547388222866e+00,6.861542311631529945e-01,1.235256921723185686e+00,7.658483867351241203e-01,1.110776519622080238e+00,7.727936495462313093e-01,2.785808437531371862e-01,1.166763281345898573e+00,1.171640024150600201e+00,3.348660879718601269e-01,6.063217710908508362e-01,8.485065486325592543e-01,5.814364215814613601e-01,8.633808974902005273e-01,4.577055159975710330e-01,7.575175463908563334e-01,9.085264964361637885e-01,5.830925223040265282e-01,9.775223750850380033e-02,1.683006080184081821e-01,1.206855418650587541e+00,2.040840865100263524e-01,7.343754788838740000e-01,6.331457765966617135e-01,2.553796983309312707e-01,9.726300947210070325e-01,6.015368940452021640e-01,7.059885653396310579e-01,4.051215494403040407e-01,1.243697482561006318e+00,1.162847146613949834e+00,1.136229234031010282e+00,6.234976787235403384e-01,1.257757166244698466e+00,8.947174015880042797e-01,6.074002117579286875e-01,1.172130998252865153e+00,6.885030800965576958e-01,1.193073374931829633e+00,8.689159947172549192e-02,1.194526363261868562e+00,5.654396656691377254e-01,7.775898428388220429e-01,1.040835696676849498e+00,1.586594915439441533e-01,6.011746747549412406e-01,1.132364270267461892e-01,1.246230543593142670e+00,1.221502434227721423e+00,2.479919750370544185e-01,2.441577947478601185e-01,9.059957597492014347e-01,7.338310779979205778e-01,6.557562159711224359e-01,4.328057666879456256e-01,6.251266705207864094e-01,8.721801223445482254e-01,2.569644553791591290e-01,2.524910699740579578e-01,5.916395845751923899e-01,7.549991143513150593e-01,6.112199699838481992e-01,9.617234113175296972e-01,3.688678058438641383e-01,1.589996214353804893e-01,1.217457746091528570e+00,1.646506463825312405e-01,1.057521145648776528e-01,1.416110387544773364e-01,1.038641362281148561e+00,9.934105526135689201e-01,9.815432840619907340e-02,1.118263147144739067e+00,4.413325327867573256e-01,9.153375193364858553e-02,8.667034576346216435e-01,4.121634662116461373e-02,1.027709361613546202e+00,1.213672519665355720e+00,5.482087316348684958e-01,4.518194490938792773e-01,1.022300099692391218e+00,1.368638556478266877e-01,1.277873178683153421e+00
2.675224272660445823e-01,6.532918631242582430e-01,1.101482784639325363e+00,7.759529836208353126e-01,9.484381837010616989e-01,2.655671099365245480e-01,4.395565664155534624e-02,1.030366413781549584e+00,6.595677506911759025e-01,1.127034705077132326e+00,7.483329507972804606e-01,9.217353263868788282e-01,9.559679362128956637e-01,3.881583099754472577e-01,1.316746102277817076e-01,2.659653509798475812e-01,6.865128358016227006e-01,4.783586456745886895e-01,9.981370472200646882e-01,1.170218124472735877e+00,1.165352366057143652e+00,5.275895200733166091e-01,1.039995036899345360e+00,1.031534220603185004e+00,1.164090224335114221e-01,2.836805588465752259e-01,1.149651000399909861e+00,1.268265221103439755e+00,7.156193243385342573e-01,5.515707643147789163e-01,8.145223972312469751e-01,4.231264725352456568e-01,1.098845456201026582e+00,2.408031979140461687e-01,1.061734526848012727e+00,7.760237004516326031e-01,4.110948113957016981e-01,1.168819176527190695e+00,4.522638004665801570e-01,9.337573737381457128e-01,1.166001296096193629e+00,1.028573480193166745e+00,7.973109904089020761e-01,1.122363381656674486e+00,1.154988684003539941e-02,1.075380564792646876e+00,1.473802469671880722e-01,6.903404596873022880e-01,5.964943778792631823e-01,7.695750750721508382e-01,1.089232085102827652e+00,1.146454903685953264e+00,8.091435004822240540e-01,7.316197554361494326e-01,1.249495114503766269e+00,1.045657431722175623e+00,9.468123449473602182e-01,5.376948023549006639e-02,1.054621831653521191e+00,2.311562726328502196e-03,1.641618879907824347e-01,1.855094336547997713e-01,5.825809399748578532e-02,1.155565206894496155e+00,8.398606418813189811e-02,1.109385258017430820e+00,7.264296542952654034e-01,3.654462646482228294e-01,9.362444142538401959e-01,1.274071298289905174e+00,6.965317155383484726e-01,2.856361410667695999e-01,7.397610125009748128e-01,3.251802344214881346e-01,1.227581029049192640e+00,5.284673238026494912e-01,6.554401636935975883e-01,3.369869882176307341e-01,7.384909997425138650e-01,4.804910878007666308e-02,7.892060505209659294e-01,5.717121618633588254e-01,2.340122411096936528e-01,5.227685081514387155e-01,9.618755288434344131e-02,9.715084086751425430e-01,5.416782746520185099e-02,6.180318497842189895e-01,6.757721956395779106e-01,8.095200416349513928e-01,1.027663880572968980e+00
5.786017288195004493e-01,6.564566415327782734e-01,2.261896860252223251e-01,3.454992067815752521e-01,9.226249990018716707e-01,3.581100834551756984e-01,1.056539556045375639e+00,1.011822135637031606e+00,1.051704169444914072e+00,7.671996581313852426e-01,2.754335833920419918e-01,8.898454742677093243e-01,9.140335222906014190e-01,1.991558412636025566e-01,3.188989989361689648e-01,2.342375814280047708e-01,1.208537645298827234e+00,2.068702530654293464e-02,2.724031322712778258e-01,1.254571402613926523e+00,9.703282269183061137e-02,2.588814423544598120e-01,4.226562145788211877e-01,3.191538213548911207e-01,2.116823846364594176e-03,7.092913409320141804e-01,3.061627501661030870e-02,8.467292420257659380e-01,1.257186426896400366e+00,3.089269164345191943e-01,6.523609443268139074e-01,1.112137406099909187e+00,2.981305586965522503e-01,7.427737081170308064e-01,1.316745160085893984e-01,3.835942945953066952e-01,4.304518415684859822e-01,3.881050959720790949e-01,6.052530204303573358e-01,7.318045388682377084e-01,2.417064808694383282e-01,1.234445581846944417e+00,5.686302958574230848e-01,1.217872986361387744e+00,2.886391355223944521e-01,1.028293162270472294e+00,1.083297089648384226e+00,2.940843058775516328e-01,7.957841792521361257e-02,1.279093022247971279e+00,9.208623880722165422e-01,2.728745428887716651e-01,8.195269526167079377e-01,7.175500765940462378e-01,3.494015184133215657e-01,1.263819299492291215e+00,2.234444200083839371e-01,3.910406905579119630e-01,7.739535288082149966e-01,5.204038491172507247e-02,5.835519078748170330e-01,4.247836059522531182e-01,6.183647205476913711e-02,6.524642263350108884e-01,6.514802444969715056e-01,2.481331640442508302e-03,6.150214687387689505e-01,2.466877300006120599e-01,1.241876595318085696e+00,3.572655623288239490e-01,1.539424465476446346e-01,1.212954808206949744e-02,8.866327724328932902e-01,8.823842263582142298e-01,1.008506739492177173e+00,6.654924356556563003e-01,9.504364288774627689e-02,1.150652729632871685e+00,4.993885040714363677e-01,6.949346755523490293e-02,1.270686282771609221e+00,2.295061160956372512e-02,3.442626147107941126e-01,1.868409616184308619e-01,5.500688063949848994e-01,6.348558892135636178e-01,1.189964951409281602e+00,9.694130429546157224e-01,1.123250692011812379e+00,1.127749249005517651e+00,6.480340309309929880e-01
1.097243221824390824e+00,1.010191850048314466e+00,1.177711192407042029e+00,1.128572619275808098e+00,2.442763571100541875e-01,2.294457942088563851e-01,7.069012448260661996e-01,3.839342683334014406e-01,9.403708617567344552e-01,9.784006663967976802e-01,8.005828873046488825e-01,4.155412166417984943e-01,7.882760228021327142e-01,6.243778214318651543e-01,1.109136341701286499e+00,3.782207907723273976e-01,1.050523665297499631e+00,4.075349155549626845e-01,9.746860289987580028e-01,2.541748528579026445e-01,2.743816477237959184e-02,1.855402805417996626e-02,1.039493614226942420e+00,2.652357631446553565e-01,1.162614975466846001e+00,2.296355635709577958e-01,3.048590390752158874e-01,1.348068761898224277e-01,3.358278294893464744e-01,8.595867053585401485e-02,2.622618690063698854e-01,9.469977165756102155e-02,9.369553522000881873e-01,2.727834913655462906e-02,8.541937689034061476e-01,8.857383376242612405e-01,9.288954564967255578e-01,4.203164607859220109e-02,5.649409506790663560e-01,7.068364632271694203e-01,1.259562183358039045e+00,7.124896595205427730e-01,4.532208523798139654e-01,2.441051015432499100e-03,2.035978538722283682e-01,2.139514882551075275e-02,4.303177988485052952e-01,5.600277598588616623e-01,8.518196909151886098e-01,8.883286328364383699e-01,1.098013225941718851e-01,6.441457257806625369e-01,1.246184248054898580e+00,1.792239573221997839e-01,1.208653661177133687e+00,7.150326053779962887e-01,3.271090892454480703e-01,8.955356749179097520e-01,8.446472791843208094e-01,7.558346586058455330e-01,1.037955137123332205e+00,3.443463631124583230e-02,1.287137591388707092e+00,1.155522592014199601e+00,1.064475755032962129e-01,7.769624366609192978e-02,9.196624404714635048e-01,8.034169899226757394e-01,9.404231393218279722e-01,9.429701724019721176e-01,4.147393810927736402e-01,1.252088128885040064e+00,1.252155291641731338e+00,3.974255870059351103e-02,2.458596698665987401e-01,6.242699612729420977e-01,1.630988356724124844e-01,3.475382903733295614e-01,1.173356193316752005e+00,9.982906885611109171e-01,1.218295286392501842e+00,2.412650958462600193e-01,9.257955524202148290e-01,1.617734050085365138e-01,6.076505531181464193e-01,3.247477400046315243e-01,5.100370414498383437e-02,7.381964320284416514e-01,6.111471995091425358e-01,6.323516860291187314e-01,7.436726474448709379e-01
9.541453053888638847e-01,3.380085830423164017e-01,1.771586425564256884e-01,9.938853479714296890e-01,1.063601055567458209e+00,1.235135272477525747e+00,1.114383646916110360e+00,8.189021221835064424e-01,8.839128911164896296e-01,1.152415662163476240e+00,1.041057175379405120e+00,3.404586575028038520e-01,8.002902391732046317e-01,6.166703871510071933e-01,3.040878049981662334e-01,5.641076650393394010e-01,9.329049142622426460e-01,1.126847344918206151e+00,8.587823897965879416e-01,1.057164500719742634e-01,6.015423938771550239e-01,1.067863680755846367e+00,1.064054253994232813e+00,9.608324760957464017e-01,6.120789736768382783e-01,3.755996002333371053e-01,1.119472988104647460e+00,1.198284166518223115e+00,5.616702846886900691e-01,9.720484476343937974e-01,1.586526774299963916e-01,7.142086210193956952e-02,1.088866278032637247e+00,2.103721169324904994e-01,7.972162845057332303e-01,5.669767767875946163e-01,8.991617057740336483e-01,2.317622982677029070e-02,9.337251018469451269e-01,1.195810535273024833e+00,4.962915324660772676e-01,1.094891849372556791e+00,1.010900319589000063e+00,9.045538550606864181e-01,6.603346330387241947e-01,6.889043500454905544e-01,7.836160920489065873e-01,3.887284650240425687e-01,5.825040450032433759e-01,7.685514462825037141e-01,9.817757133351689980e-01,8.188277609871881246e-01,5.890508974961685684e-01,1.254249497930798762e+00,2.769209614044416679e-01,5.064003548054045734e-01,2.434531979168339244e-01,9.706980856056750540e-01,4.026114539399286985e-01,5.363722485327312439e-01,1.241635394670425274e+00,3.203938783093042142e-01,1.073300761685558991e+00,3.558765119938900323e-02,7.870738049850396489e-01,9.620986536677278433e-01,1.183141523080069035e+00,6.449487508922961965e-01,1.162082949900533180e+00,1.039567622260936242e+00,8.767668315947342306e-01,1.808728984446439925e-01,4.068580537729831192e-01,1.136309320082860896e+00,5.085606858569630129e-01,6.687114500498198000e-01,2.540725658719502067e-01,2.876636637598987689e-01,5.227868808501235920e-01,8.831403874548625632e-01,1.612387666742950282e-02,9.797845863933376531e-01,1.017115851891391198e+00,8.844400287126572557e-01,1.178761994592459672e+00,5.319904360245749642e-01,3.575693422664418808e-01,1.025729031266562341e+00,8.079775948563494570e-01,7.005974502061130815e-01,9.853068927454170511e-01
1.178817192528420765e+00,1.019852221149816662e+00,2.868614299587379790e-01,1.631360450463683331e-01,1.160656176194122979e+00,3.433893473658851114e-01,2.783015325489667305e-02,2.971713884714006770e-01,7.801697311327013828e-01,1.001340753594550659e+00,3.577177016015713473e-01,6.863611407291736466e-01,3.793984482579921824e-01,1.017645917592697069e+00,1.019551193532115096e+00,1.147456445025648725e-01,1.226557965552711016e+00,1.030305601889601963e+00,9.530827153645576866e-02,4.050620618942432638e-01,3.579275060449672030e-01,9.572671037737250088e-02,1.016885868388835545e+00,4.829190016092953924e-02,1.161023841163537629e+00,4.375361826723414560e-01,3.441778427239564064e-01,1.197181203275141437e+00,8.839279206415470713e-02,1.874425644392886670e-01,1.081153616949141139e+00,3.342496044343608586e-01,7.548957750870428640e-01,6.515264488489472816e-01,6.065347730378272129e-01,5.160369963489653822e-01,1.872941658456448444e-01,9.560894538939259668e-01,6.058861303872611348e-01,1.031725705545072813e+00,4.145862363378066129e-01,4.039995608398387339e-01,1.124662921071289956e+00,1.290897765174201794e-01,5.911818335913635036e-02,1.136106549860881554e+00,6.775847988070721195e-01,9.162591458567513614e-02,1.075996154346277267e+00,3.666593194388620414e-01,5.457351572376234472e-01,2.610956738114078024e-01,6.921415783636156727e-01,7.655773107264031152e-01,1.057424426104633719e+00,2.281343003068301845e-01,1.276548661473016155e+00,3.261281031283849718e-01,4.695231616662347007e-01,8.833548444814764977e-01,8.113323050782925705e-01,1.072627497571825517e+00,7.168594702560973086e-01,5.511668996928601599e-02,3.205994106114121167e-01,1.014107726215044636e+00,1.202551288166456844e+00,9.248979140115102249e-01,1.032080479869397660e+00,8.547975005293675377e-01,1.016604260824415462e+00,4.987483588980529681e-01,1.288060522675798403e+00,2.087289499610376058e-03,5.741761476483443483e-01,1.253317109124857609e+00,8.623388436184199479e-01,6.399400355401900775e-01,7.271790851867070415e-01,1.154824802019246699e-01,1.227782115066877289e+00,3.255566047341054148e-01,6.240477882392427844e-01,9.749469516311461137e-02,2.401936354404118068e-01,1.909418406860651785e-01,9.913495404810347689e-02,3.931590977020901767e-01,9.288952683161399992e-01,3.963006812209503571e-01,1.106379581947948276e+00
9.570784290908717074e-01,9.229568763286736255e-01,8.527094323044962509e-01,1.163807806466379713e+00,6.183634725612754957e-02,8.468146933310781721e-01,3.056507025084806428e-01,5.836241966044009022e-01,8.579308869697933604e-01,7.857833582880270340e-01,6.741437581303348914e-01,7.016344882013840767e-01,1.264627538103525906e+00,4.084641406125714691e-01,8.517177381201221920e-01,1.048092610961944393e+00,8.558059069639883942e-01,1.013193262513613524e+00,5.081362937640743205e-01,1.040610491991010189e+00,8.803390309997529695e-01,6.806344824487563505e-01,7.958478378444764356e-01,1.183897616750586579e+00,5.384252970331091515e-01,2.840447580253508963e-01,9.053930218616135228e-01,1.069575093571011049e-01,1.021270382846675817e+00,9.427501121792747352e-01,4.057670938119810056e-01,7.772080109497692124e-02,3.888354137476308647e-01,4.030452949256653206e-01,1.934946340728215253e-01,1.762233290689953769e-01,9.068663933873798433e-01,1.043656612325309929e+00,1.045817086223945980e+00,5.373303017829399453e-01,7.537523580931386746e-01,1.714719681044516164e-01,6.776517112446923674e-01,1.043064788626431483e+00,8.643692415132291362e-01,6.914473647666368183e-01,6.262118663558242648e-01,2.549546835671333000e-01,9.583093497553211160e-01,1.252039738763178089e+00,4.755527880489028303e-01,3.567627960028990075e-01,1.813907008695645195e-01,5.070299775906060846e-01,1.697479925492587360e-01,1.216334235116045548e+00,7.358467205354733975e-01,6.696305334217270699e-01,1.112142879105110671e+00,1.080562601017258650e-01,1.405971114884439488e-01,8.077111436453954241e-01,7.627158685658272375e-02,2.021160629807640385e-01,1.740479433345221150e-01,8.157824888183760059e-01,9.042947352983249365e-01,7.912436100604960387e-01,1.279681736058305708e+00,9.110119843768252901e-01,3.449342285653511087e-01,3.898375377107797524e-02,4.059503791889991775e-01,9.140907422407742455e-01,2.678760144322507239e-02,6.747700357224308831e-01,1.152848139015553608e+00,5.963656569599293800e-01,2.265883334344080333e-02,8.717379227859224367e-01,3.159107990305369817e-01,3.798870697509440508e-01,6.527953238953781989e-02,8.888296248740712446e-01,1.090071745918896662e+00,5.205253390474318120e-02,1.182274976909018616e+00,1.036185691924415009e+00,1.354562005790554136e-01,7.230912588918869677e-01,4.194955372261055526e-01
3.869857295253412155e-02,4.378481523007099474e-02,6.193284411577347770e-01,1.217768195984650879e-02,7.489937100242136658e-01,1.138154675778058733e+00,9.109053462241822885e-01,5.964259022751713379e-01,7.812073850106671102e-02,3.885581400220523007e-01,8.372575580549239394e-02,7.957826533899738930e-01,7.342888634099485889e-01,1.285375341583872899e+00,1.186045789631814840e+00,3.808116070468816616e-01,6.199366709601681347e-01,9.245483747912182082e-01,1.015947931218367239e+00,1.264915190303662618e+00,8.556321777516213700e-01,1.546787927473253499e-01,9.117484171962030315e-01,1.216156105092960127e+00,1.804013573692487757e-03,1.098339097193361535e+00,8.000108331907471726e-01,1.265374604950148640e+00,1.147337464422255371e+00,7.471933089171522990e-02,3.042055002859074819e-01,8.969603667123303703e-01,4.644729398775487850e-01,7.127052954857224787e-01,1.055837716783052826e+00,9.496388667631260327e-01,1.340151473428765616e-01,9.285567934711295157e-01,1.076636604176616663e+00,2.365797909634241580e-01,1.631798706362337925e-01,1.179032739662451590e+00,6.606794590309321702e-01,8.594718431294013916e-01,6.959708324073484720e-01,3.209291644734545979e-01,5.100687175791179806e-01,9.177530632199258631e-02,2.034720747923483564e-01,2.389602613714167101e-01,1.994196766583308522e-01,7.951105731846246361e-01,2.706395664973784143e-01,8.882038923306964096e-01,8.501223287579390275e-01,5.820755062231287580e-01,6.867409288874117834e-01,7.490108768077268220e-01,5.789037492744896624e-02,9.430154140126355278e-02,9.083299388597414481e-01,4.424623818172056522e-01,5.286787572921480827e-01,4.762129830889254012e-01,5.502833902387106457e-01,1.117133133313715998e+00,3.808310852773850730e-01,1.199671619600485073e+00,1.169635825693484454e+00,8.211615494053747799e-01,3.128394391518594399e-04,8.240085568900577806e-02,7.553469526380388599e-01,2.217966961927682612e-01,9.915452516430758867e-02,8.054929305508644610e-01,8.979244421428757006e-01,1.147991719875976591e+00,4.809828099646580868e-01,6.367082221233552053e-01,3.591865584461640531e-02,9.457437517396947158e-01,8.770788464136541895e-01,1.035642016934622989e+00,1.460767961736907442e-02,2.233029947670548687e-01,8.730322603608355880e-01,3.097761984974141680e-01,3.276132152912542006e-01,1.215117406733957628e+00,5.488456039169434808e-01
2.436795979064095008e-01,1.153364162677578131e+00,1.935876190000841990e-01,5.049962946088620841e-01,3.557242058984790289e-01,1.106434161411750772e+00,2.710941604381115200e-01,5.104376676385810087e-03,2.927756550395347879e-01,1.063363441037432189e+00,5.174235313620512144e-01,1.152541770052698311e+00,5.284333232247681034e-01,1.142283112138370971e+00,1.119918918833709753e+00,2.873253659137558480e-01,4.257758227124539552e-01,5.224196226781759878e-01,8.698036541462992322e-01,1.602423523798272020e-01,7.496055482462994357e-01,7.738850563965579132e-01,3.903635377817457064e-01,1.095275624782040769e+00,6.033730339037214341e-01,9.938073625338318395e-01,8.174374875593974910e-01,1.097893102281398692e+00,1.015718562096950661e+00,3.178765404089708979e-01,4.748172498238242834e-01,8.572384423569162637e-01,5.677937436648909930e-01,8.550528196194563391e-01,8.836563333649972707e-01,2.503681248180650298e-01,9.889365115074268964e-01,4.254923792567129048e-01,5.093653065345454811e-01,7.142933910832227618e-01,8.937318215481162564e-01,3.304429507738428362e-01,8.856615544249425709e-02,1.079814538270209984e-01,9.651452737528966042e-01,1.200903984934645757e-01,7.722258536985932009e-01,1.253768504336401746e+00,9.128056826967606563e-01,3.098404329677941771e-01,1.518160055057713453e-01,8.796282950262741540e-01,8.516651500565391997e-01,4.164707355336716987e-01,4.235356898973816064e-02,8.895924792499176892e-02,4.476891821144015071e-01,2.268770254190020652e-01,1.253473759774430318e+00,2.450548515698104668e-01,6.598479291284702342e-01,7.837961865483726864e-01,2.671871733994964915e-01,1.423199462307108976e-01,1.026129693237055607e+00,3.564176744956200071e-01,1.084491714377696869e+00,4.964274571742710584e-01,7.882871277327955228e-01,5.375369091764899965e-01,9.339955099456952459e-01,3.989299475213709534e-01,5.198892735431830392e-01,8.996084205864025574e-01,1.829835036009061500e-01,4.426428885037528294e-01,7.823259603364687287e-01,1.269713229929594123e+00,9.582305425306104629e-01,3.337495682572247380e-01,2.701949003421159623e-01,1.640242105360567582e-01,1.949071761912593292e-01,2.258815006287207272e-01,9.221464481758884224e-01,3.401603084259076093e-01,1.077303545047667566e+00,1.134535527970166768e+00,8.750123406745481391e-01,1.165580128725282050e+00,7.315148588755920889e-01
9.339505896478884628e-01,1.073995953231896561e+00,1.174175904137256143e+00,7.761189918459118209e-01,3.666797916797638612e-02,1.214454494670343943e+00,6.534576720914125891e-01,4.131839010388482225e-01,2.127758215695249588e-01,6.301864573031366046e-01,9.335261345264156407e-02,1.081676183143065462e+00,4.127880076034656787e-01,1.239564348099785329e+00,6.874738298142973880e-01,5.796922501993455601e-01,3.617116274406981247e-01,5.319011872291209420e-01,7.404576359476625624e-01,7.987280008174146850e-02,1.235959920315285787e+00,1.283479175513107418e+00,8.180939806410891801e-01,9.927872410494131827e-01,1.083952127728941228e+00,8.324431684431760070e-01,1.349930433924864948e-01,4.997707226691868176e-01,1.028924879901610856e+00,1.213616882814582576e+00,5.976365810990208471e-01,3.280501996022224809e-01,6.836172838311425082e-01,9.561467188420200713e-01,6.012118527545319280e-01,4.709016338818684533e-01,5.021455076924001837e-01,9.599981372959244252e-01,1.043115740789304580e+00,2.788859962745793286e-01,3.404203640107496265e-02,8.287014566496676560e-01,1.199021256606156438e+00,5.509238200690772524e-01,8.244069122042867181e-02,2.930954723072967671e-01,8.520354597115907813e-01,1.411793961201391889e-01,2.215758671301833460e-01,1.235491739445972570e+00,7.651170471691454145e-02,6.614334660984423353e-01,2.918847010226043315e-01,3.107901424044100525e-01,8.614575700574438333e-01,2.526773211779273498e-01,9.559290789925800613e-01,9.037779137139295704e-01,6.753793560986540712e-01,1.203287353605662358e-01,2.163899234823799811e-01,1.083194639856259744e+00,3.008246352012882152e-01,2.256779571852826627e-01,1.283634855775823036e+00,1.138328801393342915e-01,3.298027467062712437e-01,6.396248635482829625e-01,7.941867826113746531e-01,4.675175705550770888e-01,1.172481254363042957e+00,9.921580188437481018e-01,8.878888317057424817e-02,1.119806157470146335e+00,1.240696523435584203e-01,2.885161924413954249e-01,6.632302847985804828e-01,2.571994289662885569e-01,1.237569637527932143e+00,1.143175669429876473e+00,1.365825872296082266e-01,7.561880364619864014e-01,7.627376006901351868e-01,1.042546846672318450e+00,1.295152552418513126e-02,1.453306808763590585e-01,6.409028969887579918e-02,9.378701843981044339e-01,6.499189862668842688e-01,5.359166554259969795e-01,1.188472975330706616e+00
8.950881623954400068e-02,5.815075402017222395e-01,3.444195722739372689e-01,4.201158128234181444e-01,1.186218175299225353e+00,1.734035675301932033e-01,4.839860584210031180e-01,8.831762894177164203e-02,9.695063882518144549e-01,1.157628856408765339e+00,1.978356343739707257e-01,4.342168390404537170e-01,1.230241657216931905e+00,1.284899969328429314e+00,7.595672838653750869e-01,4.258857736629073076e-01,9.669322393146673189e-01,8.771066334920860075e-02,1.138516370482892004e+00,1.631829646676493384e-01,1.204859816135782191e+00,5.888705711131316800e-01,8.270532847866881587e-01,6.103062080509134013e-01,7.468879838245736646e-01,8.711534240894910353e-01,1.185085188152419367e+00,9.453709203055485899e-01,8.791481075577559645e-01,9.098245036098462357e-01,1.017034053810176086e+00,1.031621971127625104e+00,1.137414381211855341e+00,5.495563020333391613e-01,2.767613882138170167e-01,8.507903888079493271e-01,9.349160393457547347e-01,5.095161658839952867e-01,1.140617405438337340e+00,2.587241532661956889e-01,1.132860567571560839e+00,8.142477225423029319e-01,1.073905262147740514e+00,1.053493439812711596e+00,9.011488793682657095e-01,7.544767056167296371e-01,9.055326377476652366e-01,9.591338424883005809e-01,6.928235528013441114e-01,6.292874006130341202e-01,6.858470284556048568e-01,1.229405106680722781e+00,6.361839389289665192e-01,1.351032442009992285e-01,3.040326460326962521e-01,7.658439654801291185e-02,8.819858839167670217e-01,7.208137380379568970e-01,1.145670727934779531e+00,9.629660169931487657e-01,2.455703336838355733e-01,8.732517003386556231e-01,6.843776465282452870e-02,8.558701475918262247e-01,1.234341235427819594e+00,5.247726269330539317e-01,1.939305240194421631e-01,6.093241804173133991e-01,7.861859341623040898e-01,4.803138393471510503e-01,7.208045147327684088e-01,4.151888906941708646e-01,1.086232261259015175e+00,1.005873806965857931e+00,3.143430243928888590e-01,9.109649282777674273e-01,3.944846952421213887e-02,2.159835631223067653e-01,2.479911481615547919e-01,4.954304667866425010e-03,5.943993887556604516e-01,8.013542790907322022e-01,2.067505264508293084e-01,3.079973245224550960e-01,4.026018645004797447e-01,1.223674823504310449e+00,6.655979085853743760e-01,5.461292327182225570e-01,7.839767799765425815e-01,7.911489113939274009e-01,9.485536288965964458e-01
1.074157869256781250e+00,5.337070119144738944e-01,6.636982452805416655e-01,6.194425459801278233e-01,4.052713482525558408e-01,4.834200544668828536e-01,5.355655033946394861e-01,3.209276665708633014e-01,7.249737445329645924e-01,4.972645444616596855e-01,3.923995319061377995e-01,1.517362530458078729e-01,1.228358203341484017e-01,3.581285775942462113e-01,3.342732438408922979e-01,1.056317979059904211e+00,6.450636696613633037e-01,1.139285263225525036e+00,9.029012767676550810e-01,6.278300248830614994e-01,9.487328226902304318e-02,8.416390378075121470e-01,4.991667269494165504e-01,3.498508862287417198e-01,2.810458310007938332e-01,7.290685325777392922e-01,5.615774641743722650e-01,1.034122093206584436e+00,1.151827688824160534e+00,1.090576086482429208e+00,1.144595853211427677e-01,1.171772298076097396e+00,1.395193641340451429e-01,4.192291476185487364e-01,9.243359538577823331e-01,1.785347389188671197e-01,9.584560794758204549e-01,1.987539699469701715e-01,9.559955216571142111e-01,3.653002302675405488e-01,6.849211889682063070e-01,1.210120950299827802e+00,4.078390046518419187e-01,1.734953847146974426e-01,7.129704933549890766e-01,4.846130272807874229e-01,6.200114383207555591e-01,5.110351800833541347e-01,3.534934630633039809e-01,2.028327647331967520e-01,1.037167378667031903e+00,2.406046251475218445e-01,8.258214307482806271e-01,1.213359696879987348e+00,1.706134979557876741e-01,1.120699870187811698e+00,5.821488142477082572e-01,1.199426725786443937e+00,2.833071762487582301e-01,1.970714937022663982e-01,9.726585863207704019e-01,1.073769103530062274e+00,5.442323286154175932e-01,9.683719917190153348e-01,1.266390017184254813e+00,6.156778440112395945e-01,8.942250311132304841e-01,4.405773718604377373e-03,6.269196449125231663e-01,1.135858508658036836e+00,1.897861597472381423e-01,5.844662142113020709e-01,9.806553314206604977e-02,6.747887335066317105e-01,5.339537573047024033e-01,1.046269237729851476e+00,5.343006643422840707e-01,5.464455708940031409e-01,4.325185472837052569e-01,3.956503688294454313e-01,1.244346592206008628e+00,1.530359044860242212e-01,2.683977557755606314e-01,3.881907225269520256e-01,6.878257401144405314e-01,8.695984651003250132e-01,8.656972383714000019e-01,7.047907693772202942e-01,6.192294325914179387e-01,1.056217069343194925e+00,3.379626182079574215e-01
1.016420135991947138e+00,1.172750514593808191e+00,1.070099657575003915e+00,1.148562375774424549e+00,9.386469557110178608e-01,6.939742740761571937e-01,6.171867507354569238e-01,1.235723833712986802e-01,4.236342330865192629e-01,1.039563417305579662e+00,7.163394268511564800e-01,7.187784778453076839e-01,8.003983455040823980e-01,4.103995871483603897e-01,6.954924260732077146e-01,4.100411175357964177e-01,6.761601119329432308e-01,9.187124655755991576e-01,2.363799504054607259e-01,5.637803723799447164e-01,9.361879839664818403e-01,2.297258610448103533e-01,4.852172000112776051e-01,1.262692663565530227e+00,1.032262212734333051e+00,5.839533050746226195e-01,1.173822796535090252e+00,1.179898058109368542e+00,1.045514543957923204e+00,2.794867312440916796e-01,1.137782169132096621e+00,1.156456940809786449e+00,1.229968225235215984e+00,8.825015695566310603e-01,9.841237087375631631e-01,2.049622938871465128e-01,7.291412043865227455e-01,8.079070574036493202e-01,1.184471590213215020e+00,1.056050937946505730e+00,1.054615566225307610e+00,5.065434535290667117e-01,4.439720942697699124e-01,5.153836724046784168e-01,9.149091547054358231e-02,7.110711202342570036e-01,8.532942069304813026e-01,3.900882335848983029e-01,8.098140422116072434e-01,9.579145879979023004e-01,2.975177014726531066e-01,6.233259063703646685e-01,7.765770905933078172e-01,4.046400779845485407e-01,1.595162614818671776e-01,2.035132469658544052e-01,6.248867544394863804e-01,4.924165442662402636e-01,2.817544262462394755e-01,8.766538413875289981e-01,3.487972994179240893e-01,1.797044529057669482e-01,1.126406318909289661e+00,7.486183197888538476e-01,4.258771588912250161e-01,5.913159321346844050e-02,1.237178946864053497e+00,5.647211906230911183e-01,4.689197034636670147e-01,1.132399134243434524e+00,4.135044285036934553e-01,8.594937649537411906e-01,1.272464257003807608e+00,7.147391237903510941e-01,4.057867532794406928e-01,1.261863249562143130e+00,1.085616709536152635e+00,7.178973329445047513e-01,6.030081849845162489e-01,6.072898482631430284e-01,7.055988581178275210e-01,2.398239501470071644e-01,8.433533737825851251e-01,9.208754018252442164e-02,5.182235946123424364e-02,5.384520954656091263e-01,1.259674810772662967e+00,8.300016291659309542e-02,2.663051365857374564e-01,9.586116601598114739e-01,1.148212464824595713e+00
1.504569532291680223e-01,6.776372713704049700e-01,1.340725377323379597e-01,6.267770152787581761e-01,8.284283241081730198e-01,1.182827037544142978e+00,5.287904713875802853e-01,3.217082203949434005e-01,7.334462252150080186e-01,3.471073157520970787e-01,1.918303427317148979e-01,1.037133599385118149e-01,8.234815454678724445e-01,7.178113290187800866e-01,1.122132756814919752e+00,1.055818365004871140e+00,1.957025921507799318e-02,3.581242932680650526e-01,1.077393644035869569e+00,4.295227670976057288e-01,9.503302857238857815e-01,6.768990028809644954e-01,2.846326164944744663e-01,1.192018196220985482e+00,2.921608752532904307e-01,9.163821955468461067e-02,7.403031497595278232e-01,8.895551631210729671e-01,1.136132220615416077e+00,5.056182966795348399e-01,7.928209186410697384e-01,5.914222499175104675e-01,6.388035293958329586e-01,4.394489496596140632e-01,1.242773933494631056e+00,1.213673080115542424e+00,1.188316772533091203e+00,8.212974171666448386e-02,5.985982414362268633e-01,5.585411321953561714e-01,7.046634163951660812e-03,1.490996903020724573e-01,5.162950027734600766e-01,8.033084736559888972e-01,5.175344309889726713e-01,1.556782635905888390e-01,1.562951508256799904e-01,1.922971678824092201e-01,9.829222675774558216e-01,6.895187634108553842e-01,5.516866451447274278e-01,6.826416930824896756e-02,9.078612598001878364e-01,1.053723255790337765e+00,1.225558211239481166e+00,1.077038255347535722e+00,1.206915214271042425e+00,4.648759721603517581e-01,4.963563327390273505e-01,2.179165037756194967e-02,1.244092450551451012e+00,1.152709175839763844e+00,1.231003311641473141e+00,1.186552236256271042e+00,4.310337596580754438e-02,7.891188088113386678e-01,1.097445658163710647e+00,4.216831111713268965e-01,3.520172502398121184e-01,1.383917559603553837e-01,1.073836177617305099e+00,4.351214364540691437e-01,3.470673372704549120e-01,1.018466196534887125e+00,4.385773409170409809e-01,6.596745444201925768e-01,8.966348804899865188e-01,2.074232244042926998e-01,9.372199154303629820e-01,9.436119357658750983e-01,4.506596526615689879e-01,1.067440096564065799e+00,7.461276791546113119e-01,2.450861809043587969e-01,2.304797714398408581e-02,8.568874711360071617e-01,9.777155700552095929e-01,6.357309044773724882e-02,7.306292944447200233e-01,7.237106714858235756e-01,4.118575135552503541e-01
1.176369557427690005e+00,7.519829003926431499e-02,1.759119320406375975e-01,6.953907481364207666e-01,6.566677364425647090e-01,9.812667994407925365e-01,6.148369179151194075e-01,2.314784876921783044e-02,4.257780689117240946e-01,1.431626040124489851e-01,1.178761036279333929e+00,9.222617559522588992e-01,9.287589811807336337e-01,9.960896108242118796e-01,5.404863305014766528e-01,2.056773458987093406e-01,1.256204469506718713e+00,2.977567574720503263e-01,1.074604020681707128e+00,1.600836567196636806e-01,9.844682878689239303e-01,8.221504792713369980e-01,2.356620765853271737e-01,6.561010446430648457e-01,1.227321227993398933e+00,1.213258933758281755e+00,1.217780542423720469e+00,2.173531699797450617e-02,1.172026928643706167e+00,4.017338781034699990e-01,1.230469389154677851e+00,2.690039759537931618e-01,7.696479405495537662e-01,5.357378614955869978e-01,4.027890746249344067e-01,1.196416503830571854e+00,1.032431527493236967e+00,5.076848629923113032e-01,1.730123885079192514e-01,1.101916428489354782e+00,6.794877269345983573e-01,5.032794574105509122e-01,5.291214938801744871e-01,2.212844446761738637e-01,3.016182440616443916e-01,7.757221488816672395e-01,9.494568570511380257e-01,1.185717001961902106e+00,1.089885815354929788e+00,6.647430725131545648e-01,2.449143793485729914e-01,6.635245998836737380e-01,9.201644665948713331e-02,2.831159377790452569e-01,1.061602666203170120e+00,1.204939645663778647e+00,1.001926334254978901e+00,1.100946991396228203e+00,1.492540724732422941e-01,3.951417411966208215e-01,2.956726558472358782e-02,6.317484566829167925e-01,3.218378063507230102e-01,1.136598748446835616e+00,9.881011448596722646e-01,4.918459380796329494e-01,3.251093954996677748e-01,2.872874318744535471e-01,1.048013932864948927e+00,1.242996863707388489e+00,1.230425583408901513e+00,2.990226770207052645e-02,7.818127428644028321e-01,9.457242279517712458e-01,1.249333453773511238e+00,1.749883908470851734e-01,1.072338537021384930e+00,1.159766397543552818e+00,1.086973155370294819e+00,1.165272649532092114e-01,3.969474733158129820e-01,3.744448801468112653e-01,1.094878540229082597e+00,1.014809222745098882e+00,5.811170641125925837e-03,1.122080448495413663e+00,6.222748611606742086e-01,1.016034666686924215e+00,7.705926683938418842e-01,4.837466685662390464e-01,4.581373783529226196e-01
3.620733497781949972e-01,1.819271843262462440e-01,1.198488072796613402e+00,9.221480255271167215e-01,5.775110595813869319e-01,4.961041650313648410e-01,2.225617981618660812e-01,3.910946306000296913e-01,5.509871920212029428e-01,8.747300335629690782e-01,1.041208932496899608e+00,2.928862105650600900e-01,9.507263376877156391e-02,8.815349270824608396e-01,1.729215308682550689e-01,5.166223193039735095e-01,1.247181230521419160e+00,3.481970935942348827e-02,8.860415374305259384e-01,8.942269530144116851e-01,8.828898348545353159e-01,6.004093962390821826e-01,6.320251930726521472e-01,3.065419882093878834e-01,3.477871981527450584e-01,1.103486047121909452e+00,1.140686563810751286e+00,3.492663996686862227e-01,1.198257683237389237e+00,1.214282182834189427e+00,6.236392892717850245e-01,6.086014796592094100e-01,5.441697740515946680e-02,5.729081274746088831e-02,1.166884602749634459e+00,1.174065965877140849e+00,2.295878177665982567e-01,4.347821335787990238e-01,2.041820441305153000e-01,4.229072123972726915e-02,1.048227125155906325e+00,3.621572290300147934e-01,3.372789716439805185e-01,6.980096623210628737e-01,9.363555694713300293e-01,8.345016966089121579e-01,4.432034638801736204e-01,7.885071242221165511e-01,6.250265842549469486e-01,2.624195019171326471e-01,1.343472345710138710e-02,3.317002631567434467e-01,6.004119715292596110e-02,2.108815587918610457e-01,4.603417251506607133e-02,5.059884141400032842e-01,2.280476937844796645e-02,2.761913246079024664e-01,3.617900921314434748e-01,7.539765924717901635e-01,3.664962811364281259e-01,4.446972149224280857e-01,3.362647662344719901e-01,2.431049649890175413e-01,7.447525013571478780e-01,4.963482381073338612e-01,9.828691048367540484e-01,6.559462144936935024e-01,9.398017630507159437e-01,1.413169255743104424e-01,1.064588730555409368e+00,1.873186478334112615e-01,1.244480041827954020e+00,6.678421029782132257e-01,2.212931517341346077e-01,6.349825459441864606e-01,8.003176340772323316e-01,2.393987542292159987e-01,3.920111825460345645e-01,4.349892788601849580e-01,9.866961381798297070e-01,1.200225955130648225e+00,7.048929472371084914e-01,3.979915221912416756e-01,1.189580843784656672e+00,1.251943800446513766e+00,4.165218602710935025e-01,1.017838736407703060e+00,1.116509181471656120e+00,5.691878135039523112e-01,2.105454268869258183e-01
6.763593776252310175e-01,3.456355071002111673e-02,9.428397404861117437e-01,1.120323168252328028e+00,9.938275694442041397e-01,6.872829019031788667e-01,7.372360845186632927e-01,4.906962005679610939e-01,1.054888842358548739e+00,9.754402353543498716e-01,2.155205483174524317e-01,3.872382147088381243e-01,2.748715167014914029e-01,8.783589943392897670e-01,7.111913641984943801e-01,6.359353429077797548e-01,9.597672801862321412e-01,6.412491670069516703e-01,5.259999648315821785e-01,7.375731700570915469e-03,7.282444246071084759e-01,9.251017281551264793e-01,1.058847620627806352e+00,1.258949675896971154e+00,9.145221659773000722e-01,1.087144982824045591e+00,1.155342157301452399e+00,3.139204686707445791e-01,1.441766217784090920e-01,7.222201994691432869e-01,2.763986273804541205e-01,1.251173641670491277e+00,7.079606510324782942e-01,2.141298309302992059e-02,9.143541925902418654e-01,4.863317306522823569e-01,2.288640975670095390e-01,9.271020913662552099e-01,8.328779225039047995e-01,5.442938891826623049e-01,5.498786648559217394e-01,4.170614434819372995e-01,3.184975109631723589e-01,4.166622974363578535e-01,1.094859730768725337e+00,8.470347074886002137e-01,6.956097332848385495e-01,1.202569435506364970e+00,7.021670144653431311e-01,2.167427140840592625e-01,2.046712909639657740e-01,9.214302663001725513e-01,1.061859110335550582e+00,1.471660162921644421e-01,7.536784480565409394e-01,1.098260640383149189e+00,1.195849899333745858e+00,7.334126401621697822e-01,3.482386499520598311e-01,1.036403103298229267e+00,4.716985403440461244e-01,5.783307954361108782e-01,8.129785227003231141e-01,3.030383311219063125e-01,2.017644108588302898e-01,9.408487622391709104e-01,1.238018648229177732e+00,8.244861086485482105e-01,6.737506129338832750e-01,7.576969542103781929e-01,3.552660462194743851e-01,1.658695528838284305e-01,7.947275920305841845e-01,7.132394102177878059e-01,5.923063835159251278e-01,2.933780880629174304e-01,2.480488611610266736e-02,1.569695527603525709e-01,1.241041038202316038e+00,1.287775391929909530e-01,4.907164980546700472e-01,5.504575991750809694e-01,8.464897854727081450e-01,8.508519748910867708e-01,8.597770213105002668e-01,1.056593360508017776e+00,2.049403978982718422e-01,2.477905602692344056e-01,1.050690636929256350e+00,1.182002190239050066e+00,6.764740540251933110e-02
9.656848127192353415e-01,7.798729177796287493e-01,9.503387181311208076e-01,2.609244690233052388e-01,8.883053483172457243e-01,1.105388128987407459e+00,9.843808149268984398e-02,7.258569295294813317e-01,2.464403503901111403e-01,5.497449855989590128e-01,1.080734087157194656e+00,5.542056000450202857e-01,9.901084143601349696e-01,4.897450891860644084e-01,9.776295033416134705e-01,1.095358306544814919e+00,2.616363992163698304e-01,7.926503230103199016e-01,7.501008768932345694e-01,9.507185450088017076e-01,2.092164302826073075e-01,1.425813904458034798e-01,1.418294796296533933e-01,8.806503948431593232e-01,8.550037076347738463e-01,5.591605016438850884e-01,6.193178614723582331e-01,2.942983544657418182e-01,7.263044189433610631e-01,1.228330634823042278e+00,8.968731820304981506e-01,1.749672189015881452e-02,1.449748296255455593e-01,2.636026877397251722e-01,6.238473371811635859e-01,1.098004069387225945e+00,5.366394865176526974e-01,1.061289439558516623e+00,8.012650630925719497e-01,1.146332128991521593e+00,1.176042934041902077e+00,6.690053156508060095e-01,7.663991726897827483e-01,9.050004582504013184e-01,1.031903709801585078e+00,4.571799569745604308e-01,9.409182931907632552e-01,8.323355154008408308e-01,1.551661454834358245e-01,6.756592764083478864e-01,1.128354881693092837e+00,2.059790265251130181e-01,1.919139977487442916e-01,1.055181857729349248e+00,8.720684383687203889e-01,1.239859310186146590e+00,8.177848184763295558e-01,9.177181268380206758e-01,3.374662481416660920e-01,6.155722346772330988e-01,1.032179016740274458e+00,2.559401455013360360e-01,1.133362713728039317e+00,6.051626348612110240e-01,1.133569832224564866e+00,4.060286728566716019e-01,7.191779850184579770e-01,9.946734371244785322e-01,8.890119625943706527e-01,8.296013875411238914e-01,8.390233878451651695e-01,7.203749778095973610e-01,1.853482779575494344e-01,1.239681503617955372e-01,1.868062770333990819e-01,7.505401313908883765e-01,8.141471701091652635e-01,6.109978412683213511e-01,1.681675175258840749e-01,4.900556475345404506e-01,1.042828326529903427e+00,9.029670883363989375e-01,2.445344120981473024e-01,6.058226798725226958e-01,5.183921556143167297e-01,1.888145890266126059e-01,1.968544779049827553e-01,3.035468167672519257e-01,7.097722460054629590e-01,3.131799002434415558e-01,6.693795960623519226e-02
8.775410100725401785e-02,6.320863236008475994e-01,3.275440347119082385e-01,1.152205288899571523e+00,1.881652993144403985e-01,1.945270817041381758e-02,4.371922655444005490e-01,4.805557093985881600e-01,5.887808727694505695e-01,1.133211887070991519e+00,1.167167063555823558e+00,6.466570879008855244e-02,3.906115460686040430e-01,9.058638344272635923e-01,1.108505068902817525e+00,3.075782379925290910e-01,9.335674300732663133e-02,1.015264368761865210e+00,1.245961205547292838e+00,1.083135255468256508e+00,6.476997404928414026e-01,7.141420515963462501e-01,1.589087450648045408e-01,2.910028993077866111e-01,4.607581464476885880e-01,1.979571797961957036e-02,5.640108949782850489e-01,8.877213204761910115e-01,6.431478697344467088e-01,1.855269780040109395e-01,8.835948927004492193e-01,1.278466163343163098e+00,5.503221286767752130e-01,2.133722138525305859e-02,1.202515085763413927e+00,1.423166009435999635e-01,2.322376611489339049e-01,5.268149189783374875e-02,7.489981953106743529e-01,6.899089656050452213e-01,8.538790442152011106e-01,7.959751841034263808e-01,1.179127229703391899e+00,6.515944599275148574e-01,1.017094594306553024e+00,1.183289910984478999e+00,4.544851888413680707e-01,1.152938855107684235e+00,1.033528820931695291e+00,4.576896037979896192e-01,1.017406145686171326e-01,1.184200307230161009e+00,4.379548384577951203e-02,3.372203834885957874e-01,1.171494041909781680e+00,9.187153455416697811e-01,1.029124825609100347e+00,4.119522714481358427e-01,3.556250132546355525e-02,1.005060813478795945e+00,6.201516082068558172e-02,9.782840753068708928e-01,6.607754780837496456e-02,2.724518615500005070e-01,8.000651631495413474e-01,8.002384315952070226e-01,5.951378510562298496e-01,8.857462926757941890e-01,1.615823457456927181e-01,1.010623957878705514e+00,7.982282909737450360e-01,8.883607892551876883e-01,2.423083553205170049e-01,1.248078373570602473e+00,8.832240187590278957e-01,3.942564330301520648e-01,7.377464205590943402e-01,5.547049713102125690e-01,4.586220704794565228e-01,3.808965487494080926e-01,8.052935809749008078e-02,6.365522569890998961e-01,7.256140087771836278e-01,6.381459003252292206e-01,1.244535439212339334e+00,7.499099053176211394e-01,9.293273525194859497e-01,6.754187235894787422e-01,1.254922742741225727e+00,4.841190633352506767e-01,9.246136334873364948e-01
0.000000000000000000e+00,0.000000000000000000e+00,0.000000000000000000e+00,1.290894770801433111e+00,1.290894770801433111e+00,1.290894770801433111e+00,1.290894770801433111e+00,1.795770147325181088e-01,5.341207969409896839e-01,0.000000000000000000e+00,1.290894770801433111e+00,0.000000000000000000e+00,1.290894770801433111e+00,6.801551505994566371e-01,1.290894770801433111e+00,1.290894770801433111e+00,3.337392973577760213e-01,0.000000000000000000e+00,1.290894770801433111e+00,0.000000000000000000e+00,1.060711326469386595e+00,1.290894770801433111e+00,0.000000000000000000e+00,5.371142826507907531e-01,1.290894770801433111e+00,1.290894770801433111e+00,1.290894770801433111e+00,0.000000000000000000e+00,1.290894770801433111e+00,1.290894770801433111e+00,5.203448829121846142e-01,1.290894770801433111e+00,1.290894770801433111e+00,1.290894770801433111e+00,0.000000000000000000e+00,1.272693504553137123e+00,1.290894770801433111e+00,0.000000000000000000e+00,1.290894770801433111e+00,1.290894770801433111e+00,1.290894770801433111e+00,9.972355832497319383e-01,9.595430983410625503e-01,1.290894770801433111e+00,1.290894770801433111e+00,1.076630066881552050e+00,1.008835346037532776e+00,1.290894770801433111e+00,5.129438446425830245e-01,0.000000000000000000e+00,1.290894770801433111e+00,5.534219359003968997e-01,0.000000000000000000e+00,1.214596433147810073e+00,0.000000000000000000e+00,5.250601426489498458e-01,9.375123351157245155e-01,1.290894770801433111e+00,0.000000000000000000e+00,1.290894770801433111e+00,1.091818287887687672e-01,6.702295746883608629e-01,1.205231079350402412e+00,1.290894770801433111e+00,1.290894770801433111e+00,1.029581310257408511e+00,1.290894770801433111e+00,0.000000000000000000e+00,0.000000000000000000e+00,1.290894770801433111e+00,1.290894770801433111e+00,7.978156104471123555e-01,1.290894770801433111e+00,9.850515544071141161e-01,5.335820415204514111e-01,1.290894770801433111e+00,3.288628628227459327e-02,1.290894770801433111e+00,2.034348829664343883e-01,0.000000000000000000e+00,6.934747776601112301e-01,6.951475339336267156e-01,1.290894770801433111e+00,1.696550376992679576e-01,1.290894770801433111e+00,1.290894770801433111e+00,1.290894770801433111e+00,0.000000000000000000e+00,1.290894770801433111e+00,1.290894770801433111e+00,0.000000000000000000e+00
1.290894770801433111e+00,1.235153405887893380e-02,4.049584345789310896e-02,8.033010457699981677e-01,1.290894770801433111e+00,8.130110564839013731e-01,5.370726007931965473e-02,0.000000000000000000e+00,2.346619243851062186e-01,9.601185356709529550e-01,1.125443117210555233e+00,6.500348546168988051e-01,6.113737849197756896e-02,2.036912978463853996e-01,7.008399869240684588e-01,3.705841041347265885e-01,1.265458813616170686e-01,9.410003007026815913e-01,8.219434688070361705e-01,7.702536485658839638e-01,2.063837957406432499e-01,0.000000000000000000e+00,8.293696025600749699e-01,0.000000000000000000e+00,1.009707070132959350e+00,2.396396607225740050e-01,3.877351455746818609e-01,1.224895844208591322e+00,5.684822818649361009e-01,3.531920415898181509e-01,1.111982099289538783e-01,1.032848055491110834e-01,1.125026747548066419e+00,2.653679676750747563e-01,1.745162267094879927e-01,9.977391020521914067e-01,1.290894770801433111e+00,0.000000000000000000e+00,1.290894770801433111e+00,9.778991897019465585e-01,1.290894770801433111e+00,1.158901754947048834e+00,1.204204502130121757e+00,1.290894770801433111e+00,1.059886386617035825e+00,4.776009249410971824e-01,7.360585463674672591e-01,7.930258415062062527e-01,6.993143300488849912e-01,4.117973181979104891e-01,1.185980350374936654e+00,6.596847534467004115e-01,6.633014948990414994e-02,5.034249320137730299e-01,0.000000000000000000e+00,9.742132967070408212e-01,0.000000000000000000e+00,4.747222321084533514e-02,3.726323284075202524e-01,6.174017742878812331e-01,9.018066949272699473e-01,0.000000000000000000e+00,4.880499115575752112e-01,1.964936368585834536e-01,1.290894770801433111e+00,1.123435029240327787e-01,9.087579410189068341e-01,7.443792599480099081e-01,0.000000000000000000e+00,1.330681273526364838e-01,6.139064982353100719e-01,1.136125149500673670e+00,1.111751838217458488e-01,3.237465929481861959e-01,3.808349629717029949e-01,1.290894770801433111e+00,1.264544752518271586e+00,6.246252768421389767e-01,5.950878754474689947e-01,1.290894770801433111e+00,6.573482319619566860e-01,1.290894770801433111e+00,1.110102238677912467e+00,6.589373929937902830e-01,1.629643871702530777e-01,1.176517063853832035e+00,5.848128216992657391e-01,0.000000000000000000e+00,8.063778402700089165e-01,0.000000000000000000e+00,1.142038474241025447e+00
1.290894770801433111e+00,1.290894770801433111e+00,8.070657880225472480e-01,8.842570022770386284e-01,1.290894770801433111e+00,0.000000000000000000e+00,1.290894770801433111e+00,1.290894770801433111e+00,4.606672760513562670e-01,1.290894770801433111e+00,1.290894770801433111e+00,2.220461220733295493e-01,1.290894770801433111e+00,9.495987721197443054e-01,2.414764909158898243e-01,1.498581943750963152e-01,0.000000000000000000e+00,1.821847405651335072e-01,8.935342452500208976e-01,0.000000000000000000e+00,5.344532335822880231e-01,7.013798129703555095e-02,1.281137471273144257e+00,6.031586880851644850e-01,0.000000000000000000e+00,4.530213142154707051e-01,1.249713073937261387e-01,1.290894770801433111e+00,8.740020083771776749e-02,1.290894770801433111e+00,1.290894770801433111e+00,1.226677827851966773e+00,1.290894770801433111e+00,7.109296276041425777e-01,4.533748038521210333e-01,0.000000000000000000e+00,8.679042450147094190e-01,1.320195531886611540e-01,1.290894770801433111e+00,8.241526057642291070e-01,0.000000000000000000e+00,1.290894770801433111e+00,8.412590623294882164e-01,6.584802325198423067e-02,0.000000000000000000e+00,8.430619172085737079e-01,8.859136366015391006e-01,7.523081248205817362e-01,1.262434450130228480e+00,1.290894770801433111e+00,8.180873801803122403e-01,8.636554554221476110e-01,7.806168088809719574e-01,4.531220192170958838e-01,6.532545689905766562e-01,0.000000000000000000e+00,0.000000000000000000e+00,6.409500208606273564e-01,1.290894770801433111e+00,1.248935515496160997e+00,5.534592167594453160e-01,7.952933708268790092e-01,9.084563614375663620e-01,0.000000000000000000e+00,9.368267077060544734e-01,0.000000000000000000e+00,1.336679073108774374e-01,1.290894770801433111e+00,0.000000000000000000e+00,0.000000000000000000e+00,8.996587850754608207e-01,1.253131866142124240e+00,0.000000000000000000e+00,1.099156321998960628e+00,1.151295604758067581e+00,9.940072308741851881e-01,0.000000000000000000e+00,3.884117441726676612e-01,3.733403649087899678e-01,1.132296003906269721e+00,0.000000000000000000e+00,8.530038697424913163e-01,0.000000000000000000e+00,8.674921346927120247e-01,1.290894770801433111e+00,0.000000000000000000e+00,1.290894770801433111e+00,6.472723960938432386e-01,9.334451064734721193e-01,3.228654807359012113e-01,1.290894770801433111e+00
1.290894770801433111e+00,8.246857473272316968e-03,4.340162657474637142e-01,9.571970420050500694e-01,7.482093564772754335e-02,2.928889037306227627e-01,2.821341899067213999e-01,3.327262982294365568e-01,1.037225697877513841e+00,2.653940212279503053e-01,6.813600518275104712e-01,1.017091292427553251e+00,6.931516437877397463e-01,9.552306941712779276e-01,1.066220663984520867e+00,1.290894770801433111e+00,4.734101810556192169e-01,1.136866699014655646e+00,4.315359574256930619e-01,5.973904368785462604e-02,6.700048347896746526e-01,7.087825182761913201e-01,1.022851659344838682e+00,8.625291730675891388e-01,1.290894770801433111e+00,6.912027771135762499e-01,3.901790368200664938e-01,3.240297553503763694e-01,5.200426577380838911e-01,1.290894770801433111e+00,6.183302584265633062e-01,5.325539387784489209e-01,5.199007443005365658e-02,2.160206800704490004e-01,9.638789186127311170e-01,1.165918079803756724e+00,2.573062880047938261e-01,0.000000000000000000e+00,1.290894770801433111e+00,9.325888991255150140e-01,1.290894770801433111e+00,5.446054632151356989e-01,2.862962068943052940e-01,1.290894770801433111e+00,1.085068453538375888e+00,5.721099943292559109e-01,4.082222521942897586e-01,8.484192888761483697e-01,8.029022498081442860e-01,1.209073157100101437e+00,7.419762829423656725e-02,7.990536597222750448e-01,6.188076714823819158e-01,8.049188570084863104e-01,2.633671782864823174e-01,6.251472688431392033e-01,8.576294595178257651e-01,1.010116001068317226e+00,8.915677492639361157e-01,1.019718954890007190e+00,3.077152750022216776e-01,7.989983512747348415e-01,8.464432963419034062e-01,7.508582111833241868e-01,1.290894770801433111e+00,3.508545922823810836e-02,1.251803729146494737e+00,9.807612788648344404e-01,1.612006189615371454e-01,1.144081807625962677e+00,9.681171421218975892e-01,9.447692809087118171e-01,8.999421050091422902e-01,5.675409667949110615e-01,6.967197157110438521e-01,1.290894770801433111e+00,1.188749898518289549e-01,7.651350659888325745e-02,7.896881580634984577e-01,0.000000000000000000e+00,1.009970381595659994e+00,5.586627734879168194e-01,4.421572567120227171e-01,0.000000000000000000e+00,4.230633312729780715e-01,1.140083920361940839e+00,1.290894770801433111e+00,0.000000000000000000e+00,2.039095050220838812e-01,8.096522249162529938e-01,1.112127351588674928e+00
0.000000000000000000e+00,1.290894770801433111e+00,0.000000000000000000e+00,0.000000000000000000e+00,1.290894770801433111e+00,7.337166297293806760e-01,1.290894770801433111e+00,7.400248287146604653e-01,1.046729884218218443e+00,6.674503596584070442e-01,0.000000000000000000e+00,1.290894770801433111e+00,1.290894770801433111e+00,1.760671256497331194e-01,0.000000000000000000e+00,1.290894770801433111e+00,9.741665255541597235e-01,0.000000000000000000e+00,6.608128222844654731e-01,0.000000000000000000e+00,1.290894770801433111e+00,9.708349286515960408e-01,1.290894770801433111e+00,7.811645344649675859e-01,1.290894770801433111e+00,2.266896865953720863e-01,1.290894770801433111e+00,6.388499912419748350e-01,1.285506774677154240e+00,1.290894770801433111e+00,1.290894770801433111e+00,3.860101737808044886e-01,1.290894770801433111e+00,1.290894770801433111e+00,0.000000000000000000e+00,3.519708771651438584e-01,1.290894770801433111e+00,0.000000000000000000e+00,1.290894770801433111e+00,1.173663629232310157e+00,1.290894770801433111e+00,1.100313321777066422e+00,1.290894770801433111e+00,1.290894770801433111e+00,0.000000000000000000e+00,8.103797256029742213e-01,9.451148296633911094e-01,0.000000000000000000e+00,0.000000000000000000e+00,9.544506454863350697e-01,1.290894770801433111e+00,6.271666965081656997e-02,0.000000000000000000e+00,1.019837484380646364e+00,0.000000000000000000e+00,0.000000000000000000e+00,6.776026320829027227e-01,1.066293875172529271e+00,4.771989410524445918e-01,0.000000000000000000e+00,3.365440015061401113e-01,6.725725340389564488e-01,0.000000000000000000e+00,1.290894770801433111e+00,1.290894770801433111e+00,0.000000000000000000e+00,2.870841937194327231e-01,0.000000000000000000e+00,1.257368188881597959e+00,1.287395064567927960e+00,1.290894770801433111e+00,2.697438197804916671e-01,1.290894770801433111e+00,9.525622165151426124e-01,0.000000000000000000e+00,1.290894770801433111e+00,0.000000000000000000e+00,0.000000000000000000e+00,3.838223668600346805e-01,0.000000000000000000e+00,1.290894770801433111e+00,3.871432048224239253e-01,3.042398959404644665e-01,0.000000000000000000e+00,0.000000000000000000e+00,1.290894770801433111e+00,1.290894770801433111e+00,0.000000000000000000e+00,0.000000000000000000e+00,8.552329473662184656e-01,1.290894770801433111e+00
9.895408123543322221e-01,8.177011249137915438e-01,1.155334650520588591e+00,2.786926609861307136e-01,1.249831767544475891e+00,7.276449842277157298e-01,5.305154250045172049e-01,1.084832876886471009e+00,5.620304935855432449e-01,4.760720412459301110e-01,1.209221843197888946e+00,1.439414439250051754e-02,1.290894770801433111e+00,4.299744516496322722e-01,9.826781515989017057e-01,1.045986162771746830e+00,1.199139612802686133e-01,9.848010412057452145e-02,1.029956211312144321e+00,7.636287474299487954e-01,9.772786427237183382e-01,1.048901106766533253e+00,8.155236696073504543e-01,7.548405664418647021e-01,1.496066814821249424e-01,1.037104748039797020e+00,3.895620986981679357e-01,7.825014044471889640e-01,3.757955403634828662e-02,2.618183694033018316e-01,1.183475048508400462e+00,1.328140120516937694e-01,1.221564152851676521e+00,1.116911292831144875e+00,5.237085998410688781e-01,1.058513721577809985e+00,1.849805453484223428e-01,1.285620676277117402e+00,2.333143258123935096e-02,5.703658293695968995e-01,4.530696701260072956e-01,1.133624071054341265e+00,5.723241771041610582e-01,1.290894770801433111e+00,1.102462194924699990e+00,2.076771134739611446e-01,5.062188067415211989e-01,3.658911066932967193e-01,1.072811888410463599e+00,1.114302063276983557e+00,1.010425963673059924e+00,3.796114301025301230e-01,9.513459009084345164e-01,7.720560638881671101e-02,3.971965461466355762e-01,4.199298138336270969e-01,9.208519790559642759e-01,1.290894770801433111e+00,1.117143018259364684e+00,2.748523472529195710e-01,1.212997836619347680e+00,1.262900004028094658e+00,6.284014334739680407e-01,1.290894770801433111e+00,1.290894770801433111e+00,3.671984156034688307e-01,2.706074656021716929e-01,3.824498055634587557e-01,7.553807372910790185e-01,1.290894770801433111e+00,3.938202147326739233e-01,4.886105411919831054e-01,1.138998354164752813e+00,3.372856642810873051e-01,7.011383140925606661e-01,2.517215173098324987e-01,0.000000000000000000e+00,7.888358031466492504e-01,1.228469761658447901e+00,8.153969159227393293e-01,7.975144582922299996e-01,8.623059455192373379e-01,2.907376235729717817e-01,0.000000000000000000e+00,8.193501612179910909e-01,7.747389607917308796e-01,1.290894770801433111e+00,6.019128691092147099e-01,8.925361551321566722e-01,4.821943281997879138e-01,1.277261654798043322e+00
2.545841921796908047e-01,5.476048096993539893e-01,8.381441013637463966e-01,8.024634267917257757e-01,2.790422782825840997e-01,8.597413706436706216e-01,6.813497767529245186e-01,7.616280666707437863e-01,1.113976568878756179e+00,5.805008843001108199e-01,1.140711263006617182e+00,3.143110862208317591e-01,1.290894770801433111e+00,5.406553815881181002e-01,1.009032488384334236e+00,5.068861050692583525e-01,7.282557762122812139e-01,0.000000000000000000e+00,8.265290920145605957e-01,9.699356006299871824e-01,7.499709398749249134e-01,0.000000000000000000e+00,5.780290695994252381e-01,4.032899269398332875e-01,9.163146630100091894e-01,1.290894770801433111e+00,1.181590866944869145e+00,3.758397073750354561e-02,1.001998294926307737e-01,8.434077369765529131e-01,9.426902184762729897e-01,1.290894770801433111e+00,2.649709035771730670e-01,9.312754939303655721e-01,1.003897526919726779e+00,8.619558931554078818e-01,2.543515026919405120e-01,0.000000000000000000e+00,4.549775780195803310e-01,9.985743930104977739e-01,1.290894770801433111e+00,9.992717891334103042e-01,8.349966484089973440e-01,9.322616904523096659e-01,5.258684331501583403e-02,1.290894770801433111e+00,1.037003189191040065e+00,5.734805994832873344e-01,1.108330450782940568e+00,7.106082371725958025e-01,8.961938039678883916e-01,1.106354761599830150e+00,9.171693999381049789e-01,9.497310764209426770e-01,5.511097431076652509e-01,4.881249748346445094e-01,2.710667274232860802e-01,1.290894770801433111e+00,1.461011065774417972e-01,1.006051395914568047e+00,8.233690039604958377e-01,0.000000000000000000e+00,7.020559906745030831e-01,1.207851579883745918e+00,1.290894770801433111e+00,6.960382719069179158e-01,3.645399579408061252e-01,1.149277445513366303e+00,0.000000000000000000e+00,3.232312849427027013e-01,1.212450808209050157e+00,3.076338759415241375e-01,1.100027905770387671e+00,4.292099485805051517e-01,1.290894770801433111e+00,1.290894770801433111e+00,8.322787467944072759e-01,8.433601082536792415e-01,5.127871415831007640e-02,3.873155712349658775e-02,1.122649763827943348e+00,6.060790929422816831e-01,6.087830166585010971e-01,1.568508990479280107e-01,1.107001903250989239e+00,7.387796123635408385e-01,3.280145128114940190e-01,3.535379522382538497e-01,8.045605576988849039e-01,3.076784690558947988e-01,8.984403596084170607e-01
1.290894770801433111e+00,0.000000000000000000e+00,2.517739755515041589e-01,2.549255164223938053e-01,8.595298880967869315e-02,0.000000000000000000e+00,2.167360606746861207e-01,7.179574546122139411e-01,1.290894770801433111e+00,1.078688141060906602e+00,7.351372255025677704e-01,3.229393674592757613e-01,1.131823549929725337e+00,1.290894770801433111e+00,8.723136673021570919e-01,1.290894770801433111e+00,1.025371292492357700e+00,1.290894770801433111e+00,5.708389445055209732e-01,0.000000000000000000e+00,1.495865126311366096e-02,6.292598310657891991e-01,5.753179653814798344e-01,4.425985025026166753e-01,1.076182355075411046e+00,5.900532014065114073e-01,2.603307868697281036e-01,7.428691606162673988e-01,3.006758039958528847e-02,1.186343070357733787e+00,8.429976475809146663e-01,7.191152955099646693e-01,2.117376276350564634e-01,2.052854948325376350e-01,2.103919609377464250e-01,3.000569928052916960e-02,6.700486864946891830e-01,1.401841523699567105e-01,1.233136767949092549e+00,6.485447159076134227e-01,2.598946166727524876e-01,1.693934810003892844e-01,5.743988531420122223e-01,1.290894770801433111e+00,1.290894770801433111e+00,4.198808009425476495e-01,0.000000000000000000e+00,5.003243157775352223e-01,1.775874944137944833e-01,4.094509034999159192e-01,3.537559419533656269e-01,1.290894770801433111e+00,9.189651080013303552e-01,0.000000000000000000e+00,0.000000000000000000e+00,7.917748204616094354e-02,8.115028250717986058e-01,8.792708577565635508e-01,1.290894770801433111e+00,9.407448189978260267e-01,1.279588436603341206e+00,8.712110407091747666e-01,1.290894770801433111e+00,6.849735426708043473e-01,1.290894770801433111e+00,7.979686673021961774e-01,5.316202736853606892e-01,7.793159205297981451e-01,0.000000000000000000e+00,8.214501103091427225e-01,4.961228153131345964e-02,5.256631036536478785e-01,1.811961653883345513e-01,9.844449966900876980e-03,4.374730658494949687e-01,1.290894770801433111e+00,0.000000000000000000e+00,4.765113287380987606e-01,8.076214629048688032e-01,2.570351882918960329e-01,4.751216827968186562e-01,0.000000000000000000e+00,0.000000000000000000e+00,0.000000000000000000e+00,5.562078768523889272e-01,4.393235551623082547e-01,1.290894770801433111e+00,0.000000000000000000e+00,0.000000000000000000e+00,1.290894770801433111e+00,1.210277807926453786e+00
5.561246815155319601e-01,2.551656194603640904e-01,5.350453123243732456e-01,8.673486080930474795e-01,1.229011729272038611e+00,7.206688326918867515e-01,2.106686615886113612e-01,8.042008685865091877e-01,4.589572750027743342e-01,1.018093225071503571e+00,1.290894770801433111e+00,1.273981282494641709e-01,8.747864136546712466e-01,1.342580113753320536e-01,5.758473348457742169e-01,1.290894770801433111e+00,1.025761725867689655e+00,4.620010780413612572e-01,8.287218574260349913e-01,1.536498629899235302e-01,7.703518230123366228e-01,7.888659446724436419e-01,0.000000000000000000e+00,0.000000000000000000e+00,3.344055100115730927e-01,7.416862562409265447e-01,2.714425764175135147e-01,3.313333117490889768e-01,1.290894770801433111e+00,5.324937083598400012e-01,4.632464449575400822e-01,7.718759389433228479e-01,1.106799818154069248e+00,2.905054001736543934e-01,9.931511813446447512e-01,1.089265641087699521e+00,4.806098066535598456e-01,0.000000000000000000e+00,1.114143794635626961e+00,1.199954037690006636e+00,9.855731580831091909e-01,3.952180428834571879e-01,7.300955442948854346e-01,1.290894770801433111e+00,1.251012075200117923e+00,3.129807843368516695e-01,2.669472645396568367e-01,3.175315834952651128e-01,7.030081035779155441e-01,5.685470272310388928e-01,4.193801396886862043e-01,9.986216359167715551e-01,1.070595202641898336e+00,4.754907917624941471e-01,7.244147694364574397e-01,1.443464416753159063e-01,2.609750769813584115e-01,1.125392765205992962e+00,7.278824324027197701e-01,9.523048257173922782e-01,4.999307351930364351e-01,8.451986614232757100e-01,4.904032260670228016e-01,4.994724468139848383e-01,1.290894770801433111e+00,5.339693762853631176e-01,9.343324725165406131e-01,4.183317569475111242e-01,4.313902011320606689e-01,3.681247588347016930e-01,7.436539165204099078e-01,8.621424789838528779e-01,1.290894770801433111e+00,1.185571713045727282e+00,3.502763750810387045e-01,1.055896233772212200e+00,0.000000000000000000e+00,1.186054903721500908e+00,3.868293652736680133e-01,3.769693595992129609e-01,7.944278512835876160e-01,7.145707025386267564e-01,5.233391504289758300e-01,8.203144318213601016e-01,4.851196346089552969e-01,1.264407250226660340e+00,1.290894770801433111e+00,1.663454435085169880e-01,4.578337170762669661e-01,3.641409611806183944e-01,2.239078709796800126e-01
7.848157623688999385e-01,4.145541735871348110e-01,9.028716639732681237e-01,3.648266962906430710e-01,4.467756851693748255e-01,1.272678300686757025e+00,5.607281605985801054e-01,7.731076504156347839e-01,1.256370905101293678e+00,9.406438526371364572e-01,1.093116521911907224e+00,1.389357636497668691e-01,1.407033253241438686e-01,3.646835471047082389e-01,3.071229991108105975e-02,4.497528785562656117e-01,1.160287183394330957e-01,1.259335636548709836e+00,1.046175400752735296e+00,3.876201636885876489e-01,6.717684831788626187e-01,5.239338907026166448e-01,6.714597581814303329e-01,2.624918946589775426e-01,2.393711087543959337e-02,5.459260481702405965e-01,4.477281216647958639e-01,2.861181170190663647e-01,5.595342298095786759e-01,1.092452498430736663e+00,7.926728651732268816e-01,5.187304826653434953e-01,5.103176830471085890e-02,4.619181031480929511e-01,4.812877271561044057e-01,3.953505945352742690e-01,2.277094332331044413e-01,9.597982910026308101e-01,8.706155534101414073e-01,9.592818462815895231e-01,1.290894770801433111e+00,6.979535886049860194e-01,3.084299563597459604e-01,1.290894770801433111e+00,1.864145650783164132e-01,1.428079343078949293e-01,4.694485177431047540e-01,4.874326512147268697e-02,8.028423403981300999e-02,1.234775251448058386e-01,1.290894770801433111e+00,2.403127294624793353e-01,9.912865755751966157e-01,5.994871842629266867e-01,1.467834492573440730e-01,1.213108591586414597e+00,4.454729292940961538e-01,1.380518590556911451e-01,3.836315062861235803e-01,1.154793582713265154e+00,1.189523014654298327e+00,1.027485664339302440e+00,1.614978443178060469e-02,1.172617818264778178e+00,1.278512439308091775e+00,8.365264538146024442e-01,6.784791259337745739e-01,6.630530430656468577e-02,0.000000000000000000e+00,8.706642296334863307e-01,4.642676488291000991e-01,3.550210963511584161e-01,7.954878927286390677e-01,6.978741635449925429e-01,2.520711659347918410e-01,1.290894770801433111e+00,0.000000000000000000e+00,1.634363396815339056e-02,4.912568596999953852e-01,4.626699561600798871e-01,4.812533917704971964e-01,6.221426976914242735e-01,1.737730936955724503e-01,4.582158752835850390e-01,6.323119315114933414e-01,1.290894770801433111e+00,6.004229747257395777e-01,1.186184942292529909e+00,1.290894770801433111e+00,2.263644128363202501e-01,1.088731221166759078e-01
9.449788264800307314e-01,1.941403957840864003e-01,9.983153572062405945e-02,4.716768345312916111e-01,4.514176797629963489e-01,2.152320314484316433e-01,0.000000000000000000e+00,6.971953572167781665e-01,2.529346737710960191e-01,2.546184522159000707e-01,1.158996032641878671e+00,4.673356534827990405e-01,7.946364482911971727e-02,4.927872408507985580e-01,7.489492272664164396e-01,9.716957154659355833e-01,3.524334070901777305e-01,1.100773176289066901e+00,1.252930533868321206e+00,5.223982284154904399e-01,9.355345202313697373e-01,1.905168981459890234e-02,5.497860308815032404e-01,3.887862287952889018e-01,1.239298539737892835e+00,6.042252552480900096e-01,2.948850708836077694e-01,1.198737597652111964e+00,1.000114265648283318e+00,2.756403553843010945e-01,4.832124924240557284e-01,1.912408388304563667e-01,3.809522312653584319e-01,3.930452443077355612e-02,3.562539910777466901e-01,1.123181472992011987e+00,1.000047545976881391e+00,0.000000000000000000e+00,1.290894770801433111e+00,1.099887510267351765e+00,1.180357333644454831e+00,3.800300228869566976e-01,2.301016804432214069e-01,1.290894770801433111e+00,1.290894770801433111e+00,9.454673255467437309e-01,2.414434594800047851e-01,1.290894770801433111e+00,6.102055580425748138e-01,0.000000000000000000e+00,9.030799263733215732e-01,1.307515464547449602e-01,0.000000000000000000e+00,1.142019903700073336e+00,2.692456894575788739e-01,3.184025911662102248e-01,9.730791160303151610e-01,0.000000000000000000e+00,5.655815116365633388e-01,1.290894770801433111e+00,7.686410666074607045e-02,1.189204671055675178e+00,3.411454968748884320e-01,7.973433674373249236e-01,1.290894770801433111e+00,2.918290504216596304e-01,1.031180893573215629e+00,9.593847398351544875e-01,0.000000000000000000e+00,1.290894770801433111e+00,5.554881761698720055e-01,1.152754134662753671e+00,8.841654593592136457e-01,5.021098154662338026e-02,1.207481391874871912e+00,1.155909449732805516e+00,0.000000000000000000e+00,8.901862716418430521e-01,3.510261362548832142e-01,7.480535846061667771e-01,1.133393790713064453e+00,2.492425943326084248e-01,1.226265157802402250e-01,8.619502803244181166e-01,1.953423442883894801e-02,1.290894770801433111e+00,1.099681971981618434e+00,0.000000000000000000e+00,1.290894770801433111e+00,1.204355903090235325e+00,8.468609591521747415e-01
6.084858814968736596e-01,0.000000000000000000e+00,3.538398498965217298e-01,2.187596714202089954e-01,5.839793591776147874e-01,5.758847853379046589e-01,8.613487451237685777e-01,5.574865160681381493e-01,7.751941054882413029e-01,4.394355294713755411e-01,1.290894770801433111e+00,0.000000000000000000e+00,1.290894770801433111e+00,7.051642150453558688e-01,2.642968496677015611e-01,8.366434514233683784e-01,7.026132542670293635e-01,0.000000000000000000e+00,5.929586893599440023e-01,0.000000000000000000e+00,9.246468404909711225e-01,1.054852983793680199e+00,1.112002861017138827e-01,0.000000000000000000e+00,7.805954173032612076e-01,9.494892414775641942e-01,3.615259944404083936e-01,3.089303820952258306e-01,5.707270901176246802e-01,3.561196571088333651e-01,7.913747776449270299e-01,8.563987117664771942e-01,1.991407835537613302e-01,1.279826563966621533e+00,4.875747465082756471e-01,4.217684265160542290e-01,2.341961758129258164e-01,5.334233183274124102e-01,4.786634610519528432e-01,1.039337386916500128e+00,1.177813131654754430e+00,5.371170638242611650e-01,8.854818107398825244e-01,1.290894770801433111e+00,3.678848792976699977e-01,5.730789111405325542e-01,1.290894770801433111e+00,9.345263433374417783e-01,8.953084071916862507e-01,9.698394002243194700e-01,1.002200635279047125e+00,3.104311276018799637e-01,1.290894770801433111e+00,1.955409343486596840e-01,9.965518523578206223e-01,8.418243701740186768e-01,1.110104745543861876e-01,1.180073013452673791e+00,5.949741943243948006e-01,9.013186241496081719e-01,1.290894770801433111e+00,7.420259239163693454e-01,8.712979918994739892e-01,1.096895887031338335e+00,1.290894770801433111e+00,1.810842174791318648e-01,0.000000000000000000e+00,7.631694914451782052e-01,2.846299884736058217e-01,3.362012890713346747e-01,8.644585953477419427e-01,9.436374124229486293e-01,1.097682539180918404e+00,9.031921291280724517e-01,4.837675314692949785e-02,1.021965926162649918e+00,0.000000000000000000e+00,5.641721324676509663e-01,6.870602036328848916e-01,8.832076050536664669e-01,2.987915104849955261e-01,2.298819149366275183e-01,8.340513134074141188e-01,0.000000000000000000e+00,1.290894770801433111e+00,7.124059836917937538e-01,5.200409251809685607e-01,6.670796100534988060e-01,1.290894770801433111e+00,0.000000000000000000e+00,0.000000000000000000e+00
1.554003262338268243e-01,9.691830506684902258e-02,0.000000000000000000e+00,1.290894770801433111e+00,1.290894770801433111e+00,2.843696735145690990e-01,1.290894770801433111e+00,2.104580933998257686e-01,5.098222310582302130e-01,8.574902076984559918e-02,9.721017902147593981e-01,0.000000000000000000e+00,1.290894770801433111e+00,9.205345973242953228e-01,1.121381130713327678e+00,3.237560362874783992e-01,6.071848937815467195e-01,5.439171825877215510e-02,1.038300138388893679e+00,3.896396763752580927e-01,2.279765074833232097e-01,9.187555730643245377e-01,1.161943698593245644e+00,5.749781021826212424e-01,8.653065933260629672e-01,2.327305634592745365e-01,8.499738828912686284e-01,7.079519394285650469e-01,2.288988853704427839e-01,1.030337252427949712e+00,1.206902199091798966e+00,8.758532920113299980e-01,1.106858981251965801e+00,7.657944997541084042e-01,1.989609866235846902e-01,8.143879129769960867e-01,1.290894770801433111e+00,1.731878203076027412e-01,5.941919027280664345e-01,1.035976164210321127e+00,8.501885145263319288e-01,1.201855403219181939e+00,9.313640528416446962e-01,1.290894770801433111e+00,0.000000000000000000e+00,1.290894770801433111e+00,1.290894770801433111e+00,5.526011167293541637e-02,8.933299326437670329e-01,4.541442106702021086e-01,1.290894770801433111e+00,6.627817616105123877e-01,3.796855302997946269e-01,7.608846416227766918e-01,8.865653808576891004e-01,1.290894770801433111e+00,7.479512369905776392e-01,6.849426556934858912e-01,2.332160827010516246e-01,1.087717586668383474e+00,1.008846308974153061e+00,4.102560801351376463e-01,1.239337330634946666e+00,1.290894770801433111e+00,1.290894770801433111e+00,6.747386445593600568e-01,1.206814513580740877e+00,8.678269643924726440e-01,0.000000000000000000e+00,1.473319239743133557e-01,9.030872057473879888e-01,1.044668612456159718e+00,6.227152354014942048e-01,7.949625486159845877e-01,1.073749104289312584e+00,1.290894770801433111e+00,1.259653772125223670e+00,5.154516757843422559e-01,8.444979914197850990e-01,0.000000000000000000e+00,5.458520370229904550e-01,9.863543913282977194e-01,6.376614384569958549e-01,6.822271998440605778e-02,1.254270083756418019e+00,7.765927180746087233e-01,7.367295713418496872e-01,2.845305814691041491e-01,6.687968375080797223e-01,0.000000000000000000e+00,2.752284820625212070e-01
3.098760572020275439e-01,4.126160983648437530e-01,7.312051574721785130e-01,9.901928778699693456e-01,8.928276874506353433e-01,6.217930730758221003e-01,1.290894770801433111e+00,3.849739725614044761e-01,5.953660272596074110e-01,7.131148689487389891e-01,1.290894770801433111e+00,7.337178922538835080e-01,1.190203793874317073e+00,7.191098808914156981e-01,6.446874099822224036e-01,7.937873422779084809e-01,9.298162098882155613e-01,3.548520855440802091e-01,8.832553209596744059e-01,6.460621594954574221e-01,7.525423440608612902e-01,1.290894770801433111e+00,4.643484942750910616e-01,7.868910489270384279e-01,1.044697220654320358e+00,4.399780200556649423e-01,7.830225040611390463e-01,2.446065623059617278e-01,9.915291769655104615e-01,1.290894770801433111e+00,4.098164135240554007e-01,1.016915704265560105e+00,1.146428472493357553e+00,1.029416044365974336e+00,2.934957615323743885e-01,1.090795165475402007e+00,1.233089048542073352e+00,0.000000000000000000e+00,1.158495998011168204e+00,8.082006030962985976e-01,1.290894770801433111e+00,5.096105893992728397e-01,1.127414123921272271e+00,1.221310231292579873e+00,2.809782308827055153e-01,1.262602234808172241e+00,6.711036999839066208e-01,6.492216154935390726e-01,1.104754123926999565e+00,1.290894770801433111e+00,5.911794230455255095e-01,2.066868780176770726e-01,6.922543489996899058e-02,4.944072184337334752e-01,7.611250017898021358e-01,8.039822140374929260e-01,6.722025262843581705e-01,1.290894770801433111e+00,4.565505974392631838e-01,1.290894770801433111e+00,3.776812069727565890e-01,4.680478418486792580e-01,3.877636916042079829e-01,7.907712791843741762e-01,1.290894770801433111e+00,8.965857337933146320e-01,5.688604391933620441e-01,0.000000000000000000e+00,3.503293999879483200e-01,8.597519942283464722e-01,9.921330636644406509e-01,6.171032738984959520e-01,8.805261497878180688e-01,3.391499863775661594e-01,6.541916030632983770e-01,1.290894770801433111e+00,7.044108912778702658e-01,1.030348816046303684e+00,9.888444269916945029e-01,0.000000000000000000e+00,5.246970756502397082e-01,9.464912147596610259e-01,1.290894770801433111e+00,4.110494079920800625e-01,1.083988894936744662e+00,9.234620147122628575e-01,4.417919739398349921e-01,3.495811011376698252e-01,1.186174204229123452e+00,1.066088763631315439e+00,5.870573562150042113e-01
1.290894770801433111e+00,0.000000000000000000e+00,4.289059270845897998e-01,1.290894770801433111e+00,1.277431465469448302e+00,1.188737960345939593e+00,9.539560767764927451e-01,1.290894770801433111e+00,1.227681115801075418e+00,5.880083978313809245e-01,1.290894770801433111e+00,0.000000000000000000e+00,1.290894770801433111e+00,2.965497181569823337e-01,4.869721031960113633e-01,1.004083117869521313e+00,3.792909347989434909e-01,1.043784184737116094e+00,1.290894770801433111e+00,0.000000000000000000e+00,5.657955250059073515e-01,0.000000000000000000e+00,1.290894770801433111e+00,0.000000000000000000e+00,1.236557320970553153e+00,8.672788190796658359e-02,4.626026792342914362e-01,0.000000000000000000e+00,0.000000000000000000e+00,1.290894770801433111e+00,8.999863881195360182e-01,2.291886623434535863e-01,1.290894770801433111e+00,2.859612863202952715e-01,4.259450420799701931e-01,1.290894770801433111e+00,9.043311183152322741e-01,7.190175257943939857e-02,1.290894770801433111e+00,1.290894770801433111e+00,1.290894770801433111e+00,1.290894770801433111e+00,1.091135772453534880e+00,1.290894770801433111e+00,3.862459938504544943e-01,5.011732486341681225e-01,5.181238043574537544e-01,0.000000000000000000e+00,0.000000000000000000e+00,1.127761013029580761e+00,1.290894770801433111e+00,1.290894770801433111e+00,9.729015668493615765e-01,1.290894770801433111e+00,0.000000000000000000e+00,5.007073448595555920e-01,0.000000000000000000e+00,6.930337617462382083e-01,7.416551287302382001e-01,1.290894770801433111e+00,8.867811701498522492e-01,0.000000000000000000e+00,1.290827678312854943e+00,1.290894770801433111e+00,1.290894770801433111e+00,4.198971469104509913e-01,1.290894770801433111e+00,8.936764875571231448e-01,0.000000000000000000e+00,7.971107397275126738e-01,1.290894770801433111e+00,1.290894770801433111e+00,1.276427261120354650e+00,1.290894770801433111e+00,1.175622444173002323e+00,1.290894770801433111e+00,1.844347418054980911e-02,1.562231062370707801e-01,0.000000000000000000e+00,2.822782381841812960e-01,6.252310720223385188e-01,1.281027733080464692e+00,3.837800118739190802e-01,0.000000000000000000e+00,7.374072532706295036e-01,1.290894770801433111e+00,1.290894770801433111e+00,3.601918025846902460e-01,0.000000000000000000e+00,0.000000000000000000e+00,1.283836934253138606e+00
9.258322519123000083e-01,1.053893108339096329e+00,1.084163044171912560e+00,1.149218318308810466e-01,3.485448363245991499e-01,7.963712847240640436e-01,1.150207621065176378e+00,2.382262592500988124e-02,9.763942069575302085e-01,4.787047941805453455e-01,6.920911063054390189e-01,0.000000000000000000e+00,1.290894770801433111e+00,1.109038957622987098e+00,1.230388756179515264e+00,4.525440727456653822e-01,3.964971649388820407e-01,1.289425981972909474e+00,1.155789184866867325e+00,1.779808395468462923e-02,3.170238066400032362e-01,9.707589810442281975e-01,1.104176222996577694e+00,8.317330722756552941e-01,3.386933351989335761e-01,1.176320797338916035e+00,8.458606348014323650e-01,4.174238351879406284e-01,4.191539015223846171e-02,2.060645390590510329e-01,5.137393204691800275e-01,1.181180991574812600e+00,1.111180678479396056e+00,6.730505016211833780e-02,2.980018055868091098e-01,6.095688596658694891e-01,4.274502680075785710e-01,5.299341425748360646e-01,6.235532299388375499e-01,3.529743352614410634e-01,7.174431639972895791e-01,1.780395985559604932e-01,6.374467303470311430e-01,1.290894770801433111e+00,9.179193156941302112e-01,8.782801574337784078e-01,1.088523271118184033e+00,1.060034409169724468e+00,1.786514114660965602e-01,2.142013269286257848e-01,1.704743200906435607e-01,7.323474882460691004e-01,1.135428784250790191e+00,9.633408002171154338e-01,1.141219585297478245e+00,1.109952338805658023e+00,7.996324276271022935e-01,6.825687049160084063e-01,1.207060537928315247e+00,1.290894770801433111e+00,6.746742199312164567e-01,9.752968477722031571e-01,8.027829304977577296e-01,2.901507995879173962e-01,1.290894770801433111e+00,1.004971760259846247e+00,1.036359456788733535e+00,1.116803222574924925e+00,3.769876003783051432e-02,4.836569529489392200e-02,5.987307211616877539e-02,1.275985981649087053e+00,4.416772546893441564e-01,5.898682423504131300e-01,4.930835323845611518e-02,1.290894770801433111e+00,0.000000000000000000e+00,1.242601878262241222e+00,4.232832822453913568e-01,7.682082536668034534e-01,1.290894770801433111e+00,5.865748157257073547e-01,1.001836894277156498e+00,0.000000000000000000e+00,4.499354458307822657e-01,1.290894770801433111e+00,1.290894770801433111e+00,1.138560904481606517e+00,6.887305699814898485e-01,9.063112033379913113e-01,1.903144690832565544e-01
1.096575165061696833e+00,6.796235338163675310e-01,0.000000000000000000e+00,1.267813931289846208e+00,1.290894770801433111e+00,4.975950163687949956e-01,2.894159903367214404e-01,8.011844820527032063e-01,3.113341527472824333e-01,1.095086991915428243e+00,4.415376874909811566e-01,0.000000000000000000e+00,6.299139370492080614e-01,1.048896789207031777e+00,1.533996994683072268e-01,1.021394749566409077e+00,6.259453022605321326e-01,5.140388903637532758e-01,6.076817129192370048e-01,0.000000000000000000e+00,7.992195774157653254e-01,1.029936061556557814e+00,9.150767406015349881e-01,1.057466446769155022e+00,3.024582732321606793e-01,2.420200046430539542e-01,3.150667907967453774e-01,1.085887867022064190e+00,7.871482989137871256e-01,9.494653065785928492e-01,1.055005648971573784e+00,6.259287058981148899e-01,1.005549068079938241e-01,8.351614805967154664e-01,2.696432046061458809e-01,9.837363825006834039e-01,8.536286697496729969e-01,0.000000000000000000e+00,1.165594037653703507e+00,1.056935467794802186e+00,1.225969569770717582e+00,1.020104492213883995e+00,3.697757197123819339e-01,1.290894770801433111e+00,1.266886969491053172e+00,3.862245256285162243e-01,2.738226124532736408e-02,9.208563030211219802e-01,8.433091900256833862e-01,1.075358440761177592e+00,8.399129482592960771e-01,8.718312317527711075e-01,1.259517456836957372e+00,5.524459791118420116e-01,0.000000000000000000e+00,1.022251116415645866e-01,5.680291165016921884e-01,4.250658299726163825e-01,7.420076818317676848e-01,1.290894770801433111e+00,5.248664669591498466e-01,7.725692042199869825e-01,1.290894770801433111e+00,1.290894770801433111e+00,1.290894770801433111e+00,1.100201581672464846e+00,1.161989445528278875e+00,1.030225788309514945e+00,1.170079810390926012e+00,6.709161178335643072e-01,7.579846990337417711e-01,1.058424576655063731e+00,1.051227736703820526e+00,1.227246753860865347e+00,1.136766209394249438e+00,1.290894770801433111e+00,3.372585253062060917e-01,2.182088667386633818e-01,1.223730693705362915e+00,2.126109126854615339e-01,1.290894770801433111e+00,4.176652965680976992e-02,9.706613741264576989e-01,4.444231967458616706e-01,7.208268492332416955e-01,8.036581674988189095e-01,1.290894770801433111e+00,0.000000000000000000e+00,1.034213715301937508e+00,5.190947901240260398e-01,1.281850864880049068e+00
1.268775370051658635e+00,0.000000000000000000e+00,2.707862534413242594e-02,5.610416343800797012e-01,1.290894770801433111e+00,4.004163083805372114e-01,7.320426579142395862e-02,4.099188475254744168e-01,8.880210845034439693e-01,9.032604101456468415e-01,3.840876168701669036e-01,0.000000000000000000e+00,1.290894770801433111e+00,1.012512248406040483e+00,1.290894770801433111e+00,7.120896363959523523e-01,6.799963879868912153e-01,3.967308722348689698e-01,1.757577109889439659e-01,3.361034498641476409e-01,2.206599824163909263e-01,3.199213499006853256e-01,8.631136480405577904e-01,0.000000000000000000e+00,6.459838511117469428e-01,1.290894770801433111e+00,9.796059700365901124e-01,7.301666785148698269e-01,9.938415694114556276e-01,1.290894770801433111e+00,1.290894770801433111e+00,1.143772196254728701e+00,7.743329497879399836e-01,4.198091806247183921e-01,7.830200673805199907e-01,1.290894770801433111e+00,1.090459260036706013e+00,1.053740495438943992e+00,7.881524269438520136e-01,1.290894770801433111e+00,5.990069060154782354e-01,1.290894770801433111e+00,1.261785381685260443e+00,1.290894770801433111e+00,9.491612144367986836e-01,8.717955294304423619e-01,1.290894770801433111e+00,0.000000000000000000e+00,2.320719340458760604e-01,1.029320361496153247e-01,1.062654576743857104e+00,1.290894770801433111e+00,1.044582479150326426e+00,1.106476248658827100e+00,1.614197047192288681e-01,7.829527170055868845e-01,6.431584418718334639e-01,5.294429146939221287e-01,6.472536431858287864e-01,1.290894770801433111e+00,6.298624332962587946e-01,5.109027129786851695e-01,8.127870559506182868e-01,1.046008315973671277e+00,1.290894770801433111e+00,8.691595198620648555e-01,1.255322374920109674e+00,5.800146940083261704e-01,7.921748732979670971e-01,8.495393387672037777e-01,4.479778796898700177e-01,4.994037414054741109e-01,5.985991648980221180e-01,1.290894770801433111e+00,6.425529843495649818e-01,1.210101932669853220e+00,1.329479774644306000e-01,3.222912609948299090e-01,0.000000000000000000e+00,0.000000000000000000e+00,9.828113144658854328e-01,1.010945591374961428e+00,2.713041444106167321e-01,5.127461636768626541e-01,5.519700804237916980e-01,1.290894770801433111e+00,1.290894770801433111e+00,2.523825753243917336e-01,7.310585181578657110e-01,0.000000000000000000e+00,1.515570292296206933e-01
2.714268155097904756e-01,5.488535269147534201e-01,7.095868319449429862e-01,1.250716662144549352e+00,3.972004261816551862e-01,1.020366165047402074e+00,1.290894770801433111e+00,1.105082717512976404e-01,1.175404635929513830e+00,7.138136745896028756e-01,6.433412363820986135e-01,0.000000000000000000e+00,1.290894770801433111e+00,5.483436182964402938e-01,9.322897245880571448e-01,3.399406716395067529e-01,1.188858500350947089e+00,7.777896852591826837e-01,8.566540897742653815e-01,2.190275980593343330e-01,2.597948584620687340e-01,9.434916207602420668e-01,7.732417750576963122e-01,0.000000000000000000e+00,4.567030652394739043e-01,6.799476435872628954e-01,1.644268636575297871e-01,5.314663664337580112e-02,6.944756935562160782e-01,6.655398268528082140e-01,1.059694280844527770e+00,1.057596164764013968e+00,5.288347896353732258e-01,3.691392752352828932e-01,1.077845504377156649e+00,1.822923004961307103e-01,1.044807422129479857e+00,1.022914604849508802e+00,1.197574754230936733e+00,1.290894770801433111e+00,5.899189238065776220e-01,5.627977081703184892e-01,2.911136609312371948e-01,1.290894770801433111e+00,1.258075015378124162e+00,1.427133298708005427e-01,3.632672681982318519e-01,5.801663114823801815e-01,0.000000000000000000e+00,3.859491920932357767e-02,1.149651259650733337e+00,6.726428959424191056e-02,8.412406996292814965e-01,1.130734544475052727e+00,6.510552488152759887e-01,1.274250935326704637e+00,1.045673592262799989e+00,1.208635613404949627e+00,5.909041328414775529e-02,1.498986855507016269e-01,4.135378553866766449e-01,9.261457152311587393e-01,9.150824807975128650e-01,1.175919292585844378e+00,1.290894770801433111e+00,6.447464986313113933e-01,8.979554725216534194e-01,5.848665194883988505e-01,8.923808416370454522e-01,2.961581546780785446e-01,1.142338835767239713e+00,4.466535689541387133e-01,1.075864054090578614e+00,1.290894770801433111e+00,1.276473228171137730e+00,8.353593490839363034e-02,7.703765615557208735e-01,9.145031206745810048e-02,0.000000000000000000e+00,0.000000000000000000e+00,5.571292684797249928e-01,5.766520340402688793e-01,9.392330423918061610e-01,9.544637517019404216e-01,8.357534199447321788e-01,1.290894770801433111e+00,1.290894770801433111e+00,1.063280490809364709e+00,2.050740176557314456e-02,1.114405435058125393e+00,7.210344840135263222e-02
1.205833720899772254e+00,0.000000000000000000e+00,6.830600668630832928e-01,4.328139392437684863e-01,9.996636786363980454e-01,0.000000000000000000e+00,0.000000000000000000e+00,1.450787415029630156e-01,1.290894770801433111e+00,4.933946168505191389e-03,1.290894770801433111e+00,0.000000000000000000e+00,1.290894770801433111e+00,1.290894770801433111e+00,1.290894770801433111e+00,1.290894770801433111e+00,8.582743525552455344e-01,2.668364747057004951e-02,7.525590821418676191e-02,0.000000000000000000e+00,5.911219334686198534e-01,9.504890591865775007e-02,0.000000000000000000e+00,0.000000000000000000e+00,1.290894770801433111e+00,1.290894770801433111e+00,2.999094226924878259e-01,0.000000000000000000e+00,0.000000000000000000e+00,1.290894770801433111e+00,1.290894770801433111e+00,1.290894770801433111e+00,1.290894770801433111e+00,5.948056341106413569e-01,6.108368397167296404e-01,1.288472326639908960e+00,0.000000000000000000e+00,1.122904424086196062e+00,5.263088747234879738e-01,1.015259534170095845e+00,9.287506322199625686e-01,2.929807596636969658e-01,7.401523292395674192e-01,1.290894770801433111e+00,9.577116257628298657e-01,7.695577559965363634e-02,8.362346977718748686e-01,5.160850890106988276e-02,9.065592077866481135e-01,5.887765076448331358e-01,4.289485404991763007e-01,1.290894770801433111e+00,1.290894770801433111e+00,0.000000000000000000e+00,1.053645416295462267e+00,0.000000000000000000e+00,1.290894770801433111e+00,1.290894770801433111e+00,7.536387275924703033e-01,1.290894770801433111e+00,9.995357971017260201e-01,1.043477329060854553e+00,1.290894770801433111e+00,1.290894770801433111e+00,1.290894770801433111e+00,0.000000000000000000e+00,1.288123569943109836e-01,0.000000000000000000e+00,0.000000000000000000e+00,1.209809838473991039e+00,3.894667764022823331e-01,8.122081726816036129e-01,1.290894770801433111e+00,0.000000000000000000e+00,1.391661600549581046e-01,1.290894770801433111e+00,0.000000000000000000e+00,0.000000000000000000e+00,8.063498479629124249e-01,0.000000000000000000e+00,5.508862442546231808e-01,1.290894770801433111e+00,0.000000000000000000e+00,0.000000000000000000e+00,0.000000000000000000e+00,1.290894770801433111e+00,1.290894770801433111e+00,0.000000000000000000e+00,0.000000000000000000e+00,0.000000000000000000e+00,0.000000000000000000e+00
1.290894770801433111e+00,6.527348563157482353e-01,1.124480008347082505e+00,5.887293933032407001e-01,4.036087725742943388e-01,5.887291147770908895e-01,5.021044122743876237e-01,1.667084593432130446e-01,5.213849228931621838e-01,9.403546653080796514e-01,1.747242498327052085e-01,2.422494756333621810e-02,1.290894770801433111e+00,5.302281503073020819e-01,9.616786879699855684e-01,1.180976343681769736e+00,9.942415282222547557e-01,1.233649016552449545e-01,3.705363378618086734e-01,2.163550797514318946e-01,6.376710012371103464e-02,1.155863053963191112e+00,7.208907863805165128e-01,0.000000000000000000e+00,7.909963429544321079e-01,4.073822029310378290e-01,2.736100936416128171e-01,3.495342064344917898e-01,2.936675067677401163e-01,1.023259223720286881e+00,1.270341438937663270e+00,3.021594409023363736e-01,1.004322410206494931e+00,1.678709994181990239e-01,1.038742412227381395e+00,9.988333925329709873e-01,2.683737981428859221e-01,4.485838644214173998e-01,1.168890317215909969e+00,1.138507536293535821e-01,6.645995771501617133e-01,7.453109866144008722e-02,8.033672592584706340e-02,1.290894770801433111e+00,7.053847159177055737e-01,2.799448548282466032e-01,8.706130395953409762e-01,1.146099313448267987e+00,2.155739543106402478e-01,7.839904764791610914e-01,1.171222133199903093e+00,7.510889111931953188e-01,2.774579989414698855e-01,6.559090242234499879e-02,8.628539001523518603e-01,1.028120968488217768e+00,9.035149774780032450e-01,7.683881695262907430e-01,7.430247094516049255e-01,4.092139757704357228e-01,1.142424274205231072e+00,9.635131423261125150e-01,0.000000000000000000e+00,4.274282348213316318e-01,1.290894770801433111e+00,9.962527073616589401e-01,1.290894770801433111e+00,3.784214705475816842e-01,1.208413361414101550e-01,1.393804467905978006e-01,1.009162739414470877e+00,5.723616175336214695e-01,5.827971556042529366e-01,1.061322235100097933e+00,7.673862334898539084e-01,4.724839136404958562e-01,0.000000000000000000e+00,1.252978796910052317e+00,0.000000000000000000e+00,9.862442169545624360e-01,8.966128546089580098e-01,9.862418524360248018e-01,9.522206880404721074e-01,0.000000000000000000e+00,9.597364460077669746e-01,1.290894770801433111e+00,1.290894770801433111e+00,1.025086233913223621e+00,7.916877061899381118e-01,6.374362086527807225e-01,1.146020629922970269e+00
0.000000000000000000e+00,0.000000000000000000e+00,0.000000000000000000e+00,1.251052496757891541e+00,1.290894770801433111e+00,9.002328135260636577e-01,1.169121468299216815e+00,4.233066476887483720e-01,1.290894770801433111e+00,1.544209452304588781e-01,1.090939686275608445e+00,0.000000000000000000e+00,8.207348642718317322e-01,5.254525042631792431e-01,7.370630607784971478e-01,0.000000000000000000e+00,0.000000000000000000e+00,8.480249336871986676e-01,1.079180722727403730e+00,0.000000000000000000e+00,3.880909005178574400e-01,4.500809840973760134e-01,1.290894770801433111e+00,0.000000000000000000e+00,0.000000000000000000e+00,9.618503002792810896e-01,0.000000000000000000e+00,0.000000000000000000e+00,0.000000000000000000e+00,3.778652979959147284e-01,5.725672078013011035e-01,8.995926974214462080e-01,0.000000000000000000e+00,2.991705356315026987e-01,1.095415138608641370e-01,1.314587897579626574e-01,2.785383469073819951e-01,1.303678672440035657e-01,9.730847902800289217e-01,1.290894770801433111e+00,2.918785145216025168e-01,1.290894770801433111e+00,6.089471343010031124e-01,1.290894770801433111e+00,7.859451568760482676e-01,3.238828619035350465e-01,6.300876025790855817e-01,7.816931102330172410e-01,8.199748184192084954e-02,0.000000000000000000e+00,1.290894770801433111e+00,1.036523066643692648e+00,6.912958898368009031e-01,1.079185804389559244e+00,0.000000000000000000e+00,1.290894770801433111e+00,6.769876328793797970e-01,9.728835163541039721e-01,1.915392828285122084e-01,3.396324210316231662e-01,8.484780312843582806e-01,1.290894770801433111e+00,1.290894770801433111e+00,1.125704384444751627e+00,1.290894770801433111e+00,5.299923172889854373e-01,1.290894770801433111e+00,1.290894770801433111e+00,8.360305505400120185e-02,1.808855632986750839e-01,1.290894770801433111e+00,1.290894770801433111e+00,1.119451656809625106e+00,1.290894770801433111e+00,9.668902041082209076e-01,7.816705913544991224e-01,0.000000000000000000e+00,1.360689425798376484e-01,0.000000000000000000e+00,0.000000000000000000e+00,6.737684477100003289e-01,3.784982287306706272e-01,5.306922206411971571e-02,5.127341030372039032e-01,1.121370268571432183e+00,1.290894770801433111e+00,1.290894770801433111e+00,3.126931613308176483e-01,6.264983132843934266e-01,1.497611776656222748e-01,3.136963498599169564e-01
1.000890902822454631e+00,1.075574505299011996e+00,7.722618912760786936e-01,1.229356149358859840e+00,8.264206555137808552e-01,5.859682257125778948e-01,1.187758184423998609e+00,3.538715923074656211e-01,1.290894770801433111e+00,7.515222041580352785e-01,4.786691035067201505e-01,0.000000000000000000e+00,1.290894770801433111e+00,3.427996963051490042e-01,2.863013802053949730e-01,1.467429093018134401e-01,0.000000000000000000e+00,5.042247410748950109e-01,7.580669037442329117e-01,5.504252513226419730e-01,1.031177097742064230e+00,1.881166206168128907e-01,3.833172805395179128e-01,5.815085157633562707e-01,5.760300762921702900e-01,3.408786364104011701e-01,8.313000022141514567e-01,4.725103980698673323e-01,1.387140077512588054e-01,1.290894770801433111e+00,1.326402965341820783e-01,1.290894770801433111e+00,3.323112391338172156e-01,2.282011357455329681e-01,9.491431264515075572e-01,7.597587325056285312e-01,2.654903683997933417e-01,1.267650503253220151e+00,9.837746146116432833e-01,1.290894770801433111e+00,2.360935848357605671e-01,1.131160765513099298e+00,5.098389301565157128e-01,1.290894770801433111e+00,2.108811359636492966e-01,2.872965834640754945e-01,7.438677416495341754e-01,0.000000000000000000e+00,8.036718037255662361e-01,4.232653272978796899e-01,8.954515910829528025e-01,6.957309842981346248e-01,6.280969995389493188e-02,6.861340360906710290e-01,3.265669868646342566e-01,1.241809147372721078e+00,1.014556318859509698e+00,4.244499050395668660e-01,5.855238696101953133e-01,9.318029959567088183e-02,1.008343751686057027e-01,1.590632348681143560e-01,1.224916120162065303e+00,4.729110048755605922e-01,1.290894770801433111e+00,2.569792584605626873e-01,2.863635642455202301e-01,6.025026135477005301e-02,4.543370750667438673e-01,2.014403721355173538e-01,1.204587578317051766e-01,1.090395956199527117e+00,4.633629405454911532e-02,1.252570828416173621e+00,6.230846547841090155e-01,3.928278696610668641e-01,2.037518230541283115e-01,4.093516294419008439e-02,0.000000000000000000e+00,6.335324066998233583e-01,9.184410825041200432e-01,4.516871738677597503e-01,2.460810310581607041e-01,3.413172534402629799e-01,4.705546541098336033e-01,1.290894770801433111e+00,6.729945898039174645e-01,7.614846580164366663e-02,1.017577381462866581e+00,0.000000000000000000e+00,4.862224025035702946e-01
9.341971944718067133e-01,1.510114053092071612e-02,8.808106239493878054e-01,1.275303259964834401e+00,1.115087940359733798e+00,8.480762027091363897e-02,5.695349329542297862e-02,7.690856748787684438e-01,1.165084235607281249e+00,7.458482136098735227e-01,1.130435071287352766e+00,0.000000000000000000e+00,2.431794284384280469e-01,5.948856564418555370e-01,1.005418935052792673e+00,8.559235228092818559e-01,2.743051143191148344e-02,4.963505757404430008e-01,9.761203109499481112e-01,2.238457350468665563e-01,4.443895240688164328e-01,7.778980976356957289e-01,7.086164275913400257e-01,2.980299543070279167e-02,4.013186700979507471e-01,6.126923442561470479e-01,9.468506547561180708e-01,2.463737637893936017e-01,7.921754951568497072e-01,8.184974260344304309e-01,7.929374110611326909e-01,1.237169440365870399e+00,3.797272828255709443e-01,6.830596529732573252e-01,3.076360481013800663e-01,6.415618139944635478e-01,4.942893975611066248e-01,1.096644067853294269e+00,1.212324254523303946e+00,8.949709261431817442e-01,9.043294042338121397e-01,1.290894770801433111e+00,6.697364223503576852e-01,1.290894770801433111e+00,1.125761764145787325e+00,5.867414996494473706e-02,1.217333118727519092e-01,2.899985328295536235e-01,0.000000000000000000e+00,1.202626861966585636e+00,5.803594883962915896e-01,1.112461225138227983e+00,7.217725936180777735e-01,2.668793877853174457e-01,0.000000000000000000e+00,4.230900426083066268e-01,7.750187055219458498e-01,3.401402299525851380e-01,1.009656519876314995e+00,1.879434002462107012e-01,8.456501603557572411e-01,2.762232530840272871e-01,1.290894770801433111e+00,8.544242682936208366e-01,6.504268666772896612e-01,7.368036062247825813e-01,4.112038984937122499e-01,9.487908368876446508e-01,4.792972373457086155e-01,9.618138111454967998e-01,6.799989732923472641e-02,6.719221581235432783e-01,6.472405371434731824e-01,1.228203582056535792e+00,9.522220025563624679e-01,8.824606782409114558e-01,1.097799097313085115e+00,1.040968248751128034e+00,4.864757930788388141e-02,0.000000000000000000e+00,1.036098734646761360e-01,2.958862332579249577e-01,4.681746849303270452e-01,8.461570007519265690e-01,1.168348526926034303e+00,9.894917520414541201e-01,5.633664000772641289e-01,9.934922610135308307e-01,6.019668279955545653e-01,3.292532108500850763e-02,3.617028336985823600e-01
1.290894770801433111e+00,0.000000000000000000e+00,0.000000000000000000e+00,8.759263269791504047e-01,1.290894770801433111e+00,4.330112026702659378e-02,8.134128694330556852e-01,1.147671593131595280e+00,9.268104425312297945e-01,5.264182272694820641e-01,9.782603288064246616e-01,8.273980304123680352e-01,1.085937533917764819e+00,4.806475084154655519e-01,1.227233511336733196e+00,6.182041243476685821e-01,5.730613770479087155e-01,1.103738936134413207e+00,4.777411604110390897e-01,1.013917371297343162e-01,5.509692819853884149e-01,0.000000000000000000e+00,2.468857975395352955e-01,4.161742568808340370e-01,4.273219717028216569e-01,7.341699045810298196e-01,0.000000000000000000e+00,2.657755963749244277e-01,8.891531441252276124e-01,1.189131938720019432e+00,9.384637685476961144e-02,1.290894770801433111e+00,1.197215353566049613e-02,9.408519060119499011e-01,2.991173536933880439e-01,1.290894770801433111e+00,9.587096915059122315e-01,7.617230412330974199e-01,7.755268766797862590e-01,1.290894770801433111e+00,9.560857420100836723e-01,1.290894770801433111e+00,8.345827732940422905e-01,1.290894770801433111e+00,1.290894770801433111e+00,8.240341291381509947e-01,5.686408325473507608e-01,4.851885575134401996e-01,1.451923184744429232e-02,9.479925346897242200e-01,7.969738614852317493e-01,1.445459889818614674e-01,1.290894770801433111e+00,8.855649369939380122e-01,0.000000000000000000e+00,7.225568266411065421e-01,3.118183946873501200e-01,5.780611744841039901e-01,1.228690791763544343e+00,1.290894770801433111e+00,1.635926063072512260e-01,2.902806042327230607e-01,1.290894770801433111e+00,1.290894770801433111e+00,1.290894770801433111e+00,0.000000000000000000e+00,6.572482239643467894e-01,7.716400179024816008e-01,8.744070116546082128e-01,4.021029892237064085e-01,0.000000000000000000e+00,4.955333190182028003e-01,6.737297920513020122e-01,1.290894770801433111e+00,1.290894770801433111e+00,4.149079519359100687e-01,0.000000000000000000e+00,9.273975075516669442e-01,0.000000000000000000e+00,0.000000000000000000e+00,1.290894770801433111e+00,6.385378924702327097e-02,1.290894770801433111e+00,1.228535878099799916e+00,6.760630551233305363e-01,1.290894770801433111e+00,1.290894770801433111e+00,0.000000000000000000e+00,1.040123766708198394e+00,5.237663367984396467e-01,3.446611818818914319e-01
1.103718210741445160e+00,7.746147421202163041e-01,8.010130234548326067e-01,5.862229867596798760e-01,4.155617690407927833e-01,1.189284872937826254e+00,5.246714590069903039e-01,7.673051766776708416e-01,1.278259918504876635e+00,3.327645443577861295e-01,4.064735173340429109e-01,1.078835441866884404e+00,1.290894770801433111e+00,1.051384930041220633e-01,7.211061241674556754e-01,1.047328230041952475e-02,9.109965810401519093e-01,3.738893745382984579e-01,1.092058737961156129e-01,9.594329493800926589e-02,3.571108579374598913e-01,3.302480705480760892e-01,3.915667084744501869e-01,0.000000000000000000e+00,1.007151217123954723e+00,5.211388705276339683e-01,2.612362058046632241e-01,8.531319633645835232e-01,8.372366080635292862e-01,3.579141015682874571e-01,5.260020822554880571e-01,6.149496631758760712e-01,6.495764712909434246e-01,4.990866854087900317e-01,8.647332779306491357e-01,1.211231413139011837e+00,7.147261790330345921e-01,1.088896744035045688e-01,1.857586509431186084e-01,1.122442172227120505e-01,5.672889380506922902e-02,1.219553676833736944e+00,1.290894770801433111e+00,1.290894770801433111e+00,1.290894770801433111e+00,5.277267527554970750e-01,1.149858612510488154e+00,2.029020518376708770e-01,2.711444193620007881e-01,3.800829150267253653e-01,9.854924175220772797e-01,9.626224444455737661e-01,2.716818418734348040e-01,1.290894770801433111e+00,0.000000000000000000e+00,1.743127655382415986e-01,1.210996216873564846e+00,4.111139743447710798e-02,1.263995472172590340e+00,1.290894770801433111e+00,4.979448006468144561e-01,6.146790110252148276e-01,4.308802769511416719e-01,1.290894770801433111e+00,7.376969860873557883e-01,2.395992620488708036e-01,2.901456613298523668e-01,1.258377860936503945e+00,1.113696642450556107e+00,1.143652578272886133e+00,9.043621134886520307e-01,1.053663455852249076e+00,1.048084165734332940e+00,1.053072701435227243e+00,5.106346556964555528e-03,1.290894770801433111e+00,5.592504236408728513e-01,1.062364965284753104e+00,1.226931088571379336e+00,0.000000000000000000e+00,3.666651024893642918e-01,7.535180066337918703e-01,3.356704209115382032e-01,5.429226630773739126e-01,3.017142656160013980e-01,1.199765279986604760e+00,1.259799607054516324e+00,1.354752960878564116e-01,4.924910630388298904e-01,1.062497189232026074e+00,7.567129283168646525e-01
5.243438895282338530e-01,9.153255512711624964e-02,5.234155276750782626e-01,8.711679598613921716e-01,1.080188516555245171e+00,6.225443495344006317e-01,3.950131780782674684e-01,8.866200927070073678e-01,9.959891845157576862e-01,8.484158254060067961e-01,5.010637879162832542e-01,0.000000000000000000e+00,1.864894537506693040e-01,1.110915926792848119e+00,6.122335487320602621e-01,1.180181643023029414e+00,5.248781236004324002e-02,4.131727191931216375e-02,1.150741083142662102e+00,1.248283451341757111e+00,2.666420263500091647e-01,6.286739417245278405e-01,4.376738067121693221e-01,4.547823079518417688e-01,3.157485394973698623e-01,9.075738569988635041e-01,6.147317834879076903e-01,5.052507269507379162e-01,8.776350428324147801e-01,3.447252072037746418e-01,7.677265527314726112e-01,8.960444602675604608e-01,1.262804665473547416e+00,2.983630516654932618e-01,1.209616029858771258e+00,9.382597430203536426e-01,6.325589109194214021e-01,7.719256510778294000e-01,1.083461980503946931e+00,9.559853526717755345e-01,1.223541671129146469e+00,2.147356276875909409e-01,2.169977858064490173e-01,1.290894770801433111e+00,7.853407353560436510e-01,1.846394618238280383e-01,1.064370019940935885e-01,1.747624659073010456e-01,1.334125347004995188e-01,4.405569689423033952e-01,6.461069524259194230e-01,9.311934195321178720e-01,7.032263308225816800e-01,2.944084871544589976e-01,0.000000000000000000e+00,3.895062326953380172e-01,5.812341116775866512e-01,2.543731131477943719e-01,2.134534758243301078e-01,1.290894770801433111e+00,5.152966829728991005e-01,1.290894770801433111e+00,5.153888637066431633e-01,1.290894770801433111e+00,1.290894770801433111e+00,9.315389969693835814e-01,2.857357975224563140e-01,1.147940322736802354e+00,1.093789600046322974e+00,6.659976781885993402e-01,9.878960567458131559e-01,6.355687398710764269e-01,1.164095666589036293e+00,1.126890768918791697e+00,1.241239506636063972e+00,8.175805158606368472e-01,9.775335086506752313e-01,8.704311660262706862e-01,0.000000000000000000e+00,0.000000000000000000e+00,4.373066590218508964e-01,9.745384975374460357e-01,2.550788978286556152e-01,3.494196864555653703e-01,1.066642751012826240e+00,2.564769966012077629e-01,1.290894770801433111e+00,1.188524645515226075e+00,5.916269087913254010e-01,7.428523485028688533e-01,0.000000000000000000e+00
1.120771203485051881e+00,1.459786907263986577e-01,6.881665211520092695e-01,6.007571744357607102e-01,5.163452373171811827e-01,1.037705447810575610e+00,7.419953084244377273e-01,1.152902385367824856e+00,1.281864266011562004e+00,1.290894770801433111e+00,1.146509921939131926e+00,0.000000000000000000e+00,1.290894770801433111e+00,1.183058147571349750e+00,1.022373828205919377e+00,1.290894770801433111e+00,4.542076525813015103e-02,8.103489623992032875e-01,2.597770231016212072e-01,6.990490060069636247e-01,4.653506576045733367e-01,6.182072977807122616e-01,9.688170443107366192e-02,5.365547366434123555e-01,4.927905010668064412e-01,1.290894770801433111e+00,2.947761852769668622e-01,3.832094764764178429e-01,9.009495465806892645e-01,9.267426648988592586e-01,8.814504245891252587e-01,7.421977703585230790e-01,8.959909875074395513e-01,5.676223084051501555e-01,3.591277635394539147e-01,1.290894770801433111e+00,5.887999509112609164e-01,1.080242322221517837e+00,1.141753349323965522e-01,9.639719854861934500e-01,1.170775712272917879e+00,6.194391378656991520e-01,1.290894770801433111e+00,1.290894770801433111e+00,1.290894770801433111e+00,3.873310550649172179e-01,9.008998257398445064e-01,6.782328947606718339e-01,0.000000000000000000e+00,3.553962974460875279e-01,7.014623665000392361e-01,6.386688488330632962e-01,7.283899658918456810e-01,4.886015860776377617e-01,2.277388573976702468e-01,1.719039987844958317e-01,7.198918287771870483e-01,6.289260420123200801e-02,6.160447202646925913e-01,1.290894770801433111e+00,5.949292361474532720e-02,9.463247690542562207e-01,3.370216056618839939e-01,1.290894770801433111e+00,1.290894770801433111e+00,0.000000000000000000e+00,2.236427493881796569e-01,6.721583785903187946e-01,8.296757624841072376e-01,1.229116202014777448e+00,6.922551395520074591e-01,2.530626554573316422e-01,1.267442725296494599e+00,1.290894770801433111e+00,3.444014136803992820e-01,1.290894770801433111e+00,5.769109902081189789e-01,3.196930983740354781e-01,9.255019641741571990e-01,0.000000000000000000e+00,1.222405536828682138e+00,1.290894770801433111e+00,7.661665086129422209e-01,1.202206789686913524e+00,6.606218435786500587e-01,1.290894770801433111e+00,9.059685736338650708e-01,6.926594922686806211e-01,1.263072523608988806e+00,8.864188525408933650e-01,0.000000000000000000e+00
9.999144760851516045e-01,7.853104466323921340e-01,3.610945499330819874e-01,0.000000000000000000e+00,7.015594083390366276e-01,5.256128704342163394e-01,0.000000000000000000e+00,1.116004145436709782e+00,0.000000000000000000e+00,0.000000000000000000e+00,1.157819899772774219e+00,1.240498612320853233e+00,9.734378912208565549e-01,0.000000000000000000e+00,4.374953947715533031e-01,1.290894770801433111e+00,7.455152542848664243e-01,1.290894770801433111e+00,1.290894770801433111e+00,0.000000000000000000e+00,5.002756213659635964e-01,4.965439963118679079e-01,4.050001639923916930e-01,0.000000000000000000e+00,8.737363705163465610e-01,5.562959077097670013e-01,5.782294342259474140e-01,8.061431868286063063e-01,1.290894770801433111e+00,1.290894770801433111e+00,5.277836719259538789e-01,1.290894770801433111e+00,0.000000000000000000e+00,1.022312739087837263e+00,3.973288735979594866e-01,2.711274479005732485e-01,1.290894770801433111e+00,6.709725428404085257e-01,1.132272057322308179e+00,9.021850585736134187e-01,9.297558817917291885e-01,7.974847174921738668e-01,5.053734884163765262e-01,1.290894770801433111e+00,2.442689492111380090e-01,1.290894770801433111e+00,7.942837314595446729e-01,5.115535336250772724e-01,6.013063786294846613e-01,1.017934163936240255e+00,1.290894770801433111e+00,7.736434396798237412e-01,1.290894770801433111e+00,5.893733481382987804e-01,0.000000000000000000e+00,6.562802046969289371e-01,2.946940245636782141e-01,1.290894770801433111e+00,1.130931856764254118e+00,7.227269294172242731e-01,5.519920641885175394e-01,1.099585145282467868e+00,6.359228197333925969e-01,9.544427360682949946e-01,1.290894770801433111e+00,0.000000000000000000e+00,1.290894770801433111e+00,0.000000000000000000e+00,0.000000000000000000e+00,6.087645118274848111e-01,2.066989862738233541e-01,1.288072888726757848e+00,5.841813048248372109e-01,0.000000000000000000e+00,7.285474787993782009e-01,1.187721135814003182e+00,0.000000000000000000e+00,4.870733743964001383e-01,0.000000000000000000e+00,0.000000000000000000e+00,1.290894770801433111e+00,1.149175567943686027e-01,0.000000000000000000e+00,0.000000000000000000e+00,2.387107336922426049e-01,5.486743190805022374e-01,1.290894770801433111e+00,3.196197945537898044e-01,0.000000000000000000e+00,3.006812861975458051e-01,9.765906011988174651e-01
1.677029776136614581e-01,1.507892091954621538e-01,4.410915427891674567e-01,2.443026024588685896e-01,7.764558771693704786e-01,7.393786406329785343e-01,6.583623565385006149e-01,2.760084674251527814e-01,2.115109046231099799e-01,1.105923799370464478e+00,2.893459109065692481e-01,5.768331434529476720e-01,1.200359258196456613e+00,5.341156354689609032e-01,3.117506028865963952e-01,2.326274274558709221e-01,7.068639539633553293e-01,5.677580854686480327e-01,1.090931480921817576e+00,7.310806421808441202e-02,7.543725323571391916e-01,5.775036393624451980e-01,1.143449507286124822e+00,0.000000000000000000e+00,8.772016402305777838e-01,9.351872813039147081e-01,1.290894770801433111e+00,2.526479368410332049e-01,1.290894770801433111e+00,6.571670165510470341e-01,8.270308934726128269e-01,1.243003259282948303e+00,2.772614288392894477e-01,1.783162373164980663e-01,2.716577393123951190e-01,1.223933626460815605e+00,9.658794995889866675e-01,9.315163318265504699e-01,2.674723367571760213e-01,4.504416560219917098e-01,5.455696975730626175e-01,7.509875429128226587e-01,9.292507044158940799e-01,1.290894770801433111e+00,9.343147527021705701e-01,5.659295437765539116e-01,1.290894770801433111e+00,5.356682395392530216e-01,5.623293265580032729e-01,3.443413160742054280e-01,1.084378615407426860e+00,3.001702213954195453e-01,9.218907069440468449e-01,1.290894770801433111e+00,0.000000000000000000e+00,7.187370860327116917e-01,7.316760702770861435e-01,5.613714638663348522e-01,8.390841832804477596e-01,9.028610407702610807e-01,1.049015158965711958e+00,2.207615010707927872e-01,5.437118826737219468e-01,1.290894770801433111e+00,1.290894770801433111e+00,9.446052145816611345e-01,1.290894770801433111e+00,1.100670888575512985e+00,4.681669996777007015e-01,5.857637287182884123e-01,6.443183065206935511e-01,4.178935850581656508e-01,3.974924128912410981e-01,8.173550292379496707e-01,1.124648501344893248e+00,8.357169906761638956e-01,1.211496974306813801e-01,3.824020111218480733e-01,0.000000000000000000e+00,2.471907446639554085e-01,8.074316784045521000e-01,9.479928163610260583e-01,1.005854878620409343e+00,0.000000000000000000e+00,1.196070186023160842e+00,3.329283548064825293e-01,8.628607545712541071e-01,5.645535934046256310e-01,1.170743983582558823e+00,7.674363374264424331e-02,9.394750931407115369e-01
0.000000000000000000e+00,0.000000000000000000e+00,2.631800581036846665e-01,1.306592792176478612e-01,6.632148404188736857e-01,3.636077393164912075e-01,3.357373630270425457e-01,0.000000000000000000e+00,6.970249355646781497e-01,6.633426061174165778e-01,3.178249774845139375e-01,5.079746442286400127e-02,2.832604756439027205e-01,7.431559124405546779e-01,5.168293831904122726e-01,3.301661631348707521e-02,9.711131060534408665e-02,1.092996780655766775e+00,4.168297049024913825e-01,0.000000000000000000e+00,1.290894770801433111e+00,7.431412527674094992e-01,6.479231273219439036e-01,9.689723537364655637e-02,1.720815698280861450e-01,1.053589385051382665e+00,1.290894770801433111e+00,6.617509946285606848e-01,1.290894770801433111e+00,9.633075695400517002e-01,9.269797049295122049e-01,1.290894770801433111e+00,7.369202253978385242e-02,4.691930669530654519e-01,3.480263035087261536e-01,3.720601717106405970e-01,1.290894770801433111e+00,5.390843512545884231e-01,1.006893384206046793e+00,1.290894770801433111e+00,5.002164156768711401e-01,7.525784917062748880e-01,1.256165849379608179e+00,1.290894770801433111e+00,8.753709134514773282e-01,1.570379107042334799e-01,8.783612865056255048e-01,0.000000000000000000e+00,7.377625380917488540e-01,4.483890620665199611e-01,1.006124681129774823e+00,1.125560110870753805e+00,1.290894770801433111e+00,8.996958827271073211e-01,0.000000000000000000e+00,2.414487561146256844e-01,3.842718128932516852e-01,1.290894770801433111e+00,8.855924133333409332e-01,1.290894770801433111e+00,5.677680932428695870e-01,3.554408833045928917e-01,0.000000000000000000e+00,6.030627921170169659e-01,8.045810046820098815e-01,5.182330730650257511e-01,2.957263041692426153e-01,3.716332879123319666e-01,6.053567430941202421e-01,1.158262086376490307e+00,6.891608276511672626e-01,6.182770655335024790e-01,6.124400986288554005e-01,1.290894770801433111e+00,1.083198214849214747e+00,1.290894770801433111e+00,6.976036753840880733e-01,6.015330809371850773e-02,7.392396743779035273e-02,6.061531204057908351e-01,1.169824817256222671e+00,4.402172465331926632e-01,6.295641938660720971e-01,0.000000000000000000e+00,2.478102894950170165e-01,8.840456513675402084e-01,7.339335766059239541e-01,0.000000000000000000e+00,5.801098560851363217e-01,3.799651262309846622e-01,3.066021449019976780e-02
8.790978289444258964e-01,3.794798809265141348e-01,4.960292496755320246e-01,1.937560220544260192e-01,4.621606826627078224e-01,1.026607554847623005e+00,3.857856903913825519e-01,8.496349818907029672e-01,9.073724698762748453e-01,1.052301878787403888e+00,1.939387642282587310e-01,8.299637894842950558e-01,5.894254295018626078e-01,6.996008969565629121e-01,0.000000000000000000e+00,4.384218217324316047e-01,7.579664440059150632e-01,1.941620912625052764e-01,1.008660180913231175e+00,0.000000000000000000e+00,2.135601958570947367e-01,9.712366295113332715e-01,1.046629568781166419e+00,0.000000000000000000e+00,6.241976346926502162e-01,6.891511829415811752e-01,1.290894770801433111e+00,2.392457974033025403e-01,1.084996192445046193e+00,1.290894770801433111e+00,8.919374715061610948e-01,1.159710620209916554e+00,1.290894770801433111e+00,1.790453717169919468e-01,6.217738356210729123e-01,1.259381144871063229e+00,1.225107924398590731e+00,3.341252545035177657e-01,1.035442155322912505e+00,4.439692089412217713e-01,7.685512121627587900e-01,1.290894770801433111e+00,9.196552269047936212e-01,1.290894770801433111e+00,5.838739645524053667e-01,1.027352069166135529e+00,8.373048146991834972e-01,0.000000000000000000e+00,4.020874115734061616e-01,7.675999682929525170e-01,1.290894770801433111e+00,6.455947429367560053e-01,1.026384632351513559e+00,2.679125389596037632e-01,0.000000000000000000e+00,1.009060675208718116e+00,4.893675613243148592e-01,2.864633608630677217e-03,5.501890495402388392e-01,9.483703269632639543e-01,6.991374999042146987e-01,6.898852218105647749e-01,6.776547118670790161e-03,1.290894770801433111e+00,1.290894770801433111e+00,1.136329614850015712e+00,1.290894770801433111e+00,9.106977848993398628e-02,7.795252071951842554e-01,1.223381143476949040e+00,0.000000000000000000e+00,4.999213445013518387e-01,1.136402600396610119e+00,1.290894770801433111e+00,4.094489661379052126e-01,3.223557110867493747e-01,2.397290058778214772e-01,3.319674439518577880e-01,1.483914101859980794e-01,0.000000000000000000e+00,4.499606632292964536e-01,3.764878431867176856e-01,3.004930243916323906e-01,4.807682640283572617e-01,3.130483674064010180e-01,1.219582370075257272e+00,1.290894770801433111e+00,5.782825751183272578e-01,1.227401435528959306e+00,9.261223216412102499e-02,7.002543549927573441e-01
4.629289838766215692e-01,3.075672923660726504e-02,4.466711132413373475e-01,1.036377025037443222e-01,5.507614122094504072e-01,1.224910715172803144e+00,1.206778534253198920e+00,4.348804595507775872e-01,1.723015336941156883e-02,1.167879526697171988e+00,1.270259612051146958e-01,1.249983022014742096e+00,1.241188924260242743e+00,1.542689295698612406e-01,7.885176984263598809e-01,8.418182105756583100e-02,5.375200580808832118e-01,1.019862699451355104e+00,6.299418320562837348e-01,4.383480018125683886e-01,1.030045060778399080e+00,4.726133358753679681e-01,1.117713463315186118e-01,0.000000000000000000e+00,1.290894770801433111e+00,1.173548268387536453e+00,1.290894770801433111e+00,5.441518823947415484e-01,5.480194652144983192e-02,1.290894770801433111e+00,2.721165154137929476e-01,9.946174330340222802e-01,8.667751821246446609e-01,6.047980579624467889e-01,2.120361206090970729e-01,1.290894770801433111e+00,8.661741074488557013e-01,4.802530814068800002e-01,7.646008788244370580e-01,2.752890225998828599e-01,1.081014235959961045e+00,6.547729090400992158e-01,3.353961875360574885e-01,1.290894770801433111e+00,1.268994217356335552e+00,5.704064057676840882e-01,1.169279143603224824e+00,2.164946632579695385e-01,1.088498938895109847e+00,7.708178671462639908e-01,1.290894770801433111e+00,5.401376838223884702e-01,1.179000016300802756e+00,4.011179726851942240e-01,8.239586219300447656e-01,7.156894415291488176e-01,3.056565848780825115e-02,1.527004973719144620e-01,1.029572729786351948e+00,1.252432857180470593e+00,1.172035921280506210e-01,2.371776591364356812e-01,4.651772498690802671e-01,1.084784482842681808e+00,1.290894770801433111e+00,1.021716808678032384e+00,1.290894770801433111e+00,1.106260656164480993e+00,1.200405587682326747e+00,1.638108671297754948e-01,3.786018059040812678e-01,1.288895776889906308e+00,8.192807249626052890e-01,1.106795110321861841e+00,5.544419415623819125e-01,2.040162718810793474e-01,2.510575753419744260e-01,3.973171750193184026e-01,0.000000000000000000e+00,0.000000000000000000e+00,7.686306046795639280e-02,1.247087906098818699e+00,8.202511630157548472e-01,9.615766268622096824e-01,6.805829928183764199e-01,2.416504825206988727e-01,1.290894770801433111e+00,1.031793656051355645e+00,1.012864732254382005e+00,6.922743202305609023e-01,8.247672866514097478e-01
1.165963486294378182e+00,3.502649211133115892e-01,1.164245239509529073e+00,1.299664120421748816e-03,2.954340153875109065e-01,7.656396520829295005e-01,6.900184254687332652e-01,2.755054796365132286e-01,3.679569035504235419e-01,8.277334287423460113e-01,6.200710609363227488e-02,4.977164234813110655e-01,8.529952637415902372e-02,1.147799873182696606e+00,1.063196901757226254e+00,9.978022750912332040e-01,2.878529383119027285e-01,2.068369514351760252e-01,2.192504234210347347e-01,0.000000000000000000e+00,1.028700179167680862e+00,7.644396768411531040e-01,1.290894770801433111e+00,0.000000000000000000e+00,1.933989416219352442e-01,6.815775518489023410e-01,5.530903384648326870e-01,9.927699636738385180e-01,1.290894770801433111e+00,1.057191956037387470e+00,1.018721865402902438e+00,1.231043591927665215e+00,8.019777326947464813e-01,6.504632414262241369e-01,3.615566615099188776e-03,1.118685289726972121e+00,3.018245111173299966e-01,8.956760476135602334e-01,9.515782559078306280e-02,3.074412524086517218e-01,3.526030953820238345e-01,1.290894770801433111e+00,4.146006312328335830e-01,1.290894770801433111e+00,1.125314124823430850e+00,6.678302629020627101e-01,3.317679848724724989e-01,4.538770662853117144e-01,9.553072218173571661e-01,5.886365356526666037e-01,4.627240187573408714e-02,9.546307997321358263e-01,7.581030739157991194e-01,5.411478438344010655e-01,0.000000000000000000e+00,8.481969355744010119e-01,3.018818172648832787e-01,1.197393608075104865e+00,1.554823067759713850e-01,5.920037472185812888e-01,4.886214305269242497e-01,9.685354369347708436e-01,7.216781679860103660e-01,1.268709486402850084e+00,1.290894770801433111e+00,9.775225625376843253e-01,1.290894770801433111e+00,9.905896814810665196e-01,5.584117549997019703e-01,8.339128133149612543e-01,5.756321680089874215e-01,1.200723840778705531e+00,8.472977750232296712e-01,1.109248464276887836e+00,1.177372400388717183e-01,2.342975945455780806e-01,1.270032027297182564e+00,5.243528295775470305e-01,0.000000000000000000e+00,3.753643565996120923e-01,8.595182618701834310e-01,4.580899758020460788e-01,1.919599160340669519e-01,0.000000000000000000e+00,8.112045833916092796e-01,1.290894770801433111e+00,1.290894770801433111e+00,1.274840116050736327e+00,8.488563150804323554e-01,7.927002527119721975e-01,1.289398940598219800e+00
1.420002527217900934e-01,4.104223179305770963e-01,2.074192896462583729e-02,1.181124114754457999e+00,5.764725102182731709e-01,2.886452168941937013e-01,8.609033349803371649e-02,1.469286736445678532e-01,7.444154266931161112e-01,4.697838006310108838e-01,3.526019829485070867e-01,3.106853667512469164e-01,1.013749784981803348e+00,5.817624784266147708e-01,2.072101794317734447e-01,1.036598572478983349e-01,1.260184618574794024e+00,8.175790363568891106e-01,1.261444093721386217e+00,0.000000000000000000e+00,1.018310460053175825e+00,3.490915851648479507e-02,1.290894770801433111e+00,2.197173712406771950e-01,3.039680078582784328e-01,2.837923208961373733e-01,8.482965509326602094e-01,8.716144007682220529e-01,1.290894770801433111e+00,7.066604084386254314e-01,1.197500140536233992e+00,9.412146005042514307e-01,2.148205102210608008e-01,2.114659756361133292e-01,1.209650273053260561e+00,7.748968318424003243e-01,1.169422501328732267e+00,7.475815069066474861e-01,5.414951235002010144e-01,1.638463760264913527e-01,7.300067585384720781e-01,1.290894770801433111e+00,1.290894770801433111e+00,1.290894770801433111e+00,4.789583644085153580e-01,9.297348599459026586e-01,9.363280677924552819e-02,6.713495846512741450e-01,1.090044712444951713e+00,6.371428582900733328e-01,3.966314386729861141e-01,5.038723055620025759e-01,6.139974721270478053e-01,1.220080274722193936e-01,0.000000000000000000e+00,1.031241469179126347e-01,1.148102433343441087e+00,1.875407958232452044e-01,3.682478592912117321e-01,6.207690928624870486e-01,1.173273759191908683e+00,4.187769618183369014e-01,1.075029464233068666e+00,1.062829302017045396e+00,1.290894770801433111e+00,1.766854094387080576e-01,1.203557746755967051e+00,4.367394892008077956e-02,8.619695593897858110e-02,3.925215016681345426e-01,1.689361164020674599e-01,1.182188578236219589e+00,9.518201501633374861e-02,2.282547376245521176e-01,8.308742695989403959e-01,2.148506977883515578e-01,1.234415015367900104e+00,5.186799267604315089e-01,0.000000000000000000e+00,1.208430653094557883e+00,2.999423728946447043e-01,9.580923712849329643e-01,0.000000000000000000e+00,0.000000000000000000e+00,3.369689409050383166e-01,1.290894770801433111e+00,1.290894770801433111e+00,4.729411974903015570e-01,1.146411446423135860e+00,3.929400099470651275e-01,7.116323736510380416e-01
3.349611697036478097e-02,5.109959729783013493e-01,1.137641837664706168e+00,4.209746853792545873e-01,5.366554374153024165e-01,4.813157666269175516e-01,1.614610420557484050e-01,4.764859418123011392e-01,1.503093711235997665e-01,4.303696161647108109e-01,5.077260739627416086e-01,9.273954184985996330e-01,1.562442787873196959e-01,3.553995825001857178e-01,8.408821119414571221e-01,7.821342399903442599e-01,1.127283101014091710e-01,3.029717068785850800e-02,8.163398710948068793e-01,0.000000000000000000e+00,8.159926455327647377e-01,4.829852786450931634e-01,2.326804762752189004e-01,0.000000000000000000e+00,1.255630451033989736e+00,1.162396977800028930e+00,9.578794952685238950e-01,6.785536173547839223e-01,1.189192126324627230e+00,3.470145201624432740e-01,3.472290633564038553e-01,1.197374747560869368e+00,3.375873832170103728e-01,2.555402623579853261e-01,1.226451769841991224e+00,9.873082225718013971e-01,6.662098510585280353e-01,6.850019881597168014e-01,7.702805557137162307e-01,6.123188679701153658e-01,8.490630285749526385e-01,1.290894770801433111e+00,3.984582862312587848e-01,1.290894770801433111e+00,1.802976836559889301e-02,1.267271840660593396e+00,6.162011262488577001e-01,3.749727677032037576e-01,9.405775525816426619e-01,0.000000000000000000e+00,1.272053186873276509e+00,8.530627652531188598e-01,6.702886738429763014e-01,7.913445139714612997e-02,0.000000000000000000e+00,9.385786759203056384e-01,6.854043164625622797e-01,4.453973915033114239e-01,1.207832954539787979e-01,6.988214245732520258e-01,7.195920533988051093e-02,3.732344852824623915e-01,8.011224396959951699e-01,6.256654915703979691e-01,1.290894770801433111e+00,4.241536954633574052e-01,1.290894770801433111e+00,8.195581045667823528e-01,8.256838181628084472e-01,8.203150991518945445e-02,1.092940565647934903e-01,9.999488751752829696e-01,8.047290780374997121e-01,1.731338291864035761e-01,8.254219431572776822e-01,1.620811486949014779e-01,4.169368890237269420e-01,1.232419058587576721e+00,0.000000000000000000e+00,3.223024893834160187e-02,8.794863128127803353e-01,8.854051774753242121e-01,8.264413336981161207e-01,0.000000000000000000e+00,1.933582999846588102e-01,1.290894770801433111e+00,1.290894770801433111e+00,1.003986966817424165e+00,3.359941561645952146e-01,7.394384526760445775e-01,1.442236236018058781e-01
1.290894770801433111e+00,0.000000000000000000e+00,3.597359349513082893e-01,7.204043362855286903e-01,1.265407660841862958e+00,4.498546807672963443e-01,0.000000000000000000e+00,6.484735644934330918e-03,1.290894770801433111e+00,1.290894770801433111e+00,1.263342079668942741e+00,0.000000000000000000e+00,7.490101420416079847e-01,1.290894770801433111e+00,1.290894770801433111e+00,3.964661187786791552e-01,0.000000000000000000e+00,1.290894770801433111e+00,1.290894770801433111e+00,0.000000000000000000e+00,0.000000000000000000e+00,0.000000000000000000e+00,8.175219764814525281e-01,1.063262850310876112e-01,0.000000000000000000e+00,1.290894770801433111e+00,3.230654889139233377e-01,5.274623151651928188e-01,1.282596708272632613e+00,1.266327405637261538e+00,1.290894770801433111e+00,1.290894770801433111e+00,0.000000000000000000e+00,0.000000000000000000e+00,1.741150973443575112e-01,1.115780282447734972e+00,5.570033167187300460e-01,1.290894770801433111e+00,1.290894770801433111e+00,8.142236412214322039e-01,1.036831073179726781e+00,1.258004014292617434e+00,2.896145952406794510e-01,1.290894770801433111e+00,1.290894770801433111e+00,2.373291734038870116e-01,2.309492145059182655e-01,8.182592814895905953e-01,0.000000000000000000e+00,0.000000000000000000e+00,4.498176214165690023e-01,6.351673764206392514e-01,1.290894770801433111e+00,1.290894770801433111e+00,0.000000000000000000e+00,1.290894770801433111e+00,1.290894770801433111e+00,4.669965271763721337e-01,1.290894770801433111e+00,1.290894770801433111e+00,1.288573457944375944e+00,1.290894770801433111e+00,1.256541614531287987e+00,1.290894770801433111e+00,1.290894770801433111e+00,1.290894770801433111e+00,1.290894770801433111e+00,1.055617514739087381e+00,0.000000000000000000e+00,1.290894770801433111e+00,0.000000000000000000e+00,9.952863036917227735e-01,7.627571115485058950e-01,5.720308893373118320e-01,0.000000000000000000e+00,1.290894770801433111e+00,0.000000000000000000e+00,0.000000000000000000e+00,0.000000000000000000e+00,0.000000000000000000e+00,2.101454238478968617e-01,1.337361741734884035e-01,0.000000000000000000e+00,0.000000000000000000e+00,6.041212097504093936e-01,1.290894770801433111e+00,1.290894770801433111e+00,4.371915649865499853e-01,1.290894770801433111e+00,6.105997679308441950e-02,9.350452624923925871e-02
1.475334503034754496e-01,3.535200235541179903e-01,8.713613791319269053e-01,8.595184055370248821e-02,1.048009214578985437e+00,2.416772338174939250e-01,3.580597414870020923e-01,7.725340957167362577e-01,9.831482159279253397e-01,5.108631234726593862e-01,5.316537445318602062e-01,1.187961552232030593e+00,5.458416949383608774e-01,1.034474522565192123e+00,1.415139092105019702e-01,8.741911507116474356e-01,1.213631930243924906e+00,8.942706125424290109e-01,1.204307779611065055e+00,0.000000000000000000e+00,4.797478353906925452e-01,1.263982978328850537e+00,9.553235647176727685e-01,0.000000000000000000e+00,8.524965916479774197e-01,7.577794058442489655e-01,1.118228194908569728e+00,1.263798654027305179e+00,3.072930397114015388e-01,1.290894770801433111e+00,9.602216220257144830e-01,1.290894770801433111e+00,1.204558224972520214e-01,7.692170804955451580e-01,5.135995559364724405e-01,4.366027560874911062e-01,1.273724135891282971e+00,5.194136615527871204e-01,1.028782434593632944e+00,7.827873605352622111e-01,5.763161522126207656e-04,1.102923912208475965e+00,1.037384700326179798e+00,1.290894770801433111e+00,1.290894770801433111e+00,9.734447529079939265e-01,1.107949264106403264e+00,8.022471749660788909e-01,7.877727989906330164e-02,3.908805306944443392e-01,1.251440870239485914e+00,9.275368205228426977e-01,1.140831679899353412e+00,2.848687954463724470e-01,0.000000000000000000e+00,1.005317517319751275e+00,2.654197000170293030e-01,1.290894770801433111e+00,5.191508919663088140e-01,1.041576550994921524e+00,9.421242767336066581e-01,8.903133314311789670e-02,5.742419134591969510e-01,1.215748326169699300e+00,1.806672360760132323e-02,1.002078606766813929e+00,1.290894770801433111e+00,6.088418600978413586e-01,6.590212329615368070e-01,2.478389543176571022e-02,3.157644440378207795e-01,7.323402866702429792e-01,2.688361354935327532e-02,1.290894770801433111e+00,8.243164515769241252e-01,7.183077173788676717e-01,9.821259908423348728e-01,7.552392840645529015e-02,9.108180212734592329e-01,4.416272116911124646e-01,7.698818046766265910e-01,0.000000000000000000e+00,1.083634797345802703e+00,8.270018566443051444e-01,5.425017886487158991e-01,1.536623860596794122e-01,1.290894770801433111e+00,1.225695933304768115e+00,1.065728603121724793e+00,1.265864958282256092e+00,7.365246724084095753e-01
8.467871203959186355e-01,1.117273256907516554e+00,3.004066654773242598e-02,1.220000130640869429e+00,2.722107587211466950e-01,9.235300890314543931e-01,1.638866851400847258e-01,1.270813358698248130e-01,1.821293483480882769e-01,7.644119886720976975e-01,8.384858023159224016e-01,5.151110153647751044e-01,9.315014537556494112e-01,1.137852678210162560e+00,1.250474026912313352e+00,4.732383844684063257e-01,5.871501954421621816e-01,5.013919618428445135e-01,5.600166581140522126e-01,0.000000000000000000e+00,1.014802814377304241e+00,5.171163816331261209e-01,5.970752224291555610e-01,0.000000000000000000e+00,1.095627843065238860e+00,7.231801000961119996e-01,2.028648763876421957e-01,3.601893465327999366e-01,7.340957146128914701e-01,1.193157927225686477e+00,1.244723680684979739e+00,1.290894770801433111e+00,4.597299854430295790e-02,9.642544712123287676e-01,7.818622671532463597e-01,6.919122273178017757e-01,1.262114834575378985e+00,3.321035451334482524e-01,8.842472648716456218e-01,9.723466421706048468e-01,2.866009652873643399e-01,1.290894770801433111e+00,1.193681943902804132e+00,1.290894770801433111e+00,6.732676663009262708e-01,1.169479628044961750e+00,9.494964485275436683e-01,5.011926154840998793e-01,5.851631706665012533e-01,3.931189194675492327e-01,7.754674039169068278e-01,9.671865136475144009e-01,1.290894770801433111e+00,5.882155163342667192e-01,0.000000000000000000e+00,1.198035196667671665e+00,7.935539817167271970e-01,7.808809709740655025e-01,1.212715319528645974e+00,7.102801192193081148e-01,9.305122224446261969e-02,2.508442648934338520e-02,1.416832308448158148e-02,7.291097562364756701e-01,1.290894770801433111e+00,9.726950560222368258e-01,1.290894770801433111e+00,2.458679460069659040e-01,2.278840643438823643e-01,4.985481069051565517e-01,1.014255594613238110e+00,6.377174436300389049e-01,5.243120275920437612e-01,9.233687338753637786e-01,9.301501009255424002e-01,3.875529492701000334e-01,5.369338869349454813e-01,5.699385309686237910e-01,5.970913322976419968e-01,1.132796358334234421e+00,8.637356321991362940e-01,7.051272780912197780e-01,2.336628531893488181e-01,2.023446647728416037e-01,1.211772767800175732e+00,1.944049113247511007e-01,1.290894770801433111e+00,6.644630014706269794e-01,1.957359975659481721e-01,5.737156273593334577e-01,4.350946709362658038e-01
7.487396238373451585e-01,1.147144429963801837e+00,9.641562755919423910e-01,1.236982670030660092e+00,3.486266574264996199e-01,1.121021541292382268e-03,2.796280015937136487e-01,1.086067627699260491e-01,4.559074926180666787e-01,1.067658636141122219e+00,4.884777470360312512e-01,2.490155879796981941e-02,1.265586568490685515e+00,1.185940828700933869e+00,7.596249219661127539e-01,9.477056912396617516e-01,1.191526138055459594e+00,2.110870191310900423e-01,4.301528425670698708e-01,0.000000000000000000e+00,5.114078007841253992e-01,1.036153146812703651e+00,2.555809441418119832e-01,5.379150256658384865e-01,1.221863584485836762e+00,9.190683023909830274e-01,3.655104599779555596e-01,4.935563678547232325e-01,1.290894770801433111e+00,1.256979261316651719e+00,1.290894770801433111e+00,1.290894770801433111e+00,5.739271188926186040e-01,5.654859411174615463e-02,9.093639456265699417e-02,1.284805329493765802e+00,7.472682010577411105e-02,4.297322998004009520e-01,9.532829420112621799e-01,2.449572226800706548e-02,4.878692552520282888e-01,1.204266314688654749e+00,6.089229316899998912e-01,1.290778380264770098e+00,2.606834652113808048e-01,4.043538551832167594e-01,5.207314716004767252e-01,9.703289064014551935e-01,8.548632519977935607e-01,5.620318242497138739e-01,1.220790290513023679e+00,6.991380806501096279e-02,6.237276728230843892e-01,3.304274993326851706e-01,0.000000000000000000e+00,1.286940962494542484e+00,8.429418068067812131e-01,4.057247483858990589e-01,4.862311759194101746e-02,1.257791569153762889e+00,8.907299900128337056e-01,1.058032473457606093e+00,5.185519199214605468e-01,9.032469359502316442e-01,1.290894770801433111e+00,5.280088750137874598e-01,1.290894770801433111e+00,8.382731251523471983e-01,0.000000000000000000e+00,5.622623293368558262e-01,7.976765326132557732e-01,3.658571217150947130e-01,5.750516437949104720e-01,9.668135620728287583e-01,1.179759396371176772e+00,9.210305313343810640e-01,1.283094111247725877e+00,4.273371103283390982e-01,0.000000000000000000e+00,1.076548986751026060e+00,1.290894770801433111e+00,2.183824515319447157e-01,0.000000000000000000e+00,1.476417111883786826e-01,1.018410341569100153e+00,1.290015165487332860e+00,1.290894770801433111e+00,4.442080219226651749e-01,6.808877156993154989e-01,1.090984718813063026e+00,8.921447824838667495e-01
3.596713443402617671e-01,9.484786187983473837e-01,9.765982204047113369e-01,7.378932704391359954e-01,8.418861429879018754e-01,6.915315291444439350e-01,4.693786176018923118e-01,8.934447029824074127e-01,3.282244983261470295e-01,1.079881153792046744e+00,7.983817875475550663e-01,9.629477029729728299e-01,1.093028046942383869e+00,6.323323613530765774e-01,4.345890312029426217e-01,2.688846533560247387e-01,1.200814866708767026e+00,1.172788346663983461e+00,4.136591716503126293e-01,0.000000000000000000e+00,2.005516588367495245e-01,1.896209799305602905e-01,3.959046888693282251e-01,0.000000000000000000e+00,0.000000000000000000e+00,2.367798977096224611e-01,2.904858400661061713e-01,1.142011759730343634e+00,1.290894770801433111e+00,1.290894770801433111e+00,6.556764682593270166e-01,1.290894770801433111e+00,3.810916129558082344e-01,8.910838106819780613e-01,5.403117447220859848e-01,1.062327867657511415e+00,1.245839423366778220e+00,2.275348083538578647e-01,9.524125388263418035e-01,2.815374570026957929e-02,3.615937401499234091e-03,1.290894770801433111e+00,2.950131121436097570e-01,1.290894770801433111e+00,1.290894770801433111e+00,1.194199823202695354e+00,2.925201509810640976e-01,2.463070828838766213e-01,9.141982010580290696e-01,1.290675238351730370e+00,2.292568516918760124e-01,1.588180905079920047e-01,4.907551596610617572e-01,6.191299766067277499e-01,3.291049974464233530e-01,3.067045067088554067e-01,1.854186008463476754e-01,1.290894770801433111e+00,3.045952147802977183e-01,7.432913532166284254e-01,5.340566120078685808e-01,1.290894770801433111e+00,9.522209330329722832e-02,1.290894770801433111e+00,1.290894770801433111e+00,1.280651037540509352e+00,1.290894770801433111e+00,6.904842248628061119e-02,1.577195891497182034e-01,9.305565818834493630e-02,1.451697796364034010e-01,8.634806130400989321e-01,7.563464082693751589e-01,7.626084228791444319e-01,4.308906218242665731e-01,1.176079375394412097e+00,2.349069361508063225e-01,6.031541319127758927e-01,5.503194943029867670e-01,6.169416847079852578e-02,6.140515751976862724e-01,9.403695621463266097e-01,1.245419428890890412e+00,0.000000000000000000e+00,1.006916545206528957e+00,1.025847360800725694e+00,1.290894770801433111e+00,1.234718231577166980e+00,5.918456920194723470e-01,1.046784152549655511e+00,8.962154030832454599e-03
5.733339136341898401e-01,1.174860651874529149e-01,6.814646231390019127e-01,3.798837853349147919e-01,4.856140426807192823e-01,2.459041978119836658e-01,7.347070628497484046e-01,6.306631357378098546e-01,6.373049236664749539e-01,1.066570153527013121e+00,0.000000000000000000e+00,2.122350000261669437e-02,7.792127139111627576e-01,9.026309398171371567e-01,1.021875588886776154e-01,1.290894770801433111e+00,1.123860091741234246e+00,1.140779826581023171e+00,8.411372302424126035e-01,0.000000000000000000e+00,1.021291684203069927e+00,3.902510039204579728e-01,1.290894770801433111e+00,0.000000000000000000e+00,3.738692715066149197e-01,2.819621423624095180e-01,1.214884361317467354e+00,6.064751757952322603e-03,1.245348628538800906e+00,1.290894770801433111e+00,1.283545577721546094e+00,1.234958726159898212e+00,6.411836720181703919e-01,5.814984247290310160e-01,1.126433523786555035e+00,5.910429612061879334e-01,8.546470951401856642e-01,5.275667702666916314e-01,7.070208828982170735e-01,1.290894770801433111e+00,3.005154703669009608e-01,4.172377540940504503e-01,2.698398386321618214e-01,1.290894770801433111e+00,1.527823471322546089e-01,5.983641858178434525e-01,1.585382852748776217e-01,1.099792526521102154e+00,3.090937175255235592e-01,3.117999193342816389e-01,1.135302167829036257e+00,8.143218549865695322e-02,1.010127079014196738e+00,8.184769740252373360e-01,5.908124067035837035e-01,2.085164273493005614e-03,7.508599240823219390e-01,2.626150984260359755e-01,1.982336749522807529e-01,1.181754293474081563e-01,2.019318865349040981e-01,1.481985248846118264e-01,7.816546662952028601e-01,1.140944106299651484e+00,1.290894770801433111e+00,8.218254469830715836e-02,1.290894770801433111e+00,0.000000000000000000e+00,3.793192858468418249e-01,9.803593754297775797e-01,7.555044489916319383e-01,5.156393317998623216e-01,1.290894770801433111e+00,3.177636452036528003e-01,5.353901917962270440e-01,6.380479960503366854e-01,6.697516808210559613e-01,6.531200971215245232e-01,1.741457833328317883e-01,8.720905160732309591e-01,3.815274792629996803e-01,2.359914450539283282e-01,6.833273747925847630e-01,5.433627726136570635e-01,7.805706357440371779e-01,7.664906761139694824e-01,1.290894770801433111e+00,7.886950551703957313e-01,5.048811352316825429e-01,1.170457258921447474e+00,1.290894770801433111e+00
5.300570535889124191e-01,1.232218599206150067e+00,1.760878120794246993e-01,1.231966480694806743e+00,6.568611396106349698e-01,1.197794974369133625e+00,5.806687323057920791e-01,5.365026531324883496e-01,6.914632219556948733e-01,3.216132151563665942e-01,6.594747285365405443e-01,0.000000000000000000e+00,2.761455828428948100e-01,1.271724932557075416e+00,2.502584628834571001e-01,8.059337251260855206e-01,6.632923745599874632e-01,1.239820314324287853e+00,4.899308008762773836e-01,1.079426549635136734e+00,5.268626905985692721e-01,1.020702686923231406e+00,1.290894770801433111e+00,0.000000000000000000e+00,0.000000000000000000e+00,6.839417675803515229e-01,7.616959120069074496e-01,6.872361375704423569e-02,6.628988632382490920e-01,1.146720446256238590e+00,1.061354111070612394e+00,1.290894770801433111e+00,4.745702270779826315e-01,9.797324683894566011e-01,9.990720582488904489e-01,4.239576146868235806e-01,1.852848837188354192e-01,5.625040651819948057e-01,2.296892151083275782e-02,5.538632983629461215e-01,6.476755554573427887e-01,8.025076779586955977e-01,5.320841456554131765e-01,1.290894770801433111e+00,9.834329724556076791e-01,6.122898986289223577e-01,1.712137381850528939e-01,1.043912883386960005e-01,3.402766207831787182e-01,1.107092794092839450e+00,9.217280594744170497e-02,1.275921022292066720e+00,5.419854590555936991e-01,2.400126176202771466e-01,0.000000000000000000e+00,5.867251951196131854e-01,9.635263137290243918e-02,1.290894770801433111e+00,1.256787838907306387e+00,6.911798597988699777e-01,1.290894770801433111e+00,5.556612385212016392e-01,4.460538846476942709e-02,1.046866458658203491e+00,1.290894770801433111e+00,1.012393496615628052e+00,7.231654260826289038e-01,1.008807372126893975e+00,2.176731386314580963e-01,9.245101134489309702e-01,8.153463951978432434e-01,1.290894770801433111e+00,4.691356080481435820e-01,1.086496914807162151e+00,0.000000000000000000e+00,5.908244524169815604e-01,9.797608380116999971e-01,9.283486662887304730e-01,0.000000000000000000e+00,0.000000000000000000e+00,1.064176448608222580e+00,2.947735206378727657e-01,0.000000000000000000e+00,0.000000000000000000e+00,6.736068881376727768e-01,1.239124004159956494e+00,1.015485613344503601e+00,2.895499850597792468e-01,1.029385391578783393e+00,2.629670998356498091e-01,2.184425928528564986e-01
9.260614154461354053e-01,0.000000000000000000e+00,7.387273745233813305e-01,3.576778493933495673e-01,1.280729079753631483e+00,1.008850480684567730e+00,1.061077393929477086e-01,4.080371621845866881e-01,6.018241044653420690e-01,1.092460244448446804e+00,1.061880889547315743e+00,7.463717711171766744e-01,8.317390851751879088e-01,9.734056108636601756e-01,5.061152125277282865e-01,1.290894770801433111e+00,7.159763294518776133e-01,4.335151402520324160e-01,4.169290898495195408e-01,1.133748603936979071e+00,5.023011524357713364e-01,1.164117092583136559e+00,3.633420906614260870e-01,5.530845575026934746e-01,2.853030351972546952e-01,7.285929956236326666e-01,3.254805548665490877e-01,3.019395908708537024e-01,4.566141700697490813e-01,1.290894770801433111e+00,1.060534108220331673e+00,1.290894770801433111e+00,9.597280794091582745e-01,8.688324666230817783e-01,3.186680596218355310e-01,4.736371455907174566e-01,5.288687960048777531e-02,7.349846774152319906e-01,2.045020366718130686e-02,2.667486277913466153e-01,2.658025459082127839e-01,1.290894770801433111e+00,2.954721578761617673e-01,1.290894770801433111e+00,9.197373209813614059e-01,9.022132763826887780e-01,4.653894785544543944e-01,6.707450664005113472e-01,3.542819511124258303e-01,8.397501275541324750e-01,0.000000000000000000e+00,5.781013671832118117e-01,3.678253273228697662e-01,1.290894770801433111e+00,0.000000000000000000e+00,3.645804931083981848e-01,2.491612118004652918e-02,2.375432475637840046e-01,9.729809504895342576e-01,7.275188832619724488e-01,7.954654233356205362e-01,1.271908801429599833e-01,7.451665924154975418e-01,1.290894770801433111e+00,1.290894770801433111e+00,1.290894770801433111e+00,1.290894770801433111e+00,8.192614053716134048e-01,4.780638765365302634e-01,9.615168090626723396e-01,1.266957255354408618e+00,1.290894770801433111e+00,1.161577533133324014e+00,1.086254306576651452e+00,0.000000000000000000e+00,5.398435630515910355e-02,1.133109872982102306e+00,9.823291369111046903e-03,8.378191475552941858e-01,7.805803944215207180e-01,5.479945068305553946e-01,2.193434924758839444e-01,0.000000000000000000e+00,0.000000000000000000e+00,1.039867651412863081e+00,9.528937481159104328e-01,1.007048321022724569e+00,9.310238926168444840e-01,0.000000000000000000e+00,1.223734225870609649e+00,8.896190117847051493e-01
3.649634232674351525e-02,0.000000000000000000e+00,5.822639655365858813e-01,0.000000000000000000e+00,9.208118058959290364e-01,9.561151353818991838e-01,8.732316118372106528e-01,6.735900626780767508e-01,2.264637146989316452e-01,9.627627414897909075e-01,1.958100213782400234e-01,4.863115579278693978e-01,9.183954475557501995e-01,4.031860532506000294e-01,1.290894770801433111e+00,9.152901737603629240e-01,5.520066539556067742e-01,3.877994102197924176e-01,8.577991560419692130e-01,8.745744892920080948e-01,3.824291090891088762e-01,2.191207739166419477e-01,5.855836122373506702e-01,0.000000000000000000e+00,6.987185581461564654e-01,1.536433051934388005e-01,1.911315079586422827e-01,3.833805280115222258e-01,4.100448531539326036e-02,1.290894770801433111e+00,4.692179475030969216e-01,1.290894770801433111e+00,3.634369153599177893e-01,8.401623583096798353e-02,1.851956675287742271e-01,1.263603332675867552e+00,4.323378208270007850e-01,7.333663009428560420e-01,1.216025009872474749e+00,8.239435005758963815e-01,7.911116220454447734e-02,1.290894770801433111e+00,4.549630019448726026e-01,1.290894770801433111e+00,3.613734756966048289e-01,1.004027569070414572e+00,6.233551240845310870e-01,8.958602626146386916e-01,6.631439857516660541e-02,2.679424500777202733e-01,1.116647775818752963e+00,3.786564057969176722e-01,1.280582463112390101e+00,1.338283226888607458e-01,0.000000000000000000e+00,2.261311886890449430e-01,7.260249341789731803e-01,6.958759697836596203e-01,1.216565118602256634e-01,6.834722647438534748e-01,5.242074021546371254e-01,4.927526326948077906e-01,1.073389683822578045e+00,1.290894770801433111e+00,1.290894770801433111e+00,9.044808690812801144e-01,9.571865387510324341e-01,5.369603478903096638e-01,0.000000000000000000e+00,1.161341247435051516e+00,3.307195281868806624e-01,1.290894770801433111e+00,9.852696543411484931e-02,9.908637576036369854e-01,1.000843273428187574e+00,9.930242731990757132e-01,3.204454980744319004e-01,8.072350778688014428e-01,0.000000000000000000e+00,0.000000000000000000e+00,6.107112695318379636e-01,6.644818134104065743e-01,8.083078622080720477e-01,2.067711738197739735e-01,1.160283266921723122e+00,1.147403192427410623e+00,5.026626691195786867e-01,9.227883305971580352e-01,7.969874877482014952e-01,8.807753999733237971e-02,1.040179187252646686e+00
5.235364902618044880e-01,5.342115442704478134e-01,1.120746672296887292e+00,1.261556521681135523e+00,1.290894770801433111e+00,8.532991942026303400e-01,2.044910117205072375e-01,3.995895423824147863e-01,5.390673953807371133e-01,1.088717571173424048e+00,5.039112958927848274e-01,0.000000000000000000e+00,5.651787458413580767e-01,4.245265073418234003e-01,4.513938367172797839e-01,5.290469017630539117e-01,6.644457767271066961e-01,3.415060498700260849e-01,5.492944230001765016e-01,5.571977729551804703e-01,1.093354003420698550e+00,1.063932864196676764e+00,1.192151233275579703e+00,0.000000000000000000e+00,5.651370000557851686e-02,7.517215903069337513e-01,9.551521034980057223e-01,1.229424830658743861e+00,1.290894770801433111e+00,1.290894770801433111e+00,1.318666361050409019e-01,1.290894770801433111e+00,4.260301643280932082e-01,5.523456629537745188e-01,2.850294336776409421e-01,7.943430683207038934e-01,6.257898768937762979e-01,1.077579727663330544e+00,5.206593742512691803e-01,8.992395472262472156e-01,5.542393805699620257e-01,1.290894770801433111e+00,1.173395256407682385e+00,1.290894770801433111e+00,4.500484551846977155e-01,1.057612038792704157e+00,1.275086623014298093e+00,3.676303237483202202e-01,1.259425617436537470e+00,1.479270739098106635e-01,4.099996900957130208e-01,3.773329238547076248e-01,5.230752243602374563e-01,2.371458304175123322e-01,0.000000000000000000e+00,7.521295516101903500e-01,2.033522261244125051e-01,3.089289964566120372e-01,3.207240376254697489e-01,2.704260376280364087e-01,3.805920738418482746e-02,1.378692962608975559e-01,1.627485872912996789e-01,1.290894770801433111e+00,1.290894770801433111e+00,1.120523006482968098e+00,1.290894770801433111e+00,1.278400230563377926e+00,6.230658325925656493e-01,5.232478499003997419e-01,1.032212277111363319e+00,1.290894770801433111e+00,1.290894770801433111e+00,1.050994221853684740e+00,3.998194400510314273e-01,5.809371466673156625e-01,4.567066986034440945e-01,5.327766657010513107e-01,3.180982466785772789e-02,8.082915250700433152e-01,4.375884914798075509e-01,1.156003766173780312e+00,1.122845044240896734e-01,0.000000000000000000e+00,5.191463682347750019e-01,4.420857188048114006e-01,8.540357911298496196e-01,8.903480583931360215e-01,7.808800466116689876e-01,9.735687704125802755e-01,1.107453762073887349e+00
8.972318757610853179e-01,8.388605641660118462e-01,5.989427796182192516e-03,1.127705575187453624e+00,8.077095844464256269e-02,8.229057677496380840e-01,5.878898454180806477e-01,5.345465502726745033e-01,8.748795158233017011e-01,8.738141607819475132e-01,9.930079074346307433e-01,8.329835286220944601e-01,7.386562290954020726e-01,9.265223683241217145e-01,1.290894770801433111e+00,1.232574128913008771e+00,6.090684808404748241e-01,2.201350331879697309e-01,6.016713805945015509e-02,1.213330177393081799e+00,3.984900101646916548e-01,3.022406951793675245e-01,9.713928266688008906e-01,2.989561468504740027e-01,5.681943453411844036e-01,1.016535423358212897e+00,2.409422928715605206e-01,1.264841345915579396e+00,3.934453198218338388e-01,1.025022381922152226e+00,1.290894770801433111e+00,1.290894770801433111e+00,2.619180319545646451e-01,6.541367115933414134e-01,1.035912967883477087e+00,1.051946320972354298e+00,9.952734816513980620e-01,7.955305813917200597e-01,4.805238696920434427e-03,7.979688797393973410e-01,2.011212955559646964e-01,1.290894770801433111e+00,1.777077625363586433e-01,1.290894770801433111e+00,1.290894770801433111e+00,9.502634549614249471e-01,5.370242500984662160e-01,9.128045770026647077e-01,4.725807992717804829e-01,7.841313624575584340e-01,3.811108545248533264e-01,6.408999505659479512e-01,2.858195534919328318e-01,3.835559019295942673e-01,0.000000000000000000e+00,1.553616121485458870e-02,5.438500862761541654e-01,1.205986689645121901e+00,8.032824044822944876e-02,5.222464863027074244e-01,7.011179244570376889e-01,7.609669703701920085e-01,7.891336465149378920e-02,9.860048286686793340e-01,1.290894770801433111e+00,1.143539930878262778e+00,1.095226915164344339e+00,4.501753992117266817e-02,5.102140502713703452e-01,6.183934732424714587e-02,3.451367909122682875e-01,1.290894770801433111e+00,4.422892052962709708e-01,2.497219865068756872e-01,1.106430333709832681e+00,1.065871706190746782e+00,5.192944124876176515e-01,1.093704975877168195e+00,3.836098727802244590e-01,0.000000000000000000e+00,4.931813451409429172e-01,9.943811679880736332e-01,5.251637952225132189e-01,0.000000000000000000e+00,1.040619832671300760e+00,4.664705953452788489e-01,1.290894770801433111e+00,3.514356157045107065e-01,7.697421641883750443e-01,3.904689915221919994e-01,9.886842062634653150e-01
4.042341838917300478e-01,1.044641620684774175e+00,2.396745076716304546e-01,0.000000000000000000e+00,2.777942899251794606e-01,3.725727183985613755e-01,1.278245140373588384e-01,1.134462430761683072e+00,2.891202854050457516e-01,3.156059780683486693e-01,1.109955636550109981e+00,2.507534481724992270e-01,6.573670021292743471e-01,6.327545251330369824e-01,8.437449095322243631e-01,1.108375079190816681e+00,8.267417535362724390e-01,1.065687437804192061e+00,1.113087302799095069e+00,9.578344066420220182e-01,7.065503680295132094e-01,1.087036101747471006e+00,9.477162870711197673e-01,5.113125305281678301e-01,5.661916919290359562e-01,7.494294445667375459e-01,9.671507691461467271e-01,5.966219457301282780e-01,1.290894770801433111e+00,2.170870763575890316e-01,1.290894770801433111e+00,3.298696318425429763e-01,9.451089296543506713e-01,1.135867661006783047e+00,4.394776984980864332e-01,7.506647858161218378e-01,3.094752500529105443e-01,1.428996269570996791e-01,1.167467960465141230e+00,4.695257756656153192e-01,7.053372196392735383e-01,1.290894770801433111e+00,9.352791241237952136e-01,1.290894770801433111e+00,1.290894770801433111e+00,2.772549153887079454e-01,0.000000000000000000e+00,9.894693861730032014e-02,2.755175623523741235e-01,1.182595524832251943e+00,7.065997874242433419e-01,1.290894770801433111e+00,8.907918089946955664e-01,1.227836938238209941e+00,0.000000000000000000e+00,8.964183101990554903e-01,8.270248980746508494e-01,3.496897127094614754e-01,9.241030077045900293e-02,8.702347438878439423e-01,8.773201361297005008e-01,1.290894770801433111e+00,7.397868105720003529e-01,1.290894770801433111e+00,1.290894770801433111e+00,5.457897904469500849e-01,1.290894770801433111e+00,6.801893890531811593e-01,5.193805099065131881e-01,9.670723382901381671e-01,5.654930272222864485e-01,1.290894770801433111e+00,1.216812104137697581e+00,1.290894770801433111e+00,9.255784853721108485e-01,1.640737540065278222e-01,8.574538017892042729e-01,4.348955842546827627e-02,0.000000000000000000e+00,1.091740476303544538e+00,1.009561917597534553e-01,2.567872887157598982e-01,1.293879579306285166e-01,0.000000000000000000e+00,8.829517875495831447e-01,4.072622006699386787e-01,7.831347483566100109e-01,1.100316002971266860e+00,1.943243784418891354e-02,2.203385208227014169e-01,4.295039447483851025e-01
3.314015952031920120e-01,8.992837178313490831e-01,1.774335017479529986e-01,2.477545330884125055e-02,1.077763683914828574e+00,3.414918429667799793e-01,1.668741214511086368e-01,8.177808102935558987e-02,1.271500161663956074e+00,0.000000000000000000e+00,1.163444908566717562e+00,1.073394534580587978e+00,9.040214845545374578e-02,8.537704536899640706e-01,2.729323961988288638e-01,1.126211370008308871e-01,1.189452342743633206e+00,7.069801497932084455e-01,1.250212216497445405e+00,8.624826364066502382e-01,4.340398791895550556e-01,1.202154484168028947e+00,7.734229161074226422e-01,0.000000000000000000e+00,8.000415024367468764e-01,1.061385836637195768e+00,1.708853532171015766e-01,2.897066556075779675e-01,3.147453818971296391e-01,6.736409484009355797e-01,1.290894770801433111e+00,1.242163894041076411e+00,1.586278290574424377e-01,2.148367337377882769e-01,1.072570912092633222e+00,8.527901742931249807e-01,7.845534891071299644e-01,4.045968564554848768e-01,5.996223033402013902e-01,9.988805517002182777e-01,5.021250022706635896e-01,1.290894770801433111e+00,1.290894770801433111e+00,1.290894770801433111e+00,1.165906328937643011e+00,1.030891765877576471e+00,8.277519684404276434e-01,1.055887879280582142e+00,6.240749442590699525e-01,1.242433860659118094e+00,3.616149884904681366e-01,7.190414202302993774e-01,4.482985894734086152e-01,8.897076911270597188e-01,3.372709186030781181e-02,1.206883006064839670e+00,7.713961995174285491e-01,1.290894770801433111e+00,5.865995512570186809e-01,1.086861806021038879e+00,6.665423011105527928e-01,1.243897009511384599e+00,5.436437273634241452e-01,9.850956542302025110e-01,1.290894770801433111e+00,6.759029923212059865e-01,1.290894770801433111e+00,9.866134147650731379e-01,9.964417974718126070e-02,8.906013184289814921e-01,5.602649182561595387e-01,1.210770313641825080e+00,6.138969648179772864e-01,4.945196785351508861e-01,0.000000000000000000e+00,8.272427713635126523e-01,1.102745142850643401e+00,0.000000000000000000e+00,1.241446964827476407e+00,2.574552335709479611e-01,9.522418930610709875e-01,1.855814766800194596e-02,9.582254538481350670e-01,0.000000000000000000e+00,3.380432467219866011e-01,1.290894770801433111e+00,4.177339197636509294e-01,1.046131257505950485e+00,9.390159833286477742e-01,2.247666225813012286e-01,8.256590474913876043e-02
7.477759098872990839e-02,4.177064760660555431e-01,3.976683271687965204e-01,7.774085219665712865e-01,1.290894770801433111e+00,3.180089682500480963e-02,3.109553177181654249e-01,9.894455196914736517e-01,3.115132270357803268e-01,6.379436807202908399e-01,1.290894770801433111e+00,1.141623142883434028e+00,9.392091318215459173e-02,1.161687098069916102e+00,7.184593674238621830e-01,1.105668865049373339e+00,1.251018314791479957e+00,1.973051707517674558e-01,6.080577970852929504e-01,9.103565043370857035e-01,1.019012048318954505e-01,1.078152409740947837e+00,2.527962522901557874e-01,0.000000000000000000e+00,5.545650167008157050e-01,1.727941378130362082e-01,9.009085845638827861e-01,9.243229058187898417e-01,1.192999885802068283e+00,1.193700142604011694e+00,7.465610575411798511e-01,1.290894770801433111e+00,9.429866454266130349e-01,4.260108123414368397e-01,1.077541588352963986e+00,4.277321029044134915e-01,2.501756825582163168e-01,9.871503208046620292e-01,2.607169223551421000e-01,1.177155977629672723e+00,6.368715722741726815e-01,1.146014388038040677e+00,8.402999343232653295e-01,1.290894770801433111e+00,1.290894770801433111e+00,5.476855371442534981e-01,4.674874389656216156e-01,0.000000000000000000e+00,1.129301822904427377e+00,0.000000000000000000e+00,5.465245592744276681e-01,1.057076198123421795e+00,9.064542098935649550e-01,6.180680321554252732e-01,0.000000000000000000e+00,5.030216222489823918e-01,0.000000000000000000e+00,6.864699065388167876e-01,1.084084419702884272e+00,8.032388030000157109e-01,4.507314936420250828e-02,5.155519640567031159e-01,1.290894770801433111e+00,1.381901983865930772e-01,1.290894770801433111e+00,1.241354423306750832e+00,1.290894770801433111e+00,7.815187773010059402e-01,1.841774325833522297e-01,9.272331695171446286e-01,1.273386598025634253e+00,1.034890127691391465e-01,7.078532209611606563e-01,1.992645138417609985e-01,0.000000000000000000e+00,3.353742323005825532e-01,5.752456415344447960e-01,0.000000000000000000e+00,4.416151542276015168e-02,7.136294562300012911e-01,5.340881306575692156e-01,5.992011891891986242e-01,8.199599450904584419e-01,0.000000000000000000e+00,1.258531436660950353e+00,4.218955615697353445e-01,8.419252927475002757e-01,8.349977055039776719e-01,1.141155729160686416e+00,1.159921131361500574e-01,1.153649210193338659e+00
1.290894770801433111e+00,2.668348428664407690e-01,1.937425910143595054e-01,0.000000000000000000e+00,1.753745063555667560e-01,4.333236056224266108e-01,7.639511636323573565e-03,6.344715343707739430e-02,1.186123283690978747e+00,1.061105230340341210e+00,9.441757388377857163e-01,2.933963285206241389e-01,6.061089236502001931e-01,1.173276438790963772e+00,2.176258388516515707e-01,5.295206621090056132e-01,5.852725797446181044e-01,1.216402839712094286e+00,1.254111630394102450e+00,5.169877212500980646e-01,3.171154608605802894e-01,1.176754589909169590e+00,3.034359373751552846e-01,0.000000000000000000e+00,5.693141166382172796e-02,9.348077940290988597e-01,3.344481986574345256e-01,5.497860591881177372e-01,7.514858673346769269e-01,1.264871615822778794e-01,1.117938241038082037e+00,1.290894770801433111e+00,9.872725317189160466e-01,7.719639342989967901e-01,2.065745138481993870e-01,1.131114423640685818e+00,2.295545259770554597e-02,1.159381082050633172e+00,3.923182714876807808e-01,3.639840798090834273e-01,1.108810888433760189e+00,3.080836321511885023e-01,9.258004401560148144e-01,1.290894770801433111e+00,2.085506061697797731e-01,9.061086487049144766e-01,1.114276705365791598e+00,9.243244707254116843e-01,3.093725094777590168e-01,3.331934815649563175e-01,1.088987731353221911e+00,8.508865718660723054e-01,1.486022573447930706e-01,1.290894770801433111e+00,0.000000000000000000e+00,3.584149833300829258e-01,3.211855759999201476e-01,1.290894770801433111e+00,9.135851045976774998e-01,9.560482318562564252e-01,2.610454813267704122e-01,2.560663149270041572e-01,1.733726313341922565e-01,1.127929248346230429e+00,1.290894770801433111e+00,3.263421315670312906e-01,1.290894770801433111e+00,5.738412096305565979e-02,4.333757331545549651e-01,1.498125952063685540e-01,1.174465147302904633e+00,1.290894770801433111e+00,3.318270196881573098e-01,1.101055981015083285e+00,5.817338039674321143e-02,1.247421140303377474e+00,4.702070880426142963e-01,0.000000000000000000e+00,6.304986384999095028e-01,1.002331824902008783e+00,1.527899911948946976e-01,1.048605526514342579e+00,8.416186622308552412e-01,0.000000000000000000e+00,7.650862923799311988e-01,1.290894770801433111e+00,1.231503358212852284e+00,5.253852966091955290e-01,4.461755842056210342e-01,9.602797710951600507e-01,2.339899991530970669e-01
1.198114544116299029e+00,5.495842656386505931e-01,9.045086018541513839e-01,7.221204421328609735e-01,6.339400078274302075e-01,1.104398328221362080e+00,9.862725972863557733e-02,4.563605154653104234e-01,9.630196039644258743e-01,0.000000000000000000e+00,7.719601170047720728e-01,1.290894770801433111e+00,1.152247350526154790e+00,8.356487771429081945e-01,6.127871606018930883e-01,3.876600295302887189e-02,4.412007870096380513e-01,7.295024966223145890e-01,1.251055043106699349e+00,0.000000000000000000e+00,1.252841565540327773e+00,3.388137318576536217e-01,8.672932500221737229e-01,0.000000000000000000e+00,6.742891302192078884e-01,9.649498768156147266e-01,1.089671527730130984e+00,5.591914208070495329e-01,3.829059919254411137e-01,4.191584254516166341e-01,8.235841840645007350e-01,1.253748572464306932e+00,7.744585585184214915e-01,1.290894770801433111e+00,2.199485358581236838e-01,2.008672234054328098e-01,1.289628137239009043e+00,5.995947570283495232e-01,3.657737976337389063e-01,2.996765968679017678e-01,1.002240341802292267e+00,8.355689722600410096e-01,1.135965028556967349e+00,1.290894770801433111e+00,1.290894770801433111e+00,7.740809920331397365e-01,3.632642750587458669e-02,1.840024729420960403e-01,1.552296850518162241e-01,2.952214419042605842e-01,3.203506730708531869e-01,1.290894770801433111e+00,8.873207433940940581e-01,1.290894770801433111e+00,0.000000000000000000e+00,9.135339675740268284e-01,1.004803446827515989e+00,5.391944121687400893e-01,8.967392639325366677e-01,5.369829521446111142e-01,1.120494780308708416e+00,6.192764670863215581e-01,4.605449198893387108e-01,1.259323163224887798e+00,1.290894770801433111e+00,7.906942884395751214e-01,1.290894770801433111e+00,6.771381659704872602e-01,0.000000000000000000e+00,9.161009252785005108e-01,1.158795883269222005e+00,1.290894770801433111e+00,1.119830824288397642e+00,1.290894770801433111e+00,7.994082029136739820e-01,7.740359054260809862e-03,7.774850938603662387e-01,0.000000000000000000e+00,3.257111442073916119e-01,9.563802796089381220e-01,1.093272099545366416e+00,7.337158794530065364e-01,4.111444860892861652e-01,0.000000000000000000e+00,2.690877403006002311e-01,1.290894770801433111e+00,2.866149764439547831e-01,6.436376519385758957e-03,0.000000000000000000e+00,6.064915986168790962e-02,3.572799672680886385e-01
5.251785959245124369e-01,5.842685278463392029e-01,3.739465116689099089e-01,9.833444748093479459e-01,8.491173234117270763e-01,6.472024887489736811e-01,2.819520574462736628e-01,1.250544392194248289e+00,1.146027930198421974e+00,7.205950411877051209e-01,3.894671564731946312e-01,5.619863249720502552e-01,9.927791091054894990e-01,7.433624057763292825e-01,5.959608492000142421e-01,1.244183610398618356e+00,3.837701365272505605e-01,6.061659828850556320e-01,2.802579382957439691e-01,0.000000000000000000e+00,2.687427590534203700e-02,4.178594080400586108e-01,7.537023194257337633e-02,0.000000000000000000e+00,1.236287589673328025e-01,1.198175795338518590e+00,8.657090658602379918e-01,4.250046136447392930e-01,3.418264074177422285e-01,1.290894770801433111e+00,1.290894770801433111e+00,1.290894770801433111e+00,1.034124235149444793e-01,2.804074549324589993e-01,7.326424587813880063e-01,1.143719047003978639e+00,5.796614212272105382e-01,8.873473248394024571e-02,1.002228476548611802e+00,1.021434378554338718e+00,1.143599434223273814e+00,1.290894770801433111e+00,3.436298181538860463e-01,1.290894770801433111e+00,1.290894770801433111e+00,4.549266923082221914e-01,5.624702529484040259e-01,4.798713474100399501e-01,1.079816664425807149e+00,5.654831563684605822e-01,9.456181440726776355e-01,3.870759632606548539e-01,7.826845160859348394e-02,1.290894770801433111e+00,0.000000000000000000e+00,6.818166019886308105e-01,8.114191562051993323e-01,1.290894770801433111e+00,1.140011578462735597e+00,5.657946485932969782e-01,9.907565025262295988e-01,1.177708264880719807e-01,5.358384248027221464e-01,5.774493527734179121e-01,1.290894770801433111e+00,6.532702280131930106e-01,1.290894770801433111e+00,0.000000000000000000e+00,2.596857151149239984e-01,1.048236854558358910e+00,6.633660146106740152e-01,9.398381041861436636e-01,8.456122522362208294e-01,1.290894770801433111e+00,1.243539718135132421e+00,4.373647873689249788e-01,6.383646735820931450e-01,4.119011834880809131e-01,7.341643827356080232e-01,1.269444468549937755e+00,8.802134461673885024e-01,8.708826397985355294e-01,0.000000000000000000e+00,0.000000000000000000e+00,3.508820793208989874e-01,1.220761087542240331e+00,1.002190826615693808e+00,5.908865721065320598e-01,4.514629055798353163e-01,1.045683614996146815e+00,9.808432700340004029e-01
1.290894770801433111e+00,4.527622669285996659e-01,3.937689889199130211e-01,7.437673815317101811e-01,7.232756244978860716e-01,1.066551888597221609e+00,4.888978604294201280e-01,8.653955916938405046e-01,4.383938465717848176e-01,0.000000000000000000e+00,9.194723460704460338e-01,5.347879694255319727e-01,1.017292906383311379e+00,6.581238802884044059e-01,5.573234346564829300e-01,4.059174409304160402e-01,1.290894770801433111e+00,8.135333830685957945e-01,4.473184729049503594e-01,0.000000000000000000e+00,9.467396209734078028e-01,1.194875255013110982e+00,1.290894770801433111e+00,0.000000000000000000e+00,3.656310850949407443e-01,5.210257457511812129e-01,1.290894770801433111e+00,8.448822267521712004e-02,1.290894770801433111e+00,1.290894770801433111e+00,1.290894770801433111e+00,1.290894770801433111e+00,1.290894770801433111e+00,1.290894770801433111e+00,0.000000000000000000e+00,3.390190024350940579e-02,7.976155887927934840e-01,3.835153131329459009e-01,3.877521176064915864e-01,1.123427691351568114e-02,1.247041328134292915e+00,1.290894770801433111e+00,1.290894770801433111e+00,1.290894770801433111e+00,1.290894770801433111e+00,7.747370016171761797e-01,1.886283885367985025e-01,2.897812238084898073e-01,2.057390545461624531e-01,3.403543300927761583e-01,0.000000000000000000e+00,1.290894770801433111e+00,1.290894770801433111e+00,1.290894770801433111e+00,0.000000000000000000e+00,1.057034055940182959e+00,5.960026584267041905e-01,1.065427051164335781e+00,1.290894770801433111e+00,6.162188954653969875e-01,1.290894770801433111e+00,1.071412026090712066e+00,4.561156344221424797e-01,5.683077936074397707e-01,1.290894770801433111e+00,6.277234555538072636e-01,7.335044254720998191e-01,7.756660223544836752e-01,6.176582522985034629e-01,1.290894770801433111e+00,4.042819518965051206e-01,1.290894770801433111e+00,6.667633756810126267e-01,1.173450244508192908e+00,5.920291944562359188e-01,5.708335281019950858e-02,4.803807348017160028e-01,1.023875433148725200e+00,4.654380820659964058e-01,7.808660963994309423e-01,7.480025786994751735e-01,0.000000000000000000e+00,0.000000000000000000e+00,5.286290564470976783e-01,8.806054889201552216e-01,1.290894770801433111e+00,1.290894770801433111e+00,1.009635476865679449e+00,4.333954690650159147e-01,0.000000000000000000e+00,1.290894770801433111e+00
3.185376469526678411e-01,4.237861722693013200e-01,0.000000000000000000e+00,0.000000000000000000e+00,1.290894770801433111e+00,1.290894770801433111e+00,2.554598012524902928e-01,0.000000000000000000e+00,7.700742603765041716e-01,2.409832597218172501e-01,1.377773954039623883e-01,8.946271526117568484e-01,1.100707633216845061e+00,8.316407247744995734e-01,1.290894770801433111e+00,7.306200371423032802e-01,6.571907572061023162e-01,1.992617733383377776e-01,1.290894770801433111e+00,2.090887362524247728e-02,1.245343788402060836e+00,7.451140620468678089e-01,7.431763236068411604e-01,0.000000000000000000e+00,0.000000000000000000e+00,5.029745660147503239e-01,9.936496105011346502e-01,3.010067240783855791e-01,8.078441704925126698e-01,1.004253696985251548e-01,7.043455444139813393e-01,1.290894770801433111e+00,1.093779863278988795e+00,8.647023606382112648e-01,9.928997329043961484e-01,1.020091169661353492e-01,6.133717258243721604e-01,8.858481654356252788e-01,5.356280303398813780e-01,1.056280218131397275e+00,1.842306397629370762e-01,1.290894770801433111e+00,4.523513099875354215e-01,1.219710962654066311e+00,4.935208227726740060e-01,0.000000000000000000e+00,9.460704658035573589e-02,6.339117725579967999e-01,9.537780651135867593e-01,1.024774751689486285e+00,0.000000000000000000e+00,3.074854612192344239e-01,1.290894770801433111e+00,1.290894770801433111e+00,0.000000000000000000e+00,5.201478187041950196e-01,5.109263345284168617e-02,1.290894770801433111e+00,1.290894770801433111e+00,1.251435647596799372e+00,1.290894770801433111e+00,6.752780871427553899e-01,2.316274925640057769e-01,1.290894770801433111e+00,1.290894770801433111e+00,1.142654785153398356e+00,1.290894770801433111e+00,1.290894770801433111e+00,1.163524289034276071e+00,4.941528078527332446e-01,0.000000000000000000e+00,8.877839619538404614e-01,1.290894770801433111e+00,1.290894770801433111e+00,1.366739604153151821e-01,4.664913219151058388e-01,1.020596879547017499e+00,3.212783047614872767e-01,9.463275694270579796e-01,2.776731513914932892e-01,1.044734044656153493e+00,0.000000000000000000e+00,0.000000000000000000e+00,9.423470274340449704e-01,2.161413128406796114e-01,1.290894770801433111e+00,1.290894770801433111e+00,0.000000000000000000e+00,3.946523036800816397e-01,5.956274942936754524e-01,1.208514722882973569e+00
8.477357209411237049e-01,9.902921441620999854e-01,2.747579304610843765e-01,6.725662839428147022e-01,6.307737138313450620e-01,4.927240811500565032e-01,4.549678739229671698e-01,1.125873237715672159e+00,0.000000000000000000e+00,2.856882521686361365e-01,6.439340980756707022e-01,1.057304242148065926e-01,6.027161908968686754e-01,1.305048262571452122e-01,1.084286954399976688e+00,1.201397740845304929e+00,8.185997288582870235e-01,1.074618700220323131e+00,1.290894770801433111e+00,1.087207930553064195e+00,1.107421924252074641e+00,1.080241754462649695e+00,1.290894770801433111e+00,0.000000000000000000e+00,8.757392144060551775e-01,4.865729464707907459e-02,5.612392091715753262e-01,7.844064381811748365e-01,3.352264094240399173e-01,8.399980290091224600e-02,1.270212244470128704e+00,1.290894770801433111e+00,1.116911686010769733e+00,8.686601906978960175e-01,5.925813922786510313e-01,7.586130883349514464e-01,3.406890507832189829e-01,6.362684756397267716e-01,2.304792137096874916e-01,2.658954914291816185e-01,3.515283836128971218e-01,1.290894770801433111e+00,8.526051793833872017e-01,1.290894770801433111e+00,1.290894770801433111e+00,1.014388523229198036e+00,6.187362586768372363e-01,0.000000000000000000e+00,2.092953229805726567e-01,4.388315440799876732e-02,3.475580572518595281e-03,8.095288638552913252e-01,4.771677286729847367e-01,1.290894770801433111e+00,4.163536634669430803e-01,3.077619584947941522e-01,7.025938609904087695e-01,4.203404654573445476e-01,7.467483085735000525e-01,4.857406576929477193e-01,1.290894770801433111e+00,8.424657395655427150e-01,1.290894770801433111e+00,3.633273257712711923e-01,1.290894770801433111e+00,8.937840140962443058e-01,6.897847300549488914e-01,6.026597391701223883e-01,5.588144426708518964e-01,1.290894770801433111e+00,5.204088572860698925e-01,9.420415454262092148e-01,1.503416308241232735e-01,1.290894770801433111e+00,1.139826800322003120e+00,6.538174421174106632e-01,4.304507396794621243e-01,1.004249111204719158e+00,1.255304461190036580e+00,1.043692198308893287e-01,1.290894770801433111e+00,4.935364565424438243e-01,1.091794649588716526e+00,0.000000000000000000e+00,8.007682015985535529e-01,1.290894770801433111e+00,1.290894770801433111e+00,1.006345562824546569e+00,5.102316203951580142e-01,8.153835955158304782e-02,1.758760603100331943e-01
8.378528312679219825e-01,4.836457140753605555e-02,4.786324647037475399e-01,7.208329765971802638e-01,7.656997632331653536e-01,1.077997093249716709e+00,9.241124690880756498e-01,7.959189744024697255e-01,1.195359360924696523e-01,5.492169035223100348e-02,8.351624320925435385e-02,1.848897161409689405e-01,3.225368378173646411e-01,7.960578274041262281e-01,5.523504519200613805e-01,1.037894123790773948e+00,7.186228675768744356e-01,5.918092672926746900e-01,5.648196526890461033e-01,9.705319065044409887e-01,5.811235316281416763e-01,2.781244934124711410e-01,1.223519814298682284e+00,0.000000000000000000e+00,4.608312856851159434e-01,3.535668237106440737e-01,4.336135783822180345e-01,6.797506093661169480e-02,5.547369990686155106e-01,1.290894770801433111e+00,1.074813994618235125e+00,1.087928556283090265e+00,1.290894770801433111e+00,6.854727412640726492e-02,4.167044418777237635e-01,1.186793225220015069e+00,7.467636627548300821e-01,7.826999845539832357e-02,7.139577935157460642e-01,1.232544797362179034e+00,7.571797060780413036e-01,1.290894770801433111e+00,1.176414580826739831e-01,1.290894770801433111e+00,1.290894770801433111e+00,5.311430049748213644e-01,6.161047888534596645e-02,1.174657026953666028e+00,1.100747905967694118e+00,2.674985681532536796e-01,9.532353849109528321e-01,8.829164131061997267e-01,1.290894770801433111e+00,1.216965848619069535e+00,0.000000000000000000e+00,1.648827909255248525e-01,1.083522144411204646e+00,3.098093502020243251e-01,4.406218662176892842e-01,3.671536507944775929e-01,3.818112639038195311e-01,3.317960110420967723e-01,1.038611444914836701e+00,1.290894770801433111e+00,1.290894770801433111e+00,1.240688679358043833e+00,3.910792230460250485e-01,7.475365219559912955e-01,3.429557414473144439e-01,1.203868510922716739e+00,7.115843860422058631e-01,1.290894770801433111e+00,1.807792770812571836e-01,1.012079022011475704e+00,6.214097900299157817e-02,0.000000000000000000e+00,9.216722580960928779e-01,6.878664206802900805e-02,1.774364905579020046e-01,5.027233612931057971e-01,8.239600669206684769e-01,1.077168870924044120e+00,1.791865487773191754e-02,0.000000000000000000e+00,9.432533077174178882e-01,1.290894770801433111e+00,1.258747533697570420e+00,8.554282401625332155e-02,3.086132567287246942e-01,0.000000000000000000e+00,1.229809060532275788e+00
4.621325229120368805e-01,1.377411776193735726e-01,1.058179441635101331e-01,5.160830938808962376e-01,1.092279404126825920e-01,1.121886782644768266e+00,5.399281299557373570e-01,4.891476489218276602e-01,5.859810256734698797e-01,1.063867449883440841e+00,1.023450901561658410e+00,7.457524306002230041e-01,4.991564808056064839e-02,1.070741335862419374e+00,1.000886560856130147e+00,1.288726474544908074e+00,1.091270656961710106e+00,1.034271708753757846e+00,9.712983432689343832e-01,1.022303972621240620e+00,1.252864017345453052e-01,4.543681791012436078e-01,7.296617717918213453e-01,3.238918470381485504e-01,8.868315131464910017e-01,1.172755137195704345e+00,3.389236559623819978e-01,7.766817620376892384e-01,1.102409264879376377e-01,4.828231499389359915e-01,1.255323550104956443e+00,5.302845593622582676e-01,1.407935510278547075e-01,7.773142788679676674e-01,8.569168993255773525e-01,7.692413027628265398e-01,1.185841675419234235e-02,6.127226394497991002e-01,5.221639501699880670e-01,1.004370105132974977e+00,1.011633693880942708e+00,1.076269248240926402e+00,7.777219753386094281e-01,3.947853887308909460e-02,4.140915987911424345e-01,1.714496376097869035e-01,1.130207224925807497e+00,6.910215848225706448e-02,7.354398333372696994e-01,7.066193774728118937e-01,3.114094729819658069e-01,2.808226393549370092e-01,6.123476151934673650e-01,1.024307771420550850e+00,3.312434780094274944e-01,4.644271288593320168e-01,1.046579995416542452e+00,2.010087342841655744e-01,1.207280446896192627e+00,4.208974687568919348e-01,2.858986848910134437e-01,9.137970475940833115e-01,3.197966302599924981e-01,4.756240366507370476e-01,1.148883833653601139e+00,1.171602554641391514e+00,1.041555626537205903e+00,9.425849477471679450e-01,1.148016862218438128e+00,1.179020354684435112e+00,1.101509499907510126e+00,1.091932406161540081e+00,5.872913683896890946e-01,1.216378748522149778e+00,6.360518564832686739e-01,8.669871634075900779e-01,7.229005245436945781e-01,9.252817499297749659e-01,1.516001358466631255e-01,2.505316230569424457e-02,6.134611060866144161e-01,6.163288278766778649e-01,1.289431141347300525e+00,1.282000489881000460e+00,3.324437408343872136e-02,5.101760352990887259e-01,5.555898073226149814e-01,1.166492303770960970e-01,8.059030755180318639e-01,5.878042018168271321e-01,4.599131131875735523e-01
2.882571521100192879e-01,1.087269535407576343e-01,9.343824537287532817e-01,5.348424237311022456e-01,1.187497434156367326e+00,3.100911248041949841e-01,1.029462638177706113e+00,6.861418075781836601e-01,9.378284483866144994e-01,1.517866852675525124e-01,6.896659051355619185e-01,7.545674985731642970e-01,9.672645454420073508e-01,6.572508424003699057e-01,1.238682772906295249e+00,4.920697439290963038e-01,7.996801426740881569e-01,2.040951750965460665e-01,6.426416327053626754e-01,6.594846602891482057e-01,1.020936695486618362e+00,1.057921126640630982e+00,8.237841817621023299e-01,1.808861115213229731e-01,1.229113460869578067e-01,8.174490027352220300e-01,1.814705141560805923e-01,1.124290610717632255e+00,2.967746024724400300e-01,1.264814749311316211e+00,4.745455626992971521e-01,9.239513672145100998e-01,1.080822557305615383e+00,5.079007547449522209e-01,1.964515218881385250e-01,6.360013881454475160e-02,3.168548566005070510e-01,1.158445470867739413e+00,4.796877545524793063e-01,1.493790970427754383e-01,1.214598590063263650e+00,8.450534109500821289e-01,1.043697097485847047e+00,7.600907141004965561e-01,1.134014044241633767e+00,1.169055759636460495e-01,7.206891323432149665e-01,1.367454422364365596e-01,1.078577818338449790e+00,9.751992031974897612e-01,7.074609594980846294e-01,5.349407896952890207e-01,1.238642427831405379e-01,1.286940932666280624e+00,7.563992572513672519e-01,1.068972710743213428e+00,3.875420092124408078e-01,1.099962512777256318e+00,1.085344214317109923e+00,6.652903238489256132e-01,8.192501163488031812e-01,1.272573476196438014e+00,3.791526484066536362e-01,1.869937322932507806e-02,9.080174487441647901e-01,1.863029540806110107e-01,2.664632679996339903e-01,6.515395097304750582e-02,9.245317383428202085e-01,4.848289226175192534e-01,1.124074539494054781e+00,9.638613670239999376e-01,9.494407480559954315e-01,1.184674466541358467e-01,1.100013382918532789e+00,8.732163981187652801e-01,7.774040281212011294e-01,1.003457898386573011e-01,2.596116151682714146e-01,1.231489946112354739e+00,2.020396389313252605e-01,9.095727963595408305e-02,1.277260752681900424e+00,1.106411811936181405e-01,2.197146949787824599e-01,5.103162667660802176e-01,1.233033896031543231e+00,1.040695481628703067e+00,1.786034887890583234e-01,1.933796384447193928e-01,1.140253854671681610e+00
1.290894770801433111e+00,6.455443096800150826e-01,1.117510473990857900e+00,1.068843175815922919e+00,9.863857680985477216e-01,1.167984620135634755e+00,8.159817971053613395e-01,1.184333662704053269e+00,4.985952342114691876e-02,9.604835311699662093e-01,1.290894770801433111e+00,1.204329432090841534e+00,1.439582829477772108e-01,6.300761491686021065e-01,5.963123855120883859e-02,2.067920115006047221e-01,1.290894770801433111e+00,9.359301835209738818e-04,9.641488690235885395e-01,9.321580940521339009e-01,1.087205383078391208e+00,2.303734925745887924e-02,5.572658043223646107e-01,0.000000000000000000e+00,3.967053541106587145e-01,1.063898933091761423e+00,7.160036319450499009e-01,9.411812164225686894e-01,1.290894770801433111e+00,1.046374378877974243e+00,8.672272577845611119e-01,1.232153446317280521e+00,7.670100688374711373e-01,6.443753832559493411e-01,0.000000000000000000e+00,1.741474729120716936e-01,1.120205460325587321e+00,3.348697721509176772e-01,8.668369742820464241e-01,1.102887019341074915e+00,3.436012634588527792e-01,2.838851919273705504e-01,1.275135744933878934e+00,1.290894770801433111e+00,1.290894770801433111e+00,5.892813293095487959e-01,5.555016233385663416e-01,0.000000000000000000e+00,6.808777915677033388e-01,9.624736775653811582e-01,2.444592792055125530e-01,1.290894770801433111e+00,7.895641673465080279e-01,1.290894770801433111e+00,0.000000000000000000e+00,8.368044463564386914e-01,5.520775598066798295e-01,1.828478790451603109e-01,4.391315862260463665e-01,9.169548948724497162e-02,1.476176525947124063e-01,9.451985840846781617e-01,1.558973924108533193e-01,1.290894770801433111e+00,1.290894770801433111e+00,1.241196158738291810e+00,1.290894770801433111e+00,8.462322146454882565e-01,1.222169648510199880e-01,1.090018563780716709e+00,4.919774829056965948e-01,1.290894770801433111e+00,3.429531159692616460e-01,1.290894770801433111e+00,9.989298005385520707e-01,3.026447678811071684e-01,0.000000000000000000e+00,0.000000000000000000e+00,1.079017095877280674e+00,2.059652525399469081e-01,4.030672245149753696e-02,4.208933642603336356e-01,0.000000000000000000e+00,0.000000000000000000e+00,9.212450222184171977e-01,7.335423961549523142e-01,1.290894770801433111e+00,5.500722331637791784e-01,0.000000000000000000e+00,0.000000000000000000e+00,6.591240930348989391e-01
1.069516209985106103e+00,0.000000000000000000e+00,7.820233030018383102e-01,6.863003162374654575e-01,3.618298392181235057e-01,3.287320290663739430e-01,3.868181813768954980e-01,0.000000000000000000e+00,9.468053134339624588e-01,1.015232114008715936e+00,8.308583872947535864e-01,9.354702636797684878e-02,7.385703891254494780e-01,7.694047750067031233e-01,2.050033403517774189e-01,1.182690640301672508e-01,3.042775083498915067e-02,5.086228319842844847e-01,1.108565430009913921e+00,0.000000000000000000e+00,7.849633909455295822e-01,1.796136797699974808e-01,1.290894770801433111e+00,0.000000000000000000e+00,5.510772327959643224e-01,3.714805906436487448e-01,6.616703111050238340e-01,0.000000000000000000e+00,9.905477020880903982e-01,5.496195732030529912e-01,1.290894770801433111e+00,1.237268806225789275e+00,1.233152348691729516e+00,1.290894770801433111e+00,7.286089286893850936e-01,1.016746198607868301e+00,4.291870447818137424e-01,1.608719976173406119e-01,9.600138471507047022e-01,0.000000000000000000e+00,2.577466167731241042e-01,1.303614647115542424e-01,8.539047273386388692e-01,1.290894770801433111e+00,1.290894770801433111e+00,1.290894770801433111e+00,6.416634569155462708e-01,1.020879428387022836e+00,0.000000000000000000e+00,6.927194230522871754e-01,1.123185967233380156e+00,1.177457957289005153e+00,1.221697109755516042e+00,1.290894770801433111e+00,8.692762804964722367e-02,7.451108941042412503e-01,9.619673798484488225e-01,1.290894770801433111e+00,6.223584805929043284e-01,1.166960541742039670e+00,9.270773926110708052e-01,1.150292656873150410e+00,1.320985463417747030e-01,1.189434191138797114e+00,8.007515377661420519e-01,1.290894770801433111e+00,1.168603799157089673e+00,3.580660456838058447e-01,1.018755137481922590e+00,1.030756682304525995e+00,1.777249737133576035e-01,1.290894770801433111e+00,3.839060859906015533e-01,1.290894770801433111e+00,2.826305987200487466e-02,1.037183526461502719e-02,5.145709368268337469e-01,0.000000000000000000e+00,1.901898200375534143e-01,9.967075873888813220e-01,4.720155448603392534e-01,9.572130857730213327e-01,3.629688307299040462e-01,0.000000000000000000e+00,9.312131134844686686e-01,1.290894770801433111e+00,1.290894770801433111e+00,1.053402373781561430e+00,0.000000000000000000e+00,0.000000000000000000e+00,4.535709752761274971e-01
1.290894770801433111e+00,1.099876411508870638e-01,7.452385803886326654e-01,0.000000000000000000e+00,4.687632475449912683e-01,3.839039601582988626e-01,4.759187378208938335e-01,3.614642432695074348e-01,1.126199282657399436e+00,0.000000000000000000e+00,8.655694054334250875e-01,1.260901394831469124e+00,9.657866179465296463e-02,3.796014444094999996e-01,6.724572718454796538e-01,9.347987050137628040e-02,1.290894770801433111e+00,8.787987273711852509e-01,1.975051799900650606e-01,4.468924200384211121e-02,8.898702615773209645e-01,1.031024886680880437e+00,1.290894770801433111e+00,2.907985769291959177e-01,7.465608170322273196e-01,1.173226223005161550e+00,5.442032978943547317e-01,9.211796909805951561e-01,3.520856988357429218e-01,1.290894770801433111e+00,1.290894770801433111e+00,1.290894770801433111e+00,1.279852357744738489e+00,1.198971846549995890e+00,0.000000000000000000e+00,5.311180343179895402e-01,2.083833433461929063e-01,9.704055778317446368e-01,6.980824698373691017e-01,0.000000000000000000e+00,9.971728746770517349e-01,1.255405539182442021e-01,5.364058486575747908e-01,1.290894770801433111e+00,8.367932428140728573e-01,1.027904822048069544e+00,1.452087366930457368e-01,8.293438462204743011e-01,1.031509874937308169e+00,8.003570037181020336e-01,5.858716195772977198e-01,1.290894770801433111e+00,1.267940772576902964e+00,1.290894770801433111e+00,1.320943808065122016e-01,8.637624502400685911e-01,4.648479559051269527e-01,1.625325094315907548e-01,1.171389674752299603e+00,5.888436541441777194e-01,3.302730007825843139e-01,1.234053330413421135e+00,1.007789756780808732e+00,1.290894770801433111e+00,1.290894770801433111e+00,1.066415956848117075e+00,1.290894770801433111e+00,9.602845658527495720e-01,1.241625789175178740e+00,1.005059277813781460e+00,9.989293128198262206e-01,5.230464502684178951e-01,8.784246397273396401e-01,4.565127234438704495e-01,5.474759892154473784e-01,2.361656434672642357e-01,3.566078514661928378e-01,4.081752369186264495e-01,5.290443573024607993e-01,1.289258571237402062e+00,2.100912323433352935e-01,1.696037775646440371e-02,1.036644604040414031e+00,1.031000142790050589e+00,1.078294378140908671e+00,2.918474845590219857e-01,1.013171929241961422e+00,1.318350980084995183e-01,4.775490126971105309e-01,2.018827240131880127e-02,9.454967916244666482e-01
1.613603088332455637e-01,3.871665508136443168e-01,2.012014184495431856e-03,1.234597001725206589e+00,2.844065138819985017e-01,9.916446689086328981e-01,3.343539806589739261e-01,0.000000000000000000e+00,7.131261970805458095e-01,1.901260921788739122e-01,6.356880257460378880e-01,1.271007983314396572e+00,1.214540753435402021e+00,9.085858229339008885e-01,9.368009627089443070e-01,1.253700521543228863e+00,2.963050704857181916e-01,8.753991598566928101e-01,3.389990374173916798e-01,8.056248503851751730e-01,6.369516212327646087e-01,1.597358916332967949e-01,1.053985800410745188e+00,0.000000000000000000e+00,9.525562161275228368e-01,3.672423877223372490e-01,7.476722526281617265e-01,8.517301041398251948e-01,3.400021009328372257e-01,3.097438924461317633e-01,1.092512362577088947e+00,1.220410136635582843e+00,6.773259971070707541e-01,1.100470378534928351e+00,0.000000000000000000e+00,7.045609333997502333e-01,2.171717966241410724e-01,1.218338477408817538e-01,1.459211658279146312e-02,0.000000000000000000e+00,1.251214103498967445e+00,1.290894770801433111e+00,1.289819909995919334e+00,1.290894770801433111e+00,1.290894770801433111e+00,1.290894770801433111e+00,1.030505062020911300e+00,3.225572291112774326e-01,6.347039993661406365e-01,6.821572169044364253e-01,4.710817929689712358e-01,1.290894770801433111e+00,2.830258308205015338e-01,1.290894770801433111e+00,0.000000000000000000e+00,1.279276365788071912e+00,9.893503377894198592e-02,1.290894770801433111e+00,9.273324343278804838e-01,1.868929845338826168e-01,3.046325417445121531e-01,3.112175418589613329e-01,4.000429865877339619e-01,1.045773799114197322e+00,4.379635205091931827e-01,6.403010556757461336e-01,6.208587068544623166e-01,3.205958997351740503e-01,1.726508100429885728e-01,1.031979459310955471e+00,1.159839017550130524e+00,1.094247872876233263e+00,5.268111295997165433e-01,1.290894770801433111e+00,7.788941698649216594e-01,2.059939575182782312e-01,5.664722758469111774e-01,0.000000000000000000e+00,9.853934794366315808e-01,0.000000000000000000e+00,1.531243345870621220e-01,1.040920173386393088e+00,0.000000000000000000e+00,1.814147901934162199e-01,8.430546855555581809e-01,6.483345797267344723e-01,1.290894770801433111e+00,2.439821687006306014e-02,1.251605350695836005e+00,3.778262058829033876e-01,1.522941227729238400e-01
1.188901796441330649e+00,4.589113480574520398e-01,1.044676790301503955e+00,1.224772199635652647e+00,6.001212998392876363e-01,1.290894770801433111e+00,1.250159422357022043e+00,8.225308894622359590e-01,3.543855658869541903e-01,5.025236757477714589e-01,2.887879717820402425e-01,1.280895148631129299e-01,1.290894770801433111e+00,6.482400997001637188e-01,1.848236025118259462e-01,1.141230464325927674e+00,7.125295107970371911e-01,8.787857137482310010e-01,1.290894770801433111e+00,8.458606290243741999e-01,1.250495184001323201e+00,2.348882246334300650e-01,9.215647767769614696e-01,0.000000000000000000e+00,9.133154888996865006e-01,4.565380925165487547e-01,8.420274956190978433e-01,6.638492196867514794e-01,7.236861142900938848e-01,1.290894770801433111e+00,1.290894770801433111e+00,1.073456029083108110e+00,5.991492612473983126e-01,2.403902605508343726e-01,0.000000000000000000e+00,8.860478839068357537e-01,0.000000000000000000e+00,6.436782112376979725e-01,0.000000000000000000e+00,5.243523041688537001e-01,5.929382981913464690e-01,1.290894770801433111e+00,2.768569077083042340e-01,1.290894770801433111e+00,9.642291873936171820e-01,1.290894770801433111e+00,9.718502053986252109e-01,3.221497813547351541e-01,5.183716062896223109e-01,5.330240154446104217e-01,9.972744509983391126e-01,6.244290761358982644e-01,1.290894770801433111e+00,1.290894770801433111e+00,0.000000000000000000e+00,1.206219529420867298e+00,7.314384305375470907e-01,1.114602097227948230e+00,1.185141575658483992e+00,5.568865581503460449e-01,7.439110024495078077e-01,1.028101903261567474e+00,8.760487302844159885e-01,7.094084710844716923e-01,1.290894770801433111e+00,6.128653702780284540e-01,1.290894770801433111e+00,1.128536036249280672e+00,8.690058845228550988e-01,7.476618274529386321e-01,4.135562656018667016e-01,1.136865910857703721e+00,1.002375665442862607e+00,1.290894770801433111e+00,1.168268008909513656e+00,1.082498425890128790e-01,4.591360846025592246e-01,6.074090773395146581e-02,9.871949483715436457e-01,1.237133876513047515e+00,2.073415916005192927e-01,0.000000000000000000e+00,0.000000000000000000e+00,0.000000000000000000e+00,3.705029555824631005e-01,1.290894770801433111e+00,1.250149087001607873e+00,6.375309684321412984e-01,3.257611505332211888e-01,0.000000000000000000e+00,1.000669172396451811e+00
5.639243105901783348e-01,8.212813712115316633e-01,1.348721404875657948e-01,6.669626081108273041e-01,1.037436944183167009e+00,9.985653179166547044e-01,1.260023177996320687e+00,9.981800125182468397e-01,0.000000000000000000e+00,1.186679432333440608e-02,1.255237638481882634e+00,7.746790921036601496e-01,1.913969591652307442e-02,5.269445966612388288e-01,9.686113608198773095e-01,5.330313303907215916e-01,1.054081442975118410e+00,9.778263421780460929e-01,3.813416551209147798e-01,0.000000000000000000e+00,4.380315177657077563e-01,1.283226671305010669e+00,5.658043197013824521e-01,8.488330347621050875e-02,6.264605538357709280e-02,7.922094877844153560e-01,1.053520576766059196e-02,1.084929895392672483e+00,6.745321024325678927e-01,1.290894770801433111e+00,9.572499316776243994e-01,1.290894770801433111e+00,9.255744442804573202e-01,4.584614466877801608e-01,0.000000000000000000e+00,7.449112494517972083e-01,1.158127996893559164e+00,6.382700249081123545e-01,1.159503024969069235e-01,0.000000000000000000e+00,1.290894770801433111e+00,1.181234740411047257e+00,1.357326230250500976e-01,1.290894770801433111e+00,1.290894770801433111e+00,1.122379214577916784e+00,1.615795994001236469e-01,1.152762231763295286e+00,1.021739495512172136e+00,4.010543830712087754e-01,6.145653514817889240e-01,4.478949068334976968e-01,8.855310725202183431e-01,8.913019109813998808e-01,0.000000000000000000e+00,2.601944331562250912e-01,3.918225592382298950e-01,3.887201705625284442e-01,9.480888138674999910e-01,1.286759461692516426e+00,7.789251700559174374e-01,4.999489266484275496e-01,1.290894770801433111e+00,1.257578190932244988e+00,1.290894770801433111e+00,7.098503478038894476e-01,6.524363468091830265e-02,4.407810433689431928e-01,3.538748478076595982e-01,9.536479412860640603e-02,4.977952422355197415e-01,1.111917924749766362e+00,4.133828052027974098e-01,1.155998078323851042e+00,6.671473689604059398e-01,2.031117868726472486e-01,1.290894770801433111e+00,2.648454113397643445e-02,5.181167530768693297e-01,6.254123912967393117e-01,7.061967732192818703e-01,1.662677643032278441e-01,4.156405953145240195e-01,4.964220472172996973e-03,1.117442083898630978e+00,7.063698507636396728e-01,6.073241058154532634e-01,3.373893085806435321e-01,1.183886187709397575e+00,5.503602555957588516e-01,9.456410979831127994e-01
2.706649681666106755e-01,0.000000000000000000e+00,1.134376735067240016e+00,1.144406875145751901e+00,4.057933245883209028e-01,8.861890947888954040e-01,3.250676682725360811e-01,6.407155428584023760e-01,3.250665797135594559e-01,1.959764964949373134e-01,1.018818236864920346e+00,6.815810416404483041e-01,2.522057864142551731e-01,6.495257314372948620e-01,1.114853174717895135e+00,4.425242807854083971e-01,7.476584461560170647e-01,1.809536217961515980e-01,8.886491598868024866e-01,0.000000000000000000e+00,1.290894770801433111e+00,1.290894770801433111e+00,1.170215616194917319e+00,0.000000000000000000e+00,1.262056362385232944e-01,1.126548131476473313e-01,2.315733249162807150e-01,1.473434167524028116e-01,5.723332426363327841e-01,3.736003167738997932e-02,1.290894770801433111e+00,1.290894770801433111e+00,1.290894770801433111e+00,4.712938608800625317e-01,6.144771190657887239e-01,8.293110186599705891e-01,1.001907708481999171e+00,9.667716357310752739e-01,3.148538990618519606e-01,5.249788073020463797e-01,8.442556615470813153e-01,1.290894770801433111e+00,1.070023034321781807e+00,1.290894770801433111e+00,1.151388413359382135e+00,1.129432221556146532e+00,8.414168482914357039e-01,7.126995255042378741e-01,0.000000000000000000e+00,3.496506804366101423e-02,2.342600465872119730e-01,1.125522238137016906e+00,6.950479862709344481e-01,1.290894770801433111e+00,1.769358079499202818e-01,1.290894770801433111e+00,2.084681188025443443e-01,1.290894770801433111e+00,7.354632256842944527e-01,1.229792330442496917e+00,9.216757173537858394e-01,4.981624685741266045e-01,1.128065830302850792e+00,5.984771644434436766e-01,1.290894770801433111e+00,2.749159083252125657e-01,9.874850507021226687e-01,4.823493235836588400e-01,0.000000000000000000e+00,8.124278830369934257e-01,6.905007047657933938e-01,1.290894770801433111e+00,1.868442400988438723e-01,4.964453045461061365e-01,2.344618701677315953e-02,7.481881655309663426e-01,8.279405136421521538e-01,1.089781205453293822e+00,8.374574861063686093e-01,3.071163418922105703e-02,6.581799427000231129e-01,6.134607619183808369e-01,9.455062959565071479e-01,0.000000000000000000e+00,3.783341999948076073e-01,1.290894770801433111e+00,1.290894770801433111e+00,4.092670055184648437e-01,3.250537756412289481e-01,0.000000000000000000e+00,1.197766450150864470e+00
1.276119446687271397e+00,7.970003542022862097e-01,1.167612858772327789e+00,8.609699754414900097e-01,1.249431678443690741e+00,1.312110685486057582e-01,8.506380694337877246e-01,9.985002521421097732e-02,7.164346695761922290e-02,5.150047769429808575e-01,1.290894770801433111e+00,5.171316668935815875e-01,5.540322522903399355e-02,5.962881980524297187e-01,4.094631127841381196e-02,1.032398072010073387e+00,3.490044869419371976e-01,5.266577174273417983e-01,8.245517970765690041e-01,8.025898282455722066e-02,2.592851375886557896e-01,3.759501163075950059e-01,1.104488291824547108e+00,4.862634945307577894e-01,0.000000000000000000e+00,6.836001635993423919e-01,4.938047273507242818e-01,1.032392363428278559e+00,9.118584235407228844e-01,1.290894770801433111e+00,3.540269311931987239e-01,1.272203506500022341e+00,6.236060094510075258e-01,9.678541705499937864e-01,6.548182272348715971e-01,0.000000000000000000e+00,3.462153148420626381e-01,1.238428217693640088e+00,8.239158723431991849e-01,1.290894770801433111e+00,2.678734221814680905e-01,1.290894770801433111e+00,6.799026840434128083e-01,1.290894770801433111e+00,1.290894770801433111e+00,1.038940461198482268e+00,5.954839448492418308e-01,6.005684344586542656e-01,4.250896951074701891e-01,2.701923373238440118e-01,2.699117992761367879e-01,6.329037024240644627e-01,2.464543306093976427e-01,1.290894770801433111e+00,1.061650953679606602e+00,9.539567638877624045e-01,4.840541144580279842e-01,1.193471450413812418e+00,8.060771373291049091e-01,1.735004928099184163e-01,8.678659323514258395e-01,4.994358833838482004e-01,5.237105830463478773e-01,1.172496193124751729e+00,1.290894770801433111e+00,4.103010386684213251e-01,1.290894770801433111e+00,5.833499469003864402e-01,1.121422364192865340e+00,0.000000000000000000e+00,1.243002793034312825e+00,1.290894770801433111e+00,7.390525024284214650e-01,1.290894770801433111e+00,8.887170838446323273e-01,1.092014592944810625e+00,7.708027738613705271e-01,6.225308019508191126e-01,9.463502357496884621e-01,1.098967210566399011e+00,1.193401501570977130e+00,5.127558565925650902e-02,4.918002223919573646e-01,1.201455329008841305e-01,4.366758204277184086e-01,1.290894770801433111e+00,7.198381502490680539e-01,1.103437216953761180e+00,1.038656269896130135e+00,0.000000000000000000e+00,5.838566828945134235e-01
3.745448662417277808e-01,1.513358177520869596e-01,5.809951002103023177e-01,0.000000000000000000e+00,1.270173674875358927e+00,5.606747053373771772e-01,4.052038151924896026e-01,8.077892247188900310e-01,7.017941940545252555e-01,8.179487893688576206e-01,1.054122590015574151e-01,5.172635767089471814e-01,1.290894770801433111e+00,1.527826406696831119e-01,5.434428149652585915e-01,1.043798920272212882e+00,3.221294181444024907e-01,3.331296585351455342e-01,1.161401588854958034e+00,4.791288894408325394e-01,4.585769188855531309e-01,1.678458284779194010e-01,1.290894770801433111e+00,3.979136304962843651e-01,1.290894770801433111e+00,1.110298760506952309e+00,6.578383401685964360e-01,6.498642542903451114e-01,7.615902160297302048e-01,1.290894770801433111e+00,1.290894770801433111e+00,1.197602221717393611e+00,1.212011362990274899e+00,1.290894770801433111e+00,4.085653285138231561e-01,9.988215125283447238e-01,6.897557420607725032e-01,3.446724025770723232e-01,5.593975273765455780e-01,6.475550992736741618e-01,2.544563846965683940e-01,1.290894770801433111e+00,1.216105779352224969e+00,1.290894770801433111e+00,1.064094395605098331e+00,4.158387987473188274e-01,6.870084628742376687e-01,0.000000000000000000e+00,1.834500416742895768e-01,2.042175268481652983e-01,6.990817556292588941e-01,3.432265101765273885e-01,1.187519604394862371e+00,1.290894770801433111e+00,3.232552531302547438e-02,2.108667585388275534e-01,7.135672047724014311e-01,5.915032463232208076e-02,7.777856531714596455e-01,9.699449166142334322e-01,4.295835697696005484e-01,7.470726113820320702e-01,2.209161898384395112e-02,7.463374247345264667e-01,1.290894770801433111e+00,6.373745603876381782e-01,6.657466562442890812e-01,1.159303210702430365e+00,0.000000000000000000e+00,9.062518839849816876e-01,5.534839334215330142e-01,1.144849654630693880e+00,1.951657378260956630e-02,1.290894770801433111e+00,3.190096133357808034e-02,8.882103762102906419e-01,7.058679588423375506e-01,1.747726062374920231e-01,5.216766179024934919e-02,4.294654138806334731e-01,2.387456736546216818e-01,9.114519067655024731e-01,1.049155462934655780e+00,0.000000000000000000e+00,1.031687123723654009e+00,1.057309868694772170e+00,1.290894770801433111e+00,1.133315985918737917e-01,1.115960852517340340e+00,5.036239452938154337e-02,5.102253125248356058e-01
1.282041324467173782e+00,7.273454987984279141e-01,0.000000000000000000e+00,3.614900081208042848e-01,9.202829103242107234e-01,5.426268807115354198e-01,1.271146595529890178e+00,2.823115808156469453e-01,1.274530031305912692e+00,4.992037986877145839e-01,5.096116830829479083e-01,5.102910574702712587e-01,5.111212394019195582e-01,1.035569408677965653e+00,1.144909501718222478e+00,1.143543836263574143e+00,3.777484075629428117e-01,8.440741064360145485e-01,4.101368273361611916e-01,2.663175914291522894e-01,1.149720635973406013e+00,4.438041884534849046e-01,3.517869827211676514e-01,0.000000000000000000e+00,0.000000000000000000e+00,2.049389099570419481e-01,1.198661634238886275e+00,9.867942409718772900e-01,9.653907626210909143e-01,5.956342677373209771e-01,1.290894770801433111e+00,1.457917493842537937e-01,1.096867051439113228e+00,4.825751043675547969e-01,0.000000000000000000e+00,4.287109371316399353e-01,3.319981575910010974e-02,3.606474156003887099e-01,4.937297004069901574e-02,1.290894770801433111e+00,2.592322399288751744e-02,1.290894770801433111e+00,8.757800303334155601e-01,1.268961095754926216e+00,1.290894770801433111e+00,5.350848723045543709e-01,5.186802123790427155e-01,5.599083224573890571e-02,1.698447429487917049e-01,8.299334970357687968e-01,1.804735386508100892e-01,9.283964379504994202e-01,9.044018286601028800e-01,1.290894770801433111e+00,1.290894770801433111e+00,7.381230424272920698e-02,2.176977568198914647e-03,1.290894770801433111e+00,4.210858656943208267e-01,7.716738259341825446e-01,4.980416719689292893e-01,6.908919005757454546e-01,7.141411466180438428e-01,1.086146476252397131e+00,1.290894770801433111e+00,9.819083042665280869e-01,8.030754658286507475e-01,1.882066189205584550e-01,6.229645524839481086e-01,0.000000000000000000e+00,8.191600004668312396e-01,1.290894770801433111e+00,7.859877142209500400e-01,6.533271258824706607e-01,1.159453250561913451e-01,6.365308832192321242e-01,7.011493769833565537e-01,3.093775169642226097e-01,1.076102444648182166e+00,1.010786611343633679e+00,1.166959537535443570e+00,7.766288008640156448e-01,8.941947630310170814e-01,1.290894770801433111e+00,1.150431915918702419e+00,1.290894770801433111e+00,1.292165414658022204e-01,4.614153756033702036e-01,6.798079152830047711e-01,8.335364389813558483e-02,1.010556120357080978e+00
5.228224626785871187e-01,4.572043348460000933e-01,0.000000000000000000e+00,9.436109689364476916e-01,1.108224993193536623e+00,1.244293798162485754e+00,1.050701602660909950e+00,8.287247501400529792e-02,1.111261163113696604e+00,2.773811831052765409e-01,1.212430338631458993e+00,6.562587151288020726e-01,3.334964076156782808e-01,8.409282041021612919e-01,1.401783530177306281e-01,8.736097033095975295e-01,1.005521352162163984e+00,2.707336837838444366e-01,7.386844202239598589e-01,7.818037546551124262e-01,9.860008035018689165e-01,1.202447687266991583e+00,1.290894770801433111e+00,0.000000000000000000e+00,7.318071499101466149e-01,7.135394143247484333e-01,1.045374738942105752e+00,1.129550662503984865e-01,2.825100538188683452e-01,1.634803531851597991e-01,1.290894770801433111e+00,1.290894770801433111e+00,1.238305769862934280e+00,9.780795542213230886e-01,0.000000000000000000e+00,2.901500178628221849e-01,6.378872738613530768e-02,1.250638046502042133e+00,7.381241593315572835e-01,1.290894770801433111e+00,2.843754080568485776e-01,1.058485744524974015e+00,5.949782149730398206e-01,1.290894770801433111e+00,1.290894770801433111e+00,3.027253759222601689e-02,5.538390386718874403e-01,0.000000000000000000e+00,1.270286459029872139e+00,6.644953782478899562e-01,3.677337051302251303e-01,4.675504591710344382e-01,9.864740232218831562e-01,1.290894770801433111e+00,9.683552417006432433e-01,2.468914779087772945e-02,0.000000000000000000e+00,4.201871202072317013e-01,1.173539090223813863e+00,2.749696092143101844e-01,9.480439803482751948e-01,6.014853877141616012e-01,9.785810698096976401e-02,5.750066817170073064e-01,1.290894770801433111e+00,1.165897896766530994e+00,1.272212804221197535e+00,8.301057825929399892e-01,1.231500809767523075e+00,0.000000000000000000e+00,1.213928547785794620e+00,1.290894770801433111e+00,1.237938069666072227e+00,6.338043778232013148e-01,5.233604061000659557e-01,5.719169190855887264e-01,1.060009183098720165e+00,4.353416417370092328e-01,4.825068528931675954e-02,3.137303648195101102e-01,9.626495182079289892e-01,1.634464170659065685e-01,2.026436464159159512e-01,5.650783935505468980e-01,8.219250053412970880e-01,1.290894770801433111e+00,9.894860226377426571e-01,2.648787673416806432e-01,1.474565415436671911e-01,7.359353481644431705e-02,1.195612334832026447e+00
9.564926046916222280e-02,2.591998983242346788e-01,7.500563580833898847e-01,1.085375272962540771e+00,9.697160320722185700e-01,1.205782679587479589e-01,5.856386758782501367e-01,1.124377664991895731e+00,5.925237467106508893e-02,2.719511136060133449e-02,9.746557206309828247e-01,8.098120243902270365e-01,5.777008110665546869e-01,4.025264135850872282e-01,1.786630923446505259e-01,9.543438287749470561e-01,6.457209496353549794e-01,4.897754975423795898e-01,1.063248342998694307e+00,1.269543436791019442e+00,1.926221866056251342e-01,1.066800782735975339e+00,1.290894770801433111e+00,2.919405235939237090e-18,0.000000000000000000e+00,1.095785140525831203e+00,3.394226932522884654e-01,9.962994682965324866e-01,1.134579452456729642e+00,2.920268388381850322e-01,0.000000000000000000e+00,0.000000000000000000e+00,1.219231512341392598e+00,9.753542796422431937e-01,0.000000000000000000e+00,8.519924696115160900e-02,4.835394317531504504e-01,9.103725335239422067e-01,9.614586929604764798e-01,1.290894770801433111e+00,1.222636687206634987e+00,1.409094394470400413e-01,5.202342242752795443e-01,1.290894770801433111e+00,1.290894770801433111e+00,1.260134159514267604e-01,6.995031792973412932e-01,2.564149161194338722e-02,4.704688962368120952e-01,8.685732489607913553e-01,3.799127498016266480e-01,5.894059442007737459e-01,8.162278140582548414e-01,1.241159728535310425e+00,1.290894770801433111e+00,1.101097117020032323e+00,1.080345770164611974e+00,1.290894770801433111e+00,1.270986649612102282e+00,1.189752753738834379e+00,1.266040310900315102e+00,4.871621539516818311e-02,1.872650998200597050e-01,1.063423350228388742e+00,1.290894770801433111e+00,4.007855054777898496e-01,6.510623156402669531e-01,2.827132752639320568e-02,1.113913126828744549e+00,0.000000000000000000e+00,1.015195794272577778e+00,1.290894770801433111e+00,3.103017150095612742e-01,4.011954446284189402e-01,1.193206512369402006e+00,1.135696333342317343e+00,1.266824276828357521e+00,1.066560492958167572e+00,7.670711753813453937e-01,1.314296471163511892e-01,1.114562695731283082e+00,4.612272587327261308e-01,8.996437994244459446e-01,0.000000000000000000e+00,9.349147367189445390e-01,5.947764762078470158e-01,1.229686656701824088e+00,1.187182989649906428e+00,9.798671350292672555e-01,1.139862292468960980e+00,7.957865150975637070e-01
2.878598264096406956e-01,1.989216492067071851e-01,6.799389677230304185e-01,1.232682168380039078e+00,5.111594375893495634e-01,2.477161258930050958e-01,5.383616873106739087e-01,1.104514763213364087e-01,8.693209831949888500e-01,7.774304675393358677e-01,5.000644828525844243e-01,1.128756943133544244e+00,1.186243141590428651e+00,1.135598232797758955e+00,9.016413870846259337e-01,1.815842964141514415e-01,8.321257056576512046e-01,3.475555749312288500e-01,3.367456731231544542e-01,1.133654855497471692e+00,2.033843940589688190e-02,1.280734838095013206e+00,1.290894770801433111e+00,7.921154172979981423e-02,7.567209180781994116e-01,1.229879961126652210e+00,1.290894770801433111e+00,6.910326979914667433e-02,3.728814503157071858e-01,1.290894770801433111e+00,1.290894770801433111e+00,1.290894770801433111e+00,2.551699396100846617e-01,1.290894770801433111e+00,0.000000000000000000e+00,2.394943597594072771e-01,1.088639312589239905e-01,4.975840199624912419e-01,1.670397541199371977e-02,0.000000000000000000e+00,6.959498483277076764e-01,9.277028198378894919e-01,9.367543767893415918e-01,1.290894770801433111e+00,9.073291933924267916e-01,1.290894770801433111e+00,1.044533303986986406e+00,6.812834712773463419e-01,6.276336170957382832e-01,1.170181781154223000e+00,4.143593732078078573e-01,6.579454362614393093e-01,1.290894770801433111e+00,1.290894770801433111e+00,0.000000000000000000e+00,9.042147251174491585e-01,9.684053596121162677e-01,6.760396725164404819e-01,9.197511501855060168e-01,7.152046804163012528e-01,1.059895531865134410e+00,2.438131650899557912e-01,1.034156222495757449e+00,1.452399562620393936e-01,1.290894770801433111e+00,4.665865287431535946e-01,5.128083845103958982e-01,1.151591493304310099e+00,1.033955676229041165e+00,9.691478252235576907e-01,7.432426025763033683e-01,1.151205769885781161e+00,4.934570215506464130e-01,1.275158445802974105e-01,5.945597725407737455e-01,8.630396023542704631e-01,6.089400928063062879e-02,3.449026146998918629e-01,8.888716269128369429e-01,2.904880337845563432e-01,9.341759154663531461e-02,1.300871224175483565e-01,7.863998055309432411e-01,2.118159442347624377e-01,8.050914959989130537e-01,1.290894770801433111e+00,1.100481927142737515e+00,1.790314659854217449e-01,3.913023447718409487e-01,2.467557021995432920e-01,1.747938179806692305e-01
1.290894770801433111e+00,1.124586033705275545e+00,5.153638587768312185e-01,0.000000000000000000e+00,6.918195219456529932e-01,8.441493205596481975e-01,1.206149805744908932e+00,1.126038244113368503e+00,7.023160679246619464e-01,5.850059021554835370e-01,1.110240582929719277e+00,2.869372599079486053e-01,1.290894770801433111e+00,8.599719761541086971e-01,9.930988423815043653e-01,4.028682514203057452e-01,1.916260318514958205e-01,7.566232589084438409e-01,4.560948381058647083e-01,3.936296772824687817e-02,3.568624299204535832e-01,5.218940083139135266e-01,1.290894770801433111e+00,0.000000000000000000e+00,8.169533499173459168e-01,6.490715637143795735e-01,1.290894770801433111e+00,4.901200765891096101e-01,3.249762435078479839e-01,1.290894770801433111e+00,1.012446151759505586e+00,1.168178238096538868e+00,2.710739067749854195e-02,7.336661440120473276e-01,2.627659912498579997e-01,0.000000000000000000e+00,6.985607954316745971e-01,3.982519427177815818e-01,7.414160999044814293e-01,5.176408482066335859e-02,1.171757466026214445e+00,1.290894770801433111e+00,4.180380075919053473e-01,1.290894770801433111e+00,1.166557028681390662e+00,3.590672018925841757e-01,1.060434286114662061e+00,5.434730538047465309e-01,7.617585792995893446e-01,1.025749171739691601e+00,1.337024614584341430e-02,1.290894770801433111e+00,1.223963779318742340e+00,1.290894770801433111e+00,0.000000000000000000e+00,4.284194587689624939e-02,9.794251273938261448e-01,1.290894770801433111e+00,9.245760020486541997e-01,7.309986217585682233e-01,6.667659732364001890e-01,1.208987921996302450e+00,8.353896195394024948e-01,1.097226914361831618e+00,1.290894770801433111e+00,1.259311588840892560e+00,1.290894770801433111e+00,1.951087876657763287e-01,0.000000000000000000e+00,1.082550424873000017e+00,1.709610196102765434e-01,1.290894770801433111e+00,2.333888700630930568e-01,1.290894770801433111e+00,3.474028243463525567e-01,9.507721941362415885e-01,7.593450564390927804e-01,5.610758707683188851e-01,7.299679948609130720e-02,7.981996413781629329e-02,1.023835353634927170e+00,1.654244434264930674e-01,7.006835296182135631e-01,0.000000000000000000e+00,2.101010385209118037e-01,1.290894770801433111e+00,1.290894770801433111e+00,5.241988482310969699e-01,4.945651774423495683e-01,8.020146000933636721e-01,7.016692480492126016e-01
1.290894770801433111e+00,1.109898943605528654e+00,1.251993339125970994e+00,2.828286807707111605e-01,1.054718038080034948e+00,1.290894770801433111e+00,8.090416647361325930e-01,0.000000000000000000e+00,7.936119518686812757e-01,1.088541388621162564e+00,7.415181070379687212e-01,6.222453239331642294e-01,1.081055461357173453e+00,3.327432526808681845e-01,1.243728011184641158e+00,1.309311233202452851e-01,6.383060170902590258e-01,6.236870021303093647e-01,1.290894770801433111e+00,0.000000000000000000e+00,3.110656960220119505e-01,6.375220384166171428e-01,3.404800606983559019e-01,4.314734424609598107e-01,8.734125063790564303e-01,5.894593511567840505e-01,1.193884693912746542e+00,6.066948569435545169e-01,4.752087844228228830e-01,1.290894770801433111e+00,1.290894770801433111e+00,1.290894770801433111e+00,5.451259374133775315e-02,8.320690376592083659e-01,0.000000000000000000e+00,8.612507165068367110e-01,3.422268756265608447e-01,2.023926531233277704e-01,7.604990226332370984e-01,1.393121830531189320e-01,4.805829802160943576e-01,1.290894770801433111e+00,7.214561581960110548e-01,1.290894770801433111e+00,1.290894770801433111e+00,9.182599759839842335e-01,0.000000000000000000e+00,0.000000000000000000e+00,5.155218632546363366e-01,4.549604380332813447e-01,1.097329636394262620e+00,3.492822151248098916e-01,1.290894770801433111e+00,1.290894770801433111e+00,0.000000000000000000e+00,9.587721096670955845e-01,6.617095762645446022e-02,7.338417355151438670e-01,4.402306740099496962e-01,7.318095504903670001e-01,1.290894770801433111e+00,4.748289495405905725e-01,8.951518394311590576e-01,1.251548905700123449e+00,7.218774741816434970e-01,4.734569272541044871e-01,1.027732853250347800e+00,5.979662055998161835e-02,5.669878674418721287e-01,1.022161898437098149e+00,7.212565574808670332e-01,1.290894770801433111e+00,9.877420932457213476e-02,9.107539482914051021e-01,5.020256894199311981e-01,2.991269874311256460e-01,5.242106634208538729e-01,9.428689290867756645e-01,5.934398519345625012e-01,1.098172651608557926e+00,4.650254677221574151e-01,1.061898086343926684e+00,1.039457231801621750e+00,9.846692182518237413e-01,1.224515160407344760e+00,1.290894770801433111e+00,8.822163855486638839e-01,3.157654906037610787e-01,9.491724723986402212e-01,0.000000000000000000e+00,9.942488004675418267e-01
4.213263861671426302e-01,0.000000000000000000e+00,9.277302294316351894e-01,5.055726134541432826e-01,1.070718376743898803e+00,2.339334256594423622e-01,5.203947640610815384e-01,5.535681839362871504e-01,9.885812029589172711e-01,1.050556907103483484e+00,0.000000000000000000e+00,2.989021363468553627e-01,1.290894770801433111e+00,9.864832748111412863e-02,1.276965977365264404e+00,2.079479736112236077e-01,3.578586943423976430e-01,1.043781334320124987e+00,9.400053509360397630e-01,7.741053744302905937e-01,1.005160352077749453e+00,8.258686357985993709e-01,8.141855564580443572e-01,1.682355459599415848e-01,6.045306550940149348e-01,2.269697786957851071e-01,1.639379563421633768e-01,6.234055908169960913e-01,1.290894770801433111e+00,1.290894770801433111e+00,1.290894770801433111e+00,1.290894770801433111e+00,1.290894770801433111e+00,1.290894770801433111e+00,0.000000000000000000e+00,1.094125879835093906e+00,8.087265007473369849e-01,6.926037716445480885e-02,8.878826389581375711e-01,1.138114887383393725e+00,2.501133795123863801e-02,1.219350721146565508e+00,1.132572728473268509e+00,1.290894770801433111e+00,1.212937846232819306e+00,1.290894770801433111e+00,1.104816739471599502e-01,3.796781203582988429e-01,4.032446704065618115e-01,3.859142007571985111e-01,4.726080332965026942e-01,9.756127878088033389e-02,1.086599233884491422e+00,1.290894770801433111e+00,1.750853033180401475e-01,6.273768868658534392e-02,1.999280507432309728e-01,1.290894770801433111e+00,1.715206960673552536e-02,2.240996811089974450e-01,1.109032778263725705e+00,1.000349157396155375e+00,1.169428488876006478e+00,7.156244832472863360e-01,1.290894770801433111e+00,1.290894770801433111e+00,7.913191090077886791e-01,9.096065206998636965e-01,4.736277181175308493e-01,1.290894770801433111e+00,3.278176981096223574e-01,1.290894770801433111e+00,1.287220985852074673e+00,1.290894770801433111e+00,4.030560073541718524e-01,9.744121078380044709e-01,5.420098283041761833e-02,8.841602782855673137e-02,1.078858122261263430e+00,7.083099087679096961e-02,8.143799448403948871e-01,1.113610298865663761e+00,8.465758190645183978e-01,9.167681877229104381e-02,9.811266980419164341e-01,6.807992528880759675e-01,4.569421396800875113e-01,4.635371829172120761e-01,6.439250323717174984e-01,7.558194833644776844e-01,6.299818334596885006e-01
1.208235666033669053e+00,0.000000000000000000e+00,4.362969578251004732e-01,1.529548229062656015e-02,7.240567665011572451e-01,5.523858200793936302e-01,8.200176443333901943e-01,5.008537747663955875e-01,3.959712238479177193e-01,5.109771279772739039e-01,1.290894770801433111e+00,7.740382338243285698e-01,1.290894770801433111e+00,2.086292444553660419e-01,4.036823156233393939e-01,6.713594626156679235e-01,1.200034151376473623e+00,1.923919056915772141e-01,7.109572407477847689e-01,2.290071234550043744e-01,4.935538289246534788e-02,1.490081307310949232e-01,4.551840937628609529e-01,9.402723867360728294e-01,4.853513773897360495e-01,7.429809421780519951e-02,3.933132981457367894e-01,7.840697747884317614e-02,1.051443963968611950e+00,4.231151441640252364e-01,9.178047140616237831e-01,1.290894770801433111e+00,7.831934891762223905e-02,1.039919458691964671e-01,5.796359985044138297e-01,4.874212849806445758e-01,1.029364968047683959e+00,4.533897150603772297e-01,2.302184072101814971e-01,1.290894770801433111e+00,1.002069798284625612e+00,1.083524723329924333e+00,6.321410120103809760e-01,1.290894770801433111e+00,6.897530092253112421e-01,3.150431721294609244e-01,6.077979687396259934e-01,4.838954691469201097e-01,5.328723212727205505e-01,1.089832307791750443e+00,3.758037528276365613e-01,8.400313930502535664e-02,7.844525015902604759e-01,1.290894770801433111e+00,0.000000000000000000e+00,2.994672400248917302e-02,7.789301142911403408e-01,4.648015095914408423e-01,7.160433602822326993e-01,1.056268359830484060e+00,7.364361034614631540e-01,8.174544182091593170e-01,4.608844989657857882e-02,8.213769182600402230e-01,1.290894770801433111e+00,4.806166597074467695e-01,1.290894770801433111e+00,6.393554063578744950e-02,5.141553264961744585e-01,1.290894770801433111e+00,7.669043797269762264e-01,1.290894770801433111e+00,4.691476930800206335e-01,3.072083125329498343e-01,1.107636346264156746e+00,0.000000000000000000e+00,9.473915619637375274e-01,1.281822787357980609e+00,4.538817502097186596e-01,2.714496113974159686e-01,9.351082647833234285e-01,3.182682177910056698e-01,1.136052439776959577e+00,5.834364209907096921e-01,1.328147555338013708e-01,1.053209410372793808e+00,7.992126952252033290e-01,4.315165800700970222e-01,7.125936142417588215e-01,7.363169847759581943e-01,1.168129690474102311e+00
1.137666054422148409e+00,5.640988300850475756e-01,4.247163258136787412e-01,1.108555118330785128e+00,7.328864705756896747e-01,1.109340716241421276e+00,9.121578153909046804e-01,7.818360139470618142e-01,1.266811506538314314e+00,8.392018862514046829e-01,5.870963866874711057e-01,1.256668527080416098e+00,1.290894770801433111e+00,6.436229710051726005e-02,1.117923243441556691e+00,1.923094675588750413e-01,7.297585844183945847e-02,1.128022278655660182e+00,1.108036987291695530e+00,4.208838619375015466e-01,3.265522994229337339e-01,1.269487582234012368e+00,1.012458653816612625e-01,0.000000000000000000e+00,6.513471499053835601e-01,8.126356227520260544e-01,1.146381918118845045e+00,2.036349933639840515e-01,1.139793139946259082e+00,1.290894770801433111e+00,1.290894770801433111e+00,1.290894770801433111e+00,1.030440827855485741e+00,1.198494538065779436e+00,5.499274787487506977e-01,8.330633385499440768e-01,7.696122927593782581e-01,5.957819473123558973e-01,1.126849606330371678e+00,1.641821690603212369e-01,5.537637310000361746e-01,1.290894770801433111e+00,1.625893826687974941e-01,1.290894770801433111e+00,1.290894770801433111e+00,8.363291939427970334e-01,1.254163667649240033e+00,4.786885033015871871e-01,7.397973793628576100e-01,7.625822299523353776e-01,1.144686954970169035e+00,1.290894770801433111e+00,9.403473584682416897e-01,1.290894770801433111e+00,0.000000000000000000e+00,6.487346475740320972e-01,4.505982587588742705e-01,1.290894770801433111e+00,3.329058927241754229e-01,8.702512126017524219e-01,1.192755328173705998e+00,4.749197890209545525e-01,2.277098672871785134e-01,8.815842231289416908e-01,1.290894770801433111e+00,4.000969460947743916e-02,1.290894770801433111e+00,5.691643389766342098e-01,8.936413211164674630e-02,1.000057330422009949e+00,6.014230872586212584e-01,1.268610915680143281e+00,8.425262691647155133e-01,1.181518704672724462e+00,3.909904265008650182e-01,1.075295260070849190e+00,9.307174739269622465e-01,1.084234023765336286e+00,1.031862692829175643e+00,3.183947786488142140e-02,1.122886133007125649e-02,8.471359376008887887e-01,1.186859616895779901e+00,0.000000000000000000e+00,1.158092797549116204e+00,1.290894770801433111e+00,2.289608020318688042e-01,8.162718624552218749e-01,9.059771797708430219e-01,6.150452632747099337e-03,1.247017307935766262e+00
1.018106158220821289e+00,1.193449910646105394e+00,4.684635365300979237e-01,8.233837901307937690e-01,1.105210737995401038e+00,1.290894770801433111e+00,4.596391008544110646e-01,0.000000000000000000e+00,5.916621428229413837e-01,1.111018676834220953e+00,0.000000000000000000e+00,6.778729445055994840e-02,2.445094826671563581e-01,9.177941203751310839e-01,4.786210006446952048e-01,1.290894770801433111e+00,6.181927460757292714e-01,9.878715072008618092e-01,1.080012245008771021e+00,6.019059857668155322e-01,2.979461357887329687e-01,6.953629027727030731e-01,1.184518603335071724e-01,0.000000000000000000e+00,3.267005989647910336e-01,1.062396217784188357e+00,6.671324768725016563e-01,7.846210842914665973e-01,1.290894770801433111e+00,1.245795373984324994e-01,4.118882429346208407e-01,1.290894770801433111e+00,1.290894770801433111e+00,1.290894770801433111e+00,9.146860987457827719e-02,9.384746262733846267e-01,8.430157810946204977e-01,9.836656745637024635e-01,4.944173574557774731e-01,0.000000000000000000e+00,2.368310565325738581e-01,1.290894770801433111e+00,1.233152320062318674e+00,1.290894770801433111e+00,1.250990405110764536e+00,8.200540712742718785e-01,5.804838749748577609e-01,0.000000000000000000e+00,0.000000000000000000e+00,1.251247250275354217e+00,0.000000000000000000e+00,1.231390501168972529e+00,4.469852621426239625e-01,1.290894770801433111e+00,7.460271543948548967e-01,4.337277064412038419e-01,1.183117716239570072e+00,9.799856484669947632e-01,1.178771755884522321e+00,2.451106915912266981e-01,8.079041999048991451e-01,1.118214563251005655e+00,6.399369434951181213e-02,1.112158973615648000e-01,1.290894770801433111e+00,7.890917834434894029e-01,1.290894770801433111e+00,2.357691309906152222e-01,3.132772459685809752e-01,1.290894770801433111e+00,4.871782517059093931e-01,8.024430495632088878e-01,1.682803787615444469e-01,7.408331523316329381e-01,1.214431641776273718e+00,6.246877928449013490e-02,6.830525121409758427e-01,0.000000000000000000e+00,1.097657356086461089e+00,9.532996849699860720e-01,7.702523209359664336e-02,0.000000000000000000e+00,2.628145108996908230e-01,2.257781643752325429e-01,7.795371505013742874e-01,1.290894770801433111e+00,1.290894770801433111e+00,5.644344092586341954e-01,1.056176917589327358e-01,0.000000000000000000e+00,3.308336286426603601e-01
1.272802090809278086e+00,1.270755956182939350e+00,6.080823924895222277e-01,5.463288880518743507e-02,4.374186453335647262e-01,1.131098129004104891e+00,5.749089157247039283e-01,1.147210494605806375e+00,4.228291384884027559e-01,5.322600245073223491e-01,2.261199343793186545e-01,9.488463011131779978e-02,1.283956551185360340e+00,6.891583546209132383e-01,2.131919545269920779e-01,9.983954378152065656e-01,3.321604744503054429e-01,8.758406337100954620e-01,1.095324158151673055e+00,6.316757725516147781e-01,1.002389751842788890e+00,1.415285911929972940e-01,7.178422652162246287e-01,4.226041660525935439e-01,3.922151096848081608e-01,9.143225192874140927e-02,1.064440078620567387e-01,1.272071103729043529e+00,3.103455239634430041e-01,1.176450766696972572e+00,1.239955034676399892e+00,1.290894770801433111e+00,3.436664767200424686e-01,1.290894770801433111e+00,0.000000000000000000e+00,5.858016744925373942e-01,4.623199381850223721e-01,2.012901440424128829e-01,0.000000000000000000e+00,0.000000000000000000e+00,1.044483501265744740e+00,6.000573318534957457e-01,1.290894770801433111e+00,1.290894770801433111e+00,1.197953003125175719e+00,8.720045730779346638e-01,8.620266842190041912e-01,5.920207749897403726e-01,1.942545927786182985e-02,5.379593544375030900e-01,1.183698683214284397e+00,1.036996031890095704e+00,6.460969586617271165e-01,1.290894770801433111e+00,0.000000000000000000e+00,1.061930062010979725e+00,3.086946180294169451e-01,7.619497260886224366e-01,1.290894770801433111e+00,1.154019840706596439e-01,1.290894770801433111e+00,8.981241626906558140e-02,5.097444994404352059e-01,3.158561751615477919e-01,1.290894770801433111e+00,1.231018977049751495e+00,1.290894770801433111e+00,1.290894770801433111e+00,1.077769093201086603e+00,1.267930792822048236e+00,7.323383107658142377e-01,1.263824540893299542e+00,5.979657741702713025e-01,1.290894770801433111e+00,2.473009764525859744e-01,9.788204572140576376e-01,5.738479349946955521e-01,0.000000000000000000e+00,9.131592355403085337e-01,6.479110261532310400e-01,7.222811253225067674e-01,0.000000000000000000e+00,1.207846054003141933e+00,1.051113330457873474e-01,2.519222252703022247e-01,1.290894770801433111e+00,1.290894770801433111e+00,1.062102171737415168e-01,9.244062198550846710e-02,0.000000000000000000e+00,7.568411058985554662e-01
1.754599367090498852e-01,1.165050128782395333e+00,1.555969545999819625e-01,1.046396595869066637e+00,4.845215064037398101e-01,8.594337766457442740e-01,2.747236784146154798e-01,1.680622210916984938e-01,6.813527002571058144e-01,1.749698930583164502e-01,3.431495194114115299e-01,5.510295937298044233e-01,1.238265125171657655e+00,1.144644646405199362e+00,5.451025193003375957e-01,1.142212015221021559e+00,1.052654275434450115e+00,1.101606796340916850e+00,2.628308032563131946e-01,0.000000000000000000e+00,1.436844342282800058e-01,9.718989816638051726e-01,9.240166450213155303e-02,4.496189595713331877e-02,5.157492688877143294e-01,7.309152949525045129e-01,2.826879966703333413e-01,1.910785961322189475e-01,7.724672426743193210e-01,1.235154318924140515e+00,2.930219463438697991e-01,1.290894770801433111e+00,1.217422868963656590e+00,5.621135928663454351e-01,0.000000000000000000e+00,1.050050108801027449e+00,2.267477680492069880e-01,8.993034329079372391e-01,0.000000000000000000e+00,1.162714783688480802e+00,1.048717361916085222e+00,1.290894770801433111e+00,5.269037526803114213e-01,1.290894770801433111e+00,1.188558521361338993e+00,1.290894770801433111e+00,3.644939221072220348e-01,3.022720614756529978e-01,0.000000000000000000e+00,1.235603167183913387e+00,9.456507738055269785e-01,2.493354723857258426e-01,4.112075495731764563e-01,1.290894770801433111e+00,0.000000000000000000e+00,8.802539263766006039e-01,8.444364138960801514e-01,8.931226574326421863e-01,1.237476337681560956e+00,6.258190022171541966e-02,1.290894770801433111e+00,1.552903781382240778e-01,1.236028905905219855e+00,1.858989419380956132e-01,1.290894770801433111e+00,5.486575477500909015e-01,1.290894770801433111e+00,1.209946105988848192e-01,1.206012885112083932e+00,8.794872369884048080e-01,1.119116709772298490e+00,1.290894770801433111e+00,2.642821384381056626e-01,1.290894770801433111e+00,1.341603611176933331e-01,2.373896451528222096e-01,3.477223719579308758e-02,1.359588288969563741e-01,5.491075438799363218e-01,9.920085615686752289e-01,7.493983611532443190e-01,8.761778192179414670e-02,7.617837420628370548e-01,4.773679741772877128e-01,1.040830406645514572e-01,1.290894770801433111e+00,1.290894770801433111e+00,4.262220938746451582e-01,1.586680340518709653e-01,0.000000000000000000e+00,4.560574166549032915e-01
9.466762418711343052e-01,5.216366638129219524e-01,1.959327773557663355e-01,6.853065655926791067e-01,2.893480842148947463e-02,9.201680430999740201e-01,7.770374808087052720e-01,8.563432174362202165e-01,1.392368916013359548e-01,6.354335781692862506e-01,0.000000000000000000e+00,2.658355409331232821e-01,2.945998909470048943e-01,7.392510192524012758e-02,3.591052538936185257e-01,1.964480425260849705e-01,5.722654743536008670e-01,8.811632176447999065e-02,1.056446585948577210e+00,9.959359649477662613e-01,6.301551224731173351e-01,2.603542597962285599e-01,1.454313795429084677e-01,0.000000000000000000e+00,1.236209068175413428e+00,4.917436393455930366e-02,1.015300591999118152e-01,6.625880134555648393e-01,1.290894770801433111e+00,1.124659120736140272e+00,1.290894770801433111e+00,1.274466496752058253e+00,1.290894770801433111e+00,1.262814715019941580e+00,1.191308780444219950e+00,2.678791286580837205e-01,8.715463921347229581e-01,3.448255845456540403e-01,3.571868208202305661e-01,0.000000000000000000e+00,1.032597550709738687e+00,1.290894770801433111e+00,1.290894770801433111e+00,1.290894770801433111e+00,9.744470295334320964e-01,1.290894770801433111e+00,7.409320006290163185e-01,6.316072106619643467e-01,0.000000000000000000e+00,7.772914120947842509e-01,6.699245329206071631e-01,1.151063757806898957e+00,1.283416001737009982e+00,1.290894770801433111e+00,0.000000000000000000e+00,1.290894770801433111e+00,1.129417455553198835e+00,5.390269580328006516e-01,2.481594780026855629e-01,1.215428867948866065e+00,1.086191406879902788e+00,7.061042908893027104e-01,7.744146166783077989e-01,5.992391421348187697e-01,1.290894770801433111e+00,4.074713962125085520e-01,1.290894770801433111e+00,8.630924504979307910e-02,7.935289468744877173e-01,1.185852843467130269e+00,5.030105629848168336e-01,1.290894770801433111e+00,3.746336640694025721e-02,9.083138751631035790e-01,7.564359173426633831e-02,7.656709713897656977e-01,1.674846782185136773e-01,0.000000000000000000e+00,8.890672437137601136e-01,1.243220262847442470e+00,7.297638976240234943e-01,3.315538212947748975e-01,0.000000000000000000e+00,0.000000000000000000e+00,1.417556194530490143e-01,1.290894770801433111e+00,3.643212191136603328e-01,1.217038915871800020e+00,1.013573971324697398e+00,5.414766631891159143e-01,5.871511553239974202e-01
2.408629940575155587e-02,0.000000000000000000e+00,8.215034794085047942e-02,4.153476239453032792e-01,2.113329952651329391e-01,1.357608436168299126e-01,1.127987936576410277e+00,2.039368750793681684e-01,1.238492012520160390e+00,4.443561566075208136e-01,1.086730395405785421e+00,4.441719993216293183e-01,9.869653155453214088e-01,1.241052295228826319e+00,6.378722239768427338e-01,1.087459417979880882e+00,6.314036272458023458e-01,9.677474082618435780e-01,5.118932202077797200e-01,6.797888787187665871e-01,5.777306955215194550e-01,1.262960226088414517e+00,1.290894770801433111e+00,5.875197591945856279e-02,1.123972164335605095e+00,3.049992619947588524e-01,7.358947926223713409e-01,7.754002332018335164e-02,6.253282869158677260e-01,2.593145673393825179e-01,8.812718178973459882e-01,1.290894770801433111e+00,1.130014740502481185e+00,1.202086091159694892e+00,0.000000000000000000e+00,7.373325289061363197e-01,8.699338213849991397e-02,7.841789653808775018e-01,2.863783308981778797e-01,0.000000000000000000e+00,1.249015982468969943e+00,1.290894770801433111e+00,1.290894770801433111e+00,1.290894770801433111e+00,1.150909980562070167e+00,1.210033320103193200e+00,5.416856128566641670e-01,4.624289004656590429e-01,1.016723477992900637e+00,1.281818419173109236e+00,9.172154715100366840e-01,8.374694612832387502e-03,1.282034007383703766e+00,1.290894770801433111e+00,8.401283453979584426e-01,7.159273414387471446e-01,6.693037077173497051e-01,7.656044023434905865e-01,1.190716030264987513e+00,3.809193575222473704e-01,5.684883984358584108e-01,1.236178333221167103e+00,9.683058964463110430e-01,1.105825059822911127e+00,1.290894770801433111e+00,1.134188735729319886e+00,1.290894770801433111e+00,2.729647544428216999e-01,5.307101597190783115e-01,1.262793382942803744e+00,7.363673455481360708e-02,5.386690903794446594e-01,8.550183664885839530e-02,1.290894770801433111e+00,1.018085843055352609e-02,1.042162626726931274e+00,8.147083176348590694e-02,4.223626734504436209e-02,5.995656536792448588e-01,1.199299025068285784e+00,1.969836644466784470e-01,4.081876828383766698e-02,3.456381362376616528e-01,1.978247810765664250e-01,1.073796155534527452e+00,1.290894770801433111e+00,8.331652381506389204e-01,1.137309891843079485e-01,4.247361880527399380e-01,1.258784584473549462e+00,9.061453224353350766e-01
6.035617429059697558e-01,9.705183205424651183e-01,2.884512257231207008e-02,9.565078300001749190e-01,6.576148771525249792e-01,6.788466438033188277e-01,1.151859655809691185e+00,9.467869208484913646e-01,3.641523738931385368e-01,6.501691354049274896e-01,6.284481774716691449e-01,7.777370498326169335e-01,4.791927874678775789e-01,1.645637082799433076e-02,6.117336654624500047e-01,1.789012787580897823e-01,6.297442720599640831e-01,1.146050526088224109e+00,2.818552692146968353e-01,1.167827959752802069e+00,1.130772760374229913e+00,7.839190314994443076e-01,3.948984363267282194e-01,1.069614106617982507e+00,5.262236757872044146e-01,7.993747948859589725e-01,1.105599395691684972e+00,4.722897196288275978e-01,9.249586173367677633e-01,1.960251492602474999e-01,2.971796421256248100e-01,1.290894770801433111e+00,1.290894770801433111e+00,3.778569563695961531e-01,0.000000000000000000e+00,1.194706914362610561e+00,6.897878079602638435e-01,3.879886161442482329e-01,1.036184981972415375e+00,0.000000000000000000e+00,7.550729160406352003e-01,1.290894770801433111e+00,1.290894770801433111e+00,4.693973400324859963e-02,1.290894770801433111e+00,3.493982090697097531e-01,5.626614649116288419e-02,7.821169349301160256e-01,9.396952494613581841e-01,7.220882174742845327e-01,3.954970039862998332e-01,6.057770436774868594e-01,5.558320881376722644e-01,1.290894770801433111e+00,0.000000000000000000e+00,6.227351904468354515e-01,9.717871300484531849e-01,4.681299383581910903e-03,1.177412131285330732e+00,8.749294489190008461e-02,6.270405943217578493e-01,1.259698735074682219e+00,1.281970258220263892e+00,6.912419953672847006e-01,1.290894770801433111e+00,1.118211165909229532e+00,1.994260541820476740e-01,8.205418627618140670e-01,7.035164095373058757e-02,1.290894770801433111e+00,5.044916049367640376e-01,4.961264497939492091e-01,1.091378276204906017e+00,1.266826113456937852e+00,6.308053216167198718e-01,2.664042923964287102e-01,4.520576152032845796e-01,1.189519338354676270e+00,2.258161910022435659e-01,1.237661771774156039e+00,1.048573105275051098e+00,4.908432541170138497e-01,7.042656042577299935e-01,3.953869522233992018e-01,5.992823303455503403e-01,1.228322881654695387e+00,1.290894770801433111e+00,8.970022800643999705e-01,6.916493473256798419e-01,7.544861438240341297e-04,9.428580188481954227e-01
8.024667295405715217e-01,1.194406168411209224e-01,2.975385660376739239e-01,3.857275537405576715e-01,2.949165865978407575e-01,2.113429692024548501e-01,1.262126749218600352e+00,3.386472938990480741e-01,6.875076079330217915e-01,7.021394627739316885e-01,6.383929932608238822e-01,3.868020679158900021e-01,1.021090145930529047e+00,1.054469298749910050e-01,2.946862839761286157e-01,2.883787055774784669e-01,6.777002456906149330e-01,6.296221121047316238e-01,1.000541484335549569e+00,3.173224018020009418e-01,5.661134597348643771e-01,5.066400959701815587e-01,6.716152999554210468e-02,1.473327400361812423e-01,5.807460045504909685e-01,8.452133764918264847e-01,4.782077990780681520e-01,6.189545009688450505e-02,1.758538264003792206e-01,6.530128635452172592e-01,8.666838590198012726e-01,2.311703327131417116e-02,0.000000000000000000e+00,1.051416721693920475e-01,5.852008232309802160e-01,2.545160565497316396e-01,1.085902083256916173e+00,5.499028764875968367e-01,1.281991772382208294e+00,1.144053323818009948e+00,7.474721794036072176e-01,1.101523238056802301e+00,8.777211711721892851e-01,1.194743063687959905e+00,1.259049979507057770e+00,7.499708846484324232e-01,5.972832242730005126e-01,3.800342525911589164e-01,2.191573125171505376e-01,1.033700939067281777e+00,7.344833940870175715e-01,5.850366728380944625e-01,9.758371757887411846e-01,4.438441011493942101e-01,8.605608965186662962e-01,6.747671140241225940e-01,1.268453767642510943e+00,8.720566776149802912e-01,6.120889035802296041e-01,8.972361472925503012e-01,4.567534489123772912e-01,7.359634537305113910e-02,6.229628759948170336e-01,1.062618647681195768e-03,1.092570895440598600e+00,3.936293796103523812e-01,3.102041398304183906e-01,1.066911873724601723e+00,5.311659319935302381e-01,5.431717114757160791e-01,6.305376740481465347e-01,1.121601730880509296e+00,8.715420716187252115e-01,1.714482600656743461e-01,2.845628395324173998e-01,3.807166531673840115e-01,6.711558363543387515e-03,1.237599329547913962e+00,1.551160687839012453e-01,8.041351927564898139e-01,9.736514153016181394e-01,1.094495581545601892e+00,1.198285865467667577e+00,6.583444948528099916e-01,1.198509655290260323e+00,7.711439395460860657e-01,1.226207434526758178e+00,4.256405402151622885e-01,6.711903717129515945e-01,1.036107455712845793e-01,8.576302179989868657e-01
7.278908899133988974e-01,8.239979768301707308e-01,7.248301630670387352e-01,2.651595195097626867e-01,8.297175043414860562e-01,4.673509708686023334e-01,3.759483039937098758e-01,8.958854060865376612e-01,7.066008814259411297e-01,4.448356333692171094e-01,2.152082838985941160e-01,1.130309056834804426e+00,2.172040548104691576e-02,7.622445027193678335e-01,5.187498401384480484e-01,6.773718128492032253e-01,4.239352851631348895e-01,4.983301110819138846e-01,6.164476077455479652e-01,1.368833308184088937e-01,1.081863454840567673e+00,3.648168314804837165e-01,4.733498813428625995e-01,1.392633763994054752e-01,1.514377584477909211e-01,1.380853023453177397e-01,1.067505890277893554e+00,4.708523616652975918e-01,1.008637974400454551e+00,9.121313812716876912e-01,7.873990186254568036e-01,2.653442324021975107e-01,1.279512813761627621e+00,7.580022196173617777e-02,1.229697823327017492e+00,6.344723361780907345e-01,3.652831272896936432e-01,7.965222601688576320e-01,9.843391863887508419e-01,4.659684331688251913e-01,1.216107420837020392e+00,1.030941214891757607e+00,6.594972783431992669e-01,4.377389756436830814e-02,1.173574873815141473e+00,2.385859055371864212e-01,1.121269974989288709e+00,1.090645123555240348e+00,1.372420712491909667e-01,2.434261806535337191e-01,7.738012284304918165e-01,8.786008065287990165e-01,5.378786931203357602e-01,1.269067343219833832e+00,1.079297339406332795e-01,6.425169503936433157e-01,8.326714310750527037e-01,1.535670814388375438e-01,3.736758708043505517e-01,1.266328652711348868e+00,1.203954534899049217e-01,2.878337882388437921e-02,5.059030935083403957e-01,6.650052960498559207e-01,5.359750386556354496e-01,1.195384033681061053e+00,1.212014648481830381e+00,9.720251380916589135e-01,7.841089815771148386e-01,3.205103368810469089e-01,8.483422505740702002e-01,2.506671865103894392e-01,4.762567457078449307e-01,6.212448577831912733e-01,7.561487268930895400e-01,8.607599183036337420e-01,7.954726134148661920e-01,8.975847892069782619e-01,3.490587512649843127e-01,1.013527684811233120e+00,7.242324510367376122e-01,7.837988686568303498e-01,3.962600603153610956e-01,1.023886139007887941e+00,1.586370866508598210e-01,1.083483348404501223e+00,1.094329470680002414e+00,7.277713354942169088e-01,7.679542242528896168e-01,3.442361019443357373e-01,4.123794746200257211e-01
1.157372773105998176e+00,0.000000000000000000e+00,3.780749960592048597e-01,1.616403670021700489e-01,7.111557239399363128e-01,1.222724301874549280e+00,2.882296037033698077e-01,0.000000000000000000e+00,1.207619455813286446e+00,5.919031247080318581e-01,7.170988521744967037e-02,1.484916317653845463e-01,1.290894770801433111e+00,8.941649716692104954e-01,1.900650978120827783e-01,7.450621120149220067e-01,4.030471530925028301e-01,2.128940442945153888e-01,1.290894770801433111e+00,9.549353609571077373e-01,8.501663689224182585e-01,3.518874005325851595e-01,1.014083151392342952e+00,0.000000000000000000e+00,6.906730663636029277e-01,6.428419072722877381e-01,1.267810755111914711e-01,2.754457956959067144e-01,1.035492031429224635e+00,4.353945749159011114e-01,1.290894770801433111e+00,1.290894770801433111e+00,1.290894770801433111e+00,1.290894770801433111e+00,0.000000000000000000e+00,1.246382573500601554e+00,4.814445483362571609e-01,7.278493619456805064e-01,5.007581918951469202e-01,1.759667918876025861e-01,5.584282574800574217e-01,1.290894770801433111e+00,3.453903119941036381e-01,1.290894770801433111e+00,1.118054275540298015e+00,8.955469741704875641e-01,1.136016059709723303e+00,0.000000000000000000e+00,1.106783082574604116e+00,1.053670497881428192e+00,2.916807132167097971e-01,7.373697134603404146e-01,1.290894770801433111e+00,8.646583230670501496e-01,0.000000000000000000e+00,1.290894770801433111e+00,6.869625363531350892e-02,8.160136354020787186e-01,1.178819975630910344e+00,7.519119802021992927e-01,8.813654592989387249e-01,1.273982398296809926e+00,5.246627555193443815e-01,2.688401287101166437e-01,1.290894770801433111e+00,1.192635238644020879e+00,1.925576262192493782e-01,1.290894770801433111e+00,8.974848718956031368e-02,1.290894770801433111e+00,2.240956675860298064e-01,1.021003242863120386e+00,1.128869369958965585e+00,1.290894770801433111e+00,3.569350800360371334e-02,0.000000000000000000e+00,9.571057901413854152e-01,5.938054325807106126e-01,6.342410212664908453e-01,2.301843058336995040e-01,1.008628436407951634e+00,0.000000000000000000e+00,0.000000000000000000e+00,9.407103033653116744e-03,1.290894770801433111e+00,1.290894770801433111e+00,3.502631660547024239e-01,1.282861753916106018e+00,2.527652105865008658e-01,8.557067563540030619e-01,4.724275137630886134e-01
1.905199375212771329e-01,7.354433840506345854e-01,3.827458455816705740e-01,1.105233616702846033e+00,7.601364416531959378e-01,9.541634517003936278e-01,6.915469201505486385e-01,7.096652125475724215e-01,7.663081861164655617e-01,5.748575769323238660e-01,0.000000000000000000e+00,1.256763456930031664e+00,5.800816301122325713e-01,9.177913458140080083e-01,1.568244698699711448e-01,9.472772347243446633e-01,6.874848392313515077e-01,6.972380661923420764e-01,5.349137566070328448e-02,2.872542940712751180e-01,6.815848683460448143e-01,6.209862131915646621e-01,1.201283442773212418e+00,0.000000000000000000e+00,3.217567242445013020e-01,1.290894770801433111e+00,8.427736355913388877e-01,3.493619198240904833e-01,1.290894770801433111e+00,4.535504342833786562e-01,1.290894770801433111e+00,1.290894770801433111e+00,4.583733682216203364e-01,1.093614959493910188e+00,1.245608924843576881e+00,3.803367909086811660e-01,2.440699376790955166e-01,0.000000000000000000e+00,2.725110229835845388e-01,4.469308043675587205e-01,7.585767064384275615e-01,1.002959256916150288e+00,4.107475941613574211e-01,1.290894770801433111e+00,1.290894770801433111e+00,1.290894770801433111e+00,3.634536063218093971e-01,2.785812142327493898e-02,0.000000000000000000e+00,9.213868296398788349e-01,0.000000000000000000e+00,1.290894770801433111e+00,1.290894770801433111e+00,1.290894770801433111e+00,0.000000000000000000e+00,7.405911394387343361e-01,1.229357380016124379e+00,1.290894770801433111e+00,1.005845181829296831e+00,1.523660918460133518e-01,8.406736269964424357e-01,1.646698905688939174e-01,3.617831812177372819e-01,7.479298036642748615e-01,1.290894770801433111e+00,4.590646815837483574e-01,8.239387674259555094e-01,1.123041041907572257e+00,7.739370648475416559e-01,1.290894770801433111e+00,2.923437826837904652e-01,2.710048469823279071e-01,7.886414328579324229e-01,1.057843926952911850e+00,6.019191387743836330e-01,3.476268040668237247e-01,0.000000000000000000e+00,0.000000000000000000e+00,3.198930224807090550e-01,8.734798449580218893e-01,1.735425280981802432e-01,0.000000000000000000e+00,0.000000000000000000e+00,2.147696876027287982e-01,9.304853666227311804e-01,1.185219287526210419e+00,8.464119583423346249e-01,4.564577807429727185e-01,8.840821573008263157e-02,0.000000000000000000e+00,2.990276073196375672e-01
8.150446585947239697e-01,8.054273603610820897e-01,8.090416340750749002e-01,9.092702122503909523e-01,6.994299416598920294e-01,1.946804991478218172e-01,1.425877410084878949e-01,7.282650109855502985e-01,1.075920251108770875e+00,1.099701658523499770e+00,6.913411262514801425e-01,6.457858633719352204e-01,5.847079437567860305e-01,2.717500383220743942e-01,3.631238786085868031e-01,1.066428983836191918e-01,1.187718232585864564e-01,4.248822680123394702e-01,1.915359675576732909e-02,1.218263022665766027e+00,9.428635425520865976e-01,9.295131749768775764e-02,1.072648101605328197e+00,6.641409482395346786e-02,1.003284683655431442e+00,5.267596262506585303e-02,1.201722935312088403e+00,4.570956083618175070e-01,5.751646441885318595e-01,1.225690657364152392e+00,3.050616234057592080e-01,1.211456832243394732e+00,1.196204130434672386e-01,8.605588409914563530e-02,9.856414486493791927e-02,1.109025885444888879e-02,7.929801355320349465e-01,1.167705867677993448e+00,1.232252495264481329e+00,9.358386119511358237e-01,4.986398004770586367e-01,2.419931175355209251e-03,6.929124379705482450e-01,1.159075594505076578e+00,1.288642685133514876e+00,1.260184823566177004e+00,1.610946529208994726e-01,1.264417854174967548e+00,5.009127278392503380e-01,5.635231914782505847e-01,1.670025648569276044e-01,4.572625987291087934e-01,4.676430834701922890e-01,1.290823421656469572e+00,5.075346609697741623e-02,8.172849048040800035e-01,9.296340674899200573e-01,1.092044333595886485e+00,5.880155536530113913e-01,5.542516437827093023e-01,4.919192090027174058e-01,2.343117494666300815e-01,6.253400147746795978e-02,7.627851184604841350e-01,8.831393544611931823e-01,7.726504956940429825e-01,6.963117716915357969e-01,3.881902010827567584e-01,5.942564126995665275e-01,2.891742784189017534e-01,4.046188645034226594e-01,8.796537596123938929e-01,1.037333334784063199e+00,3.145329584532954303e-01,5.848108648187547720e-01,1.270351496117788193e+00,4.334454013884745938e-01,9.374407556203177005e-01,8.059484176057555294e-01,1.303739953763312087e-01,1.224699155810344608e+00,5.451701726361612987e-01,1.585254272674262166e-01,8.040916255025122306e-01,9.138784578441546680e-01,1.099869434272656932e+00,6.077035681219612462e-01,5.888113800156551392e-01,4.830534248267850939e-01,5.465171252531336732e-01,7.939690271414429068e-01
9.348777481190809757e-01,8.391460255250002276e-02,1.089334383149697522e-01,1.849025485173218242e-01,1.149240012773748765e+00,4.926806167862960231e-03,2.266387839572417406e-01,4.418464615903629489e-01,9.689293608386792414e-04,1.275407580154215292e-01,5.394163215289793367e-01,3.549217180586312081e-01,5.841659515380555057e-01,2.618285202562881109e-01,8.943155927498142033e-01,1.039925252818997725e+00,4.795341426432431220e-01,1.120082733572865141e+00,1.182034236775332925e+00,1.264168331878608827e-18,1.062216684122582633e+00,3.448432061306450636e-01,5.804581456871636957e-01,0.000000000000000000e+00,1.005782708098075240e+00,7.720092562611895470e-01,1.200624692436831564e+00,8.560408503555113624e-01,1.581104575894551056e-01,1.290894770801433111e+00,1.290894770801433111e+00,1.290894770801433111e+00,0.000000000000000000e+00,7.692557085396213301e-01,0.000000000000000000e+00,1.010629397335769536e-01,8.194137272749815182e-01,4.504453202043512960e-01,1.207537528975596519e+00,2.080385959929153261e-01,5.157759175131985119e-01,4.364578663465381037e-01,1.290894770801433111e+00,1.290894770801433111e+00,1.290894770801433111e+00,5.244837571056748526e-01,1.087091003524528338e-02,2.417014117723199351e-01,1.124953016515798154e+00,3.020841669610589975e-01,5.144324613299021687e-01,1.215273694533091975e+00,9.083286682878842777e-01,1.290894770801433111e+00,1.157360715626219783e+00,7.985391348351114083e-01,4.860742043452389444e-02,1.142389983234566753e+00,2.548673537303222103e-01,4.871554928892117831e-01,1.013622679861690967e+00,1.108117952933951544e+00,8.601939673514403806e-01,1.175947035082032910e+00,1.094422513676891029e+00,6.878259038554074278e-01,1.261146625128159782e+00,5.212520177922572717e-01,3.409035450571316628e-01,0.000000000000000000e+00,1.777066554229798090e-01,0.000000000000000000e+00,9.241987044409873953e-01,0.000000000000000000e+00,2.284499234493996001e-01,9.092554343608791334e-02,1.124063156014405651e+00,5.288158722213037732e-02,7.756380608804724908e-01,1.135818474356817598e+00,1.097650186043571008e+00,3.330851329764051433e-02,2.635233233648684448e-01,1.290894770801433111e+00,2.877245488704902737e-02,1.290894770801433111e+00,7.273157164852656065e-01,2.280445179347388163e-01,8.742887025985596194e-01,0.000000000000000000e+00,8.059026222960148367e-01
1.025148017493106689e+00,1.277884594649630667e+00,3.574769348987238415e-01,7.152220154221974324e-01,2.733133146879920816e-01,5.349446677043266929e-01,5.871060562405490124e-01,7.325860615901779171e-01,5.525317985418159994e-01,9.803936204701436674e-01,5.292311964730565810e-02,1.217171322019864999e+00,2.957640574746555062e-01,1.412589616343409571e-01,9.914051546941970994e-01,3.323973234593469717e-01,9.364319188776084601e-01,9.786919719090123593e-01,6.671867085425160493e-01,6.079243440387150921e-01,8.636549646630973243e-01,7.464806285729697066e-01,9.248467518443486135e-01,0.000000000000000000e+00,1.189002566640935621e+00,3.616002620553340763e-01,6.528012115803583093e-01,1.247111728976885159e+00,0.000000000000000000e+00,9.273270229641280560e-01,1.149804372369777727e+00,1.290894770801433111e+00,6.155857908383289834e-01,7.694703174008787894e-01,1.026716282822245363e-01,1.032226689871422520e+00,1.004408042834939341e+00,3.121651846012389875e-01,6.040316596375222558e-01,4.234347613651843201e-01,7.383037688219205030e-01,4.572626571147564989e-01,1.290894770801433111e+00,1.290894770801433111e+00,1.290894770801433111e+00,1.290894770801433111e+00,1.139501209419741423e+00,1.076078602017858987e+00,1.165912633093691086e+00,7.882853547752571854e-01,1.054010009939056802e+00,4.576387958897080166e-01,9.739851846190725748e-01,1.290894770801433111e+00,5.716325177311627481e-01,1.541845236126274665e-01,8.541571681573071340e-01,1.290894770801433111e+00,4.229929517969160946e-01,1.209355886915523204e+00,1.140224662952861623e+00,5.262383049633937437e-01,4.071203225155062833e-01,0.000000000000000000e+00,1.290894770801433111e+00,1.290894770801433111e+00,0.000000000000000000e+00,3.464369690403059643e-01,1.288838863140574720e+00,7.156673270874868154e-01,1.083321302831931732e+00,5.506951474293385607e-01,1.126818459284913310e+00,1.165195910067478718e-01,3.355339302397137291e-01,7.970878473189646485e-01,4.861167580831160517e-01,5.688853014423277399e-01,8.226023667262579719e-01,4.476212125968741518e-01,6.801109259268650620e-01,7.619870518047269226e-01,1.290894770801433111e+00,1.235029450855716027e+00,6.994375032591308994e-01,1.290894770801433111e+00,2.833842193375067930e-01,7.635013100579086665e-01,5.414418324642500391e-01,0.000000000000000000e+00,9.902002005390329042e-01
8.340978755491978980e-01,7.960030729209014444e-01,1.262526263898148926e+00,7.464026202706610658e-01,6.449906022341428402e-01,9.074388180813509619e-01,3.729011307843554945e-01,2.126499388555559700e-01,2.658818232309574925e-01,1.183986612956994477e+00,0.000000000000000000e+00,9.082692646447082518e-01,3.226266891146920002e-01,2.354747867486374768e-01,1.199002894723261381e+00,3.521917503076383293e-01,6.230497791027981291e-01,1.135009059524263009e+00,4.112873983860262928e-02,9.593314869524904864e-01,1.269065269502127613e+00,3.356968583476556689e-01,1.070196720480408148e+00,0.000000000000000000e+00,5.841333204904300969e-01,1.282764590447537545e+00,6.353533584017626579e-01,8.169510959890430302e-02,1.592078043342313176e-01,9.353817150453281881e-01,1.290894770801433111e+00,1.290894770801433111e+00,3.694706416162419904e-01,5.831575540419854375e-01,0.000000000000000000e+00,1.066142025304702479e+00,5.609024534229534176e-01,9.890858346137626489e-01,6.131172419836043996e-01,1.914192088710738593e-01,2.776344373594296644e-01,2.925220335052414744e-01,1.290894770801433111e+00,1.290894770801433111e+00,1.290894770801433111e+00,7.300400577184029682e-01,4.327744094545264986e-01,2.105741514641167684e-04,6.927816346984494444e-02,7.323134477411404886e-01,3.835058588064405027e-01,7.546860500556690221e-02,5.824945440864985891e-01,1.290894770801433111e+00,0.000000000000000000e+00,5.935460917289151483e-01,7.772758335659745166e-01,2.295661578127790869e-01,1.074807356810729031e+00,8.904969029372833411e-01,9.262616751757852818e-01,3.687786292402059907e-01,3.436122054960826233e-01,7.580240695129574213e-01,1.290894770801433111e+00,1.290894770801433111e+00,7.142524394934346432e-01,6.780076269813732626e-02,2.733285565381024518e-01,2.425580549509129547e-01,1.203573436791659068e+00,1.043522644004554190e+00,1.290894770801433111e+00,8.575143371909657031e-01,1.066474946876016405e+00,1.103667040364121998e+00,8.601237649372072899e-03,1.216901080031410176e+00,6.800794315236848853e-01,1.053435735096220904e+00,8.551899216352532029e-02,1.738913882223789287e-01,7.689520563302689737e-01,2.624819990082423726e-01,1.150265243294100737e+00,1.290894770801433111e+00,6.214570015165972183e-01,1.140280575321123147e+00,9.224460130943623604e-01,0.000000000000000000e+00,9.590213204737246810e-01
1.090471564371972457e+00,1.008040999461738529e+00,2.482302483297548767e-01,3.081449029155285957e-01,1.554351124274826190e-01,3.171840729429633871e-03,7.312818176977931017e-01,1.104089612523533326e+00,5.715510892694168898e-01,1.187054921551150555e+00,5.978854115509652650e-02,3.236726691307373338e-01,5.796480690863350382e-01,0.000000000000000000e+00,7.735060358853285134e-01,1.094164116854696278e+00,2.900858662051558623e-01,5.768152209528893959e-01,3.209289733448504878e-01,7.340633753089567115e-01,3.004750945469861212e-01,1.003336938155980018e+00,7.509432734592642600e-01,0.000000000000000000e+00,1.976563788460561077e-01,1.120790267359727532e-01,1.290894770801433111e+00,1.240550131114039001e+00,1.088802950772318701e+00,9.566680857538419902e-01,1.290894770801433111e+00,1.269118342175398650e+00,1.072103523417637788e-01,1.089569159485793692e+00,0.000000000000000000e+00,1.049231004056142558e+00,1.023697884192381835e+00,9.687249837698264088e-01,1.024611422535664396e+00,1.249234331426445910e-01,3.561508978515063872e-01,1.227001216752552359e+00,9.066815642182014801e-02,1.290894770801433111e+00,1.290894770801433111e+00,1.290894770801433111e+00,1.008044950049669319e+00,0.000000000000000000e+00,5.343345633275928819e-01,4.994795356555110644e-01,9.548443243562658098e-03,8.470835290296304665e-01,7.935807632448501625e-01,1.290894770801433111e+00,0.000000000000000000e+00,3.355043002032839783e-01,5.073287862868232079e-01,1.285350064197664288e+00,5.539440994551623199e-01,1.761088818059297068e-01,1.378291621679009205e-01,6.545836218138020302e-01,1.144941740163331056e+00,8.203094057399840100e-01,1.290894770801433111e+00,2.943514896573379714e-03,8.315891825206922494e-01,1.141086455020213358e-01,8.283539607854251141e-02,1.066817679287927367e+00,2.050994471920215279e-01,1.086001378099356485e+00,7.979707711990963181e-01,8.680079301771848055e-01,5.793660251945299544e-01,3.751326787587612455e-02,8.904798013949886126e-01,5.386551593554717021e-01,9.903233488495118975e-01,1.217529105925989341e-02,9.455117934645195232e-01,2.845200167916862033e-01,3.590376476841788955e-01,7.378305178036653755e-01,7.015015390821052743e-02,1.196742605851800256e+00,3.047683005794863953e-01,6.134103972653027759e-01,5.105004894128540860e-01,0.000000000000000000e+00,1.193485852756333676e+00
9.434235981193987708e-02,3.770714622585125825e-02,7.054139004441479788e-01,2.896889097853346251e-01,1.062674291620807621e+00,9.282861012491633312e-01,1.057487544948623626e+00,1.290894770801433111e+00,4.444072327172424730e-01,1.026456450477147619e+00,0.000000000000000000e+00,2.587935892327895004e-01,8.427840700446921351e-01,1.665578409826600215e-01,0.000000000000000000e+00,8.509796591635272467e-01,1.773217193157294036e-01,1.282590705298020772e+00,1.094613583810920776e+00,2.398073900212162601e-01,1.117663535832576382e+00,3.817475887562585823e-01,9.621607884915829301e-01,0.000000000000000000e+00,1.030604966105504783e+00,2.128401478314154716e-01,1.100382489631488214e+00,5.438535438795232269e-01,1.147772088371246779e+00,9.542611775021483389e-01,9.111449244249976154e-01,1.290894770801433111e+00,9.815941927981526316e-01,1.223129582625883227e+00,0.000000000000000000e+00,8.412221267471035047e-01,6.968010349830847661e-01,1.286564095231579552e+00,1.310900915986356885e-01,6.118917876134029044e-01,1.206752517979791328e+00,1.290894770801433111e+00,7.247193724063365483e-01,4.561117330785009472e-01,1.290894770801433111e+00,1.290894770801433111e+00,2.487954514526598826e-01,0.000000000000000000e+00,4.224276171223272786e-02,4.422550037860416006e-01,5.854515731989518024e-01,1.176415923677643693e+00,7.018809036906114018e-01,5.376087413244297064e-01,0.000000000000000000e+00,4.087096984503008623e-01,5.385971619806617303e-03,1.290894770801433111e+00,2.909684154981058146e-01,5.176218165083039668e-01,9.068636560188310103e-01,5.478428894674228777e-01,1.203219966983089861e+00,3.196436115210702922e-01,1.290894770801433111e+00,9.815982618395076298e-02,5.775597103251355335e-01,5.976311210432760923e-01,1.160128532424544057e+00,1.290894770801433111e+00,2.446310386127295566e-02,1.290894770801433111e+00,8.351238712604057701e-01,7.601805976737182613e-01,5.032748383543055315e-01,1.009575958936817397e+00,1.652460729039101905e-01,1.052592155236042659e+00,8.251345520029784719e-01,5.287276618741093559e-01,9.402627778994500085e-01,1.245881270319193046e+00,0.000000000000000000e+00,5.503642660376013573e-01,5.116222930256676404e-01,1.204752568421103565e+00,5.110769453521565309e-01,8.097312472817480566e-01,5.123022723274140988e-01,0.000000000000000000e+00,3.231109483151948236e-01
