5.337032644140292659e-01,5.337032644140292659e-01,5.337032644140292659e-01,5.337032644140292659e-01,5.337032644140292659e-01,5.337032644140292659e-01,0.000000000000000000e+00,0.000000000000000000e+00,5.337032644140292659e-01,5.337032644140292659e-01,5.337032644140292659e-01,5.337032644140292659e-01,5.337032644140292659e-01,0.000000000000000000e+00,0.000000000000000000e+00,0.000000000000000000e+00,0.000000000000000000e+00,5.337032644140292659e-01,5.337032644140292659e-01,5.337032644140292659e-01,5.337032644140292659e-01,0.000000000000000000e+00,0.000000000000000000e+00,0.000000000000000000e+00,0.000000000000000000e+00,0.000000000000000000e+00,5.337032644140292659e-01,5.337032644140292659e-01,5.337032644140292659e-01,5.337032644140292659e-01,0.000000000000000000e+00,0.000000000000000000e+00,0.000000000000000000e+00,0.000000000000000000e+00,0.000000000000000000e+00,0.000000000000000000e+00,5.337032644140292659e-01,5.337032644140292659e-01,5.337032644140292659e-01,5.337032644140292659e-01,5.337032644140292659e-01,0.000000000000000000e+00,0.000000000000000000e+00,0.000000000000000000e+00,0.000000000000000000e+00,0.000000000000000000e+00,0.000000000000000000e+00,5.337032644140292659e-01,5.337032644140292659e-01,5.337032644140292659e-01,5.337032644140292659e-01,5.337032644140292659e-01,0.000000000000000000e+00,0.000000000000000000e+00,0.000000000000000000e+00,0.000000000000000000e+00,0.000000000000000000e+00,0.000000000000000000e+00,5.337032644140292659e-01,5.337032644140292659e-01,5.337032644140292659e-01,5.337032644140292659e-01,0.000000000000000000e+00,0.000000000000000000e+00,0.000000000000000000e+00,0.000000000000000000e+00,0.000000000000000000e+00,5.337032644140292659e-01,5.337032644140292659e-01,5.337032644140292659e-01,5.337032644140292659e-01,0.000000000000000000e+00,0.000000000000000000e+00,0.000000000000000000e+00,0.000000000000000000e+00,0.000000000000000000e+00,5.337032644140292659e-01,5.337032644140292659e-01,5.337032644140292659e-01,0.000000000000000000e+00,0.000000000000000000e+00,0.000000000000000000e+00,0.000000000000000000e+00,5.337032644140292659e-01,5.337032644140292659e-01,5.337032644140292659e-01,0.000000000000000000e+00,0.000000000000000000e+00,0.000000000000000000e+00,0.000000000000000000e+00,5.337032644140292659e-01
1.200832344931565876e+00,0.000000000000000000e+00,0.000000000000000000e+00,6.125353414108064554e-01,5.852692758319902877e-01,1.200832344931565876e+00,1.784788395948053719e-01,0.000000000000000000e+00,8.940861271228842666e-01,0.000000000000000000e+00,1.038716996087725608e+00,6.525112533737157383e-01,0.000000000000000000e+00,0.000000000000000000e+00,0.000000000000000000e+00,1.200832344931565876e+00,0.000000000000000000e+00,0.000000000000000000e+00,1.200832344931565876e+00,0.000000000000000000e+00,1.200832344931565876e+00,1.200832344931565876e+00,2.188054483010106743e-01,4.640741830910717347e-01,1.200832344931565876e+00,7.661456584474448661e-01,0.000000000000000000e+00,1.200832344931565876e+00,1.200832344931565876e+00,1.200832344931565876e+00,0.000000000000000000e+00,1.101025847722361117e+00,2.490260115358089443e-01,3.667082933796455002e-01,4.949156220998243150e-01,1.200832344931565876e+00,1.200832344931565876e+00,1.029685273799823886e+00,8.124869505493136357e-01,1.200832344931565876e+00,1.200832344931565876e+00,0.000000000000000000e+00,2.133951652455294834e-01,6.424920453523492725e-01,3.952311200200302466e-01,0.000000000000000000e+00,1.200832344931565876e+00,9.982198037253432465e-01,0.000000000000000000e+00,1.200832344931565876e+00,2.325889133456530145e-01,4.507272122283881854e-01,0.000000000000000000e+00,0.000000000000000000e+00,0.000000000000000000e+00,1.200832344931565876e+00,1.200832344931565876e+00,7.940328436203953899e-01,1.159355394066810874e+00,2.995130613935316211e-01,0.000000000000000000e+00,1.200832344931565876e+00,6.187675399697960543e-01,0.000000000000000000e+00,1.200832344931565876e+00,0.000000000000000000e+00,0.000000000000000000e+00,1.200832344931565876e+00,1.200832344931565876e+00,1.200832344931565876e+00,1.200832344931565876e+00,0.000000000000000000e+00,0.000000000000000000e+00,1.067260599931650678e+00,1.200832344931565876e+00,0.000000000000000000e+00,0.000000000000000000e+00,1.200832344931565876e+00,0.000000000000000000e+00,0.000000000000000000e+00,0.000000000000000000e+00,1.124912547335710222e-01,4.405502244387777822e-01,1.200832344931565876e+00,6.554614087560425295e-01,1.200832344931565876e+00,8.270750787395262371e-01,1.932753730885083954e-02,0.000000000000000000e+00,0.000000000000000000e+00,0.000000000000000000e+00
1.200832344931565876e+00,0.000000000000000000e+00,0.000000000000000000e+00,6.125353414108064554e-01,5.852692758319902877e-01,1.200832344931565876e+00,1.784788395948053719e-01,0.000000000000000000e+00,8.940861271228842666e-01,0.000000000000000000e+00,1.038716996087725608e+00,6.525112533737157383e-01,0.000000000000000000e+00,0.000000000000000000e+00,0.000000000000000000e+00,1.200832344931565876e+00,0.000000000000000000e+00,0.000000000000000000e+00,1.200832344931565876e+00,0.000000000000000000e+00,1.200832344931565876e+00,1.200832344931565876e+00,2.188054483010106743e-01,4.640741830910717347e-01,1.200832344931565876e+00,7.661456584474448661e-01,0.000000000000000000e+00,1.200832344931565876e+00,1.200832344931565876e+00,1.200832344931565876e+00,0.000000000000000000e+00,1.101025847722361117e+00,2.490260115358089443e-01,3.667082933796455002e-01,4.949156220998243150e-01,1.200832344931565876e+00,1.200832344931565876e+00,1.029685273799823886e+00,8.124869505493136357e-01,1.200832344931565876e+00,1.200832344931565876e+00,0.000000000000000000e+00,2.133951652455294834e-01,6.424920453523492725e-01,3.952311200200302466e-01,0.000000000000000000e+00,1.200832344931565876e+00,9.982198037253432465e-01,0.000000000000000000e+00,1.200832344931565876e+00,2.325889133456530145e-01,4.507272122283881854e-01,0.000000000000000000e+00,0.000000000000000000e+00,0.000000000000000000e+00,1.200832344931565876e+00,1.200832344931565876e+00,7.940328436203953899e-01,1.159355394066810874e+00,2.995130613935316211e-01,0.000000000000000000e+00,1.200832344931565876e+00,6.187675399697960543e-01,0.000000000000000000e+00,1.200832344931565876e+00,0.000000000000000000e+00,0.000000000000000000e+00,1.200832344931565876e+00,1.200832344931565876e+00,1.200832344931565876e+00,1.200832344931565876e+00,0.000000000000000000e+00,0.000000000000000000e+00,1.067260599931650678e+00,1.200832344931565876e+00,0.000000000000000000e+00,0.000000000000000000e+00,1.200832344931565876e+00,0.000000000000000000e+00,0.000000000000000000e+00,0.000000000000000000e+00,1.124912547335710222e-01,4.405502244387777822e-01,1.200832344931565876e+00,6.554614087560425295e-01,1.200832344931565876e+00,8.270750787395262371e-01,1.932753730885083954e-02,0.000000000000000000e+00,0.000000000000000000e+00,0.000000000000000000e+00
1.200832344931565876e+00,0.000000000000000000e+00,0.000000000000000000e+00,6.125353414108064554e-01,5.852692758319902877e-01,1.200832344931565876e+00,1.784788395948053719e-01,0.000000000000000000e+00,8.940861271228842666e-01,0.000000000000000000e+00,1.038716996087725608e+00,6.525112533737157383e-01,0.000000000000000000e+00,0.000000000000000000e+00,0.000000000000000000e+00,1.200832344931565876e+00,0.000000000000000000e+00,0.000000000000000000e+00,1.200832344931565876e+00,0.000000000000000000e+00,1.200832344931565876e+00,1.200832344931565876e+00,2.188054483010106743e-01,4.640741830910717347e-01,1.200832344931565876e+00,7.661456584474448661e-01,0.000000000000000000e+00,1.200832344931565876e+00,1.200832344931565876e+00,1.200832344931565876e+00,0.000000000000000000e+00,1.101025847722361117e+00,2.490260115358089443e-01,3.667082933796455002e-01,4.949156220998243150e-01,1.200832344931565876e+00,1.200832344931565876e+00,1.029685273799823886e+00,8.124869505493136357e-01,1.200832344931565876e+00,1.200832344931565876e+00,0.000000000000000000e+00,2.133951652455294834e-01,6.424920453523492725e-01,3.952311200200302466e-01,0.000000000000000000e+00,1.200832344931565876e+00,9.982198037253432465e-01,0.000000000000000000e+00,1.200832344931565876e+00,2.325889133456530145e-01,4.507272122283881854e-01,0.000000000000000000e+00,0.000000000000000000e+00,0.000000000000000000e+00,1.200832344931565876e+00,1.200832344931565876e+00,7.940328436203953899e-01,1.159355394066810874e+00,2.995130613935316211e-01,0.000000000000000000e+00,1.200832344931565876e+00,6.187675399697960543e-01,0.000000000000000000e+00,1.200832344931565876e+00,0.000000000000000000e+00,0.000000000000000000e+00,1.200832344931565876e+00,1.200832344931565876e+00,1.200832344931565876e+00,1.200832344931565876e+00,0.000000000000000000e+00,0.000000000000000000e+00,1.067260599931650678e+00,1.200832344931565876e+00,0.000000000000000000e+00,0.000000000000000000e+00,1.200832344931565876e+00,0.000000000000000000e+00,0.000000000000000000e+00,0.000000000000000000e+00,1.124912547335710222e-01,4.405502244387777822e-01,1.200832344931565876e+00,6.554614087560425295e-01,1.200832344931565876e+00,8.270750787395262371e-01,1.932753730885083954e-02,0.000000000000000000e+00,0.000000000000000000e+00,0.000000000000000000e+00
1.200832344931565876e+00,0.000000000000000000e+00,0.000000000000000000e+00,6.125353414108064554e-01,5.852692758319902877e-01,1.200832344931565876e+00,1.784788395948053719e-01,0.000000000000000000e+00,8.940861271228842666e-01,0.000000000000000000e+00,1.038716996087725608e+00,6.525112533737157383e-01,0.000000000000000000e+00,0.000000000000000000e+00,0.000000000000000000e+00,1.200832344931565876e+00,0.000000000000000000e+00,0.000000000000000000e+00,1.200832344931565876e+00,0.000000000000000000e+00,1.200832344931565876e+00,1.200832344931565876e+00,2.188054483010106743e-01,4.640741830910717347e-01,1.200832344931565876e+00,7.661456584474448661e-01,0.000000000000000000e+00,1.200832344931565876e+00,1.200832344931565876e+00,1.200832344931565876e+00,0.000000000000000000e+00,1.101025847722361117e+00,2.490260115358089443e-01,3.667082933796455002e-01,4.949156220998243150e-01,1.200832344931565876e+00,1.200832344931565876e+00,1.029685273799823886e+00,8.124869505493136357e-01,1.200832344931565876e+00,1.200832344931565876e+00,0.000000000000000000e+00,2.133951652455294834e-01,6.424920453523492725e-01,3.952311200200302466e-01,0.000000000000000000e+00,1.200832344931565876e+00,9.982198037253432465e-01,0.000000000000000000e+00,1.200832344931565876e+00,2.325889133456530145e-01,4.507272122283881854e-01,0.000000000000000000e+00,0.000000000000000000e+00,0.000000000000000000e+00,1.200832344931565876e+00,1.200832344931565876e+00,7.940328436203953899e-01,1.159355394066810874e+00,2.995130613935316211e-01,0.000000000000000000e+00,1.200832344931565876e+00,6.187675399697960543e-01,0.000000000000000000e+00,1.200832344931565876e+00,0.000000000000000000e+00,0.000000000000000000e+00,1.200832344931565876e+00,1.200832344931565876e+00,1.200832344931565876e+00,1.200832344931565876e+00,0.000000000000000000e+00,0.000000000000000000e+00,1.067260599931650678e+00,1.200832344931565876e+00,0.000000000000000000e+00,0.000000000000000000e+00,1.200832344931565876e+00,0.000000000000000000e+00,0.000000000000000000e+00,0.000000000000000000e+00,1.124912547335710222e-01,4.405502244387777822e-01,1.200832344931565876e+00,6.554614087560425295e-01,1.200832344931565876e+00,8.270750787395262371e-01,1.932753730885083954e-02,0.000000000000000000e+00,0.000000000000000000e+00,0.000000000000000000e+00
1.200832344931565876e+00,0.000000000000000000e+00,0.000000000000000000e+00,6.125353414108064554e-01,5.852692758319902877e-01,1.200832344931565876e+00,1.784788395948053719e-01,0.000000000000000000e+00,8.940861271228842666e-01,0.000000000000000000e+00,1.038716996087725608e+00,6.525112533737157383e-01,0.000000000000000000e+00,0.000000000000000000e+00,0.000000000000000000e+00,1.200832344931565876e+00,0.000000000000000000e+00,0.000000000000000000e+00,1.200832344931565876e+00,0.000000000000000000e+00,1.200832344931565876e+00,1.200832344931565876e+00,2.188054483010106743e-01,4.640741830910717347e-01,1.200832344931565876e+00,7.661456584474448661e-01,0.000000000000000000e+00,1.200832344931565876e+00,1.200832344931565876e+00,1.200832344931565876e+00,0.000000000000000000e+00,1.101025847722361117e+00,2.490260115358089443e-01,3.667082933796455002e-01,4.949156220998243150e-01,1.200832344931565876e+00,1.200832344931565876e+00,1.029685273799823886e+00,8.124869505493136357e-01,1.200832344931565876e+00,1.200832344931565876e+00,0.000000000000000000e+00,2.133951652455294834e-01,6.424920453523492725e-01,3.952311200200302466e-01,0.000000000000000000e+00,1.200832344931565876e+00,9.982198037253432465e-01,0.000000000000000000e+00,1.200832344931565876e+00,2.325889133456530145e-01,4.507272122283881854e-01,0.000000000000000000e+00,0.000000000000000000e+00,0.000000000000000000e+00,1.200832344931565876e+00,1.200832344931565876e+00,7.940328436203953899e-01,1.159355394066810874e+00,2.995130613935316211e-01,0.000000000000000000e+00,1.200832344931565876e+00,6.187675399697960543e-01,0.000000000000000000e+00,1.200832344931565876e+00,0.000000000000000000e+00,0.000000000000000000e+00,1.200832344931565876e+00,1.200832344931565876e+00,1.200832344931565876e+00,1.200832344931565876e+00,0.000000000000000000e+00,0.000000000000000000e+00,1.067260599931650678e+00,1.200832344931565876e+00,0.000000000000000000e+00,0.000000000000000000e+00,1.200832344931565876e+00,0.000000000000000000e+00,0.000000000000000000e+00,0.000000000000000000e+00,1.124912547335710222e-01,4.405502244387777822e-01,1.200832344931565876e+00,6.554614087560425295e-01,1.200832344931565876e+00,8.270750787395262371e-01,1.932753730885083954e-02,0.000000000000000000e+00,0.000000000000000000e+00,0.000000000000000000e+00
1.200832344931565876e+00,0.000000000000000000e+00,0.000000000000000000e+00,6.125353414108064554e-01,5.852692758319902877e-01,1.200832344931565876e+00,1.784788395948053719e-01,0.000000000000000000e+00,8.940861271228842666e-01,0.000000000000000000e+00,1.038716996087725608e+00,6.525112533737157383e-01,0.000000000000000000e+00,0.000000000000000000e+00,0.000000000000000000e+00,1.200832344931565876e+00,0.000000000000000000e+00,0.000000000000000000e+00,1.200832344931565876e+00,0.000000000000000000e+00,1.200832344931565876e+00,1.200832344931565876e+00,2.188054483010106743e-01,4.640741830910717347e-01,1.200832344931565876e+00,7.661456584474448661e-01,0.000000000000000000e+00,1.200832344931565876e+00,1.200832344931565876e+00,1.200832344931565876e+00,0.000000000000000000e+00,1.101025847722361117e+00,2.490260115358089443e-01,3.667082933796455002e-01,4.949156220998243150e-01,1.200832344931565876e+00,1.200832344931565876e+00,1.029685273799823886e+00,8.124869505493136357e-01,1.200832344931565876e+00,1.200832344931565876e+00,0.000000000000000000e+00,2.133951652455294834e-01,6.424920453523492725e-01,3.952311200200302466e-01,0.000000000000000000e+00,1.200832344931565876e+00,9.982198037253432465e-01,0.000000000000000000e+00,1.200832344931565876e+00,2.325889133456530145e-01,4.507272122283881854e-01,0.000000000000000000e+00,0.000000000000000000e+00,0.000000000000000000e+00,1.200832344931565876e+00,1.200832344931565876e+00,7.940328436203953899e-01,1.159355394066810874e+00,2.995130613935316211e-01,0.000000000000000000e+00,1.200832344931565876e+00,6.187675399697960543e-01,0.000000000000000000e+00,1.200832344931565876e+00,0.000000000000000000e+00,0.000000000000000000e+00,1.200832344931565876e+00,1.200832344931565876e+00,1.200832344931565876e+00,1.200832344931565876e+00,0.000000000000000000e+00,0.000000000000000000e+00,1.067260599931650678e+00,1.200832344931565876e+00,0.000000000000000000e+00,0.000000000000000000e+00,1.200832344931565876e+00,0.000000000000000000e+00,0.000000000000000000e+00,0.000000000000000000e+00,1.124912547335710222e-01,4.405502244387777822e-01,1.200832344931565876e+00,6.554614087560425295e-01,1.200832344931565876e+00,8.270750787395262371e-01,1.932753730885083954e-02,0.000000000000000000e+00,0.000000000000000000e+00,0.000000000000000000e+00
1.200832344931565876e+00,0.000000000000000000e+00,0.000000000000000000e+00,6.125353414108064554e-01,5.852692758319902877e-01,1.200832344931565876e+00,1.784788395948053719e-01,0.000000000000000000e+00,8.940861271228842666e-01,0.000000000000000000e+00,1.038716996087725608e+00,6.525112533737157383e-01,0.000000000000000000e+00,0.000000000000000000e+00,0.000000000000000000e+00,1.200832344931565876e+00,0.000000000000000000e+00,0.000000000000000000e+00,1.200832344931565876e+00,0.000000000000000000e+00,1.200832344931565876e+00,1.200832344931565876e+00,2.188054483010106743e-01,4.640741830910717347e-01,1.200832344931565876e+00,7.661456584474448661e-01,0.000000000000000000e+00,1.200832344931565876e+00,1.200832344931565876e+00,1.200832344931565876e+00,0.000000000000000000e+00,1.101025847722361117e+00,2.490260115358089443e-01,3.667082933796455002e-01,4.949156220998243150e-01,1.200832344931565876e+00,1.200832344931565876e+00,1.029685273799823886e+00,8.124869505493136357e-01,1.200832344931565876e+00,1.200832344931565876e+00,0.000000000000000000e+00,2.133951652455294834e-01,6.424920453523492725e-01,3.952311200200302466e-01,0.000000000000000000e+00,1.200832344931565876e+00,9.982198037253432465e-01,0.000000000000000000e+00,1.200832344931565876e+00,2.325889133456530145e-01,4.507272122283881854e-01,0.000000000000000000e+00,0.000000000000000000e+00,0.000000000000000000e+00,1.200832344931565876e+00,1.200832344931565876e+00,7.940328436203953899e-01,1.159355394066810874e+00,2.995130613935316211e-01,0.000000000000000000e+00,1.200832344931565876e+00,6.187675399697960543e-01,0.000000000000000000e+00,1.200832344931565876e+00,0.000000000000000000e+00,0.000000000000000000e+00,1.200832344931565876e+00,1.200832344931565876e+00,1.200832344931565876e+00,1.200832344931565876e+00,0.000000000000000000e+00,0.000000000000000000e+00,1.067260599931650678e+00,1.200832344931565876e+00,0.000000000000000000e+00,0.000000000000000000e+00,1.200832344931565876e+00,0.000000000000000000e+00,0.000000000000000000e+00,0.000000000000000000e+00,1.124912547335710222e-01,4.405502244387777822e-01,1.200832344931565876e+00,6.554614087560425295e-01,1.200832344931565876e+00,8.270750787395262371e-01,1.932753730885083954e-02,0.000000000000000000e+00,0.000000000000000000e+00,0.000000000000000000e+00
1.200832344931565876e+00,0.000000000000000000e+00,0.000000000000000000e+00,6.125353414108064554e-01,5.852692758319902877e-01,1.200832344931565876e+00,1.784788395948053719e-01,0.000000000000000000e+00,8.940861271228842666e-01,0.000000000000000000e+00,1.038716996087725608e+00,6.525112533737157383e-01,0.000000000000000000e+00,0.000000000000000000e+00,0.000000000000000000e+00,1.200832344931565876e+00,0.000000000000000000e+00,0.000000000000000000e+00,1.200832344931565876e+00,0.000000000000000000e+00,1.200832344931565876e+00,1.200832344931565876e+00,2.188054483010106743e-01,4.640741830910717347e-01,1.200832344931565876e+00,7.661456584474448661e-01,0.000000000000000000e+00,1.200832344931565876e+00,1.200832344931565876e+00,1.200832344931565876e+00,0.000000000000000000e+00,1.101025847722361117e+00,2.490260115358089443e-01,3.667082933796455002e-01,4.949156220998243150e-01,1.200832344931565876e+00,1.200832344931565876e+00,1.029685273799823886e+00,8.124869505493136357e-01,1.200832344931565876e+00,1.200832344931565876e+00,0.000000000000000000e+00,2.133951652455294834e-01,6.424920453523492725e-01,3.952311200200302466e-01,0.000000000000000000e+00,1.200832344931565876e+00,9.982198037253432465e-01,0.000000000000000000e+00,1.200832344931565876e+00,2.325889133456530145e-01,4.507272122283881854e-01,0.000000000000000000e+00,0.000000000000000000e+00,0.000000000000000000e+00,1.200832344931565876e+00,1.200832344931565876e+00,7.940328436203953899e-01,1.159355394066810874e+00,2.995130613935316211e-01,0.000000000000000000e+00,1.200832344931565876e+00,6.187675399697960543e-01,0.000000000000000000e+00,1.200832344931565876e+00,0.000000000000000000e+00,0.000000000000000000e+00,1.200832344931565876e+00,1.200832344931565876e+00,1.200832344931565876e+00,1.200832344931565876e+00,0.000000000000000000e+00,0.000000000000000000e+00,1.067260599931650678e+00,1.200832344931565876e+00,0.000000000000000000e+00,0.000000000000000000e+00,1.200832344931565876e+00,0.000000000000000000e+00,0.000000000000000000e+00,0.000000000000000000e+00,1.124912547335710222e-01,4.405502244387777822e-01,1.200832344931565876e+00,6.554614087560425295e-01,1.200832344931565876e+00,8.270750787395262371e-01,1.932753730885083954e-02,0.000000000000000000e+00,0.000000000000000000e+00,0.000000000000000000e+00
1.200832344931565876e+00,6.622865048546122679e-01,0.000000000000000000e+00,0.000000000000000000e+00,8.264747534411231999e-02,1.200832344931565876e+00,0.000000000000000000e+00,1.181613110916351683e+00,1.200832344931565876e+00,0.000000000000000000e+00,1.200832344931565876e+00,1.200832344931565876e+00,0.000000000000000000e+00,0.000000000000000000e+00,1.200832344931565876e+00,4.841854455859437856e-01,0.000000000000000000e+00,0.000000000000000000e+00,1.200832344931565876e+00,1.239425447950517345e-01,9.708040572899718779e-01,1.200832344931565876e+00,4.400463912177254855e-01,1.015651630054601906e+00,2.209529625558359633e-01,1.200832344931565876e+00,0.000000000000000000e+00,1.200832344931565876e+00,3.326659515830163727e-01,0.000000000000000000e+00,6.813855292620938364e-01,0.000000000000000000e+00,2.284862253530484111e-01,0.000000000000000000e+00,3.804456311406312352e-02,6.961167314313843058e-01,0.000000000000000000e+00,1.200832344931565876e+00,7.200133626823789212e-01,1.200832344931565876e+00,1.200832344931565876e+00,5.554203468888436745e-01,8.332267164604889587e-02,1.200832344931565876e+00,0.000000000000000000e+00,0.000000000000000000e+00,0.000000000000000000e+00,0.000000000000000000e+00,9.169096509861862643e-01,1.200832344931565876e+00,1.200832344931565876e+00,0.000000000000000000e+00,1.200832344931565876e+00,0.000000000000000000e+00,2.597958894995699985e-01,1.200832344931565876e+00,0.000000000000000000e+00,3.076706988461195280e-01,1.200832344931565876e+00,0.000000000000000000e+00,1.200832344931565876e+00,1.200832344931565876e+00,2.655529051529827989e-01,3.394724211206803233e-01,1.200832344931565876e+00,6.420653602673613847e-01,0.000000000000000000e+00,0.000000000000000000e+00,1.200832344931565876e+00,1.200832344931565876e+00,1.200832344931565876e+00,0.000000000000000000e+00,1.061066569224247136e+00,1.200832344931565876e+00,1.200832344931565876e+00,0.000000000000000000e+00,0.000000000000000000e+00,1.200832344931565876e+00,0.000000000000000000e+00,0.000000000000000000e+00,1.200832344931565876e+00,0.000000000000000000e+00,1.200832344931565876e+00,0.000000000000000000e+00,1.200832344931565876e+00,0.000000000000000000e+00,4.978700110995104566e-03,1.107174107975996247e+00,0.000000000000000000e+00,9.458798186624206572e-01,8.841294464852822443e-02
1.200832344931565876e+00,6.622865048546122679e-01,0.000000000000000000e+00,0.000000000000000000e+00,8.264747534411231999e-02,1.200832344931565876e+00,0.000000000000000000e+00,1.181613110916351683e+00,1.200832344931565876e+00,0.000000000000000000e+00,1.200832344931565876e+00,1.200832344931565876e+00,0.000000000000000000e+00,0.000000000000000000e+00,1.200832344931565876e+00,4.841854455859437856e-01,0.000000000000000000e+00,0.000000000000000000e+00,1.200832344931565876e+00,1.239425447950517345e-01,9.708040572899718779e-01,1.200832344931565876e+00,4.400463912177254855e-01,1.015651630054601906e+00,2.209529625558359633e-01,1.200832344931565876e+00,0.000000000000000000e+00,1.200832344931565876e+00,3.326659515830163727e-01,0.000000000000000000e+00,6.813855292620938364e-01,0.000000000000000000e+00,2.284862253530484111e-01,0.000000000000000000e+00,3.804456311406312352e-02,6.961167314313843058e-01,0.000000000000000000e+00,1.200832344931565876e+00,7.200133626823789212e-01,1.200832344931565876e+00,1.200832344931565876e+00,5.554203468888436745e-01,8.332267164604889587e-02,1.200832344931565876e+00,0.000000000000000000e+00,0.000000000000000000e+00,0.000000000000000000e+00,0.000000000000000000e+00,9.169096509861862643e-01,1.200832344931565876e+00,1.200832344931565876e+00,0.000000000000000000e+00,1.200832344931565876e+00,0.000000000000000000e+00,2.597958894995699985e-01,1.200832344931565876e+00,0.000000000000000000e+00,3.076706988461195280e-01,1.200832344931565876e+00,0.000000000000000000e+00,1.200832344931565876e+00,1.200832344931565876e+00,2.655529051529827989e-01,3.394724211206803233e-01,1.200832344931565876e+00,6.420653602673613847e-01,0.000000000000000000e+00,0.000000000000000000e+00,1.200832344931565876e+00,1.200832344931565876e+00,1.200832344931565876e+00,0.000000000000000000e+00,1.061066569224247136e+00,1.200832344931565876e+00,1.200832344931565876e+00,0.000000000000000000e+00,0.000000000000000000e+00,1.200832344931565876e+00,0.000000000000000000e+00,0.000000000000000000e+00,1.200832344931565876e+00,0.000000000000000000e+00,1.200832344931565876e+00,0.000000000000000000e+00,1.200832344931565876e+00,0.000000000000000000e+00,4.978700110995104566e-03,1.107174107975996247e+00,0.000000000000000000e+00,9.458798186624206572e-01,8.841294464852822443e-02
1.200832344931565876e+00,6.622865048546122679e-01,0.000000000000000000e+00,0.000000000000000000e+00,8.264747534411231999e-02,1.200832344931565876e+00,0.000000000000000000e+00,1.181613110916351683e+00,1.200832344931565876e+00,0.000000000000000000e+00,1.200832344931565876e+00,1.200832344931565876e+00,0.000000000000000000e+00,0.000000000000000000e+00,1.200832344931565876e+00,4.841854455859437856e-01,0.000000000000000000e+00,0.000000000000000000e+00,1.200832344931565876e+00,1.239425447950517345e-01,9.708040572899718779e-01,1.200832344931565876e+00,4.400463912177254855e-01,1.015651630054601906e+00,2.209529625558359633e-01,1.200832344931565876e+00,0.000000000000000000e+00,1.200832344931565876e+00,3.326659515830163727e-01,0.000000000000000000e+00,6.813855292620938364e-01,0.000000000000000000e+00,2.284862253530484111e-01,0.000000000000000000e+00,3.804456311406312352e-02,6.961167314313843058e-01,0.000000000000000000e+00,1.200832344931565876e+00,7.200133626823789212e-01,1.200832344931565876e+00,1.200832344931565876e+00,5.554203468888436745e-01,8.332267164604889587e-02,1.200832344931565876e+00,0.000000000000000000e+00,0.000000000000000000e+00,0.000000000000000000e+00,0.000000000000000000e+00,9.169096509861862643e-01,1.200832344931565876e+00,1.200832344931565876e+00,0.000000000000000000e+00,1.200832344931565876e+00,0.000000000000000000e+00,2.597958894995699985e-01,1.200832344931565876e+00,0.000000000000000000e+00,3.076706988461195280e-01,1.200832344931565876e+00,0.000000000000000000e+00,1.200832344931565876e+00,1.200832344931565876e+00,2.655529051529827989e-01,3.394724211206803233e-01,1.200832344931565876e+00,6.420653602673613847e-01,0.000000000000000000e+00,0.000000000000000000e+00,1.200832344931565876e+00,1.200832344931565876e+00,1.200832344931565876e+00,0.000000000000000000e+00,1.061066569224247136e+00,1.200832344931565876e+00,1.200832344931565876e+00,0.000000000000000000e+00,0.000000000000000000e+00,1.200832344931565876e+00,0.000000000000000000e+00,0.000000000000000000e+00,1.200832344931565876e+00,0.000000000000000000e+00,1.200832344931565876e+00,0.000000000000000000e+00,1.200832344931565876e+00,0.000000000000000000e+00,4.978700110995104566e-03,1.107174107975996247e+00,0.000000000000000000e+00,9.458798186624206572e-01,8.841294464852822443e-02
1.063397535228282620e-01,8.199025376992917780e-01,1.258036717663544524e+00,1.298701575006249997e-01,9.214526382490376699e-01,1.137597053459194596e+00,2.495100989384552992e-01,8.228278203420951176e-01,4.855084769995422489e-01,1.073571313991907861e-01,9.952727409788850732e-01,1.033494290453411013e+00,1.105235694059210072e+00,8.778653386530917979e-01,3.841921892665509652e-01,3.529477500784611310e-01,3.801283321013307348e-01,1.148911851546092211e-01,3.897114310504420365e-01,5.494763852027176876e-01,1.074620744321879817e+00,5.616824925115521117e-01,2.686085353064606718e-01,9.035469033842987718e-01,7.593584664128258388e-02,1.082837046642313172e+00,6.935077660024547841e-01,6.947818166990544775e-01,1.358937132872929943e-01,3.006734410038109928e-01,1.061322020993131332e+00,6.053582213665396061e-01,9.026121641496631653e-02,1.039833675002254765e+00,3.944566574048412599e-01,9.711750191717462011e-01,1.903060878824652802e-02,1.213342306399351367e+00,3.174337711284350161e-02,1.138414335893992657e+00,1.232102832347954369e+00,2.361951185853512492e-01,6.281824678566472198e-01,6.782205053273777651e-01,1.109965638486220874e+00,1.081674530063437389e+00,2.629866882687982854e-01,8.841363583500142509e-01,3.392514490343612188e-01,5.021336324758526315e-01,2.162034198428433862e-01,7.010860243219748655e-01,7.525312977509119872e-01,1.025788763160037309e+00,1.071452597939993368e+00,1.008920970297433467e-01,3.547492153433921547e-01,6.428046184804844243e-01,5.172925048753370669e-01,2.194138322204123304e-01,2.683895933881259022e-01,5.137235739932130008e-01,2.397935584869893277e-01,9.482702907003887766e-03,7.941891936305581767e-01,1.426527468554501521e-01,1.368403597367394697e-01,8.300091923450553244e-01,7.134359206727826364e-02,3.857351319227561581e-02,3.331759071967378971e-01,4.815035610562863888e-01,7.053653067154610490e-01,2.319390545845733398e-01,8.845035885209668880e-01,6.371265058698254435e-01,1.166251321963170495e+00,8.746614856504062452e-01,7.481305757915820420e-01,7.095430625410129588e-01,7.215983951274810293e-01,8.428446593022771438e-01,1.115280599136917683e+00,2.824082989745984457e-02,3.642142711547535217e-01,9.312110089648455435e-01,7.190293425394622684e-01,4.457004517981394409e-01,6.902723819230480728e-01,1.087576096296559491e+00,1.141652116563071750e+00
8.376017253528386663e-02,4.756564330016592734e-01,1.133476028809561775e+00,9.730416689598756497e-01,6.061005244176946860e-01,6.187174004368108937e-01,1.497409457147196865e-01,5.704649333694484792e-01,8.829538982846458772e-01,1.155922359294103474e+00,1.214283147171668853e+00,8.126227155623726439e-01,1.167427507680835586e+00,5.545394533553833077e-02,8.250209100787548877e-01,1.197461078871970619e+00,9.261207286225067170e-01,7.175221545546389690e-01,9.929900095854670150e-01,3.707676406498147670e-01,6.306438558221321156e-01,7.526505905864524504e-01,7.341298145744911130e-01,1.522539644125805048e-03,1.271008862225480929e+00,1.194476967336095985e+00,5.868059008133380550e-01,1.045033554019526578e+00,9.878100867752386272e-01,1.256033543178742384e+00,2.013625468489390891e-01,5.034435805539236863e-01,4.827328216942938094e-02,8.702649741322699972e-01,5.918997461769129886e-01,6.991888709155895665e-01,3.151391986150346991e-01,8.854010550520482470e-01,8.954627899543624592e-01,9.978995559673147220e-01,1.034498303065049862e+00,1.711630079469463050e-01,7.209990943202971847e-01,1.240884068060920775e+00,8.796138545329020841e-01,2.071913385232141414e-01,1.009680319444532959e+00,9.845765012175023978e-01,1.062344351635841733e+00,5.899591715661222091e-01,1.033814600013875040e+00,6.853027763819171669e-01,7.377667066380900751e-01,7.890813684584840892e-01,7.501876217076481890e-01,7.084316873344507215e-01,9.565256693957934209e-01,7.994276958168318459e-02,1.305505064244722180e-01,3.004596653181565991e-01,7.793742509817680464e-01,1.019829244544584901e+00,1.183474276464967057e+00,1.090093116035314891e+00,1.007630830263728461e+00,3.897587156749753867e-01,4.258630124249120352e-01,1.041051765954955188e+00,3.603097244954768796e-01,9.414937031294979830e-01,6.916933915764237328e-01,1.094727537338994194e+00,9.718682326688277140e-02,1.203603605996719006e+00,3.534605685032770617e-01,1.267599721086586140e+00,1.596371008075297623e-02,3.572910184392870392e-02,1.185640591671016209e+00,1.179497285198124690e+00,6.289787268467452730e-01,5.412729500182037468e-01,2.427331716241730719e-01,1.630365862220818640e-01,2.038555378042507249e-01,1.095685939627132566e+00,3.834919741206365695e-01,6.465078135342309240e-01,1.235552686549112211e+00,1.040206726784847380e+00,7.718274497029872228e-01
2.453055447485450458e-01,7.501947294575845859e-01,2.818659556842692537e-01,7.319237089140560037e-01,1.088984206315628755e+00,1.142397620846613338e+00,3.373173662765744374e-01,3.296967495236914625e-02,9.042337910184460037e-02,7.217418791070671080e-01,3.566810916323751579e-01,1.281733451970081150e+00,1.005034073353248791e+00,6.460635436956946309e-01,6.577105553960762574e-01,6.236739223072398225e-02,1.005637958055708436e+00,1.056245503648213679e+00,1.028699806238621672e+00,8.972001343633491111e-01,5.139199682504114186e-01,1.316876176666657849e-01,6.752145545866923282e-01,1.162796705328050378e-01,5.118285422187801581e-01,5.009836253233306003e-02,3.316326092917311064e-01,1.206652789158348948e+00,1.229231878057602589e+00,6.911947740066516355e-01,7.938390692373260560e-01,2.907099588424218520e-02,2.834959788223568866e-01,9.667921653719586672e-01,1.202670236912595003e+00,1.064612220927084740e-01,1.014644136502804272e+00,9.062009124737475663e-01,7.253039225425833569e-01,8.903287249110751755e-01,1.269868336582983481e+00,6.165371897801754653e-01,1.251723900201995088e+00,1.047642294459395912e-01,2.092158255691630164e-01,1.047525890965407269e+00,2.139592306574174541e-01,3.284872456537202834e-01,8.479645276202310011e-01,8.636905228750012542e-01,1.189630442885498907e+00,4.032366758858690892e-01,6.314786256160441758e-01,2.720260785871157494e-01,1.750093317101910073e-01,8.048064913936988640e-01,2.047143181343299978e-01,5.697077599670165027e-01,7.204907778934951934e-02,1.062415289512570693e+00,9.995611709453230409e-01,7.289228379676421232e-02,9.455875683647785301e-01,1.242519794071307970e+00,3.534713499887048305e-01,4.059387321163901996e-01,4.191173548790519399e-01,6.513681906427626345e-01,8.111403004474264655e-01,9.123305727582563529e-01,1.158682035732826909e+00,7.077759448856107971e-01,7.253931135547758702e-01,8.748614382385085930e-01,9.088768690599393629e-01,9.449600073689927715e-01,1.580420683009656768e-01,6.246796971612991189e-01,1.131790517866187340e+00,6.117962387682895908e-02,1.109694523109500786e+00,5.935468227981438583e-01,1.002282803619030771e+00,1.201391333060090494e+00,1.242251284230017738e+00,7.097865120752139267e-01,8.228203340943883448e-02,3.061822787219221076e-01,7.002661360585905603e-01,4.304422287692132865e-01,1.054914867432010794e+00
6.356335665042036620e-01,1.146042529802280274e+00,2.509495736720681602e-01,1.156645803429348085e+00,4.076138715925983758e-01,1.290152752285828264e+00,1.218774942897092872e+00,8.810600522243541288e-01,6.851071536154846875e-01,4.017312925043166061e-01,3.318366235716037060e-01,1.066517181030077976e+00,5.557822543782195979e-01,1.357812974959060892e-01,1.214826717178177695e+00,6.422968806926113716e-01,1.114110668750855210e-01,9.372684815520868629e-01,1.792851322985409279e-01,8.042358178903256105e-01,7.875504218091420316e-01,3.057134791189957887e-02,1.234837133399025122e+00,2.231105532802896974e-01,1.262511598487587205e+00,3.190034718259977531e-01,6.113458283221887696e-02,2.523533773265644875e-01,8.242134105811148581e-01,1.064833361274318602e+00,2.604786285613724592e-02,8.748277861970871205e-01,1.186190246605203003e+00,6.074687644319743951e-01,8.418375290439922276e-01,9.948152147050279837e-01,6.502439195303726382e-01,1.013547976398263106e+00,9.925064646045025363e-01,1.110680399338336510e+00,8.213100837716809099e-01,4.184354181958211960e-01,7.048511201843706830e-01,1.001985770065472403e+00,1.052387886514696946e+00,4.916939645118433844e-01,3.750783411627821029e-01,1.248914401890528492e+00,1.340697519804939786e-01,9.392847309217743357e-01,4.221805331520816496e-01,4.206102369881330461e-01,6.898113161140007055e-01,2.163442756474985851e-01,1.149902816177724718e+00,5.774224795539475430e-01,2.004487540057263706e-01,1.083540760901197941e-01,7.512439631013120289e-01,5.013210064290027912e-01,1.218131074167667638e+00,4.852665020855931877e-01,1.152897111177628053e+00,1.051618436678087853e+00,7.941513437851880353e-01,3.626378368339818747e-01,1.216075250022133680e+00,8.355271224310403255e-01,1.426284502722839631e-01,2.864874728525520498e-01,9.845618460929418392e-01,3.671794736594166109e-01,7.868251933253811448e-01,6.467131728033416183e-01,5.466771871755134876e-02,8.227700498595340584e-01,7.799955104494105118e-02,8.793093014894087789e-01,4.430900207456814899e-01,9.115121527289985481e-01,9.346307994198367330e-01,3.121016894234289185e-01,1.194427378286245123e+00,2.867890817572614215e-01,8.349892840264673266e-01,4.909455057930403599e-01,1.129799803809995451e+00,1.265490542739754476e+00,1.088062609457735475e+00,1.186650583401933634e+00,1.090554658062506288e+00
2.028405739289340370e-01,8.306652534057268333e-01,1.171505958741405395e+00,7.657662285146368264e-01,7.265673827011273067e-01,6.372746194039196066e-01,1.004063896728523142e+00,9.086259138279810799e-01,9.148724747966062720e-01,9.434041767026865588e-02,1.249478017462775981e+00,2.678645513305727421e-01,1.310615648909876918e-01,2.094381418009735318e-01,4.208081958289385249e-01,6.854170429906984996e-01,7.341198041906830118e-01,6.946643818578561724e-01,2.889146662598658377e-01,8.569189475400309508e-01,6.946321184527468606e-01,7.144321405691271831e-01,2.326343583676160343e-01,1.094727046886230459e+00,6.614118409328602066e-01,2.705642468620093610e-01,1.108825146617883339e+00,1.403789315097211665e-01,7.484893597813635502e-01,8.798632600312854546e-01,1.225412636796485932e+00,3.936247321869182358e-01,5.815433953052827620e-01,1.247053508234009962e-02,9.109099057643889052e-01,4.851142450944804785e-01,8.465249271842124612e-01,1.519940335412106325e-01,7.828872998781176706e-01,7.461248328650016415e-01,1.172718623768793655e+00,1.531202201937890972e-01,2.918792509665948387e-01,4.213310279621303445e-01,7.098119804962195190e-01,1.186191467330727001e+00,1.115619333514070277e+00,1.283939237823576773e+00,2.704373859958833504e-01,5.634135242793480991e-01,1.672384940418655541e-01,1.071810965457207443e+00,1.829249383691390896e-01,3.086437170858699064e-01,5.983980727820806811e-01,1.130961336237069181e+00,4.838454674481049711e-01,2.347279260513018828e-01,2.727226353225025157e-01,7.330611647205726999e-01,3.663435556359825318e-01,1.410054549431900839e-01,2.305818020868004026e-01,7.613609122955735664e-01,9.109731039418078602e-02,5.695801932256571581e-02,4.628788676040031524e-01,1.491816361616886966e-01,4.251621651323459483e-01,8.469439438212990057e-01,5.205395843997977501e-01,1.081149697787443659e-01,9.244919859252320737e-01,7.354816276249699358e-01,2.056304391453276648e-01,2.340680983719423958e-01,7.983647952580882334e-01,8.482286010493852446e-01,4.206488683949199392e-01,9.622625706172492910e-01,6.068884982056981237e-01,1.038143891671251318e+00,3.759278937109941654e-01,9.122507557291440472e-01,6.716523329877520654e-01,3.950378477110529918e-01,8.415234029649055758e-01,9.560946506017286017e-01,2.233628772367449999e-01,4.767002701069307236e-01,1.113567748583871975e+00
9.496324848468339352e-01,3.072587886243708932e-01,5.858309284967564423e-01,6.012880990166923345e-01,1.228215948075185082e+00,4.951726941099118817e-01,3.255304691284716112e-01,9.439781152333571734e-01,9.852624291938294476e-01,1.278181613089405699e+00,8.549693899180036416e-01,4.564654986214798371e-01,3.638308522761014158e-02,2.323961826835334032e-01,1.269144950248290549e+00,1.275240395428681062e+00,9.383366791652267280e-02,9.844864166618300105e-01,1.311181444589659684e-01,7.338765930834317830e-01,4.895192484026217317e-01,1.003659208138188763e+00,2.750454277405475767e-01,4.167394150825255994e-01,1.122092515206730701e+00,1.046481532366733358e+00,5.836392894380767471e-01,4.677575932427104344e-01,5.243227886067651777e-01,1.141895391942323146e+00,1.093472990209488405e+00,8.723117081962195041e-01,2.642613528635275322e-01,1.007985869582949334e+00,3.272420571700893066e-01,6.838076473659266963e-01,9.142889665706182001e-01,9.914639584831055341e-01,6.181022047965749333e-02,9.897655231240177764e-01,1.026886851996068994e+00,4.198129299825564265e-01,7.905297382171617704e-01,5.325435046956455976e-01,2.384108769817283036e-01,1.072157253147764999e+00,2.543135175153031224e-01,5.312860846167828388e-01,2.647856884628586038e-01,7.697060161694195823e-01,1.230182890177817567e+00,2.301067059630032829e-01,1.290042311651606655e+00,1.112369809393489284e+00,6.720459770402790189e-01,1.026783858329603838e+00,3.142255276855349111e-01,5.672058071834398252e-01,1.572538190337604003e-01,4.788337285547160094e-01,8.160604368006750542e-02,6.403329848655967549e-01,6.752173650288249007e-01,5.838372877740325428e-01,7.239028235729746963e-02,6.860330774145385613e-01,1.263073900678955308e+00,1.030078520002132292e+00,9.248269310437672308e-01,2.431640813284151326e-01,1.572102484747212037e-01,3.168042333432242730e-01,5.244060165721610156e-01,1.262271194544698938e+00,9.631496272335290376e-01,1.067752901262011722e+00,4.447851938486540035e-01,3.671319384875957326e-01,5.480904138177424001e-02,7.880018071602119534e-01,2.623755050575022341e-01,1.109328405364618186e+00,6.748958230913322254e-01,9.719026622255750869e-01,9.595732884781109640e-01,5.033506802275337089e-01,9.453636257114137464e-01,1.190346118788457863e+00,4.678718316945596478e-01,8.175224077158294023e-01,1.092651520479318128e+00
6.433554937603425117e-01,7.744664598301062020e-01,1.254065130836104824e+00,9.274091474243565392e-01,6.592940570673950784e-01,7.497993939748608394e-01,2.648036403419684603e-01,1.246892963400022980e+00,6.642574287462238436e-01,1.268628510474659521e+00,1.044261346541641489e+00,1.010123911689828485e-01,1.146281405804393527e+00,4.026214560415597998e-01,4.609865660160220591e-01,8.646930072884376761e-01,5.461477080917420679e-01,1.898396252038892229e-01,4.094353510291166565e-01,1.053735734898726406e+00,9.663642500545323033e-01,7.945613909873714409e-01,6.558853513383058331e-01,2.322234858530854984e-01,6.914732558204436108e-01,1.173154032873628516e+00,5.518439409530153661e-01,1.002652515926996557e+00,2.689364587825019415e-01,8.991955798120141452e-01,1.086587500540209916e+00,4.813125480055046035e-01,9.731730618568145141e-01,8.265870760424578467e-01,8.002736617196443136e-02,1.094223778594284102e+00,1.377099068397104054e-01,7.493170517240095307e-01,6.001866213454947196e-01,9.015541928443588926e-01,1.256888690826047705e+00,3.835191821563429526e-01,5.760695875121402826e-02,4.410550547313273340e-01,9.661710503287508356e-01,6.528059100273477799e-01,3.855856980345943597e-01,3.538970590205868239e-01,2.852332195476540294e-02,2.103711547652139524e-01,1.210087206425315864e+00,8.598520546714132351e-01,8.053755657481692642e-01,1.259619047787545298e+00,9.279026223869095424e-02,2.339049119279466848e-01,9.068783719899343732e-01,3.605814677584490147e-02,9.862517775821437738e-01,5.961739247318995627e-01,2.488150393107063929e-01,1.251590481988505532e+00,1.147614355664752006e+00,1.195706866019567327e+00,6.827478618363401752e-01,8.098257545722108430e-01,4.284936951826472384e-01,1.179702976074100240e+00,1.428595839057393178e-03,6.137051125065087209e-01,8.069853134081043100e-01,4.507724298759890891e-01,9.738078703216190846e-01,6.885266731713882149e-02,1.137639143637583006e+00,4.802031290236599692e-01,1.217675870170026542e+00,6.503217839424496605e-01,3.964038476258144490e-03,5.315112665481348531e-01,1.148803619213391025e+00,6.497635415537632575e-01,7.178913960732385968e-01,1.264384043587206463e+00,8.060195558312037711e-01,4.369420151222476456e-02,7.364231408040191607e-01,9.175306747134538421e-01,1.184250108497455711e+00,6.561171589975119955e-01,1.150740116219035158e+00
1.166377085749413373e-01,2.154238073331883607e-01,6.751412887549171904e-01,3.494364210785095848e-01,5.982559498167611817e-02,8.013278207868661518e-01,2.914554858955417313e-02,6.424187844229685140e-01,1.228210733984133052e+00,1.243567682557435550e+00,9.439264639771743903e-01,4.754375177178692957e-01,1.144429716393145169e+00,6.949191582944554968e-01,5.454518232125356025e-01,1.279984476357607370e-01,1.145529509819105174e+00,5.183230039342695550e-01,1.337266163279874631e-01,1.182499803703545238e+00,7.062033414781520024e-01,1.797495610085781681e-01,7.436783179039221370e-01,4.364525290611307451e-01,2.550780537865836584e-01,3.620529835180080203e-01,7.369326311933913631e-01,5.908934020022406086e-01,9.609869960443605530e-01,2.081041031016954701e-01,4.013324852963903733e-01,1.273852802506726611e+00,3.282233086280498813e-01,5.245010615478730154e-01,4.142121233347780263e-01,1.398372033547369553e-01,9.821797296829831714e-01,5.990570057018612671e-01,2.077044780243010938e-02,1.080590343679057735e-01,1.199815600702668128e+00,2.029143096095413767e-01,6.222012310963513926e-01,5.500403704679913686e-01,4.378250014235334775e-01,7.797564042664609785e-01,4.560384964109137629e-01,3.600776589497619098e-03,7.757500693502988875e-01,1.279590941001259141e+00,6.768140702850150570e-02,1.276489575261198772e-01,9.282099729056028092e-01,1.089350786640016944e+00,1.104160158854032403e+00,6.083590591717232821e-01,9.380204157304463664e-01,4.670898369373975290e-01,5.763230042039776402e-01,1.127484755963983343e+00,2.667715065978375488e-01,1.513325229087757271e-03,7.145122770742813323e-01,9.104485528317004528e-01,8.901401440980026836e-01,6.510642725225561367e-02,2.579607288992322722e-01,6.962431073611975718e-02,1.417526606524620592e-01,1.246545096449314771e+00,4.703881238089478445e-01,9.973359412400704116e-01,4.475759421354350565e-01,5.847845890737954910e-01,2.695959842836354592e-01,9.853118810875841627e-01,1.215604065926598532e+00,9.395470877637913665e-01,1.006892316527675080e+00,7.150404434271117049e-01,1.794984531761419921e-01,1.259749724371850732e+00,5.475820240394220217e-01,2.582040087824657992e-01,1.207141457588487565e+00,4.020680916970753582e-01,6.311478460919606182e-02,1.269921453326867011e+00,1.051081319470100084e+00,4.148138641072906529e-01,1.002088326750997460e+00
2.061168103693688247e-01,5.121777949471113534e-01,1.826207435766885046e-01,1.120802558113415115e+00,8.044870855869769022e-01,9.526490719284990139e-01,7.980711420162097669e-01,6.968606423411015383e-02,8.739846017321422078e-01,7.809539006377831383e-01,4.920841143729441924e-01,4.517325856235683279e-01,1.114306629979366914e+00,9.852391539791001129e-01,2.813815246465288245e-01,2.565361310934816674e-01,1.145919262692595142e+00,5.321675867054233011e-01,6.893698115408182225e-01,2.039215725360921383e-01,4.709654053889588687e-01,1.098138095327446218e+00,8.248007160955603823e-01,7.120529362461370804e-01,1.114995010415605003e+00,5.742237687725072481e-01,7.566168131065702240e-02,9.640634745929264060e-01,7.156147713933161958e-01,2.807129541053567379e-01,1.047899716730912312e+00,1.099067430098753961e+00,1.262529764372921193e+00,9.858013341448254030e-01,9.345902580332664245e-02,2.532319515521531117e-01,5.230473437314570040e-01,3.083015247085745258e-01,8.080045571837166651e-01,1.055083227097386001e+00,4.580541659958636269e-01,3.503153419175655259e-01,1.140952998801895379e+00,9.451420426527890051e-01,2.319988750205236872e-01,2.913307389107933632e-01,8.710993032759436483e-01,9.679749979527872972e-01,1.168324555810631882e+00,1.044546585771854302e-01,7.994667967185250523e-01,1.228983663229150924e-01,1.259212617632956777e+00,4.109630665531506244e-01,6.499949543775813687e-01,1.351344446327746029e-01,6.688969634298436162e-01,6.291272120174778992e-01,8.499802752501802935e-03,1.105938392413654991e+00,6.246094190904869503e-01,4.231826416016202796e-01,4.256204844223551165e-01,4.875778047788029701e-01,6.421004485827760400e-01,2.679804473683823351e-01,1.250325008850175834e+00,1.225484011159819087e+00,1.219196490109863751e+00,9.243336824228310933e-01,6.302596349513960305e-01,3.972416881731836158e-01,6.128574797395347495e-01,1.129927769177477392e+00,1.135217196207187529e+00,8.156002004655609205e-01,7.608256901403714911e-01,8.261311475820237726e-03,4.091025568245520438e-01,3.365308907946127359e-01,4.531519659562986968e-01,4.996196977427763697e-01,6.174443966511491411e-01,1.824543474406608301e-01,3.112651051974684724e-01,6.823580839810099441e-01,6.284524632805696953e-01,8.014174569597544151e-01,6.225315884213754591e-01,5.768420729840626482e-01,1.582285515293405942e-01
1.290894770801433111e+00,1.068365296856557789e+00,9.808619402669653820e-01,9.959402191786042025e-01,0.000000000000000000e+00,1.177051709391321532e+00,6.644162547366213589e-01,1.235595196824624376e+00,1.088681083904075864e-01,9.667973608536118979e-01,5.572548925278462129e-01,1.253551933683644259e+00,2.502317954569664993e-01,1.162278744757754056e+00,1.290894770801433111e+00,8.437558799320168390e-01,4.011997152102536601e-01,1.276314193803619990e+00,2.200494212419075099e-02,6.799181809694513356e-01,4.137700177056849449e-01,1.110673331728671887e+00,1.290894770801433111e+00,8.629798057950364143e-01,1.959009064911742398e-02,9.192937987466256455e-01,8.300809402377704593e-01,7.574244407738605078e-01,8.162067637690046951e-01,0.000000000000000000e+00,1.290894770801433111e+00,6.507320146833390773e-01,8.585887190026325611e-01,8.560322453556191979e-02,9.035377143306764225e-01,0.000000000000000000e+00,7.422384280787861499e-01,9.757120648244378414e-01,1.122992743248969472e+00,4.185580621808007717e-01,5.253872946322780679e-01,3.671351749142389709e-01,2.308505385639380292e-01,2.922446377252505556e-01,4.895860732548794614e-01,3.990125302348778158e-01,2.620207724719994524e-01,4.895026243742381378e-01,1.137807304836976785e+00,8.641372329713441491e-01,1.290894770801433111e+00,3.853403798019819915e-01,1.082405718488483437e+00,6.723370925056777747e-02,1.027843849057222592e+00,1.931752226062748434e-01,0.000000000000000000e+00,0.000000000000000000e+00,1.290894770801433111e+00,8.961462853999404565e-01,1.290894770801433111e+00,1.193542960829854893e+00,1.171006883610671151e-01,3.918418628333555920e-01,5.438755353619101340e-01,5.689621808859681718e-01,7.838100783582848674e-01,2.832097656671583863e-01,4.586172317662128295e-01,9.481193087393541274e-01,9.131130251012198329e-01,2.916121440893590377e-01,8.223559142327518945e-01,1.081533044155455203e-01,9.197609016503710544e-01,3.552082907907244125e-01,2.703042470087056448e-01,1.437043067580735800e-01,7.485531281539056225e-01,4.362030519922794336e-01,1.290894770801433111e+00,5.920448041273963513e-01,1.290894770801433111e+00,2.547822339571065298e-01,8.822200981194563418e-01,1.645696509726255197e-01,5.948247430933040203e-01,1.219652158190741797e+00,1.251261319467046051e-01,1.218541969902331434e+00,6.218309417762106772e-01
1.290894770801433111e+00,0.000000000000000000e+00,0.000000000000000000e+00,1.290894770801433111e+00,9.870832323870856184e-01,9.184413295258165855e-01,4.668141211894842324e-01,0.000000000000000000e+00,9.140179481021940555e-01,1.290894770801433111e+00,7.863269695285622918e-01,9.466610648463839039e-01,5.504543485225582566e-01,1.290894770801433111e+00,1.117377257923371836e+00,0.000000000000000000e+00,1.038487528196735621e+00,1.290894770801433111e+00,1.488884043570748994e-01,5.485291966438238243e-01,1.904165048910222424e-01,6.980688343783455485e-01,1.098329521452126922e+00,0.000000000000000000e+00,9.692291353383624131e-01,4.697542587600953556e-01,6.451470453226736401e-01,1.290894770801433111e+00,1.290894770801433111e+00,1.263145405229200602e+00,3.994548000957913736e-01,3.941630360552573764e-01,2.291954379865429881e-01,1.290894770801433111e+00,4.074945884953655728e-01,0.000000000000000000e+00,1.290894770801433111e+00,0.000000000000000000e+00,8.254049941784662170e-02,6.138067757000228442e-01,1.061461367900732977e+00,1.121017148079505921e+00,1.290894770801433111e+00,0.000000000000000000e+00,0.000000000000000000e+00,9.914469525625674295e-01,1.290894770801433111e+00,6.092960257673155633e-01,1.290894770801433111e+00,1.290894770801433111e+00,3.757286557587776743e-01,4.688999035591639442e-01,1.224425774961469315e+00,4.093225848819218582e-01,9.082777951892266888e-01,0.000000000000000000e+00,3.343636977852695313e-01,1.290894770801433111e+00,3.200014155880337996e-01,1.244867928813351954e+00,8.670745818834300067e-01,1.027256244607217095e+00,1.290894770801433111e+00,9.386753304970902878e-01,1.097253900254789194e+00,5.207846602913118739e-02,6.515960467005622592e-01,9.610788216917831583e-01,1.290894770801433111e+00,1.290894770801433111e+00,1.290894770801433111e+00,8.245463878033357785e-01,0.000000000000000000e+00,1.012067894201156282e+00,8.739335318387030371e-01,2.684238454951732300e-01,3.211346938973235199e-01,0.000000000000000000e+00,8.172963174759984017e-01,8.710128868591404672e-01,8.323853991121558105e-01,6.151138547987580196e-01,5.357223284858301238e-01,1.290894770801433111e+00,7.819631233380819335e-01,5.697572782315672990e-01,0.000000000000000000e+00,9.914537075347802375e-01,6.314850070955608796e-01,0.000000000000000000e+00,1.904898940524897832e-01
5.677248299769124262e-01,1.290894770801433111e+00,0.000000000000000000e+00,3.570370338429604828e-01,9.781178347375980575e-01,6.814695067296590025e-01,7.941068462582944187e-01,1.290894770801433111e+00,1.147975948959566894e+00,1.290894770801433111e+00,2.083686053703263652e-01,4.907276063246266418e-01,1.154375228752223759e+00,1.124658781987929901e+00,1.290894770801433111e+00,0.000000000000000000e+00,1.290894770801433111e+00,1.123260841599872828e+00,0.000000000000000000e+00,1.290894770801433111e+00,1.261643406740317053e-01,2.474876060215935036e-01,9.413109039360362251e-01,0.000000000000000000e+00,0.000000000000000000e+00,3.902069017683512109e-01,0.000000000000000000e+00,2.346752896017871848e-01,0.000000000000000000e+00,0.000000000000000000e+00,1.290894770801433111e+00,0.000000000000000000e+00,1.290894770801433111e+00,1.290894770801433111e+00,0.000000000000000000e+00,0.000000000000000000e+00,0.000000000000000000e+00,0.000000000000000000e+00,1.290894770801433111e+00,8.954997807947658872e-01,3.204380686017370139e-01,1.290894770801433111e+00,1.290894770801433111e+00,0.000000000000000000e+00,0.000000000000000000e+00,1.238011133349059767e+00,0.000000000000000000e+00,0.000000000000000000e+00,1.290894770801433111e+00,0.000000000000000000e+00,1.290894770801433111e+00,0.000000000000000000e+00,1.290894770801433111e+00,1.211366688580812978e+00,0.000000000000000000e+00,0.000000000000000000e+00,5.405787735216370515e-02,5.540279883910934622e-01,1.672060533745669264e-01,1.082867393423068592e+00,1.290894770801433111e+00,0.000000000000000000e+00,1.290894770801433111e+00,1.290894770801433111e+00,1.763056405914521230e-01,1.290894770801433111e+00,1.290894770801433111e+00,6.076191926316506509e-01,1.290894770801433111e+00,1.290894770801433111e+00,7.606416816288286142e-01,1.010547697384589050e+00,1.203827623816699388e+00,1.290894770801433111e+00,6.876623875464047408e-01,1.290894770801433111e+00,1.199408682267332438e+00,0.000000000000000000e+00,0.000000000000000000e+00,0.000000000000000000e+00,1.181235460375338775e+00,5.507009777501308267e-01,9.945115538370542518e-01,9.889124845571136690e-01,1.290894770801433111e+00,0.000000000000000000e+00,1.658993354149400634e-01,1.290894770801433111e+00,1.290894770801433111e+00,8.286301311068585695e-01,3.345068245370373394e-01
1.290894770801433111e+00,3.976361979461234819e-01,1.103753451794389884e+00,7.320209392829105655e-01,2.327470832591280459e-01,7.018021094004485150e-01,3.575504603115981506e-01,2.929377291679735040e-01,1.008199228954567150e-01,2.204616386966176955e-01,8.485048387116596036e-01,1.290894770801433111e+00,8.928749478185613042e-02,1.050635379047786921e+00,7.864640385250465382e-01,2.153653194807844118e-01,0.000000000000000000e+00,3.728435979030851888e-01,3.338078958862727985e-01,2.826993488330420412e-02,8.344696929002338726e-01,7.128253338591630239e-01,0.000000000000000000e+00,5.619313501362914742e-01,3.602601186666060107e-01,3.362416908196144607e-03,1.290894770801433111e+00,1.159326543384243458e+00,1.347360361790700123e-01,1.024611339239184682e+00,1.290894770801433111e+00,3.614226604254748287e-01,6.521798605718055475e-01,6.674762791258601613e-01,2.347452693923450517e-01,3.549021435643139877e-01,0.000000000000000000e+00,1.290894770801433111e+00,5.963680469371607229e-01,8.041110021623688597e-01,0.000000000000000000e+00,7.969069228578005981e-02,1.290894770801433111e+00,5.528370740922276989e-03,9.620527192325359911e-01,0.000000000000000000e+00,1.497595636000918495e-01,1.848393299478882368e-01,6.448316375841691706e-01,1.163074169660458068e+00,1.290894770801433111e+00,1.251914691551025749e+00,3.509996606989070345e-01,7.192465445094633480e-01,0.000000000000000000e+00,7.598498578281130955e-01,0.000000000000000000e+00,1.896813014913275031e-01,5.381819508609672620e-02,5.686499119272022673e-01,8.447635412327516580e-01,3.452374278169025867e-01,3.479218951186163200e-01,1.181224390238608812e+00,1.232639585108403546e+00,7.731452953524411420e-01,1.103736674373185123e+00,8.922698752741431427e-01,7.154383290592264411e-01,0.000000000000000000e+00,0.000000000000000000e+00,7.523002619266540014e-01,1.290894770801433111e+00,6.180850991793005456e-01,9.709009548292465430e-01,1.076812239569391538e+00,8.271205666875630635e-01,2.375777132729813002e-02,8.641719852986377015e-01,5.474756754885311549e-01,1.087851760380891708e+00,2.584156729239056038e-01,8.005875910556574659e-01,1.092744174382376920e+00,5.121326816450033625e-01,0.000000000000000000e+00,7.359108540640649787e-01,9.017806499416928245e-01,3.537486950525606244e-01,6.279857988010428826e-01,7.663771159442757108e-01
8.008555488012365497e-01,4.148502228487968568e-01,4.528674354115669320e-01,2.813652468267144879e-01,1.201861978442791967e+00,1.269528886029597514e-01,1.157889231046996148e+00,3.259234888619993997e-01,1.196382674735430918e+00,7.347121394983403553e-01,4.381463755318189546e-01,8.225036639328497934e-01,1.075974981139840025e+00,1.861533202570389289e-01,9.923573978565414233e-01,8.927748763612723959e-01,1.290894770801433111e+00,3.463955524058210944e-01,1.290894770801433111e+00,8.832727847678057964e-01,6.597421588879215371e-01,1.128402558736171235e+00,1.278683584844591881e+00,9.940327472189427471e-01,1.035857420654216376e+00,2.912372877041753960e-01,9.745275359584013586e-01,1.290894770801433111e+00,9.426939230211264231e-01,1.143163274883441050e+00,7.310239579972170887e-01,6.252888800037001982e-01,1.123932025456032546e+00,1.143518581022640035e+00,1.738487491711208366e-01,0.000000000000000000e+00,4.254084816293690618e-02,1.022130147048587068e+00,7.489950795426519869e-01,7.530604202410530190e-01,8.871209792178224030e-01,1.215513130358510274e+00,1.199875812902782668e+00,3.303799824105310146e-01,0.000000000000000000e+00,6.070078789142359099e-01,8.338471260385080797e-01,3.730806290515196744e-01,1.265503278741176407e+00,8.344631118254570712e-01,1.007180821721996411e+00,1.697514157454012573e-01,1.133997827302142269e+00,2.480849669931582402e-01,6.894656267063312693e-01,2.548321817560085245e-01,9.362236230911018253e-02,7.080445082776030130e-01,0.000000000000000000e+00,4.063431956501148412e-02,9.656808052010379395e-01,3.342562126083051255e-01,8.921259657012299282e-01,2.247785682209701708e-01,1.224432924066501283e+00,4.535596193470856075e-01,6.427972763019379476e-01,1.093068082120728146e+00,7.687867186530862318e-01,8.583719324314700305e-01,5.522370097020113944e-01,6.104250406479247992e-01,9.751631044738012788e-01,1.290894770801433111e+00,1.267079075480246564e+00,1.290894770801433111e+00,9.550141520930299777e-01,0.000000000000000000e+00,1.290894770801433111e+00,2.948272692251744376e-01,9.123278987177032562e-01,4.248527461620185686e-01,1.225952697621546239e+00,3.520722447352742646e-01,1.290894770801433111e+00,1.079484979819085755e+00,2.407468229203898746e-01,8.083658115292002844e-01,0.000000000000000000e+00,1.192403089592465326e+00,1.125949463093485647e+00
0.000000000000000000e+00,5.446868296952944721e-01,1.258962289861077222e-01,1.969160232463196269e-01,4.691704206953401513e-01,2.262606269384786761e-01,3.897195796498981180e-01,2.880918539829894209e-01,4.390218483803065008e-01,1.290894770801433111e+00,1.196746423649499569e-01,1.290894770801433111e+00,0.000000000000000000e+00,9.728276687255124067e-01,8.320229872099507151e-01,1.431419360138286995e-02,5.353802877770569291e-01,7.460407042171960379e-01,1.211256471269464674e+00,1.909816814098023452e-01,1.370734531953769590e-02,1.213037739395646186e+00,1.290894770801433111e+00,1.283972483591315772e+00,6.569478674153231834e-01,1.066852930215162587e+00,0.000000000000000000e+00,1.290894770801433111e+00,8.962367149946380840e-01,1.731423111335650689e-01,7.172366505255141356e-02,3.667134329921325486e-01,1.523545533390188444e-01,8.329232956462266912e-01,6.784173023439838968e-01,5.860583816292262993e-01,9.058513488680348669e-01,8.692958031560255039e-01,1.290894770801433111e+00,1.202455457363843072e+00,1.290894770801433111e+00,1.066827844636036637e+00,5.821551013705786870e-01,5.762264866250810247e-01,1.408332749097410963e-01,2.672461483079473510e-01,0.000000000000000000e+00,3.790148170940593753e-01,1.076136117872021902e+00,8.336609329420487935e-01,6.072257484577172626e-01,0.000000000000000000e+00,2.613829205874541040e-01,4.654631801062171781e-01,0.000000000000000000e+00,1.290894770801433111e+00,7.912894997709245537e-01,1.290894770801433111e+00,8.412058469330574439e-01,1.674746673775479311e-01,9.995475600563115126e-01,4.376493067446057816e-01,9.522804323388508463e-01,1.832578264868474360e-01,1.046056191797504864e+00,3.651628217773271734e-01,0.000000000000000000e+00,0.000000000000000000e+00,9.400597045923559936e-01,1.069915390583214609e+00,1.189931382940953908e+00,1.287299197505034964e+00,5.848949471393536381e-01,5.138697353401737722e-01,4.246221720422304613e-01,4.237415018168074754e-01,2.391160865779007050e-01,1.004234592813695315e+00,1.163343635915615959e+00,0.000000000000000000e+00,6.839054471854664197e-01,9.731093155717117638e-01,7.931120695207474203e-01,1.148481281979872870e+00,1.290894770801433111e+00,1.032126744325076784e+00,8.069706565570483603e-01,1.018043350749105569e+00,1.075584287636980108e+00,1.000425642181766994e+00,1.136516139416523519e+00
1.290894770801433111e+00,0.000000000000000000e+00,0.000000000000000000e+00,5.591191748768208070e-02,1.290894770801433111e+00,1.975845829095130568e-01,6.262578315906291992e-01,8.796389780998905561e-01,9.590028127768364108e-01,1.290894770801433111e+00,1.290894770801433111e+00,1.319171482619037501e-02,0.000000000000000000e+00,3.034385522095291166e-02,1.260353133441941109e+00,9.620747566852222432e-01,1.012096567498967259e+00,3.387675073725227581e-01,3.116050409915035457e-01,7.795884436694587860e-01,1.290894770801433111e+00,9.841947295728940004e-01,1.164694109102256681e+00,8.904442436015197471e-01,8.417251302201981256e-01,1.290894770801433111e+00,0.000000000000000000e+00,1.043005027248397720e+00,3.933309714261426504e-01,4.813205783893464429e-01,6.016545199038803027e-01,8.859938076982887267e-02,1.074714242588595159e+00,3.342747927530957952e-01,4.181060909400005632e-01,4.444140592811424706e-01,1.290894770801433111e+00,0.000000000000000000e+00,5.072902412302362496e-01,1.290894770801433111e+00,1.290894770801433111e+00,1.290894770801433111e+00,0.000000000000000000e+00,1.290894770801433111e+00,0.000000000000000000e+00,1.097401553514079753e+00,6.774261044762740491e-01,1.290894770801433111e+00,8.893004206839420778e-02,3.785230957824454734e-01,1.290894770801433111e+00,1.032584242991244849e+00,8.595723101856198589e-01,8.001170636024794725e-01,0.000000000000000000e+00,1.193538910057723390e+00,8.204296594741530280e-01,0.000000000000000000e+00,4.357529338656269124e-01,2.051732935327698348e-01,7.528140744037234988e-01,9.179585235523777254e-01,1.290894770801433111e+00,3.025669690612584756e-02,1.978397901317157648e-01,1.031748575041638194e+00,8.524134276123056519e-01,1.548020233112667177e-01,1.290894770801433111e+00,5.628265154854726893e-01,5.948936975338466882e-01,7.074251976154987132e-01,0.000000000000000000e+00,9.086078171125261393e-01,1.390781524321356433e-01,0.000000000000000000e+00,5.320651042024992367e-02,9.301106225109632142e-01,0.000000000000000000e+00,5.070470636163340039e-01,2.746454116162360681e-01,7.972173390483842104e-01,7.151610546604960650e-01,1.227417859105748521e+00,5.926051236202658501e-01,4.430738895491625473e-01,4.509675109488927025e-01,3.888741549389277963e-01,2.999034533783238587e-01,5.876216496079553764e-01,0.000000000000000000e+00
1.285621441771626960e+00,4.349435096106992193e-01,4.200713937935735554e-01,1.290894770801433111e+00,6.334674000478891509e-01,0.000000000000000000e+00,4.022878160188531060e-01,6.039430862081607287e-01,3.785234693629864200e-01,1.116366778111821612e+00,1.847926524047603658e-01,7.151087272231633485e-02,8.104438560611416653e-01,9.952628310313416105e-02,9.867057366984766098e-01,6.302590536218631856e-01,1.426219663404988680e-01,2.070613699388442475e-01,1.290894770801433111e+00,9.050452079831087238e-01,6.733936043632343660e-01,5.045660416746338139e-01,2.195264792293266931e-01,0.000000000000000000e+00,1.018022176774797893e+00,8.961457479916087321e-01,8.550307725382939594e-01,1.153553736512050509e+00,9.864291554397796036e-01,5.688095770706023124e-01,5.600572857315577052e-02,2.275380981152516913e-01,1.154355127895252631e+00,1.875241483148388233e-01,9.754392608927339170e-01,0.000000000000000000e+00,0.000000000000000000e+00,2.177113174032595799e-01,1.290894770801433111e+00,3.642290225551523264e-01,9.566307293764527708e-01,4.452456671193634197e-01,0.000000000000000000e+00,5.513494840131695218e-01,1.505917953349928395e-01,4.347570863872873836e-02,2.234828696738905551e-01,1.616488798659008463e-01,6.145137102346902580e-01,1.166347729193628391e+00,1.290894770801433111e+00,2.633438100999907147e-02,9.278556806991954398e-01,4.995297422158945788e-01,0.000000000000000000e+00,7.059801048280834879e-01,4.542476385027625629e-01,8.087565936029809111e-01,1.246961373382488025e+00,0.000000000000000000e+00,5.862978922924531183e-02,1.290894770801433111e+00,1.086407359447553317e-01,0.000000000000000000e+00,1.091446936303283044e+00,3.763329361928120509e-01,3.797093202390725564e-01,7.257855985593116843e-01,0.000000000000000000e+00,1.501208901347161617e-01,1.290894770801433111e+00,9.780980851111721330e-01,1.290894770801433111e+00,2.426088073477396523e-01,1.290894770801433111e+00,0.000000000000000000e+00,9.782257339047493172e-01,1.215548630746386527e+00,1.908566598384581481e-01,0.000000000000000000e+00,4.666504798698929979e-01,9.836554013769749361e-01,3.547322356855581726e-01,7.035425733138037652e-01,1.290894770801433111e+00,9.634048336250589095e-01,1.164670893271589014e+00,1.597734959239379970e-01,0.000000000000000000e+00,9.739071496918578763e-01,8.271402193696577587e-01
2.464286060965682756e-01,1.290894770801433111e+00,1.230253597686973011e-01,0.000000000000000000e+00,8.054413867692832019e-02,2.043999770524698167e-01,9.504105574338223006e-01,2.202790956515139620e-01,3.352149570917172250e-01,6.475687669184152506e-01,1.361975021573274269e-01,6.741814807335934079e-01,6.125825337426084038e-01,6.553039734011705253e-01,1.033571867161280355e+00,1.158808305717912823e+00,1.003655109214399710e+00,5.345270247128470764e-01,1.483623736202759336e-01,3.951248309901525535e-01,6.643959240465426852e-01,2.890322481214146477e-01,1.051868675933471886e+00,8.487491499965670316e-01,6.129276016752621681e-01,0.000000000000000000e+00,1.097875783036972974e+00,1.290894770801433111e+00,1.099581794949096442e-01,3.907488538242046006e-01,2.534806730212955106e-01,3.986347364675876803e-01,1.290894770801433111e+00,0.000000000000000000e+00,6.536210631852049646e-01,4.547089042665526937e-01,0.000000000000000000e+00,1.215129928486718525e+00,0.000000000000000000e+00,0.000000000000000000e+00,6.686724738020864978e-01,2.342406620737889633e-01,5.076022569209805990e-01,8.292265565754989298e-01,7.894237303090124724e-01,9.217462533978458827e-01,0.000000000000000000e+00,7.650332785766978949e-01,7.827564641533409084e-02,1.091095944381022420e+00,1.384317789163761192e-01,1.154090977941767182e+00,0.000000000000000000e+00,9.120656656019042741e-01,1.290894770801433111e+00,1.256972790656584849e+00,5.667273259996474799e-01,2.344552852667106946e-01,1.012905977444181094e+00,1.101845688426739550e-01,6.081626577211607376e-01,1.290894770801433111e+00,1.080883126207551559e+00,1.318498061774002750e-01,8.982129168660487606e-01,7.605524680208246568e-01,0.000000000000000000e+00,1.149222892387729011e+00,1.290894770801433111e+00,1.257493868265679327e+00,1.090974604299686623e+00,1.236966915030308645e+00,2.210213480633841099e-01,1.445528303999613351e-01,1.290894770801433111e+00,1.129817573887617721e+00,1.290894770801433111e+00,4.414146674288488836e-01,9.010547938309347860e-01,1.163576793758154038e+00,1.290894770801433111e+00,0.000000000000000000e+00,2.676195514643379680e-01,9.934970505673734742e-01,9.392724466900413960e-01,1.202061567653261553e+00,7.019761610681246600e-01,1.020187037812890773e+00,9.901077522257778485e-01,6.284840617551904485e-01,9.031971957536708562e-01
1.123387866799245849e+00,5.063707112979565217e-01,0.000000000000000000e+00,1.290894770801433111e+00,6.670919310041057981e-01,6.756420579838062768e-01,9.241560391645968764e-01,8.127331837503389833e-01,1.019108021384409035e+00,7.661078035251319696e-01,0.000000000000000000e+00,1.290894770801433111e+00,1.270988538791051337e+00,0.000000000000000000e+00,1.290894770801433111e+00,4.696883660874642263e-01,8.519144615656840669e-01,4.572242021497508468e-01,9.732397185820466090e-01,2.005483001482090410e-02,0.000000000000000000e+00,8.767496600848102561e-01,5.822190234245021995e-02,7.124834293411850261e-01,1.290894770801433111e+00,4.097396888194307918e-01,1.290894770801433111e+00,1.263606564443781499e+00,1.192947349144381830e+00,6.844164691990806126e-01,0.000000000000000000e+00,7.213394270062681857e-01,1.165901679767002846e-01,2.183838061848553391e-01,0.000000000000000000e+00,1.290894770801433111e+00,4.896787078195283804e-01,5.419027376437501875e-01,3.076632211745595757e-01,0.000000000000000000e+00,3.757200508597344779e-01,0.000000000000000000e+00,7.837691184816670820e-01,0.000000000000000000e+00,1.877795520471058910e-01,0.000000000000000000e+00,1.290894770801433111e+00,3.504500586201688694e-01,1.290894770801433111e+00,5.101418372419128655e-01,1.290894770801433111e+00,1.149287879439784943e+00,4.333526801713104004e-01,2.027587135219073924e-02,8.648546026440724344e-01,0.000000000000000000e+00,3.720368983326190482e-01,9.345303090530299173e-01,1.290894770801433111e+00,6.144887744145685060e-01,5.237296674160696330e-01,8.864913481351522906e-01,1.273702211551179575e+00,1.290894770801433111e+00,3.966151340478238363e-01,1.058878770534506408e+00,0.000000000000000000e+00,1.290894770801433111e+00,1.290894770801433111e+00,1.008386947494916974e+00,8.558064043408641908e-01,1.444604984017413551e-01,1.199205115786094122e+00,1.029202715453474859e+00,1.290894770801433111e+00,6.937366543837342192e-02,5.705198515941717341e-01,3.138134085624164626e-01,1.290894770801433111e+00,1.275693757467594835e+00,5.037897840278204864e-01,8.279513524605254249e-01,3.051397414804467578e-01,1.290894770801433111e+00,1.098537038109989039e+00,1.145463387121347765e+00,9.847834919608505766e-01,1.290894770801433111e+00,1.290894770801433111e+00,3.171063878513082079e-02,6.863387799451753368e-01
7.820376455825422957e-02,1.155164799719945234e+00,9.731725247893100450e-01,2.762397543404966974e-02,7.247174328314317515e-01,1.244175243594260127e+00,9.658860708626436642e-01,1.002705679499868996e+00,4.489580140528413865e-02,1.230931598441364683e+00,4.019620543164300619e-01,1.233277015665461107e+00,1.089326373617365729e+00,6.398412607186737544e-01,4.978808358977230286e-01,8.277549428798515185e-01,8.349797808527956722e-01,4.610971687868716251e-01,2.888268228449377903e-02,1.116793802349055786e+00,7.600487592331859332e-01,5.664437583517726305e-01,1.224506620246071265e+00,7.386225837586964937e-01,0.000000000000000000e+00,1.162972299822011779e+00,1.290894770801433111e+00,1.125879452974235528e+00,9.860394390516690200e-01,3.962315192361459681e-01,1.080892253146145787e+00,8.281615847610634962e-01,7.627643560325845229e-01,1.071273145989969144e+00,2.300871470781448366e-02,1.888927386715802056e-02,3.952872164991615422e-01,1.290894770801433111e+00,0.000000000000000000e+00,1.290894770801433111e+00,6.566781203552138346e-02,8.111566837325041579e-01,4.403275144760814275e-01,4.781068771260695849e-01,1.233595307576847544e+00,0.000000000000000000e+00,5.041477233495061938e-01,6.000926085647341202e-01,4.109328209543702259e-01,5.044796555375297142e-01,1.290894770801433111e+00,9.247765462068940900e-01,7.393132816506697846e-01,3.942700650104075666e-01,0.000000000000000000e+00,4.349036343270366034e-01,3.338328662754601051e-01,1.025671728992801457e+00,1.197900420005340472e+00,7.120578844211877811e-01,3.676101031496964433e-01,1.290894770801433111e+00,1.028300060002403038e+00,3.084751373706529631e-01,1.290894770801433111e+00,1.076226597599146739e+00,8.148864032902197740e-01,5.300743794111199142e-02,1.290894770801433111e+00,0.000000000000000000e+00,0.000000000000000000e+00,5.027076988518203171e-01,7.070251981846339406e-01,5.844607404125611722e-02,7.014222230857142248e-01,5.380492166800718845e-01,3.234919211240895875e-01,1.290894770801433111e+00,5.862167570862116817e-01,0.000000000000000000e+00,3.092517259872759050e-01,1.181533568170445303e+00,1.256663024221924552e+00,2.459179770022005274e-01,1.290894770801433111e+00,4.003959647021091417e-01,1.290894770801433111e+00,1.290894770801433111e+00,6.900440714503611739e-01,1.216518167561583263e+00,1.209520840887162940e+00
5.436473325670354573e-01,1.019426984849586937e+00,1.173207318512653474e+00,5.957268401959395776e-01,0.000000000000000000e+00,5.681734604678969625e-01,5.918313006003853571e-01,1.290894770801433111e+00,1.256939768155067805e+00,8.808767706030802280e-01,1.247154677880135232e+00,4.626144449888868748e-01,0.000000000000000000e+00,1.048997402573530247e+00,4.857041043093630606e-01,2.493278191200535565e-01,0.000000000000000000e+00,7.362052108998781152e-01,1.454750609474028504e-02,7.624089034199168502e-01,2.036136962653161686e-01,7.642865467159158932e-01,9.683106305674333836e-01,3.027413157878009464e-01,6.702385978931967303e-01,1.290894770801433111e+00,0.000000000000000000e+00,6.896877469233109181e-01,6.864883463828429511e-01,8.835175112185632562e-01,4.261678746897385461e-01,6.397932653184222884e-01,8.786845696628742264e-01,1.089880628417900787e+00,1.038339258883203664e+00,2.739925148581902614e-01,5.166126834387003708e-01,7.608670654000028455e-02,4.938992238399281254e-01,7.957000914047160922e-01,8.606718121883163986e-02,1.184061243962810928e-01,1.092242944744079347e+00,8.082541988339950745e-01,1.290894770801433111e+00,7.744565345055217653e-01,8.505947766974654156e-01,0.000000000000000000e+00,2.945957455981582096e-01,1.178346345602201639e+00,1.226529105163554290e+00,0.000000000000000000e+00,1.290894770801433111e+00,9.626612591290442111e-01,0.000000000000000000e+00,9.914891747361598284e-01,2.421537646022088944e-02,7.853114440431788190e-02,1.390385179754208833e-01,1.231051329647076420e+00,5.936509579867282893e-01,1.290894770801433111e+00,1.164269169211361588e+00,1.290894770801433111e+00,7.387912983172927328e-01,1.290894770801433111e+00,6.687706944006852616e-01,1.673698988254768705e-01,1.029103333947349208e+00,8.771148342240825402e-01,2.298538872840942549e-02,8.276694995387851028e-01,8.928468750530935694e-01,1.182477247052047042e+00,1.265415943142801591e+00,1.014351220966454470e+00,0.000000000000000000e+00,8.094609105987352615e-01,0.000000000000000000e+00,8.673780904250430468e-02,6.272828632989365660e-01,9.075777277726558845e-01,6.054070395755672962e-01,3.900128654241138415e-01,1.290894770801433111e+00,0.000000000000000000e+00,4.559855772993853251e-01,3.317116060993338666e-01,1.040591105745343858e+00,8.472375168695627234e-01,2.266097173323002312e-01
1.103523600893089762e+00,0.000000000000000000e+00,1.678426217697500666e-01,1.236611075917785518e+00,1.059756538992721930e+00,0.000000000000000000e+00,4.451533234669503569e-01,1.290894770801433111e+00,1.290894770801433111e+00,1.257341156339357280e+00,1.163073249198349313e+00,1.076346633289599453e+00,1.259440033224047850e+00,0.000000000000000000e+00,1.290894770801433111e+00,1.290894770801433111e+00,1.145639054024476966e+00,0.000000000000000000e+00,8.894719263161383616e-01,0.000000000000000000e+00,8.976863909467835967e-01,1.230877723375695343e+00,1.230780409341009213e-01,1.290894770801433111e+00,1.290894770801433111e+00,4.027168439376005993e-01,8.488986459160204889e-01,9.914954413994768734e-01,2.341200664744551643e-02,1.290894770801433111e+00,1.148526173571918996e+00,0.000000000000000000e+00,1.290894770801433111e+00,0.000000000000000000e+00,2.088401961622496361e-01,1.290894770801433111e+00,4.332438084308077308e-01,1.170689266133996265e+00,1.290894770801433111e+00,0.000000000000000000e+00,8.564414360367269552e-01,4.009295261679448052e-01,0.000000000000000000e+00,6.603767718970643408e-01,0.000000000000000000e+00,5.678580926316567634e-01,1.045741592597028591e+00,1.290894770801433111e+00,8.519303573349265024e-01,6.748119491749048349e-01,1.118541004392149318e+00,1.290894770801433111e+00,0.000000000000000000e+00,0.000000000000000000e+00,0.000000000000000000e+00,1.269362856619796087e+00,1.290894770801433111e+00,0.000000000000000000e+00,1.290894770801433111e+00,0.000000000000000000e+00,1.290894770801433111e+00,6.329548847296623260e-01,1.290894770801433111e+00,1.290894770801433111e+00,2.102640364109535087e-01,9.793814888297394106e-01,0.000000000000000000e+00,1.290894770801433111e+00,2.913364601659185760e-01,1.290894770801433111e+00,7.956343106535196386e-01,0.000000000000000000e+00,6.650739462741700470e-01,1.255893539624152622e+00,8.966925788217642301e-01,0.000000000000000000e+00,0.000000000000000000e+00,0.000000000000000000e+00,1.181934740736525935e+00,1.290894770801433111e+00,1.290894770801433111e+00,0.000000000000000000e+00,1.092098736119383240e+00,1.290894770801433111e+00,5.128084557815477673e-01,0.000000000000000000e+00,0.000000000000000000e+00,1.290894770801433111e+00,1.115675600540811940e+00,7.638977342623921585e-01,6.900074768526723856e-01
1.290894770801433111e+00,1.058483431380017104e+00,9.748851504206710317e-01,3.784946862863215050e-02,4.782222911862504255e-01,5.496764676544174666e-01,1.290894770801433111e+00,7.774661812107487302e-01,4.173592293488320171e-01,4.079779694626416986e-01,6.566693446660784028e-01,3.255004722578503373e-01,3.211262115640802772e-01,0.000000000000000000e+00,1.181567519391089061e+00,7.959830313055756001e-02,4.455777191322587982e-01,1.165842230366681109e+00,8.950225553682236157e-01,9.641480517198988132e-01,7.225297172611501173e-01,6.396443740641148956e-01,1.574144216631078452e-01,1.290894770801433111e+00,1.290894770801433111e+00,1.152330858317306639e+00,6.989437164273721859e-01,4.450770365905598602e-01,3.825248118292227106e-01,9.377188640858002966e-02,1.260958520862655308e-01,7.640220595707322149e-01,1.290894770801433111e+00,6.825486886765217420e-01,1.035940100047756607e+00,2.376337541167592160e-01,4.405793378650594838e-01,2.626608953697348037e-01,7.939586810506271686e-01,6.282187891361077359e-01,1.290894770801433111e+00,9.111809019625918271e-01,6.333998076230515362e-02,9.201795106472966390e-01,3.487811504503431914e-01,3.973076572492610370e-01,0.000000000000000000e+00,1.222552553646810425e-01,6.453203887059478783e-01,1.890044916873167558e-01,1.540489242493920941e-01,3.051186584451659467e-01,1.341510363209484358e-01,0.000000000000000000e+00,5.988883810533958130e-01,1.290894770801433111e+00,1.173420528091001724e+00,4.937988746475269197e-01,8.416139716315437225e-01,0.000000000000000000e+00,2.953530222793406823e-01,7.448923797713586925e-01,5.138946408303126656e-01,1.141568326609530892e+00,9.649053947963734945e-01,1.155491161476972062e+00,1.488048634466681286e-01,6.651440191001345426e-01,9.364294724086836830e-01,3.958355909149389729e-01,7.987348880739090218e-01,7.637778009253376466e-01,1.625671472588655908e-01,7.573550685506220959e-02,6.165510144658251646e-01,4.143507407252764452e-01,0.000000000000000000e+00,1.290894770801433111e+00,0.000000000000000000e+00,2.289170615261905684e-01,1.242941708742998141e+00,7.892781728322250112e-01,0.000000000000000000e+00,3.667494383154429882e-01,1.290894770801433111e+00,1.290894770801433111e+00,4.832238135155935144e-01,1.091094698078000302e+00,2.695534921754934587e-01,4.281801549640280591e-01,0.000000000000000000e+00
1.179800621841505137e+00,5.036626892204153494e-01,1.181950397828643196e+00,4.377156430438324253e-01,3.849566923552632525e-01,9.062569069874376604e-01,4.146829237728253403e-01,1.211561317376238733e+00,9.274221384145637792e-01,2.968567266271465721e-02,1.153398472277904929e+00,1.262688554639824323e+00,9.257603684309366754e-01,1.030928472405568064e+00,3.031279714023209053e-03,3.355308784841632211e-03,3.204535763098786960e-01,0.000000000000000000e+00,6.529652828312515478e-02,9.546533137339771602e-02,6.631989925031008815e-01,8.016404897898080639e-01,1.099472373532769165e+00,1.108822279931132471e+00,7.176864804291408495e-01,9.692231026289013229e-01,2.335744207690088337e-01,5.436314322866689364e-02,2.146092686478245082e-01,6.472344588243024166e-01,1.043457055649990584e-01,7.145961755835548157e-01,2.849504372767024118e-02,7.270388546604736879e-01,5.052437863202419166e-01,9.501088983901463392e-01,4.095736795026284072e-01,1.045548513891251113e-01,2.238520432670540183e-01,5.550128937406937357e-01,6.841008493988922634e-01,6.016824339637617813e-02,9.493761417219703791e-02,8.426965544588223000e-01,8.972489922294037135e-02,1.264932410515898220e-01,6.635442029485670856e-01,7.112067256804857074e-01,1.269062387949144055e+00,4.918473973545569033e-01,1.046917773205676916e+00,1.266617466168732165e+00,2.234666009382600960e-01,9.703342330389866932e-01,2.656632635010371390e-01,1.214071621204199536e+00,6.136040737732033623e-01,8.554564467216551060e-01,1.119162401787989758e+00,4.972948603891230168e-01,4.140479682753729906e-01,6.783037731546759375e-02,1.247806572606610764e+00,2.449315154896951618e-01,6.725376403322508301e-01,7.604360648366907949e-01,4.929880680375403057e-01,1.070736549539718974e+00,2.650269476533114732e-01,6.216480676000725181e-01,1.050102452856664925e+00,1.117032578031417062e-01,5.847538621498422629e-01,3.877840492742748533e-03,1.122951614678358467e+00,2.770970683271366530e-01,3.048888853154285705e-01,9.990713880783445022e-01,4.134381970566269882e-01,1.155437157236121615e-01,1.067064316469391594e+00,3.161073534375271055e-01,1.966154513103497703e-01,3.099611554963836446e-01,3.194117035418783668e-01,6.836724614190237137e-01,2.141604657057416192e-02,2.868529104595499146e-01,2.656497007223599383e-01,2.360117628637841969e-01,2.515069389783746723e-01
3.651866425543912054e-01,3.616882492468948551e-01,1.012190468017127198e+00,6.066436704419542192e-01,2.501722930020003344e-01,1.065328306047738649e-02,1.022191579707799891e-01,9.988524666757574444e-01,5.164531699203479542e-01,1.173769181886997526e+00,1.290894770801433111e+00,1.841148902390620512e-01,5.144534852792482793e-01,1.123605662703653918e+00,8.559755235866662870e-01,9.234593115852702816e-01,9.716501662676626516e-01,0.000000000000000000e+00,9.083783837730901034e-01,9.571540942878257185e-01,5.592154707006639081e-01,1.217758608411254162e+00,4.965520613382086723e-01,1.267527326011877342e+00,3.864544302551595756e-01,9.117028166412951551e-01,4.059738255600695567e-01,1.059668842057734928e+00,4.358327130808276606e-01,4.694358643891998195e-01,1.406624745198572779e-01,6.326002712832066166e-01,1.730465054807999725e-01,4.909596689475693347e-04,9.383569916778180531e-01,5.817076979756008459e-01,8.342169007489991239e-01,9.938028104042319066e-01,1.263025583774871174e+00,2.732496517951573112e-01,1.069719743271895895e+00,5.798285977358523802e-01,7.498414574285965362e-01,1.290894770801433111e+00,2.508555771205303042e-01,2.703570923860989517e-01,6.624760854313106739e-02,5.153859109334513189e-01,4.990676988745998410e-01,1.047676500401905075e+00,1.165479890288452891e+00,1.780420031223475530e-01,3.752170503269681712e-01,4.592823304068561208e-01,6.956199087645023038e-01,7.402409479059283148e-01,7.721788488613412493e-01,7.390687961999108102e-02,1.234607022516342051e-01,8.875129749004390112e-01,5.720298487786509845e-02,9.792896585169260648e-01,6.484827665742269875e-01,2.211555609646337350e-01,7.994628700161001689e-01,8.047573454032387330e-01,5.246101955766321323e-01,1.159623240459264792e+00,2.917580200290549319e-01,1.242181608206590848e+00,2.837860724540875457e-01,2.007464328591457570e-01,9.952026521798869041e-01,1.259266007314871372e+00,8.199703107421308923e-01,4.489768409246924219e-01,7.052247105163039764e-01,7.549309455555083259e-01,4.153533073286492794e-01,8.423116142890015867e-01,1.071794091982077646e+00,1.225537835252375751e-02,1.034622915504418206e+00,2.546830271119523426e-01,7.764560717116977123e-03,3.622679133158589471e-01,4.448516827660390360e-01,8.361574005080980865e-02,1.200356970607557860e+00,1.426095670666635840e-01,9.954556839762267462e-01
4.521197078428267763e-02,1.034948903179710999e+00,7.156595340564906316e-01,5.546187917827540836e-01,1.822308979255157224e-01,1.721495736402995913e-01,8.098514047977531938e-01,3.008613501231519605e-01,9.288106101359517863e-01,6.166311412941173353e-01,0.000000000000000000e+00,5.399292213487496550e-01,6.369725572817681591e-01,1.142093279224430713e+00,2.165075630750712757e-02,1.042887777315149700e+00,7.105833505935763017e-02,1.290894770801433111e+00,8.075858453523293567e-02,6.645335929711292389e-01,8.979229847495050210e-02,1.130338645630816430e+00,1.018512846785839310e+00,1.224690243127370515e+00,1.083860441661421703e+00,1.189204304366940024e+00,9.084487850085672944e-01,8.204035070167520205e-01,6.978988438955277540e-02,7.099147762488127178e-01,8.597193073480240422e-01,8.233540472188619619e-01,2.187188319441031314e-01,7.029119425565261148e-01,1.227605712058790655e+00,4.930350660385966477e-01,7.720170974830358190e-01,1.282906041231647309e-01,2.278297714505594651e-01,1.081834444260215689e+00,4.040795579733579279e-01,8.505191335751900727e-02,6.866560744085281609e-01,2.004396178686029539e-01,8.209684497091349065e-03,1.179251013592985897e+00,3.778877507204372876e-01,8.090770148022680130e-01,8.549467083023667424e-01,6.016006898442012307e-01,3.360320884275754261e-01,1.358361304905967432e-02,6.176749980413639429e-01,9.319979629940559063e-01,3.152734944181043719e-01,1.864512498540636942e-01,9.625853220207201133e-01,1.629537213141165897e-01,5.859747145765322740e-01,1.435642559602377799e-01,4.699635057493613544e-01,3.551893257929056302e-01,1.124267739120004689e-01,1.591486301093004707e-01,7.450034206629285727e-01,7.309204081547998610e-01,1.272191092747882557e+00,2.165593304380621920e-01,6.287779772856821880e-01,6.491429356261297912e-01,8.843901166704398742e-01,5.090908402675861089e-01,4.587875394994865574e-02,1.182418887330759949e+00,7.054937087485118052e-01,5.316560263679949161e-01,1.169271813202125143e+00,6.782193114015996338e-01,2.507855910601026750e-01,4.650393523230973436e-01,4.263314634984463614e-01,1.287327759524570459e+00,5.091488115368364431e-01,8.697082084740388463e-01,6.956994675947709705e-01,1.075686966345703183e-01,9.685375681825405536e-01,2.690658799212668484e-01,7.865740834063763565e-01,1.624735596534900572e-01,1.192255515062855764e+00
3.652609670881391546e-01,3.925117336492986442e-01,3.190402062488422730e-01,6.511011437093275900e-01,1.054693440882844113e+00,1.013272799228555954e+00,1.028425113883258080e+00,8.823867473660838012e-01,8.035782282355700135e-01,8.089274790035518026e-02,1.270199340128028431e-01,1.919657268160556429e-01,1.631461221030130471e-01,4.041081474304202281e-01,6.867972878710261186e-01,1.125364633578518125e+00,3.702783726788274610e-01,1.290894770801433111e+00,1.036324953812383542e+00,9.191422758138100280e-01,6.376502554565707248e-01,7.829087800948453246e-01,3.357641429541695643e-01,2.747181953851134950e-01,3.577631639812651754e-01,6.525634829315540841e-02,1.220021602885239975e+00,1.267629823310215675e+00,1.853377266157967274e-01,9.432157250018412542e-01,5.275360460314574285e-01,2.220280514051824750e-01,1.680998331799297973e-01,4.016389021818439486e-01,5.249482447847041433e-01,1.204557876144724649e+00,4.582329430951805338e-01,2.850146068539363142e-01,1.145373757729862385e+00,7.989354242213376756e-01,1.146770841433017107e+00,6.290222035610754103e-01,1.177678043741106295e+00,1.290894770801433111e+00,7.947583128495092630e-01,1.147026717971354692e+00,1.225712124100649669e+00,6.048305746716522435e-01,4.235427026869686418e-01,8.899998989957750295e-01,1.076376201021557844e+00,6.443836249712111552e-01,5.928086141857530356e-01,1.115038442375580807e+00,7.333187432270148187e-02,4.137234078573801682e-02,2.695602827312379435e-01,1.111484234001583360e+00,1.021783717111347300e+00,6.276831499552911753e-01,7.644430769233311329e-01,1.095916854556155284e+00,1.045458651598980326e+00,1.143238524947427059e+00,9.237489244156092960e-01,3.887934201632533004e-01,3.585895691597568158e-01,4.236177424205851000e-02,8.270051284037375217e-01,7.764883066174764759e-01,6.447078847322801343e-01,1.112334281745182230e+00,1.482427392128756183e-01,9.254446115032202158e-01,3.626719831194032961e-01,1.224027168230704454e+00,1.135624108700239221e+00,1.261157817513348434e+00,4.646728046141499618e-02,1.218723987898522987e+00,1.125924824005447716e-01,8.984794283971853091e-01,6.428630873465892570e-01,1.368174369074370844e-01,5.256477475130995058e-01,1.290894770801433111e+00,1.242354516508131779e+00,3.651645868600321698e-01,9.022158996323321745e-01,6.884132172354642254e-01,1.105281660975824115e-01
4.836524194213327466e-01,2.157716042510081367e-01,5.879617692442474786e-01,2.251884994070455226e-01,2.185627511580136295e-01,9.793941803310944882e-01,1.483469427831352327e-01,6.640110862395078861e-01,1.521292348825074581e-01,1.209222686741728170e+00,1.290894770801433111e+00,8.133215002219892353e-01,4.547679646865810388e-01,1.132321191706942232e+00,1.137626861741876549e+00,1.232886965726033957e+00,4.180870834402017899e-01,1.113846947357804429e-01,1.054482543395642014e-01,1.278975467959609036e+00,1.290894770801433111e+00,6.166653948968836563e-01,1.290894770801433111e+00,3.202606512007798445e-01,1.860004298335673212e-01,2.121330992679440475e-01,7.436588544854952909e-01,1.118733964163997063e+00,3.986700544937590157e-02,0.000000000000000000e+00,6.375586572628352267e-01,1.176518614742608548e+00,3.509851242351902934e-01,3.429585305413686003e-01,0.000000000000000000e+00,4.315431985098933110e-01,5.134944422931901897e-01,3.977313964252736089e-01,0.000000000000000000e+00,8.656623052429086584e-01,9.879436201617345370e-01,3.882126602180315245e-01,9.955323261819122305e-01,7.304529928189323895e-01,1.073085055720992331e+00,0.000000000000000000e+00,4.633572080652854641e-01,0.000000000000000000e+00,5.937430014511142495e-01,4.954481077170468928e-01,1.290894770801433111e+00,2.899702375861660242e-01,6.511187029740747034e-01,1.008190446073313318e+00,1.131877004237980877e+00,1.250111239108160577e+00,1.163526094014025958e+00,0.000000000000000000e+00,6.225737809423421976e-02,9.111060304085168982e-01,9.566828966741474094e-01,2.259964876247403942e-01,5.252942389229107167e-01,1.028866426204365192e+00,7.804699154251717452e-01,1.290894770801433111e+00,1.168148112750071244e+00,2.642391589658926176e-01,9.569252585042213877e-01,2.095968413399847824e-02,7.439684700291837594e-01,5.452553526108322446e-01,4.727569965207447655e-01,7.981194007253347156e-01,2.802475483990437555e-01,1.023574276040897457e+00,2.914500865636088234e-02,1.194591496715359691e+00,4.991034942531420993e-01,2.784190234733056601e-01,9.745613566645561221e-02,5.449019544991263730e-01,2.681681366239512254e-01,4.971047112108880062e-01,7.174296103005960434e-01,0.000000000000000000e+00,3.124166595286813602e-03,8.007177988771031069e-03,1.083858272093937369e+00,6.860351702150001563e-01,3.131152256627395269e-01
1.681633997248200563e-01,7.738895731507680065e-01,7.239050703303181455e-01,5.649658475264103252e-01,2.131755501572543399e-01,2.125837449584944416e-01,1.209472767339391686e+00,3.976160096954641787e-01,3.744831948644689601e-01,6.714168222761146554e-01,4.609926545128127384e-01,1.047784820140962969e+00,3.758836701278361891e-01,9.205869705520384194e-01,6.765887089311979352e-01,9.861241834273274387e-01,6.600881822957623823e-01,1.100085097114782140e-02,8.557411195998954057e-01,6.361979455513350201e-02,4.003667810534702332e-01,1.121608616131940073e+00,5.068179723937041858e-01,6.198610475567917222e-01,6.597077475762238574e-01,5.340109159349857304e-01,9.650123073401000173e-01,1.127512551374507233e+00,1.167753509073973905e+00,1.006064574866290862e+00,4.011784363540973342e-01,1.009166389752085280e+00,5.607340595253536009e-01,6.490602696867454613e-01,1.214032494637853121e+00,1.163208443637960415e-01,6.971532894458538632e-01,1.243168262245867073e+00,1.626613869822181591e-01,1.148513429407245656e+00,6.878150548893390281e-01,3.276201266202395934e-01,9.393453510755599423e-01,5.805800161881655708e-01,1.184473516247829039e+00,7.427731273493527464e-01,7.149169589145621950e-01,9.554146653018666946e-01,8.371523842087784661e-01,5.828449031410434245e-01,1.290894770801433111e+00,7.788146350922862116e-01,1.142574599646208666e+00,2.752640726270845217e-01,2.413818752329717765e-01,1.052379357586427228e-01,9.255416529055765507e-01,8.893577519399291642e-01,2.312987176322517102e-01,7.706131848674255824e-01,1.125105514974848120e+00,2.805181409104825496e-01,6.583362953788904903e-01,6.020029494946500526e-01,4.402522439306528756e-01,2.511689259028325183e-01,8.197023254875760445e-01,1.022894412588920554e+00,1.177175626548715659e+00,3.298351763467187725e-01,5.414069860598027528e-01,9.799441451115981083e-01,1.648955765039434862e-01,7.192047503432155708e-02,9.857633894752926285e-01,5.071166122360211137e-01,2.595623515165210171e-01,1.279083075823284510e+00,3.915110772782617876e-01,3.403981198263890118e-01,1.204337021892974313e+00,3.747098452227221044e-01,1.140264998989745315e+00,2.115410431140955505e-01,9.428815985127382282e-01,4.418811388831705989e-01,1.101347061625697066e+00,5.524668772525527238e-01,4.761971027514769750e-01,2.667283655904866824e-01,5.828547708940460259e-01
1.125240684292953652e+00,6.718705395683641779e-01,0.000000000000000000e+00,1.290894770801433111e+00,1.071528445866795215e-01,5.319504520425215599e-01,1.901801940703777560e-01,0.000000000000000000e+00,1.112257491849991009e+00,6.295501837944258439e-01,0.000000000000000000e+00,3.286243596744991419e-02,2.556892296344766558e-01,1.044774243431654037e+00,1.027074521554174558e+00,6.037029687389293686e-01,9.471624525587789556e-01,6.479219151656334663e-01,7.668045419725177947e-01,8.500443495498732904e-01,1.859781394544751942e-01,2.058132360547164363e-01,2.205589376416075831e-01,2.872358527576359122e-01,7.683676104487703329e-01,8.797611497731440133e-01,6.188378927843314337e-01,3.217981709681931313e-01,4.552844394079756385e-01,2.112807789036113826e-01,6.650769490520437310e-01,1.018724442909155065e-01,2.174278249543752928e-01,3.101889699589123819e-02,9.039345863182060570e-02,4.402515586495367450e-01,1.007315161938002746e+00,4.822021356674933701e-01,1.095649426994953934e+00,0.000000000000000000e+00,3.183499991133529883e-01,9.064037741142588755e-01,3.132710568995029643e-01,7.170345205328355620e-01,7.417373556545483471e-01,0.000000000000000000e+00,6.731789839683836041e-01,1.062642084057668468e+00,2.654037120694375251e-01,1.145311510120924803e+00,5.788281815523420581e-01,5.984521117044723226e-01,7.506584884694866844e-02,0.000000000000000000e+00,0.000000000000000000e+00,6.948519294584994954e-01,6.254178382593352792e-01,1.135393630718469549e+00,1.008733011140062308e+00,1.269217885014324088e+00,1.183682800733926399e+00,7.380073867776485441e-01,5.778044220634219637e-03,9.690717398130013205e-01,9.195282379011300300e-01,2.371857304045681125e-01,9.642949451376804371e-01,0.000000000000000000e+00,3.327467310773682962e-01,9.391245297393786551e-01,3.569972533126939962e-01,1.136549641521778231e-01,1.394802576283950546e-01,1.172121512605020621e+00,6.283466291649952851e-01,6.699509787005690498e-02,8.830309896715251572e-01,1.603012318495383032e-02,8.461900520622833710e-01,0.000000000000000000e+00,4.111998291983594983e-02,9.262105586450223305e-01,6.661545828454707996e-01,3.958105019961648541e-01,4.765043137538733098e-01,2.917294901224205539e-01,2.866288179571777617e-01,0.000000000000000000e+00,6.586636136622457949e-01,6.747605791892509197e-01,6.848950776158438947e-01
8.569954313687208058e-01,1.160048945742411908e+00,4.139733375767725709e-01,8.558100278336288058e-01,7.661948809537427740e-01,5.506284451552581061e-01,3.918664698568718463e-01,0.000000000000000000e+00,1.671992466980580169e-02,0.000000000000000000e+00,3.724529451815043468e-01,8.753344168906405098e-01,1.267598222478513836e+00,1.031761490443597662e+00,2.324408038084473382e-01,2.635962894867424286e-02,9.130638447231637089e-02,7.792749765011419694e-01,7.184182262607837766e-01,3.077749166390727695e-02,3.059129857856404122e-01,8.302773407961643315e-01,1.031490133392846342e+00,3.621424909617592530e-02,1.039844412874477930e+00,1.166056641977769592e+00,3.023648393655744560e-01,1.144447843299154943e+00,1.982200594512067982e-01,2.671503413760610290e-01,4.812597307495689036e-01,3.763643071963206910e-01,1.095680662948042672e+00,4.629707825785874808e-01,1.002714441986315652e+00,6.726535401701522199e-02,4.777947294482686735e-01,6.357636430464453925e-01,2.688594366239966948e-01,1.225366863380675797e+00,1.076651224678118746e-01,7.413141724871047389e-01,1.212869599814216492e+00,5.067114355944779547e-01,7.031582921607176795e-02,5.811187782786066958e-01,8.213939683253426161e-01,1.180398601485285193e+00,7.288227631740579193e-01,1.290894770801433111e+00,9.797745607814153379e-01,1.098933970303576535e+00,3.240164144022692483e-01,8.499326176367112406e-01,8.073614752237853187e-01,2.185864739686571856e-01,7.462137891170842474e-01,8.014208934961906117e-01,3.142139463070060534e-01,1.207078047069792159e+00,1.148262797364105081e+00,3.442833937998356908e-01,9.566605775370795595e-01,4.674406875539867112e-01,1.245825876959790079e+00,6.937424135321201835e-01,5.694633257566906748e-01,5.102864628060862495e-01,1.209697829833598748e+00,1.091396519478092353e+00,1.080566679489153081e+00,2.294894665618751606e-01,5.440140441673742000e-01,9.667207757557253478e-01,5.832114044499308037e-01,1.434683452084397903e-01,3.148804238019756174e-01,8.252629891372823545e-01,1.830368816743633276e-01,1.915451454195334358e-01,4.963787729181853292e-01,2.620190571636825047e-02,9.651582881872269870e-02,1.151202931077694558e+00,1.352236317063654492e-01,1.084234859784877214e+00,1.074928959545764728e+00,1.116825411056852735e+00,8.401658642264543675e-02,5.192535861300126010e-01,6.860005250768979046e-01
1.271371843725348061e+00,1.553686839237564121e-01,3.041879078002285297e-01,3.189659274075647977e-01,1.362096060703607558e-01,1.121955070978167379e+00,4.716695965505564581e-01,0.000000000000000000e+00,1.247455154409026656e+00,2.555861603997148235e-01,4.560239777221161694e-01,8.247259096467676187e-01,9.833371422157572983e-01,5.513235124959479094e-01,5.456843790057300803e-01,2.384113130527749369e-01,7.924345435917419245e-01,9.672702360661191712e-01,4.759952327487755319e-01,6.381042912912666676e-01,9.385710626928769340e-01,8.991280517456284871e-01,5.141750883191806981e-02,1.011192327333684027e+00,2.849759064154237520e-01,3.695293815025906675e-02,1.118224814806937140e+00,2.984165762093881624e-01,1.245176745043484967e+00,7.959399787125877035e-01,3.901648789661835703e-01,7.761005580462407294e-02,9.488819070272216383e-01,1.139547316015778078e+00,0.000000000000000000e+00,5.947809831272228287e-01,1.138435275147106518e+00,1.181975952889556591e+00,6.266646337469823358e-01,0.000000000000000000e+00,2.425018869998349369e-01,8.280340817768235828e-01,3.615190928745247705e-03,1.082542212263430947e+00,6.477035901041632293e-01,2.580188743374771110e-01,8.703425621204270435e-01,3.481508182517452088e-01,2.561838239572880940e-02,1.213463820438290819e+00,9.801064769574764635e-02,3.835427366073795863e-01,5.300885868639770848e-01,5.302353594424760175e-01,8.228428900081844466e-01,5.806358865086592713e-01,6.861270987714023217e-01,1.014087292413346608e+00,2.840557096107805268e-01,1.290894770801433111e+00,1.165518027191325245e+00,4.158106373730866556e-01,7.633256907195757890e-01,6.216512021338304050e-01,3.521151433352338045e-01,3.821899334595418862e-01,7.823638230547839134e-01,9.471603810550184299e-01,1.673916105807693178e-01,4.225922703305950989e-01,1.041114769811391616e+00,1.208518422737538678e-01,9.051308288087699383e-01,8.798357139876444855e-01,2.307882696759883390e-01,6.860940062101332781e-01,2.484476025787112907e-01,9.557554687510075864e-01,1.917281942766649039e-01,7.865464106557358281e-01,8.601493094835166442e-01,6.827714650748561986e-01,1.240458661783175209e+00,1.898127537674207943e-01,9.984526866577128068e-01,1.104545467594596209e-01,4.206413364942795940e-01,8.594346211702128535e-01,2.719626074158423834e-01,7.068683836400149190e-01,7.185163829820803150e-01
8.043072399940742745e-01,1.290894770801433111e+00,0.000000000000000000e+00,1.290894770801433111e+00,3.826353471299426510e-19,0.000000000000000000e+00,1.221688185675642524e+00,8.224134728760733593e-01,8.557206331084432627e-01,6.414342777593459166e-01,7.287894558342286055e-01,0.000000000000000000e+00,0.000000000000000000e+00,4.544187678866667968e-01,1.290894770801433111e+00,5.803050811855652302e-01,4.377874992461459613e-01,1.030668645870360528e-01,7.148484556198815287e-01,1.120544815731206123e+00,7.083144789447332057e-01,2.101915904579239325e-01,0.000000000000000000e+00,1.349684069455038826e-01,8.355916650193701001e-01,1.063097638009761203e+00,1.029355263248011187e+00,2.265031694238004989e-01,8.518367720803119436e-01,0.000000000000000000e+00,7.399197779399049324e-01,8.244704689099910944e-01,2.394647430479108774e-01,0.000000000000000000e+00,2.894120010854851488e-01,3.515858723743750525e-01,7.234041773264799913e-01,2.618001588565339044e-01,1.290894770801433111e+00,1.686162513082105630e-01,0.000000000000000000e+00,7.149515074239879420e-01,7.920268852525389480e-01,8.147571523074129130e-02,6.678801487159951034e-01,7.776850152465428767e-01,0.000000000000000000e+00,1.290894770801433111e+00,6.923852734872422143e-01,7.757794126749123498e-01,1.998087913035393737e-01,1.858057795012183488e-01,2.860814653711509781e-01,0.000000000000000000e+00,5.722316240271555499e-01,4.504177446579515909e-01,7.000888530290739764e-01,6.659373962839317818e-01,1.074501404187135689e+00,3.357709330228362821e-01,1.290894770801433111e+00,6.695973754688155921e-01,0.000000000000000000e+00,7.900803846277883180e-02,5.807705790381062494e-01,1.290894770801433111e+00,9.796839026832301345e-01,1.836689312937450982e-02,1.011106716490572488e+00,7.783858481680122621e-01,1.024092805976055232e+00,6.266662661388688882e-01,5.568520432185443125e-01,4.489532270194043218e-01,7.565892608168246491e-01,2.308236547650649798e-02,9.957514689817112963e-01,1.851686778508827846e-01,4.939274612842530221e-01,0.000000000000000000e+00,1.050514366925804133e+00,9.577440371847036893e-01,3.508423699218602976e-01,1.290894770801433111e+00,1.856539319648640995e-01,0.000000000000000000e+00,7.745503635676527221e-01,0.000000000000000000e+00,1.290894770801433111e+00,6.353582447023515822e-01,7.270606047554184492e-01
8.029636619914243267e-01,9.472698565074774146e-01,7.103456917932006176e-01,1.241348434867569628e+00,1.816337283654754775e-01,8.587489738215311474e-01,7.342387743720665272e-01,0.000000000000000000e+00,7.599676173766038989e-01,4.626603235967298722e-01,3.723603275461950107e-02,1.180620253566882383e+00,1.451954198755407363e-02,1.412172722576972295e-01,1.283553190496213192e+00,1.369650318090962215e-01,5.917905982137209309e-01,4.790603832565178827e-02,5.707469069039295961e-01,4.358346658229484971e-01,1.259827670661962440e+00,5.130373242626032337e-02,9.649987334797655025e-01,6.873726666130531848e-01,2.055753766214858946e-01,9.446791262007034895e-01,4.423415268903536091e-01,4.269492263695022771e-01,9.040803571445983344e-01,0.000000000000000000e+00,1.097828808128147760e+00,5.174083926199062738e-02,6.647930410338954987e-02,6.324477492686342295e-01,1.490439702180684500e-01,1.738239654721164817e-01,1.177867397737987487e-01,8.367605190528719650e-01,9.602927693405167719e-01,8.603216225204901590e-01,1.161261954935482565e+00,2.187466962747993890e-02,3.741131917882166147e-01,1.033786879859754482e+00,6.915478440156824780e-01,5.763132452249833393e-02,1.121042425061298253e+00,5.600582282550925495e-01,6.567550780424218360e-01,5.593742644366310746e-01,5.307262756837630713e-01,2.148941871212293672e-02,9.405406826345178439e-01,5.171539718189797075e-01,3.035544090483265345e-01,7.969338113475006313e-01,1.196567174014498830e-01,7.880197659240305574e-01,1.217878491629778903e+00,1.265581113959258985e+00,1.186147528776620108e+00,8.524789111182817791e-01,3.664550554489474088e-01,6.643563533547626188e-01,1.247637985244012038e+00,6.098226334298160189e-01,9.843271806095933718e-02,3.845128052795317442e-01,1.010968673058289635e+00,1.269242354501424863e+00,3.296896915000007144e-01,6.614796514729490706e-01,5.768550378034503767e-01,7.931097903708597130e-01,6.524985012565034381e-01,5.126151554885620687e-01,1.063081800392085885e+00,7.947836102584592277e-01,1.235108147379747834e+00,6.241785481904237320e-01,4.875592527540261178e-01,4.452275353302486138e-01,2.812803577811742728e-01,8.829296158279353879e-01,2.031384278076151795e-01,1.049731357452265756e+00,1.243485702333979870e-01,2.363765385330527935e-01,1.015844967934047133e-01,4.053179092173820330e-01,1.229214170919749272e+00
1.278716204230825881e-01,7.728623676971205780e-01,3.274031002964418735e-01,7.132127979726891054e-01,1.162197688646114946e+00,3.409941643717097626e-01,5.031851194361085522e-01,0.000000000000000000e+00,9.342576405876548140e-01,1.225374751711227450e+00,1.430485280049580976e-01,4.762013080057034969e-02,6.252384169337256159e-01,1.198676657846527549e+00,5.507556386413024058e-02,7.000818202835502602e-01,1.283263097076279058e+00,2.464607479994914141e-01,1.172240861352145114e-01,1.271352621118360338e+00,1.241941421754686470e+00,2.875549124353106722e-01,8.910854411209707671e-01,7.283766426271811589e-01,2.273879137752772839e-01,2.047999541643139021e-01,6.099893031965074597e-01,2.409480462354366137e-01,1.173902963438664848e+00,1.652330940435589313e-01,9.825651390870842050e-01,9.655584600615508828e-01,2.726980103212853779e-01,6.625166408568888832e-01,1.869384208046688534e-01,6.994230938297014699e-01,3.409733481598768989e-01,9.258692202092405621e-02,1.119726103764894454e+00,8.500524897488385134e-01,7.996313152575291738e-01,7.002011873903700445e-02,5.397210282526032632e-01,1.168356243699207209e+00,1.274066768770489411e+00,6.652856461008318512e-01,4.907058580827610705e-01,2.791889106968209119e-03,7.771021195966637540e-01,8.212553079954673096e-01,9.995471680133316550e-01,1.033467618033659274e+00,4.129220540156642305e-01,7.636642934639423785e-01,3.539212758329407515e-01,5.399351276738482142e-01,8.158362279350465096e-01,1.006218359847444566e+00,4.475210398352509333e-01,5.255868259391593966e-01,1.168220570194295593e+00,1.103997988248881956e+00,7.983923042088045818e-01,1.821117868446851251e-01,1.140462771247049423e+00,1.080535487313721288e-01,1.062232457174860034e+00,8.011575315078230952e-01,1.250867113261208363e+00,1.237838204027449152e+00,1.049025630650523455e+00,9.693942028534884292e-01,5.186156476593171138e-01,1.034240910531278201e+00,9.223805480016619152e-01,7.423832064520183294e-02,6.440263105098009699e-01,1.035038873000380999e+00,5.305797117105609528e-01,1.640972784829823061e-01,1.223976762981435762e+00,7.691277716204936166e-01,6.056407090418979289e-01,3.478046471738147072e-01,1.514043437479612730e-01,3.338553928112185654e-01,5.505623662342561397e-01,4.628278730839779920e-01,1.209340832580012126e+00,4.845549684530217061e-01,5.391257849336665853e-01
8.124471233126493441e-01,3.172208635440345020e-03,1.234128927309756651e+00,4.412052736288977761e-01,4.230419149650174737e-01,5.279041684764873565e-01,6.900092734016792795e-01,0.000000000000000000e+00,1.097071298745974310e+00,8.791409993136740930e-02,4.770894786683254618e-01,1.047160668328312783e+00,2.177427497791684929e-01,8.021446780669152510e-01,8.202021604918058317e-01,5.873715563535655271e-01,9.169953468936032914e-01,9.529986669443052394e-01,1.224130834201154094e+00,1.025566583182861535e+00,8.505786384667897160e-01,4.643568998126858249e-02,5.079650462704802250e-01,8.583555205958207646e-01,1.034362360057000441e+00,7.978213790620805046e-01,7.636845833196428401e-01,3.571031871021278503e-01,1.260074884523014971e+00,1.959597040724418981e-01,7.933918599723607246e-01,4.683604246075424582e-01,1.189657629396628780e+00,4.532161798708712053e-01,9.838363610343721088e-01,1.847867579873752608e-01,1.222266873783431684e+00,1.290525584689571126e+00,2.333969970809214312e-01,1.070136609983745934e+00,3.789743999395266405e-01,6.338184013225444113e-01,1.173091706336919504e-01,1.207597722482118829e+00,5.402941368854161652e-01,3.587838346269856538e-01,1.207468568641229645e+00,3.778539876545308207e-01,5.403916479753510110e-02,5.684927593548159130e-01,7.498437991150594950e-01,5.835133463217488936e-01,7.184061087968371950e-01,6.610477865203988612e-01,2.594830894384572706e-01,1.312018059436878270e-01,4.904127996942475587e-01,1.137999259326015089e+00,1.264472913529581577e+00,5.954192873159158683e-01,1.160819148492386654e+00,6.006621202751245558e-01,5.800957219928482012e-01,1.045624460314970916e+00,1.187420192181506629e+00,1.167415291048237602e+00,3.912138636518489587e-01,7.307418446270348422e-01,8.433552710033057620e-01,3.779716907192919306e-01,2.187260844085270328e-02,1.148770113484485655e+00,1.070352145771320318e+00,1.247215662930230673e+00,6.122767203655972157e-01,6.555880955232291640e-01,5.177262345742044136e-01,7.756081742701871340e-01,1.097463038257122214e+00,4.728074133017960423e-01,1.465457405988931372e-01,3.618945490892537253e-01,1.049791859077286560e+00,7.785630354636380313e-01,3.383774079031084958e-01,4.262495828988101532e-01,6.641879074564827068e-01,3.606836600724747099e-01,5.021388533771524720e-01,1.088797080979178739e-01,5.672905045427018011e-01
1.154831768218254062e+00,1.209953712889032529e+00,4.063303418467571482e-01,9.825309158381374530e-01,1.253390448393360002e+00,1.088089931985938064e+00,8.212252092354480615e-01,0.000000000000000000e+00,3.229451879671499936e-01,9.692455445122771795e-01,8.336591224333856909e-01,1.725719880590537991e-01,1.208833662090605277e+00,7.917316274783409158e-01,1.085537364600439814e+00,6.024163685405226065e-02,5.237771910851715118e-01,2.795145845965153475e-01,1.174093137802623282e-01,1.123340672789140182e+00,5.556570503776496750e-01,2.610309930351623620e-01,5.855718526739219776e-01,3.376004246508823581e-01,5.405052622166072185e-01,1.191032886308722061e+00,5.732395690328030424e-01,4.261362018070261048e-01,1.022763523876054348e-01,6.031563156009223103e-01,1.086618195940285858e+00,1.048110771810006669e+00,1.256966909731827453e+00,6.856750712443432372e-01,6.903345816548552838e-01,2.219385822767546146e-01,6.114522686314954880e-01,2.541906269285882369e-01,1.007432440071388324e+00,6.255422615299222056e-01,9.410439810243834136e-02,1.011946451013031822e+00,8.716483276234204824e-01,9.018506074572554265e-01,1.821342661098177690e-02,1.067628299105023881e+00,7.536044546123709109e-01,1.933514641584484217e-01,1.156480593176328897e+00,1.196339885846261941e+00,1.015676266298913832e+00,4.774883107571380458e-01,4.585399611196931402e-01,4.622335295656661014e-01,2.636852092827751334e-02,1.119415571389156039e+00,1.157229715012447757e-01,7.942524821028219550e-01,3.425322527473511069e-01,5.549034343537305736e-01,1.160975311644741437e+00,4.011659061511389512e-01,2.812800965040157530e-01,5.076825453858176962e-01,1.127450312671736343e+00,6.137352974190852795e-01,9.500687076486176164e-01,2.887949194646085571e-01,3.446471847354694307e-02,2.267110305249589175e-01,3.927857196928257744e-01,1.153271769274962999e+00,1.737055153204525859e-01,3.655090619989966871e-01,8.657962071468160437e-01,5.606839160123677779e-01,8.068603509424228104e-01,0.000000000000000000e+00,1.173778697014896233e+00,8.167189822655647469e-02,6.230199554474745716e-01,2.077559002972284019e-01,8.323399575607048906e-01,9.697605828801558747e-02,7.810259528610317137e-01,1.271117838108044795e+00,1.121570143826422283e+00,1.048475569237930394e+00,6.065774224150352056e-01,3.182384207056615510e-01,1.075854425725046637e+00
8.836449228556154667e-01,4.363871389488114261e-01,1.047217484935151627e-01,1.059989978556799661e+00,0.000000000000000000e+00,6.546566188604410197e-01,5.147310754415131973e-01,0.000000000000000000e+00,7.538216925481598940e-01,8.579264151915920733e-01,4.031942012334114311e-01,4.344380828044694387e-01,9.045080245890978476e-01,4.420541731018285403e-01,1.180447541034862269e+00,1.097732873222330596e+00,1.261747665662400708e+00,2.944108025914115023e-01,1.135105749009594378e+00,1.228343625024218788e+00,0.000000000000000000e+00,1.067309255833062354e+00,4.841447896841809539e-01,5.247254769239284578e-01,8.120592387650406030e-01,8.526136788524613097e-01,1.187342122825185919e+00,0.000000000000000000e+00,4.282291437095619990e-01,7.800056808234753225e-01,7.390598875161700221e-01,1.256086383038719778e-01,7.138203115974888213e-01,1.130948633378930479e+00,3.238594719744468664e-01,9.168728898963793839e-01,9.274513751836857556e-02,2.553469650836901472e-01,9.253128613003813729e-01,2.089694894366267153e-01,3.662031178330081294e-01,6.012902286242939598e-02,0.000000000000000000e+00,4.945379591620825410e-01,9.820194351718286585e-01,1.219404973643401169e+00,1.249207948715882477e+00,1.533811568622264476e-01,0.000000000000000000e+00,4.053611968691741563e-01,5.648670137700848581e-01,9.219275978934939886e-01,0.000000000000000000e+00,4.989412746298032553e-01,9.273046537440799986e-01,1.167871016681334861e+00,1.184804113882033105e+00,5.179995455853215747e-01,7.316865164354088291e-01,1.290894770801433111e+00,4.831117954458733488e-01,2.454831910134543937e-01,6.057444080061067382e-01,1.201497837904269783e+00,1.421829186762257613e-01,1.580659583417819147e-01,8.847866873627832085e-01,5.872701224787699736e-01,2.571349189533675417e-01,9.994270003989529083e-02,7.817906019933719142e-01,1.226646903119298498e-01,7.356469707403966440e-01,1.119653319018560245e+00,2.799474160308676463e-02,4.175050505236426734e-01,8.150203106837982103e-01,3.727858586970205779e-01,4.964018072003155702e-01,1.747468707176876579e-01,4.187082993768534434e-01,6.175834025710849051e-01,6.751136101743888673e-01,4.696131444459445414e-01,2.191069617955923587e-01,1.262725942281934799e+00,1.573229496243033487e-01,7.653533097237313898e-01,1.168387878933355495e+00,4.316826575570117397e-01,2.491806687126991438e-01
5.796799096221942893e-01,5.845628253923976780e-01,9.424972282959113157e-01,4.020229654413945974e-01,1.202024948271440463e+00,7.665986389174571647e-01,1.528708897004009415e-01,0.000000000000000000e+00,3.698582640448624392e-01,2.234507044085040639e-01,1.154623441945202167e+00,2.843862279250070624e-01,1.849950683356107739e-01,5.704767347358921104e-01,9.151534671827828982e-01,8.229666723386157290e-02,1.175805241634484410e+00,3.035414011042835147e-01,5.533636618377097971e-01,9.503653380927049588e-01,1.328333601922380147e-01,5.609496249456336070e-01,4.209042199621889635e-01,8.218236269065395394e-01,2.245990091583274229e-01,1.284272988529073789e+00,9.147120270403203968e-01,8.670125175995190281e-01,1.056224202079680152e+00,1.567374543462932701e-01,1.051460168656086491e+00,3.316036952018598660e-02,1.150422024853933634e+00,2.031169955580201802e-01,6.476490290929800553e-01,1.249326681198148936e+00,9.219982474606762679e-01,1.373098236214124676e-02,8.652628681503846675e-01,6.918956201534696149e-01,3.485791612634482339e-01,2.977119038474750901e-01,8.967159145894170180e-01,5.157490639227649831e-01,1.010566434599694086e+00,6.393110521223885900e-01,6.513274155979308366e-01,6.540726493517613482e-01,5.522553692792301350e-01,7.161696033169773212e-01,4.157480997174417547e-02,1.695311500029752505e-01,1.036089400840671582e+00,9.855540867983326736e-01,1.348681183176151099e-01,3.361687189845086743e-01,4.646777204754467538e-01,5.097592644025911168e-01,1.073020841560117011e+00,1.085645001795187969e+00,1.156917158614792607e+00,3.081299493071963935e-01,9.493377137113323538e-01,2.117227421906721085e-01,1.256491331123209543e+00,9.202304136805131707e-01,1.050295522144513161e+00,3.205210486774685563e-01,9.689755882904463880e-01,7.185489684450873105e-01,3.874544608117692218e-02,5.602316816380213949e-01,4.960978114501636838e-01,9.062976307717203472e-02,3.478987950375612148e-01,6.025941971258628321e-02,1.121514637323214769e+00,9.715791095731575178e-01,5.915048768504173049e-01,2.883692744316437850e-01,1.170526151346037214e+00,2.447598760530439455e-01,4.008800089168441660e-01,7.543001684824720554e-01,1.093511540485021749e+00,1.217813818126784575e+00,1.435829345788444400e-01,3.995355649740657822e-01,1.135845298627597533e+00,1.092464171792150607e+00,4.381835562434050479e-01
1.206750831281236280e+00,1.159044638819617834e+00,0.000000000000000000e+00,8.942302874928667600e-02,5.836447859074785915e-01,5.234394824246397793e-01,1.137670122335254330e+00,7.535169519319654396e-01,9.067811243135329713e-01,1.075523740401914674e+00,5.344890771501508153e-01,4.508485868979463240e-01,7.165134146847409458e-01,1.140754528521338962e+00,5.104587607420373319e-01,1.027062263697713432e-03,1.139169154497948755e+00,1.721291380600823151e-01,6.152126735597154283e-01,2.519956987247333191e-01,5.518074815411848633e-01,5.741476386315750302e-01,3.597696948470257561e-01,8.052505782594999995e-02,8.985397284864270195e-02,8.407656406868073695e-01,1.919106719321034271e-01,7.359399868618464735e-01,1.031061776206968927e+00,2.879399329574806599e-01,7.126454428256755458e-01,9.976965732244521545e-01,2.235303619834831390e-01,1.328890302737219253e-02,9.121656586752671103e-01,6.093742974732036660e-02,4.131985288806975243e-01,1.061176899272403329e+00,4.778763327566672992e-01,8.443902173990734950e-01,9.306032963969777805e-02,5.822934210261134641e-02,5.774309261941917848e-01,6.948416642174134461e-01,5.636525460378375429e-01,1.064985395672273683e+00,1.090158211390354487e-01,1.021736224148600547e+00,1.103026324197728808e-01,1.136541832963579468e+00,1.256995363178538438e+00,9.429114193911024566e-01,1.188004217041526589e+00,5.460081421342198871e-01,8.136090775395548036e-01,4.421636471167985638e-01,7.263258038365244529e-01,1.290894770801433111e+00,1.038810293200664647e+00,4.938694145529892165e-01,1.189014470668349421e+00,1.624934404268794375e-01,2.859714681647981260e-01,8.245265710609565868e-02,6.865669326312335841e-01,4.052058161190046914e-01,1.042737120352964508e+00,1.092134740544285387e+00,3.795376053080004031e-01,8.112405410254979188e-01,3.387078605574402324e-01,8.373905058679865787e-01,7.212627757442385823e-01,1.355425551190737876e-01,7.626423662020044292e-01,1.872116622373082295e-01,9.561077464279127414e-01,7.313723345376501594e-01,5.280356504539041040e-01,8.539626082162555809e-01,2.969733312467003894e-01,9.316372506665462350e-01,2.850878082271283143e-01,1.706947888395905777e-01,7.398919354755063571e-01,4.528129968770059355e-01,1.107676519869530279e-01,7.724700264276841422e-01,6.998124579641193943e-01,6.633676524520907281e-01,4.456094115756718543e-01
1.134636335789091510e-01,6.132502640227360802e-01,8.157480385554507496e-01,3.039478810880648085e-01,1.056528010847157306e+00,2.775214820154364159e-01,4.965313697517172997e-01,0.000000000000000000e+00,6.307756471061588543e-01,7.021305957163428424e-01,7.571793069124967968e-01,4.252538367324126267e-01,1.129968167230453568e+00,1.014043751532129001e+00,9.162356722996197744e-01,8.733342870860181240e-01,1.800277205763440580e-01,6.869817125356573184e-01,8.471734694745751693e-01,2.679157130242900697e-01,2.966752500023793204e-01,8.735857256499759416e-01,2.381152375177360281e-01,2.252229485086397476e-01,9.518920229992899884e-01,6.982788578148135805e-01,2.283573581081184134e-01,9.175897007621994783e-01,4.365160678869825506e-01,1.508988180899624998e-01,8.958193202819038081e-01,3.571197711377477324e-01,7.674003301584432224e-01,5.815841945883839514e-01,5.966840497498879792e-01,1.101506062996760571e+00,1.043663162457296734e+00,7.278776831530187064e-01,1.154644921990499506e+00,0.000000000000000000e+00,2.994551075326394307e-01,7.273984007288996079e-01,3.937542562288841030e-01,2.014126988762380832e-01,2.412357963718668452e-01,1.184912585478721248e+00,3.285423474215262707e-01,8.257210273946258283e-01,1.226682292223595372e+00,1.082062310652927906e+00,1.262319300090565699e+00,6.178450996374690307e-01,8.028702352308533241e-01,7.521051849036524128e-01,1.013228816493874307e+00,1.001109925043427440e+00,2.643050294329662431e-01,3.388335921344355905e-01,3.621010151733181637e-01,1.178331667857452247e+00,1.139981979186935668e+00,6.852076819182312262e-01,8.675174272654821994e-01,5.855939908311700304e-01,6.224146350059340804e-01,5.644106035701104140e-01,6.039313299745193708e-01,4.687828331386942882e-01,9.773669150824544349e-01,2.806999408054922096e-01,7.178844817191488703e-01,7.697713462807898900e-03,7.538246902059844157e-01,1.670197816984747841e-01,7.654868850176090866e-01,7.960145001174974422e-02,4.167393842119234693e-01,0.000000000000000000e+00,6.323815722883489032e-01,7.607145466869098538e-01,3.176825420555834389e-01,4.543376150372620548e-01,4.524068743943802234e-02,9.392878602095148244e-01,3.367143917220162819e-01,9.678261846686475600e-01,8.680655957706837622e-01,2.293982231424739754e-02,8.052345038046510028e-01,3.353113268484329557e-01,2.787472792072604247e-02
1.123526094639278217e+00,1.377847270110721736e-02,4.719664478563079801e-01,1.290894770801433111e+00,5.815365878508719361e-02,9.401922326849801448e-02,3.592405799827087520e-01,1.055359544606238650e-03,1.290894770801433111e+00,6.306916222255137816e-02,0.000000000000000000e+00,0.000000000000000000e+00,0.000000000000000000e+00,6.436748913289329632e-01,6.701478864261489754e-01,5.897368489269199099e-01,4.466654007806536986e-01,9.253745513477616980e-01,8.977717151285372621e-01,3.385112721319264995e-01,4.091536739434619707e-01,2.664160012103449771e-01,0.000000000000000000e+00,6.033852321574778577e-01,1.244965715034532794e+00,1.114598393640057195e+00,8.904867988369662424e-01,7.077466812499115800e-01,3.375368495672227964e-01,7.122308220793588385e-01,9.064048755734409601e-01,6.020861042260240437e-01,3.408381674859735089e-01,8.212695362986245362e-01,4.800623749946932306e-01,9.337413266976013482e-01,3.856660537669078792e-01,3.685521129033471621e-01,8.007351054354633346e-01,7.795529797569890340e-02,3.667886573697943242e-01,1.217524215412896682e+00,1.844475595093706677e-01,9.565523961853905632e-01,5.112541275898184745e-01,1.278732524237863044e-01,1.225604422809994265e+00,1.290894770801433111e+00,1.927349247661450105e-01,3.633364053397147297e-01,0.000000000000000000e+00,2.871426629691395949e-01,0.000000000000000000e+00,0.000000000000000000e+00,8.381359492993017968e-01,8.039622213872791301e-01,7.765468312861421030e-01,1.290894770801433111e+00,6.565182659436002988e-01,8.966315885688523890e-01,1.131930786689652191e+00,4.245835741334882951e-01,5.334977681277091044e-01,6.777857690904856014e-01,7.544105849302258360e-01,1.534327224253397015e-01,4.091827709564267446e-01,0.000000000000000000e+00,3.035431856338685619e-01,1.188203280420671248e+00,4.622242213709417541e-02,3.221369719332009551e-01,4.481753595715028127e-02,1.004083444502923861e+00,3.247745900330194502e-01,8.763500981572328041e-02,1.228127505021392674e+00,2.764747748152225348e-01,8.740293405965925411e-01,1.428737068532251742e-01,7.107823114102646000e-01,1.120571119644689917e+00,6.104025381400240979e-01,1.668882821436275254e-01,9.649485544265854475e-01,5.387475419146290356e-01,2.014728984051984972e-01,0.000000000000000000e+00,5.012304759564963907e-01,9.131608552180823235e-01,9.376849555719869445e-01
8.666646087860873093e-01,7.775346244526112893e-02,8.330941188829352750e-01,1.290894770801433111e+00,1.053992273218579134e-01,1.936204605859035144e-01,7.540418516223665931e-04,0.000000000000000000e+00,8.788070176596224359e-01,4.666193413029710579e-01,6.316674227102201389e-01,6.067479497365099381e-03,4.855470990922763352e-01,3.706264451123273962e-01,6.649682347748085975e-01,1.889622549256631534e-01,2.892762332445119045e-01,1.238905414422792672e+00,1.025295339457312549e+00,4.904704341714491989e-01,1.211039163809161101e+00,7.096953457324370884e-01,1.043398639244137449e+00,2.985146593384952474e-01,6.466025642638473236e-01,5.327815764257490816e-01,3.114879455437256639e-01,4.312203560735033969e-01,1.120102803870452357e+00,6.071215650549898202e-01,1.146606799326266746e+00,1.271352590342056610e+00,5.254695994634118322e-03,6.065397862923492811e-01,3.146279801108149976e-01,3.847256657239099265e-01,6.981227918608429173e-01,9.192224329845608555e-01,3.319270677929320734e-01,1.008590598520265669e+00,1.111763444565156522e+00,1.282152145160057266e+00,6.265218581779615770e-01,1.720534255292177628e-01,6.959353910946716182e-01,6.760560604993812728e-01,9.284392128221529150e-01,8.695970605384676366e-01,7.971152482203024414e-01,4.281865888617409910e-01,5.511889666405065391e-01,9.054477324502189228e-01,5.765319918441178526e-01,8.965926140481998707e-02,9.636977154676621415e-01,7.559912236068729863e-01,1.102673089564057518e+00,3.281159146906052482e-01,8.166800599460575238e-01,1.257919803788911661e+00,1.185633104823913264e+00,1.862326921757534726e-01,2.167154530611669072e-01,2.619763684203189058e-01,6.813891060307569747e-01,7.671679118225281924e-01,1.198864580737057706e+00,7.521182297756060509e-01,9.835961291376893456e-01,7.072608261645189909e-02,9.451102773263476697e-01,1.150199513115164107e+00,3.399638761150355903e-01,9.177836424464459464e-01,7.782748683784096455e-01,5.301442847556775417e-01,3.009089117018814430e-01,3.977515954668504050e-01,5.467912124806090235e-01,2.612998647134135433e-01,9.189608457548271714e-01,1.288917148135621416e+00,1.011255807684434460e+00,5.070839583542372520e-01,4.849407049478291626e-02,7.148612394582519736e-01,9.350294494716894222e-01,6.087701230958401100e-01,1.970675814976298457e-01,7.753781921126441379e-01,5.898227218219620482e-01
8.093199811047308012e-01,7.448680078011609140e-01,8.051853916379350107e-01,1.290894770801433111e+00,2.085481347990717493e-01,3.560122438195056915e-01,1.676661729855951632e-01,9.704099453799776009e-01,1.153207988497068293e+00,4.015116480382281694e-02,1.186966198168514647e-01,2.317857085821115881e-01,1.145955153233553014e+00,1.140050055003272833e+00,1.195110942303777568e+00,7.167986585981509506e-01,6.781691102838277585e-01,7.562681893854374948e-01,6.033945018573615426e-01,7.965176153113728841e-01,1.263300680527096043e-01,1.281642888008892311e-01,6.276766719677951967e-01,7.934767354364997693e-01,8.954726969403241366e-02,7.246268289682532560e-01,5.371567696615773269e-01,5.360928098073405312e-01,4.655029908308750963e-01,7.116415041415861953e-02,5.557044160492567997e-01,8.998579090686564808e-01,8.572941667416361655e-01,1.179498521964927438e+00,5.141720182993108068e-01,7.686141391381419163e-01,1.070546776248314513e+00,2.711745138909090747e-01,9.324331537454190189e-01,2.497895593614471721e-01,3.275222234095214735e-01,2.295697886146770839e-01,2.180520967638676366e-01,2.009421367244544898e-01,1.096896380570905771e+00,7.985534558945579786e-02,7.334120955340853731e-01,1.261051270360088461e+00,8.435792700956217249e-01,7.593621532553582187e-02,3.430697337767832367e-01,1.173720051422481925e+00,5.535505642419906724e-01,3.241368184021391485e-01,1.029258494653745748e+00,5.009731438692491823e-01,1.455771608880483126e-01,7.059048765938130687e-01,1.078569451805603041e+00,1.046384130066447149e+00,1.164849773654793363e+00,2.817927979333064159e-01,1.141043879211677048e+00,1.275614493023033758e+00,8.552743200123307243e-01,1.047836958419742448e+00,1.097547124500590998e+00,1.128481515286205772e+00,5.390387920018299139e-01,1.265603760479662165e+00,2.220454637041394119e-01,2.221306787532178473e-01,3.611494687679138171e-01,4.936917186056241635e-01,1.010996237216106541e+00,2.270439531750731432e-01,9.528221310419342505e-01,2.376509211272820887e-01,9.241041900602007253e-01,5.257065203228371564e-01,8.087847185763520352e-01,7.342864368523645269e-02,1.032464459944582025e+00,1.185694636315399286e+00,1.319816265782744469e-01,3.765329945894911878e-01,1.705398608593990672e-01,4.118361347087902691e-01,3.074472128549630145e-01,5.642637979186340136e-01,7.498370813981666272e-01
4.428044311957959334e-01,6.884246520301631200e-01,3.029899775696418551e-01,8.857260000825734059e-01,8.124689480475048020e-01,5.688675479040014027e-01,7.347250028335519101e-01,5.399233388386723842e-01,1.067410088052993089e+00,1.552145856543957203e-01,0.000000000000000000e+00,7.834044759964469140e-01,2.535364458270663590e-01,7.538663067701867337e-01,6.454433477421936960e-01,1.831542158614684612e-01,5.231951568979019696e-01,9.286841364605739058e-01,5.065787960089688235e-01,9.343908850996472948e-01,0.000000000000000000e+00,2.203650142348840546e-01,9.427985457720813312e-01,9.295604428917110251e-01,1.275698839146301555e+00,3.397936112045991108e-01,1.744129228393281328e-01,6.860808888863806354e-01,1.058444069107829177e+00,3.266576232976686200e-01,8.740511585717681831e-01,8.222869703919031270e-01,1.086917693196333135e+00,3.830852939718228933e-01,9.932461841417392634e-01,6.272380014880274413e-01,2.889482399423478620e-01,1.049886465283380588e+00,1.195895749265305064e+00,5.865388108657532129e-01,6.285899303801202320e-01,1.163977891073611826e+00,1.752824887386577879e-01,7.525599607292278448e-02,1.142515347211389587e+00,1.098397592239533482e+00,2.591234443246691610e-01,1.125206892807359305e+00,1.059067470065830463e+00,8.278644714744828326e-01,8.079824962939742283e-01,6.301275411642747182e-01,5.455012455617725964e-01,3.208063026589694222e-01,0.000000000000000000e+00,6.620764752241605766e-01,3.700388124248834565e-01,1.162400707192211974e-01,1.074726003118716022e+00,3.117719221280047109e-02,1.168504245504699668e+00,4.167557515390099554e-01,0.000000000000000000e+00,1.284564552493572043e+00,1.249765724557921454e+00,9.605899162811245562e-01,1.290894770801433111e+00,4.795516223964280123e-01,9.076352553121638245e-01,1.057838370219820329e-01,5.801711188773129857e-01,0.000000000000000000e+00,9.033098546753365321e-01,1.261400508276713239e+00,3.597259921761631341e-01,1.265568894443092063e-01,4.941240622019851259e-01,0.000000000000000000e+00,3.404693818043514897e-01,6.912008070355994960e-01,4.789028002380755766e-01,6.180116394209659303e-01,3.686575642058400049e-01,7.097610872262085646e-01,9.748384429872849477e-01,0.000000000000000000e+00,3.486649172401442009e-01,7.243600788996739093e-01,1.245381822411995465e+00,4.701590978407353683e-02,9.238941672530333049e-01
4.043873939505504000e-01,1.267854437111272103e-01,4.656384971585772470e-01,1.290894770801433111e+00,1.241365410084033782e-01,4.238665995962783151e-01,1.286072672322467192e-01,0.000000000000000000e+00,4.288381246510859779e-02,2.361464042832326499e-02,2.584732094688058646e-01,4.108484150577838556e-01,4.418369851242930080e-02,9.753950158522315395e-01,2.072113074281551892e-01,1.169892157069627681e+00,6.266866157911574753e-01,1.705762863472538859e-01,4.366398878751941437e-01,7.281711987244052775e-01,5.029508947142894426e-01,3.620656596846251185e-01,6.864133439734032560e-01,3.458174273584841418e-01,1.174170423900410709e+00,6.937363144468126075e-01,1.162111395922410528e+00,5.416595908882579913e-01,4.947120176253189672e-01,1.898688140923022738e-01,3.660342971330320938e-01,6.299361675059338417e-01,1.591472570038154899e-01,8.892722999265104677e-01,9.483268465931922464e-02,5.514024441031043500e-01,8.038507219438169038e-01,4.108151544877602368e-01,3.975712447400382432e-01,6.835459027855669278e-01,3.423871802167590128e-01,4.389788469639907542e-01,2.036564124036921719e-01,1.125721259183366518e+00,7.004904975573290615e-01,2.885763775455503222e-01,4.144881956808486589e-01,1.140271419297303135e+00,1.136165453465952657e+00,2.653612685772849811e-01,4.937096921093515611e-01,9.843756386741224773e-01,1.264155108626036972e+00,3.886053588563747052e-01,1.230507547522261325e+00,1.095758659001183855e+00,8.593192494939672077e-01,7.681115214101412736e-01,1.049319530458059369e+00,9.252547018330358197e-01,1.204069229660660323e+00,1.241696490442483869e+00,1.706919449501252684e-01,1.056234275694788671e+00,4.578071240536061848e-01,4.197112789487143503e-01,1.257179050656723307e+00,6.175577795125583233e-03,1.071428358381281603e-03,1.177453572241785151e+00,9.672774414096434459e-01,3.214815045543333305e-01,8.860213680548130188e-01,5.129516338918150842e-01,4.377183572162479663e-01,1.138228875722379740e+00,8.151263343451836674e-01,4.739695902069795963e-01,7.466609498977988535e-01,2.968406581629980945e-01,1.088473935752376498e+00,3.782509964548750880e-01,1.275818398127634978e+00,9.610679776875475921e-01,9.508923395172960702e-02,5.058052832775070673e-01,6.519746982068759245e-01,1.867675268750434991e-01,1.100698427088527387e+00,7.198621353103432652e-01,6.287603062188356073e-01
4.043873939505504000e-01,1.267854437111272103e-01,4.656384971585772470e-01,1.290894770801433111e+00,1.241365410084033782e-01,4.238665995962783151e-01,1.286072672322467192e-01,0.000000000000000000e+00,4.288381246510859779e-02,2.361464042832326499e-02,2.584732094688058646e-01,4.108484150577838556e-01,4.418369851242930080e-02,9.753950158522315395e-01,2.072113074281551892e-01,1.169892157069627681e+00,6.266866157911574753e-01,1.705762863472538859e-01,4.366398878751941437e-01,7.281711987244052775e-01,5.029508947142894426e-01,3.620656596846251185e-01,6.864133439734032560e-01,3.458174273584841418e-01,1.174170423900410709e+00,6.937363144468126075e-01,1.162111395922410528e+00,5.416595908882579913e-01,4.947120176253189672e-01,1.898688140923022738e-01,3.660342971330320938e-01,6.299361675059338417e-01,1.591472570038154899e-01,8.892722999265104677e-01,9.483268465931922464e-02,5.514024441031043500e-01,8.038507219438169038e-01,4.108151544877602368e-01,3.975712447400382432e-01,6.835459027855669278e-01,3.423871802167590128e-01,4.389788469639907542e-01,2.036564124036921719e-01,1.125721259183366518e+00,7.004904975573290615e-01,2.885763775455503222e-01,4.144881956808486589e-01,1.140271419297303135e+00,1.136165453465952657e+00,2.653612685772849811e-01,4.937096921093515611e-01,9.843756386741224773e-01,1.264155108626036972e+00,3.886053588563747052e-01,1.230507547522261325e+00,1.095758659001183855e+00,8.593192494939672077e-01,7.681115214101412736e-01,1.049319530458059369e+00,9.252547018330358197e-01,1.204069229660660323e+00,1.241696490442483869e+00,1.706919449501252684e-01,1.056234275694788671e+00,4.578071240536061848e-01,4.197112789487143503e-01,1.257179050656723307e+00,6.175577795125583233e-03,1.071428358381281603e-03,1.177453572241785151e+00,9.672774414096434459e-01,3.214815045543333305e-01,8.860213680548130188e-01,5.129516338918150842e-01,4.377183572162479663e-01,1.138228875722379740e+00,8.151263343451836674e-01,4.739695902069795963e-01,7.466609498977988535e-01,2.968406581629980945e-01,1.088473935752376498e+00,3.782509964548750880e-01,1.275818398127634978e+00,9.610679776875475921e-01,9.508923395172960702e-02,5.058052832775070673e-01,6.519746982068759245e-01,1.867675268750434991e-01,1.100698427088527387e+00,7.198621353103432652e-01,6.287603062188356073e-01
1.215542849147752458e+00,4.899314356222068678e-01,3.211785758882957920e-01,1.290894770801433111e+00,0.000000000000000000e+00,3.874013046286545747e-01,1.263845937983934409e+00,0.000000000000000000e+00,3.281310263559528706e-01,1.167687543718203685e-01,9.563004918152120393e-01,9.242691908489790720e-01,0.000000000000000000e+00,9.939087390944262301e-01,1.281505926198555301e+00,1.033103882089791981e+00,1.363382459742345787e-01,9.682219166303488445e-01,1.155102721937538712e+00,1.090786020700647008e+00,0.000000000000000000e+00,1.053068323473167034e+00,3.657984925013864075e-01,7.134298552754674005e-02,5.641293925320142177e-01,5.753342673308943223e-01,6.447601522421415599e-01,4.440874653229811564e-01,7.019879560083818193e-01,7.792229018118106421e-01,6.570729403714010708e-01,0.000000000000000000e+00,3.830057649875134307e-01,0.000000000000000000e+00,5.569948713841477161e-01,1.055152701187199948e+00,1.726595147089184101e-01,5.956844636799446535e-02,1.149253118621278213e+00,6.519651541904183389e-01,0.000000000000000000e+00,1.262138886591582798e+00,1.275066478931990988e+00,9.044279611997719792e-01,4.877965679198784654e-01,0.000000000000000000e+00,6.363355646144331912e-01,4.702631966100233041e-01,0.000000000000000000e+00,1.222883759053989827e+00,9.161293982408237335e-01,3.795920562636309614e-01,1.911462118494590967e-01,1.254423611228040691e+00,0.000000000000000000e+00,3.355146749899891589e-01,6.064137418423783954e-01,1.002602695218641093e+00,1.293157183611040872e-01,1.080798343998637723e+00,8.961993858774310873e-01,4.612185100189108433e-01,1.177180587738355433e+00,1.133525736631530112e+00,2.422658860867212272e-01,4.429304208621864802e-01,1.290894770801433111e+00,1.093365802674710396e+00,1.487281368660270109e-01,1.380217606530989016e-01,3.152497634476310040e-01,2.513947976640033919e-03,6.476009766093958619e-01,1.290894770801433111e+00,2.169916860387789970e-01,5.658388010223377451e-01,2.696117809295602366e-02,3.724238287191955488e-01,1.833997277207887466e-01,8.559827694543215015e-02,4.310339872169862696e-01,1.058997152989110457e+00,7.364274215755987063e-01,8.357868899196707613e-01,2.944326535541034184e-01,9.575411442815326968e-01,5.592790760612917911e-01,3.723088652075083882e-01,8.841984929974698870e-01,6.610400596435392906e-01,8.851727927189600997e-01
6.975218636932990490e-01,2.410758566840337236e-01,2.802338020730151258e-01,1.041209459169092133e+00,1.006033153980824685e-01,8.022212230749911077e-01,3.351289343120464892e-01,8.495653939093897322e-02,1.029610296426031191e+00,4.165675808683811931e-01,8.326474280142233120e-01,4.648663635479660106e-01,1.114502053414797134e+00,3.687031703406439265e-01,8.047846262356828095e-01,4.019215119830513161e-01,1.489638812965810577e-01,5.059549113152138622e-01,4.247137644970990777e-01,4.562060385085172504e-02,6.425807035231095865e-02,1.722185509757819533e-01,7.665772736950621224e-01,6.741312539498851564e-01,5.576863811611443289e-01,1.058995750120352408e+00,6.217252786866437342e-01,5.703207477392753244e-01,4.008210995033396062e-01,6.691798440445573259e-01,1.201837900900605716e+00,8.182780050140516792e-01,7.627294112828151285e-01,8.436509225696919856e-01,2.294473345063370029e-01,7.184226446661720056e-01,1.275548764994451023e+00,1.529440890862880653e-01,1.003308004038281354e+00,3.056607416663693622e-01,7.981247994433121606e-01,1.086321442848954044e+00,5.676307541362207720e-01,1.061392703145255911e+00,6.227266868133887190e-01,5.252804110067563759e-01,1.216873949903699570e-01,8.509861265261993157e-01,4.972004153632451628e-01,3.946022265849200572e-01,6.045918897402531300e-01,1.117906541668368670e+00,8.924181809545188582e-01,9.383450903377663632e-01,4.219346828609930600e-01,8.200582115878179978e-01,5.733775964756417931e-01,2.282299590528988065e-01,9.410891079614825960e-01,8.235374628498612903e-01,1.290894770801433111e+00,1.004383716642400559e+00,1.194957115401840353e+00,1.470709431040102544e-01,5.721733352690961949e-01,1.004097303620814730e+00,1.087967882752770343e+00,0.000000000000000000e+00,7.152570341484203453e-01,1.221610244289997871e+00,7.714130214017932419e-01,4.212350209978420468e-01,1.166083684870906856e+00,6.818265909893769239e-01,9.400668807382089875e-01,1.042780544488311895e-01,1.290894770801433111e+00,5.446987495695031489e-01,1.109868373003028319e+00,9.584056166436126789e-01,2.935233489239523208e-01,4.645184607209354999e-01,4.705236552718594645e-01,4.925262467330058236e-01,1.135109190483144792e-01,2.851708221857514047e-01,2.619654004889610532e-01,1.100412754086545153e+00,2.051908115264151067e-01,1.198671550671363661e+00,2.319589982320818811e-01
1.275194444349972311e+00,1.031987860815963970e-01,1.290894770801433111e+00,4.611890684839409782e-01,6.092057945605570124e-01,4.211199706121951380e-01,7.628246137223715362e-01,3.388927860858957364e-01,1.226880050817855894e+00,9.984438962677192331e-01,0.000000000000000000e+00,3.710626130659555599e-01,1.009522690278503859e-01,8.904476803371291771e-01,7.019735411460710506e-02,8.593783793982949504e-02,3.569581042101102608e-01,8.455803997623992374e-02,1.750652997874420913e-01,1.039302554405305390e+00,4.942001168313227555e-01,7.634940158557488310e-01,1.290894770801433111e+00,5.246403716355719782e-01,1.183342183034392203e+00,1.274425017398858939e+00,9.450213505565154687e-03,2.600889791853661093e-01,1.080148075298051236e+00,1.290894770801433111e+00,2.466812085629633278e-01,8.056653586960877897e-03,8.703038572253054550e-01,3.632450594286228962e-01,9.615649299428610242e-01,1.246431357822470387e+00,4.255358201121462458e-01,9.522244106371753336e-01,3.011114180911949045e-01,3.941619010140300361e-01,8.658055718962541780e-01,9.185404529105332117e-01,9.649434542313288787e-01,6.099610814150910332e-02,1.271871620971179562e+00,7.648767836122176700e-01,9.915458419450949856e-01,8.160307111825826354e-01,1.885840926213840918e-01,7.922010233279324076e-01,9.521333410767289784e-01,3.913059285025796696e-01,9.539631268451274071e-01,0.000000000000000000e+00,0.000000000000000000e+00,3.903784500926693601e-01,1.315206446981109500e-01,4.201863729400281411e-01,6.119453260433208724e-02,3.096761761754572295e-01,0.000000000000000000e+00,1.050539936303173105e+00,1.170485056592540651e+00,8.957216686509773540e-01,1.015735673969790476e+00,1.290894770801433111e+00,1.280161418251966721e+00,1.016236169541259393e+00,4.996314692344253072e-02,4.458774953017637932e-01,2.190663835742905352e-01,7.523631402920351041e-01,2.929898195748966150e-01,9.601688409622081144e-01,7.605727245999559516e-01,6.328116645263185402e-01,1.008982482494683364e+00,1.269989100420785944e+00,2.583330792555609268e-01,9.870969142591335954e-01,8.159864999787300732e-01,1.159926868510587239e+00,1.264342738645312769e+00,2.906816297584946529e-01,8.538181718027759715e-01,5.817606495714626735e-01,2.578355462979332047e-01,8.300594722581281504e-01,9.377354272191330553e-01,5.998423086274339289e-01,9.442279935921351619e-01
1.073699241253393888e+00,1.040650078398212219e+00,6.273918766555416915e-02,1.290894770801433111e+00,7.272674241568078957e-01,7.251233972326123212e-01,2.488125761366433708e-01,1.089429231232738271e+00,7.089579645193432311e-01,4.983931090012823084e-01,0.000000000000000000e+00,6.815661484536756909e-01,0.000000000000000000e+00,3.765563720875103049e-01,9.526549312531009672e-01,1.144875287429155897e+00,2.132880098995053875e-01,8.583065202264686389e-02,5.339874292039966663e-01,1.546686088032915019e-01,8.838097904976366381e-01,2.808736303501525033e-01,7.069392279556730996e-01,2.182176740664824866e-01,1.029106567284196583e+00,1.282172181916000131e+00,6.124087928721002605e-01,4.830681779278609977e-01,1.102626765043702495e+00,7.539496970595707115e-01,1.217945186382118017e+00,3.617098075214747466e-01,1.123541654662178813e+00,7.296223317681040099e-02,4.511181658640251446e-01,6.946010224354054463e-01,7.092432670596217070e-01,3.736158718879907803e-01,3.909847825945910738e-01,3.001497683430910945e-01,8.272582635860901978e-02,3.818060483060420340e-01,1.144162962334924760e+00,1.071273829723493887e-01,3.835176559425445553e-01,8.580919584524241417e-01,6.180619770079364139e-01,1.032959731380317159e+00,6.496838321629255786e-02,1.290894770801433111e+00,5.095819239256851318e-01,1.943979418748336963e-01,1.030182227931776051e+00,0.000000000000000000e+00,9.654145131073152974e-01,1.240816142899022978e+00,1.243035985621656625e+00,1.478580206369617123e-01,8.396219525203196810e-01,1.233532253594794126e+00,9.974765689520844747e-01,9.805377906355371431e-01,3.436317243431839530e-01,1.028548565808355075e+00,1.200323458157398715e+00,1.704124092694075665e-01,1.497855905303233266e-02,1.111497564122670756e+00,1.040248054941917744e+00,9.514620098921156011e-01,1.002483882543732108e+00,1.158214955407524949e+00,0.000000000000000000e+00,2.569042184476825197e-01,7.064207411857099661e-01,1.779394538166344242e-02,6.232879702521906262e-01,2.775524324476917881e-01,3.774239675999647992e-02,5.598914382996248440e-01,3.044813037184309623e-01,3.038041530052661976e-01,4.848363909986241338e-01,1.275185176496423045e+00,6.809500487715101080e-01,1.195606899792304167e+00,1.064921264244207189e+00,5.920918033741655595e-01,6.577520778168977067e-01,1.037695758970534454e+00,8.001758966865903933e-01
9.887630463819239157e-01,4.944130945911054398e-01,8.219752869739258561e-01,2.414620083936887263e-01,6.310752528468417666e-02,1.130759682017444590e+00,1.034212437272038043e+00,3.573231946882004517e-01,7.120030608578864495e-01,5.003902069148323806e-01,1.064483872512845153e+00,5.798760871030279596e-01,7.724976466749209347e-01,3.102027828199123149e-01,6.366650471965477898e-02,1.148804582461230073e+00,7.884779036072792069e-01,9.945195498288351699e-01,2.531301738859071393e-01,1.182003753013590508e+00,9.770602493417336609e-02,7.402173600747510296e-01,9.538173461386535712e-02,9.706240289070408034e-01,1.288028977277684062e+00,9.394594671818916609e-01,6.555952226651552417e-01,4.928566267549908675e-01,1.044270858483214770e+00,1.290894770801433111e+00,1.045913684686451184e+00,1.198174932648117696e+00,1.139601834750715526e+00,5.317504763805360746e-01,5.075018766137390919e-02,4.895166969996523343e-01,1.209701115383065462e+00,1.030710079655521527e+00,3.001599689820328432e-01,2.645960683348972386e-01,0.000000000000000000e+00,2.217771348920389296e-01,2.982299961125940424e-01,1.092131205527148374e+00,1.881976747577895348e-01,0.000000000000000000e+00,1.141366488159553105e+00,3.877484681579121961e-01,7.500632907839942520e-01,1.290894770801433111e+00,2.416320285475380136e-01,1.277539406495952656e+00,8.641611281605617034e-02,1.287496872494583888e+00,0.000000000000000000e+00,6.552165219718784073e-01,4.943760127514866820e-01,9.407672366494751470e-01,9.790211758224278693e-01,9.609847363824716160e-01,3.281238850014183139e-01,1.925482278840131289e-01,8.343256682618555020e-01,1.014959990239682752e-01,6.073563276846862813e-01,1.290894770801433111e+00,9.782385722157589392e-01,2.128395151928673401e-01,4.745142383196202518e-01,6.620425775761950016e-01,9.737504347280625527e-01,7.729965789198759429e-01,1.257026216995579038e+00,2.920773620473323118e-01,5.882345580416327158e-01,1.255212069912926554e+00,9.456720892526033762e-01,1.289802235055377722e+00,9.336084059800839885e-01,5.318821862102516285e-01,1.014198599951718016e+00,9.466620744060336712e-01,1.096212848592118760e+00,9.420981828359275001e-01,6.843749026415303360e-01,2.236455826788493750e-01,1.122529661419687130e+00,4.588494585091122402e-01,6.792748903049558029e-01,6.148656786843916811e-01,8.538942120901007460e-01
1.290894770801433111e+00,4.915267818662968358e-01,6.719970767292210434e-01,1.225204186858121824e+00,5.112403777894395374e-01,2.973126838292162732e-01,3.836787095335745801e-01,5.460604805062436728e-01,8.921627550560193853e-01,6.626571689989569913e-01,0.000000000000000000e+00,1.187960017640116606e+00,8.599504655451598589e-01,8.430627468543345771e-01,3.160282731292961000e-01,9.320162372860292255e-01,1.002021962857020387e+00,9.345088610112177729e-01,6.834744208787782993e-01,7.324910418101785448e-01,9.920438000980477122e-01,1.224302042758466769e+00,4.537727303140081658e-01,1.285816055915337763e+00,2.458972644016714226e-01,3.879911127959551065e-01,2.823869343548007227e-01,4.779764435335864259e-01,7.472888063029180516e-01,0.000000000000000000e+00,8.310400164260492994e-01,7.151737833259537158e-01,3.668506279917171375e-01,0.000000000000000000e+00,2.997185466160864897e-01,7.750747360252363549e-01,1.097711912550719954e-01,5.133655715069390668e-01,6.976245787774154605e-01,1.211432060054431048e+00,1.985122224581677697e-01,9.323058534631664118e-01,4.894510118752870009e-01,4.395632891338185355e-01,1.350003543144796814e-01,0.000000000000000000e+00,3.487270999571464025e-01,6.354684241174396453e-01,7.575763525576710844e-01,5.468543225942211761e-01,1.142674900051658060e+00,5.006117641714498134e-01,6.672076430099168620e-01,3.328245301478156004e-01,0.000000000000000000e+00,8.948265255665583950e-01,8.314748183106357438e-01,3.959427669318613119e-01,1.234801803311765589e+00,1.208238335872360292e+00,1.119829867602746498e+00,1.075926471456340572e+00,7.582121487396235038e-01,3.588078697524372807e-01,8.742388852049421955e-01,9.806285290102518815e-01,9.143564614527772694e-01,1.105991930408939394e+00,1.251710862015139147e+00,2.922553743989473318e-01,8.240973865720013780e-01,3.949416817631385412e-01,1.022274325341651968e+00,2.166486919882115725e-01,9.912566829589157802e-01,8.188822259277586113e-01,1.143366911343761227e+00,9.775927514555163844e-01,3.058862294288280381e-01,2.761355332161271603e-01,1.965510040244004553e-01,1.285517843397354643e+00,9.968689498417092343e-02,5.629947245877947593e-02,3.066059272590691831e-02,6.725127669792750618e-02,1.532676475720005059e-02,2.918379155938039538e-01,8.050337583931687080e-01,6.752931873448586586e-01,1.216052003682611127e-01
6.759182689686711321e-01,9.564387413512275005e-02,7.897652905383637512e-01,1.239788658872844396e+00,4.667758972120978900e-01,7.300431773150402037e-01,1.064597260799343692e+00,6.833820644039251269e-01,1.014699254609996437e+00,4.048592182388953131e-01,1.015390040684867046e+00,8.550497297500634364e-01,3.237529761429396857e-01,1.090013761125606440e+00,8.786126874604005543e-01,6.749257315854012562e-01,6.338872672161945943e-01,5.744700393916975928e-02,1.184375055542346900e+00,7.362752813681516795e-01,0.000000000000000000e+00,9.039707500061606726e-01,2.234287141601070670e-01,5.147742094134818425e-01,6.606592456227146082e-01,1.008263240491669155e+00,6.411393564898335562e-01,1.987871817103320504e-02,1.351600455900490994e-01,7.286312334390457890e-01,9.520202466174197964e-01,4.710129155796188849e-01,1.557835529925063467e-01,8.506521676100289309e-01,1.176642145629237524e+00,7.516180731027038986e-01,8.797984449249548478e-01,1.253439174424389124e+00,5.603542761852191578e-01,4.209510682383982849e-01,3.143124718745203272e-01,1.245268686448040230e+00,2.560527759295271322e-01,1.579396768426758191e-01,1.773271802367549499e-01,3.345082862981649252e-01,3.215476042927783995e-01,8.313848292939789442e-01,1.020118969905703832e+00,1.012461573617433386e+00,1.020936029277466517e+00,5.186487151105421273e-02,3.887018127900238040e-01,7.834800106943491382e-01,0.000000000000000000e+00,6.820685808937184680e-01,6.438710603539418154e-01,8.676609411227313995e-01,1.193797496462722263e+00,1.133974356356094004e+00,4.684930602338127081e-01,2.982505106961427094e-02,3.585106647996465501e-01,2.503461587516003783e-01,1.891525092043852274e-01,9.930104337617012833e-01,9.163043037719106332e-01,8.878829991759672469e-01,4.139870517212656392e-02,9.005813773423974045e-01,1.107940054046937517e+00,9.602428395973128250e-01,5.662623492615315168e-01,1.719766471394812701e-01,1.130085228541458209e+00,1.002286025422050697e+00,7.881932970195734134e-01,1.703656488827114401e-01,1.040772214367168935e+00,4.344187368869721344e-01,1.061331420107083146e+00,9.871281649075219766e-01,8.741630134361653148e-01,4.305092927031235472e-01,4.413313691458767979e-02,3.531240245691972257e-01,3.104459577827516914e-01,3.989988896332141155e-01,6.271212584280568825e-01,2.362194684851540993e-01,3.612913543277149753e-01
6.338361282685062159e-01,3.221923869351449587e-01,1.832969756319974552e-01,1.290894770801433111e+00,2.302860360229947723e-01,6.348575597273403703e-01,7.588151708340670210e-01,0.000000000000000000e+00,1.177664209410181240e+00,9.037177005096298510e-01,0.000000000000000000e+00,8.299042725888310379e-01,7.632210632424112351e-01,1.148218191536835464e+00,1.102574991200454324e+00,1.132963059763995695e+00,1.254254717969501387e+00,4.701513288127754375e-01,3.766039016025942154e-01,5.343261090199883379e-01,0.000000000000000000e+00,7.686213653780994415e-01,7.485691664453820726e-01,1.053293419798289277e+00,7.177182817250112867e-01,1.114199867546203038e+00,5.975213789309212764e-01,1.218808417987607751e+00,7.610358054461396904e-01,1.082667231470889613e+00,7.391231568919983674e-01,4.229988317106826989e-01,9.336231410054611768e-01,7.785337347645711059e-01,6.315916497914404737e-02,9.922542106793695860e-01,9.180174947311039446e-01,9.253118584508339683e-01,8.235435882286449294e-01,5.458504056819867278e-01,0.000000000000000000e+00,6.664414875366814206e-01,1.480270634010371900e-01,6.470042281066470391e-01,1.203240110856506728e+00,1.738194370403661204e-01,1.167478024571777517e+00,6.117797333389944914e-01,6.898210758167055978e-01,1.043541765232225416e+00,4.162781317100900380e-01,6.962247318389291895e-01,1.148399172806317425e+00,8.552313926524504062e-01,0.000000000000000000e+00,4.141507595606836456e-01,2.919980673929447046e-01,1.290894770801433111e+00,1.278932102040937435e+00,1.290894770801433111e+00,5.058239203963900144e-01,1.036841587026249067e+00,3.234042887976383285e-01,7.851823625155772701e-01,2.391382310838172376e-01,6.897821919137112623e-01,3.609412653466170795e-01,5.356612561639132464e-01,1.202125927297449604e+00,3.392817048341585928e-01,1.041614661195893632e+00,7.203062855146912247e-01,2.510963222489696611e-01,7.992083073759861378e-01,2.628296129261395997e-01,6.440511528939829589e-01,3.589680086920477020e-01,0.000000000000000000e+00,3.213363926781235835e-01,8.669348936386263027e-01,3.570894021818910580e-01,2.116761390193764858e-01,8.272590783324118568e-01,6.125755215716134350e-01,1.127926729874564771e+00,7.051001209997803318e-03,9.062014235297294329e-01,2.458730515774391334e-01,5.668124601383860428e-01,2.922175707491140306e-01,7.876401436799412847e-01
4.529875067148920742e-01,5.973887664266151060e-02,9.924988444835251000e-01,5.703816129056774598e-01,5.421714149711904795e-01,8.924745929479859230e-01,2.078286420179009664e-01,0.000000000000000000e+00,6.042779098811119631e-01,1.722071596855334896e-01,0.000000000000000000e+00,7.171056703043317271e-02,5.383473353926628846e-01,5.061690329750778705e-01,4.560270070017882760e-01,8.863956582124007388e-01,8.168268144585861812e-01,8.766740919103437335e-01,1.059915148647428529e+00,7.911751370976830566e-01,8.261647483743547182e-01,7.723513337106886756e-02,2.045457946903857793e-01,8.122368019179526666e-01,1.224030552186271548e+00,2.602389599556513278e-01,5.721113415292162774e-01,8.802600591409663611e-02,3.199414481122556664e-01,6.424147776373766439e-01,4.434210130582567078e-01,1.088612966717351194e+00,1.680825863965128009e-01,3.809224500909079714e-01,2.752795644455803825e-01,1.174439155389765510e+00,5.899461645026692347e-01,6.562322136644240800e-01,9.252124408212453188e-01,8.761528981047691511e-01,2.569708212621866772e-01,4.331085190043866273e-01,8.064051882609940547e-01,1.233819997838103033e+00,5.889345003149144553e-01,4.585469591303007464e-01,5.277924788549260421e-02,7.262915320011957832e-01,2.128055987294253659e-01,1.021773828476057577e+00,5.405277151534311209e-01,2.978164947987898548e-01,2.036604272513311276e-01,5.368501912082161986e-01,3.273602953427905971e-01,8.932772755002509335e-01,1.032212950325103407e+00,1.290894770801433111e+00,3.176138648874533010e-01,5.353583601187440477e-01,5.415428305541752918e-01,6.957904882286061188e-01,4.824990129579662113e-01,8.799831807009259044e-02,5.256390661422848387e-01,7.577663968184985555e-01,7.450573644881481883e-01,1.853464617613989895e-01,8.402900326003078790e-01,1.121429289355297731e+00,9.360862585914223599e-01,0.000000000000000000e+00,1.135985187896758619e+00,1.117475737800144975e+00,5.420429738086105509e-01,3.130576753362668829e-01,7.549317181612587024e-01,0.000000000000000000e+00,5.548894575844364185e-01,9.225481205485593916e-01,8.706313190082966003e-01,3.249633506703925034e-01,1.115668474295089529e+00,1.198744970645864383e+00,6.012712318140472911e-01,5.708262225203988294e-01,1.095432859176086682e+00,6.706022335849678440e-01,5.939575336221006863e-01,8.081516277171524321e-01,9.350132092285612373e-01
1.118085501858680830e+00,9.469796267033188386e-02,1.258140897578757356e+00,1.290894770801433111e+00,1.056803917302818530e+00,1.416112225713632988e-01,6.801177172214585287e-01,4.146748297047621323e-02,1.222508872852045680e+00,3.948212339081871858e-01,1.143813951253255690e+00,9.570657527267815157e-01,1.870118112945682032e-01,1.429968715685819292e-01,6.836978625714886793e-01,8.935505281246352016e-01,1.585891263338225221e-01,6.856429657601469385e-01,3.339164751745616333e-01,1.267940806123852404e+00,2.912084556118239576e-01,9.218609744736242506e-01,4.908755304731499125e-01,3.345519712481923036e-01,1.301071060523452394e-01,8.513952295197060871e-02,5.641181053591121097e-01,3.405190490818705840e-01,1.044743662227745062e+00,5.083192245576251267e-01,5.761023886551114304e-01,9.992857283537904811e-01,2.618039527235896391e-01,1.358299929979183696e-01,9.984509000289197855e-01,7.381038629292530073e-01,1.018255214990323232e+00,6.501558630196113686e-01,6.744893638076007725e-02,0.000000000000000000e+00,4.293261867544517218e-01,1.066052806225231020e+00,5.126695981137486813e-01,2.347989551846320355e-01,7.139046625241829425e-01,8.851773927542548881e-01,6.445136724873853362e-01,9.412733919220259704e-01,8.518107838003796672e-01,7.600117593056751053e-01,5.318808600682682908e-01,1.180670062397067982e-01,1.022940903963660109e+00,0.000000000000000000e+00,0.000000000000000000e+00,4.466607593448335689e-01,1.199876543197577333e-01,1.290894770801433111e+00,5.702088152431746826e-01,1.144139616595340359e+00,2.136096393764222445e-01,7.240264006231341698e-01,1.446997695560916508e-01,6.465976196142300125e-01,1.163718304464120612e+00,4.360742117094070225e-01,1.245765093366416609e-01,0.000000000000000000e+00,6.805600822198200062e-01,5.391173999862091115e-01,8.823819376164457329e-02,1.019277192604293392e+00,1.161513598164926497e+00,4.116138499053157429e-01,1.111937899761587634e+00,2.285098134473599885e-01,1.126735398966763668e+00,5.485066416473572959e-01,9.225836862333261501e-03,0.000000000000000000e+00,7.476088112910211914e-01,9.667854921174777738e-01,7.599671180231138967e-01,8.884202750125436143e-01,9.946506379060678915e-01,3.293126764476253521e-02,8.129666439871301442e-01,1.538949647214801764e-02,7.786190440063497364e-01,1.043831835839356348e+00,4.894057192548708635e-01
7.298277491925693194e-01,4.024379730978402403e-01,3.884527211670138480e-01,1.290894770801433111e+00,7.055128816249169876e-01,1.047865573773502978e+00,4.743382547557384865e-01,6.216416568837135337e-02,7.487481772678684644e-01,7.114684324353681699e-01,0.000000000000000000e+00,4.424035275973253190e-01,8.038544002111365216e-01,3.566603105983072175e-01,8.108177591477695456e-01,1.269999782065455607e+00,1.103804768783189783e+00,2.826038249372680444e-01,9.314174621426322132e-01,6.792571649916180343e-01,8.413962242028421024e-01,9.657905944562974465e-01,7.598447967671160264e-01,6.877070745078349701e-01,9.491023461938014050e-01,8.114357239495351148e-01,6.233277813304043402e-01,5.322391417381729939e-01,2.961976953466188833e-01,5.844519635215363884e-01,8.317051413243543578e-01,9.879135405072162479e-01,6.666706814333390740e-01,7.395255134830733823e-01,4.074467643673881923e-01,3.469502966711786596e-01,3.898412424603442394e-01,7.684454996156491191e-01,1.099378395978314549e+00,8.341587320698764518e-01,4.891496062952432333e-01,1.371193980315404681e-01,1.219928596732788639e+00,3.434715126215707737e-01,3.337326233593725378e-01,1.224412511992356345e+00,7.756400206165374733e-01,1.275872167807327040e+00,5.032497664599544507e-01,2.601038327902980285e-01,6.257289095136676638e-01,1.810521586666017091e-01,1.127695060908632252e+00,1.258634453239796613e+00,0.000000000000000000e+00,5.218889913845757844e-01,1.062504621829724272e+00,1.290894770801433111e+00,1.738979893003523847e-01,1.196895692701129832e+00,1.201529843958628829e+00,2.055896325752259723e-01,4.466140715828635366e-01,4.976652378557158141e-01,7.408261295653296719e-01,1.082334996594143672e-01,1.290894770801433111e+00,6.473041674778278187e-01,4.586216984616572206e-02,6.821411398668814074e-01,5.519487473609222539e-01,8.697696179290808072e-01,1.354941861945715420e-01,1.290894770801433111e+00,4.138096101449061370e-01,1.083095457469312128e+00,6.552360477568985875e-01,0.000000000000000000e+00,5.519812711100349212e-01,0.000000000000000000e+00,1.244011103642673088e+00,1.196199753175253511e+00,9.571409077134021004e-01,3.068541547349750709e-01,1.210901724300429194e+00,6.934935823950839628e-01,8.856332386455627592e-01,3.985894426446091043e-01,3.736822109719550866e-01,1.272631110998459825e+00,4.390053026231223732e-01
8.674233493493286318e-01,3.559318496655953235e-01,3.690455968396984532e-01,8.861788833477903804e-01,1.149505431414114209e+00,6.975783627178980817e-01,5.051694121167773499e-01,0.000000000000000000e+00,8.342922339378069374e-01,2.101823374985980208e-01,0.000000000000000000e+00,6.203188442042805173e-01,1.276293398506427035e-01,1.109048606943601190e+00,5.611419743120069636e-01,3.006993274294393892e-01,1.059690975124214285e+00,3.825348210056211951e-01,2.680947925021044398e-01,7.151771516214613933e-02,9.485352356884233505e-01,4.473890418962229165e-01,3.789502287448429096e-01,3.277351572225799536e-01,1.245624800835275492e+00,7.300375358831415751e-01,6.035112957577875026e-01,7.132513525993027237e-01,7.524815236095413473e-01,6.468341839357008016e-01,9.016694309548829445e-01,1.042994324860873345e-01,6.637590093332537133e-01,3.412165916796616738e-01,5.780903190846450324e-01,1.164814743854182710e+00,1.124960339939076182e+00,2.627826308590213156e-01,9.228909787748277305e-01,7.921904315521769435e-01,2.831496053394628176e-01,8.313676049609772800e-01,1.424755718206150990e-01,3.698756463300804653e-01,1.329040880900030919e-01,7.018437364837903925e-01,2.819218954479545403e-01,3.734476809834528371e-02,7.364892437816359383e-01,8.430554590399406967e-02,5.590506212558753463e-01,6.498188355114470349e-01,9.428149972875879969e-01,1.036335287712741998e-01,5.575250890470022647e-01,6.396928585858323302e-02,1.582514797847305310e-01,3.357864601407236638e-01,1.227270594420642347e+00,4.858302785710964522e-01,1.211341273293717880e+00,2.362263519850880122e-01,9.781660258694148125e-01,2.849644494260756278e-01,2.895454569865233418e-01,6.761861715395478534e-01,9.997226233098029935e-01,7.862318952100096070e-02,1.407270679324276741e-01,7.561008189373101818e-01,4.183228981302963279e-01,2.140803200683361329e-01,1.038675788635466501e+00,6.870562807130492500e-01,1.277136234643780677e+00,2.293001281336116970e-02,5.562786013170151894e-02,5.651332813196499050e-01,8.444807439342555400e-01,3.699326850143779682e-02,5.320686673630001806e-01,3.753387445101439290e-01,9.855034246021920907e-01,1.501151095393620516e-01,3.429064920969900898e-01,7.337020682214618894e-01,3.784214133282523540e-01,9.849069170620966540e-01,2.320258821154681100e-02,2.289319377781773301e-02,4.232526244977793950e-01
1.685529645436800034e-02,9.489773168710926576e-01,8.062417939607038897e-02,1.290894770801433111e+00,7.243340948597775109e-01,7.243676640455690707e-01,1.178422018274062788e+00,3.563261691267907705e-01,8.920344145524620183e-01,1.215211928532471841e+00,2.099998563179399647e-01,3.807028863848719302e-01,5.077164043355159029e-01,1.290894770801433111e+00,1.868093424007506720e-01,1.477342078396283176e-01,5.015407975841248422e-01,7.225869483871285581e-01,1.274248490688016655e-01,1.794505969841952986e-02,1.121499160049177490e+00,2.647521425244439008e-01,1.104639641181018872e+00,9.564376704757659650e-03,7.984419526521205901e-01,1.189566124386524981e+00,9.815896435660945163e-02,4.244286394373758542e-01,4.985606980273697419e-01,5.660343666092880477e-02,1.027210048023273536e+00,7.820093750097155683e-01,5.843281730150127334e-02,4.267701288475387877e-01,4.093581706487811611e-02,1.048551638752625026e+00,7.580555491988340000e-01,1.052608187391947503e+00,7.890909236883524303e-01,2.520874002600344554e-01,8.855576267260507894e-02,1.128481793177883885e+00,1.169983531231261864e+00,1.129577893204597672e+00,5.564031543777100408e-01,1.858377566100319067e-01,1.215035072525511906e+00,1.272821305614159293e+00,1.843807499067107170e-01,6.380751769800964146e-01,5.879779737220169888e-01,8.139247478960003335e-01,0.000000000000000000e+00,1.385468764299147282e-01,3.598786248091275786e-01,8.040963979596537081e-01,1.263433970889639379e+00,8.169504538775773650e-01,6.175222965796312719e-02,5.166262485801460524e-01,1.142288300421422154e+00,4.813976070519848660e-01,3.485814013474998196e-01,1.158865583054832227e+00,6.849193865298636164e-01,7.163900427216858546e-02,4.751374061443846553e-01,4.740141343100286453e-01,1.247992086197111883e+00,1.919419352536813062e-01,1.022283748836769757e+00,1.592295867685747657e-01,8.265567595388978450e-01,8.956033092732704759e-01,1.248052191678645229e-01,1.021218406528201728e+00,7.770262482975708318e-01,1.539581623490902385e-01,2.771625561679473826e-01,3.687322952633282913e-01,9.700679001041377925e-01,1.290894770801433111e+00,1.164197661572059506e+00,3.294828843407524022e-01,5.688378659204521570e-01,1.774073974468294290e-01,5.905510216103008192e-01,1.002985963420001125e+00,5.565164012339497424e-01,7.443334622956433444e-01,6.831160718815074695e-01
2.429663954046462349e-01,8.860231085516412364e-01,7.415741841899203823e-01,1.290894770801433111e+00,8.483020893019583841e-01,1.792141622103444187e-01,9.841284291480572044e-01,0.000000000000000000e+00,3.598062330196405978e-01,6.124778877050511550e-02,0.000000000000000000e+00,8.116787964319261972e-01,1.343868641302011467e-02,2.690404995232046348e-01,2.759183381936997081e-01,3.047498500517268893e-01,1.042285769273863183e+00,3.698873468699537814e-01,3.992427844866164310e-01,8.093977094213845591e-01,1.167930324853958091e+00,3.589261078950896078e-01,3.612417548189810201e-01,1.622822419260795401e-01,7.622927248134433453e-01,2.626502523592905147e-01,6.539312229198624982e-01,6.829670085158997539e-01,9.048631372544748697e-01,9.736900566946738410e-04,7.975971058982138720e-03,5.129337694780501389e-01,7.135818453017924723e-01,1.107557940505589311e+00,1.004490599384036731e+00,6.095905485020660652e-01,4.762399728685511313e-01,1.245800308790353750e+00,4.762681220026749873e-01,1.020638723859415231e+00,1.014781888121319003e-01,7.122949300511344228e-01,6.526071867287341899e-01,4.596419543126555318e-01,9.969578770885447749e-01,7.458747607354340725e-02,1.134738921971925940e+00,9.758571189764463361e-01,1.124923261695603305e+00,4.332300863162471399e-02,5.624265464351604349e-01,7.537399753088647181e-01,0.000000000000000000e+00,3.412239642022746322e-01,0.000000000000000000e+00,3.989313607173984311e-01,3.200417040649977118e-01,9.801240650280390598e-01,4.717073788244777188e-01,1.067635331661138220e+00,3.325182970183850339e-01,1.264565139813092660e-02,1.851538065032453106e-01,6.334292773136784849e-01,6.755094486977405444e-01,5.406102408291987294e-01,6.759843905648700302e-01,1.215561659750370227e+00,7.478956775915341915e-01,4.090301862290606771e-01,1.563834846543116497e-01,9.697651763802299374e-02,8.971904514801106734e-01,5.157763472999171706e-01,1.109168025232375898e+00,5.047617956128551686e-01,5.038806325615341475e-01,5.401884830852837771e-02,9.907087088271945285e-01,7.857773315156168711e-03,9.244343588494601249e-01,3.684178138699136240e-01,1.165617442584715002e+00,6.854558463057854878e-01,1.570063033316543288e-01,7.887756383637003488e-01,7.566214566119296991e-01,2.117354680476571382e-01,3.283644848989700216e-01,9.483791250577307264e-02,2.490716654092842847e-02
1.039347668593592511e+00,1.116859497105340271e-01,0.000000000000000000e+00,1.290894770801433111e+00,1.783033399883925951e-01,9.475474413798845585e-01,2.628708072235777515e-01,1.661751157433562498e-01,6.347242643356129088e-01,7.109309838358768285e-01,4.734235511875719005e-01,1.193145135196230999e+00,5.848048381410470009e-01,2.862420770756383126e-01,3.977536246236670903e-01,3.366038117476508051e-01,1.213528716095252591e+00,1.007733625608607575e+00,1.264780401793341169e-01,6.718305416004519692e-01,1.090448619053504764e+00,1.820110698016527348e-02,5.915702140927533437e-01,5.435966288531943746e-01,3.971589056337248014e-01,1.046797651566533816e+00,6.202090209112579577e-01,9.799616707297830187e-01,9.837876415353611348e-01,1.197127668736713391e+00,1.080136349770257853e+00,0.000000000000000000e+00,2.657215276132499637e-01,0.000000000000000000e+00,7.344338650492376885e-01,3.807630472590085025e-01,1.032361945878865761e+00,8.388563238253539112e-01,1.060074320555181915e+00,5.167306720450859370e-01,1.204791301360096600e+00,8.330676533825897012e-01,6.594825518348774729e-01,4.164216687682541496e-01,7.247792849745938737e-01,2.063064683216336570e-01,1.272513420128495998e+00,4.030109726965647177e-01,1.465134335243660768e-01,8.672423307974532758e-01,4.908482037958527000e-01,1.123060921093593123e+00,3.524544031629356367e-02,0.000000000000000000e+00,1.146174932470759744e+00,1.214147136685927775e+00,8.940229243106176948e-01,1.290894770801433111e+00,1.290894770801433111e+00,7.045483939517350747e-01,1.226618400405438264e-01,2.865423248301016135e-01,7.033821835554533441e-01,7.851943834394157218e-01,5.660386768224468651e-02,9.022502024827606659e-01,1.131350805820368288e+00,6.743995922979104662e-01,5.134200246736324580e-01,4.725511029401338048e-01,7.871849082409425602e-01,6.014711902021265821e-01,3.339839032548290731e-01,1.080161309138049086e+00,6.735651589547678730e-01,5.718163544230203676e-01,8.317288016505738346e-01,3.488714809140704420e-01,3.403752527228527391e-01,7.242722492177386950e-01,3.880450109623250765e-01,2.587640564341364864e-03,2.632907740397210095e-01,8.544849164721863843e-01,2.214795070169798263e-01,3.158463622561800271e-02,1.826177063580184945e-01,4.811141680111573615e-01,1.434504558628672266e-01,1.098342023630236808e+00,1.283811573227988889e+00
1.601655549889331176e-01,8.164716998982103346e-01,7.469646299589732807e-01,1.290894770801433111e+00,4.287927398103968252e-02,4.268793876169414414e-01,7.214328107241188004e-01,1.209401381860886859e+00,1.138290351695906422e+00,7.163142217937941147e-01,6.992895657013411537e-01,1.390365612220905156e-01,1.174744713840040422e+00,1.278660629550930405e+00,1.230675727368026662e+00,5.519668343843587843e-01,4.697540031830889085e-01,6.140672476084831910e-01,1.213615936490485492e+00,6.760454034619635122e-01,1.447423504747878953e-01,4.071476256142989025e-01,6.498417422041143920e-01,6.673670125830223343e-01,5.833351837417448671e-01,1.059659351339062638e+00,5.951314009807812111e-01,3.609890890753233439e-01,5.605770439738023692e-01,3.011893287837875133e-01,2.475503273357958500e-01,2.215766596774438046e-01,9.505427179575741681e-01,0.000000000000000000e+00,6.236197575145936006e-02,1.146521543950218991e+00,1.233557047005317431e+00,9.446474313242007037e-01,1.636440857915665292e-01,5.155975107312381622e-01,0.000000000000000000e+00,6.503854430530856545e-01,1.072127903181675279e+00,3.973660808134888422e-01,6.003069564559674332e-01,1.171165984339045174e+00,4.114316587532176883e-02,4.105954953355260839e-01,1.237338322928274614e+00,2.780433414179745433e-01,5.030072023652611968e-01,6.315103830787210937e-01,6.057498089363821600e-03,1.224940489842236468e+00,3.735443438497276225e-01,9.853057998566026043e-01,3.058510931939182886e-01,1.227307068843993099e+00,1.174252250932049213e+00,6.790418276117553553e-01,1.290894770801433111e+00,6.940830259794769086e-01,1.279216689008823016e+00,1.282903442369559111e+00,6.903283729185343276e-01,1.122697821704239152e+00,1.047021898770068127e+00,9.118843686257152026e-01,2.492578481302535898e-01,1.084075249945995800e+00,1.756842289616025177e-01,5.579211471866276639e-01,3.313625999434314795e-01,1.199609014336330937e+00,1.073129310303072570e+00,2.140473390423014433e-01,7.291225779644872063e-01,4.226781793538670895e-01,3.132932451144696678e-02,0.000000000000000000e+00,4.969752364067100275e-02,4.347586290216592930e-01,1.094446676472039970e+00,1.187753377539269017e+00,1.452326790027929637e-01,9.009491813263339477e-01,2.240404573114448961e-01,2.149345231476201545e-01,5.828182413536268092e-01,4.902213472883900081e-01,3.413601468418082097e-01
1.034965521015228207e+00,7.008962253658832520e-01,2.115350014611744600e-01,1.290894770801433111e+00,9.114981457054587288e-01,9.675010277043804008e-01,1.948756352831193250e-01,0.000000000000000000e+00,3.898941820118416723e-01,1.276344264154318564e+00,2.349860984569512035e-01,1.084380313719198519e+00,3.277161742766145913e-01,1.250074617636644847e+00,9.962477364307370520e-01,5.192284186369970911e-01,1.070658382584626089e+00,1.216744555941679851e+00,5.965774588297216852e-01,6.913091247297824538e-01,0.000000000000000000e+00,5.166800996705390725e-01,4.496677937550840887e-01,6.500202873338543075e-01,2.873603058809833799e-01,8.987911449145683518e-01,5.910944385285314961e-01,1.245029481077593925e+00,9.116972212617244775e-01,4.393054093138911154e-01,1.499393133021006685e-01,8.067521296765309269e-02,1.350543497911033675e-01,0.000000000000000000e+00,5.121441468669811758e-01,9.431285174843603847e-02,8.407153747776521246e-01,7.436053410911387385e-01,2.804511771173436377e-02,4.510562024889848698e-01,0.000000000000000000e+00,1.037233889445233759e+00,4.880055991371596430e-02,1.158157455455525620e+00,2.629548762975100207e-01,2.475797354744404266e-01,4.075505611166894693e-01,8.023615380997247692e-01,8.539679770007799764e-01,1.258987248255059033e+00,5.099245472361959575e-01,1.111673366183096423e+00,7.400854976141706398e-01,5.596932529616677199e-01,8.052074119851425626e-01,2.236269922744462957e-01,1.387666742128831898e-01,1.205528872364264314e+00,1.136817024881344729e+00,7.589463448571865944e-01,1.290894770801433111e+00,8.065577161648653792e-01,1.016390860757825587e+00,1.221619071507811460e+00,1.067987473804668852e+00,7.738281050143135387e-01,1.068248030616059330e+00,4.058912524282772827e-01,3.167616073372268581e-01,6.867764909601254963e-01,1.257915786517444845e+00,5.702971310938095284e-01,6.700440403060791139e-01,1.221788003363980080e+00,1.210295289696142307e+00,1.089942996565386402e+00,8.480014956746633192e-01,6.937823989555631510e-01,1.636475852666632036e-01,0.000000000000000000e+00,5.529113853994448435e-01,1.627100415140956269e-01,3.904946325856859524e-01,1.227499168915989314e+00,6.946151020545741073e-01,4.316239953308391164e-01,8.157862079983188575e-02,1.076597873589994370e+00,5.289962673810811866e-01,1.030809677550650477e-01,4.516949139229639587e-01
1.199146886290217484e+00,1.276523342837433628e+00,4.552648770487234819e-01,1.183207730712527717e+00,8.561750673507488585e-02,3.422111037429233504e-01,5.506571640315912619e-01,8.260136532420404576e-01,4.150098376359121488e-01,4.843700908161140961e-01,5.131269342082662721e-01,1.153077254145111891e-01,5.895854341281360211e-01,1.744837516225399565e-01,4.447013743671195396e-01,4.764521431009243746e-01,8.864484920998157991e-01,8.843623637512995628e-02,2.578776131227413781e-01,8.771244729028498943e-01,9.416849893106333802e-01,1.105867555470137820e+00,5.319694984556910811e-01,7.780577745415759860e-01,4.204424460953821163e-01,1.053277970803256025e+00,6.230319349748932867e-01,1.029548674788658275e-01,5.463343342283849546e-01,9.119354181997901820e-01,8.426831048094970411e-01,2.486952717784170208e-01,8.359045535496408830e-01,2.858366278769901014e-01,1.122468367565128800e+00,6.344260576284211917e-01,6.217762078532107495e-01,4.676578153447439323e-01,1.031146677029050496e+00,6.324041286257955363e-01,3.164392325637769843e-01,1.954999030998485210e-01,1.047562803293426992e+00,9.498447745785755236e-01,1.000450849746432391e+00,5.185773633897224899e-01,1.068920383326495305e+00,1.135264470874015386e+00,6.024870084125674152e-01,9.728860431300898615e-01,5.850612867836637587e-01,1.236400635124907055e+00,1.510890257107519730e-01,6.714054865940529901e-03,6.661026786813082357e-01,3.580691453010979852e-02,9.854682144561641710e-01,1.229047829281733728e+00,1.259114735337839130e+00,1.210060813666443691e+00,1.196942913598977531e+00,4.429735248166066230e-01,6.801015018739059448e-01,3.330535835387224419e-01,2.584344567161688255e-01,4.895137619533185269e-01,9.282890608674099209e-01,1.960247395224732070e-01,4.806888291339292407e-01,1.003770255880773732e+00,1.010670481933729326e+00,1.139917005332804711e+00,3.667318241039263516e-01,4.164508863600192567e-01,2.896501826467498542e-01,4.769292694568881275e-01,5.526924565176770388e-02,8.690192988799828600e-01,4.970075839121225192e-01,3.229324040736351042e-01,6.247116740442902882e-01,1.106893884572826225e+00,1.111311642434089197e+00,3.143796096070778368e-01,3.491345144414625401e-01,8.369122527263128664e-01,6.382232326723036309e-01,9.810327584006023338e-01,5.237577034077166988e-02,9.591480796328866187e-01,1.287035805089868479e+00
4.439476510013331545e-01,1.041247276877613759e+00,3.299969262938218240e-01,1.141304870031168095e+00,1.269852043709510880e+00,9.489864251753102886e-01,1.257932756305193411e+00,9.832588836010081046e-01,2.838411409704220123e-01,4.643989132607304615e-01,1.126024261101986834e+00,4.737796762693040620e-01,2.782941579884585792e-01,1.290894770801433111e+00,1.109100884601118553e+00,9.570317482291393896e-01,3.652571231147184183e-01,9.133730375185225014e-01,7.514636757290360514e-01,7.264645736202217652e-01,3.939099377137977309e-01,4.152550821685145332e-01,1.214908851138045920e+00,4.713793680731245828e-01,3.795200933486942430e-01,6.166152254508219244e-01,1.107369092623175399e+00,1.019447669431282399e+00,5.691722995603397672e-01,6.646083747319809776e-01,0.000000000000000000e+00,4.486318478474368154e-01,2.484802362342855009e-01,4.938487185078639374e-01,8.043976412303728285e-01,4.326577949733351192e-01,6.115043235748127692e-01,5.711562347275822571e-01,3.821328899675943691e-01,5.671415012248984949e-02,1.150532258903206317e+00,9.916717671872363749e-01,0.000000000000000000e+00,3.308532037131032832e-01,4.263502824943375402e-01,1.116231833780262583e+00,6.753678616582987626e-01,1.080525501333363669e+00,1.278951621241426029e+00,1.290894770801433111e+00,4.798288492047231846e-01,7.766911110754320946e-02,7.778030854040911546e-01,0.000000000000000000e+00,6.427723882710720815e-01,8.607581628999474432e-01,2.698539570333129967e-01,1.290894770801433111e+00,9.566182312882818284e-01,1.172416741320880140e+00,1.290894770801433111e+00,8.929498444753575237e-01,4.847790279289688198e-01,3.663687484555879781e-01,6.046250383585114463e-01,3.427847302265591978e-01,4.087573290920867297e-01,4.555343856000931835e-01,7.207061524725949520e-01,1.051963725677305117e+00,5.773596249449004514e-01,9.029214412782865865e-03,1.628205723808179850e-01,1.290894770801433111e+00,6.829027524002511118e-01,8.435822474686256456e-01,8.253404137999339474e-01,9.432645463333901859e-01,9.587554603361179151e-01,0.000000000000000000e+00,1.088062738167364429e+00,4.423903961330251100e-01,1.086205461421528184e+00,2.735755911512570138e-01,5.291339793728347951e-01,9.685544897861089741e-02,6.245331493000515488e-01,0.000000000000000000e+00,3.731524866741989244e-02,3.411839527609824008e-01,0.000000000000000000e+00
3.953571706789375528e-01,9.295845654450676232e-01,9.309301610575153596e-01,2.321991251088561803e-01,4.716015098027780961e-01,9.279538857783550809e-02,8.853703600309421606e-01,1.655443977047140747e-01,4.528953592477476531e-01,7.860367368192339166e-02,4.045796645211412468e-01,5.026981458730019892e-01,9.111322048023500209e-01,2.198885378510836153e-01,8.051092927560452583e-01,1.069688455789807868e+00,4.332446268487167851e-01,1.270592801150427276e+00,1.220932327525434902e+00,3.874976550740156789e-01,0.000000000000000000e+00,8.739478441895774941e-01,1.400283213477749866e-01,6.457500368184185824e-01,1.958535468345802555e-01,3.597978490049106304e-01,1.373259203237405246e-01,3.952659739522884075e-01,3.539646707253323032e-02,4.897790072469088707e-01,6.342411880967804283e-01,1.122697738277552926e+00,4.326933968876631731e-01,1.308389237656694057e-02,1.173869251037567674e+00,1.033716621104858069e+00,8.849044142862146911e-01,7.948442846027871100e-01,4.432204583465544356e-01,2.646976401101624465e-01,0.000000000000000000e+00,1.148326383778242032e+00,5.141359444677949808e-01,1.096184412673133490e+00,4.055055888899284366e-01,1.744583246994929615e-01,2.660046662607089621e-02,5.512944624711837438e-01,1.006466712302036326e+00,1.077152820954765389e-01,1.008705238342469945e+00,1.187249700391894924e+00,3.595179636650570054e-01,0.000000000000000000e+00,0.000000000000000000e+00,9.352208217582747007e-01,1.103575774233503282e+00,0.000000000000000000e+00,7.981256669898266765e-01,2.424874695144564885e-01,0.000000000000000000e+00,2.546063128270446563e-01,1.290894770801433111e+00,5.612715875790196263e-01,6.011697517886095410e-01,6.990129248385329452e-01,4.821046672159678970e-01,5.665534585578592131e-01,4.532305428178433626e-01,1.221048719822190876e+00,6.117653263879431202e-01,0.000000000000000000e+00,2.254026110773982017e-01,1.415861963213136954e-01,1.007356268090115803e+00,1.824586014123513455e-01,7.189271362333095328e-02,7.439900215854620136e-01,5.729670525026174799e-01,0.000000000000000000e+00,4.578828056906825705e-01,5.072750715787897047e-01,1.263966938091257264e+00,6.474933789658742223e-01,3.233059266326764325e-01,4.593770106538413445e-01,1.285454685624692006e+00,7.131400607264130054e-01,6.751877847634036867e-01,5.085211337053331393e-01,5.219068849557197964e-01
4.196348271104998195e-01,9.166524587181485995e-01,2.349786998757522061e-01,9.899011633504206653e-01,7.760197270606925546e-01,3.051281416991591389e-01,2.806050331053630553e-02,0.000000000000000000e+00,5.537447614089023862e-01,3.445260016935251524e-01,9.551800049063139397e-01,6.964880480929222517e-02,1.279476622569650335e+00,8.560038251035929635e-01,1.168603168728626018e+00,1.367608504560396399e-01,3.440411731890745672e-01,1.134823039707934855e+00,9.461238716558167472e-04,3.634078648987659199e-01,0.000000000000000000e+00,6.479719729741501011e-01,1.234572811304156303e+00,4.421349308490699070e-02,3.686964280316959996e-01,6.208087604530306836e-01,8.059122100437923208e-01,7.149433788630498166e-01,1.278170107313758574e+00,2.034482207229821454e-02,9.040379742600185287e-01,0.000000000000000000e+00,4.701656761054715528e-01,1.289177194562160234e-01,1.166851417786497036e+00,2.066600003121256968e-01,2.515284616928169514e-01,1.264161481502033668e+00,1.007914779051384713e+00,5.013001990419286846e-01,4.221297307870814364e-01,2.955775266089051279e-01,1.727840262887846701e-01,3.958907098614108389e-01,6.003294826343517077e-01,0.000000000000000000e+00,5.967580101432757855e-01,1.043307265954805718e+00,1.000451890613152095e+00,1.290894770801433111e+00,5.627071378486226960e-01,1.117628961953496924e+00,7.821870978147626996e-01,2.209816220110499829e-01,4.141620783397072930e-02,1.168384521205851678e+00,9.394843314766539999e-01,1.072215133564993650e+00,8.709954160594479688e-02,7.303109882986380530e-01,1.290894770801433111e+00,5.738072964403624354e-01,0.000000000000000000e+00,8.486727581241282348e-01,3.104177676960530596e-01,1.206490781067530049e+00,1.160689380934651904e+00,1.288843302617349806e+00,7.371555461629615280e-01,1.270376558273295320e+00,3.523484653832832381e-01,8.364639274108234268e-01,2.167708005976597130e-01,1.290894770801433111e+00,3.281790120209131523e-01,3.811785861880246373e-01,2.202988359963984344e-01,8.655158628869077386e-01,3.602789042704826472e-01,0.000000000000000000e+00,1.210595296268785814e+00,1.450392499409295100e-01,9.191789205084081038e-01,1.928130373969036415e-01,7.805281723112107439e-01,1.032254149396705678e+00,1.029439049083624269e+00,8.258171127686566582e-01,7.550356742063863980e-01,6.091664536020684473e-01,1.071081107622166462e+00
1.290894770801433111e+00,8.968316199220668361e-01,0.000000000000000000e+00,6.832360206921999080e-01,5.486413184995903025e-01,5.362634842698543736e-01,0.000000000000000000e+00,2.944791095089699384e-01,6.860767569328769799e-02,1.077656988615793399e+00,7.173295161434634082e-01,4.936157865846756976e-01,0.000000000000000000e+00,1.276566286506840120e+00,1.564568503049018344e-01,5.049181287323389888e-01,1.260810992390424268e+00,1.284511214441242721e+00,2.094386690218302816e-01,5.113673398809974735e-01,8.159559885714764427e-01,1.128590602041872337e+00,1.233600876215455444e-01,9.178008260383792027e-01,9.387951727144199232e-01,1.271652380795140758e+00,4.776187358347888101e-01,7.770444978493505905e-01,1.211432372556920489e+00,1.258548565035695066e-01,1.784518460815655017e-01,0.000000000000000000e+00,8.829654189986109675e-04,0.000000000000000000e+00,4.235403049990819069e-01,2.995872711716222603e-01,1.290894770801433111e+00,5.250592368503449459e-01,5.628782593356448372e-01,4.691463399570431902e-01,0.000000000000000000e+00,4.958665591115350990e-01,4.845120594645290213e-01,7.906577585077112502e-02,1.162043606651437244e+00,3.000982385044815293e-01,1.290894770801433111e+00,5.489144713142041221e-01,5.643377588223702501e-01,6.310191274658715210e-01,3.226478160178263277e-01,2.038009698956073645e-01,6.093530776826557860e-01,6.640579922648590649e-01,0.000000000000000000e+00,3.800534422174199345e-01,4.964531702001979685e-01,4.313655862112079076e-01,1.017000336307093633e+00,6.575331286834729116e-01,1.290894770801433111e+00,8.519216745343478614e-01,1.148215388921905999e+00,2.692589327969638902e-01,1.487082074254315878e-01,3.936176677262773205e-01,1.290894770801433111e+00,5.771135132235519771e-01,9.934855199513686896e-01,1.275307622236725003e+00,4.044033327228474528e-01,0.000000000000000000e+00,1.603699557225674588e-01,9.138643803978674374e-01,2.608054751107818925e-01,6.660580295686600039e-01,0.000000000000000000e+00,0.000000000000000000e+00,5.581827123245877154e-01,0.000000000000000000e+00,1.999410839830943198e-01,0.000000000000000000e+00,5.817543038779261488e-01,4.191668744423858728e-01,6.420107324185948539e-01,7.140596383165691563e-01,8.410478841228394842e-01,0.000000000000000000e+00,5.195032911816642729e-01,1.166035112777575211e+00,7.585604332006092854e-01
1.959467503243416397e-01,8.617299953659482981e-01,4.509014262158068109e-01,1.290894770801433111e+00,1.308199664203013313e-01,3.695493960355007105e-03,1.174940218472084519e+00,7.681332736872983347e-01,4.445304599412853719e-01,8.940878101834015546e-01,0.000000000000000000e+00,6.754973522260521168e-01,3.388830943701365839e-01,7.406537932844703409e-01,7.270892617619530984e-01,7.122672487348472581e-01,1.204370680400773885e+00,5.459871037824181039e-01,1.146660490590180714e+00,2.521646305131975407e-01,6.643657287442018555e-01,1.003040621267626165e+00,1.159031914934448793e+00,8.622575394549089056e-01,2.143666029971813269e-01,3.489503278419386900e-01,5.687815471949746460e-01,0.000000000000000000e+00,1.127520577934542301e+00,1.044999473699223413e+00,1.124216862239989734e+00,0.000000000000000000e+00,3.339642699493352018e-01,7.047917959714383729e-01,1.138082550155092632e+00,5.637524586277136152e-01,2.342129946927344608e-01,6.023567307142756455e-01,6.993892994983085254e-01,4.952934388314908509e-01,1.275185125950518472e+00,3.848946365105567757e-01,9.783543604398051707e-01,3.353771153088734303e-01,6.902329169446566048e-01,9.528393120358702451e-01,1.075350671499924138e+00,6.051914282503659814e-01,4.403680513854022482e-01,7.457042527987425840e-02,8.320135742835900461e-02,2.067038083638295387e-01,9.964898527218348789e-01,6.382240770235789729e-01,0.000000000000000000e+00,1.750745187405221004e-01,1.060504449226981949e+00,3.514413667190037782e-01,1.417457945891823778e-01,9.695272916061270507e-02,1.252683760951529557e+00,4.527165676523702831e-01,0.000000000000000000e+00,1.290894770801433111e+00,8.733808458822538423e-01,6.285638013526800849e-01,4.761199707742393983e-01,4.679198497220048991e-01,9.248694070976767323e-01,8.118029923784279012e-01,1.111015496521009283e+00,3.996700227584397691e-01,6.856996976697491419e-01,1.290894770801433111e+00,1.290894770801433111e+00,1.198556603586213853e+00,1.832170383157676330e-01,8.271882373831143109e-01,1.260590208768318954e+00,5.964772563584506138e-01,9.233192754589648610e-01,6.012209807808968076e-01,4.045229013331108070e-01,8.998693624350186937e-01,1.290894770801433111e+00,1.633893022100210424e-01,7.798157936518632649e-01,5.747336955646418222e-01,7.477109684378904220e-01,1.012810403940997528e+00,8.743852011528114865e-01
8.660292369470076190e-01,9.798854048205060119e-01,3.596354850648930679e-01,1.290894770801433111e+00,1.241416892282439566e+00,9.284256129421115666e-01,3.889075366570204917e-01,7.156246085586610850e-02,3.667796397326239521e-01,5.462505646906308243e-01,1.290894770801433111e+00,1.088499737032619930e+00,6.309678932727842415e-01,1.256264683328731424e+00,4.240147420828014879e-01,0.000000000000000000e+00,1.029697658358197154e+00,4.812585854778169692e-01,1.083722875549874232e+00,1.158385979749505079e+00,4.144718642233599093e-01,7.592343095140198228e-01,1.870701000438117767e-01,1.010457362211214294e+00,1.670209543533036356e-01,1.058542462331546696e+00,0.000000000000000000e+00,5.688302954380771714e-01,1.193155459511281213e+00,1.290894770801433111e+00,5.083599730762492497e-01,0.000000000000000000e+00,8.456853431995876580e-01,0.000000000000000000e+00,1.039804897417172747e+00,3.063430275978478723e-01,1.154287188479612203e+00,2.897254718634302284e-01,4.906116134757116387e-01,8.643229038689442811e-01,7.261047036011893108e-02,6.915141651664423739e-01,4.822203089130389086e-01,7.544380730421207382e-02,1.124137588471066262e+00,9.926026337567953606e-01,1.290894770801433111e+00,1.230972752381546576e+00,2.070151908293881016e-01,9.656518713463086989e-01,1.290894770801433111e+00,1.045749103157537885e+00,4.586426722619559304e-01,2.646351601181255453e-01,3.555176581506149791e-01,1.236045088002944548e+00,1.191162822194904880e+00,1.290894770801433111e+00,8.972010901959684981e-01,1.290894770801433111e+00,1.290894770801433111e+00,1.742992097369712445e-01,0.000000000000000000e+00,6.760902975568089390e-01,1.038972927099478749e+00,2.242199474879172649e-01,8.970458906082843242e-01,7.109139423013340897e-01,1.160230446885067268e+00,4.050246300470468075e-01,1.137065419752585349e+00,4.106155621070343154e-01,5.106736270203096617e-02,9.642512572889385680e-01,7.614294712694732459e-01,5.378665115740252078e-01,6.589945475600089697e-01,0.000000000000000000e+00,2.860959786411643724e-01,0.000000000000000000e+00,3.270018076302561583e-01,8.568884883380862849e-01,7.100895596100480489e-01,9.575349996699632493e-01,1.227374769712003211e+00,1.997314371390035148e-01,2.949905537971525549e-01,9.333899961961231728e-01,1.178693402384801692e+00,1.016581940916371884e+00,9.981402087054941363e-01
6.674566462857689508e-01,9.098322027989599325e-01,1.210685091393294721e+00,1.046961313597421173e+00,2.680366968781350279e-01,8.806542348189384528e-01,5.079095009052940757e-01,8.764026412406047406e-01,6.452310203343626371e-01,4.532991550511360490e-01,8.207198004284367299e-01,5.320261378090846982e-01,4.514127205621035754e-01,6.251967015099550995e-01,1.164811543527765281e+00,1.082514694804805444e+00,9.428984922108973876e-01,5.029714144134495024e-01,6.867789367917179755e-01,9.121900923900382319e-01,1.228116219640412510e+00,7.907165194443549483e-01,9.946118067036944232e-01,1.044583170581700055e-01,1.253977408437745300e+00,4.130002567414703396e-01,5.913956489274585504e-01,5.422010325231191308e-01,4.371594989198691883e-02,3.481904522633018362e-02,1.217958576251956027e+00,4.087753433287597549e-01,7.873221982557865317e-01,4.390380066083462429e-01,1.092507034868087423e+00,5.748848565328560367e-01,8.819069430825571265e-01,3.445322191288139324e-01,7.140952273096513592e-01,3.593140219792206880e-01,1.241740667359585215e+00,1.095826844313531279e+00,9.882150429533811398e-01,1.340408167868974432e-01,9.765960084410586495e-01,4.064752578891655532e-01,2.322242754552281685e-01,1.091718440476639129e+00,3.605710369127764214e-01,2.319386172394095613e-01,5.744959333918039368e-01,8.418154591804873910e-01,6.871155855798027901e-01,0.000000000000000000e+00,0.000000000000000000e+00,7.106778164027632849e-01,3.624078526275684720e-01,1.237804832318287085e+00,1.290894770801433111e+00,3.154185294255166250e-01,1.246938718987714356e+00,1.287320008636132940e+00,0.000000000000000000e+00,5.730425935475256388e-02,1.071079507423626120e+00,1.059533048741250871e+00,8.491727000891192700e-01,6.331786465315565327e-01,1.001648818990269474e+00,9.154228403128498170e-01,8.303650452465951570e-01,0.000000000000000000e+00,1.186861792523755454e+00,4.167278205001556657e-01,1.092647060666742220e+00,1.208054592486558887e+00,5.628553030817852187e-01,6.091764849611118748e-01,8.919160609517937655e-01,0.000000000000000000e+00,6.583912451409024147e-01,7.291705225436608817e-01,5.445042723884582075e-02,1.121062992807459580e+00,1.238387932480021325e+00,1.231793215029465705e+00,4.091375393024818674e-01,6.467113671185538148e-01,9.607899714806094060e-01,2.185800183194108737e-02,6.479428768806347883e-01
3.350814936422387702e-01,9.621316702863581538e-01,8.107489439204506043e-01,9.953008044327389392e-01,1.798371103878614596e-01,1.581457260504744722e-01,3.456295361925344478e-01,1.043749187285782476e+00,5.917562341514890495e-02,9.160424198338699975e-03,7.067234244498673545e-01,1.416351243657162362e-01,1.089612894525560094e+00,6.171549613025859582e-01,4.208558391345247895e-01,1.210020442332764734e+00,1.183978898515392064e+00,2.895488103984165673e-01,6.203508393845802438e-01,9.185393434586042183e-01,2.849351194047294311e-01,3.300388694520471899e-01,7.481381849607440238e-01,4.151598320247463780e-01,4.983324932689037756e-01,2.752521810640543576e-01,9.350617016776481272e-01,8.710981336834562327e-01,8.611316949279955724e-01,4.120670220444554999e-01,8.223194402419023996e-01,1.285847015717104025e+00,3.886621757846264041e-02,7.466048158519167366e-01,6.587193481015302110e-01,1.078403970692627833e+00,4.684787463452180778e-01,1.196487435555524614e+00,6.789229607861855254e-01,3.421276691307945650e-01,6.773096903749942221e-01,4.070650721561062113e-01,3.180982090362411974e-01,6.316798276159035774e-01,5.203194300449676124e-01,6.118414148230822969e-01,8.229556414673868669e-01,1.212523420681258290e+00,1.083871160971034087e+00,1.097881716770581662e+00,5.235676520675366374e-01,7.624045527783974707e-01,8.058630681384281180e-01,8.023666743461529416e-01,9.017122575894717662e-02,9.416568129491962313e-01,6.569674655749303538e-01,1.079909341821108759e+00,7.011540241255611594e-01,5.134314214583717284e-01,1.187859939605366622e+00,1.893541524853304958e-01,0.000000000000000000e+00,1.232445690947073791e+00,1.224195808690261122e+00,1.245238829314810447e+00,1.259674156498847841e+00,3.634327943083906498e-01,6.768301355966681587e-01,1.058878243081800230e+00,4.694892243846441326e-01,6.392523254018768197e-01,9.370957196334943617e-01,5.614737148906616404e-02,1.135564475359203129e+00,4.962714764047568838e-01,1.190486593349208144e+00,0.000000000000000000e+00,6.968356522822484189e-01,1.022935422481367151e+00,0.000000000000000000e+00,1.038053192087688759e+00,1.015443276461660105e+00,5.932886285989522057e-02,9.962392404342021446e-02,8.753613043958371476e-01,3.749086621657398699e-01,6.725694809565595511e-01,1.928864069223958644e-01,4.719018439236242757e-01,1.050632205786271811e+00
4.888873706293872523e-01,1.161334682550087677e-01,1.038853362464678298e+00,0.000000000000000000e+00,8.183769882214290969e-02,4.730068424917560077e-01,7.253601291618920477e-02,5.646762881754442409e-01,9.348660202716327916e-01,9.700880415912523924e-01,8.118865108957531440e-01,1.100960371593012882e-01,3.840567362510966531e-01,5.443254211933435949e-01,9.741276510754085516e-01,9.039466066748330642e-01,6.866490673325110761e-01,3.294491825300048249e-01,3.408140376409002914e-01,1.106034767886836301e+00,5.142050283340713346e-01,9.569157530679300860e-01,4.219195818613519777e-01,8.059273041684267280e-01,6.816207391518751546e-01,1.151484493978030432e+00,9.752405400577981442e-01,2.430869917244632417e-01,6.365412688949335651e-01,1.051851588773735191e+00,9.500799140006184196e-01,9.294541154508233483e-01,9.995157590359666777e-01,5.427869455659208864e-01,4.714633500160532731e-01,6.208835169306624602e-01,9.081579832007894426e-01,2.229904839639102743e-01,1.084962480555331094e-01,1.476022349694510079e-02,1.290894770801433111e+00,1.179486372853172149e+00,5.221672207649293018e-02,1.260240260546356073e+00,6.279776933877161404e-01,2.917052882470659858e-01,1.038360805199121106e+00,2.967666687216576928e-03,4.473514937954474191e-01,1.290894770801433111e+00,6.350737865122367820e-01,7.469635082262029435e-01,6.579063078956809418e-01,4.987358482221244671e-01,1.290894770801433111e+00,1.170653477435507295e+00,5.763937507499706792e-01,2.677485237490924430e-02,3.597687612056289508e-01,4.385976543944123396e-01,1.290894770801433111e+00,1.165619464632450253e+00,8.969821773715760393e-01,6.498729672895661169e-01,4.162563825124133698e-01,8.535550627298130744e-01,4.287440243339073198e-02,8.560195377062232991e-01,9.011641913082637512e-01,8.583131135595181149e-01,8.099870903856096760e-01,1.290894770801433111e+00,0.000000000000000000e+00,9.027542879557158839e-01,6.496279014428059106e-01,1.132959391513172598e+00,8.834157044395496428e-01,3.102545501519092253e-01,4.379925510555319756e-01,1.576192026783148625e-01,1.479671950225464883e-01,6.851154728477540923e-01,1.766743168819051579e-01,4.110668377620777525e-01,4.804367333279022656e-01,9.374545116306457482e-01,4.277451004254297778e-02,1.059724587035892673e+00,4.679560658500432901e-01,8.359839196820317841e-01,1.204954670547089268e-01
5.991268165667058554e-01,1.230654622142196564e+00,9.265729440492763702e-01,1.080174784364207996e+00,1.014670581681551775e+00,8.895075814823748539e-01,4.079070970423864240e-01,3.456411213665139259e-02,1.415400074162339317e-01,8.649021083033932022e-01,0.000000000000000000e+00,8.771971503597784103e-01,1.190389939166815347e+00,6.274140280582825302e-02,1.165046366485276819e+00,1.165124859598687390e+00,9.896104878398866989e-01,8.533301358041643914e-01,1.188319835794561907e+00,7.035185189739701084e-02,0.000000000000000000e+00,6.330643164426440483e-01,2.743088816142700836e-01,7.298360089565538722e-01,1.141377839860115317e+00,1.319494221668812417e-01,6.645654250205392799e-01,7.646781906322460687e-01,8.695707630666384969e-01,1.290894770801433111e+00,9.592845793345811112e-01,2.477723071126736176e-01,4.512617446217508932e-01,5.349982023592251279e-01,4.509183626918836230e-01,2.115535104476256867e-01,1.392199674417923250e-01,2.967342937947320958e-01,6.960195172297979349e-01,8.805740546877213193e-01,1.467531400404323838e-01,4.376484206628027951e-01,7.748578587364141068e-01,6.658132802019477436e-01,9.166769251797198814e-01,2.349017353770962435e-01,1.290894770801433111e+00,2.673698858896370045e-01,7.906738831231818754e-01,1.290894770801433111e+00,6.797060093380410395e-01,3.133385455044693790e-01,5.807319617493921227e-01,0.000000000000000000e+00,0.000000000000000000e+00,6.375698366529289896e-01,1.234754524751126459e+00,1.290894770801433111e+00,1.160419297940294525e+00,1.193323517927422417e+00,1.290894770801433111e+00,3.608793304276238650e-02,8.049897550786150324e-01,6.429616089811419632e-01,4.549877256224020283e-01,1.104251066098190792e+00,1.290894770801433111e+00,0.000000000000000000e+00,5.283294557924360646e-01,6.955133938367625834e-01,1.202434587979713587e+00,7.274151922935654380e-01,9.964280242944697497e-01,1.290894770801433111e+00,5.774553067570488141e-01,1.290784827793357570e+00,8.798014342036871716e-01,2.435404131043024389e-01,1.182171899531176962e+00,1.019284325622590970e+00,7.526812274976033557e-01,3.403295405865335299e-01,1.176434436232966174e+00,1.289638967146257587e+00,1.193668449919447871e+00,8.834686815188117492e-01,1.259270357028950515e+00,0.000000000000000000e+00,7.850758197556346740e-01,5.958467504094909772e-01,2.641668901044044726e-02
2.362621909510722873e-01,5.110768955673469227e-01,8.000305937940124235e-01,1.290894770801433111e+00,7.096015748690810421e-01,1.060900085848935026e+00,8.110040342184698936e-01,1.096967173636402615e+00,1.290894770801433111e+00,1.015492982849188985e+00,1.290894770801433111e+00,6.621108047660448914e-01,8.774879382203920608e-01,8.832838046369743956e-02,7.349013308418654855e-01,1.290894770801433111e+00,4.923680507419950780e-01,3.650789644890949925e-01,4.978816630291916234e-01,1.290894770801433111e+00,9.469429780022119436e-01,2.952741401851161074e-02,1.244657578834215350e+00,5.852100022642393595e-01,6.387283729924256304e-02,8.882551853463135361e-01,0.000000000000000000e+00,3.072931934588308267e-01,1.167304550814563635e+00,9.907773331724820665e-01,4.807309633829114359e-01,0.000000000000000000e+00,7.626064728936378101e-01,1.290894770801433111e+00,9.400812886016178538e-03,1.099473562264783322e+00,4.054697708272266277e-01,5.594302694092414541e-01,1.290894770801433111e+00,1.673136053915380006e-01,3.547350933795363481e-01,1.289281810639695713e+00,1.262328825914823760e+00,1.235150607072711404e+00,9.315269879688401478e-01,1.248633949594318393e+00,6.925220652819373823e-01,1.534711065783503081e-01,3.676301150912479332e-01,6.573415377279796523e-01,0.000000000000000000e+00,9.672752156359529230e-03,4.508716434986839022e-02,1.005886251399882525e+00,0.000000000000000000e+00,4.761540102444055123e-01,2.496914569889114865e-01,1.290894770801433111e+00,8.199108837871710298e-01,0.000000000000000000e+00,0.000000000000000000e+00,4.751518126825858834e-01,7.258927955831535606e-01,1.172966696770323614e+00,1.225048504937253258e+00,2.906744309125581238e-01,3.377874967955959429e-01,5.444214806751168645e-01,9.446864106951050610e-01,1.716299062924816488e-01,1.170172486864993339e-01,1.250490030214798098e+00,5.566537974145026046e-01,1.283638687025614677e+00,1.080619089133732613e+00,7.678367513569093195e-01,7.688014473978459495e-01,0.000000000000000000e+00,6.268888168643774739e-01,4.955829288593445181e-01,9.248613585340954568e-01,1.667739205824786963e-01,1.242287539683281761e+00,4.668635917340776542e-01,6.073334430671069040e-01,1.484620412755817583e-02,2.926122376371374512e-01,6.816307423640842744e-01,7.884035585413372571e-01,7.103251017497295150e-01,9.381916290382336099e-01
7.741110627632817875e-01,6.151956499840905979e-01,1.072864891019872813e+00,0.000000000000000000e+00,7.914728747159663347e-02,5.360472663160447127e-01,2.924918103720106077e-01,3.813376668060914909e-01,1.842079195018010151e-01,4.859404266658390315e-01,1.290894770801433111e+00,6.984730721947634002e-01,2.770045971867428070e-01,2.595103097213386292e-02,8.060582021410121756e-02,5.663541309820927516e-01,7.569814601688265032e-01,1.158813948987904796e+00,2.797062279574183408e-01,7.965027877372544696e-01,7.435807080117826651e-01,7.656489972053791560e-01,5.222582577780869872e-01,6.908016174370789075e-01,1.221782917826731651e+00,4.711484196263658331e-01,8.893417018766197613e-02,1.226269731837108079e+00,9.365348976083321952e-01,2.584164440479330138e-01,5.513255832253303179e-01,1.356744630747617752e-01,8.188295697334498913e-01,0.000000000000000000e+00,2.206210314196103417e-01,9.973121433389562362e-01,2.781900773289855411e-01,3.539069665302536638e-01,5.704494385296164927e-01,1.376074841986786035e-01,6.730186374341189381e-01,2.056172861089361134e-02,4.739826470808523179e-02,6.160930126730349565e-01,1.471373561737384338e-02,0.000000000000000000e+00,7.933190606953278712e-01,7.236528474616543694e-01,4.198937470641256886e-01,7.692499182511681743e-01,3.137531463776971896e-01,1.164273376122508585e+00,8.784410300067918564e-01,3.443692060781829156e-02,7.181805161813340499e-01,1.030833394084909704e+00,4.223769010503963806e-02,8.079681472003816811e-01,8.940344861179118086e-01,8.733426300673799089e-03,6.156203724014140954e-01,2.617889639201324004e-01,1.290894770801433111e+00,8.717923644251598381e-01,1.256321490531071561e+00,1.240815333608225046e+00,1.290894770801433111e+00,8.861251990201629569e-01,9.045055419202410740e-02,3.718947666981028410e-01,9.895747971309513946e-02,1.290894770801433111e+00,1.290894770801433111e+00,0.000000000000000000e+00,5.794083406293398797e-01,1.551008657520145696e-02,2.141181247046457237e-01,7.678589116049261420e-01,1.277189798396651532e-01,2.667358091042981716e-01,1.137400166067048080e+00,6.902748616058754783e-01,1.601193982618378808e-01,3.049963136312884293e-01,8.982718282887628414e-01,1.624556781549287288e-01,1.131662034411037299e+00,1.048538710438551735e+00,1.235619803490357160e+00,8.529116039645705527e-01,1.118118324275318098e+00
8.950014274061612873e-01,5.971002747886737794e-01,0.000000000000000000e+00,0.000000000000000000e+00,3.244683189145677882e-01,6.565220639357904897e-01,1.108991691510201161e+00,8.038410132078682713e-01,1.049913637389144672e+00,9.040907291075706009e-01,1.228583706578996182e+00,1.264380341659893769e+00,9.771541353648670603e-01,1.290894770801433111e+00,4.528698436579861597e-01,1.290894770801433111e+00,1.086370870346471951e-01,2.024733851332647869e-02,1.123710337679537874e+00,9.680389490343876968e-02,2.474024550272400924e-01,1.290894770801433111e+00,1.692972181003894738e-02,2.520247045328277008e-02,1.158569634292423656e+00,1.039410652394708645e+00,5.221872594386374189e-01,6.999018071769917970e-01,5.916363434763397544e-01,5.179332752527922024e-01,0.000000000000000000e+00,7.995600214178076870e-01,1.196333675802618846e+00,2.519415685428365581e-01,1.155903961935204061e+00,3.642595982823398915e-01,5.391462302527342265e-01,4.301796912938786743e-01,9.001105262106369187e-01,8.984705065820151049e-01,1.008788182817424106e+00,8.888504844843517771e-01,1.214312524793231818e+00,1.690875442309199839e-01,2.379663612573904852e-01,1.271361238635037916e+00,5.302623431477345717e-01,9.621403854925912880e-01,4.449001277812157373e-01,2.456579387074273035e-01,1.290894770801433111e+00,1.070395453424515475e+00,0.000000000000000000e+00,0.000000000000000000e+00,1.290894770801433111e+00,5.226000382175266523e-01,0.000000000000000000e+00,1.290894770801433111e+00,6.094252276756700892e-01,1.015785891370426297e+00,1.290894770801433111e+00,1.105763341424071955e+00,7.192895462603429158e-01,1.089829748953853317e-01,2.477531309627505340e-01,9.339930179205200300e-01,1.482442004883864073e-01,1.062066834574168395e+00,2.993698657607560265e-01,8.859952565838372096e-02,9.960611733317118466e-01,2.613469579132501330e-01,4.816748126749159087e-01,9.829701001279884665e-01,1.349740280490199784e-01,1.352192252247701454e-01,4.893912646962371160e-01,7.831380399814628079e-01,1.219040519453884253e+00,5.424032303093110352e-01,1.167487968818456956e+00,5.896041345725874239e-01,2.492919518897447062e-01,1.004885278858993480e+00,6.609179368171276270e-01,6.006290767576837331e-01,2.402725282539578677e-01,0.000000000000000000e+00,8.329753250569028600e-01,6.784858689437415213e-01,4.966591872057135593e-01
7.624549531887636622e-01,3.085206628571091070e-01,9.279247936679239084e-01,1.290894770801433111e+00,6.974440461990825124e-01,1.092910487049827628e+00,1.095247908400502013e+00,1.096292597638820920e+00,4.599303687825904152e-01,7.475378902938923931e-01,7.445314855481818261e-01,1.041696676696683976e+00,4.552868261393052118e-01,1.047648995882494577e-01,1.050968326900676431e+00,1.237029935358902488e+00,9.096715848369556212e-02,5.673673080302592542e-01,8.814687823961944169e-01,1.290894770801433111e+00,2.593811374293440442e-01,8.746868900520331502e-01,0.000000000000000000e+00,4.279299362671477036e-01,8.359769713292191096e-01,1.684997208595543638e-01,2.238645058122846754e-01,6.736078063413606376e-01,2.225390630417721782e-01,1.778138269796637194e-01,2.444879229221005867e-01,0.000000000000000000e+00,8.111546635142036221e-01,1.942222944942989249e-01,2.873618345004262387e-01,6.641467832725065357e-01,1.250897389135473325e+00,1.040633341570713633e+00,2.113783495912627541e-01,2.519012961164642794e-01,5.356657853456006091e-01,3.325383129851185449e-01,8.498566393340351022e-01,9.388717630322835905e-01,1.267448446602954526e+00,1.004113797583461087e+00,5.571588556159465799e-01,8.678520821161962440e-01,8.286996459628663825e-01,7.527938743847085723e-01,7.424734156682628594e-01,6.605808442022182980e-01,8.767390242625103802e-01,4.588087985064933511e-02,7.157097486904722139e-01,5.563834383581682808e-01,8.915122365458010012e-02,4.666311906241324414e-01,9.792392329257996186e-01,1.099331327508541012e+00,1.290894770801433111e+00,1.118042423751888004e+00,0.000000000000000000e+00,8.376975166518456639e-01,8.806868340867113343e-01,0.000000000000000000e+00,1.031559624532626618e+00,1.277397301925623063e+00,5.556787861309034904e-01,2.380487017554836771e-01,9.813164944762108322e-01,0.000000000000000000e+00,1.192528858353074872e+00,1.290894770801433111e+00,1.517808776672764925e-01,8.541564989643518624e-01,9.233005831652413287e-01,6.010955803783682994e-01,6.552969348401745942e-01,5.466793445980752120e-01,4.536113622693299097e-01,1.177922401567872868e+00,6.461095939279395406e-01,3.741215908420802427e-01,7.933341806050795419e-01,6.796027504339831049e-01,1.891008049928897539e-01,0.000000000000000000e+00,4.977724598209535278e-01,0.000000000000000000e+00,7.357438650360856869e-01
6.371953869487673172e-01,1.701919034401221664e-01,1.162985687814134472e+00,2.418671014681307574e-01,1.290894770801433111e+00,9.989583939853970973e-01,1.297353981124723943e-01,4.516574826265159492e-01,6.019223856444891885e-01,8.154984379237872893e-01,0.000000000000000000e+00,1.244968246276909052e-01,3.536006060952489594e-01,3.536887826855012462e-01,8.263091400473112635e-01,9.855675162581954973e-01,6.663954241513259102e-01,9.042142903278267418e-01,1.048010281623926510e+00,1.029097950988686894e-01,0.000000000000000000e+00,1.111720097787347816e+00,5.573297028726303948e-01,1.026155121002075399e+00,1.042538893798073740e+00,8.732873398490861305e-01,4.337524603626209396e-01,2.534670072953135733e-01,8.582683915885293002e-01,1.045093980944403027e-02,7.061257698998566479e-01,9.428776351705163705e-01,6.597331029384250201e-01,1.482571726779876031e-01,1.253866658081801866e+00,1.219896638800865185e+00,4.969834114047054219e-01,1.280198172431948223e+00,3.475951131434956709e-01,1.155378870266230013e-01,7.839735066618990222e-01,8.888903802920837816e-01,1.046625152036916973e+00,1.034238235152389773e+00,6.492814453663550145e-01,1.016983008736650929e+00,9.327524809935067163e-02,1.002408303557397851e+00,1.283008572021766103e+00,0.000000000000000000e+00,0.000000000000000000e+00,1.174233192108937063e+00,0.000000000000000000e+00,1.290894770801433111e+00,8.425862530919664417e-01,2.497170344525335983e-01,1.264541420981494246e-01,1.290894770801433111e+00,1.228925930708481218e+00,4.579292291363957768e-01,0.000000000000000000e+00,0.000000000000000000e+00,1.243847446636723753e+00,2.614659300683835341e-01,8.258016110287832445e-01,9.654153811155249398e-01,5.125831177783198855e-01,1.141274072538188022e+00,8.423724247598532444e-02,1.165595169863832048e+00,0.000000000000000000e+00,5.019838744021132282e-01,9.108848466937233823e-01,1.290894770801433111e+00,8.973581009653432972e-01,1.270125922466570856e+00,3.189887437229674272e-01,6.873772534243433041e-01,1.134512842630109208e+00,0.000000000000000000e+00,7.631696490074624251e-01,5.058858305253990384e-01,7.956848164967152970e-01,1.290894770801433111e+00,1.796223304580204239e-01,1.906966061149278080e-01,7.118630251170067202e-01,0.000000000000000000e+00,1.110851650327708384e+00,4.232813349653553603e-01,9.609750434126228535e-01
6.124953171261863227e-01,7.676914282914604204e-01,0.000000000000000000e+00,5.662398238721808585e-01,2.804320474432216437e-01,1.035707943308067147e+00,4.714673809168664319e-03,1.018404895371136876e+00,2.409769455227752100e-01,5.542923030257360661e-01,4.712017726084365143e-02,7.249904750055764513e-01,2.657708333237688847e-01,2.276338040793569051e-01,4.138957793045303091e-01,8.638502953819368058e-01,4.151866594014467227e-01,1.084260924617425514e+00,5.184040285139991378e-01,1.867806220649814997e-01,5.504172604006282166e-01,9.913976546412042179e-01,1.221492652884870411e+00,7.577820011260686384e-01,2.397775446349497686e-01,4.778096849861155904e-01,3.243374750618654434e-01,4.112240545481903320e-01,8.771970024241380059e-01,1.290894770801433111e+00,1.213789990044582545e+00,1.112891894725163811e+00,2.403808630560010651e-01,1.076313770262220082e+00,9.136522875984918191e-01,2.100469212929388374e-01,1.100893356821680102e+00,1.069558574519587912e-01,2.593313909352811808e-01,1.167239940910582474e+00,6.901913290491936692e-01,7.701632109403735438e-01,4.512658385945674255e-01,1.068770891399809964e+00,3.328490486161162498e-01,1.207300262457343010e+00,4.233465914506730488e-01,1.896754469537433319e-01,9.815107293131959398e-01,1.221900841494732770e+00,2.619823392971538101e-01,6.822459105920841704e-01,8.401523344006137650e-01,4.045389301502799739e-01,1.608579165018412804e-01,2.895124082745116900e-01,8.115904799101826272e-01,1.290894770801433111e+00,2.857941788032207220e-01,7.311389549511614350e-01,1.290894770801433111e+00,7.403487696375682381e-01,0.000000000000000000e+00,7.842744158282255462e-01,8.042336965255560965e-01,9.197812115096741792e-01,5.482508141275084235e-01,4.580093664966579103e-01,7.543714970612943604e-01,6.454914379476821562e-01,5.628407583221909372e-01,7.371939543781586002e-02,1.014669529878180487e+00,1.290894770801433111e+00,1.142534213923456221e+00,7.703229298355631638e-01,7.625743206504674854e-01,1.289675032511994113e+00,8.646535345663106109e-02,0.000000000000000000e+00,0.000000000000000000e+00,1.081651504927642726e+00,7.040996849380534162e-01,0.000000000000000000e+00,1.139529626836999654e+00,4.504332245457210449e-01,2.533617894814662042e-01,0.000000000000000000e+00,5.086035559008033058e-01,1.267099263192895953e-01,5.013737110915874595e-01
4.266250732964063652e-01,9.577479560842160344e-01,2.514868507130001984e-01,1.290894770801433111e+00,4.214245440722811931e-01,4.192716746603311617e-01,6.145430424751726489e-02,4.423893561079916270e-01,1.290894770801433111e+00,1.094147465104682082e+00,0.000000000000000000e+00,4.578313698959339262e-01,4.457873230426315225e-02,7.295253268612319486e-01,5.624067571418362999e-01,3.352842201227992924e-01,1.290894770801433111e+00,1.063103287146225595e+00,4.787246092505617057e-01,5.830183100581060041e-01,7.501719526553454198e-01,1.044500505613001229e+00,5.566787449232768470e-01,1.245765250682632663e+00,7.913147860395532973e-01,5.175719750439112810e-01,2.219077678219407712e-01,1.025591918174824091e+00,2.654982769781677812e-02,1.900670603427061234e-01,1.175022375102288352e+00,6.839970669216131061e-01,1.017197722898988577e+00,5.962132891040874405e-01,9.756799312070961738e-01,6.944968275142729963e-01,1.109599803969244292e+00,8.041887794169738646e-01,5.144696880713667264e-01,1.025021842982380527e+00,4.411974510097427804e-01,2.632043316819867029e-01,0.000000000000000000e+00,6.496191228563308329e-01,3.198230549427543146e-01,2.243822187258751599e-01,6.246929928761425499e-01,6.254118112849724742e-01,1.676339492277703069e-01,1.290894770801433111e+00,4.645282490109204354e-01,6.618125214300669690e-01,0.000000000000000000e+00,2.953796778144859303e-01,7.797107852677674644e-02,8.991860549735205543e-01,1.181062872593954038e+00,2.660829881058671686e-01,4.616450563670245200e-01,8.937786788424988138e-02,1.290894770801433111e+00,7.188581302086533009e-01,1.148238631100156892e+00,6.477509542693432598e-01,3.243862210178144467e-01,2.767390770260735322e-01,2.284591707198329602e-01,7.273345738071725908e-01,8.651397289071227625e-02,4.282700402183738375e-01,9.747779106292948637e-01,2.748852559335381862e-01,7.200271959755365492e-01,1.290894770801433111e+00,1.160226952302335190e+00,9.231217525078200259e-02,9.497548575386415282e-01,1.079713807406005088e+00,1.008327927084964104e+00,0.000000000000000000e+00,1.981974476993323964e-01,9.690622116590342783e-01,7.477324283099766600e-01,4.038720366026865016e-01,1.219517810683701908e+00,8.705951511827870748e-01,1.205446625235605973e+00,0.000000000000000000e+00,1.113923837970916431e+00,7.322316294556536764e-01,6.974198146171536328e-01
