1.173191744607341214e+00,9.031707066748475565e-01,1.874257005926362574e+00,1.257531668509199729e-01,5.265522375385673914e-01,1.991351293393831767e+00,1.072842491227008477e-01,9.667266713368332098e-01,7.982510997576113265e-01,1.022490664020830886e+00,1.151975602987098224e+00,1.176823520779641585e+00,1.114304874593963213e-01,1.931029127228204523e+00,1.127478059515975017e+00,5.945035356072863042e-01,6.493869039943644950e-02,7.876423234282881047e-01,1.012446776272365234e+00,1.956561852476192520e+00,9.976649198365696858e-01,2.700706236435552743e-01,4.604951839396149715e-01,1.064017652529357649e+00,7.941322511582882271e-01,7.175725403578936401e-02,2.273964249391480230e-01,1.243920336547389649e+00,3.566136015656891090e-01,6.746616427466343158e-01,1.854693826467251894e+00,6.920003788375983511e-02,3.233853022761306040e-01,6.585543292643825097e-03,1.979649826808739688e+00,8.788057516829572702e-01,6.644428471005390247e-01,1.504453499863405819e+00,1.898111816694002973e+00,1.661949825781470436e+00,1.065542437506745488e+00,1.581393321635813365e+00,1.737241483566287714e+00,5.120447705406989680e-01,9.489930599365692387e-02,7.936813236508348801e-01,1.315315629309647738e+00,7.053019348625455542e-01,1.868377061703489384e+00,3.779402888423104567e-01,7.587081423767418897e-01,8.164945606259204069e-01,1.701680577049265342e+00,6.063547698923537066e-01,5.568562964419616623e-01,1.534425044462446319e-01,1.573981771497431792e+00,5.793536653199085062e-01,4.870371603350291956e-01,5.765019386508258847e-01,5.961294073655580839e-01,1.667819041326613405e+00,4.011019731701324087e-01,6.064082331551827743e-01,9.957972450728509450e-01,1.606396374135916627e-01,1.342175099961491425e+00,1.888812248892087764e+00,8.869684788049763124e-01,1.513391212862374102e+00,7.862403809379256980e-01,1.023348085410709540e+00,9.882322790752318120e-01,4.586618319904673946e-01,1.744458856345366016e+00,1.165684530507471450e-02,1.466954604710754451e+00,9.457288495851927657e-01,7.205659628424507801e-01,4.908051118253251577e-01,1.259402268440464212e+00,1.512475806165145320e+00,2.133004250764694021e-01,4.863394446178728181e-01,9.110251806487406068e-01,4.940384012541991776e-01,1.925429511293900386e+00,1.653866047547534635e+00,1.118769827248642379e-01,4.730766070760126230e-01,7.717595425102345974e-01
1.173191744607341214e+00,9.031707066748475565e-01,1.874257005926362574e+00,2.238560933865858082e+00,5.265522375385673914e-01,1.991351293393831767e+00,1.072842491227008477e-01,4.787431528112539580e-01,7.982510997576113265e-01,1.022490664020830886e+00,1.151975602987098224e+00,1.176823520779641585e+00,1.114304874593963213e-01,1.931029127228204523e+00,1.127478059515975017e+00,5.945035356072863042e-01,6.493869039943644950e-02,7.876423234282881047e-01,1.012446776272365234e+00,1.956561852476192520e+00,9.976649198365696858e-01,2.700706236435552743e-01,4.604951839396149715e-01,1.064017652529357649e+00,-7.301484667997590883e-01,7.175725403578936401e-02,2.273964249391480230e-01,1.243920336547389649e+00,3.566136015656891090e-01,6.746616427466343158e-01,1.854693826467251894e+00,6.920003788375983511e-02,3.233853022761306040e-01,6.585543292643825097e-03,1.979649826808739688e+00,8.788057516829572702e-01,6.644428471005390247e-01,1.504453499863405819e+00,1.898111816694002973e+00,1.661949825781470436e+00,1.065542437506745488e+00,1.917389755191204914e+00,1.737241483566287714e+00,5.120447705406989680e-01,9.489930599365692387e-02,7.936813236508348801e-01,1.315315629309647738e+00,7.053019348625455542e-01,1.868377061703489384e+00,3.779402888423104567e-01,7.587081423767418897e-01,8.164945606259204069e-01,1.701680577049265342e+00,6.063547698923537066e-01,5.568562964419616623e-01,-1.186225890534051919e+00,1.573981771497431792e+00,5.793536653199085062e-01,4.870371603350291956e-01,5.765019386508258847e-01,1.223661150389245389e+00,1.667819041326613405e+00,4.011019731701324087e-01,6.064082331551827743e-01,9.957972450728509450e-01,1.606396374135916627e-01,1.342175099961491425e+00,1.888812248892087764e+00,8.869684788049763124e-01,1.513391212862374102e+00,7.862403809379256980e-01,1.023348085410709540e+00,4.599915230671931532e-01,4.586618319904673946e-01,1.744458856345366016e+00,1.165684530507471450e-02,-1.606855002842012548e+00,9.457288495851927657e-01,7.205659628424507801e-01,1.049148905222993200e+00,1.259402268440464212e+00,1.512475806165145320e+00,2.133004250764694021e-01,4.863394446178728181e-01,9.110251806487406068e-01,4.940384012541991776e-01,1.690448818876001402e+00,1.653866047547534635e+00,7.778582082181296764e-01,6.144224873240681228e-01,7.717595425102345974e-01
7.147951452751355461e+00,9.031707066748475565e-01,1.874257005926362574e+00,2.238560933865858082e+00,5.265522375385673914e-01,6.235985885156740682e-01,1.072842491227008477e-01,4.787431528112539580e-01,7.982510997576113265e-01,1.022490664020830886e+00,1.151975602987098224e+00,1.176823520779641585e+00,1.114304874593963213e-01,6.930061330356296345e+00,-1.546234472450420450e+00,5.945035356072863042e-01,6.493869039943644950e-02,4.875682413737727927e+00,1.012446776272365234e+00,1.956561852476192520e+00,9.976649198365696858e-01,2.700706236435552743e-01,-4.160513265172726349e+00,1.064017652529357649e+00,-7.301484667997590883e-01,7.175725403578936401e-02,2.748231523633453133e+00,1.243920336547389649e+00,3.566136015656891090e-01,6.746616427466343158e-01,1.854693826467251894e+00,6.920003788375983511e-02,3.233853022761306040e-01,6.585543292643825097e-03,-8.306365011162417655e-01,8.788057516829572702e-01,6.644428471005390247e-01,1.504453499863405819e+00,1.898111816694002973e+00,1.661949825781470436e+00,1.065542437506745488e+00,1.917389755191204914e+00,1.737241483566287714e+00,5.120447705406989680e-01,9.489930599365692387e-02,-1.354040187348001023e+00,1.315315629309647738e+00,7.053019348625455542e-01,4.507079967645148066e+00,3.779402888423104567e-01,7.587081423767418897e-01,8.164945606259204069e-01,1.701680577049265342e+00,6.063547698923537066e-01,5.568562964419616623e-01,-1.186225890534051919e+00,-2.685107214422957078e-01,5.793536653199085062e-01,4.870371603350291956e-01,5.765019386508258847e-01,1.223661150389245389e+00,1.667819041326613405e+00,4.011019731701324087e-01,6.064082331551827743e-01,9.668699746020995178e+01,1.606396374135916627e-01,1.342175099961491425e+00,1.888812248892087764e+00,8.869684788049763124e-01,1.513391212862374102e+00,7.862403809379256980e-01,1.023348085410709540e+00,4.599915230671931532e-01,4.586618319904673946e-01,1.744458856345366016e+00,1.165684530507471450e-02,-1.606855002842012548e+00,9.457288495851927657e-01,7.205659628424507801e-01,1.049148905222993200e+00,1.259402268440464212e+00,1.512475806165145320e+00,2.133004250764694021e-01,4.863394446178728181e-01,9.110251806487406068e-01,4.940384012541991776e-01,1.690448818876001402e+00,1.653866047547534635e+00,7.778582082181296764e-01,6.144224873240681228e-01,7.717595425102345974e-01
7.147951452751355461e+00,9.031707066748475565e-01,1.874257005926362574e+00,2.238560933865858082e+00,5.265522375385673914e-01,6.235985885156740682e-01,-1.262905509952920280e+00,4.787431528112539580e-01,7.982510997576113265e-01,-8.256854122524474704e+00,1.151975602987098224e+00,-4.146138698759605390e+00,1.114304874593963213e-01,6.930061330356296345e+00,-1.546234472450420450e+00,5.945035356072863042e-01,6.493869039943644950e-02,4.875682413737727927e+00,4.845609138586875808e+00,1.956561852476192520e+00,9.976649198365696858e-01,-2.862153485658320839e+00,-4.160513265172726349e+00,1.064017652529357649e+00,-7.301484667997590883e-01,7.175725403578936401e-02,2.748231523633453133e+00,1.243920336547389649e+00,3.566136015656891090e-01,6.746616427466343158e-01,1.854693826467251894e+00,6.920003788375983511e-02,-6.999599062060914534e+00,6.585543292643825097e-03,-8.306365011162417655e-01,8.788057516829572702e-01,6.644428471005390247e-01,1.504453499863405819e+00,1.898111816694002973e+00,1.661949825781470436e+00,1.065542437506745488e+00,1.917389755191204914e+00,1.737241483566287714e+00,5.120447705406989680e-01,9.489930599365692387e-02,-1.354040187348001023e+00,2.775530373456010835e+00,7.053019348625455542e-01,4.507079967645148066e+00,3.779402888423104567e-01,7.587081423767418897e-01,3.018005305291537876e+00,-3.719886035384464495e+00,6.063547698923537066e-01,5.568562964419616623e-01,-1.186225890534051919e+00,-2.685107214422957078e-01,5.793536653199085062e-01,4.870371603350291956e-01,5.765019386508258847e-01,1.223661150389245389e+00,1.667819041326613405e+00,-1.675942257225403020e+00,6.064082331551827743e-01,9.668699746020995178e+01,1.606396374135916627e-01,1.342175099961491425e+00,1.888812248892087764e+00,8.869684788049763124e-01,1.513391212862374102e+00,7.862403809379256980e-01,1.023348085410709540e+00,4.599915230671931532e-01,4.586618319904673946e-01,1.744458856345366016e+00,1.165684530507471450e-02,-1.606855002842012548e+00,9.457288495851927657e-01,7.205659628424507801e-01,1.049148905222993200e+00,1.259402268440464212e+00,1.512475806165145320e+00,2.133004250764694021e-01,3.620935531297914345e+00,9.110251806487406068e-01,4.940384012541991776e-01,1.690448818876001402e+00,-1.802959401982560106e+00,7.778582082181296764e-01,6.144224873240681228e-01,7.717595425102345974e-01
7.147951452751355461e+00,9.031707066748475565e-01,4.796458864857223503e+00,2.238560933865858082e+00,5.265522375385673914e-01,6.235985885156740682e-01,-1.262905509952920280e+00,4.787431528112539580e-01,7.982510997576113265e-01,-8.256854122524474704e+00,1.151975602987098224e+00,-4.146138698759605390e+00,1.114304874593963213e-01,6.930061330356296345e+00,-1.546234472450420450e+00,5.945035356072863042e-01,6.493869039943644950e-02,4.875682413737727927e+00,4.845609138586875808e+00,1.956561852476192520e+00,9.976649198365696858e-01,-2.862153485658320839e+00,-4.160513265172726349e+00,1.064017652529357649e+00,-7.301484667997590883e-01,7.175725403578936401e-02,2.748231523633453133e+00,3.298990060100443156e+00,3.566136015656891090e-01,6.746616427466343158e-01,1.854693826467251894e+00,6.920003788375983511e-02,-6.999599062060914534e+00,6.585543292643825097e-03,-8.306365011162417655e-01,8.788057516829572702e-01,6.644428471005390247e-01,1.504453499863405819e+00,1.898111816694002973e+00,-6.989162801419024351e-01,6.855813255276246299e-01,1.917389755191204914e+00,-3.462331074732563074e+00,5.120447705406989680e-01,-4.111978453541004219e-01,-1.354040187348001023e+00,2.775530373456010835e+00,7.053019348625455542e-01,4.507079967645148066e+00,3.779402888423104567e-01,7.587081423767418897e-01,3.018005305291537876e+00,-3.719886035384464495e+00,2.518500125184897520e+00,5.568562964419616623e-01,-1.186225890534051919e+00,-2.685107214422957078e-01,5.793536653199085062e-01,4.870371603350291956e-01,5.765019386508258847e-01,1.223661150389245389e+00,1.667819041326613405e+00,-1.675942257225403020e+00,6.064082331551827743e-01,9.668699746020995178e+01,1.606396374135916627e-01,1.094984384167309921e+00,1.888812248892087764e+00,8.869684788049763124e-01,1.513391212862374102e+00,1.132279605669062716e+00,1.023348085410709540e+00,4.599915230671931532e-01,4.586618319904673946e-01,1.744458856345366016e+00,1.165684530507471450e-02,-1.606855002842012548e+00,1.659025613475614280e+00,8.987121571992593427e-01,1.049148905222993200e+00,1.259402268440464212e+00,1.512475806165145320e+00,2.133004250764694021e-01,3.620935531297914345e+00,-3.117884291765556704e+00,4.940384012541991776e-01,1.690448818876001402e+00,-1.802959401982560106e+00,7.778582082181296764e-01,6.144224873240681228e-01,7.717595425102345974e-01
7.147951452751355461e+00,9.031707066748475565e-01,4.796458864857223503e+00,2.238560933865858082e+00,-3.006435156232747374e+01,6.235985885156740682e-01,-1.262905509952920280e+00,4.787431528112539580e-01,7.982510997576113265e-01,-8.256854122524474704e+00,1.151975602987098224e+00,-4.146138698759605390e+00,4.791317709692471283e+00,6.930061330356296345e+00,-1.546234472450420450e+00,5.945035356072863042e-01,6.493869039943644950e-02,4.875682413737727927e+00,4.845609138586875808e+00,1.956561852476192520e+00,9.976649198365696858e-01,-2.862153485658320839e+00,-4.160513265172726349e+00,1.064017652529357649e+00,-7.301484667997590883e-01,7.175725403578936401e-02,2.748231523633453133e+00,3.298990060100443156e+00,7.415088083716801393e+00,1.940951863474372319e+00,9.963722327610474494e+00,6.920003788375983511e-02,-6.999599062060914534e+00,6.585543292643825097e-03,-8.306365011162417655e-01,8.788057516829572702e-01,6.644428471005390247e-01,1.504453499863405819e+00,-2.188968716578662210e+00,-6.989162801419024351e-01,6.855813255276246299e-01,1.917389755191204914e+00,-3.462331074732563074e+00,5.120447705406989680e-01,-4.111978453541004219e-01,-1.354040187348001023e+00,2.775530373456010835e+00,7.053019348625455542e-01,4.507079967645148066e+00,3.779402888423104567e-01,7.587081423767418897e-01,3.018005305291537876e+00,-3.719886035384464495e+00,2.518500125184897520e+00,5.568562964419616623e-01,-1.186225890534051919e+00,-2.685107214422957078e-01,1.412180521358710727e+01,4.870371603350291956e-01,5.765019386508258847e-01,1.223661150389245389e+00,6.506048204715952465e+00,-1.675942257225403020e+00,6.064082331551827743e-01,9.668699746020995178e+01,1.037838376947167163e+01,1.094984384167309921e+00,1.888812248892087764e+00,8.869684788049763124e-01,-1.058013486355502231e+01,1.132279605669062716e+00,1.023348085410709540e+00,4.599915230671931532e-01,4.586618319904673946e-01,1.744458856345366016e+00,1.165684530507471450e-02,-1.606855002842012548e+00,1.659025613475614280e+00,8.987121571992593427e-01,1.049148905222993200e+00,2.299753100717574057e+02,1.512475806165145320e+00,2.133004250764694021e-01,3.620935531297914345e+00,-3.117884291765556704e+00,3.517581166025667727e+00,1.690448818876001402e+00,-1.802959401982560106e+00,7.778582082181296764e-01,6.144224873240681228e-01,7.717595425102345974e-01
7.147951452751355461e+00,6.035558986123542802e+00,4.796458864857223503e+00,2.238560933865858082e+00,-3.006435156232747374e+01,6.235985885156740682e-01,-1.262905509952920280e+00,4.787431528112539580e-01,7.982510997576113265e-01,-8.256854122524474704e+00,1.151975602987098224e+00,-4.146138698759605390e+00,4.791317709692471283e+00,6.930061330356296345e+00,-1.546234472450420450e+00,-1.700150868130349835e+01,6.493869039943644950e-02,4.875682413737727927e+00,4.845609138586875808e+00,1.956561852476192520e+00,8.332421066565693479e+00,-2.862153485658320839e+00,-4.160513265172726349e+00,1.064017652529357649e+00,-7.301484667997590883e-01,7.175725403578936401e-02,2.748231523633453133e+00,3.298990060100443156e+00,7.415088083716801393e+00,1.940951863474372319e+00,9.963722327610474494e+00,-1.553985700740706299e+00,-6.999599062060914534e+00,6.585543292643825097e-03,-8.306365011162417655e-01,8.788057516829572702e-01,6.644428471005390247e-01,1.504453499863405819e+00,-2.188968716578662210e+00,-6.989162801419024351e-01,6.855813255276246299e-01,1.917389755191204914e+00,-3.462331074732563074e+00,5.120447705406989680e-01,-4.111978453541004219e-01,-1.354040187348001023e+00,2.775530373456010835e+00,7.053019348625455542e-01,4.507079967645148066e+00,-1.560565510137146061e+00,1.601508996578663302e+00,3.018005305291537876e+00,-3.719886035384464495e+00,2.518500125184897520e+00,1.072423581491487088e+00,-1.186225890534051919e+00,-2.685107214422957078e-01,1.412180521358710727e+01,4.870371603350291956e-01,2.806683220764366826e+00,1.223661150389245389e+00,6.506048204715952465e+00,-1.675942257225403020e+00,4.171203464099320968e+00,9.668699746020995178e+01,1.037838376947167163e+01,1.094984384167309921e+00,1.888812248892087764e+00,4.149441283193540109e-01,-1.058013486355502231e+01,1.132279605669062716e+00,-4.710229698399359677e-02,4.599915230671931532e-01,6.605229705417617936e+01,1.744458856345366016e+00,1.165684530507471450e-02,-1.606855002842012548e+00,1.659025613475614280e+00,8.987121571992593427e-01,1.049148905222993200e+00,2.299753100717574057e+02,1.512475806165145320e+00,2.133004250764694021e-01,3.620935531297914345e+00,-3.117884291765556704e+00,3.517581166025667727e+00,1.690448818876001402e+00,-1.802959401982560106e+00,7.778582082181296764e-01,6.144224873240681228e-01,7.717595425102345974e-01
7.147951452751355461e+00,6.035558986123542802e+00,4.796458864857223503e+00,2.238560933865858082e+00,-3.006435156232747374e+01,6.235985885156740682e-01,-1.262905509952920280e+00,4.787431528112539580e-01,4.152713079807443641e+00,-8.256854122524474704e+00,-2.049673615238640334e+00,-4.146138698759605390e+00,4.791317709692471283e+00,6.930061330356296345e+00,-1.546234472450420450e+00,-1.700150868130349835e+01,-3.737842153348742702e+00,4.875682413737727927e+00,4.845609138586875808e+00,1.117622131795447338e+00,8.332421066565693479e+00,-2.862153485658320839e+00,-4.160513265172726349e+00,2.102246971437397027e-01,-7.301484667997590883e-01,-1.754949402508630296e+00,2.748231523633453133e+00,3.298990060100443156e+00,7.415088083716801393e+00,1.940951863474372319e+00,9.963722327610474494e+00,-1.553985700740706299e+00,-6.999599062060914534e+00,1.983313984411807729e+00,-8.306365011162417655e-01,3.459830571882888117e-01,-1.190994555588720250e-02,2.504469700793199749e+00,-2.188968716578662210e+00,-6.989162801419024351e-01,6.855813255276246299e-01,1.917389755191204914e+00,-3.462331074732563074e+00,2.022214446179289027e+00,-4.111978453541004219e-01,-1.354040187348001023e+00,2.775530373456010835e+00,-2.350764611426252149e+00,4.507079967645148066e+00,-1.560565510137146061e+00,1.601508996578663302e+00,3.018005305291537876e+00,-3.719886035384464495e+00,2.518500125184897520e+00,1.072423581491487088e+00,-1.186225890534051919e+00,-2.685107214422957078e-01,1.412180521358710727e+01,3.972947857648023273e+00,2.806683220764366826e+00,1.223661150389245389e+00,6.506048204715952465e+00,-1.675942257225403020e+00,4.171203464099320968e+00,9.668699746020995178e+01,1.037838376947167163e+01,1.094984384167309921e+00,-5.442670555944404409e-01,4.149441283193540109e-01,-1.058013486355502231e+01,1.132279605669062716e+00,-4.710229698399359677e-02,4.599915230671931532e-01,6.605229705417617936e+01,-6.975931107288175781e+00,-2.015065439855660667e+00,-1.606855002842012548e+00,1.659025613475614280e+00,8.987121571992593427e-01,1.049148905222993200e+00,2.299753100717574057e+02,-1.098728663622237356e+01,1.356266626476051895e+00,3.620935531297914345e+00,-3.117884291765556704e+00,3.517581166025667727e+00,1.690448818876001402e+00,-1.802959401982560106e+00,7.778582082181296764e-01,6.144224873240681228e-01,-8.952120164941361757e-01
7.147951452751355461e+00,6.035558986123542802e+00,4.796458864857223503e+00,2.238560933865858082e+00,-3.006435156232747374e+01,6.235985885156740682e-01,-1.262905509952920280e+00,4.787431528112539580e-01,4.152713079807443641e+00,1.399455546754371227e-01,-2.049673615238640334e+00,-4.146138698759605390e+00,-8.432535478816987506e+01,3.404882116480825971e+01,-1.546234472450420450e+00,-1.700150868130349835e+01,-3.737842153348742702e+00,4.875682413737727927e+00,4.845609138586875808e+00,1.117622131795447338e+00,8.332421066565693479e+00,-2.862153485658320839e+00,-4.160513265172726349e+00,2.102246971437397027e-01,-7.301484667997590883e-01,-1.754949402508630296e+00,2.748231523633453133e+00,3.298990060100443156e+00,7.415088083716801393e+00,-5.743243079245381750e+02,9.963722327610474494e+00,-1.553985700740706299e+00,-6.999599062060914534e+00,1.983313984411807729e+00,-9.721203934532226754e+00,3.459830571882888117e-01,-1.190994555588720250e-02,2.504469700793199749e+00,2.577055974682121331e+01,1.364633746219058885e+01,6.855813255276246299e-01,1.917389755191204914e+00,-3.462331074732563074e+00,2.022214446179289027e+00,-4.111978453541004219e-01,-1.354040187348001023e+00,2.775530373456010835e+00,-2.350764611426252149e+00,4.507079967645148066e+00,-1.560565510137146061e+00,1.601508996578663302e+00,3.018005305291537876e+00,-3.719886035384464495e+00,2.518500125184897520e+00,-1.613988912024134947e+01,-1.186225890534051919e+00,-2.685107214422957078e-01,1.412180521358710727e+01,3.972947857648023273e+00,2.806683220764366826e+00,1.223661150389245389e+00,1.558751356029069335e+01,-1.675942257225403020e+00,4.171203464099320968e+00,9.668699746020995178e+01,5.431182521874308122e+02,1.094984384167309921e+00,-5.442670555944404409e-01,4.149441283193540109e-01,-1.058013486355502231e+01,-8.122947965665771619e+01,-4.710229698399359677e-02,4.599915230671931532e-01,6.605229705417617936e+01,-6.975931107288175781e+00,-2.015065439855660667e+00,-1.606855002842012548e+00,1.659025613475614280e+00,8.987121571992593427e-01,1.049148905222993200e+00,2.299753100717574057e+02,-1.098728663622237356e+01,1.356266626476051895e+00,3.620935531297914345e+00,-3.117884291765556704e+00,3.517581166025667727e+00,1.690448818876001402e+00,6.067005417743670748e+00,7.778582082181296764e-01,6.144224873240681228e-01,-8.952120164941361757e-01
7.147951452751355461e+00,6.035558986123542802e+00,4.796458864857223503e+00,2.238560933865858082e+00,-2.471017726513267476e+01,6.235985885156740682e-01,-2.994076754808458674e+01,4.787431528112539580e-01,2.511453075594045359e+01,1.399455546754371227e-01,-2.049673615238640334e+00,-4.146138698759605390e+00,-8.432535478816987506e+01,3.404882116480825971e+01,-1.546234472450420450e+00,-1.700150868130349835e+01,-3.737842153348742702e+00,4.875682413737727927e+00,4.845609138586875808e+00,2.385056839689477570e+01,8.332421066565693479e+00,-2.862153485658320839e+00,-4.160513265172726349e+00,2.102246971437397027e-01,-7.301484667997590883e-01,-1.754949402508630296e+00,4.206242603590041540e+01,-5.501609541941782311e+01,7.415088083716801393e+00,-5.743243079245381750e+02,9.963722327610474494e+00,-1.553985700740706299e+00,-6.999599062060914534e+00,1.983313984411807729e+00,-9.721203934532226754e+00,3.459830571882888117e-01,2.678867238276604823e+01,2.504469700793199749e+00,2.577055974682121331e+01,1.364633746219058885e+01,6.855813255276246299e-01,1.917389755191204914e+00,1.533000544980970048e+01,2.022214446179289027e+00,-4.111978453541004219e-01,-1.354040187348001023e+00,2.775530373456010835e+00,-2.350764611426252149e+00,4.507079967645148066e+00,-1.560565510137146061e+00,1.601508996578663302e+00,3.018005305291537876e+00,-3.719886035384464495e+00,2.518500125184897520e+00,-1.613988912024134947e+01,-1.186225890534051919e+00,-2.685107214422957078e-01,1.412180521358710727e+01,3.972947857648023273e+00,-5.557508907079411074e+03,8.530929693910665890e+01,1.558751356029069335e+01,-1.675942257225403020e+00,1.305903052010680199e+01,9.668699746020995178e+01,5.431182521874308122e+02,1.094984384167309921e+00,-5.442670555944404409e-01,4.149441283193540109e-01,-1.058013486355502231e+01,-8.122947965665771619e+01,-3.535131509283121432e+01,4.599915230671931532e-01,6.605229705417617936e+01,-6.975931107288175781e+00,-2.015065439855660667e+00,-1.606855002842012548e+00,1.659025613475614280e+00,8.987121571992593427e-01,1.049148905222993200e+00,2.299753100717574057e+02,-1.098728663622237356e+01,1.356266626476051895e+00,3.620935531297914345e+00,-3.117884291765556704e+00,3.517581166025667727e+00,1.690448818876001402e+00,6.067005417743670748e+00,7.778582082181296764e-01,6.144224873240681228e-01,-8.952120164941361757e-01
7.147951452751355461e+00,6.035558986123542802e+00,4.796458864857223503e+00,2.238560933865858082e+00,-2.471017726513267476e+01,6.235985885156740682e-01,-2.994076754808458674e+01,4.787431528112539580e-01,2.511453075594045359e+01,1.399455546754371227e-01,-2.049673615238640334e+00,-4.146138698759605390e+00,-8.432535478816987506e+01,3.404882116480825971e+01,1.391878480577120669e+01,-1.700150868130349835e+01,-3.737842153348742702e+00,4.875682413737727927e+00,2.346192051423930636e+01,2.385056839689477570e+01,8.332421066565693479e+00,-2.862153485658320839e+00,-1.325973863839962164e+01,-4.268248369737747225e+02,-7.301484667997590883e-01,-1.754949402508630296e+00,4.206242603590041540e+01,-5.501609541941782311e+01,7.415088083716801393e+00,-5.743243079245381750e+02,9.963722327610474494e+00,-1.553985700740706299e+00,-6.999599062060914534e+00,1.983313984411807729e+00,-9.721203934532226754e+00,3.459830571882888117e-01,2.678867238276604823e+01,2.504469700793199749e+00,2.577055974682121331e+01,1.364633746219058885e+01,6.855813255276246299e-01,1.917389755191204914e+00,1.533000544980970048e+01,2.022214446179289027e+00,-4.111978453541004219e-01,-1.354040187348001023e+00,2.775530373456010835e+00,-2.350764611426252149e+00,4.507079967645148066e+00,-1.560565510137146061e+00,1.601508996578663302e+00,1.025381372246746281e+02,-3.719886035384464495e+00,-1.270976297750519706e+02,-1.613988912024134947e+01,-1.186225890534051919e+00,-2.685107214422957078e-01,1.412180521358710727e+01,3.972947857648023273e+00,-5.557508907079411074e+03,8.530929693910665890e+01,1.558751356029069335e+01,-1.675942257225403020e+00,1.305903052010680199e+01,1.723000678912068508e+02,5.431182521874308122e+02,1.094984384167309921e+00,-5.442670555944404409e-01,-6.671183759921068201e+01,-1.058013486355502231e+01,-8.122947965665771619e+01,-3.535131509283121432e+01,4.599915230671931532e-01,6.605229705417617936e+01,-6.975931107288175781e+00,-2.015065439855660667e+00,-9.695255894141412867e+00,1.659025613475614280e+00,2.803042214373024876e+01,-2.041704409901367612e+01,2.299753100717574057e+02,-1.098728663622237356e+01,-1.386589461143256585e+01,3.620935531297914345e+00,-3.117884291765556704e+00,3.517581166025667727e+00,1.690448818876001402e+00,6.067005417743670748e+00,7.778582082181296764e-01,6.144224873240681228e-01,-8.952120164941361757e-01
7.147951452751355461e+00,6.035558986123542802e+00,4.796458864857223503e+00,2.238560933865858082e+00,-2.471017726513267476e+01,-1.074853426108741239e+01,-2.994076754808458674e+01,4.787431528112539580e-01,2.511453075594045359e+01,1.399455546754371227e-01,7.195831610042807469e+00,-4.146138698759605390e+00,-8.432535478816987506e+01,3.404882116480825971e+01,1.391878480577120669e+01,-1.700150868130349835e+01,-3.737842153348742702e+00,4.875682413737727927e+00,2.346192051423930636e+01,2.385056839689477570e+01,8.332421066565693479e+00,-2.862153485658320839e+00,-1.325973863839962164e+01,-4.268248369737747225e+02,-7.301484667997590883e-01,-1.754949402508630296e+00,4.206242603590041540e+01,-5.501609541941782311e+01,7.415088083716801393e+00,-5.743243079245381750e+02,9.963722327610474494e+00,3.103742499351620054e+01,-6.999599062060914534e+00,1.983313984411807729e+00,-9.721203934532226754e+00,3.459830571882888117e-01,2.678867238276604823e+01,2.504469700793199749e+00,2.577055974682121331e+01,1.364633746219058885e+01,6.855813255276246299e-01,1.917389755191204914e+00,1.533000544980970048e+01,2.022214446179289027e+00,1.810812290181293349e+01,2.780498426598350559e+00,2.775530373456010835e+00,6.123519384040330138e-01,-3.603238318113394456e+01,1.018689777696123011e+00,-1.079345595697595606e+01,1.025381372246746281e+02,-3.719886035384464495e+00,-1.270976297750519706e+02,-1.613988912024134947e+01,-1.186225890534051919e+00,-2.685107214422957078e-01,1.412180521358710727e+01,3.972947857648023273e+00,-5.557508907079411074e+03,8.530929693910665890e+01,1.558751356029069335e+01,-1.675942257225403020e+00,1.305903052010680199e+01,1.723000678912068508e+02,5.431182521874308122e+02,1.094984384167309921e+00,-5.442670555944404409e-01,-6.671183759921068201e+01,-1.058013486355502231e+01,-8.122947965665771619e+01,-3.535131509283121432e+01,-1.496001034460916479e+01,6.605229705417617936e+01,-6.975931107288175781e+00,-2.015065439855660667e+00,-9.695255894141412867e+00,1.659025613475614280e+00,2.803042214373024876e+01,-2.041704409901367612e+01,2.299753100717574057e+02,-1.302416615642219888e+01,-1.386589461143256585e+01,3.620935531297914345e+00,-3.117884291765556704e+00,3.517581166025667727e+00,1.690448818876001402e+00,6.067005417743670748e+00,7.778582082181296764e-01,6.144224873240681228e-01,-1.219701327951520753e+01
1.426345169486466702e+01,6.035558986123542802e+00,4.796458864857223503e+00,-3.186572397258495393e+00,-2.471017726513267476e+01,-1.074853426108741239e+01,-2.994076754808458674e+01,4.787431528112539580e-01,2.511453075594045359e+01,1.399455546754371227e-01,7.195831610042807469e+00,3.896614374759044352e+01,-8.432535478816987506e+01,3.404882116480825971e+01,1.391878480577120669e+01,-1.700150868130349835e+01,-3.737842153348742702e+00,3.211574524177089884e-01,2.346192051423930636e+01,2.385056839689477570e+01,8.332421066565693479e+00,-2.862153485658320839e+00,-1.325973863839962164e+01,-4.268248369737747225e+02,-7.301484667997590883e-01,4.907569302850985693e+00,4.206242603590041540e+01,-5.501609541941782311e+01,7.415088083716801393e+00,-5.743243079245381750e+02,9.963722327610474494e+00,3.103742499351620054e+01,-6.999599062060914534e+00,1.983313984411807729e+00,-9.721203934532226754e+00,3.459830571882888117e-01,2.678867238276604823e+01,2.504469700793199749e+00,2.577055974682121331e+01,1.364633746219058885e+01,6.855813255276246299e-01,1.917389755191204914e+00,1.533000544980970048e+01,2.022214446179289027e+00,1.810812290181293349e+01,2.780498426598350559e+00,-1.275435259738519989e+01,6.123519384040330138e-01,-3.603238318113394456e+01,1.018689777696123011e+00,-1.079345595697595606e+01,1.025381372246746281e+02,-3.719886035384464495e+00,-1.270976297750519706e+02,-1.613988912024134947e+01,-1.186225890534051919e+00,-2.685107214422957078e-01,1.412180521358710727e+01,9.218261601260699933e+00,-5.557508907079411074e+03,8.530929693910665890e+01,1.558751356029069335e+01,-1.675942257225403020e+00,1.305903052010680199e+01,1.723000678912068508e+02,5.431182521874308122e+02,1.094984384167309921e+00,-1.478164200243771553e+01,-6.671183759921068201e+01,-1.058013486355502231e+01,-8.122947965665771619e+01,-3.535131509283121432e+01,-1.496001034460916479e+01,6.605229705417617936e+01,-1.040553020512471427e+01,-4.201466955633213374e+00,-9.695255894141412867e+00,1.659025613475614280e+00,2.803042214373024876e+01,-2.041704409901367612e+01,2.330789795709615646e+02,-1.302416615642219888e+01,-1.386589461143256585e+01,3.620935531297914345e+00,-3.117884291765556704e+00,3.517581166025667727e+00,1.690448818876001402e+00,6.067005417743670748e+00,7.778582082181296764e-01,5.292580723622410943e+00,-1.219701327951520753e+01
1.426345169486466702e+01,6.035558986123542802e+00,4.796458864857223503e+00,-3.186572397258495393e+00,-2.471017726513267476e+01,-1.074853426108741239e+01,-2.994076754808458674e+01,4.787431528112539580e-01,2.511453075594045359e+01,1.399455546754371227e-01,7.195831610042807469e+00,3.896614374759044352e+01,-8.432535478816987506e+01,3.404882116480825971e+01,1.391878480577120669e+01,-9.618104222930577407e+01,1.979220911845784858e+00,3.211574524177089884e-01,2.346192051423930636e+01,2.385056839689477570e+01,8.332421066565693479e+00,-2.862153485658320839e+00,-1.325973863839962164e+01,-4.268248369737747225e+02,-7.301484667997590883e-01,4.907569302850985693e+00,4.206242603590041540e+01,-5.501609541941782311e+01,-1.066091629418324693e+01,-5.743243079245381750e+02,9.963722327610474494e+00,3.103742499351620054e+01,-6.999599062060914534e+00,-4.521173120942173718e+00,-9.721203934532226754e+00,2.243837993519113638e+01,2.678867238276604823e+01,-1.168862120564584117e+01,2.577055974682121331e+01,1.364633746219058885e+01,2.076487304236705356e+01,1.917389755191204914e+00,1.533000544980970048e+01,2.022214446179289027e+00,1.810812290181293349e+01,2.780498426598350559e+00,-1.275435259738519989e+01,6.123519384040330138e-01,-3.603238318113394456e+01,1.018689777696123011e+00,-1.079345595697595606e+01,1.025381372246746281e+02,4.654076386813017763e+01,-1.270976297750519706e+02,-1.613988912024134947e+01,-3.893356598703319378e+02,-2.685107214422957078e-01,1.412180521358710727e+01,9.218261601260699933e+00,-5.557508907079411074e+03,8.530929693910665890e+01,1.558751356029069335e+01,-1.675942257225403020e+00,1.305903052010680199e+01,1.723000678912068508e+02,5.431182521874308122e+02,1.094984384167309921e+00,-1.478164200243771553e+01,-6.671183759921068201e+01,-1.058013486355502231e+01,-8.122947965665771619e+01,-3.535131509283121432e+01,-1.496001034460916479e+01,6.605229705417617936e+01,-1.040553020512471427e+01,-4.201466955633213374e+00,-9.695255894141412867e+00,-2.940209200387245758e+00,2.803042214373024876e+01,-2.041704409901367612e+01,2.330789795709615646e+02,-1.302416615642219888e+01,-1.386589461143256585e+01,-1.510832760722280170e+02,7.660666500730651585e+00,3.517581166025667727e+00,1.690448818876001402e+00,6.067005417743670748e+00,7.778582082181296764e-01,5.292580723622410943e+00,-1.219701327951520753e+01
1.426345169486466702e+01,8.011120796389606724e+00,7.450348394703502741e+00,-3.186572397258495393e+00,-2.471017726513267476e+01,-1.074853426108741239e+01,-2.994076754808458674e+01,7.596190193885372643e+00,2.511453075594045359e+01,1.399455546754371227e-01,7.195831610042807469e+00,3.896614374759044352e+01,-8.432535478816987506e+01,3.404882116480825971e+01,1.391878480577120669e+01,-9.618104222930577407e+01,1.979220911845784858e+00,3.211574524177089884e-01,2.346192051423930636e+01,2.385056839689477570e+01,7.855339247572470818e+00,-1.433685409306644232e+00,-1.325973863839962164e+01,-4.268248369737747225e+02,5.125750699165177338e+00,4.907569302850985693e+00,4.206242603590041540e+01,-5.501609541941782311e+01,-1.066091629418324693e+01,-5.743243079245381750e+02,1.120728865459975765e+01,3.103742499351620054e+01,-1.778540340660011054e+01,-4.521173120942173718e+00,-9.721203934532226754e+00,2.243837993519113638e+01,2.678867238276604823e+01,-1.168862120564584117e+01,2.577055974682121331e+01,1.364633746219058885e+01,2.076487304236705356e+01,8.012234428601840985e-01,1.533000544980970048e+01,4.744390714378953433e+00,1.810812290181293349e+01,2.780498426598350559e+00,-1.275435259738519989e+01,6.123519384040330138e-01,-3.603238318113394456e+01,1.018689777696123011e+00,-1.079345595697595606e+01,1.025381372246746281e+02,4.654076386813017763e+01,-1.270976297750519706e+02,-1.613988912024134947e+01,-3.893356598703319378e+02,7.482922636560884744e-01,1.478912670919383388e+01,9.218261601260699933e+00,-5.557508907079411074e+03,8.530929693910665890e+01,1.558751356029069335e+01,-9.313659630305089365e+00,1.305903052010680199e+01,1.723000678912068508e+02,5.431182521874308122e+02,3.517246585798433856e+00,-1.478164200243771553e+01,-6.671183759921068201e+01,-8.472610682691776418e+00,-8.122947965665771619e+01,-3.535131509283121432e+01,-1.496001034460916479e+01,6.955361433015538353e+01,-1.040553020512471427e+01,-4.201466955633213374e+00,-9.695255894141412867e+00,-2.940209200387245758e+00,2.803042214373024876e+01,-2.041704409901367612e+01,2.330789795709615646e+02,-1.302416615642219888e+01,-1.386589461143256585e+01,-1.510832760722280170e+02,7.660666500730651585e+00,1.699985159955131886e+00,3.906433112251903594e+00,6.067005417743670748e+00,-2.163846336659807079e-01,5.292580723622410943e+00,-1.219701327951520753e+01
1.426345169486466702e+01,8.011120796389606724e+00,7.450348394703502741e+00,-3.186572397258495393e+00,-2.471017726513267476e+01,-2.346206482314140729e+01,-2.994076754808458674e+01,7.596190193885372643e+00,2.511453075594045359e+01,1.399455546754371227e-01,7.195831610042807469e+00,3.896614374759044352e+01,-8.432535478816987506e+01,-9.395617764439055009e+01,1.391878480577120669e+01,-9.618104222930577407e+01,1.979220911845784858e+00,3.211574524177089884e-01,2.346192051423930636e+01,2.385056839689477570e+01,7.855339247572470818e+00,-1.433685409306644232e+00,-1.325973863839962164e+01,-4.268248369737747225e+02,5.125750699165177338e+00,4.907569302850985693e+00,4.206242603590041540e+01,-5.501609541941782311e+01,-1.066091629418324693e+01,-5.743243079245381750e+02,1.120728865459975765e+01,3.103742499351620054e+01,-1.778540340660011054e+01,-4.521173120942173718e+00,3.111323886747496914e+01,2.243837993519113638e+01,2.678867238276604823e+01,-1.168862120564584117e+01,2.577055974682121331e+01,1.364633746219058885e+01,8.053344701910367576e+01,8.012234428601840985e-01,1.533000544980970048e+01,4.744390714378953433e+00,-1.292507532689600680e+01,2.780498426598350559e+00,-1.275435259738519989e+01,6.123519384040330138e-01,6.553945568810810585e+00,1.018689777696123011e+00,-1.079345595697595606e+01,1.025381372246746281e+02,4.654076386813017763e+01,-1.270976297750519706e+02,-1.613988912024134947e+01,-3.893356598703319378e+02,7.482922636560884744e-01,1.478912670919383388e+01,9.218261601260699933e+00,-5.557508907079411074e+03,-6.176578667149728972e+03,1.558751356029069335e+01,-9.313659630305089365e+00,-2.135308943917765134e+01,1.723000678912068508e+02,5.431182521874308122e+02,3.517246585798433856e+00,-1.478164200243771553e+01,-6.671183759921068201e+01,-2.761747779456979401e+01,-8.122947965665771619e+01,-5.539025678540136255e+01,-1.496001034460916479e+01,6.955361433015538353e+01,-1.040553020512471427e+01,-4.201466955633213374e+00,-9.695255894141412867e+00,-2.940209200387245758e+00,2.803042214373024876e+01,-2.041704409901367612e+01,2.330789795709615646e+02,-1.302416615642219888e+01,-1.386589461143256585e+01,-1.510832760722280170e+02,7.660666500730651585e+00,1.699985159955131886e+00,3.906433112251903594e+00,6.067005417743670748e+00,8.979943040667122034e+01,5.292580723622410943e+00,5.913372857679231487e+00
1.426345169486466702e+01,8.011120796389606724e+00,7.450348394703502741e+00,-3.186572397258495393e+00,-2.471017726513267476e+01,-2.346206482314140729e+01,-2.994076754808458674e+01,7.596190193885372643e+00,2.511453075594045359e+01,-1.026701992515374862e+01,7.195831610042807469e+00,3.896614374759044352e+01,-8.432535478816987506e+01,-9.395617764439055009e+01,1.391878480577120669e+01,-9.618104222930577407e+01,1.979220911845784858e+00,3.211574524177089884e-01,2.346192051423930636e+01,2.385056839689477570e+01,7.855339247572470818e+00,-1.249817637350310804e+02,-1.325973863839962164e+01,-4.268248369737747225e+02,5.125750699165177338e+00,4.521756688210522412e+01,9.912591096783948785e+00,-5.501609541941782311e+01,-1.066091629418324693e+01,-5.743243079245381750e+02,1.120728865459975765e+01,3.103742499351620054e+01,-1.778540340660011054e+01,-4.521173120942173718e+00,3.111323886747496914e+01,2.243837993519113638e+01,2.678867238276604823e+01,-1.168862120564584117e+01,2.577055974682121331e+01,1.364633746219058885e+01,8.053344701910367576e+01,6.993768485073215402e+01,1.533000544980970048e+01,4.744390714378953433e+00,-1.292507532689600680e+01,-3.583476834674529243e+01,-1.275435259738519989e+01,6.123519384040330138e-01,6.553945568810810585e+00,1.018689777696123011e+00,-1.079345595697595606e+01,1.025381372246746281e+02,4.654076386813017763e+01,-1.270976297750519706e+02,-1.613988912024134947e+01,-3.893356598703319378e+02,3.293516792186730413e+01,1.478912670919383388e+01,9.218261601260699933e+00,-5.557508907079411074e+03,-6.176578667149728972e+03,1.558751356029069335e+01,-9.313659630305089365e+00,-2.135308943917765134e+01,1.723000678912068508e+02,5.431182521874308122e+02,3.517246585798433856e+00,-1.478164200243771553e+01,-6.671183759921068201e+01,-2.761747779456979401e+01,-8.122947965665771619e+01,-5.539025678540136255e+01,-1.496001034460916479e+01,6.955361433015538353e+01,-1.040553020512471427e+01,-4.201466955633213374e+00,-2.648302446621535466e+01,-2.940209200387245758e+00,2.803042214373024876e+01,-2.041704409901367612e+01,3.061160205753681680e+02,-1.302416615642219888e+01,-1.386589461143256585e+01,-1.906489196978655229e+02,7.660666500730651585e+00,1.699985159955131886e+00,-8.073324800709858806e+00,6.067005417743670748e+00,8.979943040667122034e+01,-2.763984498036346622e+02,5.913372857679231487e+00
1.426345169486466702e+01,8.011120796389606724e+00,7.450348394703502741e+00,-3.186572397258495393e+00,-2.471017726513267476e+01,-2.346206482314140729e+01,-2.994076754808458674e+01,7.596190193885372643e+00,2.511453075594045359e+01,-1.026701992515374862e+01,7.195831610042807469e+00,-3.978235551443837181e+01,-8.432535478816987506e+01,-9.395617764439055009e+01,1.391878480577120669e+01,-9.618104222930577407e+01,1.979220911845784858e+00,3.211574524177089884e-01,2.346192051423930636e+01,4.552560197521009400e+01,7.855339247572470818e+00,-1.249817637350310804e+02,-1.325973863839962164e+01,-4.268248369737747225e+02,5.125750699165177338e+00,4.521756688210522412e+01,9.912591096783948785e+00,-5.501609541941782311e+01,2.070273938053963292e+01,-5.743243079245381750e+02,2.507814250925573774e+01,3.103742499351620054e+01,-1.778540340660011054e+01,1.034448290655950231e+01,3.111323886747496914e+01,2.243837993519113638e+01,2.678867238276604823e+01,-1.168862120564584117e+01,2.577055974682121331e+01,1.364633746219058885e+01,8.053344701910367576e+01,6.993768485073215402e+01,1.533000544980970048e+01,4.744390714378953433e+00,-1.292507532689600680e+01,-3.583476834674529243e+01,-1.275435259738519989e+01,6.123519384040330138e-01,6.553945568810810585e+00,1.018689777696123011e+00,-1.079345595697595606e+01,1.025381372246746281e+02,4.654076386813017763e+01,-1.270976297750519706e+02,-1.613988912024134947e+01,-3.893356598703319378e+02,3.293516792186730413e+01,1.478912670919383388e+01,9.218261601260699933e+00,-5.557508907079411074e+03,-6.176578667149728972e+03,-8.231453883171470309e+00,1.148203988792815835e+02,-2.135308943917765134e+01,1.723000678912068508e+02,5.772867118818940071e+02,3.517246585798433856e+00,-1.478164200243771553e+01,-1.309063064051998708e+02,-2.761747779456979401e+01,-1.025489939683821348e+02,-5.539025678540136255e+01,5.523319514330088253e+01,6.955361433015538353e+01,-1.040553020512471427e+01,-9.229834651543373525e+01,-2.648302446621535466e+01,-2.940209200387245758e+00,2.803042214373024876e+01,-2.041704409901367612e+01,3.061160205753681680e+02,-1.302416615642219888e+01,-1.386589461143256585e+01,-1.906489196978655229e+02,7.660666500730651585e+00,1.699985159955131886e+00,-8.073324800709858806e+00,6.067005417743670748e+00,8.979943040667122034e+01,-2.763984498036346622e+02,5.913372857679231487e+00
1.426345169486466702e+01,8.011120796389606724e+00,8.939843485670198930e+00,-9.880718628256815350e+00,-2.471017726513267476e+01,-2.346206482314140729e+01,-2.994076754808458674e+01,7.596190193885372643e+00,2.511453075594045359e+01,-1.026701992515374862e+01,7.195831610042807469e+00,-3.978235551443837181e+01,-8.432535478816987506e+01,-9.395617764439055009e+01,1.391878480577120669e+01,-9.618104222930577407e+01,-4.130256148283431017e+00,-2.518364048948059875e+01,1.464334168875840447e+01,4.552560197521009400e+01,7.855339247572470818e+00,-1.249817637350310804e+02,-1.325973863839962164e+01,-4.268248369737747225e+02,5.125750699165177338e+00,4.521756688210522412e+01,9.912591096783948785e+00,-5.501609541941782311e+01,2.070273938053963292e+01,-5.743243079245381750e+02,2.507814250925573774e+01,3.103742499351620054e+01,-1.778540340660011054e+01,1.034448290655950231e+01,3.111323886747496914e+01,2.243837993519113638e+01,2.678867238276604823e+01,-1.168862120564584117e+01,2.577055974682121331e+01,1.364633746219058885e+01,8.053344701910367576e+01,6.993768485073215402e+01,1.533000544980970048e+01,4.744390714378953433e+00,-1.292507532689600680e+01,-3.583476834674529243e+01,-8.336427331770078553e+00,6.123519384040330138e-01,6.553945568810810585e+00,1.018689777696123011e+00,-1.079345595697595606e+01,1.025381372246746281e+02,4.654076386813017763e+01,5.936634070293796128e+01,-1.989961057557855995e+01,-3.893356598703319378e+02,3.293516792186730413e+01,1.607704271356411851e+01,9.218261601260699933e+00,-5.557508907079411074e+03,-6.176578667149728972e+03,-8.231453883171470309e+00,1.148203988792815835e+02,-2.135308943917765134e+01,1.723000678912068508e+02,5.772867118818940071e+02,3.517246585798433856e+00,-1.478164200243771553e+01,-1.309063064051998708e+02,-2.761747779456979401e+01,-1.025489939683821348e+02,-5.539025678540136255e+01,5.523319514330088253e+01,6.755941573371487152e+01,-1.040553020512471427e+01,-9.229834651543373525e+01,-2.648302446621535466e+01,-6.317890228280932163e+00,1.394928908151608304e+01,-2.041704409901367612e+01,3.061160205753681680e+02,-1.302416615642219888e+01,-1.386589461143256585e+01,-1.906489196978655229e+02,7.660666500730651585e+00,1.699985159955131886e+00,-8.073324800709858806e+00,6.067005417743670748e+00,8.979943040667122034e+01,-2.763984498036346622e+02,5.913372857679231487e+00
1.043357877932169586e+01,-8.134544443587437001e-01,8.939843485670198930e+00,-9.880718628256815350e+00,-2.471017726513267476e+01,-2.346206482314140729e+01,-3.518806470816795695e+01,7.596190193885372643e+00,2.511453075594045359e+01,-1.026701992515374862e+01,7.195831610042807469e+00,-3.978235551443837181e+01,-8.432535478816987506e+01,-9.395617764439055009e+01,1.391878480577120669e+01,-1.014629425176071180e+02,-4.130256148283431017e+00,-2.518364048948059875e+01,1.464334168875840447e+01,4.552560197521009400e+01,7.855339247572470818e+00,-1.249817637350310804e+02,-1.325973863839962164e+01,-4.268248369737747225e+02,5.125750699165177338e+00,4.521756688210522412e+01,9.912591096783948785e+00,-5.501609541941782311e+01,2.070273938053963292e+01,-5.743243079245381750e+02,2.507814250925573774e+01,3.103742499351620054e+01,-1.778540340660011054e+01,1.034448290655950231e+01,3.111323886747496914e+01,2.243837993519113638e+01,2.678867238276604823e+01,-1.168862120564584117e+01,1.018508058226189483e+01,1.364633746219058885e+01,8.053344701910367576e+01,6.993768485073215402e+01,1.533000544980970048e+01,4.744390714378953433e+00,-1.292507532689600680e+01,-3.583476834674529243e+01,-8.336427331770078553e+00,7.817750995258566604e+01,6.553945568810810585e+00,1.018689777696123011e+00,-1.079345595697595606e+01,3.219975386123473413e+02,3.544774449484342682e+01,5.936634070293796128e+01,-1.989961057557855995e+01,-3.893356598703319378e+02,3.293516792186730413e+01,1.607704271356411851e+01,9.218261601260699933e+00,-5.568971005823605992e+03,-6.176578667149728972e+03,-8.231453883171470309e+00,1.148203988792815835e+02,-2.135308943917765134e+01,1.723000678912068508e+02,5.772867118818940071e+02,-2.030444505790403582e+02,-8.439191719213363641e+00,-1.309063064051998708e+02,-2.761747779456979401e+01,-1.025489939683821348e+02,-5.539025678540136255e+01,5.523319514330088253e+01,6.755941573371487152e+01,-1.040553020512471427e+01,-9.229834651543373525e+01,-2.648302446621535466e+01,-6.317890228280932163e+00,1.394928908151608304e+01,-2.041704409901367612e+01,3.061160205753681680e+02,-7.881890016565383128e+00,-1.386589461143256585e+01,-1.906489196978655229e+02,7.660666500730651585e+00,1.699985159955131886e+00,-8.073324800709858806e+00,6.067005417743670748e+00,8.979943040667122034e+01,-2.763984498036346622e+02,5.913372857679231487e+00
1.043357877932169586e+01,-8.134544443587437001e-01,8.939843485670198930e+00,-9.880718628256815350e+00,-2.471017726513267476e+01,-2.346206482314140729e+01,-3.518806470816795695e+01,7.596190193885372643e+00,-4.761676500495718756e+01,-1.026701992515374862e+01,7.195831610042807469e+00,-3.978235551443837181e+01,-8.432535478816987506e+01,-9.395617764439055009e+01,-2.610087073061520968e+01,-1.014629425176071180e+02,-4.130256148283431017e+00,-2.518364048948059875e+01,1.464334168875840447e+01,4.552560197521009400e+01,-1.934504605573610192e+01,-1.249817637350310804e+02,8.488012213947426687e+01,-4.268248369737747225e+02,5.125750699165177338e+00,4.521756688210522412e+01,9.912591096783948785e+00,-5.501609541941782311e+01,2.070273938053963292e+01,-5.231369013019295835e+02,2.507814250925573774e+01,1.370853380856380355e+01,-6.332754550613736910e+01,1.034448290655950231e+01,3.111323886747496914e+01,1.260715081685736862e+02,2.678867238276604823e+01,1.217964954269496403e+01,1.018508058226189483e+01,1.364633746219058885e+01,8.053344701910367576e+01,6.993768485073215402e+01,1.533000544980970048e+01,4.744390714378953433e+00,-1.292507532689600680e+01,-3.583476834674529243e+01,-8.336427331770078553e+00,7.817750995258566604e+01,6.553945568810810585e+00,1.018689777696123011e+00,-3.882998353820913451e+01,3.219975386123473413e+02,3.544774449484342682e+01,5.936634070293796128e+01,-1.989961057557855995e+01,-3.714159901362679648e+02,3.293516792186730413e+01,1.607704271356411851e+01,9.218261601260699933e+00,-5.568971005823605992e+03,-6.176578667149728972e+03,-8.231453883171470309e+00,1.148203988792815835e+02,-2.135308943917765134e+01,1.723000678912068508e+02,5.772867118818940071e+02,-2.030444505790403582e+02,-8.439191719213363641e+00,-1.309063064051998708e+02,-2.761747779456979401e+01,-1.025489939683821348e+02,-5.539025678540136255e+01,5.523319514330088253e+01,6.755941573371487152e+01,-1.040553020512471427e+01,-9.229834651543373525e+01,-2.648302446621535466e+01,-6.317890228280932163e+00,1.394928908151608304e+01,-2.041704409901367612e+01,3.061160205753681680e+02,-7.881890016565383128e+00,4.532711062411154046e+01,-1.906489196978655229e+02,7.660666500730651585e+00,1.699985159955131886e+00,-8.073324800709858806e+00,6.067005417743670748e+00,8.979943040667122034e+01,-2.763984498036346622e+02,5.913372857679231487e+00
1.043357877932169586e+01,-8.134544443587437001e-01,8.939843485670198930e+00,-9.880718628256815350e+00,-2.677701865104652512e+01,-2.346206482314140729e+01,-3.518806470816795695e+01,5.075362930647379756e+00,-4.761676500495718756e+01,-1.026701992515374862e+01,1.499794854615366546e+01,-3.978235551443837181e+01,-8.628777261155561007e+01,-9.395617764439055009e+01,-2.610087073061520968e+01,-1.014629425176071180e+02,-4.130256148283431017e+00,-2.518364048948059875e+01,1.464334168875840447e+01,4.552560197521009400e+01,-1.934504605573610192e+01,-1.249817637350310804e+02,8.488012213947426687e+01,-4.486381141167423152e+02,2.459676374479667516e+01,4.521756688210522412e+01,9.912591096783948785e+00,-7.032168680851295051e+01,2.070273938053963292e+01,-5.231369013019295835e+02,2.507814250925573774e+01,1.370853380856380355e+01,-6.332754550613736910e+01,1.034448290655950231e+01,3.111323886747496914e+01,1.260715081685736862e+02,2.558183317539251789e+01,1.217964954269496403e+01,1.018508058226189483e+01,2.815348655979939352e+01,8.053344701910367576e+01,6.993768485073215402e+01,2.878144483256654951e+01,-1.236010656105304584e+00,-1.292507532689600680e+01,-3.583476834674529243e+01,-8.336427331770078553e+00,7.817750995258566604e+01,6.553945568810810585e+00,2.764964582562781104e+00,-3.882998353820913451e+01,3.219975386123473413e+02,3.544774449484342682e+01,5.936634070293796128e+01,-1.989961057557855995e+01,-3.714159901362679648e+02,3.293516792186730413e+01,1.607704271356411851e+01,5.027207201895349087e+00,-5.568971005823605992e+03,-6.176578667149728972e+03,-8.231453883171470309e+00,1.148203988792815835e+02,-2.135308943917765134e+01,1.712664255904448112e+02,5.772867118818940071e+02,-2.030444505790403582e+02,-8.439191719213363641e+00,-1.309063064051998708e+02,-2.761747779456979401e+01,-1.025489939683821348e+02,-5.539025678540136255e+01,5.523319514330088253e+01,6.755941573371487152e+01,-1.371709847660869031e+01,-9.229834651543373525e+01,-2.648302446621535466e+01,-6.317890228280932163e+00,1.394928908151608304e+01,-1.812099662042825798e+01,3.061160205753681680e+02,-7.881890016565383128e+00,4.532711062411154046e+01,-1.906489196978655229e+02,3.687289769353994551e+00,4.542702318976487241e+00,-8.073324800709858806e+00,1.103765961670336182e+01,8.979943040667122034e+01,-2.763984498036346622e+02,5.913372857679231487e+00
1.043357877932169586e+01,-8.134544443587437001e-01,8.939843485670198930e+00,-9.880718628256815350e+00,-2.158793658308031382e+01,-2.346206482314140729e+01,-3.518806470816795695e+01,5.075362930647379756e+00,-4.761676500495718756e+01,-1.026701992515374862e+01,1.499794854615366546e+01,-3.978235551443837181e+01,-8.628777261155561007e+01,-9.635859925629951306e+01,-3.435550825516118323e+01,-1.014629425176071180e+02,2.873881385731727534e+01,-2.518364048948059875e+01,1.464334168875840447e+01,3.847373930912320361e+01,-1.934504605573610192e+01,-1.249817637350310804e+02,8.488012213947426687e+01,-4.486381141167423152e+02,2.459676374479667516e+01,4.521756688210522412e+01,9.912591096783948785e+00,-6.528459827649034253e+01,2.070273938053963292e+01,-5.231369013019295835e+02,2.777466920780217663e+01,1.370853380856380355e+01,-6.332754550613736910e+01,1.034448290655950231e+01,3.111323886747496914e+01,1.260715081685736862e+02,2.558183317539251789e+01,1.217964954269496403e+01,1.018508058226189483e+01,2.815348655979939352e+01,8.053344701910367576e+01,6.993768485073215402e+01,2.878144483256654951e+01,-1.236010656105304584e+00,-1.292507532689600680e+01,-3.583476834674529243e+01,-8.336427331770078553e+00,7.817750995258566604e+01,6.553945568810810585e+00,2.764964582562781104e+00,-3.882998353820913451e+01,3.219975386123473413e+02,3.544774449484342682e+01,5.936634070293796128e+01,-1.989961057557855995e+01,-3.714159901362679648e+02,1.733216987668412656e+01,1.607704271356411851e+01,5.027207201895349087e+00,-5.553051498806600648e+03,-6.176578667149728972e+03,-8.231453883171470309e+00,1.148203988792815835e+02,-2.135308943917765134e+01,1.712664255904448112e+02,5.772867118818940071e+02,-2.030444505790403582e+02,-8.439191719213363641e+00,-1.309063064051998708e+02,-2.761747779456979401e+01,-1.025489939683821348e+02,-5.539025678540136255e+01,5.523319514330088253e+01,6.755941573371487152e+01,-1.371709847660869031e+01,-9.229834651543373525e+01,-2.648302446621535466e+01,-6.317890228280932163e+00,1.394928908151608304e+01,-2.812468837372998109e+01,3.061160205753681680e+02,-8.374133429389516436e-01,4.532711062411154046e+01,-1.906489196978655229e+02,-1.637184074763205288e+01,4.542702318976487241e+00,-8.073324800709858806e+00,1.103765961670336182e+01,8.979943040667122034e+01,-2.763984498036346622e+02,5.913372857679231487e+00
1.043357877932169586e+01,-8.134544443587437001e-01,8.939843485670198930e+00,-9.880718628256815350e+00,-2.158793658308031382e+01,-2.346206482314140729e+01,-3.518806470816795695e+01,5.075362930647379756e+00,-4.761676500495718756e+01,-1.531391071389739622e+01,1.499794854615366546e+01,-4.202552650317531402e+01,-8.628777261155561007e+01,-9.635859925629951306e+01,-3.435550825516118323e+01,-1.014629425176071180e+02,2.873881385731727534e+01,-2.518364048948059875e+01,1.464334168875840447e+01,3.847373930912320361e+01,-1.934504605573610192e+01,-1.249817637350310804e+02,8.488012213947426687e+01,-4.486381141167423152e+02,2.228855795103233461e+01,4.521756688210522412e+01,9.912591096783948785e+00,-6.528459827649034253e+01,2.070273938053963292e+01,-5.231369013019295835e+02,2.777466920780217663e+01,1.370853380856380355e+01,-6.332754550613736910e+01,1.034448290655950231e+01,3.111323886747496914e+01,1.260715081685736862e+02,2.558183317539251789e+01,1.217964954269496403e+01,1.018508058226189483e+01,2.815348655979939352e+01,2.371811469702502109e+02,6.993768485073215402e+01,2.878144483256654951e+01,-1.236010656105304584e+00,-1.292507532689600680e+01,-3.583476834674529243e+01,-8.336427331770078553e+00,7.817750995258566604e+01,6.553945568810810585e+00,2.764964582562781104e+00,-3.882998353820913451e+01,3.219975386123473413e+02,3.544774449484342682e+01,5.936634070293796128e+01,-2.695556067495468255e+01,-3.714159901362679648e+02,1.733216987668412656e+01,1.607704271356411851e+01,5.027207201895349087e+00,-5.553051498806600648e+03,-6.176578667149728972e+03,-8.231453883171470309e+00,1.148203988792815835e+02,-2.135308943917765134e+01,1.712664255904448112e+02,5.858944668300460989e+02,-2.030444505790403582e+02,-8.439191719213363641e+00,-1.309063064051998708e+02,-2.761747779456979401e+01,-1.025489939683821348e+02,-6.182787455285546940e+01,5.523319514330088253e+01,6.755941573371487152e+01,-1.371709847660869031e+01,-9.917359381716060795e+01,-2.648302446621535466e+01,-6.317890228280932163e+00,1.930604292430319546e+01,-2.812468837372998109e+01,3.061160205753681680e+02,-8.374133429389516436e-01,4.532711062411154046e+01,-1.906489196978655229e+02,-1.637184074763205288e+01,4.542702318976487241e+00,-1.470650457451575122e+01,1.103765961670336182e+01,8.979943040667122034e+01,-2.741157236978041283e+02,1.284532586130669074e+01
1.043357877932169586e+01,6.960147306529771427e+00,8.939843485670198930e+00,-9.880718628256815350e+00,-2.158793658308031382e+01,-2.346206482314140729e+01,-3.849891216151097240e+01,5.075362930647379756e+00,-4.761676500495718756e+01,-1.531391071389739622e+01,1.499794854615366546e+01,-4.202552650317531402e+01,-8.628777261155561007e+01,-9.635859925629951306e+01,-3.435550825516118323e+01,-1.014629425176071180e+02,2.873881385731727534e+01,-5.857213090175186210e+01,1.464334168875840447e+01,3.847373930912320361e+01,-1.934504605573610192e+01,-1.249817637350310804e+02,8.488012213947426687e+01,-4.486381141167423152e+02,2.228855795103233461e+01,4.521756688210522412e+01,1.429890471952908726e+01,-6.528459827649034253e+01,2.070273938053963292e+01,-5.185942420733915696e+02,2.777466920780217663e+01,1.370853380856380355e+01,-6.332754550613736910e+01,1.034448290655950231e+01,2.244909255877080767e+01,1.260715081685736862e+02,2.558183317539251789e+01,6.437161623680151656e+00,1.555812196595380215e+01,3.466575975071965132e+01,2.371811469702502109e+02,6.993768485073215402e+01,2.878144483256654951e+01,-1.236010656105304584e+00,-1.292507532689600680e+01,-3.583476834674529243e+01,-8.336427331770078553e+00,7.504620021266256913e+01,6.553945568810810585e+00,2.764964582562781104e+00,-3.882998353820913451e+01,3.219975386123473413e+02,3.544774449484342682e+01,5.936634070293796128e+01,-2.695556067495468255e+01,-3.714159901362679648e+02,1.733216987668412656e+01,1.607704271356411851e+01,1.119192047824300484e+00,-5.553051498806600648e+03,-6.176578667149728972e+03,-8.231453883171470309e+00,1.148203988792815835e+02,-2.135308943917765134e+01,1.712664255904448112e+02,5.858944668300460989e+02,-2.030444505790403582e+02,-8.439191719213363641e+00,-1.309063064051998708e+02,-2.761747779456979401e+01,-9.326584688399071865e+01,-6.182787455285546940e+01,5.523319514330088253e+01,6.755941573371487152e+01,-1.371709847660869031e+01,-9.917359381716060795e+01,-2.648302446621535466e+01,-6.317890228280932163e+00,1.930604292430319546e+01,-2.812468837372998109e+01,3.061160205753681680e+02,-8.374133429389516436e-01,4.532711062411154046e+01,-1.906489196978655229e+02,-1.637184074763205288e+01,4.542702318976487241e+00,-1.470650457451575122e+01,1.103765961670336182e+01,8.979943040667122034e+01,-2.741157236978041283e+02,1.284532586130669074e+01
1.043357877932169586e+01,6.960147306529771427e+00,8.939843485670198930e+00,-9.880718628256815350e+00,-2.158793658308031382e+01,-9.102811846523366057e+00,-3.849891216151097240e+01,5.075362930647379756e+00,-6.083534316548262666e+01,-1.531391071389739622e+01,1.499794854615366546e+01,-4.202552650317531402e+01,-8.628777261155561007e+01,-9.635859925629951306e+01,-3.435550825516118323e+01,-9.627921478835303049e+01,2.873881385731727534e+01,-5.857213090175186210e+01,1.464334168875840447e+01,3.847373930912320361e+01,-1.934504605573610192e+01,-1.249817637350310804e+02,8.488012213947426687e+01,-4.486381141167423152e+02,2.228855795103233461e+01,4.521756688210522412e+01,1.429890471952908726e+01,-6.528459827649034253e+01,2.070273938053963292e+01,-5.185942420733915696e+02,2.777466920780217663e+01,1.370853380856380355e+01,-1.776880930999247425e+02,1.034448290655950231e+01,2.244909255877080767e+01,1.260715081685736862e+02,2.558183317539251789e+01,6.437161623680151656e+00,1.555812196595380215e+01,3.466575975071965132e+01,2.371811469702502109e+02,8.764355064573412335e+01,4.373673865015303619e+01,-1.236010656105304584e+00,-1.292507532689600680e+01,-3.583476834674529243e+01,-8.336427331770078553e+00,7.504620021266256913e+01,6.553945568810810585e+00,2.764964582562781104e+00,-4.777792846753569478e+01,3.219975386123473413e+02,3.544774449484342682e+01,5.936634070293796128e+01,-2.695556067495468255e+01,-3.901165804303930713e+02,1.733216987668412656e+01,1.607704271356411851e+01,1.119192047824300484e+00,-5.553051498806600648e+03,-6.176578667149728972e+03,-8.231453883171470309e+00,1.148203988792815835e+02,-2.135308943917765134e+01,1.632636626337966277e+02,5.858944668300460989e+02,-2.030444505790403582e+02,-8.439191719213363641e+00,-1.309063064051998708e+02,-2.761747779456979401e+01,-9.326584688399071865e+01,-6.182787455285546940e+01,5.523319514330088253e+01,6.755941573371487152e+01,-1.371709847660869031e+01,-9.917359381716060795e+01,-2.648302446621535466e+01,-6.317890228280932163e+00,1.930604292430319546e+01,-2.812468837372998109e+01,2.969341094982574418e+02,-8.374133429389516436e-01,4.532711062411154046e+01,-1.906489196978655229e+02,-1.637184074763205288e+01,-8.760732208833260870e+00,-1.470650457451575122e+01,1.913118177276788145e+01,8.979943040667122034e+01,-2.741157236978041283e+02,1.284532586130669074e+01
1.043357877932169586e+01,6.960147306529771427e+00,1.926993428978999390e+01,-9.880718628256815350e+00,-2.158793658308031382e+01,-9.102811846523366057e+00,-3.849891216151097240e+01,5.075362930647379756e+00,-6.083534316548262666e+01,-1.531391071389739622e+01,1.499794854615366546e+01,-4.202552650317531402e+01,-8.628777261155561007e+01,-9.635859925629951306e+01,-3.435550825516118323e+01,-9.627921478835303049e+01,2.873881385731727534e+01,-5.857213090175186210e+01,1.018423761564193910e+02,3.847373930912320361e+01,-4.244681390677881083e+00,-1.344000916846250959e+02,8.488012213947426687e+01,-4.486381141167423152e+02,2.228855795103233461e+01,4.886887891903779035e+01,1.429890471952908726e+01,-6.528459827649034253e+01,7.245730728698836387e+00,-5.185942420733915696e+02,2.777466920780217663e+01,1.370853380856380355e+01,-1.776880930999247425e+02,1.034448290655950231e+01,2.244909255877080767e+01,1.260715081685736862e+02,2.558183317539251789e+01,6.437161623680151656e+00,1.555812196595380215e+01,3.466575975071965132e+01,2.371811469702502109e+02,8.764355064573412335e+01,4.373673865015303619e+01,-1.236010656105304584e+00,-3.856401432588469191e+01,-5.156341997734816118e+01,-2.409218243131442705e+01,7.504620021266256913e+01,6.553945568810810585e+00,2.764964582562781104e+00,-4.777792846753569478e+01,3.219975386123473413e+02,3.544774449484342682e+01,6.641559634405456336e+01,-2.695556067495468255e+01,-3.901165804303930713e+02,1.733216987668412656e+01,1.607704271356411851e+01,1.119192047824300484e+00,-5.553051498806600648e+03,-6.176578667149728972e+03,-8.231453883171470309e+00,1.148203988792815835e+02,-2.135308943917765134e+01,1.632636626337966277e+02,5.858944668300460989e+02,-2.030444505790403582e+02,6.173331347592506901e+00,-1.309063064051998708e+02,-2.761747779456979401e+01,-9.326584688399071865e+01,-6.182787455285546940e+01,5.523319514330088253e+01,6.755941573371487152e+01,-1.371709847660869031e+01,-9.917359381716060795e+01,-2.648302446621535466e+01,-6.317890228280932163e+00,1.930604292430319546e+01,-2.812468837372998109e+01,2.969341094982574418e+02,-8.374133429389516436e-01,4.532711062411154046e+01,-1.906489196978655229e+02,-1.637184074763205288e+01,-8.760732208833260870e+00,-1.470650457451575122e+01,1.913118177276788145e+01,1.118487792021021363e+02,-2.741157236978041283e+02,1.284532586130669074e+01
1.043357877932169586e+01,6.960147306529771427e+00,1.926993428978999390e+01,-8.349331037698032532e+00,-2.158793658308031382e+01,-9.102811846523366057e+00,-3.849891216151097240e+01,5.075362930647379756e+00,-6.083534316548262666e+01,-1.531391071389739622e+01,1.499794854615366546e+01,-4.202552650317531402e+01,-8.370021168845480020e+01,-9.635859925629951306e+01,-3.435550825516118323e+01,-9.627921478835303049e+01,2.873881385731727534e+01,-5.857213090175186210e+01,1.018423761564193910e+02,3.847373930912320361e+01,-4.244681390677881083e+00,-1.344000916846250959e+02,9.646290380779923623e+01,-4.404776371026354127e+02,2.228855795103233461e+01,4.886887891903779035e+01,1.429890471952908726e+01,-6.528459827649034253e+01,7.245730728698836387e+00,-5.185942420733915696e+02,2.777466920780217663e+01,1.370853380856380355e+01,-1.776880930999247425e+02,1.356800953931997178e+01,2.244909255877080767e+01,1.260715081685736862e+02,2.558183317539251789e+01,6.437161623680151656e+00,1.555812196595380215e+01,3.466575975071965132e+01,2.371811469702502109e+02,8.764355064573412335e+01,4.373673865015303619e+01,-2.997976745179238289e+00,-3.856401432588469191e+01,-5.156341997734816118e+01,-2.409218243131442705e+01,7.504620021266256913e+01,5.573216785441600152e+00,2.764964582562781104e+00,-4.777792846753569478e+01,3.219975386123473413e+02,3.544774449484342682e+01,6.641559634405456336e+01,-2.695556067495468255e+01,-3.901165804303930713e+02,1.733216987668412656e+01,1.607704271356411851e+01,1.119192047824300484e+00,-5.553051498806600648e+03,-6.178820567002101598e+03,-1.196765285828374914e+01,1.148203988792815835e+02,-2.135308943917765134e+01,1.632636626337966277e+02,5.858944668300460989e+02,-2.030444505790403582e+02,6.173331347592506901e+00,-1.299274883027090937e+02,-2.761747779456979401e+01,-9.326584688399071865e+01,-6.182787455285546940e+01,5.523319514330088253e+01,6.755941573371487152e+01,-1.371709847660869031e+01,-9.917359381716060795e+01,-2.648302446621535466e+01,-6.317890228280932163e+00,1.930604292430319546e+01,-2.812468837372998109e+01,2.969341094982574418e+02,-8.374133429389516436e-01,4.670232844510058356e+01,-1.882224681512190614e+02,-1.637184074763205288e+01,-8.760732208833260870e+00,-1.470650457451575122e+01,1.913118177276788145e+01,1.118487792021021363e+02,-2.741157236978041283e+02,1.284532586130669074e+01
1.192449006252450694e+01,6.960147306529771427e+00,1.926993428978999390e+01,-8.349331037698032532e+00,-2.158793658308031382e+01,-9.102811846523366057e+00,-3.849891216151097240e+01,5.965130316468858496e-01,-6.083534316548262666e+01,-1.531391071389739622e+01,1.405815786029958403e+01,-4.202552650317531402e+01,-8.370021168845480020e+01,-9.635859925629951306e+01,-3.435550825516118323e+01,-9.627921478835303049e+01,2.873881385731727534e+01,-5.857213090175186210e+01,1.018423761564193910e+02,3.847373930912320361e+01,-4.244681390677881083e+00,-1.344000916846250959e+02,9.646290380779923623e+01,-4.404776371026354127e+02,2.228855795103233461e+01,4.886887891903779035e+01,1.429890471952908726e+01,-6.528459827649034253e+01,7.245730728698836387e+00,-5.185942420733915696e+02,2.777466920780217663e+01,1.221294730462447831e+01,-1.776880930999247425e+02,1.356800953931997178e+01,2.244909255877080767e+01,1.240204910848058404e+02,2.424703444972845290e+01,6.437161623680151656e+00,1.555812196595380215e+01,3.466575975071965132e+01,2.371811469702502109e+02,8.764355064573412335e+01,4.373673865015303619e+01,-2.997976745179238289e+00,-3.856401432588469191e+01,-5.156341997734816118e+01,-2.409218243131442705e+01,7.504620021266256913e+01,5.573216785441600152e+00,-8.358829503809575456e+00,-4.777792846753569478e+01,3.251779197568433801e+02,3.654609576069933041e+01,6.641559634405456336e+01,-2.695556067495468255e+01,-3.901165804303930713e+02,1.733216987668412656e+01,1.653867389427464829e+01,1.119192047824300484e+00,-5.553051498806600648e+03,-6.178820567002101598e+03,-1.196765285828374914e+01,1.125177113467590573e+02,-2.052297558388106680e+01,1.632636626337966277e+02,5.858944668300460989e+02,-2.006021308401747376e+02,6.173331347592506901e+00,-1.299274883027090937e+02,-2.691239498171547595e+01,-9.326584688399071865e+01,-6.182787455285546940e+01,5.626365257789659324e+01,6.552017075891652098e+01,-1.547049019237916312e+01,-9.917359381716060795e+01,-2.939967424586306777e+01,-4.661385916538950624e+00,1.930604292430319546e+01,-2.812468837372998109e+01,2.969341094982574418e+02,-8.374133429389516436e-01,4.670232844510058356e+01,-1.882224681512190614e+02,-1.637184074763205288e+01,-8.760732208833260870e+00,-1.470650457451575122e+01,1.913118177276788145e+01,1.118487792021021363e+02,-2.741157236978041283e+02,1.284532586130669074e+01
1.192449006252450694e+01,6.960147306529771427e+00,1.926993428978999390e+01,-1.925026207172367521e+01,-2.158793658308031382e+01,-9.102811846523366057e+00,-3.849891216151097240e+01,5.965130316468858496e-01,-6.083534316548262666e+01,-1.531391071389739622e+01,1.405815786029958403e+01,-4.202552650317531402e+01,-5.179335191104159719e+01,-9.635859925629951306e+01,-3.435550825516118323e+01,-9.627921478835303049e+01,4.285592622211873959e+01,-2.407364426080907265e+02,1.018423761564193910e+02,3.847373930912320361e+01,-4.244681390677881083e+00,-1.344000916846250959e+02,9.646290380779923623e+01,-3.340471987749229470e+02,8.525665892410532365e+01,4.886887891903779035e+01,1.429890471952908726e+01,-6.528459827649034253e+01,7.245730728698836387e+00,-5.185942420733915696e+02,2.777466920780217663e+01,1.221294730462447831e+01,-1.776880930999247425e+02,1.356800953931997178e+01,2.244909255877080767e+01,1.240204910848058404e+02,2.424703444972845290e+01,6.437161623680151656e+00,1.555812196595380215e+01,3.466575975071965132e+01,2.371811469702502109e+02,8.764355064573412335e+01,4.373673865015303619e+01,-2.997976745179238289e+00,-3.856401432588469191e+01,-5.156341997734816118e+01,-2.409218243131442705e+01,7.504620021266256913e+01,5.573216785441600152e+00,-8.358829503809575456e+00,-4.777792846753569478e+01,3.251779197568433801e+02,3.654609576069933041e+01,6.641559634405456336e+01,-2.695556067495468255e+01,-3.901165804303930713e+02,1.733216987668412656e+01,1.653867389427464829e+01,1.119192047824300484e+00,-5.553051498806600648e+03,-6.178820567002101598e+03,-2.444845589297114685e+01,1.125177113467590573e+02,-2.052297558388106680e+01,1.632636626337966277e+02,5.858944668300460989e+02,-2.006021308401747376e+02,6.173331347592506901e+00,-1.299274883027090937e+02,-2.691239498171547595e+01,-9.326584688399071865e+01,-9.019458174165900743e+01,5.626365257789659324e+01,6.552017075891652098e+01,-6.558612528974337863e+01,-9.917359381716060795e+01,-2.939967424586306777e+01,-4.661385916538950624e+00,1.930604292430319546e+01,-7.963374208148906064e+00,2.969341094982574418e+02,-8.374133429389516436e-01,4.670232844510058356e+01,-1.882224681512190614e+02,-1.637184074763205288e+01,3.017770605913684534e+01,-1.470650457451575122e+01,3.706903486969753203e+01,1.118487792021021363e+02,-2.741157236978041283e+02,1.284532586130669074e+01
1.784248100536508730e+01,-1.910207707992759296e-01,1.926993428978999390e+01,-1.925026207172367521e+01,-2.158793658308031382e+01,-2.739421241881838043e+01,-3.849891216151097240e+01,5.965130316468858496e-01,-2.288514474306587942e+01,-1.531391071389739622e+01,1.405815786029958403e+01,-5.425957690852235515e+01,-5.179335191104159719e+01,-9.635859925629951306e+01,-3.435550825516118323e+01,-9.627921478835303049e+01,4.285592622211873959e+01,-2.407364426080907265e+02,1.018423761564193910e+02,3.847373930912320361e+01,-4.244681390677881083e+00,-1.620939444454461409e+02,9.646290380779923623e+01,-3.340471987749229470e+02,8.525665892410532365e+01,4.886887891903779035e+01,1.429890471952908726e+01,-6.528459827649034253e+01,7.245730728698836387e+00,-5.185942420733915696e+02,2.777466920780217663e+01,1.221294730462447831e+01,-1.776880930999247425e+02,1.356800953931997178e+01,2.244909255877080767e+01,1.240204910848058404e+02,2.424703444972845290e+01,6.437161623680151656e+00,1.555812196595380215e+01,3.466575975071965132e+01,2.371811469702502109e+02,8.764355064573412335e+01,4.373673865015303619e+01,-2.997976745179238289e+00,-8.070029918613386144e+01,-5.156341997734816118e+01,-2.409218243131442705e+01,7.504620021266256913e+01,5.573216785441600152e+00,-8.358829503809575456e+00,-4.777792846753569478e+01,3.251779197568433801e+02,3.654609576069933041e+01,6.641559634405456336e+01,-2.695556067495468255e+01,-3.901165804303930713e+02,1.733216987668412656e+01,1.653867389427464829e+01,-2.777645810578395569e+01,-5.553051498806600648e+03,-6.169584928645676882e+03,-2.444845589297114685e+01,1.125177113467590573e+02,-2.052297558388106680e+01,1.632636626337966277e+02,5.858944668300460989e+02,-1.252778106874167747e+02,6.173331347592506901e+00,-1.299274883027090937e+02,-2.691239498171547595e+01,-9.326584688399071865e+01,-9.019458174165900743e+01,6.515401488019080034e+01,6.552017075891652098e+01,-6.558612528974337863e+01,-9.917359381716060795e+01,-2.939967424586306777e+01,-4.661385916538950624e+00,1.930604292430319546e+01,-7.963374208148906064e+00,2.801057326444716864e+02,-8.374133429389516436e-01,4.670232844510058356e+01,-1.882224681512190614e+02,-1.637184074763205288e+01,3.017770605913684534e+01,-1.470650457451575122e+01,3.706903486969753203e+01,1.118487792021021363e+02,-2.741157236978041283e+02,1.284532586130669074e+01
1.784248100536508730e+01,-1.910207707992759296e-01,1.926993428978999390e+01,-1.925026207172367521e+01,-2.158793658308031382e+01,-2.739421241881838043e+01,-3.849891216151097240e+01,5.965130316468858496e-01,-2.288514474306587942e+01,-1.531391071389739622e+01,1.405815786029958403e+01,-5.425957690852235515e+01,-5.179335191104159719e+01,-9.635859925629951306e+01,-3.435550825516118323e+01,-9.199475274830291482e+01,4.285592622211873959e+01,-2.407364426080907265e+02,1.018423761564193910e+02,3.847373930912320361e+01,-4.244681390677881083e+00,-1.620939444454461409e+02,9.646290380779923623e+01,-3.340471987749229470e+02,8.525665892410532365e+01,4.886887891903779035e+01,1.429890471952908726e+01,-5.758885786719422839e+01,-1.623912688648790237e+00,-5.185942420733915696e+02,2.777466920780217663e+01,1.221294730462447831e+01,-1.776880930999247425e+02,1.356800953931997178e+01,4.960660888452184736e+01,1.369062187555185233e+02,2.424703444972845290e+01,6.437161623680151656e+00,1.555812196595380215e+01,3.466575975071965132e+01,2.371811469702502109e+02,8.764355064573412335e+01,4.373673865015303619e+01,-2.997976745179238289e+00,-8.070029918613386144e+01,-5.156341997734816118e+01,-2.409218243131442705e+01,7.504620021266256913e+01,5.573216785441600152e+00,-8.358829503809575456e+00,-7.455131300872366751e+01,3.251779197568433801e+02,3.654609576069933041e+01,6.641559634405456336e+01,-2.695556067495468255e+01,-4.029760445992624796e+02,1.733216987668412656e+01,6.732274287932446200e+00,-2.777645810578395569e+01,-5.553051498806600648e+03,-6.169584928645676882e+03,-2.444845589297114685e+01,1.125177113467590573e+02,-2.052297558388106680e+01,1.632636626337966277e+02,5.858944668300460989e+02,-1.252778106874167747e+02,6.173331347592506901e+00,-1.299274883027090937e+02,-2.691239498171547595e+01,-6.986794400542623862e+01,-9.019458174165900743e+01,6.515401488019080034e+01,6.552017075891652098e+01,-6.558612528974337863e+01,-9.917359381716060795e+01,-2.939967424586306777e+01,-4.661385916538950624e+00,1.930604292430319546e+01,-7.963374208148906064e+00,2.801057326444716864e+02,2.707430458924999339e+00,4.670232844510058356e+01,-1.882224681512190614e+02,-1.049438698158962495e+02,3.017770605913684534e+01,-1.536753038609996054e+02,3.706903486969753203e+01,1.118487792021021363e+02,-2.741157236978041283e+02,1.284532586130669074e+01
1.784248100536508730e+01,-1.910207707992759296e-01,4.581892891610746688e+01,-1.925026207172367521e+01,-2.158793658308031382e+01,-2.739421241881838043e+01,-3.849891216151097240e+01,5.965130316468858496e-01,-2.288514474306587942e+01,-1.531391071389739622e+01,1.405815786029958403e+01,-5.425957690852235515e+01,-5.179335191104159719e+01,-9.635859925629951306e+01,-3.435550825516118323e+01,-9.199475274830291482e+01,4.285592622211873959e+01,-2.407364426080907265e+02,1.346892582667628062e+02,5.056784684411326225e+01,-4.244681390677881083e+00,-1.620939444454461409e+02,9.646290380779923623e+01,-3.340471987749229470e+02,8.525665892410532365e+01,4.886887891903779035e+01,1.429890471952908726e+01,-5.758885786719422839e+01,-1.623912688648790237e+00,-5.185942420733915696e+02,2.777466920780217663e+01,1.221294730462447831e+01,-1.776880930999247425e+02,-5.480449779776309072e+01,4.960660888452184736e+01,1.369062187555185233e+02,2.424703444972845290e+01,6.437161623680151656e+00,1.555812196595380215e+01,3.466575975071965132e+01,2.371811469702502109e+02,7.595964128712441266e+01,5.333189032283014797e+01,1.866661674398010859e+02,-8.070029918613386144e+01,-5.156341997734816118e+01,-2.409218243131442705e+01,7.504620021266256913e+01,5.573216785441600152e+00,-8.358829503809575456e+00,-7.455131300872366751e+01,3.155856267676632569e+02,3.654609576069933041e+01,6.641559634405456336e+01,-2.695556067495468255e+01,-4.029760445992624796e+02,1.733216987668412656e+01,6.732274287932446200e+00,-2.777645810578395569e+01,-5.553051498806600648e+03,-6.169584928645676882e+03,-2.444845589297114685e+01,1.125177113467590573e+02,-2.052297558388106680e+01,1.632636626337966277e+02,5.858944668300460989e+02,-1.252778106874167747e+02,6.173331347592506901e+00,-1.299274883027090937e+02,-2.691239498171547595e+01,-6.986794400542623862e+01,-9.019458174165900743e+01,6.515401488019080034e+01,6.552017075891652098e+01,-6.558612528974337863e+01,-9.917359381716060795e+01,-1.354197704741756958e+01,4.954555552386867845e+00,3.310981792541855384e+01,-7.963374208148906064e+00,2.801057326444716864e+02,2.707430458924999339e+00,4.670232844510058356e+01,-1.882224681512190614e+02,-1.049438698158962495e+02,3.017770605913684534e+01,-1.536753038609996054e+02,3.706903486969753203e+01,1.118487792021021363e+02,-2.541948792842657951e+02,1.284532586130669074e+01
1.784248100536508730e+01,-1.910207707992759296e-01,4.581892891610746688e+01,-1.925026207172367521e+01,-2.158793658308031382e+01,-2.739421241881838043e+01,-4.398774861158813110e+01,5.965130316468858496e-01,-2.288514474306587942e+01,-1.531391071389739622e+01,1.405815786029958403e+01,-5.425957690852235515e+01,-5.179335191104159719e+01,-9.635859925629951306e+01,-3.628061616197984307e+01,-9.199475274830291482e+01,4.285592622211873959e+01,-2.407364426080907265e+02,1.346892582667628062e+02,5.056784684411326225e+01,-4.244681390677881083e+00,-1.620939444454461409e+02,9.646290380779923623e+01,-3.340471987749229470e+02,8.525665892410532365e+01,5.130003760540064661e+01,1.747138402371837884e+01,-5.758885786719422839e+01,-1.623912688648790237e+00,-5.185942420733915696e+02,2.777466920780217663e+01,1.221294730462447831e+01,-1.776880930999247425e+02,-5.480449779776309072e+01,4.960660888452184736e+01,1.369062187555185233e+02,2.313124423424582687e+01,6.437161623680151656e+00,1.555812196595380215e+01,3.466575975071965132e+01,2.371811469702502109e+02,7.595964128712441266e+01,5.333189032283014797e+01,1.866661674398010859e+02,-8.070029918613386144e+01,-5.156341997734816118e+01,-2.409218243131442705e+01,7.504620021266256913e+01,5.075932442608803719e+00,-8.358829503809575456e+00,-7.455131300872366751e+01,3.155856267676632569e+02,3.654609576069933041e+01,6.641559634405456336e+01,-2.695556067495468255e+01,-4.029760445992624796e+02,2.116390814087021610e+01,6.732274287932446200e+00,-2.777645810578395569e+01,-5.553996434287631928e+03,-6.169584928645676882e+03,-2.444845589297114685e+01,1.125177113467590573e+02,-2.052297558388106680e+01,1.632636626337966277e+02,5.837874043057863673e+02,-1.252778106874167747e+02,6.173331347592506901e+00,-1.299274883027090937e+02,-2.625702803129926011e+01,-6.986794400542623862e+01,-9.019458174165900743e+01,6.515401488019080034e+01,6.552017075891652098e+01,-6.558612528974337863e+01,-9.917359381716060795e+01,-1.354197704741756958e+01,4.954555552386867845e+00,3.310981792541855384e+01,-7.963374208148906064e+00,2.801057326444716864e+02,2.707430458924999339e+00,4.670232844510058356e+01,-1.877895918092551710e+02,-1.049438698158962495e+02,3.017770605913684534e+01,-1.536753038609996054e+02,3.706903486969753203e+01,1.118487792021021363e+02,-2.541948792842657951e+02,1.420500559745117997e+01
1.784248100536508730e+01,-1.910207707992759296e-01,4.581892891610746688e+01,-1.925026207172367521e+01,3.180429830588977325e+01,-2.739421241881838043e+01,-4.398774861158813110e+01,5.965130316468858496e-01,-2.288514474306587942e+01,-1.531391071389739622e+01,1.405815786029958403e+01,-5.425957690852235515e+01,-5.179335191104159719e+01,-9.635859925629951306e+01,-3.628061616197984307e+01,-9.199475274830291482e+01,4.285592622211873959e+01,-2.407364426080907265e+02,1.346892582667628062e+02,5.056784684411326225e+01,-4.244681390677881083e+00,-1.620939444454461409e+02,3.877030934761068437e+01,-3.340471987749229470e+02,8.525665892410532365e+01,5.130003760540064661e+01,1.747138402371837884e+01,-5.758885786719422839e+01,-1.623912688648790237e+00,-5.146165289430206258e+02,2.896942088958336470e+01,8.459699782614961805e+00,-1.737262372856843911e+02,-5.480449779776309072e+01,4.960660888452184736e+01,1.369062187555185233e+02,2.313124423424582687e+01,6.437161623680151656e+00,1.555812196595380215e+01,3.466575975071965132e+01,2.364730229918273778e+02,7.595964128712441266e+01,5.333189032283014797e+01,1.866661674398010859e+02,-8.070029918613386144e+01,-5.384431456992930265e+01,-2.409218243131442705e+01,7.504620021266256913e+01,5.075932442608803719e+00,-8.358829503809575456e+00,-7.455131300872366751e+01,3.155856267676632569e+02,3.654609576069933041e+01,8.362133371489657918e+01,-2.695556067495468255e+01,-4.029760445992624796e+02,2.116390814087021610e+01,6.732274287932446200e+00,-2.777645810578395569e+01,-5.553996434287631928e+03,-6.169584928645676882e+03,-2.444845589297114685e+01,1.125177113467590573e+02,-2.206158143907218872e+01,1.632636626337966277e+02,5.837874043057863673e+02,-1.252778106874167747e+02,6.173331347592506901e+00,-1.299274883027090937e+02,-2.625702803129926011e+01,-6.986794400542623862e+01,-9.019458174165900743e+01,6.515401488019080034e+01,6.552017075891652098e+01,-6.558612528974337863e+01,-1.029713030127266222e+02,-1.354197704741756958e+01,4.954555552386867845e+00,3.310981792541855384e+01,-7.963374208148906064e+00,2.801057326444716864e+02,2.707430458924999339e+00,7.743148917947790721e+01,-1.877895918092551710e+02,-1.049438698158962495e+02,3.017770605913684534e+01,-1.536753038609996054e+02,3.706903486969753203e+01,1.118487792021021363e+02,-2.541948792842657951e+02,1.420500559745117997e+01
1.784248100536508730e+01,-1.910207707992759296e-01,4.581892891610746688e+01,-1.925026207172367521e+01,3.180429830588977325e+01,-2.739421241881838043e+01,-4.398774861158813110e+01,-1.044855337600823830e+01,-2.288514474306587942e+01,-4.538825857666049401e+00,2.514164819210822799e+00,-5.425957690852235515e+01,-5.179335191104159719e+01,-1.105371263044144143e+02,-3.628061616197984307e+01,-9.199475274830291482e+01,4.285592622211873959e+01,-2.407364426080907265e+02,1.346892582667628062e+02,5.056784684411326225e+01,1.693345559543489287e+01,-1.620939444454461409e+02,3.877030934761068437e+01,-3.340471987749229470e+02,8.525665892410532365e+01,5.130003760540064661e+01,1.747138402371837884e+01,-5.758885786719422839e+01,-1.623912688648790237e+00,-5.146165289430206258e+02,2.896942088958336470e+01,8.459699782614961805e+00,-1.737262372856843911e+02,-5.480449779776309072e+01,4.960660888452184736e+01,1.369062187555185233e+02,2.313124423424582687e+01,-5.566010823262852902e+00,-4.649265991702712597e+01,2.231232023731232417e+01,2.364730229918273778e+02,7.595964128712441266e+01,5.333189032283014797e+01,1.866661674398010859e+02,-8.070029918613386144e+01,-5.384431456992930265e+01,-3.132620554234430443e+01,1.159966371353587533e+01,5.075932442608803719e+00,1.243727677417081452e+02,-7.455131300872366751e+01,3.155856267676632569e+02,7.673456592196825454e+01,8.362133371489657918e+01,-4.171505767534446818e+01,-4.029760445992624796e+02,2.116390814087021610e+01,6.732274287932446200e+00,-2.777645810578395569e+01,-5.553996434287631928e+03,-6.169584928645676882e+03,-2.444845589297114685e+01,1.022882963493003388e+02,-2.206158143907218872e+01,1.887681107155702875e+02,5.837874043057863673e+02,-1.252778106874167747e+02,1.738670526923797155e+01,-1.367557255060904993e+02,-2.625702803129926011e+01,-6.986794400542623862e+01,-9.019458174165900743e+01,6.515401488019080034e+01,-4.658822307331294610e+01,-6.558612528974337863e+01,-1.029713030127266222e+02,-1.354197704741756958e+01,4.954555552386867845e+00,3.310981792541855384e+01,-7.963374208148906064e+00,2.801057326444716864e+02,2.707430458924999339e+00,7.743148917947790721e+01,-1.877895918092551710e+02,-1.049438698158962495e+02,3.017770605913684534e+01,-1.536753038609996054e+02,3.706903486969753203e+01,9.343952611457393687e+01,-2.541948792842657951e+02,1.420500559745117997e+01
1.426345169486466702e+01,8.011120796389606724e+00,9.899238994925245549e+01,-3.186572397258495393e+00,-2.471017726513267476e+01,-2.346206482314140729e+01,-2.994076754808458674e+01,7.596190193885372643e+00,-2.996768724244992654e+01,-1.026701992515374862e+01,7.195831610042807469e+00,3.896614374759044352e+01,-8.432535478816987506e+01,-9.395617764439055009e+01,1.391878480577120669e+01,-9.618104222930577407e+01,1.979220911845784858e+00,3.211574524177089884e-01,2.346192051423930636e+01,2.385056839689477570e+01,7.855339247572470818e+00,-1.249817637350310804e+02,-1.325973863839962164e+01,-4.268248369737747225e+02,5.125750699165177338e+00,4.521756688210522412e+01,9.912591096783948785e+00,-5.501609541941782311e+01,-1.066091629418324693e+01,-5.743243079245381750e+02,1.120728865459975765e+01,3.103742499351620054e+01,-1.778540340660011054e+01,-4.934920161550758877e+01,3.111323886747496914e+01,2.243837993519113638e+01,2.678867238276604823e+01,-1.168862120564584117e+01,2.577055974682121331e+01,1.364633746219058885e+01,8.053344701910367576e+01,6.468893844848275876e+01,1.533000544980970048e+01,4.744390714378953433e+00,-1.292507532689600680e+01,-3.583476834674529243e+01,-1.275435259738519989e+01,6.123519384040330138e-01,-1.153188339391308759e+01,1.018689777696123011e+00,-1.079345595697595606e+01,1.025381372246746281e+02,1.000569244312283814e+02,-1.270976297750519706e+02,-1.613988912024134947e+01,-3.665587555675136855e+02,3.293516792186730413e+01,1.478912670919383388e+01,9.218261601260699933e+00,-5.557508907079411074e+03,-6.176578667149728972e+03,1.558751356029069335e+01,-9.313659630305089365e+00,-2.135308943917765134e+01,1.723000678912068508e+02,5.969033330309703160e+02,-9.422548187646013673e+01,-1.478164200243771553e+01,-6.671183759921068201e+01,-4.434889075223548360e+01,-8.122947965665771619e+01,-7.774797169307521472e+01,-1.496001034460916479e+01,6.955361433015538353e+01,-1.040553020512471427e+01,-4.201466955633213374e+00,-2.648302446621535466e+01,-2.940209200387245758e+00,2.803042214373024876e+01,-2.041704409901367612e+01,3.061160205753681680e+02,-2.079664781600904178e+01,-1.386589461143256585e+01,-1.906489196978655229e+02,7.660666500730651585e+00,1.699985159955131886e+00,-8.073324800709858806e+00,6.067005417743670748e+00,8.979943040667122034e+01,-2.763984498036346622e+02,5.913372857679231487e+00
1.384076776888169924e+01,7.878929333419635306e+00,9.899238994925245549e+01,-3.186572397258495393e+00,-3.295335194693311820e+01,-2.368055314374140252e+01,-2.994076754808458674e+01,7.596190193885372643e+00,-2.996768724244992654e+01,-1.026701992515374862e+01,7.195831610042807469e+00,3.896614374759044352e+01,-8.432535478816987506e+01,-9.395617764439055009e+01,1.391878480577120669e+01,-9.618104222930577407e+01,1.979220911845784858e+00,2.185388698030682475e-02,2.388758668403989915e+01,2.385056839689477570e+01,7.855339247572470818e+00,-1.249817637350310804e+02,-1.325973863839962164e+01,-4.268248369737747225e+02,5.125750699165177338e+00,4.521756688210522412e+01,9.912591096783948785e+00,-5.501609541941782311e+01,-9.865275827593924518e+00,-5.743243079245381750e+02,1.120728865459975765e+01,3.103742499351620054e+01,-1.778540340660011054e+01,-4.934920161550758877e+01,3.111323886747496914e+01,2.243837993519113638e+01,2.678867238276604823e+01,-1.168862120564584117e+01,2.577055974682121331e+01,1.364633746219058885e+01,8.053344701910367576e+01,6.468893844848275876e+01,1.533000544980970048e+01,4.744390714378953433e+00,-1.292507532689600680e+01,-3.583476834674529243e+01,-1.275435259738519989e+01,8.006594911386590852e-01,-1.153188339391308759e+01,1.018689777696123011e+00,-1.079345595697595606e+01,1.025381372246746281e+02,1.000569244312283814e+02,-1.270976297750519706e+02,-1.640207686835223200e+01,-3.665587555675136855e+02,3.322870257587847220e+01,1.478912670919383388e+01,9.218261601260699933e+00,-5.557508907079411074e+03,-6.176578667149728972e+03,1.638579263433251398e+01,-9.313659630305089365e+00,-2.135308943917765134e+01,1.723000678912068508e+02,5.969033330309703160e+02,-9.422548187646013673e+01,-1.478164200243771553e+01,-6.671183759921068201e+01,-4.434889075223548360e+01,-8.122947965665771619e+01,-7.774797169307521472e+01,-1.496001034460916479e+01,6.955361433015538353e+01,-1.040553020512471427e+01,-4.201466955633213374e+00,-2.648302446621535466e+01,-2.940209200387245758e+00,2.803042214373024876e+01,-2.207131091143959267e+01,3.061160205753681680e+02,-2.079664781600904178e+01,-1.386589461143256585e+01,-1.906489196978655229e+02,7.660666500730651585e+00,1.699985159955131886e+00,-8.073324800709858806e+00,6.067005417743670748e+00,8.979943040667122034e+01,-2.763984498036346622e+02,5.913372857679231487e+00
1.384076776888169924e+01,7.878929333419635306e+00,9.899238994925245549e+01,-1.869311051116317568e+00,-3.295335194693311820e+01,-2.368055314374140252e+01,-3.233507894642765024e+01,7.596190193885372643e+00,-2.996768724244992654e+01,-1.026701992515374862e+01,7.195831610042807469e+00,3.896614374759044352e+01,-8.432535478816987506e+01,-9.395617764439055009e+01,1.391878480577120669e+01,-9.618104222930577407e+01,1.502243934352019972e+00,2.185388698030682475e-02,2.388758668403989915e+01,2.385056839689477570e+01,8.722899969507210471e+00,-1.249817637350310804e+02,-1.325973863839962164e+01,-4.268248369737747225e+02,5.125750699165177338e+00,4.521756688210522412e+01,9.912591096783948785e+00,-5.501609541941782311e+01,-9.865275827593924518e+00,-5.743243079245381750e+02,1.120728865459975765e+01,3.103742499351620054e+01,-1.778540340660011054e+01,-4.934920161550758877e+01,3.111323886747496914e+01,2.243837993519113638e+01,2.678867238276604823e+01,-1.168862120564584117e+01,2.577055974682121331e+01,1.364633746219058885e+01,8.053344701910367576e+01,6.468893844848275876e+01,1.533000544980970048e+01,5.816023091013716950e+00,-1.292507532689600680e+01,-3.543652976687305056e+01,-1.180730438938919846e+01,8.006594911386590852e-01,-1.153188339391308759e+01,1.018689777696123011e+00,-1.079345595697595606e+01,1.025381372246746281e+02,1.000569244312283814e+02,-1.270976297750519706e+02,-1.640207686835223200e+01,-3.665587555675136855e+02,3.322870257587847220e+01,1.602572587091827572e+01,9.218261601260699933e+00,-5.554731128315512251e+03,-6.176578667149728972e+03,1.638579263433251398e+01,-9.313659630305089365e+00,-2.135308943917765134e+01,1.723000678912068508e+02,5.969033330309703160e+02,-9.422548187646013673e+01,-1.478164200243771553e+01,-6.671183759921068201e+01,-4.434889075223548360e+01,-8.122947965665771619e+01,-7.774797169307521472e+01,-1.496001034460916479e+01,6.955361433015538353e+01,-1.040553020512471427e+01,-4.201466955633213374e+00,-2.648302446621535466e+01,-3.522985907935005656e+00,2.803042214373024876e+01,-2.207131091143959267e+01,3.046416417052412839e+02,-2.079664781600904178e+01,-1.386589461143256585e+01,-1.894664937263719935e+02,7.660666500730651585e+00,1.699985159955131886e+00,-8.073324800709858806e+00,6.067005417743670748e+00,8.979943040667122034e+01,-2.763984498036346622e+02,5.913372857679231487e+00
1.384076776888169924e+01,7.878929333419635306e+00,9.899238994925245549e+01,-1.869311051116317568e+00,-3.295335194693311820e+01,-2.368055314374140252e+01,-3.233507894642765024e+01,7.596190193885372643e+00,-2.996768724244992654e+01,-1.026701992515374862e+01,7.195831610042807469e+00,3.896614374759044352e+01,-8.432535478816987506e+01,-9.395617764439055009e+01,1.391878480577120669e+01,-9.618104222930577407e+01,1.502243934352019972e+00,2.185388698030682475e-02,2.388758668403989915e+01,2.385056839689477570e+01,8.722899969507210471e+00,-1.249817637350310804e+02,-1.325973863839962164e+01,-4.268248369737747225e+02,5.125750699165177338e+00,4.521756688210522412e+01,9.912591096783948785e+00,-5.297872907203369408e+01,-9.865275827593924518e+00,-5.743243079245381750e+02,1.120728865459975765e+01,3.103742499351620054e+01,-1.778540340660011054e+01,-4.934920161550758877e+01,3.111323886747496914e+01,2.243837993519113638e+01,2.678867238276604823e+01,-1.168862120564584117e+01,2.577055974682121331e+01,1.364633746219058885e+01,7.912911823888258311e+01,6.468893844848275876e+01,1.533000544980970048e+01,5.816023091013716950e+00,-1.292507532689600680e+01,-3.543652976687305056e+01,-1.180730438938919846e+01,8.006594911386590852e-01,-1.153188339391308759e+01,1.018689777696123011e+00,-1.079345595697595606e+01,1.025381372246746281e+02,1.000569244312283814e+02,-1.270976297750519706e+02,-1.640207686835223200e+01,-3.665587555675136855e+02,3.322870257587847220e+01,1.602572587091827572e+01,9.218261601260699933e+00,-5.554731128315512251e+03,-6.176578667149728972e+03,1.638579263433251398e+01,-9.313659630305089365e+00,-2.088955172144619254e+01,1.723000678912068508e+02,5.969033330309703160e+02,-9.422548187646013673e+01,-1.545974580769873263e+01,-6.671183759921068201e+01,-4.434889075223548360e+01,-8.189455433017396047e+01,-7.774797169307521472e+01,-1.496001034460916479e+01,6.955361433015538353e+01,-1.260520219769588124e+01,-4.712019305013080306e+00,-2.604605467017307774e+01,-3.522985907935005656e+00,2.803042214373024876e+01,-2.207131091143959267e+01,3.046416417052412839e+02,-2.079664781600904178e+01,-1.386589461143256585e+01,-1.894664937263719935e+02,7.660666500730651585e+00,3.228363262304961623e+00,-8.954572572465261615e+00,6.646597972095211304e+00,9.076570407091486459e+01,-2.763984498036346622e+02,5.913372857679231487e+00
1.384076776888169924e+01,7.878929333419635306e+00,9.899238994925245549e+01,-1.869311051116317568e+00,-3.295335194693311820e+01,-2.368055314374140252e+01,-3.233507894642765024e+01,7.596190193885372643e+00,-2.996768724244992654e+01,-1.026701992515374862e+01,9.645662911099865511e+00,3.896614374759044352e+01,-8.432535478816987506e+01,-9.458045290826092355e+01,6.184079571737453485e+00,-9.618104222930577407e+01,1.502243934352019972e+00,2.185388698030682475e-02,2.388758668403989915e+01,2.355486111781199199e+01,8.722899969507210471e+00,-1.249817637350310804e+02,-1.411081247005802553e+01,-4.250713390992474956e+02,6.059350150622054620e+00,4.734980254611684103e+01,9.912591096783948785e+00,-5.297872907203369408e+01,-9.865275827593924518e+00,-5.743243079245381750e+02,1.120728865459975765e+01,3.103742499351620054e+01,-1.778540340660011054e+01,-4.934920161550758877e+01,3.234274767772308934e+01,2.243837993519113638e+01,2.678867238276604823e+01,-1.168862120564584117e+01,2.527909634247439641e+01,1.364633746219058885e+01,7.912911823888258311e+01,6.468893844848275876e+01,1.533000544980970048e+01,5.816023091013716950e+00,-1.292507532689600680e+01,-3.543652976687305056e+01,-1.180730438938919846e+01,8.006594911386590852e-01,-1.153188339391308759e+01,1.990454500761863699e+00,-1.079345595697595606e+01,1.025381372246746281e+02,1.000569244312283814e+02,-1.270976297750519706e+02,-1.640207686835223200e+01,-3.665587555675136855e+02,3.322870257587847220e+01,1.602572587091827572e+01,9.218261601260699933e+00,-5.554731128315512251e+03,-6.176578667149728972e+03,1.638579263433251398e+01,-9.647317300018604769e+00,-2.088955172144619254e+01,1.723000678912068508e+02,5.969033330309703160e+02,-9.422548187646013673e+01,-1.545974580769873263e+01,-6.671183759921068201e+01,-4.434889075223548360e+01,-8.189455433017396047e+01,-7.774797169307521472e+01,-1.496001034460916479e+01,6.955361433015538353e+01,-1.260520219769588124e+01,-4.712019305013080306e+00,-2.604605467017307774e+01,-3.522985907935005656e+00,2.803042214373024876e+01,-2.207131091143959267e+01,3.046416417052412839e+02,-2.079664781600904178e+01,-1.386589461143256585e+01,-1.894664937263719935e+02,7.660666500730651585e+00,3.228363262304961623e+00,-8.954572572465261615e+00,6.646597972095211304e+00,9.076570407091486459e+01,-2.763984498036346622e+02,5.913372857679231487e+00
1.384076776888169924e+01,7.878929333419635306e+00,9.899238994925245549e+01,-1.869311051116317568e+00,-3.295335194693311820e+01,-2.368055314374140252e+01,-3.233507894642765024e+01,7.596190193885372643e+00,-2.996768724244992654e+01,-1.387586600266206638e+01,9.645662911099865511e+00,3.896614374759044352e+01,-7.697328944861487798e+01,-9.458045290826092355e+01,6.184079571737453485e+00,-9.618104222930577407e+01,1.502243934352019972e+00,2.185388698030682475e-02,2.388758668403989915e+01,2.355486111781199199e+01,8.722899969507210471e+00,-1.249817637350310804e+02,-1.411081247005802553e+01,-4.250713390992474956e+02,6.059350150622054620e+00,4.734980254611684103e+01,9.912591096783948785e+00,-5.297872907203369408e+01,-9.865275827593924518e+00,-5.743243079245381750e+02,1.020803914201359319e+01,6.247614067469145027e+01,-1.778540340660011054e+01,-4.934920161550758877e+01,3.234274767772308934e+01,2.157989745070990750e+01,1.677765903436619155e+01,-1.168862120564584117e+01,2.527909634247439641e+01,1.978188397535050314e+01,7.912911823888258311e+01,6.468893844848275876e+01,1.533000544980970048e+01,5.816023091013716950e+00,-1.170941875502053975e+01,-3.543652976687305056e+01,-1.180730438938919846e+01,8.006594911386590852e-01,-1.153188339391308759e+01,1.990454500761863699e+00,-1.079345595697595606e+01,1.025381372246746281e+02,1.000569244312283814e+02,-1.270976297750519706e+02,-1.640207686835223200e+01,-3.665587555675136855e+02,3.322870257587847220e+01,1.602572587091827572e+01,1.109455936632733852e+01,-5.554731128315512251e+03,-6.176578667149728972e+03,1.638579263433251398e+01,-9.647317300018604769e+00,-2.088955172144619254e+01,1.752673329238234317e+02,5.969033330309703160e+02,-9.422548187646013673e+01,-1.545974580769873263e+01,-6.671183759921068201e+01,-4.434889075223548360e+01,-8.189455433017396047e+01,-7.774797169307521472e+01,-1.496001034460916479e+01,6.955361433015538353e+01,-1.260520219769588124e+01,-4.712019305013080306e+00,-2.604605467017307774e+01,-3.522985907935005656e+00,2.803042214373024876e+01,-2.207131091143959267e+01,3.046416417052412839e+02,-2.079664781600904178e+01,-1.517070483493563415e+01,-1.894664937263719935e+02,8.768765661002113632e+00,3.228363262304961623e+00,-8.954572572465261615e+00,6.646597972095211304e+00,9.076570407091486459e+01,-2.763984498036346622e+02,5.913372857679231487e+00
1.384076776888169924e+01,7.878929333419635306e+00,9.899238994925245549e+01,-1.869311051116317568e+00,-3.295335194693311820e+01,-2.368055314374140252e+01,-3.233507894642765024e+01,8.374583547885887214e+00,-2.996768724244992654e+01,-1.387586600266206638e+01,9.645662911099865511e+00,3.945115701597818259e+01,-7.697328944861487798e+01,-9.458045290826092355e+01,6.184079571737453485e+00,-9.589075040689344576e+01,1.502243934352019972e+00,2.185388698030682475e-02,2.388758668403989915e+01,2.355486111781199199e+01,8.722899969507210471e+00,-1.251782036526131918e+02,-1.411081247005802553e+01,-4.250713390992474956e+02,6.059350150622054620e+00,4.734980254611684103e+01,1.025173391066337913e+01,-5.297872907203369408e+01,-9.865275827593924518e+00,-5.741883861612760711e+02,1.020803914201359319e+01,6.247614067469145027e+01,-1.811065169713670997e+01,-4.934920161550758877e+01,3.234274767772308934e+01,2.157989745070990750e+01,1.677765903436619155e+01,-8.436087233225199711e+00,2.527909634247439641e+01,1.978188397535050314e+01,7.912911823888258311e+01,6.468893844848275876e+01,1.499255872295228542e+01,5.816023091013716950e+00,-1.170941875502053975e+01,-3.543652976687305056e+01,-1.180730438938919846e+01,8.006594911386590852e-01,-1.153188339391308759e+01,1.990454500761863699e+00,-1.067452277263130789e+01,1.014590669141113040e+02,1.000569244312283814e+02,-1.275960857959766486e+02,-1.640207686835223200e+01,-3.665587555675136855e+02,3.322870257587847220e+01,1.602572587091827572e+01,1.109455936632733852e+01,-5.554731128315512251e+03,-6.176760254275939587e+03,1.638579263433251398e+01,-9.647317300018604769e+00,-2.088955172144619254e+01,1.752673329238234317e+02,5.969033330309703160e+02,-9.422548187646013673e+01,-1.545974580769873263e+01,-6.687844540389014014e+01,-4.434889075223548360e+01,-8.189455433017396047e+01,-7.774797169307521472e+01,-1.450447480851064874e+01,4.248533902648699012e+01,-1.260520219769588124e+01,-4.712019305013080306e+00,-2.604605467017307774e+01,-3.522985907935005656e+00,2.835312556236135961e+01,-2.207131091143959267e+01,3.046416417052412839e+02,-2.079664781600904178e+01,-1.517070483493563415e+01,-1.894664937263719935e+02,8.768765661002113632e+00,3.228363262304961623e+00,-8.954572572465261615e+00,6.646597972095211304e+00,9.076570407091486459e+01,-2.761465335177203428e+02,6.183979272901384050e+00
1.384076776888169924e+01,7.878929333419635306e+00,9.899238994925245549e+01,-1.869311051116317568e+00,-3.295335194693311820e+01,-2.687803103232507240e+01,-3.233507894642765024e+01,8.374583547885887214e+00,-2.922087199922506429e+01,-1.332152598383108710e+01,9.645662911099865511e+00,3.945115701597818259e+01,-7.697328944861487798e+01,-9.425501501892179590e+01,3.937062531356452677e+00,-9.589075040689344576e+01,1.502243934352019972e+00,2.185388698030682475e-02,2.388758668403989915e+01,2.454486992550606317e+01,8.722899969507210471e+00,-1.251782036526131918e+02,-1.411081247005802553e+01,-4.293530118577925805e+02,6.059350150622054620e+00,4.734980254611684103e+01,1.025173391066337913e+01,-5.297872907203369408e+01,-9.865275827593924518e+00,-5.741883861612760711e+02,1.020803914201359319e+01,6.247614067469145027e+01,-1.811065169713670997e+01,-4.934920161550758877e+01,3.234274767772308934e+01,2.157989745070990750e+01,1.677765903436619155e+01,-8.436087233225199711e+00,2.527909634247439641e+01,1.978188397535050314e+01,7.912911823888258311e+01,6.468893844848275876e+01,1.499255872295228542e+01,5.816023091013716950e+00,-1.170941875502053975e+01,-3.502109521627230038e+01,-1.236433484267728744e+01,8.006594911386590852e-01,-1.153188339391308759e+01,1.990454500761863699e+00,-1.067452277263130789e+01,1.014590669141113040e+02,1.000569244312283814e+02,-1.275960857959766486e+02,-1.640207686835223200e+01,-3.665587555675136855e+02,3.517558846403379391e+01,1.602572587091827572e+01,1.109455936632733852e+01,-5.554731128315512251e+03,-6.176760254275939587e+03,1.707403802871182918e+01,-9.647317300018604769e+00,-2.088955172144619254e+01,1.752673329238234317e+02,5.969033330309703160e+02,-9.422548187646013673e+01,-1.545974580769873263e+01,-6.687844540389014014e+01,-4.434889075223548360e+01,-8.189455433017396047e+01,-7.774797169307521472e+01,-1.450447480851064874e+01,4.248533902648699012e+01,-1.260520219769588124e+01,-4.712019305013080306e+00,-2.604605467017307774e+01,-7.185843835964562665e+00,2.835312556236135961e+01,-2.207131091143959267e+01,3.046416417052412839e+02,-2.079664781600904178e+01,-1.517070483493563415e+01,-1.894664937263719935e+02,8.768765661002113632e+00,3.228363262304961623e+00,-8.954572572465261615e+00,6.646597972095211304e+00,9.076570407091486459e+01,-2.761465335177203428e+02,6.183979272901384050e+00
1.384076776888169924e+01,7.878929333419635306e+00,9.899238994925245549e+01,-1.869311051116317568e+00,-3.326962103542656024e+01,-2.687803103232507240e+01,-3.233507894642765024e+01,8.374583547885887214e+00,-2.922087199922506429e+01,-1.332152598383108710e+01,9.645662911099865511e+00,3.969711616616091732e+01,-7.697328944861487798e+01,-9.425501501892179590e+01,3.937062531356452677e+00,-9.589075040689344576e+01,1.502243934352019972e+00,2.185388698030682475e-02,2.388758668403989915e+01,2.454486992550606317e+01,8.722899969507210471e+00,-1.251782036526131918e+02,-1.411081247005802553e+01,-4.293530118577925805e+02,6.059350150622054620e+00,4.734980254611684103e+01,1.025173391066337913e+01,-5.297872907203369408e+01,-9.865275827593924518e+00,-5.741883861612760711e+02,1.020803914201359319e+01,6.247614067469145027e+01,-1.811065169713670997e+01,-4.934920161550758877e+01,3.234274767772308934e+01,2.157989745070990750e+01,1.677765903436619155e+01,-8.436087233225199711e+00,2.527909634247439641e+01,1.978188397535050314e+01,7.912911823888258311e+01,6.468893844848275876e+01,1.499255872295228542e+01,5.816023091013716950e+00,-1.170941875502053975e+01,-3.502109521627230038e+01,-1.236433484267728744e+01,9.635046109894105371e-01,-1.153188339391308759e+01,1.990454500761863699e+00,-1.067452277263130789e+01,1.014590669141113040e+02,1.006426405403605031e+02,-1.277051516716619517e+02,-1.640207686835223200e+01,-3.665587555675136855e+02,3.517558846403379391e+01,1.602572587091827572e+01,1.010721732224511449e+01,-5.554731128315512251e+03,-6.176760254275939587e+03,1.707403802871182918e+01,-9.647317300018604769e+00,-2.088955172144619254e+01,1.752673329238234317e+02,5.969033330309703160e+02,-9.422548187646013673e+01,-1.566640723352947084e+01,-6.687844540389014014e+01,-4.434889075223548360e+01,-8.189455433017396047e+01,-7.741299046761312752e+01,-1.463014551903728311e+01,4.248533902648699012e+01,-1.260520219769588124e+01,-4.712019305013080306e+00,-2.604605467017307774e+01,-7.185843835964562665e+00,2.835312556236135961e+01,-2.207131091143959267e+01,3.050594158012467574e+02,-2.094288720658283154e+01,-1.517070483493563415e+01,-1.894664937263719935e+02,8.768765661002113632e+00,3.228363262304961623e+00,-8.954572572465261615e+00,6.517492029649087470e+00,9.076570407091486459e+01,-2.761465335177203428e+02,6.183979272901384050e+00
1.384076776888169924e+01,7.878929333419635306e+00,9.899238994925245549e+01,-1.869311051116317568e+00,-3.326962103542656024e+01,-2.687803103232507240e+01,-3.233507894642765024e+01,1.652380700740216923e+01,-2.922087199922506429e+01,-1.332152598383108710e+01,9.645662911099865511e+00,3.969711616616091732e+01,-7.697328944861487798e+01,-9.425501501892179590e+01,3.937062531356452677e+00,-9.589075040689344576e+01,1.502243934352019972e+00,2.185388698030682475e-02,2.388758668403989915e+01,2.454486992550606317e+01,8.722899969507210471e+00,-1.251782036526131918e+02,-1.411081247005802553e+01,-4.293530118577925805e+02,6.059350150622054620e+00,4.734980254611684103e+01,1.025173391066337913e+01,-5.485695867171907025e+01,-2.919030456355300629e+01,-5.802054691305462484e+02,1.749726970783638080e+01,7.060261150943406960e+01,-7.990283534735976190e+00,-4.934920161550758877e+01,3.234274767772308934e+01,2.157989745070990750e+01,1.677765903436619155e+01,-8.436087233225199711e+00,2.527909634247439641e+01,1.978188397535050314e+01,7.912911823888258311e+01,6.468893844848275876e+01,1.987086186243681141e+01,5.816023091013716950e+00,-1.170941875502053975e+01,-3.502109521627230038e+01,-1.236433484267728744e+01,9.635046109894105371e-01,-1.153188339391308759e+01,1.990454500761863699e+00,-2.212904547679221778e+01,1.014590669141113040e+02,1.006426405403605031e+02,-1.277051516716619517e+02,-1.640207686835223200e+01,-3.665587555675136855e+02,3.517558846403379391e+01,1.602572587091827572e+01,1.010721732224511449e+01,-5.554731128315512251e+03,-6.176760254275939587e+03,1.707403802871182918e+01,-9.647317300018604769e+00,-2.088955172144619254e+01,1.752673329238234317e+02,5.511819835786271824e+02,-9.422548187646013673e+01,-1.566640723352947084e+01,-6.687844540389014014e+01,-5.102561774949268880e+01,-8.189455433017396047e+01,-7.741299046761312752e+01,-1.463014551903728311e+01,3.437111144230531750e+02,-1.260520219769588124e+01,-4.712019305013080306e+00,-2.604605467017307774e+01,-7.185843835964562665e+00,2.835312556236135961e+01,-2.207131091143959267e+01,3.050594158012467574e+02,-2.094288720658283154e+01,-1.517070483493563415e+01,-1.894664937263719935e+02,8.768765661002113632e+00,3.228363262304961623e+00,-8.954572572465261615e+00,6.517492029649087470e+00,9.076570407091486459e+01,-2.761465335177203428e+02,6.183979272901384050e+00
1.384076776888169924e+01,7.878929333419635306e+00,9.899238994925245549e+01,-1.869311051116317568e+00,-3.326962103542656024e+01,-2.687803103232507240e+01,-3.117012732924234086e+01,1.652380700740216923e+01,-2.922087199922506429e+01,-1.332152598383108710e+01,9.645662911099865511e+00,3.969711616616091732e+01,-7.697328944861487798e+01,-9.425501501892179590e+01,3.937062531356452677e+00,-7.649694595480258386e+01,4.136114414113326809e+00,-4.611350525674117407e+00,2.388758668403989915e+01,2.454486992550606317e+01,8.722899969507210471e+00,-1.251782036526131918e+02,-1.411081247005802553e+01,-4.293530118577925805e+02,6.059350150622054620e+00,4.734980254611684103e+01,1.258836102802204238e+01,-5.485695867171907025e+01,-2.919030456355300629e+01,-5.802054691305462484e+02,1.749726970783638080e+01,7.060261150943406960e+01,-7.990283534735976190e+00,-4.934920161550758877e+01,3.234274767772308934e+01,2.157989745070990750e+01,8.807621361805022531e+00,-1.064360398443824174e+01,2.527909634247439641e+01,1.978188397535050314e+01,8.268110808884676999e+01,6.468893844848275876e+01,1.987086186243681141e+01,5.816023091013716950e+00,-1.170941875502053975e+01,-3.502109521627230038e+01,-1.236433484267728744e+01,9.635046109894105371e-01,-1.153188339391308759e+01,1.990454500761863699e+00,-2.212904547679221778e+01,1.014590669141113040e+02,1.006426405403605031e+02,-1.277051516716619517e+02,-1.640207686835223200e+01,-3.657732001141471301e+02,3.517558846403379391e+01,1.602572587091827572e+01,1.010721732224511449e+01,-5.554327704159218229e+03,-6.176760254275939587e+03,1.707403802871182918e+01,-9.647317300018604769e+00,-2.088955172144619254e+01,1.752673329238234317e+02,5.511819835786271824e+02,-9.422548187646013673e+01,-1.566640723352947084e+01,-6.687844540389014014e+01,-5.102561774949268880e+01,-8.189455433017396047e+01,-7.741299046761312752e+01,-1.463014551903728311e+01,3.437111144230531750e+02,-1.260520219769588124e+01,-4.712019305013080306e+00,-2.604605467017307774e+01,-7.185843835964562665e+00,2.896784030852653302e+01,-2.207131091143959267e+01,3.050594158012467574e+02,-2.094288720658283154e+01,-1.517070483493563415e+01,-1.894664937263719935e+02,8.768765661002113632e+00,3.228363262304961623e+00,-8.954572572465261615e+00,6.517492029649087470e+00,9.076570407091486459e+01,-2.813031399592840671e+02,6.183979272901384050e+00
1.384076776888169924e+01,7.878929333419635306e+00,9.899238994925245549e+01,-2.694816483319151246e+00,-3.326962103542656024e+01,-2.687803103232507240e+01,-3.117012732924234086e+01,1.652380700740216923e+01,-2.922087199922506429e+01,-1.332152598383108710e+01,7.284925655095427999e+00,3.969711616616091732e+01,-7.697328944861487798e+01,-9.425501501892179590e+01,3.937062531356452677e+00,-7.649694595480258386e+01,4.136114414113326809e+00,-4.611350525674117407e+00,2.388758668403989915e+01,2.454486992550606317e+01,9.531533101416135523e+00,-1.251782036526131918e+02,-1.411081247005802553e+01,-4.293530118577925805e+02,6.059350150622054620e+00,4.734980254611684103e+01,1.258836102802204238e+01,-5.485695867171907025e+01,-2.919030456355300629e+01,-5.802054691305462484e+02,1.749726970783638080e+01,7.060261150943406960e+01,-7.990283534735976190e+00,-4.881187877905170325e+01,3.234274767772308934e+01,2.258352211644534080e+01,8.807621361805022531e+00,-1.064360398443824174e+01,2.527909634247439641e+01,2.156970071447221926e+01,8.268110808884676999e+01,6.468893844848275876e+01,1.987086186243681141e+01,1.330330993126281136e+01,-1.170941875502053975e+01,-3.502109521627230038e+01,-1.236433484267728744e+01,9.635046109894105371e-01,-1.153188339391308759e+01,1.990454500761863699e+00,-2.212904547679221778e+01,1.014590669141113040e+02,1.006426405403605031e+02,-1.277051516716619517e+02,-1.640207686835223200e+01,-3.657732001141471301e+02,3.517558846403379391e+01,1.602572587091827572e+01,1.010721732224511449e+01,-5.554327704159218229e+03,-6.176760254275939587e+03,1.707403802871182918e+01,-9.647317300018604769e+00,-2.088955172144619254e+01,1.752673329238234317e+02,5.511819835786271824e+02,-9.422548187646013673e+01,-1.566640723352947084e+01,-6.687844540389014014e+01,-5.102561774949268880e+01,-8.189455433017396047e+01,-7.741299046761312752e+01,-1.463014551903728311e+01,3.437111144230531750e+02,-2.134390822990928882e+01,-4.484301657799134588e+00,-2.604605467017307774e+01,-7.185843835964562665e+00,2.896784030852653302e+01,-2.207131091143959267e+01,3.050594158012467574e+02,-2.094288720658283154e+01,-1.517070483493563415e+01,-1.789912361248428851e+02,8.768765661002113632e+00,3.228363262304961623e+00,-6.556251162016907053e+00,6.517492029649087470e+00,9.142051215613221871e+01,-2.813031399592840671e+02,6.183979272901384050e+00
1.384076776888169924e+01,1.316040445582590834e+01,9.899238994925245549e+01,-2.694816483319151246e+00,-3.326962103542656024e+01,-2.687803103232507240e+01,-3.117012732924234086e+01,1.652380700740216923e+01,-2.922087199922506429e+01,-1.332152598383108710e+01,7.284925655095427999e+00,3.969711616616091732e+01,-7.453990814587042735e+01,-9.425501501892179590e+01,3.937062531356452677e+00,-7.649694595480258386e+01,4.136114414113326809e+00,-4.611350525674117407e+00,2.187916276609036004e+01,2.454486992550606317e+01,9.531533101416135523e+00,-1.251782036526131918e+02,-1.411081247005802553e+01,-4.293530118577925805e+02,1.149922783886202104e+01,4.734980254611684103e+01,1.258836102802204238e+01,-5.485695867171907025e+01,-2.919030456355300629e+01,-5.802054691305462484e+02,1.749726970783638080e+01,7.060261150943406960e+01,-7.990283534735976190e+00,-4.881187877905170325e+01,3.234274767772308934e+01,2.258352211644534080e+01,8.807621361805022531e+00,-1.064360398443824174e+01,2.527909634247439641e+01,2.156970071447221926e+01,8.268110808884676999e+01,6.672924745271618008e+01,1.987086186243681141e+01,1.330330993126281136e+01,-1.170941875502053975e+01,-3.502109521627230038e+01,-1.236433484267728744e+01,9.635046109894105371e-01,-1.153188339391308759e+01,1.990454500761863699e+00,-2.212904547679221778e+01,1.014590669141113040e+02,1.006426405403605031e+02,-1.277051516716619517e+02,-3.044762743869985400e+01,-3.657732001141471301e+02,3.517558846403379391e+01,1.602572587091827572e+01,1.010721732224511449e+01,-5.554327704159218229e+03,-6.167200348072916313e+03,1.707403802871182918e+01,-9.647317300018604769e+00,-2.088955172144619254e+01,1.752673329238234317e+02,5.511819835786271824e+02,-8.868602648357401108e+01,-1.566640723352947084e+01,-6.687844540389014014e+01,-5.102561774949268880e+01,-8.189455433017396047e+01,-7.741299046761312752e+01,-1.463014551903728311e+01,3.437111144230531750e+02,-2.134390822990928882e+01,-4.484301657799134588e+00,-1.988974986084024010e+01,-7.185843835964562665e+00,2.896784030852653302e+01,-2.207131091143959267e+01,3.050594158012467574e+02,-2.094288720658283154e+01,-1.683324779794016024e+01,-1.789912361248428851e+02,8.768765661002113632e+00,8.540637166344986042e+00,-6.556251162016907053e+00,6.517492029649087470e+00,9.142051215613221871e+01,-2.813031399592840671e+02,1.904007929576764901e+00
1.724163639000794745e+01,1.316040445582590834e+01,7.269504165080363123e+01,-2.694816483319151246e+00,-3.326962103542656024e+01,-2.687803103232507240e+01,-3.117012732924234086e+01,1.652380700740216923e+01,-2.922087199922506429e+01,-1.332152598383108710e+01,7.284925655095427999e+00,3.969711616616091732e+01,-7.453990814587042735e+01,-9.425501501892179590e+01,3.937062531356452677e+00,-7.649694595480258386e+01,4.136114414113326809e+00,-4.611350525674117407e+00,2.187916276609036004e+01,2.454486992550606317e+01,9.531533101416135523e+00,-1.286627175806831929e+02,-2.794693834222725926e+01,-4.293530118577925805e+02,1.149922783886202104e+01,4.271259577198927104e+01,1.258836102802204238e+01,-5.485695867171907025e+01,-2.919030456355300629e+01,-5.802054691305462484e+02,1.749726970783638080e+01,7.060261150943406960e+01,-7.990283534735976190e+00,-4.881187877905170325e+01,6.693877605541995024e+01,2.258352211644534080e+01,8.807621361805022531e+00,-1.064360398443824174e+01,4.629851305160077857e+01,2.156970071447221926e+01,8.268110808884676999e+01,6.672924745271618008e+01,1.987086186243681141e+01,1.330330993126281136e+01,-2.031506694709609917e+01,-3.502109521627230038e+01,-1.236433484267728744e+01,9.635046109894105371e-01,-1.473546842815554214e+01,-2.392798088368727427e+00,-2.212904547679221778e+01,9.401528706527430757e+01,1.006426405403605031e+02,-1.277051516716619517e+02,-3.044762743869985400e+01,-3.657732001141471301e+02,3.517558846403379391e+01,1.960653374363483437e+01,1.010721732224511449e+01,-5.554327704159218229e+03,-6.167200348072916313e+03,1.707403802871182918e+01,-7.722847798527695318e+00,-8.992949057824858983e+01,1.868617085699809479e+02,5.511819835786271824e+02,-8.868602648357401108e+01,-1.566640723352947084e+01,-6.074678187724717304e+01,-5.102561774949268880e+01,-1.588905751246610407e+02,-7.741299046761312752e+01,-1.463014551903728311e+01,3.437111144230531750e+02,-2.134390822990928882e+01,-4.484301657799134588e+00,-1.988974986084024010e+01,-7.185843835964562665e+00,2.896784030852653302e+01,-4.833042960229369811e+01,3.050594158012467574e+02,-2.094288720658283154e+01,-1.683324779794016024e+01,-1.789912361248428851e+02,1.554941921048403586e+01,8.540637166344986042e+00,-6.556251162016907053e+00,6.517492029649087470e+00,9.142051215613221871e+01,-2.813031399592840671e+02,1.904007929576764901e+00
1.724163639000794745e+01,1.316040445582590834e+01,7.269504165080363123e+01,7.224232905398126903e+00,-3.326962103542656024e+01,-2.687803103232507240e+01,-3.117012732924234086e+01,1.652380700740216923e+01,-3.558088489326389237e+01,-1.332152598383108710e+01,7.284925655095427999e+00,3.969711616616091732e+01,-7.453990814587042735e+01,-9.425501501892179590e+01,3.937062531356452677e+00,-7.649694595480258386e+01,4.136114414113326809e+00,9.241243591622225750e+00,5.507267181859511140e+00,2.454486992550606317e+01,9.531533101416135523e+00,-1.286627175806831929e+02,-2.794693834222725926e+01,-4.293530118577925805e+02,1.149922783886202104e+01,4.271259577198927104e+01,1.258836102802204238e+01,-5.485695867171907025e+01,-2.919030456355300629e+01,-5.802054691305462484e+02,1.749726970783638080e+01,7.060261150943406960e+01,-7.990283534735976190e+00,-1.729378285435736728e+01,6.693877605541995024e+01,2.258352211644534080e+01,8.807621361805022531e+00,-1.064360398443824174e+01,4.629851305160077857e+01,2.156970071447221926e+01,8.268110808884676999e+01,7.492799820968620850e+01,1.987086186243681141e+01,1.330330993126281136e+01,-2.031506694709609917e+01,-3.502109521627230038e+01,-1.236433484267728744e+01,9.635046109894105371e-01,-2.375539267701942236e+01,-2.392798088368727427e+00,-2.212904547679221778e+01,9.401528706527430757e+01,1.006426405403605031e+02,-1.277051516716619517e+02,-1.388471578031690612e+01,-3.657732001141471301e+02,3.517558846403379391e+01,1.960653374363483437e+01,1.010721732224511449e+01,-5.554327704159218229e+03,-6.167200348072916313e+03,1.707403802871182918e+01,-7.722847798527695318e+00,-1.037911222575597776e+02,1.787117020403405263e+02,5.511819835786271824e+02,-8.868602648357401108e+01,-1.566640723352947084e+01,-5.744087533415717672e+01,-5.102561774949268880e+01,-1.650650762749914406e+02,-7.741299046761312752e+01,-1.463014551903728311e+01,3.437111144230531750e+02,-2.134390822990928882e+01,-4.484301657799134588e+00,-1.988974986084024010e+01,-7.185843835964562665e+00,2.896784030852653302e+01,-4.833042960229369811e+01,3.050594158012467574e+02,-2.094288720658283154e+01,-1.683324779794016024e+01,-1.789912361248428851e+02,1.554941921048403586e+01,8.540637166344986042e+00,-6.556251162016907053e+00,6.517492029649087470e+00,9.142051215613221871e+01,-2.813031399592840671e+02,1.904007929576764901e+00
1.724163639000794745e+01,1.504606786878596125e+01,7.269504165080363123e+01,7.224232905398126903e+00,-3.326962103542656024e+01,-2.687803103232507240e+01,-3.117012732924234086e+01,1.652380700740216923e+01,-3.558088489326389237e+01,-1.332152598383108710e+01,7.284925655095427999e+00,3.969711616616091732e+01,-7.453990814587042735e+01,-9.425501501892179590e+01,3.937062531356452677e+00,-7.649694595480258386e+01,4.136114414113326809e+00,9.241243591622225750e+00,5.507267181859511140e+00,2.454486992550606317e+01,9.531533101416135523e+00,-1.286627175806831929e+02,-2.794693834222725926e+01,-4.293530118577925805e+02,1.149922783886202104e+01,4.271259577198927104e+01,9.448748882661838877e+00,-5.990815225219984796e+01,-2.919030456355300629e+01,-5.802054691305462484e+02,1.749726970783638080e+01,7.568979105731722257e+01,-7.990283534735976190e+00,-1.729378285435736728e+01,6.693877605541995024e+01,2.258352211644534080e+01,8.807621361805022531e+00,-1.064360398443824174e+01,4.629851305160077857e+01,2.156970071447221926e+01,8.268110808884676999e+01,7.492799820968620850e+01,1.987086186243681141e+01,1.330330993126281136e+01,-2.031506694709609917e+01,-3.502109521627230038e+01,-1.236433484267728744e+01,9.635046109894105371e-01,-2.375539267701942236e+01,-2.392798088368727427e+00,-2.212904547679221778e+01,9.401528706527430757e+01,1.006426405403605031e+02,-1.305329323889250475e+02,-1.388471578031690612e+01,-3.657732001141471301e+02,3.517558846403379391e+01,1.960653374363483437e+01,1.010721732224511449e+01,-5.554327704159218229e+03,-6.167200348072916313e+03,1.707403802871182918e+01,-7.722847798527695318e+00,-1.037911222575597776e+02,1.787117020403405263e+02,5.511819835786271824e+02,-8.868602648357401108e+01,-1.981592141289483067e+01,-5.744087533415717672e+01,-5.102561774949268880e+01,-1.650650762749914406e+02,-7.914138267691279793e+01,-1.463014551903728311e+01,3.437111144230531750e+02,-2.472603106697083675e+01,-4.484301657799134588e+00,-2.272046369777951114e+01,3.294669222826013488e+00,2.896784030852653302e+01,-4.833042960229369811e+01,3.050594158012467574e+02,-2.094288720658283154e+01,-1.683324779794016024e+01,-1.789912361248428851e+02,1.198273654751405282e+01,8.540637166344986042e+00,-6.556251162016907053e+00,6.517492029649087470e+00,9.142051215613221871e+01,-2.770546422580691228e+02,1.904007929576764901e+00
1.724163639000794745e+01,1.504606786878596125e+01,7.269504165080363123e+01,7.224232905398126903e+00,-3.326962103542656024e+01,-2.687803103232507240e+01,-3.117012732924234086e+01,1.652380700740216923e+01,-3.558088489326389237e+01,-1.332152598383108710e+01,7.127457049845838810e+01,3.969711616616091732e+01,-7.453990814587042735e+01,-9.425501501892179590e+01,3.937062531356452677e+00,-7.649694595480258386e+01,4.136114414113326809e+00,9.241243591622225750e+00,5.507267181859511140e+00,2.454486992550606317e+01,9.531533101416135523e+00,-1.401706592216994807e+02,-2.794693834222725926e+01,-4.293530118577925805e+02,1.149922783886202104e+01,4.271259577198927104e+01,9.448748882661838877e+00,-5.990815225219984796e+01,-2.919030456355300629e+01,-5.861728875301207609e+02,1.749726970783638080e+01,7.568979105731722257e+01,-3.245833662412368881e+01,-1.729378285435736728e+01,9.796391824196547304e+01,2.258352211644534080e+01,8.807621361805022531e+00,-1.064360398443824174e+01,4.629851305160077857e+01,2.156970071447221926e+01,8.268110808884676999e+01,7.492799820968620850e+01,1.987086186243681141e+01,1.330330993126281136e+01,-2.031506694709609917e+01,-3.502109521627230038e+01,-1.758244317102113286e+01,9.635046109894105371e-01,-2.375539267701942236e+01,-2.392798088368727427e+00,-2.212904547679221778e+01,9.401528706527430757e+01,1.006426405403605031e+02,-1.305329323889250475e+02,-1.388471578031690612e+01,-3.657732001141471301e+02,3.517558846403379391e+01,3.770744069381829888e+01,1.010721732224511449e+01,-5.554327704159218229e+03,-6.167200348072916313e+03,1.707403802871182918e+01,-7.722847798527695318e+00,-1.037911222575597776e+02,1.787117020403405263e+02,5.511819835786271824e+02,-9.328681341209379241e+01,-1.981592141289483067e+01,-5.744087533415717672e+01,-5.102561774949268880e+01,-1.650650762749914406e+02,-7.914138267691279793e+01,-1.463014551903728311e+01,3.437111144230531750e+02,-2.472603106697083675e+01,-4.484301657799134588e+00,-2.272046369777951114e+01,3.294669222826013488e+00,1.628438889715468108e+01,-4.833042960229369811e+01,2.955306302140945149e+02,-3.751682399167179227e+01,-1.683324779794016024e+01,-1.820499495836590711e+02,1.198273654751405282e+01,8.540637166344986042e+00,-6.556251162016907053e+00,6.517492029649087470e+00,9.142051215613221871e+01,-2.770546422580691228e+02,1.904007929576764901e+00
1.724163639000794745e+01,1.504606786878596125e+01,7.269504165080363123e+01,7.224232905398126903e+00,-3.377024332523681949e+01,-2.687803103232507240e+01,-3.087942850898651059e+01,1.652380700740216923e+01,-3.558088489326389237e+01,-1.332152598383108710e+01,7.127457049845838810e+01,3.969711616616091732e+01,-7.453990814587042735e+01,-9.425501501892179590e+01,3.937062531356452677e+00,-7.649694595480258386e+01,4.136114414113326809e+00,9.241243591622225750e+00,5.507267181859511140e+00,2.500952803554600479e+01,9.531533101416135523e+00,-1.401706592216994807e+02,-2.794693834222725926e+01,-4.293530118577925805e+02,1.149922783886202104e+01,4.271259577198927104e+01,9.448748882661838877e+00,-5.990815225219984796e+01,-2.919030456355300629e+01,-5.861728875301207609e+02,1.749726970783638080e+01,7.568979105731722257e+01,-3.245833662412368881e+01,-1.729378285435736728e+01,9.796391824196547304e+01,2.258352211644534080e+01,8.807621361805022531e+00,-1.064360398443824174e+01,4.629851305160077857e+01,2.156970071447221926e+01,8.268110808884676999e+01,7.492799820968620850e+01,2.060442898731517758e+01,1.330330993126281136e+01,-1.963309648808870733e+01,-3.502109521627230038e+01,-1.758244317102113286e+01,6.264270232043620545e-01,-2.375539267701942236e+01,-7.655351286754168427e+00,-2.212904547679221778e+01,9.401528706527430757e+01,1.006426405403605031e+02,-1.305329323889250475e+02,-1.388471578031690612e+01,-3.657732001141471301e+02,3.517558846403379391e+01,3.770744069381829888e+01,1.010721732224511449e+01,-5.554327704159218229e+03,-6.167200348072916313e+03,1.802426637340053617e+01,-7.722847798527695318e+00,-1.037911222575597776e+02,1.787117020403405263e+02,5.511819835786271824e+02,-9.328681341209379241e+01,-1.981592141289483067e+01,-5.744087533415717672e+01,-5.078112668657812634e+01,-1.650650762749914406e+02,-7.914138267691279793e+01,-1.367271377151837619e+01,3.437111144230531750e+02,-2.472603106697083675e+01,-4.484301657799134588e+00,-2.272046369777951114e+01,3.294669222826013488e+00,1.628438889715468108e+01,-4.778278835706620242e+01,2.955306302140945149e+02,-3.751682399167179227e+01,-1.683324779794016024e+01,-1.820499495836590711e+02,1.198273654751405282e+01,8.540637166344986042e+00,-6.556251162016907053e+00,6.517492029649087470e+00,9.170206217757694844e+01,-2.770546422580691228e+02,1.904007929576764901e+00
1.100474100840235181e+01,1.504606786878596125e+01,7.269504165080363123e+01,7.224232905398126903e+00,-3.377024332523681949e+01,-3.200142794801954693e+01,-3.087942850898651059e+01,1.652380700740216923e+01,-3.558088489326389237e+01,-1.332152598383108710e+01,7.127457049845838810e+01,6.973054444725619305e+01,-7.453990814587042735e+01,-9.425501501892179590e+01,3.937062531356452677e+00,-7.649694595480258386e+01,4.136114414113326809e+00,9.241243591622225750e+00,5.507267181859511140e+00,2.500952803554600479e+01,9.531533101416135523e+00,-1.401706592216994807e+02,-2.794693834222725926e+01,-4.293530118577925805e+02,3.849862065543292289e+01,4.271259577198927104e+01,9.448748882661838877e+00,-5.990815225219984796e+01,-1.817203428385078041e+02,-5.861728875301207609e+02,-3.821807927280715376e+02,7.568979105731722257e+01,-3.245833662412368881e+01,-1.729378285435736728e+01,9.796391824196547304e+01,-7.365880219890203762e+02,8.807621361805022531e+00,-1.064360398443824174e+01,4.629851305160077857e+01,4.787632489731422680e+01,8.268110808884676999e+01,7.492799820968620850e+01,2.060442898731517758e+01,1.330330993126281136e+01,-1.963309648808870733e+01,-3.502109521627230038e+01,-1.758244317102113286e+01,6.264270232043620545e-01,-2.375539267701942236e+01,-7.655351286754168427e+00,-2.212904547679221778e+01,9.401528706527430757e+01,1.006426405403605031e+02,-1.305329323889250475e+02,-1.388471578031690612e+01,-3.391216614296317857e+02,3.517558846403379391e+01,3.770744069381829888e+01,1.010721732224511449e+01,-5.554327704159218229e+03,-6.189391456520021165e+03,1.802426637340053617e+01,-7.722847798527695318e+00,-1.037911222575597776e+02,1.787117020403405263e+02,5.511819835786271824e+02,-9.328681341209379241e+01,-1.981592141289483067e+01,-5.744087533415717672e+01,-5.078112668657812634e+01,-1.650650762749914406e+02,-7.914138267691279793e+01,-1.367271377151837619e+01,3.752341980465449183e+02,-2.472603106697083675e+01,-4.484301657799134588e+00,-2.272046369777951114e+01,3.294669222826013488e+00,1.628438889715468108e+01,-4.778278835706620242e+01,2.955306302140945149e+02,-3.751682399167179227e+01,7.474081904451531955e+01,-1.820499495836590711e+02,1.198273654751405282e+01,8.540637166344986042e+00,-6.556251162016907053e+00,6.517492029649087470e+00,9.170206217757694844e+01,-2.770546422580691228e+02,1.904007929576764901e+00
1.100474100840235181e+01,1.504606786878596125e+01,7.269504165080363123e+01,7.224232905398126903e+00,-3.377024332523681949e+01,-3.200142794801954693e+01,-3.087942850898651059e+01,-2.823848746541172261e+01,-3.558088489326389237e+01,3.551394308799906696e-01,7.127457049845838810e+01,6.973054444725619305e+01,-7.453990814587042735e+01,-9.425501501892179590e+01,3.937062531356452677e+00,-1.025644341268648390e+02,4.136114414113326809e+00,9.241243591622225750e+00,5.507267181859511140e+00,2.500952803554600479e+01,9.531533101416135523e+00,-1.401706592216994807e+02,-5.892885349698021002e+01,-4.293530118577925805e+02,3.849862065543292289e+01,4.271259577198927104e+01,9.448748882661838877e+00,-5.990815225219984796e+01,-1.817203428385078041e+02,-5.861728875301207609e+02,-3.821807927280715376e+02,7.568979105731722257e+01,-3.245833662412368881e+01,-1.729378285435736728e+01,9.796391824196547304e+01,-7.365880219890203762e+02,-1.188024296800277213e+01,-1.064360398443824174e+01,1.148338201731209409e+02,4.787632489731422680e+01,8.268110808884676999e+01,7.492799820968620850e+01,2.060442898731517758e+01,1.330330993126281136e+01,-1.963309648808870733e+01,-6.487612576729421932e+00,-1.758244317102113286e+01,6.264270232043620545e-01,-2.375539267701942236e+01,-7.655351286754168427e+00,-2.212904547679221778e+01,9.401528706527430757e+01,1.006426405403605031e+02,-1.305329323889250475e+02,-1.388471578031690612e+01,-3.391216614296317857e+02,3.517558846403379391e+01,3.770744069381829888e+01,1.010721732224511449e+01,-5.545227336086807554e+03,-6.189391456520021165e+03,1.802426637340053617e+01,-7.722847798527695318e+00,-1.037911222575597776e+02,1.787117020403405263e+02,5.664473900321137307e+02,-9.328681341209379241e+01,-1.981592141289483067e+01,-5.744087533415717672e+01,-5.078112668657812634e+01,-1.650650762749914406e+02,-7.914138267691279793e+01,-1.367271377151837619e+01,3.752341980465449183e+02,-2.472603106697083675e+01,-5.367022882496254965e+01,-2.272046369777951114e+01,3.294669222826013488e+00,1.628438889715468108e+01,-4.778278835706620242e+01,2.955306302140945149e+02,-3.751682399167179227e+01,7.474081904451531955e+01,-1.820499495836590711e+02,1.198273654751405282e+01,8.540637166344986042e+00,3.300828255101176723e+01,3.393162245246818998e+01,9.170206217757694844e+01,-2.770546422580691228e+02,1.904007929576764901e+00
1.100474100840235181e+01,1.504606786878596125e+01,9.734880123062541202e+01,7.224232905398126903e+00,-3.377024332523681949e+01,-3.200142794801954693e+01,-3.087942850898651059e+01,-2.823848746541172261e+01,-3.558088489326389237e+01,3.551394308799906696e-01,7.127457049845838810e+01,6.973054444725619305e+01,-8.030990890381873726e+01,-6.472314142493706868e+01,2.463265617302186783e+01,-1.025644341268648390e+02,-3.852514813327037047e-01,9.241243591622225750e+00,5.507267181859511140e+00,2.500952803554600479e+01,3.015819996599516273e+00,-1.401706592216994807e+02,-5.892885349698021002e+01,-5.140046176340681541e+02,3.849862065543292289e+01,5.181191109321605381e+01,9.448748882661838877e+00,-5.990815225219984796e+01,-1.817203428385078041e+02,-5.861728875301207609e+02,-3.821807927280715376e+02,7.568979105731722257e+01,-3.245833662412368881e+01,-1.729378285435736728e+01,9.796391824196547304e+01,-7.365880219890203762e+02,-1.188024296800277213e+01,-4.006256150559230456e+00,1.148338201731209409e+02,4.787632489731422680e+01,7.777349281772536926e+01,7.492799820968620850e+01,2.060442898731517758e+01,-3.267105618993068816e+01,-1.963309648808870733e+01,-6.487612576729421932e+00,-1.758244317102113286e+01,6.264270232043620545e-01,-2.375539267701942236e+01,-7.655351286754168427e+00,-5.548276009553326560e+00,8.393306341396136361e+01,8.055300297066793291e+01,-1.305329323889250475e+02,-1.388471578031690612e+01,-3.391216614296317857e+02,2.943383323471820034e+01,3.770744069381829888e+01,-4.351909654655141679e-01,-5.545227336086807554e+03,-6.189391456520021165e+03,1.802426637340053617e+01,-1.617838012248751767e+01,-1.037911222575597776e+02,1.787117020403405263e+02,5.664473900321137307e+02,-9.328681341209379241e+01,-1.981592141289483067e+01,-5.744087533415717672e+01,-5.078112668657812634e+01,-1.650650762749914406e+02,-7.914138267691279793e+01,-1.367271377151837619e+01,3.752341980465449183e+02,-2.472603106697083675e+01,-5.367022882496254965e+01,-2.272046369777951114e+01,3.294669222826013488e+00,1.628438889715468108e+01,-4.778278835706620242e+01,2.955306302140945149e+02,-3.751682399167179227e+01,7.474081904451531955e+01,-1.820499495836590711e+02,1.198273654751405282e+01,2.065879092584611385e+02,3.300828255101176723e+01,3.393162245246818998e+01,9.170206217757694844e+01,-2.770546422580691228e+02,1.116532871757235057e+01
1.100474100840235181e+01,1.504606786878596125e+01,9.734880123062541202e+01,1.772390316574839630e+01,-3.377024332523681949e+01,-3.200142794801954693e+01,-3.087942850898651059e+01,-2.823848746541172261e+01,-3.558088489326389237e+01,3.551394308799906696e-01,7.127457049845838810e+01,6.973054444725619305e+01,-8.030990890381873726e+01,-7.391218156778982973e+01,1.776120064088539152e+01,-1.025644341268648390e+02,-3.852514813327037047e-01,9.241243591622225750e+00,5.507267181859511140e+00,2.500952803554600479e+01,3.015819996599516273e+00,-1.401706592216994807e+02,-5.892885349698021002e+01,-5.140046176340681541e+02,3.849862065543292289e+01,5.181191109321605381e+01,9.448748882661838877e+00,-5.990815225219984796e+01,-1.817203428385078041e+02,-5.861728875301207609e+02,-3.821807927280715376e+02,7.568979105731722257e+01,-3.245833662412368881e+01,-1.729378285435736728e+01,9.796391824196547304e+01,-7.365880219890203762e+02,-1.188024296800277213e+01,3.278432902709256247e+00,1.148338201731209409e+02,4.787632489731422680e+01,7.777349281772536926e+01,7.492799820968620850e+01,1.577810986732140819e+01,-2.603778392026261912e+01,-1.963309648808870733e+01,-2.362607927311022138e+01,-1.758244317102113286e+01,6.264270232043620545e-01,-2.375539267701942236e+01,-7.655351286754168427e+00,-5.548276009553326560e+00,8.393306341396136361e+01,8.055300297066793291e+01,-1.305329323889250475e+02,-1.388471578031690612e+01,-3.391216614296317857e+02,2.943383323471820034e+01,3.770744069381829888e+01,-4.351909654655141679e-01,-5.545227336086807554e+03,-6.185927922821258107e+03,1.802426637340053617e+01,-1.617838012248751767e+01,-1.037911222575597776e+02,1.747401128698398907e+02,5.664473900321137307e+02,-1.237194335836838661e+02,-1.981592141289483067e+01,-5.744087533415717672e+01,-5.078112668657812634e+01,-1.650650762749914406e+02,-7.914138267691279793e+01,-1.367271377151837619e+01,3.752341980465449183e+02,-3.094325773061482465e+01,-5.367022882496254965e+01,-2.272046369777951114e+01,3.294669222826013488e+00,1.628438889715468108e+01,-4.778278835706620242e+01,2.955306302140945149e+02,-3.751682399167179227e+01,7.474081904451531955e+01,-1.820499495836590711e+02,1.497358292375246336e+01,2.065879092584611385e+02,3.300828255101176723e+01,3.393162245246818998e+01,9.170206217757694844e+01,-2.770546422580691228e+02,1.116532871757235057e+01
1.100474100840235181e+01,1.504606786878596125e+01,9.734880123062541202e+01,1.772390316574839630e+01,-3.377024332523681949e+01,-3.200142794801954693e+01,-3.087942850898651059e+01,2.819387469279185154e+01,-3.558088489326389237e+01,3.551394308799906696e-01,7.127457049845838810e+01,6.973054444725619305e+01,-8.030990890381873726e+01,-7.391218156778982973e+01,1.776120064088539152e+01,-1.202042297611579045e+02,-3.852514813327037047e-01,9.241243591622225750e+00,5.507267181859511140e+00,-3.005148689781963611e+01,3.015819996599516273e+00,-1.401706592216994807e+02,-5.892885349698021002e+01,-8.696004088059974038e+02,3.849862065543292289e+01,5.181191109321605381e+01,9.448748882661838877e+00,-5.990815225219984796e+01,-1.817203428385078041e+02,-5.861728875301207609e+02,-3.821807927280715376e+02,1.376781666979652243e+02,-3.245833662412368881e+01,-1.729378285435736728e+01,9.796391824196547304e+01,-7.365880219890203762e+02,-1.188024296800277213e+01,3.278432902709256247e+00,1.148338201731209409e+02,8.922602844408987721e+01,7.777349281772536926e+01,7.492799820968620850e+01,1.577810986732140819e+01,-2.603778392026261912e+01,-1.963309648808870733e+01,-2.362607927311022138e+01,-1.758244317102113286e+01,6.264270232043620545e-01,-2.375539267701942236e+01,-7.655351286754168427e+00,-4.286531205914118914e+01,8.393306341396136361e+01,8.055300297066793291e+01,-1.305329323889250475e+02,1.405998628987165233e+01,-3.391216614296317857e+02,2.943383323471820034e+01,3.770744069381829888e+01,2.337233820112513882e+01,-5.545227336086807554e+03,-6.185927922821258107e+03,1.802426637340053617e+01,-1.617838012248751767e+01,-1.037911222575597776e+02,1.747401128698398907e+02,5.664473900321137307e+02,-1.237194335836838661e+02,-1.981592141289483067e+01,3.033499307879439044e+01,-5.078112668657812634e+01,-1.265824004425188463e+02,-7.914138267691279793e+01,-1.367271377151837619e+01,3.481249196224188722e+02,-3.094325773061482465e+01,-5.367022882496254965e+01,-2.272046369777951114e+01,3.294669222826013488e+00,1.628438889715468108e+01,-4.778278835706620242e+01,2.955306302140945149e+02,-3.751682399167179227e+01,7.474081904451531955e+01,-1.820499495836590711e+02,1.497358292375246336e+01,2.065879092584611385e+02,3.300828255101176723e+01,3.393162245246818998e+01,9.170206217757694844e+01,-2.770546422580691228e+02,1.116532871757235057e+01
1.100474100840235181e+01,1.504606786878596125e+01,9.734880123062541202e+01,1.772390316574839630e+01,-3.377024332523681949e+01,-1.899912055689509671e+01,-3.087942850898651059e+01,2.819387469279185154e+01,-3.558088489326389237e+01,3.551394308799906696e-01,7.127457049845838810e+01,6.973054444725619305e+01,-8.030990890381873726e+01,-7.391218156778982973e+01,1.776120064088539152e+01,-1.202042297611579045e+02,-3.852514813327037047e-01,-1.045571450898079746e+01,5.507267181859511140e+00,-3.005148689781963611e+01,1.627226955253437524e+01,-7.946731136885154001e+01,-7.829189533709038074e+01,-8.696004088059974038e+02,3.849862065543292289e+01,5.181191109321605381e+01,9.448748882661838877e+00,-5.990815225219984796e+01,-1.817203428385078041e+02,-5.861728875301207609e+02,-3.821807927280715376e+02,1.376781666979652243e+02,-4.370703097709896667e+01,-1.729378285435736728e+01,9.796391824196547304e+01,-7.087867531958617064e+02,-1.188024296800277213e+01,3.278432902709256247e+00,1.148338201731209409e+02,8.922602844408987721e+01,9.042680992893536995e+01,7.492799820968620850e+01,1.577810986732140819e+01,-2.603778392026261912e+01,-1.963309648808870733e+01,-2.362607927311022138e+01,-1.758244317102113286e+01,6.264270232043620545e-01,-2.375539267701942236e+01,-7.655351286754168427e+00,-4.286531205914118914e+01,9.664751466308516115e+01,8.055300297066793291e+01,-1.305329323889250475e+02,1.405998628987165233e+01,-3.391216614296317857e+02,2.943383323471820034e+01,3.770744069381829888e+01,2.337233820112513882e+01,-5.545227336086807554e+03,-6.185927922821258107e+03,1.802426637340053617e+01,-1.617838012248751767e+01,-1.037911222575597776e+02,1.747401128698398907e+02,5.664473900321137307e+02,-1.237194335836838661e+02,-1.981592141289483067e+01,3.033499307879439044e+01,-5.078112668657812634e+01,-1.265824004425188463e+02,-9.225883620957154108e+01,-1.367271377151837619e+01,3.481249196224188722e+02,-3.094325773061482465e+01,-5.367022882496254965e+01,-2.272046369777951114e+01,3.294669222826013488e+00,1.628438889715468108e+01,-4.778278835706620242e+01,3.110974307237750054e+02,-3.751682399167179227e+01,7.474081904451531955e+01,-1.820499495836590711e+02,1.497358292375246336e+01,2.065879092584611385e+02,3.300828255101176723e+01,3.393162245246818998e+01,9.170206217757694844e+01,-3.042547726733945410e+02,1.116532871757235057e+01
1.100474100840235181e+01,1.504606786878596125e+01,9.734880123062541202e+01,1.772390316574839630e+01,-3.377024332523681949e+01,-1.899912055689509671e+01,-3.087942850898651059e+01,2.819387469279185154e+01,-3.558088489326389237e+01,-2.292808033886533536e+00,7.127457049845838810e+01,6.973054444725619305e+01,-8.223145556228762132e+01,-7.391218156778982973e+01,1.776120064088539152e+01,-1.202042297611579045e+02,-3.852514813327037047e-01,-1.045571450898079746e+01,5.507267181859511140e+00,-3.005148689781963611e+01,1.627226955253437524e+01,-7.946731136885154001e+01,-7.829189533709038074e+01,-8.696004088059974038e+02,3.849862065543292289e+01,5.289475002418195970e+01,9.448748882661838877e+00,-5.990815225219984796e+01,-1.817203428385078041e+02,-5.861728875301207609e+02,-3.821807927280715376e+02,1.376781666979652243e+02,-4.370703097709896667e+01,-3.857469248600363443e+00,9.796391824196547304e+01,-7.087867531958617064e+02,-1.447114581707137759e+01,3.278432902709256247e+00,1.148338201731209409e+02,8.922602844408987721e+01,9.042680992893536995e+01,1.971962265324791019e+00,1.577810986732140819e+01,-2.603778392026261912e+01,-1.963309648808870733e+01,-2.362607927311022138e+01,-1.758244317102113286e+01,6.264270232043620545e-01,-2.578487141746471778e+01,-7.655351286754168427e+00,-4.286531205914118914e+01,9.664751466308516115e+01,8.055300297066793291e+01,-1.305329323889250475e+02,1.405998628987165233e+01,-3.391216614296317857e+02,2.943383323471820034e+01,3.446137674365068904e+01,2.337233820112513882e+01,-5.545227336086807554e+03,-6.185927922821258107e+03,1.802426637340053617e+01,-1.813560430459542161e+01,-1.037911222575597776e+02,1.747401128698398907e+02,5.609289888424525543e+02,-1.237194335836838661e+02,-1.981592141289483067e+01,3.033499307879439044e+01,-5.078112668657812634e+01,-1.265824004425188463e+02,-9.225883620957154108e+01,-1.367271377151837619e+01,3.481249196224188722e+02,-3.094325773061482465e+01,-5.367022882496254965e+01,-2.272046369777951114e+01,3.294669222826013488e+00,1.628438889715468108e+01,-4.778278835706620242e+01,3.110974307237750054e+02,-3.751682399167179227e+01,1.000072209990333931e+02,-1.820499495836590711e+02,1.497358292375246336e+01,2.065879092584611385e+02,3.300828255101176723e+01,3.393162245246818998e+01,8.821617912632891034e+01,-3.042547726733945410e+02,1.116532871757235057e+01
1.100474100840235181e+01,-7.222544387614412642e+00,9.734880123062541202e+01,1.772390316574839630e+01,-3.377024332523681949e+01,-1.899912055689509671e+01,-3.087942850898651059e+01,2.819387469279185154e+01,-3.558088489326389237e+01,-2.292808033886533536e+00,7.127457049845838810e+01,7.730387136420296201e+01,-8.223145556228762132e+01,-7.391218156778982973e+01,1.776120064088539152e+01,-1.202042297611579045e+02,-3.852514813327037047e-01,-1.045571450898079746e+01,5.507267181859511140e+00,-3.005148689781963611e+01,1.627226955253437524e+01,-7.946731136885154001e+01,-7.829189533709038074e+01,-8.696004088059974038e+02,-9.365151462380730152e+00,5.289475002418195970e+01,9.448748882661838877e+00,-5.990815225219984796e+01,-1.817203428385078041e+02,-5.861728875301207609e+02,-3.821807927280715376e+02,1.376781666979652243e+02,-4.370703097709896667e+01,-3.857469248600363443e+00,1.098704524829021523e+02,-7.087867531958617064e+02,-1.447114581707137759e+01,3.278432902709256247e+00,1.148338201731209409e+02,8.922602844408987721e+01,9.042680992893536995e+01,1.971962265324791019e+00,1.577810986732140819e+01,-2.603778392026261912e+01,-1.963309648808870733e+01,-2.362607927311022138e+01,-1.758244317102113286e+01,6.264270232043620545e-01,-2.578487141746471778e+01,-2.818474916566944444e+01,-4.286531205914118914e+01,9.664751466308516115e+01,8.055300297066793291e+01,-1.451867998496284144e+02,1.405998628987165233e+01,-6.270123478332707236e+02,2.943383323471820034e+01,3.446137674365068904e+01,2.337233820112513882e+01,-5.545227336086807554e+03,-6.185927922821258107e+03,-1.600289479667997483e+01,-1.813560430459542161e+01,-9.813745130978415432e+01,1.747401128698398907e+02,5.609289888424525543e+02,-1.237194335836838661e+02,-1.981592141289483067e+01,3.033499307879439044e+01,-6.183207049064903060e+01,-1.265824004425188463e+02,-9.225883620957154108e+01,-1.367271377151837619e+01,3.481249196224188722e+02,-3.094325773061482465e+01,-5.367022882496254965e+01,-1.045606388009162657e+02,3.294669222826013488e+00,1.628438889715468108e+01,-3.393377365205905249e+01,3.110974307237750054e+02,-3.751682399167179227e+01,1.000072209990333931e+02,-1.820499495836590711e+02,1.497358292375246336e+01,2.065879092584611385e+02,3.300828255101176723e+01,3.393162245246818998e+01,8.821617912632891034e+01,-3.042547726733945410e+02,1.116532871757235057e+01
1.100474100840235181e+01,-7.222544387614412642e+00,8.796632110641414215e+01,1.772390316574839630e+01,-3.377024332523681949e+01,-1.899912055689509671e+01,-3.194541109426482706e+01,2.819387469279185154e+01,-3.558088489326389237e+01,-2.292808033886533536e+00,7.127457049845838810e+01,7.730387136420296201e+01,-8.223145556228762132e+01,-7.391218156778982973e+01,1.776120064088539152e+01,-1.202042297611579045e+02,1.435819289838983881e+00,-1.045571450898079746e+01,5.507267181859511140e+00,-3.005148689781963611e+01,1.627226955253437524e+01,-7.946731136885154001e+01,-7.829189533709038074e+01,-8.696004088059974038e+02,-9.365151462380730152e+00,5.289475002418195970e+01,7.030854762347622078e+00,-5.990815225219984796e+01,-1.823712495104378206e+02,-5.873630815613096274e+02,-3.821807927280715376e+02,1.376781666979652243e+02,-4.370703097709896667e+01,-3.857469248600363443e+00,1.098704524829021523e+02,-7.087867531958617064e+02,-1.447114581707137759e+01,3.278432902709256247e+00,1.148338201731209409e+02,8.922602844408987721e+01,9.042680992893536995e+01,1.971962265324791019e+00,1.577810986732140819e+01,-2.603778392026261912e+01,-2.020944317994078077e+01,-2.362607927311022138e+01,-1.877481052598762545e+01,6.264270232043620545e-01,-2.578487141746471778e+01,-2.818474916566944444e+01,-4.286531205914118914e+01,9.664751466308516115e+01,8.055300297066793291e+01,-1.451867998496284144e+02,1.405998628987165233e+01,-6.270123478332707236e+02,2.943383323471820034e+01,3.446137674365068904e+01,2.337233820112513882e+01,-5.545227336086807554e+03,-6.185927922821258107e+03,-1.600289479667997483e+01,-1.813560430459542161e+01,-9.813745130978415432e+01,1.747401128698398907e+02,5.609289888424525543e+02,-1.237194335836838661e+02,-2.031579949723504086e+01,3.033499307879439044e+01,-6.183207049064903060e+01,-1.265824004425188463e+02,-9.225883620957154108e+01,-1.367271377151837619e+01,3.481249196224188722e+02,-3.094325773061482465e+01,-5.367022882496254965e+01,-1.045606388009162657e+02,3.294669222826013488e+00,1.628438889715468108e+01,-3.393377365205905249e+01,3.110974307237750054e+02,-3.751682399167179227e+01,1.000072209990333931e+02,-1.829435891962252470e+02,1.497358292375246336e+01,2.065879092584611385e+02,2.991421413249168282e+01,3.672888872106585723e+01,8.821617912632891034e+01,-3.042547726733945410e+02,1.116532871757235057e+01
2.736628208735951517e+01,-7.222544387614412642e+00,8.796632110641414215e+01,1.772390316574839630e+01,-9.802474210119170550e+01,-1.899912055689509671e+01,-3.194541109426482706e+01,2.819387469279185154e+01,-4.298215329276186480e+01,-2.292808033886533536e+00,6.575337798305909587e+01,7.730387136420296201e+01,-8.223145556228762132e+01,-7.391218156778982973e+01,1.776120064088539152e+01,-1.202042297611579045e+02,1.435819289838983881e+00,-1.045571450898079746e+01,1.154175901390821757e+01,-3.005148689781963611e+01,1.627226955253437524e+01,-7.946731136885154001e+01,-7.829189533709038074e+01,-8.696004088059974038e+02,-9.365151462380730152e+00,5.289475002418195970e+01,7.030854762347622078e+00,-6.809037863321763950e+01,-1.823712495104378206e+02,-5.873630815613096274e+02,-3.692868757204630015e+02,1.376781666979652243e+02,-4.370703097709896667e+01,-3.857469248600363443e+00,1.098704524829021523e+02,-7.087867531958617064e+02,-1.447114581707137759e+01,3.278432902709256247e+00,2.018110874031416984e+02,8.922602844408987721e+01,9.042680992893536995e+01,1.971962265324791019e+00,1.577810986732140819e+01,-2.603778392026261912e+01,-2.020944317994078077e+01,-2.362607927311022138e+01,-1.877481052598762545e+01,-1.368482200133601800e+01,-2.578487141746471778e+01,-2.818474916566944444e+01,-4.286531205914118914e+01,9.664751466308516115e+01,7.704914115396161378e+01,-1.451867998496284144e+02,1.405998628987165233e+01,-6.270123478332707236e+02,5.950241060204700005e+00,3.446137674365068904e+01,2.337233820112513882e+01,-5.632520979222176720e+03,-6.185927922821258107e+03,-1.600289479667997483e+01,-1.813560430459542161e+01,-9.813745130978415432e+01,1.747401128698398907e+02,5.609289888424525543e+02,-1.237194335836838661e+02,-2.031579949723504086e+01,3.033499307879439044e+01,-6.183207049064903060e+01,-1.265824004425188463e+02,-9.225883620957154108e+01,4.081579157597465723e+02,3.481249196224188722e+02,-3.094325773061482465e+01,-4.729211721908955468e+01,-1.045606388009162657e+02,1.942271578010880546e+02,-5.477156236499993724e-01,-3.393377365205905249e+01,3.110974307237750054e+02,-3.423344293749291722e+01,1.000072209990333931e+02,-1.829435891962252470e+02,1.497358292375246336e+01,1.918440957886532487e+02,2.991421413249168282e+01,3.672888872106585723e+01,8.821617912632891034e+01,-3.042547726733945410e+02,1.123729330753307067e+02
2.736628208735951517e+01,-7.222544387614412642e+00,8.796632110641414215e+01,2.941992473805122188e+01,-9.802474210119170550e+01,-1.899912055689509671e+01,-3.194541109426482706e+01,2.819387469279185154e+01,-3.760939037636076137e+02,-2.292808033886533536e+00,6.575337798305909587e+01,7.730387136420296201e+01,-8.223145556228762132e+01,-7.391218156778982973e+01,1.776120064088539152e+01,-1.508338707415749411e+02,1.435819289838983881e+00,-1.045571450898079746e+01,1.154175901390821757e+01,-6.617100887942445553e+00,1.627226955253437524e+01,-7.946731136885154001e+01,-7.829189533709038074e+01,-8.696004088059974038e+02,-9.365151462380730152e+00,5.289475002418195970e+01,7.030854762347622078e+00,-6.809037863321763950e+01,-1.823712495104378206e+02,-5.873630815613096274e+02,-3.692868757204630015e+02,1.376781666979652243e+02,-4.370703097709896667e+01,-3.857469248600363443e+00,1.298851702890430886e+02,-7.087867531958617064e+02,-1.447114581707137759e+01,3.278432902709256247e+00,2.018110874031416984e+02,8.922602844408987721e+01,1.054210278998870081e+02,1.971962265324791019e+00,8.673565728093409177e+01,-2.603778392026261912e+01,-2.020944317994078077e+01,-2.362607927311022138e+01,-1.877481052598762545e+01,-1.368482200133601800e+01,-2.578487141746471778e+01,9.587164017780835934e+00,-4.286531205914118914e+01,9.664751466308516115e+01,7.704914115396161378e+01,-1.451867998496284144e+02,1.405998628987165233e+01,-6.270123478332707236e+02,5.950241060204700005e+00,3.446137674365068904e+01,2.337233820112513882e+01,-5.652156302167065405e+03,-6.185927922821258107e+03,-1.600289479667997483e+01,-1.813560430459542161e+01,-9.813745130978415432e+01,1.747401128698398907e+02,5.609289888424525543e+02,-1.237194335836838661e+02,-2.031579949723504086e+01,3.033499307879439044e+01,-6.183207049064903060e+01,-1.265824004425188463e+02,-9.225883620957154108e+01,4.081579157597465723e+02,3.481249196224188722e+02,-3.094325773061482465e+01,-4.729211721908955468e+01,-1.215901418328550960e+02,1.942271578010880546e+02,-5.477156236499993724e-01,-3.393377365205905249e+01,2.953380006016570292e+02,-3.423344293749291722e+01,1.000072209990333931e+02,-1.829435891962252470e+02,1.497358292375246336e+01,1.918440957886532487e+02,2.991421413249168282e+01,3.672888872106585723e+01,3.800399787126633555e+02,-3.042547726733945410e+02,1.123729330753307067e+02
2.736628208735951517e+01,-7.222544387614412642e+00,8.796632110641414215e+01,2.941992473805122188e+01,-9.802474210119170550e+01,-1.899912055689509671e+01,-3.194541109426482706e+01,2.819387469279185154e+01,-3.760939037636076137e+02,-2.292808033886533536e+00,6.575337798305909587e+01,7.730387136420296201e+01,-8.223145556228762132e+01,-7.391218156778982973e+01,1.776120064088539152e+01,-1.508338707415749411e+02,1.435819289838983881e+00,3.221351027375725096e+00,1.154175901390821757e+01,-6.617100887942445553e+00,1.627226955253437524e+01,-7.946731136885154001e+01,-7.829189533709038074e+01,-8.696004088059974038e+02,6.245558079504554172e+01,5.289475002418195970e+01,7.030854762347622078e+00,-3.378515220914162569e+02,-1.823712495104378206e+02,-5.873630815613096274e+02,-3.692868757204630015e+02,1.376781666979652243e+02,-4.370703097709896667e+01,-3.857469248600363443e+00,1.298851702890430886e+02,-7.087867531958617064e+02,-1.447114581707137759e+01,5.123314939092680333e+02,2.018110874031416984e+02,8.922602844408987721e+01,1.054210278998870081e+02,-2.317615416277111251e+01,8.673565728093409177e+01,-2.603778392026261912e+01,-2.020944317994078077e+01,-2.362607927311022138e+01,-1.877481052598762545e+01,-7.545099138972908293e-01,2.139000562941618355e+01,9.587164017780835934e+00,-4.286531205914118914e+01,9.664751466308516115e+01,7.704914115396161378e+01,-1.731440098542070132e+02,1.405998628987165233e+01,-6.270123478332707236e+02,5.950241060204700005e+00,3.446137674365068904e+01,2.337233820112513882e+01,-5.652156302167065405e+03,-6.185927922821258107e+03,-5.013733055547288586e+01,-1.813560430459542161e+01,-9.813745130978415432e+01,1.747401128698398907e+02,5.609289888424525543e+02,-1.237194335836838661e+02,-2.031579949723504086e+01,3.033499307879439044e+01,-1.310324878621235456e+01,-1.265824004425188463e+02,-9.225883620957154108e+01,7.501299727878675867e+02,3.481249196224188722e+02,-3.094325773061482465e+01,-4.729211721908955468e+01,-1.215901418328550960e+02,1.942271578010880546e+02,-5.477156236499993724e-01,-3.393377365205905249e+01,2.953380006016570292e+02,-3.423344293749291722e+01,1.000072209990333931e+02,-1.829435891962252470e+02,1.497358292375246336e+01,1.918440957886532487e+02,2.991421413249168282e+01,3.672888872106585723e+01,3.800399787126633555e+02,-2.341099499882576538e+02,1.123729330753307067e+02
2.736628208735951517e+01,7.433269614558906824e+01,8.796632110641414215e+01,2.941992473805122188e+01,-9.802474210119170550e+01,-1.899912055689509671e+01,-3.194541109426482706e+01,2.819387469279185154e+01,-3.760939037636076137e+02,-2.292808033886533536e+00,6.575337798305909587e+01,7.730387136420296201e+01,-8.223145556228762132e+01,-7.391218156778982973e+01,1.776120064088539152e+01,-1.508338707415749411e+02,1.435819289838983881e+00,3.221351027375725096e+00,1.154175901390821757e+01,-6.617100887942445553e+00,1.627226955253437524e+01,-7.946731136885154001e+01,-7.829189533709038074e+01,-8.696004088059974038e+02,6.245558079504554172e+01,5.289475002418195970e+01,7.030854762347622078e+00,-3.378515220914162569e+02,-1.823712495104378206e+02,-5.484879784040656432e+02,-2.867141071903899956e+02,1.376781666979652243e+02,-6.999805606769521660e+01,-3.857469248600363443e+00,1.298851702890430886e+02,-6.992552603325160590e+02,-1.447114581707137759e+01,5.123314939092680333e+02,2.018110874031416984e+02,8.922602844408987721e+01,1.054210278998870081e+02,-2.317615416277111251e+01,8.673565728093409177e+01,-2.603778392026261912e+01,-2.020944317994078077e+01,-2.362607927311022138e+01,-1.877481052598762545e+01,-7.545099138972908293e-01,2.139000562941618355e+01,9.587164017780835934e+00,-4.286531205914118914e+01,9.664751466308516115e+01,7.704914115396161378e+01,-1.731440098542070132e+02,1.751006844235027700e+02,-6.270123478332707236e+02,5.950241060204700005e+00,3.446137674365068904e+01,2.337233820112513882e+01,-5.652156302167065405e+03,-6.185927922821258107e+03,-5.013733055547288586e+01,-1.813560430459542161e+01,-9.813745130978415432e+01,1.566242609936665531e+02,5.754135774149016243e+02,-1.237194335836838661e+02,-2.031579949723504086e+01,-1.378095016478732049e+01,-1.310324878621235456e+01,-4.448365343448575970e+01,-9.225883620957154108e+01,7.501299727878675867e+02,3.633609950199165723e+02,-3.094325773061482465e+01,-6.649322431762567476e+01,-1.215901418328550960e+02,1.942271578010880546e+02,-5.477156236499993724e-01,-3.393377365205905249e+01,2.953380006016570292e+02,-3.423344293749291722e+01,1.000072209990333931e+02,-1.829435891962252470e+02,1.497358292375246336e+01,1.918440957886532487e+02,2.991421413249168282e+01,3.672888872106585723e+01,3.800399787126633555e+02,-2.341099499882576538e+02,1.123729330753307067e+02
2.736628208735951517e+01,7.433269614558906824e+01,-9.324428935953264386e+01,2.941992473805122188e+01,-9.082495776432415369e+01,4.901630994051242141e+00,-3.194541109426482706e+01,2.819387469279185154e+01,-3.760939037636076137e+02,-2.292808033886533536e+00,6.575337798305909587e+01,5.483558170891143391e+01,-8.223145556228762132e+01,-9.028418620775019576e+01,1.776120064088539152e+01,-1.508338707415749411e+02,1.435819289838983881e+00,3.221351027375725096e+00,1.154175901390821757e+01,-6.617100887942445553e+00,1.627226955253437524e+01,-7.946731136885154001e+01,-7.829189533709038074e+01,-5.410523237488619088e+02,6.245558079504554172e+01,5.289475002418195970e+01,7.030854762347622078e+00,-3.378515220914162569e+02,-1.823712495104378206e+02,-5.484879784040656432e+02,-2.867141071903899956e+02,1.376781666979652243e+02,-6.999805606769521660e+01,-3.857469248600363443e+00,1.298851702890430886e+02,-6.992552603325160590e+02,-1.447114581707137759e+01,5.123314939092680333e+02,2.018110874031416984e+02,1.452356264157273813e+02,1.054210278998870081e+02,-2.317615416277111251e+01,8.673565728093409177e+01,-2.603778392026261912e+01,-2.020944317994078077e+01,-1.879482644310629169e+01,-1.877481052598762545e+01,-7.545099138972908293e-01,2.139000562941618355e+01,9.587164017780835934e+00,-4.286531205914118914e+01,9.664751466308516115e+01,7.704914115396161378e+01,-1.731440098542070132e+02,1.751006844235027700e+02,-6.270123478332707236e+02,5.950241060204700005e+00,3.990134978079525752e+01,2.337233820112513882e+01,-5.652156302167065405e+03,-6.185927922821258107e+03,-5.013733055547288586e+01,-1.813560430459542161e+01,-9.813745130978415432e+01,1.566242609936665531e+02,5.754135774149016243e+02,-1.126256724568091556e+02,-2.031579949723504086e+01,-1.378095016478732049e+01,-1.310324878621235456e+01,-4.448365343448575970e+01,-9.225883620957154108e+01,7.501299727878675867e+02,3.633609950199165723e+02,-4.154836992728267120e+01,-6.649322431762567476e+01,-1.215901418328550960e+02,1.942271578010880546e+02,-5.477156236499993724e-01,-3.393377365205905249e+01,2.953380006016570292e+02,-3.423344293749291722e+01,1.000072209990333931e+02,-1.829435891962252470e+02,1.497358292375246336e+01,1.918440957886532487e+02,2.991421413249168282e+01,2.990271367989446105e+01,3.800399787126633555e+02,-2.341099499882576538e+02,1.123729330753307067e+02
2.736628208735951517e+01,7.433269614558906824e+01,-9.324428935953264386e+01,2.941992473805122188e+01,-9.082495776432415369e+01,4.901630994051242141e+00,2.594055499378576002e+01,2.819387469279185154e+01,-3.760939037636076137e+02,-2.292808033886533536e+00,6.575337798305909587e+01,5.483558170891143391e+01,-8.223145556228762132e+01,-9.028418620775019576e+01,1.776120064088539152e+01,-1.508338707415749411e+02,-4.945048072464278022e+01,3.221351027375725096e+00,1.154175901390821757e+01,-6.617100887942445553e+00,1.627226955253437524e+01,-1.139495789117712832e+02,-1.169784413098372227e+02,-5.410523237488619088e+02,6.245558079504554172e+01,8.081678203461413545e+01,7.030854762347622078e+00,-3.378515220914162569e+02,-1.823712495104378206e+02,-5.484879784040656432e+02,-2.867141071903899956e+02,1.376781666979652243e+02,-6.999805606769521660e+01,-3.857469248600363443e+00,1.298851702890430886e+02,-6.992552603325160590e+02,-1.447114581707137759e+01,5.123314939092680333e+02,2.018110874031416984e+02,1.452356264157273813e+02,1.054210278998870081e+02,-2.317615416277111251e+01,8.673565728093409177e+01,-8.394009664556530481e+01,-2.020944317994078077e+01,-1.879482644310629169e+01,-7.553197816880478399e+01,-7.545099138972908293e-01,2.139000562941618355e+01,9.587164017780835934e+00,-4.286531205914118914e+01,9.664751466308516115e+01,7.704914115396161378e+01,-1.731440098542070132e+02,1.751006844235027700e+02,-6.270123478332707236e+02,5.950241060204700005e+00,3.990134978079525752e+01,2.337233820112513882e+01,-5.652156302167065405e+03,-6.185927922821258107e+03,-5.013733055547288586e+01,3.374288374492591913e+01,-9.813745130978415432e+01,1.566242609936665531e+02,5.754135774149016243e+02,-1.126256724568091556e+02,-1.038922305194394653e+02,-1.378095016478732049e+01,-1.310324878621235456e+01,-4.448365343448575970e+01,-9.225883620957154108e+01,7.501299727878675867e+02,3.633609950199165723e+02,-4.154836992728267120e+01,-6.649322431762567476e+01,-1.215901418328550960e+02,1.942271578010880546e+02,-5.477156236499993724e-01,-3.393377365205905249e+01,2.953380006016570292e+02,-1.990000957217336719e+01,1.000072209990333931e+02,-2.245502022780110565e+02,1.497358292375246336e+01,3.418515792781046230e+02,2.991421413249168282e+01,2.990271367989446105e+01,3.800399787126633555e+02,-2.341099499882576538e+02,1.123729330753307067e+02
2.736628208735951517e+01,7.433269614558906824e+01,-9.324428935953264386e+01,2.941992473805122188e+01,-9.082495776432415369e+01,4.901630994051242141e+00,2.594055499378576002e+01,2.819387469279185154e+01,-3.760939037636076137e+02,-1.118967951624921353e+00,6.575337798305909587e+01,5.483558170891143391e+01,-7.938221045244546303e+01,-9.028418620775019576e+01,1.697133629833868795e+01,-1.508338707415749411e+02,-4.945048072464278022e+01,3.221351027375725096e+00,1.154175901390821757e+01,-6.617100887942445553e+00,1.667076315537236297e+01,-1.139495789117712832e+02,-1.169784413098372227e+02,-5.410523237488619088e+02,6.245558079504554172e+01,8.081678203461413545e+01,7.030854762347622078e+00,-3.378515220914162569e+02,-1.823712495104378206e+02,-5.484879784040656432e+02,-2.867141071903899956e+02,1.376781666979652243e+02,-6.999805606769521660e+01,-3.857469248600363443e+00,1.298851702890430886e+02,-6.992552603325160590e+02,-1.447114581707137759e+01,5.123314939092680333e+02,2.018110874031416984e+02,1.452356264157273813e+02,1.054210278998870081e+02,-2.317615416277111251e+01,8.673565728093409177e+01,-8.394009664556530481e+01,-2.020944317994078077e+01,-1.879482644310629169e+01,-7.553197816880478399e+01,-7.545099138972908293e-01,2.139000562941618355e+01,9.587164017780835934e+00,-4.286531205914118914e+01,8.962147406443162367e+01,7.704914115396161378e+01,-1.731440098542070132e+02,1.751006844235027700e+02,-6.281845790828178906e+02,6.192095520871511383e+00,3.990134978079525752e+01,2.430887677421912940e+01,-5.652156302167065405e+03,-6.137968486507205853e+03,-5.013733055547288586e+01,3.374288374492591913e+01,-9.813745130978415432e+01,1.566242609936665531e+02,5.754135774149016243e+02,-1.126256724568091556e+02,-1.038922305194394653e+02,-1.378095016478732049e+01,-1.310324878621235456e+01,-4.448365343448575970e+01,-9.225883620957154108e+01,7.501299727878675867e+02,3.633609950199165723e+02,-4.154836992728267120e+01,-6.649322431762567476e+01,-1.215901418328550960e+02,1.942271578010880546e+02,1.050404035055091834e+00,-3.366757692684559089e+01,2.953380006016570292e+02,-1.990000957217336719e+01,9.949825295852973284e+01,-2.245502022780110565e+02,1.497358292375246336e+01,3.418515792781046230e+02,2.991421413249168282e+01,2.990271367989446105e+01,3.800399787126633555e+02,-2.341099499882576538e+02,1.123729330753307067e+02
2.739890590272782944e+01,7.433269614558906824e+01,-9.324428935953264386e+01,2.941992473805122188e+01,-9.082495776432415369e+01,4.901630994051242141e+00,2.594055499378576002e+01,2.818199060977801551e+01,-3.760939037636076137e+02,-1.118967951624921353e+00,6.576441476083556381e+01,5.483558170891143391e+01,-7.938221045244546303e+01,-9.028418620775019576e+01,1.697133629833868795e+01,-1.508338707415749411e+02,-4.945048072464278022e+01,3.221351027375725096e+00,1.151024825227569615e+01,-6.617100887942445553e+00,1.667076315537236297e+01,-1.139495789117712832e+02,-1.169784413098372227e+02,-5.410523237488619088e+02,6.245558079504554172e+01,8.081678203461413545e+01,6.901905233668396811e+00,-3.378515220914162569e+02,-1.823637246808712860e+02,-5.484879784040656432e+02,-2.867141071903899956e+02,1.376699996118618401e+02,-6.999805606769521660e+01,-3.863574741715311234e+00,1.298851702890430886e+02,-6.992552603325160590e+02,-1.448041386891125448e+01,5.123314939092680333e+02,2.017978287215025546e+02,1.452356264157273813e+02,1.054210278998870081e+02,-2.317615416277111251e+01,8.673565728093409177e+01,-8.394009664556530481e+01,-2.019917215006111277e+01,-1.879482644310629169e+01,-7.553197816880478399e+01,-7.545099138972908293e-01,2.139000562941618355e+01,9.587164017780835934e+00,-4.287959140950693637e+01,8.962147406443162367e+01,7.703956141471955732e+01,-1.731440098542070132e+02,1.751006844235027700e+02,-6.281845790828178906e+02,6.192095520871511383e+00,3.990134978079525752e+01,2.430887677421912940e+01,-5.652156302167065405e+03,-6.137968486507205853e+03,-5.013733055547288586e+01,3.374288374492591913e+01,-9.815365915070084668e+01,1.566242609936665531e+02,5.754135774149016243e+02,-1.126256724568091556e+02,-1.038922305194394653e+02,-1.378095016478732049e+01,-1.310324878621235456e+01,-4.448365343448575970e+01,-9.224245510719285335e+01,7.501299727878675867e+02,3.633609950199165723e+02,-4.154836992728267120e+01,-6.649322431762567476e+01,-1.215901418328550960e+02,1.941948746299698314e+02,1.050404035055091834e+00,-3.366757692684559089e+01,2.953380006016570292e+02,-1.990000957217336719e+01,9.949825295852973284e+01,-2.245502022780110565e+02,1.496251141938353157e+01,3.418515792781046230e+02,2.992596041398071804e+01,2.990271367989446105e+01,3.800399787126633555e+02,-2.341099499882576538e+02,1.124098208488434949e+02
1.100474100840235181e+01,1.504606786878596125e+01,-1.076544374880811858e+02,7.230443580374624091e+00,-3.377024332523681949e+01,-3.200142794801954693e+01,-3.087942850898651059e+01,-2.823848746541172261e+01,-3.558088489326389237e+01,1.678991301074966813e+01,7.127457049845838810e+01,6.973054444725619305e+01,-8.030990890381873726e+01,-6.473023792688967148e+01,2.462316618348769026e+01,-3.393307860383904426e+02,-3.852514813327037047e-01,9.241243591622225750e+00,-2.561872393234850165e+01,2.500952803554600479e+01,3.015819996599516273e+00,-1.401706592216994807e+02,-5.892885349698021002e+01,-5.140046176340681541e+02,3.849862065543292289e+01,5.181191109321605381e+01,9.448748882661838877e+00,-3.165039401198049518e+02,-1.817203428385078041e+02,-5.861728875301207609e+02,-3.821807927280715376e+02,7.568979105731722257e+01,-3.245833662412368881e+01,-7.328531053457861333e+01,9.796391824196547304e+01,-7.365880219890203762e+02,-1.188024296800277213e+01,-3.997304493296705452e+00,1.148338201731209409e+02,1.614983408292238778e+02,7.777349281772536926e+01,7.492799820968620850e+01,2.059091764683835635e+01,-9.134585744304506250e+01,-1.963309648808870733e+01,-7.287132949127332893e+00,-1.758244317102113286e+01,6.264270232043620545e-01,-2.375539267701942236e+01,-7.655351286754168427e+00,-5.548276009553326560e+00,8.393306341396136361e+01,8.055300297066793291e+01,-1.305329323889250475e+02,-1.388471578031690612e+01,-3.391216614296317857e+02,6.910869803056687033e+02,3.770744069381829888e+01,-4.351909654655141679e-01,-5.545227336086807554e+03,-6.189372628916272333e+03,1.802426637340053617e+01,-1.617838012248751767e+01,-1.037911222575597776e+02,1.786952829098627547e+02,5.664473900321137307e+02,-9.328895618005373080e+01,-1.981592141289483067e+01,2.384813845319264658e+00,-5.078112668657812634e+01,-1.650650762749914406e+02,1.417349426706073700e+03,-1.367271377151837619e+01,3.752341980465449183e+02,-2.473651967299198162e+01,-5.367022882496254965e+01,-2.272046369777951114e+01,3.294669222826013488e+00,1.628438889715468108e+01,-4.778278835706620242e+01,2.955306302140945149e+02,-3.751682399167179227e+01,7.474081904451531955e+01,-1.820499495836590711e+02,1.200453975366211523e+01,2.065879092584611385e+02,3.300828255101176723e+01,3.393162245246818998e+01,9.170206217757694844e+01,-2.770546422580691228e+02,1.116532871757235057e+01
1.100474100840235181e+01,1.504606786878596125e+01,-1.076544374880811858e+02,7.230443580374624091e+00,-3.377024332523681949e+01,-3.200142794801954693e+01,-3.087942850898651059e+01,-2.823848746541172261e+01,-2.878291986420318338e+01,1.678991301074966813e+01,7.127457049845838810e+01,6.973054444725619305e+01,-8.030990890381873726e+01,-6.473023792688967148e+01,2.462316618348769026e+01,-3.393307860383904426e+02,-3.852514813327037047e-01,9.241243591622225750e+00,-2.561872393234850165e+01,2.500952803554600479e+01,3.015819996599516273e+00,-1.401706592216994807e+02,-5.892885349698021002e+01,-5.140046176340681541e+02,3.849862065543292289e+01,3.278833678372100735e+01,9.448748882661838877e+00,-3.165039401198049518e+02,-1.817203428385078041e+02,-6.395459659180723975e+02,-3.173504383501832535e+02,7.568979105731722257e+01,-3.245833662412368881e+01,-7.328531053457861333e+01,9.796391824196547304e+01,-7.365880219890203762e+02,-1.188024296800277213e+01,-3.997304493296705452e+00,1.148338201731209409e+02,1.614983408292238778e+02,7.777349281772536926e+01,7.492799820968620850e+01,2.059091764683835635e+01,-9.134585744304506250e+01,-1.963309648808870733e+01,-7.287132949127332893e+00,-1.758244317102113286e+01,6.264270232043620545e-01,-2.375539267701942236e+01,-7.655351286754168427e+00,-5.548276009553326560e+00,8.393306341396136361e+01,8.055300297066793291e+01,-1.305329323889250475e+02,-1.388471578031690612e+01,-3.391216614296317857e+02,6.910869803056687033e+02,3.770744069381829888e+01,-4.351909654655141679e-01,-5.545227336086807554e+03,-6.189372628916272333e+03,-9.701817825628396008e-01,-1.617838012248751767e+01,-1.037911222575597776e+02,1.910290536806057275e+02,4.711575885852698775e+02,-9.328895618005373080e+01,-1.981592141289483067e+01,2.384813845319264658e+00,-5.078112668657812634e+01,-1.650650762749914406e+02,1.417349426706073700e+03,-1.367271377151837619e+01,3.752341980465449183e+02,-2.473651967299198162e+01,-2.139356614560144010e+01,-2.272046369777951114e+01,3.294669222826013488e+00,1.628438889715468108e+01,-2.024911231049430782e+01,2.955306302140945149e+02,-2.793861034557953360e+01,7.474081904451531955e+01,-1.820499495836590711e+02,1.200453975366211523e+01,2.065879092584611385e+02,3.300828255101176723e+01,3.393162245246818998e+01,9.170206217757694844e+01,-2.904248214936634440e+02,1.730736306405218272e+01
1.100474100840235181e+01,1.504606786878596125e+01,-1.076544374880811858e+02,7.230443580374624091e+00,-3.377024332523681949e+01,-5.474497627071971806e+01,-3.087942850898651059e+01,-2.823848746541172261e+01,-2.878291986420318338e+01,1.678991301074966813e+01,7.127457049845838810e+01,6.973054444725619305e+01,-8.030990890381873726e+01,-6.473023792688967148e+01,3.857532528294669305e+00,-3.393307860383904426e+02,-3.852514813327037047e-01,9.241243591622225750e+00,-2.561872393234850165e+01,2.500952803554600479e+01,3.015819996599516273e+00,-1.562778924751577847e+02,-5.892885349698021002e+01,-5.140046176340681541e+02,3.849862065543292289e+01,3.278833678372100735e+01,9.448748882661838877e+00,-3.165039401198049518e+02,-1.817203428385078041e+02,-6.395459659180723975e+02,-3.173504383501832535e+02,7.568979105731722257e+01,-3.245833662412368881e+01,-7.328531053457861333e+01,1.196252309293538190e+02,-7.365880219890203762e+02,-1.188024296800277213e+01,-3.997304493296705452e+00,1.148338201731209409e+02,1.614983408292238778e+02,7.777349281772536926e+01,7.492799820968620850e+01,2.059091764683835635e+01,-9.134585744304506250e+01,-1.963309648808870733e+01,-7.287132949127332893e+00,-1.758244317102113286e+01,2.507417679172618818e+01,-2.375539267701942236e+01,-2.756194597145594685e+02,-5.548276009553326560e+00,8.393306341396136361e+01,8.055300297066793291e+01,-1.305329323889250475e+02,9.759056277748442199e+00,-3.391216614296317857e+02,6.910869803056687033e+02,3.770744069381829888e+01,-4.351909654655141679e-01,-5.545227336086807554e+03,-6.189372628916272333e+03,-9.701817825628396008e-01,-1.617838012248751767e+01,-1.037911222575597776e+02,1.910290536806057275e+02,4.711575885852698775e+02,-9.328895618005373080e+01,-5.176438561593420218e+02,2.384813845319264658e+00,-5.078112668657812634e+01,-2.798589655985675790e+02,1.417349426706073700e+03,-1.367271377151837619e+01,3.411069874530111292e+02,-2.473651967299198162e+01,-2.139356614560144010e+01,-6.113360851544142349e+01,3.294669222826013488e+00,1.628438889715468108e+01,-2.024911231049430782e+01,2.275761437688556725e+02,-2.793861034557953360e+01,7.474081904451531955e+01,-1.820499495836590711e+02,1.200453975366211523e+01,2.065879092584611385e+02,3.300828255101176723e+01,3.393162245246818998e+01,9.170206217757694844e+01,-2.904248214936634440e+02,1.730736306405218272e+01
1.100474100840235181e+01,1.504606786878596125e+01,-1.076544374880811858e+02,7.230443580374624091e+00,-3.377024332523681949e+01,-5.474497627071971806e+01,-3.087942850898651059e+01,-2.823848746541172261e+01,-2.878291986420318338e+01,1.678991301074966813e+01,7.127457049845838810e+01,6.973054444725619305e+01,-8.030990890381873726e+01,-6.473023792688967148e+01,3.857532528294669305e+00,-3.393307860383904426e+02,-3.852514813327037047e-01,9.241243591622225750e+00,-2.561872393234850165e+01,2.500952803554600479e+01,3.015819996599516273e+00,-1.562778924751577847e+02,-5.892885349698021002e+01,-5.140046176340681541e+02,3.109826126425275206e+01,3.278833678372100735e+01,1.231016209449917120e+01,-3.165039401198049518e+02,-1.817203428385078041e+02,-6.395459659180723975e+02,-3.173504383501832535e+02,8.045313774028409171e+01,-3.245833662412368881e+01,-7.328531053457861333e+01,1.196252309293538190e+02,-7.365880219890203762e+02,-1.188024296800277213e+01,-3.997304493296705452e+00,1.148338201731209409e+02,1.614983408292238778e+02,1.323245468892652070e+02,7.492799820968620850e+01,2.059091764683835635e+01,-9.134585744304506250e+01,-1.963309648808870733e+01,-7.287132949127332893e+00,-1.758244317102113286e+01,2.507417679172618818e+01,-2.375539267701942236e+01,-2.756194597145594685e+02,-3.255921139871800207e-01,8.393306341396136361e+01,8.055300297066793291e+01,-1.305329323889250475e+02,9.759056277748442199e+00,-3.391216614296317857e+02,6.910869803056687033e+02,3.770744069381829888e+01,-4.351909654655141679e-01,-5.545227336086807554e+03,-6.189372628916272333e+03,-9.701817825628396008e-01,8.424812371191375604e+00,-1.037911222575597776e+02,1.910290536806057275e+02,4.711575885852698775e+02,-8.958616962547075957e+01,-5.176438561593420218e+02,2.384813845319264658e+00,-4.086875041350808857e+01,-2.798589655985675790e+02,1.417349426706073700e+03,-1.367271377151837619e+01,3.411069874530111292e+02,-2.473651967299198162e+01,-2.139356614560144010e+01,-6.113360851544142349e+01,1.978234161132608548e+01,1.142369787744012299e+01,-2.024911231049430782e+01,2.275761437688556725e+02,-2.793861034557953360e+01,7.474081904451531955e+01,-1.820499495836590711e+02,1.200453975366211523e+01,2.065879092584611385e+02,1.099668463686723499e+02,2.596527833498899440e+01,9.170206217757694844e+01,-2.904248214936634440e+02,1.730736306405218272e+01
1.100474100840235181e+01,1.504606786878596125e+01,-1.076544374880811858e+02,1.272470737631119562e+02,-4.341507939968409602e+01,-5.474497627071971806e+01,-2.103722758317675812e+01,-2.823848746541172261e+01,-2.878291986420318338e+01,1.678991301074966813e+01,7.127457049845838810e+01,6.973054444725619305e+01,-8.030990890381873726e+01,-6.473023792688967148e+01,3.857532528294669305e+00,-3.393307860383904426e+02,4.604271544659290782e+00,9.241243591622225750e+00,-2.561872393234850165e+01,2.500952803554600479e+01,3.015819996599516273e+00,-1.562778924751577847e+02,-5.892885349698021002e+01,-5.140046176340681541e+02,3.109826126425275206e+01,3.278833678372100735e+01,1.231016209449917120e+01,-3.165039401198049518e+02,-1.817203428385078041e+02,-6.395459659180723975e+02,-3.173504383501832535e+02,8.045313774028409171e+01,-2.382291959401165116e+01,-7.328531053457861333e+01,1.196252309293538190e+02,-7.444767734628665039e+02,7.834447405389315833e+00,-3.997304493296705452e+00,8.068255153740182095e+01,1.614983408292238778e+02,1.323245468892652070e+02,7.492799820968620850e+01,2.059091764683835635e+01,-9.134585744304506250e+01,-6.472708763537571031e+01,-7.287132949127332893e+00,-1.286640518059464711e+01,2.507417679172618818e+01,-2.375539267701942236e+01,-2.756194597145594685e+02,-3.255921139871800207e-01,8.393306341396136361e+01,8.055300297066793291e+01,-1.305329323889250475e+02,9.759056277748442199e+00,-3.391216614296317857e+02,6.910869803056687033e+02,3.770744069381829888e+01,-4.351909654655141679e-01,-5.545227336086807554e+03,-6.189372628916272333e+03,-9.701817825628396008e-01,8.424812371191375604e+00,-1.037911222575597776e+02,1.910290536806057275e+02,4.711575885852698775e+02,-8.958616962547075957e+01,-5.176438561593420218e+02,2.384813845319264658e+00,-4.086875041350808857e+01,-2.798589655985675790e+02,1.417349426706073700e+03,-3.015506609864032583e+01,3.411069874530111292e+02,-2.473651967299198162e+01,-2.139356614560144010e+01,-6.113360851544142349e+01,1.978234161132608548e+01,1.142369787744012299e+01,-2.024911231049430782e+01,2.275761437688556725e+02,-2.793861034557953360e+01,1.316483817084593397e+02,-1.820499495836590711e+02,1.200453975366211523e+01,2.065879092584611385e+02,1.099668463686723499e+02,2.596527833498899440e+01,9.170206217757694844e+01,-2.904248214936634440e+02,1.730736306405218272e+01
1.100474100840235181e+01,-1.076598096465811949e+00,-1.076544374880811858e+02,1.272470737631119562e+02,-4.341507939968409602e+01,-5.474497627071971806e+01,-2.103722758317675812e+01,-4.177465545061652108e+01,-2.878291986420318338e+01,1.678991301074966813e+01,7.127457049845838810e+01,6.973054444725619305e+01,-8.030990890381873726e+01,-6.473023792688967148e+01,3.857532528294669305e+00,-3.393307860383904426e+02,4.604271544659290782e+00,9.241243591622225750e+00,-2.561872393234850165e+01,8.194753469115890709e+01,3.015819996599516273e+00,-1.562778924751577847e+02,-1.146491436034322504e+02,-5.140046176340681541e+02,3.109826126425275206e+01,3.278833678372100735e+01,1.231016209449917120e+01,-3.165039401198049518e+02,-1.913032788615369384e+02,-6.395459659180723975e+02,-3.173504383501832535e+02,8.045313774028409171e+01,-2.382291959401165116e+01,-7.328531053457861333e+01,1.196252309293538190e+02,-7.444767734628665039e+02,7.834447405389315833e+00,-3.997304493296705452e+00,8.068255153740182095e+01,1.614983408292238778e+02,1.323245468892652070e+02,7.492799820968620850e+01,9.352946845697193368e+00,-9.134585744304506250e+01,-6.472708763537571031e+01,-7.287132949127332893e+00,-1.286640518059464711e+01,2.507417679172618818e+01,-2.375539267701942236e+01,-2.756194597145594685e+02,-3.255921139871800207e-01,8.393306341396136361e+01,4.336353569863164239e+02,-1.238351301965160474e+02,9.759056277748442199e+00,-3.391216614296317857e+02,6.910869803056687033e+02,3.770744069381829888e+01,-4.351909654655141679e-01,-5.569181199237820692e+03,-6.209936991758328986e+03,-9.701817825628396008e-01,8.424812371191375604e+00,-1.037911222575597776e+02,1.910290536806057275e+02,4.711575885852698775e+02,-8.958616962547075957e+01,-5.176438561593420218e+02,2.384813845319264658e+00,-4.086875041350808857e+01,-2.798589655985675790e+02,1.417349426706073700e+03,-3.015506609864032583e+01,3.411069874530111292e+02,-2.473651967299198162e+01,-2.139356614560144010e+01,-6.113360851544142349e+01,1.978234161132608548e+01,1.142369787744012299e+01,-2.024911231049430782e+01,2.275761437688556725e+02,-2.793861034557953360e+01,1.316483817084593397e+02,-1.820499495836590711e+02,2.331714284069786558e+01,2.676346984120115735e+02,1.099668463686723499e+02,2.596527833498899440e+01,9.170206217757694844e+01,-2.904248214936634440e+02,1.730736306405218272e+01
-6.418402554794653270e+00,-1.076598096465811949e+00,-1.076544374880811858e+02,1.272470737631119562e+02,-4.341507939968409602e+01,-5.474497627071971806e+01,-2.103722758317675812e+01,-4.177465545061652108e+01,-2.878291986420318338e+01,1.678991301074966813e+01,-3.126025790124441528e+02,8.987102864047362516e+01,8.694587672864201977e+00,-6.822215443663800727e+01,3.857532528294669305e+00,-3.393307860383904426e+02,4.604271544659290782e+00,2.749085369495775311e+00,-2.561872393234850165e+01,8.194753469115890709e+01,2.089946557897678758e+01,-1.562778924751577847e+02,-1.146491436034322504e+02,-5.075568709623482277e+02,3.109826126425275206e+01,3.278833678372100735e+01,1.231016209449917120e+01,-3.165039401198049518e+02,-1.913032788615369384e+02,-6.395459659180723975e+02,-3.173504383501832535e+02,8.045313774028409171e+01,-2.382291959401165116e+01,-7.328531053457861333e+01,1.196252309293538190e+02,-7.444767734628665039e+02,7.834447405389315833e+00,2.626511222218007191e+01,8.068255153740182095e+01,1.614983408292238778e+02,1.323245468892652070e+02,9.693231470099316027e+01,9.352946845697193368e+00,-9.134585744304506250e+01,-6.472708763537571031e+01,-7.287132949127332893e+00,-1.286640518059464711e+01,2.507417679172618818e+01,-8.145235506294875449e+01,-2.756194597145594685e+02,-3.255921139871800207e-01,-2.177224620810973761e+02,4.336353569863164239e+02,-1.238351301965160474e+02,9.759056277748442199e+00,-3.935371353518120827e+02,6.910869803056687033e+02,4.203764814073768008e+01,4.482675339014667415e+00,-5.569181199237820692e+03,-6.209936991758328986e+03,-9.701817825628396008e-01,8.424812371191375604e+00,-1.179927799087858773e+02,1.910290536806057275e+02,4.711575885852698775e+02,-8.958616962547075957e+01,-5.176438561593420218e+02,2.384813845319264658e+00,-4.086875041350808857e+01,-2.798589655985675790e+02,1.417349426706073700e+03,-3.015506609864032583e+01,3.411069874530111292e+02,-1.457940798623847343e+02,-2.139356614560144010e+01,-6.113360851544142349e+01,1.978234161132608548e+01,1.142369787744012299e+01,-2.024911231049430782e+01,2.275761437688556725e+02,-2.793861034557953360e+01,1.316483817084593397e+02,-2.245519997687158593e+02,2.331714284069786558e+01,2.676346984120115735e+02,1.099668463686723499e+02,2.596527833498899440e+01,6.127510510263192600e+01,-2.904248214936634440e+02,1.730736306405218272e+01
-6.418402554794653270e+00,-1.076598096465811949e+00,-1.076544374880811858e+02,1.272470737631119562e+02,-4.341507939968409602e+01,-5.474497627071971806e+01,-2.103722758317675812e+01,-4.177465545061652108e+01,-2.878291986420318338e+01,-2.582913574950335445e+01,-1.744077758683119441e+02,8.987102864047362516e+01,8.694587672864201977e+00,-6.822215443663800727e+01,3.857532528294669305e+00,-3.393307860383904426e+02,4.604271544659290782e+00,2.749085369495775311e+00,-2.561872393234850165e+01,8.194753469115890709e+01,2.089946557897678758e+01,-2.214435412382263166e+02,-1.146491436034322504e+02,-5.075568709623482277e+02,3.109826126425275206e+01,3.278833678372100735e+01,1.231016209449917120e+01,-3.165039401198049518e+02,-1.913032788615369384e+02,-6.395459659180723975e+02,-2.938960378318534481e+02,8.045313774028409171e+01,-2.382291959401165116e+01,-7.328531053457861333e+01,1.196252309293538190e+02,-7.444767734628665039e+02,7.834447405389315833e+00,2.626511222218007191e+01,8.068255153740182095e+01,1.614983408292238778e+02,1.411230671421024567e+02,9.693231470099316027e+01,9.352946845697193368e+00,-9.134585744304506250e+01,-6.472708763537571031e+01,-7.287132949127332893e+00,-1.286640518059464711e+01,2.507417679172618818e+01,-8.145235506294875449e+01,-2.756194597145594685e+02,-9.870569124695219898e+01,-2.177224620810973761e+02,4.336353569863164239e+02,-1.510655149329219284e+02,6.743247968251517932e+01,-3.935371353518120827e+02,6.910869803056687033e+02,4.203764814073768008e+01,4.482675339014667415e+00,-5.580444767536041581e+03,-6.209936991758328986e+03,-9.701817825628396008e-01,8.424812371191375604e+00,-1.179927799087858773e+02,1.910290536806057275e+02,4.711575885852698775e+02,-8.958616962547075957e+01,-5.176438561593420218e+02,2.384813845319264658e+00,-4.086875041350808857e+01,-2.798589655985675790e+02,1.417349426706073700e+03,-3.015506609864032583e+01,3.411069874530111292e+02,-1.166422191243463971e+02,-2.139356614560144010e+01,-7.299815697343352383e+01,1.978234161132608548e+01,1.142369787744012299e+01,-2.024911231049430782e+01,2.275761437688556725e+02,-2.793861034557953360e+01,1.316483817084593397e+02,-2.245519997687158593e+02,2.331714284069786558e+01,2.676346984120115735e+02,1.099668463686723499e+02,2.596527833498899440e+01,6.127510510263192600e+01,-2.539450644270983162e+02,1.730736306405218272e+01
-6.418402554794653270e+00,-1.076598096465811949e+00,-1.076544374880811858e+02,1.272470737631119562e+02,-4.341507939968409602e+01,-5.373478423129625980e+01,-2.103722758317675812e+01,-4.265623838200520623e+01,-2.878291986420318338e+01,-2.582913574950335445e+01,-1.744077758683119441e+02,8.987102864047362516e+01,8.694587672864201977e+00,-6.822215443663800727e+01,3.857532528294669305e+00,-3.393307860383904426e+02,4.604271544659290782e+00,2.749085369495775311e+00,-2.561872393234850165e+01,8.194753469115890709e+01,2.089946557897678758e+01,-2.214435412382263166e+02,-1.146491436034322504e+02,-5.075568709623482277e+02,3.109826126425275206e+01,3.278833678372100735e+01,1.231016209449917120e+01,-3.165039401198049518e+02,-1.913032788615369384e+02,-6.385680061296003487e+02,-2.938960378318534481e+02,8.045313774028409171e+01,-2.382291959401165116e+01,-7.157596050089064477e+01,1.196252309293538190e+02,-7.444767734628665039e+02,1.014414523325487139e+01,2.626511222218007191e+01,8.068255153740182095e+01,1.614983408292238778e+02,1.411230671421024567e+02,9.693231470099316027e+01,9.352946845697193368e+00,-9.134585744304506250e+01,-6.472708763537571031e+01,-7.287132949127332893e+00,-1.286640518059464711e+01,2.507417679172618818e+01,-8.145235506294875449e+01,-2.756194597145594685e+02,-9.870569124695219898e+01,-2.177224620810973761e+02,4.336353569863164239e+02,-1.510655149329219284e+02,6.743247968251517932e+01,-3.935371353518120827e+02,6.910869803056687033e+02,4.203764814073768008e+01,4.482675339014667415e+00,-5.580444767536041581e+03,-6.209936991758328986e+03,9.014560905737047491e+00,8.424812371191375604e+00,-1.211551102212189051e+02,1.891327383488279850e+02,4.711575885852698775e+02,-8.958616962547075957e+01,-5.176438561593420218e+02,2.384813845319264658e+00,-4.086875041350808857e+01,-2.766253418154036581e+02,1.405807744082195086e+03,-3.015506609864032583e+01,3.411069874530111292e+02,-1.166422191243463971e+02,-2.139356614560144010e+01,-7.299815697343352383e+01,1.978234161132608548e+01,1.142369787744012299e+01,-2.126663976306544512e+01,2.275761437688556725e+02,-2.793861034557953360e+01,1.316483817084593397e+02,-2.245519997687158593e+02,2.331714284069786558e+01,2.676346984120115735e+02,1.079100860611833070e+02,2.596527833498899440e+01,6.127510510263192600e+01,-2.539450644270983162e+02,1.730736306405218272e+01
-6.418402554794653270e+00,-1.076598096465811949e+00,-1.076544374880811858e+02,1.272470737631119562e+02,-4.341507939968409602e+01,-5.373478423129625980e+01,-2.103722758317675812e+01,-4.265623838200520623e+01,-2.878291986420318338e+01,-2.582913574950335445e+01,-1.744077758683119441e+02,8.987102864047362516e+01,5.683162308786631201e+00,-6.822215443663800727e+01,3.857532528294669305e+00,-3.393307860383904426e+02,4.604271544659290782e+00,2.749085369495775311e+00,-3.229456217051773592e+01,8.194753469115890709e+01,2.089946557897678758e+01,-2.214435412382263166e+02,-1.146491436034322504e+02,-5.075568709623482277e+02,3.109826126425275206e+01,3.278833678372100735e+01,1.231016209449917120e+01,-3.165039401198049518e+02,-1.913032788615369384e+02,-6.385680061296003487e+02,-2.938960378318534481e+02,9.093917160726907412e+01,-2.382291959401165116e+01,-7.157596050089064477e+01,1.196252309293538190e+02,-7.444767734628665039e+02,1.014414523325487139e+01,2.626511222218007191e+01,8.068255153740182095e+01,1.614983408292238778e+02,1.411230671421024567e+02,9.693231470099316027e+01,1.021429677646110612e+01,-7.288503694044139536e+01,-6.472708763537571031e+01,-7.287132949127332893e+00,-1.286640518059464711e+01,2.507417679172618818e+01,-8.542820584428196184e+01,-2.756194597145594685e+02,-9.870569124695219898e+01,-2.145730710342221528e+02,4.336353569863164239e+02,-1.510655149329219284e+02,6.743247968251517932e+01,-3.908637382497503268e+02,6.910869803056687033e+02,4.203764814073768008e+01,4.482675339014667415e+00,-5.580444767536041581e+03,-6.209936991758328986e+03,9.014560905737047491e+00,8.424812371191375604e+00,-1.211551102212189051e+02,1.891327383488279850e+02,4.711575885852698775e+02,-8.958616962547075957e+01,-5.176438561593420218e+02,2.384813845319264658e+00,-4.086875041350808857e+01,-2.766253418154036581e+02,1.405807744082195086e+03,-3.015506609864032583e+01,3.411069874530111292e+02,-1.166422191243463971e+02,-2.139356614560144010e+01,-7.299815697343352383e+01,1.978234161132608548e+01,1.142369787744012299e+01,-2.126663976306544512e+01,2.275761437688556725e+02,-3.229209390226674969e+01,1.301855016661983768e+02,-2.245519997687158593e+02,2.331714284069786558e+01,2.676346984120115735e+02,1.079100860611833070e+02,2.465202150144648030e+01,5.979944167319373349e+01,-2.539450644270983162e+02,1.730736306405218272e+01
-6.418402554794653270e+00,-1.076598096465811949e+00,-1.076544374880811858e+02,1.272470737631119562e+02,-4.341507939968409602e+01,-5.373478423129625980e+01,-2.103722758317675812e+01,-4.265623838200520623e+01,-4.295202442763986994e+01,-2.582913574950335445e+01,-1.744077758683119441e+02,8.987102864047362516e+01,5.683162308786631201e+00,-6.822215443663800727e+01,3.857532528294669305e+00,-3.393307860383904426e+02,4.604271544659290782e+00,2.749085369495775311e+00,-3.229456217051773592e+01,8.194753469115890709e+01,2.089946557897678758e+01,-2.214435412382263166e+02,-1.146491436034322504e+02,-4.981465131925989454e+02,3.109826126425275206e+01,3.278833678372100735e+01,1.231016209449917120e+01,-3.165039401198049518e+02,-1.913032788615369384e+02,-6.385680061296003487e+02,-2.938960378318534481e+02,9.093917160726907412e+01,-1.080087260381653635e+01,-7.157596050089064477e+01,1.050880897315436471e+02,-7.444767734628665039e+02,1.014414523325487139e+01,3.388558135024686635e+01,8.068255153740182095e+01,1.614983408292238778e+02,1.411230671421024567e+02,9.693231470099316027e+01,1.021429677646110612e+01,-7.288503694044139536e+01,-6.472708763537571031e+01,-7.287132949127332893e+00,-5.118205295673145372e+01,2.507417679172618818e+01,-8.542820584428196184e+01,-2.756194597145594685e+02,-9.870569124695219898e+01,-2.145730710342221528e+02,4.230605272972002240e+02,-1.510655149329219284e+02,6.743247968251517932e+01,-3.908637382497503268e+02,3.638535286382268623e+02,5.902144178136554586e+01,4.482675339014667415e+00,-5.580444767536041581e+03,-6.209936991758328986e+03,9.014560905737047491e+00,8.424812371191375604e+00,-1.211551102212189051e+02,1.891327383488279850e+02,4.711575885852698775e+02,-8.958616962547075957e+01,-1.784187315372552121e+03,2.384813845319264658e+00,-4.086875041350808857e+01,-2.766253418154036581e+02,1.405807744082195086e+03,-5.442168668891007144e+01,3.411069874530111292e+02,-1.166422191243463971e+02,-2.139356614560144010e+01,-7.299815697343352383e+01,1.978234161132608548e+01,1.142369787744012299e+01,-2.126663976306544512e+01,2.275761437688556725e+02,-3.229209390226674969e+01,1.301855016661983768e+02,-2.245519997687158593e+02,2.331714284069786558e+01,2.999480941592425438e+02,1.079100860611833070e+02,2.465202150144648030e+01,5.979944167319373349e+01,-2.539450644270983162e+02,1.730736306405218272e+01
1.155314533317352854e+01,-1.076598096465811949e+00,-1.076544374880811858e+02,1.272470737631119562e+02,-4.341507939968409602e+01,-5.373478423129625980e+01,-2.103722758317675812e+01,-4.265623838200520623e+01,-4.295202442763986994e+01,-2.582913574950335445e+01,-1.744077758683119441e+02,2.258828965397109414e+02,5.683162308786631201e+00,-6.822215443663800727e+01,6.163218793363181192e+01,-3.393307860383904426e+02,4.604271544659290782e+00,2.749085369495775311e+00,-3.229456217051773592e+01,8.194753469115890709e+01,2.089946557897678758e+01,-2.214435412382263166e+02,-1.146491436034322504e+02,-4.981465131925989454e+02,3.109826126425275206e+01,3.278833678372100735e+01,4.100517360645243059e+01,-3.165039401198049518e+02,-2.005240103483286873e+02,-6.385680061296003487e+02,-2.938960378318534481e+02,9.093917160726907412e+01,-1.080087260381653635e+01,-7.157596050089064477e+01,1.050880897315436471e+02,-7.444767734628665039e+02,1.014414523325487139e+01,3.388558135024686635e+01,8.068255153740182095e+01,1.614983408292238778e+02,1.411230671421024567e+02,6.069618443603393843e+01,1.021429677646110612e+01,-7.288503694044139536e+01,-7.952953897480921341e+01,1.347814867989081478e+01,-5.118205295673145372e+01,2.507417679172618818e+01,-8.542820584428196184e+01,-2.756194597145594685e+02,-9.870569124695219898e+01,-2.145730710342221528e+02,4.230605272972002240e+02,-1.510655149329219284e+02,6.743247968251517932e+01,-3.908637382497503268e+02,3.638535286382268623e+02,5.902144178136554586e+01,-9.231270217137838685e+00,-5.580444767536041581e+03,-6.209936991758328986e+03,9.014560905737047491e+00,8.424812371191375604e+00,-1.211551102212189051e+02,1.891327383488279850e+02,4.711575885852698775e+02,-8.958616962547075957e+01,-1.784187315372552121e+03,-4.009727138843699379e+01,-3.633680322484647718e+01,-2.766253418154036581e+02,1.405807744082195086e+03,-5.442168668891007144e+01,3.411069874530111292e+02,-1.166422191243463971e+02,-2.139356614560144010e+01,-7.299815697343352383e+01,1.978234161132608548e+01,1.142369787744012299e+01,-2.126663976306544512e+01,2.275761437688556725e+02,-3.229209390226674969e+01,1.301855016661983768e+02,-4.027693921244599551e+02,2.331714284069786558e+01,2.999480941592425438e+02,1.079100860611833070e+02,2.465202150144648030e+01,5.979944167319373349e+01,-2.539450644270983162e+02,1.730736306405218272e+01
1.155314533317352854e+01,2.815600992410290271e+00,-1.076544374880811858e+02,1.238756189797928045e+02,-3.710188292406232335e+01,-5.373478423129625980e+01,-2.103722758317675812e+01,-4.265623838200520623e+01,-4.295202442763986994e+01,-2.582913574950335445e+01,-1.744077758683119441e+02,2.258828965397109414e+02,5.683162308786631201e+00,-6.822215443663800727e+01,6.163218793363181192e+01,-3.216231243926074512e+02,4.604271544659290782e+00,-9.129277697607238906e+01,-3.229456217051773592e+01,8.194753469115890709e+01,3.388615484583084481e+01,-2.214435412382263166e+02,-9.939761428915825547e+01,-4.981465131925989454e+02,3.109826126425275206e+01,3.278833678372100735e+01,4.100517360645243059e+01,-3.165039401198049518e+02,-2.005240103483286873e+02,-6.385680061296003487e+02,-2.938960378318534481e+02,9.093917160726907412e+01,-1.080087260381653635e+01,-7.157596050089064477e+01,1.050880897315436471e+02,-7.444767734628665039e+02,1.014414523325487139e+01,3.388558135024686635e+01,8.068255153740182095e+01,1.614983408292238778e+02,1.411230671421024567e+02,6.069618443603393843e+01,1.021429677646110612e+01,-7.288503694044139536e+01,-7.952953897480921341e+01,1.347814867989081478e+01,-5.118205295673145372e+01,2.507417679172618818e+01,-8.542820584428196184e+01,-2.756194597145594685e+02,-9.870569124695219898e+01,-2.145730710342221528e+02,4.230605272972002240e+02,-1.510655149329219284e+02,6.743247968251517932e+01,-3.908637382497503268e+02,3.638535286382268623e+02,5.902144178136554586e+01,-9.231270217137838685e+00,-5.580444767536041581e+03,-6.209936991758328986e+03,9.014560905737047491e+00,8.424812371191375604e+00,-1.211551102212189051e+02,1.891327383488279850e+02,4.711575885852698775e+02,-8.170569915976805930e+01,-1.784187315372552121e+03,-4.009727138843699379e+01,-3.633680322484647718e+01,-2.766253418154036581e+02,1.405807744082195086e+03,-5.442168668891007144e+01,1.705452470389841437e+02,-1.166422191243463971e+02,-2.139356614560144010e+01,-7.299815697343352383e+01,1.978234161132608548e+01,1.142369787744012299e+01,-2.126663976306544512e+01,2.324356216713154879e+02,-3.229209390226674969e+01,1.301855016661983768e+02,-4.027693921244599551e+02,1.827816383241927412e+01,2.999480941592425438e+02,1.079100860611833070e+02,2.465202150144648030e+01,5.979944167319373349e+01,-2.539450644270983162e+02,5.474633483304206294e+00
1.155314533317352854e+01,2.815600992410290271e+00,-9.480582114457685350e+01,1.238756189797928045e+02,-3.710188292406232335e+01,-5.373478423129625980e+01,5.960052566027279397e+01,-4.265623838200520623e+01,-4.295202442763986994e+01,-2.582913574950335445e+01,-1.744077758683119441e+02,2.258828965397109414e+02,5.683162308786631201e+00,-6.073261853913088260e+00,6.163218793363181192e+01,-3.216231243926074512e+02,1.224516116865492421e+01,-9.129277697607238906e+01,-3.229456217051773592e+01,7.372038340640045817e+01,3.388615484583084481e+01,-2.214435412382263166e+02,-9.939761428915825547e+01,-4.981465131925989454e+02,2.325541280668399224e+01,4.096065030411224939e+01,4.100517360645243059e+01,-3.849926300142791433e+02,-2.005240103483286873e+02,-6.385680061296003487e+02,-2.938960378318534481e+02,9.093917160726907412e+01,-1.080087260381653635e+01,-7.157596050089064477e+01,1.050880897315436471e+02,-7.143440591562460895e+02,1.014414523325487139e+01,3.388558135024686635e+01,3.086926619122311877e+02,1.477478990879030505e+02,1.411230671421024567e+02,6.069618443603393843e+01,1.021429677646110612e+01,-7.288503694044139536e+01,-7.952953897480921341e+01,1.347814867989081478e+01,-5.118205295673145372e+01,4.386136834977913423e+01,-8.542820584428196184e+01,-2.913340847538917160e+02,-9.870569124695219898e+01,-2.145730710342221528e+02,4.230605272972002240e+02,-1.510655149329219284e+02,6.743247968251517932e+01,-3.908637382497503268e+02,3.638535286382268623e+02,5.902144178136554586e+01,-9.231270217137838685e+00,-5.580444767536041581e+03,-6.220308886393660941e+03,9.014560905737047491e+00,-1.277854801931863591e+02,-1.211551102212189051e+02,1.891327383488279850e+02,3.585924151367350987e+00,-8.170569915976805930e+01,-1.784187315372552121e+03,-4.009727138843699379e+01,-3.633680322484647718e+01,-2.766253418154036581e+02,1.405807744082195086e+03,-5.442168668891007144e+01,1.705452470389841437e+02,-1.166422191243463971e+02,1.378103822153335045e+00,-7.299815697343352383e+01,-1.472131534711595791e+01,-2.480642662969500734e+01,-2.126663976306544512e+01,2.324356216713154879e+02,-3.229209390226674969e+01,1.301855016661983768e+02,-4.027693921244599551e+02,1.827816383241927412e+01,2.999480941592425438e+02,1.079100860611833070e+02,2.465202150144648030e+01,5.979944167319373349e+01,-2.539450644270983162e+02,5.474633483304206294e+00
1.155314533317352854e+01,2.815600992410290271e+00,-1.305859202496621378e+02,1.238756189797928045e+02,-3.710188292406232335e+01,-3.018312159843235065e+01,5.960052566027279397e+01,-4.265623838200520623e+01,-4.295202442763986994e+01,-2.582913574950335445e+01,-1.744077758683119441e+02,2.258828965397109414e+02,5.683162308786631201e+00,-6.073261853913088260e+00,6.163218793363181192e+01,-3.216231243926074512e+02,1.224516116865492421e+01,-9.129277697607238906e+01,-3.229456217051773592e+01,7.372038340640045817e+01,5.323967436559081534e+01,-2.214435412382263166e+02,-9.939761428915825547e+01,-4.722030035633284228e+02,2.325541280668399224e+01,4.096065030411224939e+01,4.100517360645243059e+01,-3.849926300142791433e+02,-2.005240103483286873e+02,-6.385680061296003487e+02,-2.938960378318534481e+02,9.093917160726907412e+01,-1.080087260381653635e+01,-7.157596050089064477e+01,1.050880897315436471e+02,-6.683270322943146766e+02,1.014414523325487139e+01,6.455179816788236735e+01,3.086926619122311877e+02,1.477478990879030505e+02,1.411230671421024567e+02,6.069618443603393843e+01,1.021429677646110612e+01,-7.288503694044139536e+01,-7.952953897480921341e+01,-8.480539181040164465e+00,-5.118205295673145372e+01,4.386136834977913423e+01,-8.542820584428196184e+01,-2.913340847538917160e+02,-9.870569124695219898e+01,-2.145730710342221528e+02,4.230605272972002240e+02,-1.510655149329219284e+02,6.743247968251517932e+01,-3.908637382497503268e+02,3.638535286382268623e+02,5.902144178136554586e+01,-9.231270217137838685e+00,-5.580444767536041581e+03,-6.220308886393660941e+03,9.014560905737047491e+00,-1.277854801931863591e+02,-1.211551102212189051e+02,1.891327383488279850e+02,3.585924151367350987e+00,-1.083347330691778581e+02,-1.784187315372552121e+03,-4.009727138843699379e+01,-3.633680322484647718e+01,-2.766253418154036581e+02,1.405807744082195086e+03,-5.442168668891007144e+01,1.705452470389841437e+02,-1.166422191243463971e+02,1.378103822153335045e+00,-7.299815697343352383e+01,3.025303142437040194e+01,-2.480642662969500734e+01,-2.126663976306544512e+01,2.324356216713154879e+02,-3.229209390226674969e+01,-3.927283463030448729e+00,-4.027693921244599551e+02,1.827816383241927412e+01,2.999480941592425438e+02,1.079100860611833070e+02,-1.451581574040866585e+01,5.443906548018699141e+02,-2.539450644270983162e+02,5.474633483304206294e+00
2.583831257039890517e+01,-1.858275486454276049e+01,-1.305859202496621378e+02,1.238756189797928045e+02,-2.866529582898454720e+01,-3.018312159843235065e+01,5.960052566027279397e+01,-4.265623838200520623e+01,-4.295202442763986994e+01,-3.743856479678031945e+01,-1.744077758683119441e+02,2.258828965397109414e+02,5.683162308786631201e+00,-6.073261853913088260e+00,6.163218793363181192e+01,-3.216231243926074512e+02,1.224516116865492421e+01,-9.129277697607238906e+01,-3.229456217051773592e+01,7.372038340640045817e+01,5.323967436559081534e+01,-2.071685399925496256e+02,-9.939761428915825547e+01,-4.722030035633284228e+02,6.609901750779440022e+01,4.096065030411224939e+01,4.100517360645243059e+01,-3.849926300142791433e+02,-2.005240103483286873e+02,-6.385680061296003487e+02,-2.938960378318534481e+02,9.093917160726907412e+01,-1.080087260381653635e+01,-7.157596050089064477e+01,1.050880897315436471e+02,-6.683270322943146766e+02,1.014414523325487139e+01,6.455179816788236735e+01,3.086926619122311877e+02,1.477478990879030505e+02,1.411230671421024567e+02,6.069618443603393843e+01,1.021429677646110612e+01,-7.288503694044139536e+01,-9.029912036542968679e+01,-8.480539181040164465e+00,-5.118205295673145372e+01,4.386136834977913423e+01,-8.542820584428196184e+01,-2.913340847538917160e+02,-9.870569124695219898e+01,-2.145730710342221528e+02,4.230605272972002240e+02,-1.510655149329219284e+02,-5.360313498343716674e+02,-3.908637382497503268e+02,3.638535286382268623e+02,4.287333206750645331e+01,-9.231270217137838685e+00,-5.580444767536041581e+03,-6.220308886393660941e+03,9.014560905737047491e+00,-1.277854801931863591e+02,-1.211551102212189051e+02,1.891327383488279850e+02,3.585924151367350987e+00,-1.083347330691778581e+02,-1.890517597746784077e+03,-4.009727138843699379e+01,-3.633680322484647718e+01,-2.766253418154036581e+02,1.405807744082195086e+03,-5.442168668891007144e+01,1.705452470389841437e+02,-1.166422191243463971e+02,1.378103822153335045e+00,-7.299815697343352383e+01,3.025303142437040194e+01,-2.480642662969500734e+01,-2.126663976306544512e+01,2.324356216713154879e+02,-3.229209390226674969e+01,-3.927283463030448729e+00,-4.027693921244599551e+02,7.747471003595970629e+00,2.999480941592425438e+02,1.079100860611833070e+02,-1.451581574040866585e+01,5.443906548018699141e+02,-1.153795474651572590e+02,5.474633483304206294e+00
2.583831257039890517e+01,-1.858275486454276049e+01,-1.305859202496621378e+02,1.238756189797928045e+02,-2.866529582898454720e+01,-3.018312159843235065e+01,7.756689567377679850e+01,-4.265623838200520623e+01,-4.295202442763986994e+01,-3.743856479678031945e+01,-1.744077758683119441e+02,2.258828965397109414e+02,5.683162308786631201e+00,-6.073261853913088260e+00,6.163218793363181192e+01,-2.764686369305823632e+02,1.224516116865492421e+01,-9.129277697607238906e+01,-3.229456217051773592e+01,7.372038340640045817e+01,5.323967436559081534e+01,-2.071685399925496256e+02,-9.939761428915825547e+01,-4.722030035633284228e+02,6.609901750779440022e+01,4.096065030411224939e+01,4.100517360645243059e+01,-3.849926300142791433e+02,-2.339809612921970370e+02,-5.817012226073871943e+02,-2.938960378318534481e+02,9.093917160726907412e+01,1.941882856089888776e+01,-5.736099049791147308e+01,1.050880897315436471e+02,-6.683270322943146766e+02,3.538248121720330346e+02,6.455179816788236735e+01,3.086926619122311877e+02,1.477478990879030505e+02,1.411230671421024567e+02,6.069618443603393843e+01,1.021429677646110612e+01,-7.288503694044139536e+01,-9.029912036542968679e+01,-8.480539181040164465e+00,-5.118205295673145372e+01,2.887194707390228032e+01,-6.427529117476919396e+01,-2.913340847538917160e+02,-9.870569124695219898e+01,-2.145730710342221528e+02,4.475621368403301403e+02,-1.510655149329219284e+02,-5.360313498343716674e+02,-3.683768138396445693e+02,3.638535286382268623e+02,4.287333206750645331e+01,-9.231270217137838685e+00,-5.580444767536041581e+03,-6.220308886393660941e+03,9.014560905737047491e+00,-1.277854801931863591e+02,-1.211551102212189051e+02,1.891327383488279850e+02,3.585924151367350987e+00,-1.083347330691778581e+02,-1.890517597746784077e+03,-4.009727138843699379e+01,-3.633680322484647718e+01,-2.766253418154036581e+02,1.405807744082195086e+03,-5.442168668891007144e+01,1.705452470389841437e+02,-1.166422191243463971e+02,1.378103822153335045e+00,-7.299815697343352383e+01,3.025303142437040194e+01,-2.480642662969500734e+01,-2.126663976306544512e+01,2.324356216713154879e+02,-3.229209390226674969e+01,-3.927283463030448729e+00,-4.027693921244599551e+02,7.747471003595970629e+00,2.999480941592425438e+02,1.079100860611833070e+02,-1.451581574040866585e+01,5.443906548018699141e+02,-1.153795474651572590e+02,-2.066883224138499031e+01
2.583831257039890517e+01,-1.858275486454276049e+01,-1.305859202496621378e+02,1.238756189797928045e+02,-2.866529582898454720e+01,-3.018312159843235065e+01,7.756689567377679850e+01,-4.265623838200520623e+01,-4.295202442763986994e+01,-3.743856479678031945e+01,-1.744077758683119441e+02,1.852111042992785883e+02,5.683162308786631201e+00,-6.073261853913088260e+00,7.954456324716733207e+01,-2.764686369305823632e+02,1.224516116865492421e+01,-1.062307853440132135e+02,-3.229456217051773592e+01,7.372038340640045817e+01,5.323967436559081534e+01,-2.071685399925496256e+02,-9.939761428915825547e+01,-4.722030035633284228e+02,6.609901750779440022e+01,4.096065030411224939e+01,4.100517360645243059e+01,-3.967236526744114258e+02,-2.339809612921970370e+02,-5.817012226073871943e+02,-2.938960378318534481e+02,-3.548081485232425791e+01,1.941882856089888776e+01,-5.736099049791147308e+01,1.050880897315436471e+02,-6.683270322943146766e+02,3.538248121720330346e+02,6.455179816788236735e+01,3.086926619122311877e+02,1.477478990879030505e+02,8.194819596215626234e+01,6.069618443603393843e+01,1.021429677646110612e+01,-7.288503694044139536e+01,-9.029912036542968679e+01,-8.480539181040164465e+00,-5.118205295673145372e+01,2.887194707390228032e+01,-6.427529117476919396e+01,-2.913340847538917160e+02,-9.870569124695219898e+01,-2.145730710342221528e+02,4.475621368403301403e+02,-1.417222769442089998e+02,-5.360313498343716674e+02,-3.683768138396445693e+02,3.727040860918813223e+02,4.287333206750645331e+01,-9.231270217137838685e+00,-5.580444767536041581e+03,-6.220308886393660941e+03,9.014560905737047491e+00,-1.277854801931863591e+02,-1.211551102212189051e+02,1.891327383488279850e+02,3.585924151367350987e+00,-1.083347330691778581e+02,-1.890517597746784077e+03,-4.009727138843699379e+01,-3.633680322484647718e+01,-2.596675211565280392e+02,1.405807744082195086e+03,-5.442168668891007144e+01,1.705452470389841437e+02,-1.166422191243463971e+02,1.378103822153335045e+00,-7.299815697343352383e+01,3.025303142437040194e+01,-1.467269886506051968e+01,-3.984822467119170142e+01,2.324356216713154879e+02,-3.229209390226674969e+01,-3.927283463030448729e+00,-4.128327688327049145e+02,7.747471003595970629e+00,2.999480941592425438e+02,1.079100860611833070e+02,-1.451581574040866585e+01,5.443906548018699141e+02,-1.153795474651572590e+02,-2.066883224138499031e+01
2.583831257039890517e+01,-1.858275486454276049e+01,-1.305859202496621378e+02,1.238756189797928045e+02,-2.866529582898454720e+01,-3.018312159843235065e+01,7.756689567377679850e+01,-4.265623838200520623e+01,-5.505982329211161641e+01,-3.743856479678031945e+01,-1.744077758683119441e+02,1.852111042992785883e+02,5.683162308786631201e+00,-6.073261853913088260e+00,7.954456324716733207e+01,-2.764686369305823632e+02,1.224516116865492421e+01,-1.062307853440132135e+02,-3.229456217051773592e+01,6.016102853261565997e+01,5.323967436559081534e+01,-2.071685399925496256e+02,-9.939761428915825547e+01,-4.722030035633284228e+02,6.609901750779440022e+01,4.096065030411224939e+01,4.100517360645243059e+01,-3.967236526744114258e+02,-2.339809612921970370e+02,-5.817012226073871943e+02,-2.938960378318534481e+02,-3.548081485232425791e+01,1.941882856089888776e+01,-5.736099049791147308e+01,1.144574224235235249e+02,-6.683270322943146766e+02,3.538248121720330346e+02,6.455179816788236735e+01,3.241505978810471902e+02,1.477478990879030505e+02,8.194819596215626234e+01,6.069618443603393843e+01,2.108324262059373666e+01,-6.446234746274822669e+01,-9.029912036542968679e+01,-8.480539181040164465e+00,-5.118205295673145372e+01,2.887194707390228032e+01,-6.427529117476919396e+01,-2.913340847538917160e+02,-9.870569124695219898e+01,-2.185072557891131169e+02,4.475621368403301403e+02,-1.417222769442089998e+02,-5.360313498343716674e+02,-3.683768138396445693e+02,3.727040860918813223e+02,4.287333206750645331e+01,1.682690273895870448e+00,-5.580444767536041581e+03,-6.220308886393660941e+03,9.014560905737047491e+00,-1.277854801931863591e+02,-1.211551102212189051e+02,1.891327383488279850e+02,9.395542423636843665e+00,-1.083347330691778581e+02,-1.890517597746784077e+03,-3.501534637889525214e+01,-3.633680322484647718e+01,-2.596675211565280392e+02,1.405807744082195086e+03,-5.442168668891007144e+01,1.705452470389841437e+02,-1.166422191243463971e+02,1.378103822153335045e+00,-6.678744598334081672e+01,3.025303142437040194e+01,-1.467269886506051968e+01,-3.984822467119170142e+01,2.382461793189166315e+02,-3.229209390226674969e+01,-3.927283463030448729e+00,-4.128327688327049145e+02,7.747471003595970629e+00,2.999480941592425438e+02,1.079100860611833070e+02,-1.451581574040866585e+01,5.443906548018699141e+02,-1.153795474651572590e+02,-2.066883224138499031e+01
2.583831257039890517e+01,-1.858275486454276049e+01,-1.305859202496621378e+02,1.238756189797928045e+02,-2.866529582898454720e+01,-3.018312159843235065e+01,7.756689567377679850e+01,-4.952513162227333510e+01,-5.505982329211161641e+01,-3.743856479678031945e+01,-1.744077758683119441e+02,1.852111042992785883e+02,5.683162308786631201e+00,-6.073261853913088260e+00,7.954456324716733207e+01,-2.764686369305823632e+02,-4.595696925768821473e+01,-1.062307853440132135e+02,-3.229456217051773592e+01,6.016102853261565997e+01,5.323967436559081534e+01,-2.071685399925496256e+02,-9.939761428915825547e+01,-4.722030035633284228e+02,6.609901750779440022e+01,4.096065030411224939e+01,4.307526456881691956e+01,-3.967236526744114258e+02,-2.339809612921970370e+02,-5.817012226073871943e+02,-2.938960378318534481e+02,-3.548081485232425791e+01,1.941882856089888776e+01,-5.736099049791147308e+01,1.144574224235235249e+02,-6.683270322943146766e+02,3.538248121720330346e+02,6.455179816788236735e+01,3.241505978810471902e+02,1.477478990879030505e+02,8.194819596215626234e+01,6.069618443603393843e+01,2.108324262059373666e+01,-6.446234746274822669e+01,-9.029912036542968679e+01,-8.480539181040164465e+00,-5.118205295673145372e+01,2.887194707390228032e+01,-6.427529117476919396e+01,-2.889199580301400374e+02,-9.738440966804944310e+01,-2.185072557891131169e+02,4.475621368403301403e+02,-1.417222769442089998e+02,-5.360313498343716674e+02,-3.683768138396445693e+02,3.727040860918813223e+02,4.287333206750645331e+01,1.682690273895870448e+00,-5.576874602291792144e+03,-6.220308886393660941e+03,1.725121145871444028e+01,-1.208270405045343523e+02,-1.211551102212189051e+02,1.863563903405347162e+02,9.395542423636843665e+00,-1.083347330691778581e+02,-1.890517597746784077e+03,-3.501534637889525214e+01,-3.633680322484647718e+01,-2.596675211565280392e+02,1.437264402357849576e+03,-5.442168668891007144e+01,1.270190461018247277e+02,-1.166422191243463971e+02,8.930211252345230832e+00,-6.678744598334081672e+01,3.025303142437040194e+01,-1.467269886506051968e+01,-3.984822467119170142e+01,2.382461793189166315e+02,-3.229209390226674969e+01,-3.927283463030448729e+00,-4.128327688327049145e+02,7.747471003595970629e+00,2.999480941592425438e+02,1.079100860611833070e+02,-1.451581574040866585e+01,5.443906548018699141e+02,-1.153795474651572590e+02,-2.066883224138499031e+01
2.583831257039890517e+01,-1.858275486454276049e+01,-1.305859202496621378e+02,1.006603075671118006e+02,-2.866529582898454720e+01,-3.018312159843235065e+01,7.756689567377679850e+01,-4.952513162227333510e+01,-5.505982329211161641e+01,-3.743856479678031945e+01,-1.822444061004779883e+02,1.852111042992785883e+02,2.343447528623486420e+01,1.551395757574900713e+01,7.954456324716733207e+01,-2.764686369305823632e+02,-4.595696925768821473e+01,-1.062307853440132135e+02,-5.095694593915091275e+01,6.016102853261565997e+01,5.323967436559081534e+01,-2.071685399925496256e+02,-8.472957703652586758e+01,-4.722030035633284228e+02,6.609901750779440022e+01,4.966505528225501820e+01,4.307526456881691956e+01,-3.967236526744114258e+02,-2.339809612921970370e+02,-5.817012226073871943e+02,-2.480274377177022984e+02,-3.548081485232425791e+01,1.941882856089888776e+01,-5.736099049791147308e+01,1.144574224235235249e+02,-6.683270322943146766e+02,3.538248121720330346e+02,6.455179816788236735e+01,3.241505978810471902e+02,1.785263899035260806e+02,8.194819596215626234e+01,7.665289255965795689e+01,2.108324262059373666e+01,-6.446234746274822669e+01,-9.029912036542968679e+01,-8.480539181040164465e+00,-5.790936848772079060e+01,2.887194707390228032e+01,-6.427529117476919396e+01,-2.889199580301400374e+02,-9.738440966804944310e+01,-2.185072557891131169e+02,4.475621368403301403e+02,-1.417222769442089998e+02,-5.360313498343716674e+02,-3.683768138396445693e+02,3.727040860918813223e+02,4.287333206750645331e+01,1.682690273895870448e+00,-5.576874602291792144e+03,-6.214232309249679929e+03,1.725121145871444028e+01,-1.208270405045343523e+02,-1.149814698243901603e+02,1.863563903405347162e+02,9.395542423636843665e+00,-1.083347330691778581e+02,-1.890517597746784077e+03,-3.501534637889525214e+01,-1.781802462550101041e+01,-2.596675211565280392e+02,1.437264402357849576e+03,-5.948827907628712808e+01,1.270190461018247277e+02,-8.981128670153384519e+01,8.930211252345230832e+00,-6.678744598334081672e+01,3.025303142437040194e+01,-1.467269886506051968e+01,-3.984822467119170142e+01,2.382461793189166315e+02,-1.115322158961524224e+01,-3.927283463030448729e+00,-4.128327688327049145e+02,7.747471003595970629e+00,3.262163810249070934e+02,7.923807139444173231e+01,-1.451581574040866585e+01,5.443906548018699141e+02,-1.153795474651572590e+02,-2.066883224138499031e+01
2.583831257039890517e+01,-1.858275486454276049e+01,-1.305859202496621378e+02,1.006603075671118006e+02,-2.866529582898454720e+01,-3.018312159843235065e+01,7.756689567377679850e+01,-4.952513162227333510e+01,-5.505982329211161641e+01,-3.430925924404422744e+01,-1.822444061004779883e+02,1.852111042992785883e+02,2.846040316585142449e+01,1.551395757574900713e+01,7.954456324716733207e+01,-2.764686369305823632e+02,-1.334128472698731684e+02,-1.062307853440132135e+02,-4.315409635429344348e+01,6.016102853261565997e+01,5.323967436559081534e+01,-3.504704894074900494e+02,-8.472957703652586758e+01,-4.722030035633284228e+02,6.609901750779440022e+01,4.966505528225501820e+01,4.307526456881691956e+01,-3.967236526744114258e+02,-2.403684984537788694e+02,-5.817012226073871943e+02,-2.480274377177022984e+02,-3.548081485232425791e+01,1.941882856089888776e+01,-5.736099049791147308e+01,1.144574224235235249e+02,-6.683270322943146766e+02,3.538248121720330346e+02,2.295251228483353145e+01,3.241505978810471902e+02,1.785263899035260806e+02,1.140566390349064534e+02,7.665289255965795689e+01,2.108324262059373666e+01,-7.056365470099750326e+01,-9.029912036542968679e+01,-8.480539181040164465e+00,-5.790936848772079060e+01,2.887194707390228032e+01,-6.427529117476919396e+01,-2.889199580301400374e+02,-9.738440966804944310e+01,-2.185072557891131169e+02,4.475621368403301403e+02,-1.417222769442089998e+02,-5.360313498343716674e+02,-3.683768138396445693e+02,3.638755372141823159e+02,4.287333206750645331e+01,1.682690273895870448e+00,-5.576874602291792144e+03,-6.214232309249679929e+03,1.725121145871444028e+01,-1.208270405045343523e+02,-1.149814698243901603e+02,1.863563903405347162e+02,9.395542423636843665e+00,-1.083347330691778581e+02,-1.890517597746784077e+03,-3.501534637889525214e+01,-1.781802462550101041e+01,-2.596675211565280392e+02,1.437264402357849576e+03,-5.948827907628712808e+01,1.270190461018247277e+02,-8.981128670153384519e+01,8.930211252345230832e+00,-6.251223800610150505e+01,6.257678337694373738e+01,-1.467269886506051968e+01,-3.984822467119170142e+01,2.382461793189166315e+02,-1.115322158961524224e+01,-3.927283463030448729e+00,-4.128327688327049145e+02,7.747471003595970629e+00,3.262163810249070934e+02,7.923807139444173231e+01,-1.451581574040866585e+01,5.443906548018699141e+02,-1.153795474651572590e+02,-2.066883224138499031e+01
2.583831257039890517e+01,-1.858275486454276049e+01,-1.305859202496621378e+02,1.006603075671118006e+02,-2.866529582898454720e+01,-3.018312159843235065e+01,7.756689567377679850e+01,-4.952513162227333510e+01,-5.505982329211161641e+01,-3.430925924404422744e+01,-1.822444061004779883e+02,1.852111042992785883e+02,2.846040316585142449e+01,1.551395757574900713e+01,7.954456324716733207e+01,-2.764686369305823632e+02,-1.334128472698731684e+02,-9.326315553384465318e+01,-4.315409635429344348e+01,5.330728526728323686e+02,5.323967436559081534e+01,-3.504704894074900494e+02,-8.472957703652586758e+01,-4.722030035633284228e+02,6.609901750779440022e+01,3.265999064708923072e+01,5.053217064665723512e+01,-3.967236526744114258e+02,-2.403684984537788694e+02,-5.817012226073871943e+02,-2.480274377177022984e+02,-3.548081485232425791e+01,1.941882856089888776e+01,-5.736099049791147308e+01,1.144574224235235249e+02,-6.683270322943146766e+02,3.538248121720330346e+02,2.295251228483353145e+01,3.241505978810471902e+02,1.785263899035260806e+02,1.140566390349064534e+02,7.665289255965795689e+01,2.108324262059373666e+01,-7.056365470099750326e+01,-9.029912036542968679e+01,-8.480539181040164465e+00,-5.790936848772079060e+01,2.887194707390228032e+01,-6.427529117476919396e+01,-2.782079571536183948e+02,-9.738440966804944310e+01,-2.185072557891131169e+02,4.475621368403301403e+02,-1.417222769442089998e+02,-5.360313498343716674e+02,-3.683768138396445693e+02,3.638755372141823159e+02,4.287333206750645331e+01,1.682690273895870448e+00,-5.576874602291792144e+03,-6.214232309249679929e+03,1.725121145871444028e+01,-1.208270405045343523e+02,-1.149814698243901603e+02,1.863563903405347162e+02,9.395542423636843665e+00,-1.083347330691778581e+02,-1.890517597746784077e+03,-2.488057129219131980e+01,-1.781802462550101041e+01,-2.596675211565280392e+02,1.430282257711222883e+03,-5.948827907628712808e+01,1.270190461018247277e+02,-9.370823135863757614e+01,-1.071308134909937593e+00,-6.251223800610150505e+01,6.257678337694373738e+01,-1.467269886506051968e+01,-3.984822467119170142e+01,2.382461793189166315e+02,-4.929904578574588214e+01,-3.927283463030448729e+00,-1.598695155810756205e+03,7.747471003595970629e+00,3.262163810249070934e+02,7.923807139444173231e+01,-2.772194015521363042e+01,5.443906548018699141e+02,-1.153795474651572590e+02,-2.066883224138499031e+01
2.583831257039890517e+01,-1.858275486454276049e+01,-1.305859202496621378e+02,1.006603075671118006e+02,-2.866529582898454720e+01,-3.018312159843235065e+01,7.756689567377679850e+01,-4.542718865690608254e+01,-5.505982329211161641e+01,-3.430925924404422744e+01,-1.822444061004779883e+02,1.852111042992785883e+02,2.846040316585142449e+01,1.551395757574900713e+01,7.954456324716733207e+01,-2.644426750583249941e+02,-1.334128472698731684e+02,-9.326315553384465318e+01,-4.315409635429344348e+01,5.330728526728323686e+02,4.815460627961365248e+01,-3.504704894074900494e+02,-8.472957703652586758e+01,-4.722030035633284228e+02,6.609901750779440022e+01,3.265999064708923072e+01,5.053217064665723512e+01,-3.967236526744114258e+02,-2.403684984537788694e+02,-5.817012226073871943e+02,-2.480274377177022984e+02,-3.548081485232425791e+01,1.941882856089888776e+01,-5.476101486812249419e+01,1.144574224235235249e+02,-6.556742260560591831e+02,3.538248121720330346e+02,2.295251228483353145e+01,3.241505978810471902e+02,1.785263899035260806e+02,1.140566390349064534e+02,7.665289255965795689e+01,2.108324262059373666e+01,-7.056365470099750326e+01,-9.029912036542968679e+01,-8.480539181040164465e+00,-5.790936848772079060e+01,2.887194707390228032e+01,-6.684777566466671317e+01,-2.782079571536183948e+02,-9.738440966804944310e+01,-2.185072557891131169e+02,4.475621368403301403e+02,-1.417222769442089998e+02,-5.360313498343716674e+02,-3.683768138396445693e+02,3.638755372141823159e+02,4.287333206750645331e+01,1.682690273895870448e+00,-5.576874602291792144e+03,-6.214232309249679929e+03,1.725121145871444028e+01,-1.318491735002835696e+02,-1.149814698243901603e+02,1.863563903405347162e+02,1.210598279061180271e+01,-1.083347330691778581e+02,-1.890517597746784077e+03,-2.488057129219131980e+01,-1.781802462550101041e+01,-2.596675211565280392e+02,1.430282257711222883e+03,-5.661779889822203415e+01,1.174290595731880700e+02,-9.370823135863757614e+01,-1.071308134909937593e+00,-6.251223800610150505e+01,6.257678337694373738e+01,-1.467269886506051968e+01,-4.235965136173955159e+01,2.382461793189166315e+02,-4.929904578574588214e+01,-3.927283463030448729e+00,-1.598695155810756205e+03,7.747471003595970629e+00,3.262163810249070934e+02,9.166189339327841878e+01,-2.772194015521363042e+01,5.443906548018699141e+02,-1.153795474651572590e+02,-2.066883224138499031e+01
2.583831257039890517e+01,-1.858275486454276049e+01,-1.388729858655661360e+02,1.006603075671118006e+02,-2.866529582898454720e+01,-1.028730914783730270e+02,7.756689567377679850e+01,-4.542718865690608254e+01,-5.505982329211161641e+01,-3.430925924404422744e+01,-1.822444061004779883e+02,1.852111042992785883e+02,2.846040316585142449e+01,2.985855195209490631e+01,7.954456324716733207e+01,-2.644426750583249941e+02,-1.334128472698731684e+02,-9.326315553384465318e+01,-4.315409635429344348e+01,5.330728526728323686e+02,4.815460627961365248e+01,-3.504704894074900494e+02,-8.472957703652586758e+01,-4.722030035633284228e+02,6.609901750779440022e+01,3.265999064708923072e+01,5.053217064665723512e+01,-3.967236526744114258e+02,-2.403684984537788694e+02,-5.817012226073871943e+02,-2.480274377177022984e+02,-3.548081485232425791e+01,1.772835161533319024e+02,-5.476101486812249419e+01,1.334501722021083765e+02,-6.556742260560591831e+02,3.359485258696941514e+02,2.295251228483353145e+01,-4.344982413371196230e+02,1.785263899035260806e+02,1.140566390349064534e+02,7.665289255965795689e+01,-1.017644367797399525e+02,-7.056365470099750326e+01,-9.029912036542968679e+01,-8.480539181040164465e+00,-5.790936848772079060e+01,2.887194707390228032e+01,-6.684777566466671317e+01,-2.782079571536183948e+02,-9.738440966804944310e+01,-2.314658940367120010e+02,4.475621368403301403e+02,-1.417222769442089998e+02,-5.360313498343716674e+02,-3.683768138396445693e+02,3.638755372141823159e+02,4.287333206750645331e+01,1.682690273895870448e+00,-5.576874602291792144e+03,-6.214232309249679929e+03,1.725121145871444028e+01,-1.318491735002835696e+02,-1.149814698243901603e+02,1.863563903405347162e+02,1.210598279061180271e+01,-1.083347330691778581e+02,-1.890517597746784077e+03,-2.488057129219131980e+01,-2.855617107138969857e+01,-2.373525923840576581e+02,1.430282257711222883e+03,-5.661779889822203415e+01,1.174290595731880700e+02,-9.370823135863757614e+01,-1.071308134909937593e+00,-6.251223800610150505e+01,6.257678337694373738e+01,-1.467269886506051968e+01,-4.235965136173955159e+01,2.158247276218341426e+02,-4.929904578574588214e+01,-3.927283463030448729e+00,-1.598695155810756205e+03,7.747471003595970629e+00,3.262163810249070934e+02,9.166189339327841878e+01,-2.772194015521363042e+01,5.443906548018699141e+02,-1.153795474651572590e+02,-2.066883224138499031e+01
7.670460967197789159e+01,-1.858275486454276049e+01,-1.388729858655661360e+02,1.006603075671118006e+02,-3.651452967134552097e+01,-1.028730914783730270e+02,7.756689567377679850e+01,-4.542718865690608254e+01,-5.505982329211161641e+01,-3.430925924404422744e+01,-1.822444061004779883e+02,1.852111042992785883e+02,2.846040316585142449e+01,2.985855195209490631e+01,8.750421282586104610e+01,-2.644426750583249941e+02,-1.334128472698731684e+02,-9.326315553384465318e+01,-4.315409635429344348e+01,5.330728526728323686e+02,4.815460627961365248e+01,-3.504704894074900494e+02,-8.472957703652586758e+01,-4.722030035633284228e+02,6.609901750779440022e+01,3.265999064708923072e+01,5.053217064665723512e+01,-3.967236526744114258e+02,-2.403684984537788694e+02,-5.891239000856726307e+02,-2.480274377177022984e+02,-3.548081485232425791e+01,1.772835161533319024e+02,-5.476101486812249419e+01,1.334501722021083765e+02,-6.556742260560591831e+02,3.359485258696941514e+02,2.295251228483353145e+01,-4.344982413371196230e+02,1.785263899035260806e+02,1.140566390349064534e+02,7.665289255965795689e+01,-1.017644367797399525e+02,-7.056365470099750326e+01,-9.029912036542968679e+01,-1.245344862428481036e+01,-5.790936848772079060e+01,2.887194707390228032e+01,-6.684777566466671317e+01,-2.782079571536183948e+02,-1.409923383803359229e+02,-2.314658940367120010e+02,4.375755035240188704e+02,-1.293764090516338001e+02,-5.360313498343716674e+02,-3.683768138396445693e+02,3.638755372141823159e+02,4.287333206750645331e+01,1.682690273895870448e+00,-5.576874602291792144e+03,-6.214232309249679929e+03,1.725121145871444028e+01,-1.318491735002835696e+02,-1.149814698243901603e+02,1.863563903405347162e+02,1.210598279061180271e+01,-1.083347330691778581e+02,-1.890517597746784077e+03,-2.488057129219131980e+01,-2.855617107138969857e+01,-2.373525923840576581e+02,1.430282257711222883e+03,-5.661779889822203415e+01,1.174290595731880700e+02,-9.370823135863757614e+01,-1.071308134909937593e+00,-6.251223800610150505e+01,6.257678337694373738e+01,-2.138897291477412210e+01,-4.235965136173955159e+01,2.158247276218341426e+02,-4.929904578574588214e+01,-2.962752873288954447e+01,-1.598695155810756205e+03,-8.455545654612850015e+00,3.262163810249070934e+02,9.166189339327841878e+01,-2.772194015521363042e+01,5.443906548018699141e+02,-1.153795474651572590e+02,-9.355449182489884663e+00
7.670460967197789159e+01,-1.858275486454276049e+01,-1.388729858655661360e+02,1.006603075671118006e+02,-3.651452967134552097e+01,-1.028730914783730270e+02,7.831702909540216240e+01,-4.542718865690608254e+01,-5.505982329211161641e+01,-3.430925924404422744e+01,-1.822444061004779883e+02,1.840650197717428682e+02,2.846040316585142449e+01,2.985855195209490631e+01,8.750421282586104610e+01,-2.644426750583249941e+02,-1.334128472698731684e+02,-9.326315553384465318e+01,-4.315409635429344348e+01,5.330728526728323686e+02,4.815460627961365248e+01,-3.504704894074900494e+02,-8.472957703652586758e+01,-4.719876991976703948e+02,6.701212072393342112e+01,3.265999064708923072e+01,5.053217064665723512e+01,-3.967236526744114258e+02,-2.403684984537788694e+02,-5.891239000856726307e+02,-2.472824770349315031e+02,-3.471687786062882708e+01,1.772835161533319024e+02,-5.476101486812249419e+01,1.334501722021083765e+02,-6.556742260560591831e+02,3.359485258696941514e+02,2.295251228483353145e+01,-4.344982413371196230e+02,1.785263899035260806e+02,1.140566390349064534e+02,7.589158644630713013e+01,-1.017644367797399525e+02,-7.056365470099750326e+01,-9.008306193638949821e+01,-1.245344862428481036e+01,-5.751424461379227182e+01,2.887194707390228032e+01,-6.684777566466671317e+01,-2.782079571536183948e+02,-1.409923383803359229e+02,-2.314658940367120010e+02,4.375755035240188704e+02,-1.293764090516338001e+02,-5.360313498343716674e+02,-3.683768138396445693e+02,3.638755372141823159e+02,4.287333206750645331e+01,3.287756741424084694e+00,-5.576874602291792144e+03,-6.214232309249679929e+03,1.725121145871444028e+01,-1.318491735002835696e+02,-1.149814698243901603e+02,1.863563903405347162e+02,1.210598279061180271e+01,-1.083347330691778581e+02,-1.890175245869904302e+03,-2.488057129219131980e+01,-2.855617107138969857e+01,-2.373525923840576581e+02,1.430282257711222883e+03,-5.661779889822203415e+01,1.174290595731880700e+02,-9.370823135863757614e+01,-1.071308134909937593e+00,-6.251223800610150505e+01,6.257678337694373738e+01,-2.138897291477412210e+01,-4.235965136173955159e+01,2.158247276218341426e+02,-4.929904578574588214e+01,-2.962752873288954447e+01,-1.598695155810756205e+03,-8.455545654612850015e+00,3.262163810249070934e+02,9.166189339327841878e+01,-2.772194015521363042e+01,5.443906548018699141e+02,-1.155887648048654057e+02,-9.355449182489884663e+00
7.670460967197789159e+01,-3.704384109638158407e+01,-1.388729858655661360e+02,9.542225093045121298e+01,-3.651452967134552097e+01,-1.028730914783730270e+02,7.831702909540216240e+01,-4.542718865690608254e+01,-1.508160626153814832e+01,-3.430925924404422744e+01,-3.197265326325086789e+03,1.840650197717428682e+02,2.846040316585142449e+01,2.985855195209490631e+01,8.750421282586104610e+01,-2.644426750583249941e+02,-1.334128472698731684e+02,-9.326315553384465318e+01,-4.315409635429344348e+01,5.330728526728323686e+02,4.815460627961365248e+01,-3.504704894074900494e+02,9.447297368884967739e+01,-4.719876991976703948e+02,6.701212072393342112e+01,3.265999064708923072e+01,5.053217064665723512e+01,-4.119453469712493074e+02,-2.403684984537788694e+02,-5.891239000856726307e+02,-2.472824770349315031e+02,-3.471687786062882708e+01,1.772835161533319024e+02,-5.476101486812249419e+01,1.334501722021083765e+02,-6.556742260560591831e+02,3.359485258696941514e+02,2.295251228483353145e+01,-4.344982413371196230e+02,2.026526442293853734e+02,1.140566390349064534e+02,7.589158644630713013e+01,-1.017644367797399525e+02,-7.056365470099750326e+01,-9.008306193638949821e+01,-1.245344862428481036e+01,-5.751424461379227182e+01,1.971274590474902766e+01,-6.684777566466671317e+01,-2.782079571536183948e+02,-1.409923383803359229e+02,-2.314658940367120010e+02,4.375755035240188704e+02,-1.293764090516338001e+02,-5.214854285231156155e+02,-3.717657491237874297e+02,3.638755372141823159e+02,3.786348286115515549e+01,3.287756741424084694e+00,-5.568448202224267334e+03,-6.204893021619724095e+03,-1.752658920261211506e+00,-1.318491735002835696e+02,-5.724876618229749425e+01,4.685805140067229786e+02,1.210598279061180271e+01,-1.179283773089594405e+02,-1.890175245869904302e+03,-2.488057129219131980e+01,-2.855617107138969857e+01,-2.373525923840576581e+02,1.430282257711222883e+03,-5.661779889822203415e+01,1.174290595731880700e+02,-9.370823135863757614e+01,-1.071308134909937593e+00,-6.251223800610150505e+01,6.257678337694373738e+01,-2.138897291477412210e+01,-4.235965136173955159e+01,2.158247276218341426e+02,-4.929904578574588214e+01,-2.962752873288954447e+01,-1.598695155810756205e+03,-8.455545654612850015e+00,3.223086496201273121e+02,9.166189339327841878e+01,-2.772194015521363042e+01,5.360993937573815629e+02,-1.155887648048654057e+02,-9.355449182489884663e+00
1.100474100840235181e+01,1.504606786878596125e+01,-1.676042690418134100e+02,1.772390316574839630e+01,-3.377024332523681949e+01,-3.200142794801954693e+01,-3.087942850898651059e+01,-2.823848746541172261e+01,-6.059855018909889424e+00,3.551394308799906696e-01,7.127457049845838810e+01,6.973054444725619305e+01,-8.030990890381873726e+01,-7.391218156778982973e+01,1.776120064088539152e+01,-1.025644341268648390e+02,-3.852514813327037047e-01,9.241243591622225750e+00,5.507267181859511140e+00,2.500952803554600479e+01,3.015819996599516273e+00,-1.401706592216994807e+02,-5.892885349698021002e+01,-5.140046176340681541e+02,7.714615631610659818e+01,5.181191109321605381e+01,3.894918702222912543e+01,-5.990815225219984796e+01,-1.817203428385078041e+02,-5.861728875301207609e+02,-3.821807927280715376e+02,7.568979105731722257e+01,-3.245833662412368881e+01,-5.878132514602797443e+01,9.796391824196547304e+01,-7.365880219890203762e+02,-1.188024296800277213e+01,3.278432902709256247e+00,1.148338201731209409e+02,1.642655414374490022e+02,7.777349281772536926e+01,7.492799820968620850e+01,1.577810986732140819e+01,-2.603778392026261912e+01,-1.963309648808870733e+01,-2.362607927311022138e+01,-1.758244317102113286e+01,6.264270232043620545e-01,-5.513762485693911941e+01,-7.655351286754168427e+00,-5.548276009553326560e+00,8.393306341396136361e+01,8.055300297066793291e+01,-1.305329323889250475e+02,-1.388471578031690612e+01,-3.391216614296317857e+02,2.943383323471820034e+01,3.770744069381829888e+01,-4.351909654655141679e-01,-5.545227336086807554e+03,-6.185927922821258107e+03,1.802426637340053617e+01,-1.617838012248751767e+01,-1.037911222575597776e+02,1.747401128698398907e+02,5.664473900321137307e+02,-1.237194335836838661e+02,-1.981592141289483067e+01,-5.744087533415717672e+01,-3.473717665461006732e+01,-1.650650762749914406e+02,-7.914138267691279793e+01,-5.287692691699201220e+01,3.752341980465449183e+02,-3.094325773061482465e+01,6.388416767965607868e+00,-2.272046369777951114e+01,3.294669222826013488e+00,1.628438889715468108e+01,-8.683212697156136528e+01,2.955306302140945149e+02,-3.751682399167179227e+01,-2.243694439495282893e+02,-1.820499495836590711e+02,1.497358292375246336e+01,2.065879092584611385e+02,3.300828255101176723e+01,3.393162245246818998e+01,9.170206217757694844e+01,-2.770546422580691228e+02,1.116532871757235057e+01
1.100939447321527531e+01,1.500131699968766519e+01,-1.676042690418134100e+02,1.772390316574839630e+01,-3.377024332523681949e+01,-3.201570263387613124e+01,-3.087942850898651059e+01,-2.823848746541172261e+01,-6.059855018909889424e+00,3.551394308799906696e-01,7.127457049845838810e+01,6.973054444725619305e+01,-8.030990890381873726e+01,-7.391218156778982973e+01,1.776120064088539152e+01,-1.025644341268648390e+02,-3.852514813327037047e-01,9.241243591622225750e+00,5.507267181859511140e+00,2.500952803554600479e+01,3.015819996599516273e+00,-1.401706592216994807e+02,-5.892885349698021002e+01,-5.140046176340681541e+02,7.714615631610659818e+01,5.181191109321605381e+01,3.894918702222912543e+01,-5.990815225219984796e+01,-1.817203428385078041e+02,-5.861728875301207609e+02,-3.821807927280715376e+02,7.568979105731722257e+01,-3.245833662412368881e+01,-5.878132514602797443e+01,9.795241424627883475e+01,-7.365780406745036544e+02,-1.188024296800277213e+01,3.278432902709256247e+00,1.148338201731209409e+02,1.642655414374490022e+02,7.777349281772536926e+01,7.491723903623817193e+01,1.577810986732140819e+01,-2.603778392026261912e+01,-1.963309648808870733e+01,-2.362607927311022138e+01,-1.758244317102113286e+01,6.264270232043620545e-01,-5.513762485693911941e+01,-7.655351286754168427e+00,-5.538327348131462102e+00,8.393306341396136361e+01,8.055300297066793291e+01,-1.305329323889250475e+02,-1.388471578031690612e+01,-3.391216614296317857e+02,2.944104502928889033e+01,3.775017783125041149e+01,-4.351909654655141679e-01,-5.545227336086807554e+03,-6.185927922821258107e+03,1.802426637340053617e+01,-1.617838012248751767e+01,-1.033797625373679949e+02,1.747401128698398907e+02,5.664352545509044603e+02,-1.237194335836838661e+02,-1.981592141289483067e+01,-5.744087533415717672e+01,-3.473717665461006732e+01,-1.650398954116990353e+02,-7.914138267691279793e+01,-5.287692691699201220e+01,3.752341980465449183e+02,-3.094325773061482465e+01,6.388416767965607868e+00,-2.272046369777951114e+01,3.294669222826013488e+00,1.628438889715468108e+01,-8.683212697156136528e+01,2.955306302140945149e+02,-3.751682399167179227e+01,-2.243694439495282893e+02,-1.820499495836590711e+02,1.497358292375246336e+01,2.065879092584611385e+02,3.300828255101176723e+01,3.393162245246818998e+01,9.170206217757694844e+01,-2.770546422580691228e+02,1.116532871757235057e+01
1.100939447321527531e+01,1.500131699968766519e+01,-1.676042690418134100e+02,1.772390316574839630e+01,-3.377024332523681949e+01,-3.201570263387613124e+01,-3.087942850898651059e+01,-2.823848746541172261e+01,-6.059855018909889424e+00,2.224166552123478247e-01,7.127457049845838810e+01,6.973054444725619305e+01,-8.030990890381873726e+01,-7.391218156778982973e+01,1.776120064088539152e+01,-1.025644341268648390e+02,-3.852514813327037047e-01,9.241243591622225750e+00,5.507267181859511140e+00,2.500952803554600479e+01,3.015819996599516273e+00,-1.401706592216994807e+02,-5.892885349698021002e+01,-5.139721734600848322e+02,7.714615631610659818e+01,5.264228616072126954e+01,3.894918702222912543e+01,-5.990815225219984796e+01,-1.817839711555582767e+02,-5.861728875301207609e+02,-3.821807927280715376e+02,7.568979105731722257e+01,-3.239147478412090919e+01,-5.878132514602797443e+01,9.795241424627883475e+01,-7.365780406745036544e+02,-1.188024296800277213e+01,3.278432902709256247e+00,1.148338201731209409e+02,1.642655414374490022e+02,7.777349281772536926e+01,7.491723903623817193e+01,1.577810986732140819e+01,-2.601452806591194999e+01,-1.963309648808870733e+01,-2.332652151878683711e+01,-1.758244317102113286e+01,6.264270232043620545e-01,-5.513762485693911941e+01,-7.655351286754168427e+00,-5.538327348131462102e+00,8.393306341396136361e+01,8.055300297066793291e+01,-1.305329323889250475e+02,-1.388471578031690612e+01,-3.391216614296317857e+02,2.944104502928889033e+01,3.775017783125041149e+01,-4.351909654655141679e-01,-5.545227336086807554e+03,-6.185927922821258107e+03,1.802426637340053617e+01,-1.617838012248751767e+01,-1.033797625373679949e+02,1.747401128698398907e+02,5.664352545509044603e+02,-1.237194335836838661e+02,-1.981592141289483067e+01,-5.744087533415717672e+01,-3.473717665461006732e+01,-1.650398954116990353e+02,-7.914138267691279793e+01,-5.287692691699201220e+01,3.752341980465449183e+02,-3.052582461474397491e+01,6.388416767965607868e+00,-2.272046369777951114e+01,3.294669222826013488e+00,1.639819339558554745e+01,-8.683212697156136528e+01,2.954947200989294060e+02,-3.751682399167179227e+01,-2.243694439495282893e+02,-1.820499495836590711e+02,1.497358292375246336e+01,2.065879092584611385e+02,3.305425489414936635e+01,3.393162245246818998e+01,9.170206217757694844e+01,-2.770546422580691228e+02,1.106163229716112006e+01
1.100939447321527531e+01,1.500131699968766519e+01,-1.676042690418134100e+02,1.781354175831418019e+01,-3.377024332523681949e+01,-3.201570263387613124e+01,-3.085079922527015128e+01,-2.823848746541172261e+01,-6.059855018909889424e+00,2.224166552123478247e-01,7.131667063348446334e+01,6.973054444725619305e+01,-8.034347768166615822e+01,-7.391218156778982973e+01,1.776120064088539152e+01,-1.027451634940684073e+02,-4.487625887936376179e-01,9.241243591622225750e+00,5.507267181859511140e+00,2.500952803554600479e+01,3.015819996599516273e+00,-1.401706592216994807e+02,-5.892885349698021002e+01,-5.139721734600848322e+02,7.714615631610659818e+01,5.264228616072126954e+01,3.894918702222912543e+01,-5.990815225219984796e+01,-1.817839711555582767e+02,-5.861728875301207609e+02,-3.821807927280715376e+02,7.568979105731722257e+01,-3.239147478412090919e+01,-5.878132514602797443e+01,9.795241424627883475e+01,-7.365780406745036544e+02,-1.188024296800277213e+01,3.278432902709256247e+00,1.148338201731209409e+02,1.642655414374490022e+02,7.777349281772536926e+01,7.491723903623817193e+01,1.577810986732140819e+01,-2.601452806591194999e+01,-1.963309648808870733e+01,-2.332652151878683711e+01,-1.758244317102113286e+01,6.264270232043620545e-01,-5.513762485693911941e+01,-7.655351286754168427e+00,-5.538327348131462102e+00,8.393306341396136361e+01,8.055300297066793291e+01,-1.305329323889250475e+02,-1.390750958720748365e+01,-3.391216614296317857e+02,2.944104502928889033e+01,3.775017783125041149e+01,-4.351909654655141679e-01,-5.545227336086807554e+03,-6.185927922821258107e+03,1.802426637340053617e+01,-1.617838012248751767e+01,-1.033797625373679949e+02,1.747401128698398907e+02,5.664352545509044603e+02,-1.237194335836838661e+02,-1.987319816519224958e+01,-5.741861535404446215e+01,-3.473717665461006732e+01,-1.650398954116990353e+02,-7.914138267691279793e+01,-5.287692691699201220e+01,3.752341980465449183e+02,-3.052582461474397491e+01,6.388416767965607868e+00,-2.290121794346928041e+01,3.294669222826013488e+00,1.639819339558554745e+01,-8.683212697156136528e+01,2.954947200989294060e+02,-3.751682399167179227e+01,-2.243694439495282893e+02,-1.819499497644344501e+02,1.497358292375246336e+01,2.065879092584611385e+02,3.305425489414936635e+01,3.404711547995756149e+01,9.170206217757694844e+01,-2.770546422580691228e+02,1.106163229716112006e+01
1.100939447321527531e+01,1.500131699968766519e+01,-1.676042690418134100e+02,1.781354175831418019e+01,-3.377024332523681949e+01,-3.201570263387613124e+01,-3.085079922527015128e+01,-2.823848746541172261e+01,-6.059855018909889424e+00,2.224166552123478247e-01,7.131667063348446334e+01,6.973054444725619305e+01,-8.034347768166615822e+01,-7.391218156778982973e+01,1.776120064088539152e+01,-1.027451634940684073e+02,-4.487625887936376179e-01,9.241243591622225750e+00,5.507267181859511140e+00,2.500952803554600479e+01,3.015819996599516273e+00,-1.401311997909349998e+02,-5.892885349698021002e+01,-5.139721734600848322e+02,7.714615631610659818e+01,5.264228616072126954e+01,3.894918702222912543e+01,-5.990815225219984796e+01,-1.817839711555582767e+02,-5.861728875301207609e+02,-3.822284600114790578e+02,7.568979105731722257e+01,-3.239147478412090919e+01,-5.878132514602797443e+01,9.795241424627883475e+01,-7.365780406745036544e+02,-1.188024296800277213e+01,2.385519587110140893e+00,1.148338201731209409e+02,1.642655414374490022e+02,7.777349281772536926e+01,7.491723903623817193e+01,1.577810986732140819e+01,-2.601452806591194999e+01,-1.947511972942658076e+01,-2.332652151878683711e+01,-1.758244317102113286e+01,6.264270232043620545e-01,-5.513762485693911941e+01,-7.655351286754168427e+00,-5.538327348131462102e+00,8.382666525646946809e+01,8.054170985350090461e+01,-1.323330411904520361e+02,-1.390750958720748365e+01,-3.391216614296317857e+02,2.944104502928889033e+01,3.775017783125041149e+01,-5.607201442966659455e-01,-5.545214710373683374e+03,-6.185927922821258107e+03,1.802426637340053617e+01,-1.617838012248751767e+01,-1.033797625373679949e+02,1.745728125517016167e+02,5.664352545509044603e+02,-1.237194335836838661e+02,-1.987319816519224958e+01,-5.741861535404446215e+01,-3.473717665461006732e+01,-1.650398954116990353e+02,-7.914138267691279793e+01,-5.287692691699201220e+01,3.752341980465449183e+02,-3.052582461474397491e+01,6.388416767965607868e+00,-2.290121794346928041e+01,3.331647872322166304e+00,1.639819339558554745e+01,-8.683212697156136528e+01,2.954947200989294060e+02,-3.751682399167179227e+01,-2.243694439495282893e+02,-1.819499497644344501e+02,1.497358292375246336e+01,2.065879092584611385e+02,3.305425489414936635e+01,3.404711547995756149e+01,9.177005682240921658e+01,-2.770546422580691228e+02,1.106163229716112006e+01
1.100939447321527531e+01,1.500131699968766519e+01,-1.676042690418134100e+02,1.781354175831418019e+01,-3.377024332523681949e+01,-3.201570263387613124e+01,-3.085079922527015128e+01,-2.822923600919015286e+01,-6.059855018909889424e+00,2.224166552123478247e-01,7.131667063348446334e+01,6.973054444725619305e+01,-8.034347768166615822e+01,-7.399299368266984800e+01,1.774692204088590231e+01,-1.027451634940684073e+02,-4.487625887936376179e-01,9.241243591622225750e+00,5.513335516870641051e+00,2.500952803554600479e+01,3.015819996599516273e+00,-1.401311997909349998e+02,-5.892885349698021002e+01,-5.139721734600848322e+02,7.714615631610659818e+01,5.264228616072126954e+01,3.894918702222912543e+01,-5.993113228931699865e+01,-1.817839711555582767e+02,-5.861728875301207609e+02,-3.822284600114790578e+02,7.568979105731722257e+01,-3.239147478412090919e+01,-5.878132514602797443e+01,9.795241424627883475e+01,-7.365780406745036544e+02,-1.188024296800277213e+01,2.385519587110140893e+00,1.148030611534681640e+02,1.642655414374490022e+02,7.776005762983807301e+01,7.491723903623817193e+01,1.577810986732140819e+01,-2.601452806591194999e+01,-1.947511972942658076e+01,-2.332652151878683711e+01,-1.760445011105307600e+01,6.264270232043620545e-01,-5.513762485693911941e+01,-7.655351286754168427e+00,-5.538327348131462102e+00,8.382666525646946809e+01,8.054170985350090461e+01,-1.323330411904520361e+02,-1.390750958720748365e+01,-3.391335604721458026e+02,2.944104502928889033e+01,3.775017783125041149e+01,-5.607201442966659455e-01,-5.545214710373683374e+03,-6.185927922821258107e+03,1.786548928143049153e+01,-1.615685800649772119e+01,-1.033797625373679949e+02,1.745728125517016167e+02,5.664352545509044603e+02,-1.237194335836838661e+02,-1.987319816519224958e+01,-5.741861535404446215e+01,-3.473717665461006732e+01,-1.650398954116990353e+02,-7.914138267691279793e+01,-5.287692691699201220e+01,3.752341980465449183e+02,-3.052582461474397491e+01,6.388416767965607868e+00,-2.290121794346928041e+01,3.331647872322166304e+00,1.639819339558554745e+01,-8.683212697156136528e+01,2.954947200989294060e+02,-3.754022690331667889e+01,-2.243694439495282893e+02,-1.819499497644344501e+02,1.497358292375246336e+01,2.065879092584611385e+02,3.305425489414936635e+01,3.404711547995756149e+01,9.177005682240921658e+01,-2.770546422580691228e+02,1.106163229716112006e+01
1.100939447321527531e+01,1.500131699968766519e+01,-1.676042690418134100e+02,1.781354175831418019e+01,-3.377276696628466368e+01,-3.201570263387613124e+01,-3.085079922527015128e+01,-2.822923600919015286e+01,-6.059855018909889424e+00,2.224166552123478247e-01,7.131667063348446334e+01,6.970810189340818397e+01,-8.034347768166615822e+01,-7.399299368266984800e+01,1.774692204088590231e+01,-1.027451634940684073e+02,-4.487625887936376179e-01,9.235610406453178101e+00,5.513335516870641051e+00,2.501438872039059191e+01,3.012925575647757537e+00,-1.401311997909349998e+02,-5.893099300856668066e+01,-5.139721734600848322e+02,7.714615631610659818e+01,5.264228616072126954e+01,3.894918702222912543e+01,-5.993113228931699865e+01,-1.817839711555582767e+02,-5.861134775397383692e+02,-3.822284600114790578e+02,7.568867217813493653e+01,-3.239147478412090919e+01,-5.878132514602797443e+01,9.795241424627883475e+01,-7.365780406745036544e+02,-1.187812746677682973e+01,2.385519587110140893e+00,1.148030611534681640e+02,1.642655414374490022e+02,7.776005762983807301e+01,7.491723903623817193e+01,1.575814047510151639e+01,-2.601452806591194999e+01,-1.947511972942658076e+01,-2.332652151878683711e+01,-1.760445011105307600e+01,6.293660042048555558e-01,-5.513762485693911941e+01,-7.664303081901834958e+00,-5.538327348131462102e+00,8.382666525646946809e+01,8.054170985350090461e+01,-1.323330411904520361e+02,-1.390750958720748365e+01,-3.391335604721458026e+02,2.944104502928889033e+01,3.775017783125041149e+01,-5.607201442966659455e-01,-5.545214710373683374e+03,-6.185925649367951337e+03,1.786548928143049153e+01,-1.615685800649772119e+01,-1.033797625373679949e+02,1.745728125517016167e+02,5.664352545509044603e+02,-1.237203604646541777e+02,-1.987319816519224958e+01,-5.741861535404446215e+01,-3.473717665461006732e+01,-1.650398954116990353e+02,-7.911108927015385461e+01,-5.287692691699201220e+01,3.752315580806323396e+02,-3.052582461474397491e+01,6.388416767965607868e+00,-2.290121794346928041e+01,3.331647872322166304e+00,1.639819339558554745e+01,-8.683212697156136528e+01,2.954947200989294060e+02,-3.754022690331667889e+01,-2.243694439495282893e+02,-1.819499497644344501e+02,1.507942368404884093e+01,2.065829365791439329e+02,3.305425489414936635e+01,3.404711547995756149e+01,9.177005682240921658e+01,-2.770467220091636591e+02,1.106163229716112006e+01
1.100939447321527531e+01,1.500131699968766519e+01,-1.676042690418134100e+02,1.781354175831418019e+01,-3.377276696628466368e+01,-3.201343130935602233e+01,-3.085079922527015128e+01,-2.822923600919015286e+01,-6.059855018909889424e+00,2.224166552123478247e-01,7.131667063348446334e+01,6.969804953351126642e+01,-8.034347768166615822e+01,-7.399633361572492163e+01,1.774692204088590231e+01,-1.027451634940684073e+02,-4.487625887936376179e-01,9.235610406453178101e+00,5.513335516870641051e+00,2.501438872039059191e+01,3.012925575647757537e+00,-1.401311997909349998e+02,-5.893099300856668066e+01,-5.139721734600848322e+02,7.714615631610659818e+01,5.264228616072126954e+01,3.894918702222912543e+01,-5.993113228931699865e+01,-1.819702577761318594e+02,-5.861125148435601204e+02,-3.822284600114790578e+02,7.568867217813493653e+01,-3.239147478412090919e+01,-5.876971838368849888e+01,9.795241424627883475e+01,-7.365780406745036544e+02,-1.187812746677682973e+01,2.385519587110140893e+00,1.148030611534681640e+02,1.642655414374490022e+02,7.776005762983807301e+01,7.491723903623817193e+01,1.575814047510151639e+01,-2.601452806591194999e+01,-1.947511972942658076e+01,-2.332652151878683711e+01,-1.760445011105307600e+01,6.293660042048555558e-01,-5.513762485693911941e+01,-7.664303081901834958e+00,-5.538884122926396536e+00,8.382666525646946809e+01,8.054170985350090461e+01,-1.323330411904520361e+02,-1.390750958720748365e+01,-3.391335604721458026e+02,2.944104502928889033e+01,3.775017783125041149e+01,-5.607201442966659455e-01,-5.545214710373683374e+03,-6.185925649367951337e+03,1.786548928143049153e+01,-1.615685800649772119e+01,-1.033797625373679949e+02,1.745738660186647166e+02,5.664352545509044603e+02,-1.237203604646541777e+02,-1.987458956132786270e+01,-5.741861535404446215e+01,-3.473717665461006732e+01,-1.650398954116990353e+02,-7.911108927015385461e+01,-5.287692691699201220e+01,3.752315580806323396e+02,-3.052582461474397491e+01,6.388416767965607868e+00,-2.290121794346928041e+01,3.331647872322166304e+00,1.639865730952379863e+01,-8.683212697156136528e+01,2.954916767198988623e+02,-3.754022690331667889e+01,-2.243694439495282893e+02,-1.819499497644344501e+02,1.507942368404884093e+01,2.065829365791439329e+02,3.305425489414936635e+01,3.404711547995756149e+01,9.177005682240921658e+01,-2.770321564332753042e+02,1.106163229716112006e+01
1.100939447321527531e+01,1.500131699968766519e+01,-1.676042690418134100e+02,1.781354175831418019e+01,-3.377276696628466368e+01,-3.201343130935602233e+01,-3.085079922527015128e+01,-2.822923600919015286e+01,-6.059855018909889424e+00,2.224166552123478247e-01,7.132577478125318748e+01,6.969804953351126642e+01,-8.034347768166615822e+01,-7.399633361572492163e+01,1.774692204088590231e+01,-1.028180053093603590e+02,-4.487625887936376179e-01,9.235610406453178101e+00,5.513335516870641051e+00,2.501438872039059191e+01,3.012925575647757537e+00,-1.401311997909349998e+02,-5.893099300856668066e+01,-5.139721734600848322e+02,7.714615631610659818e+01,5.264228616072126954e+01,3.894918702222912543e+01,-5.993113228931699865e+01,-1.819702577761318594e+02,-5.861125148435601204e+02,-3.822284600114790578e+02,7.568867217813493653e+01,-3.239147478412090919e+01,-5.876971838368849888e+01,9.794612436837816460e+01,-7.365780406745036544e+02,-1.187812746677682973e+01,2.385519587110140893e+00,1.148030611534681640e+02,1.642655414374490022e+02,7.776773711193087024e+01,7.492422062256132165e+01,1.575814047510151639e+01,-2.601452806591194999e+01,-1.904586975325403131e+01,-2.332652151878683711e+01,-1.760445011105307600e+01,6.293660042048555558e-01,-5.513762485693911941e+01,-7.664303081901834958e+00,-5.538884122926396536e+00,8.382666525646946809e+01,8.054170985350090461e+01,-1.323330411904520361e+02,-1.391630474643635651e+01,-3.391335604721458026e+02,2.944104502928889033e+01,3.775017783125041149e+01,-5.607201442966659455e-01,-5.545214710373683374e+03,-6.185925649367951337e+03,1.786548928143049153e+01,-1.615232674082253439e+01,-1.033797625373679949e+02,1.745738660186647166e+02,5.664490522543867428e+02,-1.237203604646541777e+02,-1.987458956132786270e+01,-5.740822713817254908e+01,-3.473717665461006732e+01,-1.650398954116990353e+02,-7.911108927015385461e+01,-5.287692691699201220e+01,3.752355440433684635e+02,-3.052582461474397491e+01,6.388416767965607868e+00,-2.290121794346928041e+01,3.331647872322166304e+00,1.639865730952379863e+01,-8.683212697156136528e+01,2.954916767198988623e+02,-3.754022690331667889e+01,-2.243694439495282893e+02,-1.819499497644344501e+02,1.507942368404884093e+01,2.065888441267715052e+02,3.305425489414936635e+01,3.404711547995756149e+01,9.177005682240921658e+01,-2.770321564332753042e+02,1.106163229716112006e+01
1.111684770018726987e+01,1.500131699968766519e+01,-1.676920341803362362e+02,1.781354175831418019e+01,-3.377276696628466368e+01,-3.201343130935602233e+01,-3.087655399265812051e+01,-2.822923600919015286e+01,-6.059855018909889424e+00,2.224166552123478247e-01,7.132577478125318748e+01,6.969804953351126642e+01,-8.034347768166615822e+01,-7.399633361572492163e+01,1.774692204088590231e+01,-1.028180053093603590e+02,-4.487625887936376179e-01,9.235610406453178101e+00,5.513335516870641051e+00,2.501438872039059191e+01,3.012925575647757537e+00,-1.401311997909349998e+02,-5.893099300856668066e+01,-5.139721734600848322e+02,7.714615631610659818e+01,5.264228616072126954e+01,3.894918702222912543e+01,-5.993113228931699865e+01,-1.819702577761318594e+02,-5.861125148435601204e+02,-3.822419085695458989e+02,7.568867217813493653e+01,-3.239147478412090919e+01,-5.876971838368849888e+01,9.794612436837816460e+01,-7.365048699731282795e+02,-1.187812746677682973e+01,2.438752099856510203e+00,1.148030611534681640e+02,1.642655414374490022e+02,7.776773711193087024e+01,7.492422062256132165e+01,1.575814047510151639e+01,-2.605155701885032116e+01,-1.904586975325403131e+01,-2.332652151878683711e+01,-1.772951509847417739e+01,6.293660042048555558e-01,-5.513762485693911941e+01,-7.664303081901834958e+00,-5.538884122926396536e+00,8.382666525646946809e+01,8.054170985350090461e+01,-1.323330411904520361e+02,-1.391630474643635651e+01,-3.391335604721458026e+02,2.944104502928889033e+01,3.775017783125041149e+01,-5.607201442966659455e-01,-5.545214710373683374e+03,-6.185925649367951337e+03,1.786548928143049153e+01,-1.615232674082253439e+01,-1.033797625373679949e+02,1.745738660186647166e+02,5.664490522543867428e+02,-1.237203604646541777e+02,-1.987458956132786270e+01,-5.740822713817254908e+01,-3.473717665461006732e+01,-1.650732878640534693e+02,-7.906582873061545058e+01,-5.280008413554666902e+01,3.752355440433684635e+02,-3.052582461474397491e+01,6.388416767965607868e+00,-2.290121794346928041e+01,3.331647872322166304e+00,1.639865730952379863e+01,-8.683212697156136528e+01,2.954916767198988623e+02,-3.754022690331667889e+01,-2.243694439495282893e+02,-1.820206999408905801e+02,1.507942368404884093e+01,2.065888441267715052e+02,3.305425489414936635e+01,3.404711547995756149e+01,9.177005682240921658e+01,-2.770321564332753042e+02,1.106163229716112006e+01
1.111684770018726987e+01,1.500131699968766519e+01,-1.676920341803362362e+02,1.781354175831418019e+01,-3.377276696628466368e+01,-3.201343130935602233e+01,-3.087655399265812051e+01,-2.822923600919015286e+01,-6.059855018909889424e+00,2.224166552123478247e-01,7.132577478125318748e+01,6.969804953351126642e+01,-8.044506509354606294e+01,-7.399633361572492163e+01,1.774692204088590231e+01,-1.028180053093603590e+02,-4.487625887936376179e-01,9.235610406453178101e+00,5.513335516870641051e+00,2.500565682668995748e+01,3.012925575647757537e+00,-1.401311997909349998e+02,-5.893099300856668066e+01,-5.139721734600848322e+02,7.713384083964585614e+01,5.264228616072126954e+01,3.894918702222912543e+01,-5.993113228931699865e+01,-1.819702577761318594e+02,-5.861125148435601204e+02,-3.822419085695458989e+02,7.568867217813493653e+01,-3.239147478412090919e+01,-5.876971838368849888e+01,9.794612436837816460e+01,-7.365048699731282795e+02,-1.191963391920794635e+01,2.438752099856510203e+00,1.147990686499505557e+02,1.642655414374490022e+02,7.776773711193087024e+01,7.492422062256132165e+01,1.585638665357125277e+01,-2.605155701885032116e+01,-1.904586975325403131e+01,-2.336127319759407328e+01,-1.772951509847417739e+01,6.409170800947325830e-01,-5.513762485693911941e+01,-7.664303081901834958e+00,-5.538884122926396536e+00,8.383719880305692129e+01,8.054170985350090461e+01,-1.323330411904520361e+02,-1.391630474643635651e+01,-3.391335604721458026e+02,2.944104502928889033e+01,3.775017783125041149e+01,-5.607201442966659455e-01,-5.545214710373683374e+03,-6.185925649367951337e+03,1.786548928143049153e+01,-1.615232674082253439e+01,-1.033797625373679949e+02,1.745738660186647166e+02,5.664490522543867428e+02,-1.237203604646541777e+02,-1.987458956132786270e+01,-5.740822713817254908e+01,-3.473717665461006732e+01,-1.650732878640534693e+02,-7.906582873061545058e+01,-5.280008413554666902e+01,3.752355440433684635e+02,-3.052582461474397491e+01,6.436675811330008656e+00,-2.290121794346928041e+01,3.331647872322166304e+00,1.639865730952379863e+01,-8.683212697156136528e+01,2.954916767198988623e+02,-3.754022690331667889e+01,-2.243694439495282893e+02,-1.820206999408905801e+02,1.507942368404884093e+01,2.065888441267715052e+02,3.305425489414936635e+01,3.405668349495417857e+01,9.177005682240921658e+01,-2.770321564332753042e+02,1.110362132477319896e+01
1.111684770018726987e+01,1.500131699968766519e+01,-1.676920341803362362e+02,1.781354175831418019e+01,-3.377276696628466368e+01,-3.201343130935602233e+01,-3.087655399265812051e+01,-2.822923600919015286e+01,-6.059855018909889424e+00,2.224166552123478247e-01,7.132577478125318748e+01,6.969804953351126642e+01,-8.044506509354606294e+01,-7.399633361572492163e+01,1.774692204088590231e+01,-1.028180053093603590e+02,-4.408538238186104907e-01,9.235610406453178101e+00,5.513335516870641051e+00,2.500565682668995748e+01,3.012925575647757537e+00,-1.401311997909349998e+02,-5.893099300856668066e+01,-5.139649065346405905e+02,7.713384083964585614e+01,5.264228616072126954e+01,3.891792117910591031e+01,-5.993529358941246699e+01,-1.819702577761318594e+02,-5.861125148435601204e+02,-3.822419085695458989e+02,7.568867217813493653e+01,-3.237853910188444928e+01,-5.876971838368849888e+01,9.794612436837816460e+01,-7.365048699731282795e+02,-1.191963391920794635e+01,2.438752099856510203e+00,1.147990686499505557e+02,1.642655414374490022e+02,7.776773711193087024e+01,7.492422062256132165e+01,1.585638665357125277e+01,-2.605155701885032116e+01,-1.904586975325403131e+01,-2.336127319759407328e+01,-1.772951509847417739e+01,6.409170800947325830e-01,-5.513762485693911941e+01,-7.664303081901834958e+00,-5.538884122926396536e+00,8.383719880305692129e+01,8.054170985350090461e+01,-1.323330411904520361e+02,-1.391630474643635651e+01,-3.391437770517693480e+02,2.944104502928889033e+01,3.775017783125041149e+01,-5.569362565897352235e-01,-5.545214710373683374e+03,-6.188237519620804960e+03,1.785668921511226870e+01,-1.615232674082253439e+01,-1.033797625373679949e+02,1.745738660186647166e+02,5.664490522543867428e+02,-1.237203604646541777e+02,-1.987458956132786270e+01,-5.740822713817254908e+01,-3.473717665461006732e+01,-1.650732878640534693e+02,-7.906582873061545058e+01,-5.280008413554666902e+01,3.752355440433684635e+02,-3.053423359523240066e+01,6.436675811330008656e+00,-2.289732895833988024e+01,3.326811716394994622e+00,1.639865730952379863e+01,-8.683212697156136528e+01,2.954916767198988623e+02,-3.754022690331667889e+01,-2.243694439495282893e+02,-1.820206999408905801e+02,1.507942368404884093e+01,2.065888441267715052e+02,3.305425489414936635e+01,3.405668349495417857e+01,9.177005682240921658e+01,-2.770321564332753042e+02,1.110362132477319896e+01
1.111684770018726987e+01,1.501686465364636369e+01,-1.676920341803362362e+02,1.781354175831418019e+01,-3.377276696628466368e+01,-3.201343130935602233e+01,-3.087655399265812051e+01,-2.822923600919015286e+01,-6.059855018909889424e+00,2.224166552123478247e-01,7.132577478125318748e+01,6.969804953351126642e+01,-8.044506509354606294e+01,-7.399633361572492163e+01,1.774692204088590231e+01,-1.028180053093603590e+02,-4.408538238186104907e-01,9.179197048980869411e+00,5.513335516870641051e+00,2.500565682668995748e+01,3.012925575647757537e+00,-1.401250449411459726e+02,-5.893099300856668066e+01,-5.139649065346405905e+02,7.713384083964585614e+01,5.258299973228275093e+01,3.891792117910591031e+01,-5.993529358941246699e+01,-1.819702577761318594e+02,-5.861125148435601204e+02,-3.822419085695458989e+02,7.613281629004534068e+01,-3.237853910188444928e+01,-5.876971838368849888e+01,9.794612436837816460e+01,-7.365048699731282795e+02,-1.191963391920794635e+01,2.438752099856510203e+00,1.147990686499505557e+02,1.642819272119941729e+02,7.776773711193087024e+01,7.492422062256132165e+01,1.585638665357125277e+01,-2.605155701885032116e+01,-1.904586975325403131e+01,-2.336127319759407328e+01,-1.772951509847417739e+01,6.409170800947325830e-01,-5.518403790925997754e+01,-7.702454051716898675e+00,-5.538884122926396536e+00,8.383719880305692129e+01,8.054170985350090461e+01,-1.323081848653079078e+02,-1.391630474643635651e+01,-3.391437770517693480e+02,2.944104502928889033e+01,3.775017783125041149e+01,-5.569362565897352235e-01,-5.545214710373683374e+03,-6.188237519620804960e+03,1.785668921511226870e+01,-1.615232674082253439e+01,-1.033797625373679949e+02,1.745738660186647166e+02,5.664490522543867428e+02,-1.237203604646541777e+02,-1.987458956132786270e+01,-5.740822713817254908e+01,-3.474369061453985097e+01,-1.650732878640534693e+02,-7.906582873061545058e+01,-5.280008413554666902e+01,3.752355440433684635e+02,-3.053423359523240066e+01,6.436675811330008656e+00,-2.289732895833988024e+01,3.326811716394994622e+00,1.639865730952379863e+01,-8.683212697156136528e+01,2.954916767198988623e+02,-3.754022690331667889e+01,-2.243842768150205700e+02,-1.820206999408905801e+02,1.507942368404884093e+01,2.065888441267715052e+02,3.306747563876225371e+01,3.405668349495417857e+01,9.177005682240921658e+01,-2.770321564332753042e+02,1.110362132477319896e+01
1.111684770018726987e+01,1.501686465364636369e+01,-1.676920341803362362e+02,1.779712550930810266e+01,-3.378652950998387894e+01,-3.201343130935602233e+01,-3.087655399265812051e+01,-2.827716482538800236e+01,-6.077841562434730172e+00,2.296101108593767703e-01,7.132577478125318748e+01,6.969804953351126642e+01,-8.044506509354606294e+01,-7.399633361572492163e+01,1.765128151358656439e+01,-1.028180053093603590e+02,-4.408538238186104907e-01,9.179197048980869411e+00,5.556122401346144102e+00,2.500565682668995748e+01,3.004441984676553545e+00,-1.401250449411459726e+02,-5.894435263363615718e+01,-5.139649065346405905e+02,7.713384083964585614e+01,5.258299973228275093e+01,3.891792117910591031e+01,-5.993529358941246699e+01,-1.819702577761318594e+02,-5.861125148435601204e+02,-3.822419085695458989e+02,7.613281629004534068e+01,-3.237853910188444928e+01,-5.876971838368849888e+01,9.794612436837816460e+01,-7.365048699731282795e+02,-1.191963391920794635e+01,2.438752099856510203e+00,1.147990686499505557e+02,1.642819272119941729e+02,7.776773711193087024e+01,7.492422062256132165e+01,1.585638665357125277e+01,-2.605155701885032116e+01,-1.904586975325403131e+01,-2.336127319759407328e+01,-1.772951509847417739e+01,6.409170800947325830e-01,-5.518403790925997754e+01,-7.702454051716898675e+00,-5.538884122926396536e+00,8.383719880305692129e+01,8.054858256897247770e+01,-1.323081848653079078e+02,-1.391630474643635651e+01,-3.391437770517693480e+02,2.941851926450824806e+01,3.770834576386481274e+01,-5.569362565897352235e-01,-5.545285434744227132e+03,-6.188237519620804960e+03,1.785668921511226870e+01,-1.615232674082253439e+01,-1.033978233612706816e+02,1.745738660186647166e+02,5.664490522543867428e+02,-1.237350370740791590e+02,-1.987458956132786270e+01,-5.740822713817254908e+01,-3.474369061453985097e+01,-1.650732878640534693e+02,-7.906582873061545058e+01,-5.280008413554666902e+01,3.752355440433684635e+02,-3.053423359523240066e+01,6.436675811330008656e+00,-2.289732895833988024e+01,3.326811716394994622e+00,1.639865730952379863e+01,-8.684020803946486922e+01,2.954916767198988623e+02,-3.754790328938778288e+01,-2.243842768150205700e+02,-1.820206999408905801e+02,1.506285761801495049e+01,2.065888441267715052e+02,3.306747563876225371e+01,3.405668349495417857e+01,9.177520417951960496e+01,-2.770321564332753042e+02,1.110362132477319896e+01
1.111684770018726987e+01,1.503360003750061757e+01,-1.676920341803362362e+02,1.779712550930810266e+01,-3.378652950998387894e+01,-3.201343130935602233e+01,-3.087655399265812051e+01,-2.827716482538800236e+01,-6.077841562434730172e+00,2.296101108593767703e-01,7.132577478125318748e+01,6.971000402476173008e+01,-8.044506509354606294e+01,-7.399633361572492163e+01,1.765128151358656439e+01,-1.028180053093603590e+02,-4.408538238186104907e-01,9.179197048980869411e+00,5.556122401346144102e+00,2.500565682668995748e+01,3.004441984676553545e+00,-1.401250449411459726e+02,-5.894435263363615718e+01,-5.139649065346405905e+02,7.713384083964585614e+01,5.259050890789103505e+01,3.891792117910591031e+01,-5.993529358941246699e+01,-1.819702577761318594e+02,-5.860934043447269914e+02,-3.822419085695458989e+02,7.613281629004534068e+01,-3.237853910188444928e+01,-5.876971838368849888e+01,9.794612436837816460e+01,-7.365048699731282795e+02,-1.191963391920794635e+01,2.431125876252816287e+00,1.147990686499505557e+02,1.642819272119941729e+02,7.776773711193087024e+01,7.492422062256132165e+01,1.585638665357125277e+01,-2.605155701885032116e+01,-1.904586975325403131e+01,-2.336127319759407328e+01,-1.772951509847417739e+01,6.321481619194971868e-01,-5.518403790925997754e+01,-7.702454051716898675e+00,-5.538884122926396536e+00,8.383719880305692129e+01,8.054858256897247770e+01,-1.323081848653079078e+02,-1.391630474643635651e+01,-3.391437770517693480e+02,2.941851926450824806e+01,3.770834576386481274e+01,-5.569362565897352235e-01,-5.545285434744227132e+03,-6.188237519620804960e+03,1.784681676489907076e+01,-1.615232674082253439e+01,-1.034720472384685337e+02,1.745810736634423961e+02,5.664490522543867428e+02,-1.237350370740791590e+02,-1.987458956132786270e+01,-5.741813078323605168e+01,-3.474369061453985097e+01,-1.650732878640534693e+02,-7.906582873061545058e+01,-5.280008413554666902e+01,3.752355440433684635e+02,-3.051715079903612349e+01,6.436675811330008656e+00,-2.289732895833988024e+01,3.326811716394994622e+00,1.639865730952379863e+01,-8.701242510573815991e+01,2.954916767198988623e+02,-3.754790328938778288e+01,-2.243842768150205700e+02,-1.820206999408905801e+02,1.506285761801495049e+01,2.065888441267715052e+02,3.306747563876225371e+01,3.405668349495417857e+01,9.177520417951960496e+01,-2.770321564332753042e+02,1.110362132477319896e+01
1.112384798931432428e+01,1.503360003750061757e+01,-1.676920341803362362e+02,1.780697980415994763e+01,-3.378652950998387894e+01,-3.201343130935602233e+01,-3.087655399265812051e+01,-2.827716482538800236e+01,-6.077841562434730172e+00,2.296101108593767703e-01,7.220864924542304664e+01,6.971000402476173008e+01,-8.044506509354606294e+01,-7.399633361572492163e+01,1.765128151358656439e+01,-1.028180053093603590e+02,-4.408538238186104907e-01,9.166417953393990459e+00,5.556122401346144102e+00,2.500565682668995748e+01,3.004441984676553545e+00,-1.401250449411459726e+02,-5.894435263363615718e+01,-5.139749582003332762e+02,7.713384083964585614e+01,5.259050890789103505e+01,3.891792117910591031e+01,-5.993529358941246699e+01,-1.819702577761318594e+02,-5.860934043447269914e+02,-3.822808273129064673e+02,7.613281629004534068e+01,-3.237853910188444928e+01,-5.876971838368849888e+01,9.794612436837816460e+01,-7.365048699731282795e+02,-1.191963391920794635e+01,2.431125876252816287e+00,1.147990686499505557e+02,1.642819272119941729e+02,7.776773711193087024e+01,7.495416793406998579e+01,1.585638665357125277e+01,-2.605155701885032116e+01,-1.904586975325403131e+01,-2.336127319759407328e+01,-1.772496849427544419e+01,6.321481619194971868e-01,-5.518403790925997754e+01,-7.702454051716898675e+00,-5.538884122926396536e+00,8.383719880305692129e+01,8.054858256897247770e+01,-1.323081848653079078e+02,-1.391630474643635651e+01,-3.391437770517693480e+02,2.941851926450824806e+01,3.770834576386481274e+01,-5.569362565897352235e-01,-5.545302637814056652e+03,-6.188237519620804960e+03,1.784681676489907076e+01,-1.615232674082253439e+01,-1.034720472384685337e+02,1.745810736634423961e+02,5.664490522543867428e+02,-1.237350370740791590e+02,-1.987458956132786270e+01,-5.741813078323605168e+01,-3.474369061453985097e+01,-1.650732878640534693e+02,-7.906582873061545058e+01,-5.280731521130078931e+01,3.752355440433684635e+02,-3.051715079903612349e+01,6.436675811330008656e+00,-2.289732895833988024e+01,3.326811716394994622e+00,1.639865730952379863e+01,-8.701242510573815991e+01,2.954916767198988623e+02,-3.754790328938778288e+01,-2.243842768150205700e+02,-1.820206999408905801e+02,1.506285761801495049e+01,2.065742444005244636e+02,3.306747563876225371e+01,3.404119484214795222e+01,9.177520417951960496e+01,-2.770321564332753042e+02,1.110362132477319896e+01
1.112384798931432428e+01,1.503360003750061757e+01,-1.676896351466223791e+02,1.780697980415994763e+01,-3.378652950998387894e+01,-3.201343130935602233e+01,-3.087655399265812051e+01,-2.827716482538800236e+01,-6.077841562434730172e+00,2.296101108593767703e-01,7.220864924542304664e+01,6.971000402476173008e+01,-8.044506509354606294e+01,-7.399633361572492163e+01,1.765128151358656439e+01,-1.028180053093603590e+02,-4.408538238186104907e-01,9.166417953393990459e+00,5.556122401346144102e+00,2.500565682668995748e+01,3.004441984676553545e+00,-1.401250449411459726e+02,-5.894435263363615718e+01,-5.139749582003332762e+02,7.713384083964585614e+01,5.259050890789103505e+01,3.892495187396540501e+01,-5.993529358941246699e+01,-1.819702577761318594e+02,-5.860934043447269914e+02,-3.822808273129064673e+02,7.613281629004534068e+01,-3.239071852951389019e+01,-5.876971838368849888e+01,9.794612436837816460e+01,-7.365048699731282795e+02,-1.191811903976511999e+01,2.431125876252816287e+00,1.147990686499505557e+02,1.642819272119941729e+02,7.776773711193087024e+01,7.495416793406998579e+01,1.585638665357125277e+01,-2.605155701885032116e+01,-1.904328489095739840e+01,-2.336127319759407328e+01,-1.772496849427544419e+01,6.321481619194971868e-01,-5.518919115985957546e+01,-7.702454051716898675e+00,-5.541826141253082483e+00,8.383719880305692129e+01,8.055155250995713345e+01,-1.323081848653079078e+02,-1.391630474643635651e+01,-3.391437770517693480e+02,2.941851926450824806e+01,3.770834576386481274e+01,-5.569362565897352235e-01,-5.545302637814056652e+03,-6.188237519620804960e+03,1.784681676489907076e+01,-1.615232674082253439e+01,-1.034720472384685337e+02,1.745810736634423961e+02,5.664490522543867428e+02,-1.237350370740791590e+02,-1.987458956132786270e+01,-5.741813078323605168e+01,-3.474369061453985097e+01,-1.650732878640534693e+02,-7.906582873061545058e+01,-5.280731521130078931e+01,3.752318261039179106e+02,-3.051715079903612349e+01,6.436675811330008656e+00,-2.289732895833988024e+01,3.326811716394994622e+00,1.639865730952379863e+01,-8.701242510573815991e+01,2.954916767198988623e+02,-3.754602873895053960e+01,-2.243842768150205700e+02,-1.820206999408905801e+02,1.506285761801495049e+01,2.065742444005244636e+02,3.309023229501288910e+01,3.404119484214795222e+01,9.177520417951960496e+01,-2.770235803681729863e+02,1.110362132477319896e+01
1.112384798931432428e+01,1.503360003750061757e+01,-1.676896351466223791e+02,1.780697980415994763e+01,-3.378652950998387894e+01,-3.200901894326084829e+01,-3.087655399265812051e+01,-2.829609768651556578e+01,-6.077841562434730172e+00,2.296101108593767703e-01,7.220864924542304664e+01,6.971000402476173008e+01,-8.042760219154408219e+01,-7.400023704428123494e+01,1.765128151358656439e+01,-1.028180053093603590e+02,-4.408538238186104907e-01,9.166417953393990459e+00,5.556122401346144102e+00,2.502300248606972133e+01,3.000510333894869319e+00,-1.401250449411459726e+02,-5.894435263363615718e+01,-5.139749582003332762e+02,7.713647144321689098e+01,5.259050890789103505e+01,3.892495187396540501e+01,-5.989422119866684113e+01,-1.819702577761318594e+02,-5.860934043447269914e+02,-3.822808273129064673e+02,7.613281629004534068e+01,-3.239071852951389019e+01,-5.876971838368849888e+01,9.794612436837816460e+01,-7.365048699731282795e+02,-1.191811903976511999e+01,2.431125876252816287e+00,1.147990686499505557e+02,1.642819272119941729e+02,7.776773711193087024e+01,7.495416793406998579e+01,1.585638665357125277e+01,-2.605155701885032116e+01,-1.904328489095739840e+01,-2.336127319759407328e+01,-1.772496849427544419e+01,6.321481619194971868e-01,-5.518919115985957546e+01,-7.700617357346007275e+00,-5.541826141253082483e+00,8.384874696517221082e+01,8.055155250995713345e+01,-1.323219692064100457e+02,-1.391630474643635651e+01,-3.391437770517693480e+02,2.941851926450824806e+01,3.770834576386481274e+01,-5.569362565897352235e-01,-5.545302637814056652e+03,-6.188237519620804960e+03,1.784681676489907076e+01,-1.615232674082253439e+01,-1.034720472384685337e+02,1.745810736634423961e+02,5.664490522543867428e+02,-1.237350370740791590e+02,-1.987458956132786270e+01,-5.741813078323605168e+01,-3.474369061453985097e+01,-1.650732878640534693e+02,-7.906582873061545058e+01,-5.280731521130078931e+01,3.752318261039179106e+02,-3.051715079903612349e+01,6.436675811330008656e+00,-2.289732895833988024e+01,3.326811716394994622e+00,1.639865730952379863e+01,-8.701242510573815991e+01,2.954916767198988623e+02,-3.754602873895053960e+01,-2.243842768150205700e+02,-1.820206999408905801e+02,1.506285761801495049e+01,2.065742444005244636e+02,3.309023229501288910e+01,3.404119484214795222e+01,9.176601744633163094e+01,-2.770235803681729863e+02,1.110362132477319896e+01
1.112384798931432428e+01,1.503360003750061757e+01,-1.676896351466223791e+02,1.780697980415994763e+01,-3.378652950998387894e+01,-3.200901894326084829e+01,-3.087305670347400621e+01,-2.829609768651556578e+01,-6.077841562434730172e+00,2.296101108593767703e-01,7.220864924542304664e+01,6.971000402476173008e+01,-8.042760219154408219e+01,-7.400023704428123494e+01,1.764886904409894797e+01,-1.028180053093603590e+02,-4.430062791383757581e-01,9.166417953393990459e+00,5.556122401346144102e+00,2.502300248606972133e+01,3.000510333894869319e+00,-1.401250449411459726e+02,-5.894435263363615718e+01,-5.139749582003332762e+02,7.713647144321689098e+01,5.259050890789103505e+01,3.892495187396540501e+01,-5.989422119866684113e+01,-1.819755683946672775e+02,-5.860934043447269914e+02,-3.822808273129064673e+02,7.613281629004534068e+01,-3.239071852951389019e+01,-5.876971838368849888e+01,9.794612436837816460e+01,-7.365324046569518259e+02,-1.191811903976511999e+01,2.431125876252816287e+00,1.147990686499505557e+02,1.642819272119941729e+02,7.776773711193087024e+01,7.495416793406998579e+01,1.585638665357125277e+01,-2.604856988342898205e+01,-1.904328489095739840e+01,-2.336127319759407328e+01,-1.772496849427544419e+01,6.321481619194971868e-01,-5.518919115985957546e+01,-7.700617357346007275e+00,-5.541826141253082483e+00,8.384874696517221082e+01,8.055155250995713345e+01,-1.323219692064100457e+02,-1.391630474643635651e+01,-3.391266395787000079e+02,2.941851926450824806e+01,3.770834576386481274e+01,-5.569362565897352235e-01,-5.545302637814056652e+03,-6.188219404821704302e+03,1.784681676489907076e+01,-1.615232674082253439e+01,-1.034720472384685337e+02,1.745810736634423961e+02,5.664490522543867428e+02,-1.237350370740791590e+02,-1.987152843259200097e+01,-5.741813078323605168e+01,-3.474369061453985097e+01,-1.650732878640534693e+02,-7.906582873061545058e+01,-5.280731521130078931e+01,3.752318261039179106e+02,-3.051715079903612349e+01,6.431649103578704896e+00,-2.289732895833988024e+01,3.326811716394994622e+00,1.639185874503489515e+01,-8.701242510573815991e+01,2.954916767198988623e+02,-3.754602873895053960e+01,-2.243866490349517733e+02,-1.820206999408905801e+02,1.506285761801495049e+01,2.065742444005244636e+02,3.309023229501288910e+01,3.404119484214795222e+01,9.176601744633163094e+01,-2.770235803681729863e+02,1.110362132477319896e+01
1.112384798931432428e+01,1.503360003750061757e+01,-1.676896351466223791e+02,1.780697980415994763e+01,-3.378311580170615969e+01,-3.200901894326084829e+01,-3.087305670347400621e+01,-2.829609768651556578e+01,-6.073956276291753831e+00,2.296101108593767703e-01,7.220864924542304664e+01,6.971000402476173008e+01,-8.042760219154408219e+01,-7.400023704428123494e+01,1.764886904409894797e+01,-1.028180053093603590e+02,-4.430062791383757581e-01,9.166417953393990459e+00,5.556122401346144102e+00,2.502300248606972133e+01,3.000510333894869319e+00,-1.401250449411459726e+02,-5.894435263363615718e+01,-5.139749582003332762e+02,7.713647144321689098e+01,5.259050890789103505e+01,3.892495187396540501e+01,-5.989422119866684113e+01,-1.819755683946672775e+02,-5.860934043447269914e+02,-3.822808273129064673e+02,7.613281629004534068e+01,-3.239071852951389019e+01,-5.877291124969874403e+01,9.795075225577232914e+01,-7.365324046569518259e+02,-1.191811903976511999e+01,2.431125876252816287e+00,1.147990686499505557e+02,1.642856724687505618e+02,7.775665672897331149e+01,7.495416793406998579e+01,1.585638665357125277e+01,-2.604856988342898205e+01,-1.904328489095739840e+01,-2.336127319759407328e+01,-1.772496849427544419e+01,6.321481619194971868e-01,-5.518919115985957546e+01,-7.700617357346007275e+00,-5.541826141253082483e+00,8.384874696517221082e+01,8.055155250995713345e+01,-1.323219692064100457e+02,-1.390679689931123697e+01,-3.391266395787000079e+02,2.941851926450824806e+01,3.770834576386481274e+01,-5.509094650582441188e-01,-5.545302637814056652e+03,-6.188219404821704302e+03,1.784681676489907076e+01,-1.613353326532942944e+01,-1.034720472384685337e+02,1.745810736634423961e+02,5.664490522543867428e+02,-1.237350370740791590e+02,-1.987152843259200097e+01,-5.741813078323605168e+01,-3.474712833741823204e+01,-1.648578865313432686e+02,-7.906582873061545058e+01,-5.280731521130078931e+01,3.752318261039179106e+02,-3.051715079903612349e+01,6.431649103578704896e+00,-2.289732895833988024e+01,3.326811716394994622e+00,1.639185874503489515e+01,-8.701242510573815991e+01,2.954916767198988623e+02,-3.754602873895053960e+01,-2.243866490349517733e+02,-1.820206999408905801e+02,1.505961604420845923e+01,2.065742444005244636e+02,3.309023229501288910e+01,3.404119484214795222e+01,9.176601744633163094e+01,-2.770235803681729863e+02,1.110362132477319896e+01
1.112384798931432428e+01,1.503360003750061757e+01,-1.676896351466223791e+02,1.780697980415994763e+01,-3.378311580170615969e+01,-3.200901894326084829e+01,-3.087305670347400621e+01,-2.829609768651556578e+01,-6.073956276291753831e+00,2.271675136266828043e-01,7.220864924542304664e+01,6.971000402476173008e+01,-8.042760219154408219e+01,-7.400023704428123494e+01,1.764886904409894797e+01,-1.028147103404624261e+02,-4.430062791383757581e-01,9.166417953393990459e+00,5.560602641212953223e+00,2.502300248606972133e+01,3.000510333894869319e+00,-1.401264843824168906e+02,-5.894676584647355355e+01,-5.139749582003332762e+02,7.713647144321689098e+01,5.259050890789103505e+01,3.892495187396540501e+01,-5.989422119866684113e+01,-1.819755683946672775e+02,-5.860934043447269914e+02,-3.822808273129064673e+02,7.613115241518168830e+01,-3.239071852951389019e+01,-5.877291124969874403e+01,9.795075225577232914e+01,-7.365324046569518259e+02,-1.191811903976511999e+01,2.431125876252816287e+00,1.147970984139104900e+02,1.642856724687505618e+02,7.775665672897331149e+01,7.495416793406998579e+01,1.585918600241019405e+01,-2.604856988342898205e+01,-1.904328489095739840e+01,-2.337968072186844992e+01,-1.772496849427544419e+01,6.321481619194971868e-01,-5.518919115985957546e+01,-7.700617357346007275e+00,-5.541826141253082483e+00,8.384874696517221082e+01,8.055155250995713345e+01,-1.323219692064100457e+02,-1.390679689931123697e+01,-3.391266395787000079e+02,2.941764673744664194e+01,3.770391657346576864e+01,-5.509094650582441188e-01,-5.545302637814056652e+03,-6.188219404821704302e+03,1.784681676489907076e+01,-1.613353326532942944e+01,-1.034720472384685337e+02,1.745810736634423961e+02,5.664500679265221379e+02,-1.237364314205772757e+02,-1.987152843259200097e+01,-5.741813078323605168e+01,-3.474712833741823204e+01,-1.648578865313432686e+02,-7.906201741781879377e+01,-5.280731521130078931e+01,3.752318261039179106e+02,-3.051715079903612349e+01,6.431649103578704896e+00,-2.289826842767154602e+01,3.328648649660369774e+00,1.639185874503489515e+01,-8.701242510573815991e+01,2.954938215614156434e+02,-3.754602873895053960e+01,-2.243866490349517733e+02,-1.820183324055817593e+02,1.505961604420845923e+01,2.065742444005244636e+02,3.309023229501288910e+01,3.404119484214795222e+01,9.176601744633163094e+01,-2.770235803681729863e+02,1.110545098665879316e+01
1.112384798931432428e+01,1.503360003750061757e+01,-1.676896351466223791e+02,1.780697980415994763e+01,-3.378311580170615969e+01,-3.200901894326084829e+01,-3.087305670347400621e+01,-2.829609768651556578e+01,-6.073956276291753831e+00,2.271675136266828043e-01,7.220864924542304664e+01,6.971000402476173008e+01,-8.042760219154408219e+01,-7.400023704428123494e+01,1.764886904409894797e+01,-1.028151848910057566e+02,-4.430062791383757581e-01,9.166417953393990459e+00,5.560602641212953223e+00,2.502300248606972133e+01,3.000510333894869319e+00,-1.401263265917859258e+02,-5.894676584647355355e+01,-5.139749582003332762e+02,7.713647144321689098e+01,5.259033231798194663e+01,3.892495187396540501e+01,-5.989422119866684113e+01,-1.819755683946672775e+02,-5.860934043447269914e+02,-3.822808273129064673e+02,7.613146382536491785e+01,-3.239071852951389019e+01,-5.877291124969874403e+01,9.795075225577232914e+01,-7.365324046569518259e+02,-1.191811903976511999e+01,2.431125876252816287e+00,1.147970984139104900e+02,1.642860122737774589e+02,7.775665672897331149e+01,7.495416793406998579e+01,1.585918600241019405e+01,-2.604856988342898205e+01,-1.904328489095739840e+01,-2.337951015984702252e+01,-1.772496849427544419e+01,6.321481619194971868e-01,-5.518919115985957546e+01,-7.700617357346007275e+00,-5.541988942382764627e+00,8.384919615659711667e+01,8.055155250995713345e+01,-1.323219692064100457e+02,-1.390105038532337112e+01,-3.391266395787000079e+02,2.941764673744664194e+01,3.770552101989024862e+01,-5.509094650582441188e-01,-5.545302637814056652e+03,-6.188219404821704302e+03,1.784681676489907076e+01,-1.613353326532942944e+01,-1.034720472384685337e+02,1.745810736634423961e+02,5.664500679265221379e+02,-1.237364314205772757e+02,-1.987152843259200097e+01,-5.741813078323605168e+01,-3.474712833741823204e+01,-1.648578865313432686e+02,-7.906201741781879377e+01,-5.280731521130078931e+01,3.752318261039179106e+02,-3.051715079903612349e+01,6.431232766575438298e+00,-2.289826842767154602e+01,3.328648649660369774e+00,1.639185874503489515e+01,-8.701242510573815991e+01,2.954938215614156434e+02,-3.754602873895053960e+01,-2.243866490349517733e+02,-1.820183324055817593e+02,1.505961604420845923e+01,2.065742444005244636e+02,3.309023229501288910e+01,3.404119484214795222e+01,9.176601744633163094e+01,-2.770235803681729863e+02,1.110287857052115257e+01
1.112384798931432428e+01,1.503360003750061757e+01,-1.676896351466223791e+02,1.780697980415994763e+01,-3.378311580170615969e+01,-3.200901894326084829e+01,-3.087305670347400621e+01,-2.829609768651556578e+01,-6.073956276291753831e+00,2.271675136266828043e-01,7.220864924542304664e+01,6.971000402476173008e+01,-8.042760219154408219e+01,-7.400023704428123494e+01,1.764886904409894797e+01,-1.028151848910057566e+02,-4.430062791383757581e-01,9.166417953393990459e+00,5.560602641212953223e+00,2.502300248606972133e+01,3.003377372325492622e+00,-1.401263265917859258e+02,-5.894676584647355355e+01,-5.139749582003332762e+02,7.713602088924430689e+01,5.259033231798194663e+01,3.892495187396540501e+01,-5.989422119866684113e+01,-1.819751269167955741e+02,-5.860934043447269914e+02,-3.822808273129064673e+02,7.613146382536491785e+01,-3.239071852951389019e+01,-5.877223231382058799e+01,9.795075225577232914e+01,-7.365328348337474154e+02,-1.191811903976511999e+01,2.431125876252816287e+00,1.147970984139104900e+02,1.642860122737774589e+02,7.775665672897331149e+01,7.495416793406998579e+01,1.585918600241019405e+01,-2.604856988342898205e+01,-1.904829372398505427e+01,-2.337951015984702252e+01,-1.772496849427544419e+01,6.321481619194971868e-01,-5.518919115985957546e+01,-7.700617357346007275e+00,-5.541988942382764627e+00,8.384919615659711667e+01,8.055155250995713345e+01,-1.323219692064100457e+02,-1.390105038532337112e+01,-3.391266395787000079e+02,2.941720447034065700e+01,3.770552101989024862e+01,-5.509094650582441188e-01,-5.545302637814056652e+03,-6.188219404821704302e+03,1.784681676489907076e+01,-1.613353326532942944e+01,-1.034707781794082422e+02,1.745810736634423961e+02,5.664500679265221379e+02,-1.237360782717741898e+02,-1.987152843259200097e+01,-5.741813078323605168e+01,-3.474712833741823204e+01,-1.648578865313432686e+02,-7.906201741781879377e+01,-5.280731521130078931e+01,3.752318261039179106e+02,-3.051715079903612349e+01,6.431232766575438298e+00,-2.289826842767154602e+01,3.328648649660369774e+00,1.639185874503489515e+01,-8.700934720647327936e+01,2.954941149867262880e+02,-3.754602873895053960e+01,-2.243874648949315258e+02,-1.820183324055817593e+02,1.505961604420845923e+01,2.065742444005244636e+02,3.309023229501288910e+01,3.404119484214795222e+01,9.176601744633163094e+01,-2.770235803681729863e+02,1.110287857052115257e+01
1.112384798931432428e+01,1.503360003750061757e+01,-1.676896351466223791e+02,1.780697980415994763e+01,-3.378311580170615969e+01,-3.200901894326084829e+01,-3.087249983058894287e+01,-2.829609768651556578e+01,-6.073956276291753831e+00,2.271675136266828043e-01,7.220864924542304664e+01,6.971000402476173008e+01,-8.042760219154408219e+01,-7.400023704428123494e+01,1.764886904409894797e+01,-1.028151848910057566e+02,-4.430062791383757581e-01,9.166417953393990459e+00,5.560602641212953223e+00,2.502300248606972133e+01,3.003377372325492622e+00,-1.401263265917859258e+02,-5.894676584647355355e+01,-5.139749582003332762e+02,7.713602088924430689e+01,5.259033231798194663e+01,3.892495187396540501e+01,-5.989422119866684113e+01,-1.819751269167955741e+02,-5.860934043447269914e+02,-3.822808273129064673e+02,7.613146382536491785e+01,-3.239071852951389019e+01,-5.877223231382058799e+01,9.794521110041671363e+01,-7.365328348337474154e+02,-1.191811903976511999e+01,2.431125876252816287e+00,1.147970984139104900e+02,1.642860122737774589e+02,7.775665672897331149e+01,7.495351797421623985e+01,1.585918600241019405e+01,-2.604856988342898205e+01,-1.904829372398505427e+01,-2.337951015984702252e+01,-1.772496849427544419e+01,6.330209499616492597e-01,-5.518919115985957546e+01,-7.700617357346007275e+00,-5.541988942382764627e+00,8.384919615659711667e+01,8.054768517932151894e+01,-1.323219692064100457e+02,-1.390105038532337112e+01,-3.391266395787000079e+02,2.941720447034065700e+01,3.770552101989024862e+01,-5.509094650582441188e-01,-5.545302637814056652e+03,-6.188219404821704302e+03,1.784681676489907076e+01,-1.613455344005108216e+01,-1.034707781794082422e+02,1.745810736634423961e+02,5.664500679265221379e+02,-1.237360782717741898e+02,-1.987152843259200097e+01,-5.741813078323605168e+01,-3.475197125901080142e+01,-1.648578865313432686e+02,-7.906201741781879377e+01,-5.280731521130078931e+01,3.752318261039179106e+02,-3.051772837773077995e+01,6.431232766575438298e+00,-2.290301279880522856e+01,3.328648649660369774e+00,1.639185874503489515e+01,-8.700934720647327936e+01,2.954941149867262880e+02,-3.754602873895053960e+01,-2.243874648949315258e+02,-1.820197257210111559e+02,1.506131365463448724e+01,2.065742444005244636e+02,3.309023229501288910e+01,3.404119484214795222e+01,9.176601744633163094e+01,-2.770263195591601857e+02,1.110287857052115257e+01
1.112384798931432428e+01,1.503360003750061757e+01,-1.676436769081605291e+02,1.780697980415994763e+01,-3.378311580170615969e+01,-3.200901894326084829e+01,-3.087249983058894287e+01,-2.829609768651556578e+01,-6.073956276291753831e+00,2.271675136266828043e-01,7.220864924542304664e+01,6.971000402476173008e+01,-8.042760219154408219e+01,-7.399911581126397664e+01,1.764886904409894797e+01,-1.028151848910057566e+02,-4.430062791383757581e-01,9.170042912724598594e+00,5.560602641212953223e+00,2.502300248606972133e+01,3.003377372325492622e+00,-1.401263265917859258e+02,-5.894676584647355355e+01,-5.139749582003332762e+02,7.713602088924430689e+01,5.259033231798194663e+01,3.892495187396540501e+01,-5.989486264994904730e+01,-1.819751269167955741e+02,-5.860934043447269914e+02,-3.822808273129064673e+02,7.613146382536491785e+01,-3.238688253579039156e+01,-5.877223231382058799e+01,9.794521110041671363e+01,-7.365328348337474154e+02,-1.191725494926861728e+01,2.431125876252816287e+00,1.147970984139104900e+02,1.642860122737774589e+02,7.775665672897331149e+01,7.495351797421623985e+01,1.585918600241019405e+01,-2.604856988342898205e+01,-1.904829372398505427e+01,-2.337951015984702252e+01,-1.772328457178799965e+01,6.330209499616492597e-01,-5.518919115985957546e+01,-7.700617357346007275e+00,-5.541988942382764627e+00,8.384919615659711667e+01,8.054768517932151894e+01,-1.323219692064100457e+02,-1.390105038532337112e+01,-3.391260538715808366e+02,2.941720447034065700e+01,3.770552101989024862e+01,-5.495065258211577763e-01,-5.545302637814056652e+03,-6.188219404821704302e+03,1.784681676489907076e+01,-1.613455344005108216e+01,-1.034707781794082422e+02,1.745810736634423961e+02,5.664548599418466210e+02,-1.237360782717741898e+02,-1.987152843259200097e+01,-5.741813078323605168e+01,-3.475197125901080142e+01,-1.648578865313432686e+02,-7.906201741781879377e+01,-5.280731521130078931e+01,3.752318261039179106e+02,-3.051772837773077995e+01,6.431232766575438298e+00,-2.290301279880522856e+01,3.328648649660369774e+00,1.639593262391571571e+01,-8.700934720647327936e+01,2.954941149867262880e+02,-3.754602873895053960e+01,-2.243874648949315258e+02,-1.820197257210111559e+02,1.506131365463448724e+01,2.065742444005244636e+02,3.309023229501288910e+01,3.405504940938941161e+01,9.176601744633163094e+01,-2.770263195591601857e+02,1.110287857052115257e+01
1.112384798931432428e+01,1.503360003750061757e+01,-1.676436769081605291e+02,1.780697980415994763e+01,-3.378311580170615969e+01,-3.200901894326084829e+01,-3.087249983058894287e+01,-2.829097956543964898e+01,-6.073956276291753831e+00,2.300223882599130021e-01,7.220864924542304664e+01,6.971000402476173008e+01,-8.042760219154408219e+01,-7.399911581126397664e+01,1.764886904409894797e+01,-1.028151848910057566e+02,-4.430062791383757581e-01,9.170042912724598594e+00,5.560602641212953223e+00,2.502300248606972133e+01,3.003377372325492622e+00,-1.401263265917859258e+02,-5.894676584647355355e+01,-5.139776917208613440e+02,7.713602088924430689e+01,5.259033231798194663e+01,3.892495187396540501e+01,-5.989486264994904730e+01,-1.819751269167955741e+02,-5.860934043447269914e+02,-3.822819537825832867e+02,7.613146382536491785e+01,-3.238688253579039156e+01,-5.877223231382058799e+01,9.794521110041671363e+01,-7.365328348337474154e+02,-1.191725494926861728e+01,2.431125876252816287e+00,1.148195941858863023e+02,1.642860122737774589e+02,7.775516621905103420e+01,7.495351797421623985e+01,1.585918600241019405e+01,-2.604856988342898205e+01,-1.904829372398505427e+01,-2.337951015984702252e+01,-1.772328457178799965e+01,6.330209499616492597e-01,-5.518919115985957546e+01,-7.697336555731877361e+00,-5.541988942382764627e+00,8.384919615659711667e+01,8.054768517932151894e+01,-1.323219692064100457e+02,-1.390105038532337112e+01,-3.391260538715808366e+02,2.941720447034065700e+01,3.770552101989024862e+01,-5.495065258211577763e-01,-5.545303676214924053e+03,-6.188219404821704302e+03,1.784581443312712423e+01,-1.613455344005108216e+01,-1.034707781794082422e+02,1.745810736634423961e+02,5.664548599418466210e+02,-1.237360782717741898e+02,-1.987152843259200097e+01,-5.741813078323605168e+01,-3.475197125901080142e+01,-1.648578865313432686e+02,-7.906272491788959655e+01,-5.280856079184421503e+01,3.752318261039179106e+02,-3.051772837773077995e+01,6.431232766575438298e+00,-2.290301279880522856e+01,3.328648649660369774e+00,1.639593262391571571e+01,-8.700934720647327936e+01,2.954941149867262880e+02,-3.754602873895053960e+01,-2.243874648949315258e+02,-1.820197257210111559e+02,1.506131365463448724e+01,2.065742444005244636e+02,3.309104388047995116e+01,3.405504940938941161e+01,9.176601744633163094e+01,-2.770263195591601857e+02,1.110287857052115257e+01
1.112327489039889628e+01,1.503360003750061757e+01,-1.676436769081605291e+02,1.781192721155680658e+01,-3.378311580170615969e+01,-3.200067566723383550e+01,-3.087249983058894287e+01,-2.829097956543964898e+01,-6.074627559739536942e+00,2.300223882599130021e-01,7.220795315473658604e+01,6.971000402476173008e+01,-8.042760219154408219e+01,-7.399911581126397664e+01,1.764886904409894797e+01,-1.028151848910057566e+02,-4.424925257710221049e-01,9.170042912724598594e+00,5.560602641212953223e+00,2.502300248606972133e+01,3.003377372325492622e+00,-1.401263265917859258e+02,-5.894468990045744050e+01,-5.139776917208613440e+02,7.713602088924430689e+01,5.259033231798194663e+01,3.892495187396540501e+01,-5.989486264994904730e+01,-1.819751269167955741e+02,-5.860942078888668902e+02,-3.822819537825832867e+02,7.613146382536491785e+01,-3.238688253579039156e+01,-5.877223231382058799e+01,9.794521110041671363e+01,-7.365328348337474154e+02,-1.191725494926861728e+01,2.431125876252816287e+00,1.148195941858863023e+02,1.642860122737774589e+02,7.775516621905103420e+01,7.495351797421623985e+01,1.585918600241019405e+01,-2.604673578857900651e+01,-1.904829372398505427e+01,-2.337951015984702252e+01,-1.772328457178799965e+01,6.330209499616492597e-01,-5.519144824670060956e+01,-7.697336555731877361e+00,-5.541988942382764627e+00,8.384919615659711667e+01,8.054768517932151894e+01,-1.323212949215476897e+02,-1.390105038532337112e+01,-3.391260538715808366e+02,2.941720447034065700e+01,3.770552101989024862e+01,-5.495065258211577763e-01,-5.545303676214924053e+03,-6.188219404821704302e+03,1.784581443312712423e+01,-1.613455344005108216e+01,-1.034707781794082422e+02,1.745810736634423961e+02,5.664548599418466210e+02,-1.237360782717741898e+02,-1.987152843259200097e+01,-5.741813078323605168e+01,-3.475197125901080142e+01,-1.648578865313432686e+02,-7.906272491788959655e+01,-5.280856079184421503e+01,3.752318261039179106e+02,-3.051772837773077995e+01,6.431232766575438298e+00,-2.290301279880522856e+01,3.328648649660369774e+00,1.639593262391571571e+01,-8.700934720647327936e+01,2.954941149867262880e+02,-3.754515992507606370e+01,-2.243874648949315258e+02,-1.820197257210111559e+02,1.506131365463448724e+01,2.065742444005244636e+02,3.309104388047995116e+01,3.405504940938941161e+01,9.176601744633163094e+01,-2.770263195591601857e+02,1.110287857052115257e+01
1.112327489039889628e+01,1.503321883350604082e+01,-1.676436769081605291e+02,1.781192721155680658e+01,-3.377613816247253453e+01,-3.200067566723383550e+01,-3.087249983058894287e+01,-2.829097956543964898e+01,-6.074627559739536942e+00,2.300223882599130021e-01,7.220795315473658604e+01,6.971011771051593087e+01,-8.042842466079960673e+01,-7.399911581126397664e+01,1.764907143138063006e+01,-1.028151848910057566e+02,-4.424925257710221049e-01,9.170042912724598594e+00,5.560712180176114572e+00,2.504665248137675349e+01,3.003377372325492622e+00,-1.401263265917859258e+02,-5.894468990045744050e+01,-5.139776917208613440e+02,7.713602088924430689e+01,5.259033231798194663e+01,3.892525113117165603e+01,-5.989486264994904730e+01,-1.819751269167955741e+02,-5.860942078888668902e+02,-3.822819537825832867e+02,7.613146382536491785e+01,-3.238688253579039156e+01,-5.877223231382058799e+01,9.794521110041671363e+01,-7.365328348337474154e+02,-1.191725494926861728e+01,2.430706313371021388e+00,1.148195941858863023e+02,1.642860122737774589e+02,7.775516621905103420e+01,7.495351797421623985e+01,1.585852617147859256e+01,-2.604673578857900651e+01,-1.904829372398505427e+01,-2.337951015984702252e+01,-1.772328457178799965e+01,6.330209499616492597e-01,-5.519144824670060956e+01,-7.697336555731877361e+00,-5.541988942382764627e+00,8.384919615659711667e+01,8.054768517932151894e+01,-1.323212949215476897e+02,-1.390105038532337112e+01,-3.391260538715808366e+02,2.941720447034065700e+01,3.770552101989024862e+01,-5.495065258211577763e-01,-5.545303676214924053e+03,-6.188218340570355394e+03,1.784581443312712423e+01,-1.613455344005108216e+01,-1.034707781794082422e+02,1.745800526175657126e+02,5.664548599418466210e+02,-1.237360782717741898e+02,-1.987119653711112122e+01,-5.741825704943450859e+01,-3.475197125901080142e+01,-1.648590374741791607e+02,-7.906272491788959655e+01,-5.280856079184421503e+01,3.752321538597872177e+02,-3.051772837773077995e+01,6.431232766575438298e+00,-2.290301279880522856e+01,3.330038052448173858e+00,1.639593262391571571e+01,-8.700934720647327936e+01,2.954941149867262880e+02,-3.754515992507606370e+01,-2.243874648949315258e+02,-1.820197257210111559e+02,1.506131365463448724e+01,2.065747851370128672e+02,3.309104388047995116e+01,3.405504940938941161e+01,9.176565725753421532e+01,-2.770263195591601857e+02,1.110287857052115257e+01
1.112327489039889628e+01,1.503296809064091555e+01,-1.676436769081605291e+02,1.781104896361943446e+01,-3.377613816247253453e+01,-3.200067566723383550e+01,-3.087249983058894287e+01,-2.829097956543964898e+01,-6.074627559739536942e+00,2.300223882599130021e-01,7.220795315473658604e+01,6.971011771051593087e+01,-8.042842466079960673e+01,-7.399911581126397664e+01,1.764919921661044455e+01,-1.028151848910057566e+02,-4.424925257710221049e-01,9.170042912724598594e+00,5.561625429819120114e+00,2.504665248137675349e+01,3.003377372325492622e+00,-1.401263265917859258e+02,-5.894468990045744050e+01,-5.139776917208613440e+02,7.713602088924430689e+01,5.259033231798194663e+01,3.892525113117165603e+01,-5.989531260767351739e+01,-1.819859022764055680e+02,-5.860942078888668902e+02,-3.822819537825832867e+02,7.613146382536491785e+01,-3.238688253579039156e+01,-5.877223231382058799e+01,9.794521110041671363e+01,-7.365328348337474154e+02,-1.191725494926861728e+01,2.430706313371021388e+00,1.148179795037705020e+02,1.642860122737774589e+02,7.775516621905103420e+01,7.495351797421623985e+01,1.585852617147859256e+01,-2.604627846498027921e+01,-1.904829372398505427e+01,-2.337951015984702252e+01,-1.772328457178799965e+01,6.330209499616492597e-01,-5.519144824670060956e+01,-7.697336555731877361e+00,-5.541988942382764627e+00,8.384966064604950020e+01,8.054800730057783653e+01,-1.323212949215476897e+02,-1.390151122623603186e+01,-3.391260538715808366e+02,2.941720447034065700e+01,3.770552101989024862e+01,-5.495065258211577763e-01,-5.545306543775885075e+03,-6.188218340570355394e+03,1.784581443312712423e+01,-1.613455344005108216e+01,-1.034707781794082422e+02,1.745800526175657126e+02,5.664548599418466210e+02,-1.237360782717741898e+02,-1.987119653711112122e+01,-5.741825704943450859e+01,-3.475197125901080142e+01,-1.648590374741791607e+02,-7.906272491788959655e+01,-5.280856079184421503e+01,3.752321538597872177e+02,-3.051772837773077995e+01,6.431232766575438298e+00,-2.290301279880522856e+01,3.330038052448173858e+00,1.639593262391571571e+01,-8.700934720647327936e+01,2.954941149867262880e+02,-3.754515992507606370e+01,-2.243874648949315258e+02,-1.820197257210111559e+02,1.506131365463448724e+01,2.065747851370128672e+02,3.309104388047995116e+01,3.405504940938941161e+01,9.176565725753421532e+01,-2.770263195591601857e+02,1.110287857052115257e+01
1.112327489039889628e+01,1.503296809064091555e+01,-1.676430991868178353e+02,1.781104896361943446e+01,-3.377613816247253453e+01,-3.200067566723383550e+01,-3.087249983058894287e+01,-2.829097956543964898e+01,-6.074627559739536942e+00,2.300223882599130021e-01,7.220540353201805317e+01,6.971011771051593087e+01,-8.042842466079960673e+01,-7.399911581126397664e+01,1.764919921661044455e+01,-1.028151848910057566e+02,-4.457490858113614673e-01,9.170042912724598594e+00,5.561625429819120114e+00,2.504665248137675349e+01,3.003377372325492622e+00,-1.401263265917859258e+02,-5.894468990045744050e+01,-5.139776917208613440e+02,7.720501229073931881e+01,5.259033231798194663e+01,3.892525113117165603e+01,-5.989531260767351739e+01,-1.819859022764055680e+02,-5.860942078888668902e+02,-3.822819537825832867e+02,7.613146382536491785e+01,-3.238688253579039156e+01,-5.877223231382058799e+01,9.794521110041671363e+01,-7.365328348337474154e+02,-1.191725494926861728e+01,2.430706313371021388e+00,1.148179795037705020e+02,1.642860122737774589e+02,7.775516621905103420e+01,7.495351797421623985e+01,1.585507996943094255e+01,-2.604627846498027921e+01,-1.904954389461677877e+01,-2.337951015984702252e+01,-1.772525723664430686e+01,6.330209499616492597e-01,-5.519144824670060956e+01,-7.697336555731877361e+00,-5.541988942382764627e+00,8.384966064604950020e+01,8.054800730057783653e+01,-1.323228856605508383e+02,-1.390151122623603186e+01,-3.391260538715808366e+02,2.941720447034065700e+01,3.770552101989024862e+01,-5.495065258211577763e-01,-5.545306543775885075e+03,-6.188218340570355394e+03,1.784581443312712423e+01,-1.613455344005108216e+01,-1.034707781794082422e+02,1.745811530201369806e+02,5.664548599418466210e+02,-1.237360782717741898e+02,-1.987119653711112122e+01,-5.742325017579013746e+01,-3.475197125901080142e+01,-1.648590374741791607e+02,-7.906272491788959655e+01,-5.280856079184421503e+01,3.752321538597872177e+02,-3.051772837773077995e+01,6.431232766575438298e+00,-2.290301279880522856e+01,3.330038052448173858e+00,1.639593262391571571e+01,-8.700934720647327936e+01,2.954941149867262880e+02,-3.754195267847529038e+01,-2.243874648949315258e+02,-1.820197257210111559e+02,1.506206769102755239e+01,2.065747851370128672e+02,3.309104388047995116e+01,3.405504940938941161e+01,9.176565725753421532e+01,-2.770263195591601857e+02,1.110287857052115257e+01
1.112536598918117114e+01,1.503296809064091555e+01,-1.676430991868178353e+02,1.781104896361943446e+01,-3.377613816247253453e+01,-3.200067566723383550e+01,-3.087249983058894287e+01,-2.829097956543964898e+01,-6.074627559739536942e+00,2.284103240698938109e-01,7.220540353201805317e+01,6.971011771051593087e+01,-8.042842466079960673e+01,-7.399911581126397664e+01,1.764919921661044455e+01,-1.028178025817593522e+02,-4.457490858113614673e-01,9.170804809847933114e+00,5.561625429819120114e+00,2.504665248137675349e+01,3.003377372325492622e+00,-1.401263265917859258e+02,-5.894468990045744050e+01,-5.139776917208613440e+02,7.720501229073931881e+01,5.259033231798194663e+01,3.892525113117165603e+01,-5.989531260767351739e+01,-1.819859022764055680e+02,-5.860942078888668902e+02,-3.822819537825832867e+02,7.613146382536491785e+01,-3.238688253579039156e+01,-5.877223231382058799e+01,9.794521110041671363e+01,-7.365328348337474154e+02,-1.191725494926861728e+01,2.430706313371021388e+00,1.148179795037705020e+02,1.643346075967015452e+02,7.775516621905103420e+01,7.495351797421623985e+01,1.585507996943094255e+01,-2.604627846498027921e+01,-1.904954389461677877e+01,-2.337951015984702252e+01,-1.772525723664430686e+01,6.330209499616492597e-01,-5.519144824670060956e+01,-7.697336555731877361e+00,-5.541988942382764627e+00,8.384966064604950020e+01,8.054800730057783653e+01,-1.323228856605508383e+02,-1.390151122623603186e+01,-3.391260538715808366e+02,2.941720447034065700e+01,3.770552101989024862e+01,-5.495065258211577763e-01,-5.545306543775885075e+03,-6.188218340570355394e+03,1.784581443312712423e+01,-1.613455344005108216e+01,-1.034758832378416002e+02,1.745811530201369806e+02,5.664548599418466210e+02,-1.237360782717741898e+02,-1.987119653711112122e+01,-5.742325017579013746e+01,-3.475197125901080142e+01,-1.648590374741791607e+02,-7.906272491788959655e+01,-5.280942935543171757e+01,3.752321538597872177e+02,-3.051553229138481171e+01,6.431232766575438298e+00,-2.290301279880522856e+01,3.331307929210348906e+00,1.639593262391571571e+01,-8.701142022133522858e+01,2.954929600000440360e+02,-3.754195267847529038e+01,-2.243874648949315258e+02,-1.820204359884329222e+02,1.506206769102755239e+01,2.065747851370128672e+02,3.309104388047995116e+01,3.405504940938941161e+01,9.176565725753421532e+01,-2.770263195591601857e+02,1.110287857052115257e+01
1.112536598918117114e+01,1.503296809064091555e+01,-1.676430991868178353e+02,1.781104896361943446e+01,-3.377613816247253453e+01,-3.200067566723383550e+01,-3.087823982094824871e+01,-2.829097956543964898e+01,-6.074627559739536942e+00,2.284103240698938109e-01,7.220540353201805317e+01,6.971278167783329138e+01,-8.042842466079960673e+01,-7.400444853785563737e+01,1.764919921661044455e+01,-1.028178025817593522e+02,-4.457490858113614673e-01,9.170804809847933114e+00,5.561625429819120114e+00,2.504665248137675349e+01,3.003377372325492622e+00,-1.401263265917859258e+02,-5.894468990045744050e+01,-5.139776917208613440e+02,7.720501229073931881e+01,5.259033231798194663e+01,3.892525113117165603e+01,-5.989531260767351739e+01,-1.819859022764055680e+02,-5.860942078888668902e+02,-3.822819537825832867e+02,7.612792468175554461e+01,-3.250776296600978554e+01,-5.877223231382058799e+01,9.794521110041671363e+01,-7.365328348337474154e+02,-1.191923095501732988e+01,2.440014062661673311e+00,1.148179795037705020e+02,1.643346075967015452e+02,7.775516621905103420e+01,7.495351797421623985e+01,1.585507996943094255e+01,-2.604627846498027921e+01,-1.904954389461677877e+01,-2.337951015984702252e+01,-1.772525723664430686e+01,6.330209499616492597e-01,-5.519144824670060956e+01,-7.698298177916002238e+00,-5.544944282503875499e+00,8.384966064604950020e+01,8.054800730057783653e+01,-1.323228856605508383e+02,-1.390151122623603186e+01,-3.391260538715808366e+02,2.941720447034065700e+01,3.770552101989024862e+01,-5.516805212792000868e-01,-5.545306543775885075e+03,-6.188218340570355394e+03,1.784581443312712423e+01,-1.613455344005108216e+01,-1.034758832378416002e+02,1.745811530201369806e+02,5.664548599418466210e+02,-1.237360782717741898e+02,-1.987119653711112122e+01,-5.742325017579013746e+01,-3.475345549022194547e+01,-1.648579299837386145e+02,-7.906272491788959655e+01,-5.280942935543171757e+01,3.752321538597872177e+02,-3.051553229138481171e+01,6.431232766575438298e+00,-2.290301279880522856e+01,3.331307929210348906e+00,1.639593262391571571e+01,-8.701142022133522858e+01,2.954929600000440360e+02,-3.754195267847529038e+01,-2.243874648949315258e+02,-1.820204359884329222e+02,1.506206769102755239e+01,2.065747851370128672e+02,3.309104388047995116e+01,3.405504940938941161e+01,9.176565725753421532e+01,-2.770263195591601857e+02,1.110287857052115257e+01
1.112536598918117114e+01,1.503296809064091555e+01,-1.676430991868178353e+02,1.781104896361943446e+01,-3.377750567576147489e+01,-3.200067566723383550e+01,-3.087823982094824871e+01,-2.829097956543964898e+01,-6.073905542900717158e+00,2.284103240698938109e-01,7.220540353201805317e+01,6.971278167783329138e+01,-8.042842466079960673e+01,-7.400444853785563737e+01,1.764919921661044455e+01,-1.028178025817593522e+02,-4.457490858113614673e-01,9.170804809847933114e+00,5.561625429819120114e+00,2.504665248137675349e+01,3.003377372325492622e+00,-1.401259632475350259e+02,-5.894468990045744050e+01,-5.139743034893922413e+02,7.720501229073931881e+01,5.259033231798194663e+01,3.892525113117165603e+01,-5.989531260767351739e+01,-1.819859022764055680e+02,-5.860942078888668902e+02,-3.822819537825832867e+02,7.612792468175554461e+01,-3.250776296600978554e+01,-5.877223231382058799e+01,9.794521110041671363e+01,-7.365655076715496534e+02,-1.191923095501732988e+01,2.440014062661673311e+00,1.148179795037705020e+02,1.643346075967015452e+02,7.775516621905103420e+01,7.495351797421623985e+01,1.585507996943094255e+01,-2.604627846498027921e+01,-1.904954389461677877e+01,-2.339029629693158086e+01,-1.772525723664430686e+01,6.330209499616492597e-01,-5.519202777542647453e+01,-7.698298177916002238e+00,-5.544944282503875499e+00,8.384966064604950020e+01,8.054800730057783653e+01,-1.323228856605508383e+02,-1.390151122623603186e+01,-3.391260538715808366e+02,2.940070624358045492e+01,3.770552101989024862e+01,-5.516805212792000868e-01,-5.545306543775885075e+03,-6.188218340570355394e+03,1.784581443312712423e+01,-1.613455344005108216e+01,-1.034758832378416002e+02,1.745811530201369806e+02,5.664548599418466210e+02,-1.237360782717741898e+02,-1.987119653711112122e+01,-5.742325017579013746e+01,-3.475345549022194547e+01,-1.648579299837386145e+02,-7.906272491788959655e+01,-5.280942935543171757e+01,3.752296972648683777e+02,-3.051553229138481171e+01,6.431232766575438298e+00,-2.290301279880522856e+01,3.331307929210348906e+00,1.639669746804555217e+01,-8.701142022133522858e+01,2.954929600000440360e+02,-3.754195267847529038e+01,-2.243874648949315258e+02,-1.820204359884329222e+02,1.506206769102755239e+01,2.065747851370128672e+02,3.309104388047995116e+01,3.405854283472363164e+01,9.176565725753421532e+01,-2.770263195591601857e+02,1.110251273725184618e+01
1.112536598918117114e+01,1.503296809064091555e+01,-1.676430991868178353e+02,1.781104896361943446e+01,-3.377750567576147489e+01,-3.200778556959241428e+01,-3.087823982094824871e+01,-2.829097956543964898e+01,-6.073905542900717158e+00,2.284103240698938109e-01,7.220540353201805317e+01,6.971278167783329138e+01,-8.042842466079960673e+01,-7.400444853785563737e+01,1.764919921661044455e+01,-1.028178025817593522e+02,-4.457490858113614673e-01,9.170804809847933114e+00,5.561625429819120114e+00,2.504665248137675349e+01,3.003377372325492622e+00,-1.401259632475350259e+02,-5.894468990045744050e+01,-5.139743034893922413e+02,7.720501229073931881e+01,5.259033231798194663e+01,3.892525113117165603e+01,-5.989531260767351739e+01,-1.819859022764055680e+02,-5.860922808027941073e+02,-3.822819537825832867e+02,7.612792468175554461e+01,-3.250776296600978554e+01,-5.877399109645768505e+01,9.794353147524712710e+01,-7.365655076715496534e+02,-1.191923095501732988e+01,2.440014062661673311e+00,1.148179795037705020e+02,1.643346075967015452e+02,7.775366282347633273e+01,7.495233833910384647e+01,1.585507996943094255e+01,-2.604627846498027921e+01,-1.904954389461677877e+01,-2.339029629693158086e+01,-1.772525723664430686e+01,6.325047928839769851e-01,-5.519202777542647453e+01,-7.698298177916002238e+00,-5.544944282503875499e+00,8.384966064604950020e+01,8.054800730057783653e+01,-1.323228856605508383e+02,-1.390151122623603186e+01,-3.391260538715808366e+02,2.940070624358045492e+01,3.770836278327620050e+01,-5.516805212792000868e-01,-5.545306543775885075e+03,-6.188218340570355394e+03,1.784581443312712423e+01,-1.613455344005108216e+01,-1.034758832378416002e+02,1.745811530201369806e+02,5.664548599418466210e+02,-1.237360782717741898e+02,-1.987119653711112122e+01,-5.742325017579013746e+01,-3.475345549022194547e+01,-1.648579299837386145e+02,-7.903638545241844326e+01,-5.280942935543171757e+01,3.752296972648683777e+02,-3.051553229138481171e+01,6.432170535321486859e+00,-2.289797875175377584e+01,3.331307929210348906e+00,1.639669746804555217e+01,-8.701142022133522858e+01,2.954929600000440360e+02,-3.754195267847529038e+01,-2.243874648949315258e+02,-1.820204359884329222e+02,1.506206769102755239e+01,2.066029828712398171e+02,3.309104388047995116e+01,3.405854283472363164e+01,9.176565725753421532e+01,-2.770263195591601857e+02,1.110251273725184618e+01
1.112536598918117114e+01,1.503296809064091555e+01,-1.676430991868178353e+02,1.781104896361943446e+01,-3.377750567576147489e+01,-3.200778556959241428e+01,-3.087823982094824871e+01,-2.829656561885621358e+01,-6.073905542900717158e+00,2.284103240698938109e-01,7.220540353201805317e+01,6.971278167783329138e+01,-8.042929364022754157e+01,-7.400444853785563737e+01,1.764919921661044455e+01,-1.028178025817593522e+02,-4.457490858113614673e-01,9.170804809847933114e+00,5.561625429819120114e+00,2.504607789678148677e+01,3.009091219361474057e+00,-1.401259632475350259e+02,-5.894639815290734219e+01,-5.139743034893922413e+02,7.720501229073931881e+01,5.258877049607043830e+01,3.892122543931139234e+01,-5.989531260767351739e+01,-1.819859022764055680e+02,-5.860922808027941073e+02,-3.822814032636634920e+02,7.612792468175554461e+01,-3.250776296600978554e+01,-5.877399109645768505e+01,9.794353147524712710e+01,-7.365655076715496534e+02,-1.191923095501732988e+01,2.440014062661673311e+00,1.148179795037705020e+02,1.643346075967015452e+02,7.775366282347633273e+01,7.495233833910384647e+01,1.585507996943094255e+01,-2.604627846498027921e+01,-1.904954389461677877e+01,-2.339029629693158086e+01,-1.772525723664430686e+01,6.325047928839769851e-01,-5.519202777542647453e+01,-7.698298177916002238e+00,-5.544944282503875499e+00,8.384966064604950020e+01,8.054800730057783653e+01,-1.323228856605508383e+02,-1.390151122623603186e+01,-3.391219339366585928e+02,2.940070624358045492e+01,3.770836278327620050e+01,-5.516805212792000868e-01,-5.545306543775885075e+03,-6.188217463479325488e+03,1.784655845014395226e+01,-1.613664136762195866e+01,-1.034758832378416002e+02,1.745811530201369806e+02,5.664538673302668030e+02,-1.237354361180005640e+02,-1.987186581868039426e+01,-5.742325017579013746e+01,-3.475345549022194547e+01,-1.648579299837386145e+02,-7.903638545241844326e+01,-5.280942935543171757e+01,3.752296972648683777e+02,-3.051553229138481171e+01,6.432170535321486859e+00,-2.289797875175377584e+01,3.331307929210348906e+00,1.639669746804555217e+01,-8.701142022133522858e+01,2.954929600000440360e+02,-3.754195267847529038e+01,-2.243812870339721144e+02,-1.820204359884329222e+02,1.506206769102755239e+01,2.066029828712398171e+02,3.309324036790339107e+01,3.405854283472363164e+01,9.176236572956291582e+01,-2.770279807356631068e+02,1.110251273725184618e+01
1.100474100840235181e+01,1.504606786878596125e+01,9.734880123062541202e+01,1.772390316574839630e+01,-3.377024332523681949e+01,-3.200142794801954693e+01,-3.087942850898651059e+01,-2.829630037762801109e+01,-3.558088489326389237e+01,3.551394308799906696e-01,7.220510375877893239e+01,6.973054444725619305e+01,-8.030990890381873726e+01,-7.391218156778982973e+01,1.764935836972226824e+01,-1.025644341268648390e+02,-3.852514813327037047e-01,9.241243591622225750e+00,5.507267181859511140e+00,2.500952803554600479e+01,3.015819996599516273e+00,-1.401706592216994807e+02,-5.892885349698021002e+01,-5.140046176340681541e+02,3.849862065543292289e+01,5.181191109321605381e+01,9.448748882661838877e+00,-5.990815225219984796e+01,-1.817203428385078041e+02,-5.861728875301207609e+02,-3.822815752889376313e+02,7.568979105731722257e+01,-3.245833662412368881e+01,-5.877452962817166338e+01,9.796391824196547304e+01,-7.365880219890203762e+02,-1.188024296800277213e+01,3.278432902709256247e+00,1.148338201731209409e+02,4.787632489731422680e+01,7.777349281772536926e+01,7.492799820968620850e+01,1.585531128837858716e+01,-2.603778392026261912e+01,-1.904970007126334863e+01,-2.362607927311022138e+01,-1.758244317102113286e+01,6.264270232043620545e-01,-5.519258424403272301e+01,-7.655351286754168427e+00,-5.548276009553326560e+00,8.393306341396136361e+01,8.055300297066793291e+01,-1.305329323889250475e+02,-1.388471578031690612e+01,-3.391216614296317857e+02,2.943383323471820034e+01,3.770744069381829888e+01,-4.351909654655141679e-01,-5.545227336086807554e+03,-6.185927922821258107e+03,1.802426637340053617e+01,-1.617838012248751767e+01,-1.037911222575597776e+02,1.745815062319374533e+02,5.664473900321137307e+02,-1.237194335836838661e+02,-1.981592141289483067e+01,-5.744087533415717672e+01,-5.078112668657812634e+01,-1.650650762749914406e+02,-7.903602960662432508e+01,-5.280916373503730910e+01,3.752341980465449183e+02,-3.094325773061482465e+01,-5.367022882496254965e+01,-2.272046369777951114e+01,3.294669222826013488e+00,1.628438889715468108e+01,-4.778278835706620242e+01,2.954926407079466344e+02,-3.751682399167179227e+01,7.474081904451531955e+01,-1.820499495836590711e+02,1.497358292375246336e+01,2.065879092584611385e+02,3.300828255101176723e+01,3.393162245246818998e+01,9.170206217757694844e+01,-2.770546422580691228e+02,1.116532871757235057e+01
1.100523632951516895e+01,1.504606786878596125e+01,9.734880123062541202e+01,1.772390316574839630e+01,-3.377024332523681949e+01,-3.200142794801954693e+01,-3.087942850898651059e+01,-2.829630037762801109e+01,-3.558088489326389237e+01,3.551394308799906696e-01,7.220510375877893239e+01,6.973054444725619305e+01,-8.030990890381873726e+01,-7.391218156778982973e+01,1.764935836972226824e+01,-1.025644341268648390e+02,-3.852514813327037047e-01,9.241435828846761069e+00,5.507267181859511140e+00,2.500952803554600479e+01,3.015819996599516273e+00,-1.401706592216994807e+02,-5.892885349698021002e+01,-5.140046176340681541e+02,3.849862065543292289e+01,5.181191109321605381e+01,9.448748882661838877e+00,-5.990815225219984796e+01,-1.817203428385078041e+02,-5.861728875301207609e+02,-3.822815752889376313e+02,7.568979105731722257e+01,-3.245833662412368881e+01,-5.877452962817166338e+01,9.796391824196547304e+01,-7.365880219890203762e+02,-1.188024296800277213e+01,3.278432902709256247e+00,1.148338201731209409e+02,4.787632489731422680e+01,7.777349281772536926e+01,7.492788684968306256e+01,1.585531128837858716e+01,-2.603758127932966815e+01,-1.904970007126334863e+01,-2.362486040022793432e+01,-1.758197160354781019e+01,6.264270232043620545e-01,-5.519258424403272301e+01,-7.655351286754168427e+00,-5.548276009553326560e+00,8.393306341396136361e+01,8.055300297066793291e+01,-1.305329323889250475e+02,-1.388471578031690612e+01,-3.391216614296317857e+02,2.943578429464202628e+01,3.770744069381829888e+01,-4.351909654655141679e-01,-5.545227336086807554e+03,-6.185927756131444767e+03,1.802426637340053617e+01,-1.617838012248751767e+01,-1.037911222575597776e+02,1.745815062319374533e+02,5.664473900321137307e+02,-1.237194335836838661e+02,-1.981561432156255620e+01,-5.744087533415717672e+01,-5.078112668657812634e+01,-1.650650762749914406e+02,-7.903602960662432508e+01,-5.280916373503730910e+01,3.752341980465449183e+02,-3.094783838594425163e+01,-5.367022882496254965e+01,-2.272046369777951114e+01,3.294669222826013488e+00,1.628438889715468108e+01,-4.778278835706620242e+01,2.954926407079466344e+02,-3.751682399167179227e+01,7.474081904451531955e+01,-1.820499495836590711e+02,1.497358292375246336e+01,2.065879092584611385e+02,3.300828255101176723e+01,3.393429807027155931e+01,9.170206217757694844e+01,-2.770546422580691228e+02,1.116543194313903520e+01
1.100523632951516895e+01,1.504606786878596125e+01,9.734880123062541202e+01,1.772390316574839630e+01,-3.377024332523681949e+01,-3.200142794801954693e+01,-3.087942850898651059e+01,-2.829630037762801109e+01,-3.558165131873234088e+01,3.551394308799906696e-01,7.220510375877893239e+01,6.973054444725619305e+01,-8.030990890381873726e+01,-7.391218156778982973e+01,1.764935836972226824e+01,-1.025644341268648390e+02,-3.852514813327037047e-01,9.241435828846761069e+00,5.507267181859511140e+00,2.500906268056399284e+01,3.015819996599516273e+00,-1.401701555457014763e+02,-5.892920834031746580e+01,-5.140046176340681541e+02,3.849914767137290283e+01,5.181191109321605381e+01,9.448748882661838877e+00,-5.990815225219984796e+01,-1.817231150284715966e+02,-5.861728875301207609e+02,-3.822815752889376313e+02,7.568979105731722257e+01,-3.245055975645401958e+01,-5.877452962817166338e+01,9.796391824196547304e+01,-7.365880219890203762e+02,-1.188024296800277213e+01,3.278432902709256247e+00,1.148338201731209409e+02,4.787632489731422680e+01,7.777349281772536926e+01,7.492788684968306256e+01,1.585531128837858716e+01,-2.603758127932966815e+01,-1.904970007126334863e+01,-2.362486040022793432e+01,-1.758197160354781019e+01,6.264270232043620545e-01,-5.519258424403272301e+01,-7.655351286754168427e+00,-5.548276009553326560e+00,8.393306341396136361e+01,8.055300297066793291e+01,-1.305329323889250475e+02,-1.388471578031690612e+01,-3.391216614296317857e+02,2.943578429464202628e+01,3.770744069381829888e+01,-4.351909654655141679e-01,-5.545227336086807554e+03,-6.185927756131444767e+03,1.802426637340053617e+01,-1.617838012248751767e+01,-1.037911222575597776e+02,1.745815062319374533e+02,5.664471346508557872e+02,-1.237194335836838661e+02,-1.981561432156255620e+01,-5.744087533415717672e+01,-5.078112668657812634e+01,-1.650655100954152772e+02,-7.903602960662432508e+01,-5.280916373503730910e+01,3.752349431000968707e+02,-3.094783838594425163e+01,-5.367022882496254965e+01,-2.272046369777951114e+01,3.294669222826013488e+00,1.628438889715468108e+01,-4.778317843412489907e+01,2.954926407079466344e+02,-3.751682399167179227e+01,7.474081904451531955e+01,-1.820499495836590711e+02,1.497358292375246336e+01,2.065879092584611385e+02,3.300884112325952202e+01,3.393429807027155931e+01,9.170206217757694844e+01,-2.770546422580691228e+02,1.116543194313903520e+01
1.100523632951516895e+01,1.504606786878596125e+01,9.734880123062541202e+01,1.772390316574839630e+01,-3.377024332523681949e+01,-3.200142794801954693e+01,-3.087942850898651059e+01,-2.829630037762801109e+01,-3.558165131873234088e+01,3.551394308799906696e-01,7.220510375877893239e+01,6.973054444725619305e+01,-8.030990890381873726e+01,-7.391220641173767092e+01,1.764935836972226824e+01,-1.025644341268648390e+02,-3.852514813327037047e-01,9.241435828846761069e+00,5.507135528925475754e+00,2.500906268056399284e+01,3.015819996599516273e+00,-1.401701555457014763e+02,-5.892920834031746580e+01,-5.140046176340681541e+02,3.849914767137290283e+01,5.181191109321605381e+01,9.448748882661838877e+00,-5.990815225219984796e+01,-1.817231150284715966e+02,-5.861730368440747725e+02,-3.822815752889376313e+02,7.568979105731722257e+01,-3.245055975645401958e+01,-5.877452962817166338e+01,9.796391824196547304e+01,-7.365880219890203762e+02,-1.188040561216406665e+01,3.278379812153875417e+00,1.148337360712853865e+02,4.787632489731422680e+01,7.777349281772536926e+01,7.492788684968306256e+01,1.585531128837858716e+01,-2.603758127932966815e+01,-1.904970007126334863e+01,-2.362486040022793432e+01,-1.758197160354781019e+01,6.264270232043620545e-01,-5.519258424403272301e+01,-7.655351286754168427e+00,-5.548276009553326560e+00,8.393016118546260884e+01,8.055300297066793291e+01,-1.305329323889250475e+02,-1.388471578031690612e+01,-3.391216614296317857e+02,2.943578429464202628e+01,3.770744069381829888e+01,-4.351909654655141679e-01,-5.545227388827786854e+03,-6.185927756131444767e+03,1.802426637340053617e+01,-1.617838012248751767e+01,-1.037911222575597776e+02,1.745815062319374533e+02,5.664471346508557872e+02,-1.237194335836838661e+02,-1.981561432156255620e+01,-5.744081333357653563e+01,-5.078112668657812634e+01,-1.650655100954152772e+02,-7.903602960662432508e+01,-5.280916373503730910e+01,3.752349431000968707e+02,-3.094783838594425163e+01,-5.367022882496254965e+01,-2.272037846055361143e+01,3.294669222826013488e+00,1.628436119637891011e+01,-4.778317843412489907e+01,2.954926407079466344e+02,-3.751682399167179227e+01,7.474081904451531955e+01,-1.820499495836590711e+02,1.497358292375246336e+01,2.065879092584611385e+02,3.300884112325952202e+01,3.393429807027155931e+01,9.170202569167227580e+01,-2.770546422580691228e+02,1.116543194313903520e+01
1.100523632951516895e+01,1.504594328197575059e+01,9.734880123062541202e+01,1.772390316574839630e+01,-3.377024332523681949e+01,-3.199516305017085216e+01,-3.087942850898651059e+01,-2.829630037762801109e+01,-3.558165131873234088e+01,3.551394308799906696e-01,7.220510375877893239e+01,6.973054444725619305e+01,-8.030990890381873726e+01,-7.391220641173767092e+01,1.764935836972226824e+01,-1.025644341268648390e+02,-3.852514813327037047e-01,9.241435828846761069e+00,5.507135528925475754e+00,2.500906268056399284e+01,3.015819996599516273e+00,-1.401701555457014763e+02,-5.892920834031746580e+01,-5.140046176340681541e+02,3.849914767137290283e+01,5.181243341711965655e+01,9.448748882661838877e+00,-5.990827099582857329e+01,-1.817231150284715966e+02,-5.861730368440747725e+02,-3.822815752889376313e+02,7.568979105731722257e+01,-3.245055975645401958e+01,-5.877452962817166338e+01,9.796391824196547304e+01,-7.365875987610530728e+02,-1.188040561216406665e+01,3.278379812153875417e+00,1.148337360712853865e+02,4.787632489731422680e+01,7.777349281772536926e+01,7.492788684968306256e+01,1.585531128837858716e+01,-2.603758127932966815e+01,-1.904970007126334863e+01,-2.362486040022793432e+01,-1.758197160354781019e+01,6.264270232043620545e-01,-5.519258424403272301e+01,-7.655548295611525944e+00,-5.549603180115880718e+00,8.393016118546260884e+01,8.055300297066793291e+01,-1.305333469888708180e+02,-1.388524553146143248e+01,-3.391206905718776738e+02,2.943578429464202628e+01,3.770744069381829888e+01,-4.351909654655141679e-01,-5.545227388827786854e+03,-6.185927756131444767e+03,1.802426637340053617e+01,-1.617838012248751767e+01,-1.037911222575597776e+02,1.745815062319374533e+02,5.664471346508557872e+02,-1.237194335836838661e+02,-1.981561432156255620e+01,-5.744081333357653563e+01,-5.078112668657812634e+01,-1.650655100954152772e+02,-7.903602960662432508e+01,-5.280916373503730910e+01,3.752349431000968707e+02,-3.094783838594425163e+01,-5.367022882496254965e+01,-2.272037846055361143e+01,3.294031884631873464e+00,1.628436119637891011e+01,-4.778317843412489907e+01,2.954926407079466344e+02,-3.751682399167179227e+01,7.474252077866700006e+01,-1.820499495836590711e+02,1.497358292375246336e+01,2.065879092584611385e+02,3.300884112325952202e+01,3.393429807027155931e+01,9.170202569167227580e+01,-2.770546422580691228e+02,1.116543194313903520e+01
1.100523632951516895e+01,1.504594328197575059e+01,9.734959161052688614e+01,1.757003876037479628e+01,-3.377082958457415174e+01,-3.199516305017085216e+01,-3.087942850898651059e+01,-2.829630037762801109e+01,-3.558165131873234088e+01,3.551394308799906696e-01,7.220510375877893239e+01,6.973004592151586678e+01,-8.030990890381873726e+01,-7.391220641173767092e+01,1.764935836972226824e+01,-1.025644341268648390e+02,-3.869949525752757746e-01,9.241435828846761069e+00,5.507135528925475754e+00,2.500906268056399284e+01,3.015819996599516273e+00,-1.401701555457014763e+02,-5.892920834031746580e+01,-5.140046176340681541e+02,3.849914767137290283e+01,5.181243341711965655e+01,9.448748882661838877e+00,-5.990827099582857329e+01,-1.817231150284715966e+02,-5.861730368440747725e+02,-3.822815752889376313e+02,7.569081928598210141e+01,-3.245055975645401958e+01,-5.877452962817166338e+01,9.796391824196547304e+01,-7.365875987610530728e+02,-1.188040561216406665e+01,3.278379812153875417e+00,1.148337360712853865e+02,4.787632489731422680e+01,7.777349281772536926e+01,7.492788684968306256e+01,1.585531128837858716e+01,-2.603758127932966815e+01,-1.904970007126334863e+01,-2.362486040022793432e+01,-1.758197160354781019e+01,6.264270232043620545e-01,-5.519258424403272301e+01,-7.655548295611525944e+00,-5.549603180115880718e+00,8.393016118546260884e+01,8.055257521470437609e+01,-1.305333469888708180e+02,-1.388524553146143248e+01,-3.391206905718776738e+02,2.943578429464202628e+01,3.770744069381829888e+01,-4.355824006799394743e-01,-5.545227388827786854e+03,-6.185927756131444767e+03,1.802350733473164723e+01,-1.617838012248751767e+01,-1.037911222575597776e+02,1.745815062319374533e+02,5.664471346508557872e+02,-1.237191232386729780e+02,-1.981561432156255620e+01,-5.744081333357653563e+01,-5.078112668657812634e+01,-1.650655100954152772e+02,-7.903602960662432508e+01,-5.280916373503730910e+01,3.752349431000968707e+02,-3.094783838594425163e+01,-5.367022882496254965e+01,-2.272037846055361143e+01,3.294031884631873464e+00,1.628436119637891011e+01,-4.778317843412489907e+01,2.954926407079466344e+02,-3.751682399167179227e+01,7.474252077866700006e+01,-1.820513629212037472e+02,1.497358292375246336e+01,2.065857582603276512e+02,3.300884112325952202e+01,3.393429807027155931e+01,9.170202569167227580e+01,-2.770546422580691228e+02,1.116543194313903520e+01
1.100523632951516895e+01,1.504594328197575059e+01,9.734959161052688614e+01,1.757003876037479628e+01,-3.377082958457415174e+01,-3.199516305017085216e+01,-3.087985523112467234e+01,-2.829630037762801109e+01,-3.558165131873234088e+01,3.545499742555722200e-01,7.220510375877893239e+01,6.973004592151586678e+01,-8.031004305320485059e+01,-7.391220641173767092e+01,1.764935836972226824e+01,-1.025646060968744706e+02,-3.869949525752757746e-01,9.241435828846761069e+00,5.507135528925475754e+00,2.500906268056399284e+01,3.016154794724662302e+00,-1.401701555457014763e+02,-5.892920834031746580e+01,-5.140044522874986797e+02,3.849914767137290283e+01,5.181243341711965655e+01,9.448109797248758213e+00,-5.990827099582857329e+01,-1.817231150284715966e+02,-5.861730368440747725e+02,-3.822815752889376313e+02,7.569081928598210141e+01,-3.245055975645401958e+01,-5.877452962817166338e+01,9.796402011494772921e+01,-7.365875987610530728e+02,-1.188040561216406665e+01,3.278379812153875417e+00,1.148337360712853865e+02,4.787654731478321679e+01,7.777325009264647804e+01,7.492788684968306256e+01,1.585531128837858716e+01,-2.603758127932966815e+01,-1.904970007126334863e+01,-2.362486040022793432e+01,-1.758197160354781019e+01,6.294460141898566841e-01,-5.519258424403272301e+01,-7.655548295611525944e+00,-5.549603180115880718e+00,8.393016118546260884e+01,8.055257521470437609e+01,-1.305333469888708180e+02,-1.388524553146143248e+01,-3.391206905718776738e+02,2.943578429464202628e+01,3.770757655428709398e+01,-4.355824006799394743e-01,-5.545227388827786854e+03,-6.185927756131444767e+03,1.802350733473164723e+01,-1.617763315400105384e+01,-1.037902449294597886e+02,1.745815062319374533e+02,5.664471346508557872e+02,-1.237191232386729780e+02,-1.981561432156255620e+01,-5.744081333357653563e+01,-5.078082804914450321e+01,-1.650655100954152772e+02,-7.903602960662432508e+01,-5.280916373503730910e+01,3.752349431000968707e+02,-3.094783838594425163e+01,-5.366987792711114480e+01,-2.272037846055361143e+01,3.294031884631873464e+00,1.628436119637891011e+01,-4.778317843412489907e+01,2.954926407079466344e+02,-3.751696599679876698e+01,7.474252077866700006e+01,-1.820513629212037472e+02,1.497348645813258550e+01,2.065857582603276512e+02,3.300884112325952202e+01,3.393429807027155931e+01,9.170202569167227580e+01,-2.770545107731544476e+02,1.116543194313903520e+01
1.100523632951516895e+01,1.504594328197575059e+01,9.734959161052688614e+01,1.756918834907836668e+01,-3.377082958457415174e+01,-3.199322612990574299e+01,-3.087985523112467234e+01,-2.829630037762801109e+01,-3.558165131873234088e+01,3.545499742555722200e-01,7.220510375877893239e+01,6.973255689522851242e+01,-8.031004305320485059e+01,-7.391220641173767092e+01,1.764935836972226824e+01,-1.025646060968744706e+02,-3.869949525752757746e-01,9.241435828846761069e+00,5.507135528925475754e+00,2.500906268056399284e+01,3.016154794724662302e+00,-1.401701555457014763e+02,-5.892920834031746580e+01,-5.140044522874986797e+02,3.849914767137290283e+01,5.181243341711965655e+01,9.448109797248758213e+00,-5.990827099582857329e+01,-1.817231150284715966e+02,-5.861730368440747725e+02,-3.822801756243623572e+02,7.569081928598210141e+01,-3.245055975645401958e+01,-5.877452962817166338e+01,9.796402011494772921e+01,-7.365875987610530728e+02,-1.188076507876330012e+01,3.278379812153875417e+00,1.148337360712853865e+02,4.787654731478321679e+01,7.777325009264647804e+01,7.492788684968306256e+01,1.585531128837858716e+01,-2.603758127932966815e+01,-1.904920947015013155e+01,-2.362486040022793432e+01,-1.758197160354781019e+01,6.294460141898566841e-01,-5.519258424403272301e+01,-7.655548295611525944e+00,-5.549603180115880718e+00,8.393016118546260884e+01,8.055257521470437609e+01,-1.305333469888708180e+02,-1.388524553146143248e+01,-3.391222503066824174e+02,2.943578429464202628e+01,3.770757655428709398e+01,-4.355824006799394743e-01,-5.545227388827786854e+03,-6.185927756131444767e+03,1.802350733473164723e+01,-1.617763315400105384e+01,-1.037902449294597886e+02,1.745815062319374533e+02,5.664471346508557872e+02,-1.237191232386729780e+02,-1.981561432156255620e+01,-5.744081333357653563e+01,-5.078082804914450321e+01,-1.650660787312994842e+02,-7.903650535817300238e+01,-5.280916373503730910e+01,3.752349431000968707e+02,-3.094783838594425163e+01,-5.366987792711114480e+01,-2.272037846055361143e+01,3.294031884631873464e+00,1.628436119637891011e+01,-4.778317843412489907e+01,2.954926407079466344e+02,-3.751696599679876698e+01,7.474252077866700006e+01,-1.820513629212037472e+02,1.497348645813258550e+01,2.065857582603276512e+02,3.300802560448753553e+01,3.393513978792489638e+01,9.170202569167227580e+01,-2.770555856360126086e+02,1.116543194313903520e+01
1.100523632951516895e+01,1.504594328197575059e+01,9.734959161052688614e+01,1.756918834907836668e+01,-3.377082958457415174e+01,-3.199322612990574299e+01,-3.087992965311800475e+01,-2.829630037762801109e+01,-3.558165131873234088e+01,3.545499742555722200e-01,7.220510375877893239e+01,6.973255689522851242e+01,-8.031004305320485059e+01,-7.391220641173767092e+01,1.764973285283182136e+01,-1.025646060968744706e+02,-3.869949525752757746e-01,9.241435828846761069e+00,5.507135528925475754e+00,2.500873195013014438e+01,3.016154794724662302e+00,-1.401701555457014763e+02,-5.892920834031746580e+01,-5.140044522874986797e+02,3.849914767137290283e+01,5.181243341711965655e+01,9.448109797248758213e+00,-5.990827099582857329e+01,-1.817231150284715966e+02,-5.861730368440747725e+02,-3.822801756243623572e+02,7.569081928598210141e+01,-3.245049267878406596e+01,-5.877452962817166338e+01,9.796402011494772921e+01,-7.365875987610530728e+02,-1.188076507876330012e+01,3.278379812153875417e+00,1.148337360712853865e+02,4.787682232642859503e+01,7.777469756967212788e+01,7.492788684968306256e+01,1.585531128837858716e+01,-2.603758127932966815e+01,-1.904920947015013155e+01,-2.362486040022793432e+01,-1.758197160354781019e+01,6.294460141898566841e-01,-5.519258424403272301e+01,-7.655548295611525944e+00,-5.549603180115880718e+00,8.393016118546260884e+01,8.055257521470437609e+01,-1.305333469888708180e+02,-1.388524553146143248e+01,-3.391222503066824174e+02,2.943571620871547623e+01,3.770798942130758746e+01,-4.354486711939222765e-01,-5.545227388827786854e+03,-6.185927756131444767e+03,1.802350733473164723e+01,-1.617763315400105384e+01,-1.037902449294597886e+02,1.745815062319374533e+02,5.664471346508557872e+02,-1.237191232386729780e+02,-1.981561432156255620e+01,-5.744081333357653563e+01,-5.078082804914450321e+01,-1.650660787312994842e+02,-7.903650535817300238e+01,-5.280916373503730910e+01,3.752349431000968707e+02,-3.094783838594425163e+01,-5.366996938934026673e+01,-2.272037846055361143e+01,3.294031884631873464e+00,1.628436119637891011e+01,-4.778317843412489907e+01,2.954926407079466344e+02,-3.751696599679876698e+01,7.474252077866700006e+01,-1.820512713810344110e+02,1.497348645813258550e+01,2.065844384200052559e+02,3.300802560448753553e+01,3.393513978792489638e+01,9.170202569167227580e+01,-2.770555856360126086e+02,1.116543194313903520e+01
1.100523632951516895e+01,1.504594328197575059e+01,9.734934098595469720e+01,1.756918834907836668e+01,-3.377082958457415174e+01,-3.199322612990574299e+01,-3.087992965311800475e+01,-2.829630037762801109e+01,-3.558165131873234088e+01,3.545499742555722200e-01,7.220510375877893239e+01,6.973255689522851242e+01,-8.030967032855927812e+01,-7.391220641173767092e+01,1.764973285283182136e+01,-1.025646060968744706e+02,-3.869949525752757746e-01,9.241435828846761069e+00,5.506781999213812284e+00,2.500873195013014438e+01,3.016154794724662302e+00,-1.401720025535064167e+02,-5.892951513269096608e+01,-5.140048732245111296e+02,3.849914767137290283e+01,5.181243341711965655e+01,9.448109797248758213e+00,-5.990928756427626212e+01,-1.817231150284715966e+02,-5.861730368440747725e+02,-3.822801756243623572e+02,7.569081928598210141e+01,-3.245049267878406596e+01,-5.877452962817166338e+01,9.796402011494772921e+01,-7.365875987610530728e+02,-1.188076507876330012e+01,3.278379812153875417e+00,1.148337360712853865e+02,4.787682232642859503e+01,7.777469756967212788e+01,7.492788684968306256e+01,1.585880672996264273e+01,-2.603758127932966815e+01,-1.904920947015013155e+01,-2.362486040022793432e+01,-1.758197160354781019e+01,6.294460141898566841e-01,-5.519258424403272301e+01,-7.655548295611525944e+00,-5.559250325552341998e+00,8.393016118546260884e+01,8.055237183308837245e+01,-1.305333469888708180e+02,-1.388524553146143248e+01,-3.391222503066824174e+02,2.943571620871547623e+01,3.770798942130758746e+01,-4.354486711939222765e-01,-5.545227388827786854e+03,-6.185927756131444767e+03,1.802350733473164723e+01,-1.617763315400105384e+01,-1.037902449294597886e+02,1.745815062319374533e+02,5.664471346508557872e+02,-1.237191232386729780e+02,-1.981561432156255620e+01,-5.744081333357653563e+01,-5.078082804914450321e+01,-1.650660787312994842e+02,-7.903650535817300238e+01,-5.280978019040703231e+01,3.752345937213548268e+02,-3.094783838594425163e+01,-5.366996938934026673e+01,-2.272037846055361143e+01,3.294031884631873464e+00,1.628436119637891011e+01,-4.778317843412489907e+01,2.954926407079466344e+02,-3.751696599679876698e+01,7.474252077866700006e+01,-1.820512713810344110e+02,1.497348645813258550e+01,2.065844384200052559e+02,3.300802560448753553e+01,3.393513978792489638e+01,9.170202569167227580e+01,-2.770555856360126086e+02,1.116543194313903520e+01
1.100523632951516895e+01,1.504594328197575059e+01,9.734934098595469720e+01,1.756918834907836668e+01,-3.377082958457415174e+01,-3.199322612990574299e+01,-3.087992965311800475e+01,-2.829630037762801109e+01,-3.558165131873234088e+01,3.536215822548300358e-01,7.220510375877893239e+01,6.973255689522851242e+01,-8.030967032855927812e+01,-7.390974184505884637e+01,1.764973285283182136e+01,-1.025646060968744706e+02,-3.869949525752757746e-01,9.241435828846761069e+00,5.506781999213812284e+00,2.500873195013014438e+01,3.016946971996580018e+00,-1.401720025535064167e+02,-5.892951513269096608e+01,-5.140048732245111296e+02,3.849914767137290283e+01,5.181243341711965655e+01,9.448109797248758213e+00,-5.990928756427626212e+01,-1.817231150284715966e+02,-5.861730368440747725e+02,-3.822801756243623572e+02,7.569081928598210141e+01,-3.245049267878406596e+01,-5.877452962817166338e+01,9.796402011494772921e+01,-7.365875987610530728e+02,-1.188076507876330012e+01,3.278379812153875417e+00,1.148323178292644116e+02,4.787682232642859503e+01,7.777469756967212788e+01,7.492788684968306256e+01,1.585880672996264273e+01,-2.603758127932966815e+01,-1.904920947015013155e+01,-2.362486040022793432e+01,-1.758197160354781019e+01,6.259418921294298555e-01,-5.519258424403272301e+01,-7.655548295611525944e+00,-5.559250325552341998e+00,8.392923249588270096e+01,8.055237183308837245e+01,-1.305333469888708180e+02,-1.388524553146143248e+01,-3.391222503066824174e+02,2.943571620871547623e+01,3.770798942130758746e+01,-4.354486711939222765e-01,-5.545227388827786854e+03,-6.185929791238711914e+03,1.802350733473164723e+01,-1.617763315400105384e+01,-1.037902449294597886e+02,1.745822287096167145e+02,5.664471346508557872e+02,-1.237235406274369325e+02,-1.981621956837556553e+01,-5.744081333357653563e+01,-5.078082804914450321e+01,-1.650660787312994842e+02,-7.903650535817300238e+01,-5.280978019040703231e+01,3.752345937213548268e+02,-3.094783838594425163e+01,-5.366996938934026673e+01,-2.272037846055361143e+01,3.294364603400412594e+00,1.628436119637891011e+01,-4.778317843412489907e+01,2.954926407079466344e+02,-3.751124278630063458e+01,7.474252077866700006e+01,-1.820512713810344110e+02,1.497348645813258550e+01,2.065844384200052559e+02,3.300802560448753553e+01,3.393513978792489638e+01,9.170202569167227580e+01,-2.770555856360126086e+02,1.116543194313903520e+01
1.100523632951516895e+01,1.504594328197575059e+01,9.734934098595469720e+01,1.756918834907836668e+01,-3.377188904960474503e+01,-3.199322612990574299e+01,-3.087992965311800475e+01,-2.829630037762801109e+01,-3.558165131873234088e+01,3.536215822548300358e-01,7.220510375877893239e+01,6.973255689522851242e+01,-8.030967032855927812e+01,-7.390974184505884637e+01,1.764973285283182136e+01,-1.025646060968744706e+02,-3.869949525752757746e-01,9.241435828846761069e+00,5.506781999213812284e+00,2.500873195013014438e+01,3.016946971996580018e+00,-1.401720025535064167e+02,-5.892951513269096608e+01,-5.140048732245111296e+02,3.849914767137290283e+01,5.181243341711965655e+01,9.448109797248758213e+00,-5.990928756427626212e+01,-1.817231150284715966e+02,-5.861730368440747725e+02,-3.822801756243623572e+02,7.569054013932600355e+01,-3.245049267878406596e+01,-5.877452962817166338e+01,9.796491583580672113e+01,-7.365875987610530728e+02,-1.188076507876330012e+01,3.278379812153875417e+00,1.148323178292644116e+02,4.787682232642859503e+01,7.777469756967212788e+01,7.492775609717638474e+01,1.585880672996264273e+01,-2.603718869990427365e+01,-1.904920947015013155e+01,-2.362509062538782700e+01,-1.758197160354781019e+01,6.259418921294298555e-01,-5.519258424403272301e+01,-7.655548295611525944e+00,-5.559250325552341998e+00,8.392923249588270096e+01,8.055237183308837245e+01,-1.305333469888708180e+02,-1.388558781056042335e+01,-3.391222503066824174e+02,2.943571620871547623e+01,3.770798942130758746e+01,-4.354486711939222765e-01,-5.545227388827786854e+03,-6.185929791238711914e+03,1.802350733473164723e+01,-1.617798858500538373e+01,-1.037904755551471681e+02,1.745822287096167145e+02,5.664471346508557872e+02,-1.237235406274369325e+02,-1.981621956837556553e+01,-5.744081333357653563e+01,-5.078082804914450321e+01,-1.650660787312994842e+02,-7.903650535817300238e+01,-5.280978019040703231e+01,3.752345937213548268e+02,-3.094783838594425163e+01,-5.366996938934026673e+01,-2.272037846055361143e+01,3.294364603400412594e+00,1.628392475854285948e+01,-4.778317843412489907e+01,2.954926407079466344e+02,-3.751124278630063458e+01,7.474252077866700006e+01,-1.820512713810344110e+02,1.497348645813258550e+01,2.065844384200052559e+02,3.300802560448753553e+01,3.393513978792489638e+01,9.170267358194247720e+01,-2.770555856360126086e+02,1.116477425247016697e+01
1.100479567880039333e+01,1.504594328197575059e+01,9.734934098595469720e+01,1.756918834907836668e+01,-3.377188904960474503e+01,-3.199322612990574299e+01,-3.087992965311800475e+01,-2.829630037762801109e+01,-3.558165131873234088e+01,3.536215822548300358e-01,7.220510375877893239e+01,6.973255689522851242e+01,-8.030967032855927812e+01,-7.390974184505884637e+01,1.764973285283182136e+01,-1.025646060968744706e+02,-3.869949525752757746e-01,9.241435828846761069e+00,5.506781999213812284e+00,2.500873195013014438e+01,3.016946971996580018e+00,-1.401720025535064167e+02,-5.892951513269096608e+01,-5.140048732245111296e+02,3.849914767137290283e+01,5.181209374615358598e+01,9.446850286297612698e+00,-5.990928756427626212e+01,-1.817220651326068719e+02,-5.861730368440747725e+02,-3.822801756243623572e+02,7.569054013932600355e+01,-3.245049267878406596e+01,-5.877452962817166338e+01,9.796491583580672113e+01,-7.365874678071335211e+02,-1.188076507876330012e+01,3.278379812153875417e+00,1.148323178292644116e+02,4.787682232642859503e+01,7.777469756967212788e+01,7.492775609717638474e+01,1.585880672996264273e+01,-2.603718869990427365e+01,-1.904920947015013155e+01,-2.362509062538782700e+01,-1.758208521553772385e+01,6.259418921294298555e-01,-5.519280716441985390e+01,-7.655548295611525944e+00,-5.559250325552341998e+00,8.392923249588270096e+01,8.055237183308837245e+01,-1.305333469888708180e+02,-1.388558781056042335e+01,-3.391222503066824174e+02,2.943571620871547623e+01,3.770798942130758746e+01,-4.354486711939222765e-01,-5.545227540043003501e+03,-6.185929791238711914e+03,1.802350733473164723e+01,-1.617798858500538373e+01,-1.037904755551471681e+02,1.745822287096167145e+02,5.664469735812983799e+02,-1.237235406274369325e+02,-1.981621956837556553e+01,-5.744081333357653563e+01,-5.078082804914450321e+01,-1.650660787312994842e+02,-7.903650535817300238e+01,-5.280978019040703231e+01,3.752345937213548268e+02,-3.094783838594425163e+01,-5.366996938934026673e+01,-2.272037846055361143e+01,3.294364603400412594e+00,1.628392475854285948e+01,-4.778334121989988148e+01,2.954928242019786353e+02,-3.751124278630063458e+01,7.474252077866700006e+01,-1.820512713810344110e+02,1.497310694862674829e+01,2.065844384200052559e+02,3.300802560448753553e+01,3.393513978792489638e+01,9.170267358194247720e+01,-2.770555856360126086e+02,1.116477425247016697e+01
1.100479567880039333e+01,1.504551683961032538e+01,9.734934098595469720e+01,1.756918834907836668e+01,-3.377188904960474503e+01,-3.199322612990574299e+01,-3.087992965311800475e+01,-2.829696527486672508e+01,-3.558128634784738864e+01,3.536215822548300358e-01,7.220490669502054004e+01,6.973255689522851242e+01,-8.030967032855927812e+01,-7.390974184505884637e+01,1.764973285283182136e+01,-1.025652178331174156e+02,-3.898000014888810538e-01,9.240244085871561097e+00,5.506781999213812284e+00,2.500873195013014438e+01,3.016946971996580018e+00,-1.401720025535064167e+02,-5.892951513269096608e+01,-5.140048732245111296e+02,3.849898440090287011e+01,5.181209374615358598e+01,9.446850286297612698e+00,-5.990928756427626212e+01,-1.817220651326068719e+02,-5.861719037013542675e+02,-3.822801756243623572e+02,7.569054013932600355e+01,-3.245049267878406596e+01,-5.877474877805605047e+01,9.796491583580672113e+01,-7.365874678071335211e+02,-1.188076507876330012e+01,3.276356138345886571e+00,1.148323178292644116e+02,4.787682232642859503e+01,7.777469756967212788e+01,7.492775609717638474e+01,1.585880672996264273e+01,-2.603718869990427365e+01,-1.904920947015013155e+01,-2.362509062538782700e+01,-1.758208521553772385e+01,6.259418921294298555e-01,-5.519280716441985390e+01,-7.655144152345183528e+00,-5.559250325552341998e+00,8.392923249588270096e+01,8.055237183308837245e+01,-1.305337610927651610e+02,-1.388558781056042335e+01,-3.391222503066824174e+02,2.943571620871547623e+01,3.770798942130758746e+01,-4.354486711939222765e-01,-5.545227540043003501e+03,-6.185929791238711914e+03,1.801951492165293089e+01,-1.617798858500538373e+01,-1.037904755551471681e+02,1.745822287096167145e+02,5.664469735812983799e+02,-1.237235406274369325e+02,-1.981621956837556553e+01,-5.744165685691649514e+01,-5.077982248334195958e+01,-1.650660787312994842e+02,-7.903650535817300238e+01,-5.280978019040703231e+01,3.752345937213548268e+02,-3.094713593181926470e+01,-5.366996938934026673e+01,-2.272271323177957214e+01,3.294364603400412594e+00,1.628392475854285948e+01,-4.778334121989988148e+01,2.954928242019786353e+02,-3.751124278630063458e+01,7.474231488283643898e+01,-1.820512713810344110e+02,1.497310694862674829e+01,2.065844384200052559e+02,3.300802560448753553e+01,3.393513978792489638e+01,9.170267358194247720e+01,-2.770555856360126086e+02,1.116477425247016697e+01
1.100479567880039333e+01,1.504551683961032538e+01,9.734934098595469720e+01,1.756918834907836668e+01,-3.377130483434408603e+01,-3.199322612990574299e+01,-3.087992965311800475e+01,-2.829696527486672508e+01,-3.558128634784738864e+01,3.564534930158012038e-01,7.220477534808274811e+01,6.973255689522851242e+01,-8.030967032855927812e+01,-7.390974184505884637e+01,1.764839034637954640e+01,-1.025652178331174156e+02,-3.898000014888810538e-01,9.240244085871561097e+00,5.506781999213812284e+00,2.500873195013014438e+01,3.016946971996580018e+00,-1.401720025535064167e+02,-5.892951513269096608e+01,-5.140048732245111296e+02,3.849898440090287011e+01,5.181209374615358598e+01,9.446850286297612698e+00,-5.990928756427626212e+01,-1.817220651326068719e+02,-5.861719037013542675e+02,-3.822801756243623572e+02,7.569054013932600355e+01,-3.245049267878406596e+01,-5.877474877805605047e+01,9.796491583580672113e+01,-7.365876624226924605e+02,-1.188076507876330012e+01,3.276356138345886571e+00,1.148323178292644116e+02,4.787701865846071314e+01,7.777469756967212788e+01,7.492775609717638474e+01,1.585880672996264273e+01,-2.603694171952248126e+01,-1.904920947015013155e+01,-2.362509062538782700e+01,-1.758208521553772385e+01,6.259418921294298555e-01,-5.519280716441985390e+01,-7.655144152345183528e+00,-5.559250325552341998e+00,8.392923249588270096e+01,8.055237183308837245e+01,-1.305337610927651610e+02,-1.388558781056042335e+01,-3.391222503066824174e+02,2.943571620871547623e+01,3.770798942130758746e+01,-4.354486711939222765e-01,-5.545227540043003501e+03,-6.185929791238711914e+03,1.801951492165293089e+01,-1.617798858500538373e+01,-1.037904755551471681e+02,1.745822287096167145e+02,5.664469735812983799e+02,-1.237238655735497588e+02,-1.981621956837556553e+01,-5.744165685691649514e+01,-5.077982248334195958e+01,-1.650660787312994842e+02,-7.903650535817300238e+01,-5.281015428854683336e+01,3.752345937213548268e+02,-3.094729868927284855e+01,-5.366996938934026673e+01,-2.272271323177957214e+01,3.294364603400412594e+00,1.628392475854285948e+01,-4.778334121989988148e+01,2.954928242019786353e+02,-3.751124278630063458e+01,7.474231488283643898e+01,-1.820512713810344110e+02,1.497310694862674829e+01,2.065844384200052559e+02,3.300802560448753553e+01,3.393588439172522442e+01,9.170267358194247720e+01,-2.770565983582042122e+02,1.116477425247016697e+01
1.100479567880039333e+01,1.504551683961032538e+01,9.734934098595469720e+01,1.756918834907836668e+01,-3.377130483434408603e+01,-3.199322612990574299e+01,-3.087992965311800475e+01,-2.829579073039659320e+01,-3.558128634784738864e+01,3.564534930158012038e-01,7.220477534808274811e+01,6.973234182965398986e+01,-8.030967032855927812e+01,-7.390974184505884637e+01,1.764839034637954640e+01,-1.025652178331174156e+02,-3.898000014888810538e-01,9.240244085871561097e+00,5.506781999213812284e+00,2.500873195013014438e+01,3.016946971996580018e+00,-1.401720025535064167e+02,-5.892934140435681911e+01,-5.140048732245111296e+02,3.849898440090287011e+01,5.181209374615358598e+01,9.446850286297612698e+00,-5.990928756427626212e+01,-1.817220651326068719e+02,-5.861719037013542675e+02,-3.822801756243623572e+02,7.569054013932600355e+01,-3.245049267878406596e+01,-5.877474877805605047e+01,9.796491583580672113e+01,-7.365876624226924605e+02,-1.189663808555268432e+01,3.276356138345886571e+00,1.148323178292644116e+02,4.787701865846071314e+01,7.777469756967212788e+01,7.492775609717638474e+01,1.585976693548532701e+01,-2.603694171952248126e+01,-1.904920947015013155e+01,-2.362509062538782700e+01,-1.758208521553772385e+01,6.259418921294298555e-01,-5.519280716441985390e+01,-7.655520811596024267e+00,-5.558490505130555093e+00,8.392923249588270096e+01,8.055431693881614308e+01,-1.305343107677937837e+02,-1.388558781056042335e+01,-3.391222503066824174e+02,2.943571620871547623e+01,3.770798942130758746e+01,-4.354486711939222765e-01,-5.545227540043003501e+03,-6.185929791238711914e+03,1.801951492165293089e+01,-1.617798858500538373e+01,-1.037904755551471681e+02,1.742161436997944577e+02,5.664469735812983799e+02,-1.237238655735497588e+02,-1.981621956837556553e+01,-5.744165685691649514e+01,-5.077933619027783863e+01,-1.650660787312994842e+02,-7.903650535817300238e+01,-5.281015428854683336e+01,3.752345937213548268e+02,-3.094729868927284855e+01,-5.366996938934026673e+01,-2.272271323177957214e+01,3.294364603400412594e+00,1.628392475854285948e+01,-4.778385781807882893e+01,2.954928242019786353e+02,-3.751124278630063458e+01,7.474231488283643898e+01,-1.820512713810344110e+02,1.497310694862674829e+01,2.065844384200052559e+02,3.300802560448753553e+01,3.393588439172522442e+01,9.170267358194247720e+01,-2.770565983582042122e+02,1.116477425247016697e+01
1.100479567880039333e+01,1.504551683961032538e+01,9.734934098595469720e+01,1.756918834907836668e+01,-3.377130483434408603e+01,-3.199322612990574299e+01,-3.087992965311800475e+01,-2.829579073039659320e+01,-3.558128634784738864e+01,3.564534930158012038e-01,7.220477534808274811e+01,6.973234182965398986e+01,-8.030967032855927812e+01,-7.390940968815951351e+01,1.764839034637954640e+01,-1.025652178331174156e+02,-3.898000014888810538e-01,9.240244085871561097e+00,5.506781999213812284e+00,2.500873195013014438e+01,3.017218240937990181e+00,-1.401720025535064167e+02,-5.892934140435681911e+01,-5.140048732245111296e+02,3.849920627475052015e+01,5.181209374615358598e+01,9.446850286297612698e+00,-5.990928756427626212e+01,-1.817220651326068719e+02,-5.861719037013542675e+02,-3.822812136290712033e+02,7.568932408398414680e+01,-3.245049267878406596e+01,-5.877474877805605047e+01,9.796491583580672113e+01,-7.365876624226924605e+02,-1.189663808555268432e+01,3.276356138345886571e+00,1.148371288179256879e+02,4.787701865846071314e+01,7.777469756967212788e+01,7.492775609717638474e+01,1.585976693548532701e+01,-2.603694171952248126e+01,-1.904920947015013155e+01,-2.362544737841306031e+01,-1.758197978540775708e+01,6.262056321012121618e-01,-5.519280716441985390e+01,-7.655520811596024267e+00,-5.558490505130555093e+00,8.392923249588270096e+01,8.055431693881614308e+01,-1.305343107677937837e+02,-1.388558781056042335e+01,-3.391218956184876561e+02,2.943571620871547623e+01,3.770798942130758746e+01,-4.354486711939222765e-01,-5.545227540043003501e+03,-6.185929791238711914e+03,1.801951492165293089e+01,-1.617798858500538373e+01,-1.037904755551471681e+02,1.742161436997944577e+02,5.664469735812983799e+02,-1.237238655735497588e+02,-1.981621956837556553e+01,-5.744165685691649514e+01,-5.077933619027783863e+01,-1.650660787312994842e+02,-7.903650535817300238e+01,-5.281015428854683336e+01,3.752345937213548268e+02,-3.094729868927284855e+01,-5.366996938934026673e+01,-2.272271323177957214e+01,3.294364603400412594e+00,1.628392475854285948e+01,-4.778385781807882893e+01,2.954928242019786353e+02,-3.751124278630063458e+01,7.474231488283643898e+01,-1.820512713810344110e+02,1.497310694862674829e+01,2.065840225456266808e+02,3.300802560448753553e+01,3.393588439172522442e+01,9.170288966636563543e+01,-2.770565983582042122e+02,1.116477425247016697e+01
1.100111507393729049e+01,1.504551683961032538e+01,9.735166445382833444e+01,1.756918834907836668e+01,-3.377130483434408603e+01,-3.199322612990574299e+01,-3.087992965311800475e+01,-2.829579073039659320e+01,-3.558128634784738864e+01,3.564534930158012038e-01,7.220477534808274811e+01,6.973234182965398986e+01,-8.030967032855927812e+01,-7.390940968815951351e+01,1.764839034637954640e+01,-1.025700773894965039e+02,-3.902516930424310693e-01,9.240244085871561097e+00,5.506781999213812284e+00,2.500873195013014438e+01,3.017218240937990181e+00,-1.401720025535064167e+02,-5.892934140435681911e+01,-5.140048732245111296e+02,3.849920627475052015e+01,5.181209374615358598e+01,9.440576468283710554e+00,-5.990928756427626212e+01,-1.817220651326068719e+02,-5.861712876484100434e+02,-3.822812136290712033e+02,7.568932408398414680e+01,-3.245590246109086507e+01,-5.877474877805605047e+01,9.796491583580672113e+01,-7.365876624226924605e+02,-1.189663808555268432e+01,3.276356138345886571e+00,1.148371288179256879e+02,4.787701865846071314e+01,7.777469756967212788e+01,7.492775609717638474e+01,1.585976693548532701e+01,-2.603694171952248126e+01,-1.904920947015013155e+01,-2.362544737841306031e+01,-1.758197978540775708e+01,6.262056321012121618e-01,-5.519280716441985390e+01,-7.655520811596024267e+00,-5.558490505130555093e+00,8.396536335816799124e+01,8.055431693881614308e+01,-1.305343107677937837e+02,-1.388558781056042335e+01,-3.391218956184876561e+02,2.943571620871547623e+01,3.770798942130758746e+01,-4.354486711939222765e-01,-5.545227540043003501e+03,-6.185930624094286031e+03,1.801951492165293089e+01,-1.617798858500538373e+01,-1.037904755551471681e+02,1.742161436997944577e+02,5.664469735812983799e+02,-1.237238655735497588e+02,-1.981621956837556553e+01,-5.744165685691649514e+01,-5.077933619027783863e+01,-1.650660787312994842e+02,-7.904406922230126042e+01,-5.281015428854683336e+01,3.752345937213548268e+02,-3.094729868927284855e+01,-5.366996938934026673e+01,-2.272271323177957214e+01,3.294364603400412594e+00,1.628392475854285948e+01,-4.778385781807882893e+01,2.954928242019786353e+02,-3.751081483821723594e+01,7.474231488283643898e+01,-1.820512713810344110e+02,1.497494948829114492e+01,2.065840225456266808e+02,3.300802560448753553e+01,3.393588439172522442e+01,9.170288966636563543e+01,-2.770565983582042122e+02,1.116477425247016697e+01
1.100111507393729049e+01,1.504551683961032538e+01,9.735166445382833444e+01,1.756918834907836668e+01,-3.377130483434408603e+01,-3.199322612990574299e+01,-3.087992965311800475e+01,-2.829579073039659320e+01,-3.558128634784738864e+01,3.564534930158012038e-01,7.220477534808274811e+01,6.973234182965398986e+01,-8.030967032855927812e+01,-7.390940968815951351e+01,1.764839034637954640e+01,-1.025700773894965039e+02,-3.902516930424310693e-01,9.240244085871561097e+00,5.506781999213812284e+00,2.500873195013014438e+01,3.017218240937990181e+00,-1.401742466620460164e+02,-5.892934140435681911e+01,-5.140048732245111296e+02,3.849920627475052015e+01,5.181209374615358598e+01,9.440576468283710554e+00,-5.990897333726791629e+01,-1.817228708338510046e+02,-5.861712876484100434e+02,-3.822812136290712033e+02,7.568932408398414680e+01,-3.245590246109086507e+01,-5.877474877805605047e+01,9.796491583580672113e+01,-7.365876624226924605e+02,-1.189663808555268432e+01,3.276356138345886571e+00,1.148371288179256879e+02,4.787701865846071314e+01,7.777469756967212788e+01,7.492658708362958464e+01,1.585976693548532701e+01,-2.603694171952248126e+01,-1.905166059912694365e+01,-2.362544737841306031e+01,-1.758197978540775708e+01,6.262056321012121618e-01,-5.519280716441985390e+01,-7.655520811596024267e+00,-5.558490505130555093e+00,8.396536335816799124e+01,8.055431693881614308e+01,-1.305343107677937837e+02,-1.388558781056042335e+01,-3.391218956184876561e+02,2.943571620871547623e+01,3.770798942130758746e+01,-4.354486711939222765e-01,-5.545221831214768827e+03,-6.185930624094286031e+03,1.801951492165293089e+01,-1.617798858500538373e+01,-1.037904755551471681e+02,1.742161436997944577e+02,5.664469735812983799e+02,-1.237238655735497588e+02,-1.981621956837556553e+01,-5.744229965691516782e+01,-5.077933619027783863e+01,-1.650660787312994842e+02,-7.904406922230126042e+01,-5.281015428854683336e+01,3.752350454459166826e+02,-3.094729868927284855e+01,-5.367291421150690667e+01,-2.272271323177957214e+01,3.295237695990029803e+00,1.628392475854285948e+01,-4.778385781807882893e+01,2.954928242019786353e+02,-3.751081483821723594e+01,7.474231488283643898e+01,-1.820577404375233641e+02,1.497494948829114492e+01,2.065840225456266808e+02,3.300880194650738986e+01,3.393588439172522442e+01,9.170288966636563543e+01,-2.770565983582042122e+02,1.116477425247016697e+01
1.100111507393729049e+01,1.504564893293129835e+01,9.735166445382833444e+01,1.756964728876069515e+01,-3.377130483434408603e+01,-3.199354886031244050e+01,-3.087992965311800475e+01,-2.829579073039659320e+01,-3.558128634784738864e+01,3.564534930158012038e-01,7.220477534808274811e+01,6.973234182965398986e+01,-8.030967032855927812e+01,-7.390940968815951351e+01,1.764839034637954640e+01,-1.025700773894965039e+02,-3.902516930424310693e-01,9.240081949455550614e+00,5.506334953239786500e+00,2.500842663124625531e+01,3.017218240937990181e+00,-1.401742466620460164e+02,-5.892934140435681911e+01,-5.140049708024770325e+02,3.849920627475052015e+01,5.181209374615358598e+01,9.440576468283710554e+00,-5.990897333726791629e+01,-1.817228708338510046e+02,-5.861712876484100434e+02,-3.822812136290712033e+02,7.568932408398414680e+01,-3.245590246109086507e+01,-5.877474877805605047e+01,9.796491583580672113e+01,-7.365876624226924605e+02,-1.189663808555268432e+01,3.276356138345886571e+00,1.148371288179256879e+02,4.787701865846071314e+01,7.777469756967212788e+01,7.492658708362958464e+01,1.585976693548532701e+01,-2.603694171952248126e+01,-1.905166059912694365e+01,-2.362544737841306031e+01,-1.758197978540775708e+01,6.262056321012121618e-01,-5.519280716441985390e+01,-7.655520811596024267e+00,-5.558490505130555093e+00,8.396536335816799124e+01,8.055431693881614308e+01,-1.305343107677937837e+02,-1.388558781056042335e+01,-3.391218956184876561e+02,2.943571620871547623e+01,3.770798942130758746e+01,-4.354486711939222765e-01,-5.545221831214768827e+03,-6.185930624094286031e+03,1.801619364081162900e+01,-1.617798858500538373e+01,-1.037908125692773780e+02,1.742161436997944577e+02,5.664469735812983799e+02,-1.237238655735497588e+02,-1.981621956837556553e+01,-5.744229965691516782e+01,-5.077933619027783863e+01,-1.650653468748304817e+02,-7.904406922230126042e+01,-5.281015428854683336e+01,3.752350454459166826e+02,-3.094729868927284855e+01,-5.367291421150690667e+01,-2.272560076074445590e+01,3.295237695990029803e+00,1.628392475854285948e+01,-4.778385781807882893e+01,2.954928242019786353e+02,-3.751081483821723594e+01,7.474231488283643898e+01,-1.820577404375233641e+02,1.497494948829114492e+01,2.065840225456266808e+02,3.300880194650738986e+01,3.393588439172522442e+01,9.170288966636563543e+01,-2.770565983582042122e+02,1.116506794468658725e+01
1.100111507393729049e+01,1.504564893293129835e+01,9.735166445382833444e+01,1.756964728876069515e+01,-3.377130483434408603e+01,-3.199354886031244050e+01,-3.088026017973868065e+01,-2.829579073039659320e+01,-3.558187357918806271e+01,3.564534930158012038e-01,7.220477534808274811e+01,6.973234182965398986e+01,-8.030981682480374673e+01,-7.390940968815951351e+01,1.764839034637954640e+01,-1.025700773894965039e+02,-3.902516930424310693e-01,9.240081949455550614e+00,5.506334953239786500e+00,2.500842663124625531e+01,3.017218240937990181e+00,-1.401742466620460164e+02,-5.892934140435681911e+01,-5.140049708024770325e+02,3.849920627475052015e+01,5.181157514231072270e+01,9.440576468283710554e+00,-5.990897333726791629e+01,-1.817228708338510046e+02,-5.861712876484100434e+02,-3.822812136290712033e+02,7.568932408398414680e+01,-3.245590246109086507e+01,-5.877514658599561415e+01,9.796537883374740829e+01,-7.365876624226924605e+02,-1.189663808555268432e+01,3.276257114441550655e+00,1.148371288179256879e+02,4.787701865846071314e+01,7.777393899689899115e+01,7.492658708362958464e+01,1.585976693548532701e+01,-2.603694171952248126e+01,-1.905166059912694365e+01,-2.362544737841306031e+01,-1.758197978540775708e+01,6.262056321012121618e-01,-5.519313967504868401e+01,-7.655520811596024267e+00,-5.558490505130555093e+00,8.396536335816799124e+01,8.055431693881614308e+01,-1.305343107677937837e+02,-1.388584154002801618e+01,-3.391218956184876561e+02,2.943596257536707128e+01,3.770742789749115786e+01,-4.366438728800500768e-01,-5.545221831214768827e+03,-6.185930624094286031e+03,1.801619364081162900e+01,-1.617769959466447460e+01,-1.037908125692773780e+02,1.742161436997944577e+02,5.664474955881042888e+02,-1.237238655735497588e+02,-1.981611819771216787e+01,-5.744229965691516782e+01,-5.077933619027783863e+01,-1.650653468748304817e+02,-7.904406922230126042e+01,-5.281015428854683336e+01,3.752350454459166826e+02,-3.094729868927284855e+01,-5.367291421150690667e+01,-2.272560076074445590e+01,3.295237695990029803e+00,1.628413755884159642e+01,-4.778385781807882893e+01,2.954935718908519675e+02,-3.751081483821723594e+01,7.474259095377205142e+01,-1.820577404375233641e+02,1.497494948829114492e+01,2.065840225456266808e+02,3.300880194650738986e+01,3.393588439172522442e+01,9.170288966636563543e+01,-2.770565983582042122e+02,1.116506794468658725e+01
1.100111507393729049e+01,1.504564893293129835e+01,9.735166445382833444e+01,1.756964728876069515e+01,-3.377130483434408603e+01,-3.199354886031244050e+01,-3.088026017973868065e+01,-2.829579073039659320e+01,-3.558187357918806271e+01,3.564534930158012038e-01,7.220477534808274811e+01,6.973234182965398986e+01,-8.030981682480374673e+01,-7.390940968815951351e+01,1.764839034637954640e+01,-1.025717353830595613e+02,-3.887684018098654382e-01,9.240081949455550614e+00,5.506334953239786500e+00,2.500807071363766099e+01,3.017218240937990181e+00,-1.401731423612361880e+02,-5.892934140435681911e+01,-5.140049708024770325e+02,3.849920627475052015e+01,5.181157514231072270e+01,9.440576468283710554e+00,-5.990907318133697146e+01,-1.817228708338510046e+02,-5.861712876484100434e+02,-3.822812136290712033e+02,7.568932408398414680e+01,-3.245590246109086507e+01,-5.877514658599561415e+01,9.796537883374740829e+01,-7.365876624226924605e+02,-1.189663808555268432e+01,3.276257114441550655e+00,1.148371288179256879e+02,4.787701865846071314e+01,7.772293417567023255e+01,7.492579937592498140e+01,1.585976693548532701e+01,-2.603694171952248126e+01,-1.905166059912694365e+01,-2.362544737841306031e+01,-1.758197978540775708e+01,6.262056321012121618e-01,-5.519313967504868401e+01,-7.655520811596024267e+00,-5.558490505130555093e+00,8.396536335816799124e+01,8.055431693881614308e+01,-1.305343107677937837e+02,-1.388584154002801618e+01,-3.391240402124877846e+02,2.943596257536707128e+01,3.770742789749115786e+01,-4.366438728800500768e-01,-5.545221831214768827e+03,-6.185930624094286031e+03,1.801619364081162900e+01,-1.617769959466447460e+01,-1.037908125692773780e+02,1.742161436997944577e+02,5.664474955881042888e+02,-1.237236261138647109e+02,-1.981611819771216787e+01,-5.744229965691516782e+01,-5.077933619027783863e+01,-1.650653468748304817e+02,-7.904406922230126042e+01,-5.281015428854683336e+01,3.752345683123768936e+02,-3.094729868927284855e+01,-5.367291421150690667e+01,-2.272560076074445590e+01,3.295237695990029803e+00,1.628413755884159642e+01,-4.778329330853056689e+01,2.954935718908519675e+02,-3.751081483821723594e+01,7.474259095377205142e+01,-1.820577404375233641e+02,1.497494948829114492e+01,2.065840225456266808e+02,3.300880194650738986e+01,3.393606330786832359e+01,9.170288966636563543e+01,-2.770565983582042122e+02,1.116506794468658725e+01
1.100111507393729049e+01,1.504564893293129835e+01,9.735166445382833444e+01,1.756964728876069515e+01,-3.377130483434408603e+01,-3.199354886031244050e+01,-3.088026017973868065e+01,-2.829579073039659320e+01,-3.558187357918806271e+01,3.564534930158012038e-01,7.220477534808274811e+01,6.973147040223047100e+01,-8.030981682480374673e+01,-7.390940968815951351e+01,1.764839034637954640e+01,-1.025717353830595613e+02,-3.887684018098654382e-01,9.240081949455550614e+00,5.506334953239786500e+00,2.500807071363766099e+01,3.017218240937990181e+00,-1.401731423612361880e+02,-5.892934140435681911e+01,-5.140040842217854333e+02,3.849937338455365676e+01,5.181157514231072270e+01,9.440576468283710554e+00,-5.990907318133697146e+01,-1.817228708338510046e+02,-5.861712876484100434e+02,-3.822812136290712033e+02,7.568932408398414680e+01,-3.245590246109086507e+01,-5.877514658599561415e+01,9.796537883374740829e+01,-7.365876624226924605e+02,-1.189663808555268432e+01,3.276257114441550655e+00,1.148371288179256879e+02,4.787659773561775012e+01,7.772293417567023255e+01,7.492579937592498140e+01,1.585976693548532701e+01,-2.603694171952248126e+01,-1.905166059912694365e+01,-2.362544737841306031e+01,-1.758237936446831995e+01,6.262056321012121618e-01,-5.519313967504868401e+01,-7.655520811596024267e+00,-5.558490505130555093e+00,8.396536335816799124e+01,8.055431693881614308e+01,-1.305343107677937837e+02,-1.388584154002801618e+01,-3.391240402124877846e+02,2.943596257536707128e+01,3.770742789749115786e+01,-4.366438728800500768e-01,-5.545221831214768827e+03,-6.185930624094286031e+03,1.801619364081162900e+01,-1.617769959466447460e+01,-1.037908125692773780e+02,1.742166999906829403e+02,5.664474955881042888e+02,-1.237236261138647109e+02,-1.981611819771216787e+01,-5.744229965691516782e+01,-5.077933619027783863e+01,-1.650658848603409297e+02,-7.904406922230126042e+01,-5.281015428854683336e+01,3.752345683123768936e+02,-3.094729868927284855e+01,-5.367291421150690667e+01,-2.272560076074445590e+01,3.295237695990029803e+00,1.628393179932151114e+01,-4.778329330853056689e+01,2.954935718908519675e+02,-3.751129155217324751e+01,7.474259095377205142e+01,-1.820577404375233641e+02,1.497527584351554353e+01,2.065840225456266808e+02,3.300880194650738986e+01,3.393606330786832359e+01,9.170241365793218336e+01,-2.770565983582042122e+02,1.116446318678904248e+01
1.100111507393729049e+01,1.504564893293129835e+01,9.735416239410285755e+01,1.756964728876069515e+01,-3.377130483434408603e+01,-3.199354886031244050e+01,-3.088026017973868065e+01,-2.829513225410209287e+01,-3.558187357918806271e+01,3.564534930158012038e-01,7.219943632836415759e+01,6.973147040223047100e+01,-8.030981682480374673e+01,-7.390940968815951351e+01,1.764839034637954640e+01,-1.025717353830595613e+02,-3.887684018098654382e-01,9.240081949455550614e+00,5.506334953239786500e+00,2.500807071363766099e+01,3.017368061219852127e+00,-1.401731423612361880e+02,-5.892934140435681911e+01,-5.140040842217854333e+02,3.849937338455365676e+01,5.181157514231072270e+01,9.440576468283710554e+00,-5.990907318133697146e+01,-1.817220409285342271e+02,-5.861712876484100434e+02,-3.822812136290712033e+02,7.568932408398414680e+01,-3.245590246109086507e+01,-5.877514658599561415e+01,9.796537883374740829e+01,-7.365876624226924605e+02,-1.189777874003118185e+01,3.276257114441550655e+00,1.148371288179256879e+02,4.787659773561775012e+01,7.772293417567023255e+01,7.492579937592498140e+01,1.585976693548532701e+01,-2.603694171952248126e+01,-1.905166059912694365e+01,-2.362544737841306031e+01,-1.758237936446831995e+01,6.262056321012121618e-01,-5.519313967504868401e+01,-7.657109199120245790e+00,-5.558324276305097733e+00,8.396536335816799124e+01,8.055431693881614308e+01,-1.305343107677937837e+02,-1.388584154002801618e+01,-3.391240402124877846e+02,2.943596257536707128e+01,3.770742789749115786e+01,-4.366438728800500768e-01,-5.545221831214768827e+03,-6.185930624094286031e+03,1.801619364081162900e+01,-1.617769959466447460e+01,-1.037908125692773780e+02,1.742166999906829403e+02,5.664474955881042888e+02,-1.237236261138647109e+02,-1.981458340632879711e+01,-5.744229965691516782e+01,-5.077997276428363449e+01,-1.650658848603409297e+02,-7.904406922230126042e+01,-5.281015428854683336e+01,3.752345683123768936e+02,-3.094729868927284855e+01,-5.367291421150690667e+01,-2.272798498146431001e+01,3.295237695990029803e+00,1.628393179932151114e+01,-4.778329330853056689e+01,2.954935718908519675e+02,-3.751129155217324751e+01,7.474259095377205142e+01,-1.820577404375233641e+02,1.497527584351554353e+01,2.065840225456266808e+02,3.300938319544385280e+01,3.393606330786832359e+01,9.170241365793218336e+01,-2.770565983582042122e+02,1.116446318678904248e+01
1.100111507393729049e+01,1.504564893293129835e+01,9.735416239410285755e+01,1.756964728876069515e+01,-3.377130483434408603e+01,-3.199293198860475940e+01,-3.088026017973868065e+01,-2.829513225410209287e+01,-3.558187357918806271e+01,3.554655864166308410e-01,7.219943632836415759e+01,6.973147040223047100e+01,-8.030981682480374673e+01,-7.390940968815951351e+01,1.764839034637954640e+01,-1.025717353830595613e+02,-3.887684018098654382e-01,9.240081949455550614e+00,5.506199234792980235e+00,2.500807071363766099e+01,3.017368061219852127e+00,-1.401731423612361880e+02,-5.892950850073267333e+01,-5.140040842217854333e+02,3.849937338455365676e+01,5.181157514231072270e+01,9.440576468283710554e+00,-5.990907318133697146e+01,-1.817220409285342271e+02,-5.861712876484100434e+02,-3.822812136290712033e+02,7.568932408398414680e+01,-3.245590246109086507e+01,-5.877514658599561415e+01,9.796348721116713421e+01,-7.365876624226924605e+02,-1.189777874003118185e+01,3.276257114441550655e+00,1.148371288179256879e+02,4.787659773561775012e+01,7.772293417567023255e+01,7.492579937592498140e+01,1.585976693548532701e+01,-2.603694171952248126e+01,-1.905202079697696504e+01,-2.362544737841306031e+01,-1.758237936446831995e+01,6.262056321012121618e-01,-5.519313967504868401e+01,-7.657109199120245790e+00,-5.558324276305097733e+00,8.396566998253706515e+01,8.055431693881614308e+01,-1.305341962067338955e+02,-1.388584154002801618e+01,-3.391240402124877846e+02,2.943596257536707128e+01,3.770742789749115786e+01,-4.366438728800500768e-01,-5.545221831214768827e+03,-6.185930624094286031e+03,1.801619364081162900e+01,-1.617752039153458909e+01,-1.037908125692773780e+02,1.742166999906829403e+02,5.664474955881042888e+02,-1.237236261138647109e+02,-1.981458340632879711e+01,-5.744229965691516782e+01,-5.077997276428363449e+01,-1.650658848603409297e+02,-7.904865468638335813e+01,-5.280972526002581446e+01,3.752345683123768936e+02,-3.094694229637314820e+01,-5.367291421150690667e+01,-2.272798498146431001e+01,3.295237695990029803e+00,1.628393179932151114e+01,-4.778329330853056689e+01,2.954935718908519675e+02,-3.751129155217324751e+01,7.474259095377205142e+01,-1.820577404375233641e+02,1.497527584351554353e+01,2.065840225456266808e+02,3.300938319544385280e+01,3.393606330786832359e+01,9.170241365793218336e+01,-2.770565983582042122e+02,1.116446318678904248e+01
1.099685079058103021e+01,1.505308751337993733e+01,9.735416239410285755e+01,1.756964728876069515e+01,-3.377070261962893483e+01,-3.199293198860475940e+01,-3.088026017973868065e+01,-2.829513225410209287e+01,-3.558187357918806271e+01,3.554655864166308410e-01,7.219943632836415759e+01,6.973147040223047100e+01,-8.030981682480374673e+01,-7.390940968815951351e+01,1.764839034637954640e+01,-1.025717353830595613e+02,-3.887684018098654382e-01,9.240081949455550614e+00,5.506199234792980235e+00,2.500807071363766099e+01,3.017368061219852127e+00,-1.401731423612361880e+02,-5.892950850073267333e+01,-5.140040842217854333e+02,3.849937338455365676e+01,5.180940032448156529e+01,9.440576468283710554e+00,-5.990907318133697146e+01,-1.817220409285342271e+02,-5.861712876484100434e+02,-3.822808266815613365e+02,7.568932408398414680e+01,-3.245590246109086507e+01,-5.877514658599561415e+01,9.796348721116713421e+01,-7.365876624226924605e+02,-1.189777874003118185e+01,3.276947065212526766e+00,1.148371288179256879e+02,4.787659773561775012e+01,7.772293417567023255e+01,7.492579937592498140e+01,1.585976693548532701e+01,-2.603694171952248126e+01,-1.905202079697696504e+01,-2.362544737841306031e+01,-1.758237936446831995e+01,6.273163017171523581e-01,-5.519313967504868401e+01,-7.657109199120245790e+00,-5.558324276305097733e+00,8.396566998253706515e+01,8.055431693881614308e+01,-1.305341962067338955e+02,-1.388584154002801618e+01,-3.391240402124877846e+02,2.943596257536707128e+01,3.770742789749115786e+01,-4.366438728800500768e-01,-5.545221560515118654e+03,-6.185930624094286031e+03,1.801619364081162900e+01,-1.617752039153458909e+01,-1.037908125692773780e+02,1.742166999906829403e+02,5.664474955881042888e+02,-1.237236261138647109e+02,-1.981458340632879711e+01,-5.744112210854562051e+01,-5.077997276428363449e+01,-1.650658848603409297e+02,-7.904865468638335813e+01,-5.280972526002581446e+01,3.752345683123768936e+02,-3.094694229637314820e+01,-5.367250677303487549e+01,-2.272798498146431001e+01,3.294483064193539867e+00,1.628393179932151114e+01,-4.778329330853056689e+01,2.954935718908519675e+02,-3.751129155217324751e+01,7.474259095377205142e+01,-1.820557960643512274e+02,1.497527584351554353e+01,2.065840225456266808e+02,3.300938319544385280e+01,3.393606330786832359e+01,9.170241365793218336e+01,-2.770565983582042122e+02,1.116446318678904248e+01
1.099685079058103021e+01,1.505308751337993733e+01,9.735416239410285755e+01,1.756964728876069515e+01,-3.377070261962893483e+01,-3.199293198860475940e+01,-3.088026017973868065e+01,-2.829513225410209287e+01,-3.558273282210061694e+01,3.554655864166308410e-01,7.219943632836415759e+01,6.973147040223047100e+01,-8.030981682480374673e+01,-7.390885041944558509e+01,1.764646195528908024e+01,-1.025717353830595613e+02,-3.887684018098654382e-01,9.240081949455550614e+00,5.506199234792980235e+00,2.500807071363766099e+01,3.017368061219852127e+00,-1.401731423612361880e+02,-5.892950850073267333e+01,-5.140040842217854333e+02,3.849937338455365676e+01,5.180940032448156529e+01,9.440576468283710554e+00,-5.990907318133697146e+01,-1.817220409285342271e+02,-5.861712876484100434e+02,-3.822808266815613365e+02,7.568748008609597377e+01,-3.245590246109086507e+01,-5.877514658599561415e+01,9.796348721116713421e+01,-7.365876624226924605e+02,-1.189777874003118185e+01,3.276947065212526766e+00,1.148371288179256879e+02,4.787659773561775012e+01,7.772293417567023255e+01,7.492579937592498140e+01,1.585976693548532701e+01,-2.603723532966761312e+01,-1.905202079697696504e+01,-2.362399134816105217e+01,-1.758237936446831995e+01,6.273163017171523581e-01,-5.519281987962529001e+01,-7.657109199120245790e+00,-5.558324276305097733e+00,8.396566998253706515e+01,8.055431693881614308e+01,-1.305341962067338955e+02,-1.388584154002801618e+01,-3.391240402124877846e+02,2.943596257536707128e+01,3.770724895263141008e+01,-4.366438728800500768e-01,-5.545221560515118654e+03,-6.185930624094286031e+03,1.801579150130073970e+01,-1.617752039153458909e+01,-1.037908125692773780e+02,1.742166999906829403e+02,5.664471325953506948e+02,-1.237236261138647109e+02,-1.981458340632879711e+01,-5.744112210854562051e+01,-5.077997276428363449e+01,-1.650658848603409297e+02,-7.904865468638335813e+01,-5.280972526002581446e+01,3.752345683123768936e+02,-3.094694229637314820e+01,-5.367250677303487549e+01,-2.272798498146431001e+01,3.294483064193539867e+00,1.628393179932151114e+01,-4.778329330853056689e+01,2.954935718908519675e+02,-3.751129155217324751e+01,7.474200075514616515e+01,-1.820557960643512274e+02,1.497527584351554353e+01,2.065840225456266808e+02,3.300938319544385280e+01,3.393606330786832359e+01,9.170241365793218336e+01,-2.770567926761204944e+02,1.116446318678904248e+01
1.099685079058103021e+01,1.505308751337993733e+01,9.735416239410285755e+01,1.756823892197419568e+01,-3.377070261962893483e+01,-3.199293198860475940e+01,-3.088124879637441111e+01,-2.829513225410209287e+01,-3.558273282210061694e+01,3.554655864166308410e-01,7.219943632836415759e+01,6.973147040223047100e+01,-8.031022740869539689e+01,-7.390885041944558509e+01,1.764646195528908024e+01,-1.025717353830595613e+02,-3.887684018098654382e-01,9.240343015516499392e+00,5.506199234792980235e+00,2.500807071363766099e+01,3.017368061219852127e+00,-1.401731423612361880e+02,-5.892950850073267333e+01,-5.140040842217854333e+02,3.849937338455365676e+01,5.180940032448156529e+01,9.438464022311620738e+00,-5.990907318133697146e+01,-1.817220409285342271e+02,-5.861706375344073194e+02,-3.822808266815613365e+02,7.568748008609597377e+01,-3.245513421345538774e+01,-5.877573003359970727e+01,9.796348721116713421e+01,-7.365879170560809825e+02,-1.189777874003118185e+01,3.276947065212526766e+00,1.148364863304586265e+02,4.787659773561775012e+01,7.772293417567023255e+01,7.492579937592498140e+01,1.585859152671971195e+01,-2.603723532966761312e+01,-1.905202079697696504e+01,-2.362399134816105217e+01,-1.758237936446831995e+01,6.273163017171523581e-01,-5.519281987962529001e+01,-7.657109199120245790e+00,-5.558324276305097733e+00,8.396566998253706515e+01,8.055397109858213867e+01,-1.305341962067338955e+02,-1.388528263904671434e+01,-3.391240402124877846e+02,2.943552457321390037e+01,3.770724895263141008e+01,-4.359606716977314500e-01,-5.545221560515118654e+03,-6.185921805635096462e+03,1.801579150130073970e+01,-1.617752039153458909e+01,-1.037969053234125170e+02,1.742166999906829403e+02,5.664471325953506948e+02,-1.237236261138647109e+02,-1.981458340632879711e+01,-5.744112210854562051e+01,-5.077997276428363449e+01,-1.650658848603409297e+02,-7.904865468638335813e+01,-5.280972526002581446e+01,3.752345683123768936e+02,-3.094694229637314820e+01,-5.367250677303487549e+01,-2.272798498146431001e+01,3.294483064193539867e+00,1.628393179932151114e+01,-4.778329330853056689e+01,2.954956072420621354e+02,-3.751129155217324751e+01,7.474200075514616515e+01,-1.820557960643512274e+02,1.497527584351554353e+01,2.065829074927716817e+02,3.300938319544385280e+01,3.393606330786832359e+01,9.170241365793218336e+01,-2.770567926761204944e+02,1.116446318678904248e+01
1.099685079058103021e+01,1.505308751337993733e+01,9.735416239410285755e+01,1.756823892197419568e+01,-3.377070261962893483e+01,-3.199293198860475940e+01,-3.088124879637441111e+01,-2.829513225410209287e+01,-3.558273282210061694e+01,3.554655864166308410e-01,7.219980260977317243e+01,6.973147040223047100e+01,-8.031022740869539689e+01,-7.390885041944558509e+01,1.764646195528908024e+01,-1.025717353830595613e+02,-3.887684018098654382e-01,9.240343015516499392e+00,5.506199234792980235e+00,2.500830867269838720e+01,3.017368061219852127e+00,-1.401731423612361880e+02,-5.892950850073267333e+01,-5.140040842217854333e+02,3.849937338455365676e+01,5.180940032448156529e+01,9.438464022311620738e+00,-5.990896750685194405e+01,-1.817220409285342271e+02,-5.861706375344073194e+02,-3.822808266815613365e+02,7.568748008609597377e+01,-3.245513421345538774e+01,-5.877573003359970727e+01,9.796348721116713421e+01,-7.365879170560809825e+02,-1.189782373487079248e+01,3.276947065212526766e+00,1.148364863304586265e+02,4.787686107608837460e+01,7.772293417567023255e+01,7.492579937592498140e+01,1.585859152671971195e+01,-2.603723532966761312e+01,-1.905202079697696504e+01,-2.362399134816105217e+01,-1.758237936446831995e+01,6.273163017171523581e-01,-5.519281987962529001e+01,-7.656983918296188740e+00,-5.558324276305097733e+00,8.396566998253706515e+01,8.055397109858213867e+01,-1.305341962067338955e+02,-1.388528263904671434e+01,-3.391240402124877846e+02,2.943552457321390037e+01,3.770724895263141008e+01,-4.359606716977314500e-01,-5.545221560515118654e+03,-6.185921805635096462e+03,1.801571712087606869e+01,-1.617752039153458909e+01,-1.037969053234125170e+02,1.742166999906829403e+02,5.664471325953506948e+02,-1.237236261138647109e+02,-1.981458340632879711e+01,-5.744112210854562051e+01,-5.077997276428363449e+01,-1.650658848603409297e+02,-7.904865468638335813e+01,-5.280972526002581446e+01,3.752345683123768936e+02,-3.094661383204938687e+01,-5.367256104873403899e+01,-2.272798498146431001e+01,3.294483064193539867e+00,1.628393179932151114e+01,-4.778336578049717076e+01,2.954956072420621354e+02,-3.751129155217324751e+01,7.474185077404486321e+01,-1.820557960643512274e+02,1.497527584351554353e+01,2.065829074927716817e+02,3.300938319544385280e+01,3.393618735059605029e+01,9.170241365793218336e+01,-2.770567926761204944e+02,1.116446318678904248e+01
1.099685079058103021e+01,1.505308751337993733e+01,9.735416239410285755e+01,1.756823892197419568e+01,-3.377034059356945761e+01,-3.199293198860475940e+01,-3.088124879637441111e+01,-2.829513225410209287e+01,-3.558273282210061694e+01,3.554655864166308410e-01,7.219980260977317243e+01,6.973147040223047100e+01,-8.031022740869539689e+01,-7.390885041944558509e+01,1.764646195528908024e+01,-1.025717353830595613e+02,-3.887684018098654382e-01,9.240343015516499392e+00,5.506199234792980235e+00,2.500830867269838720e+01,3.017368061219852127e+00,-1.401731423612361880e+02,-5.892921040526776721e+01,-5.140040842217854333e+02,3.849937338455365676e+01,5.180940032448156529e+01,9.438464022311620738e+00,-5.990896750685194405e+01,-1.817220409285342271e+02,-5.861706375344073194e+02,-3.822808266815613365e+02,7.568748008609597377e+01,-3.245513421345538774e+01,-5.877573003359970727e+01,9.796348721116713421e+01,-7.365876034179144654e+02,-1.189782373487079248e+01,3.276947065212526766e+00,1.148364863304586265e+02,4.787686107608837460e+01,7.772293417567023255e+01,7.492579937592498140e+01,1.585859152671971195e+01,-2.603828918120337832e+01,-1.905202079697696504e+01,-2.362399134816105217e+01,-1.758237936446831995e+01,6.273163017171523581e-01,-5.519259490046700734e+01,-7.656983918296188740e+00,-5.558324276305097733e+00,8.396566998253706515e+01,8.055397109858213867e+01,-1.305341962067338955e+02,-1.388528263904671434e+01,-3.391240402124877846e+02,2.943552457321390037e+01,3.770724895263141008e+01,-4.357289335581336909e-01,-5.545221560515118654e+03,-6.185921805635096462e+03,1.801571712087606869e+01,-1.617752039153458909e+01,-1.037972495394653407e+02,1.742166999906829403e+02,5.664471325953506948e+02,-1.237236261138647109e+02,-1.981458340632879711e+01,-5.744242257469662860e+01,-5.077997276428363449e+01,-1.650668393457469278e+02,-7.904865468638335813e+01,-5.280953636453084243e+01,3.752348735539572999e+02,-3.094661383204938687e+01,-5.367256104873403899e+01,-2.272798498146431001e+01,3.294483064193539867e+00,1.628393179932151114e+01,-4.778336578049717076e+01,2.954956072420621354e+02,-3.751063565665941013e+01,7.474185077404486321e+01,-1.820557960643512274e+02,1.497527584351554353e+01,2.065829074927716817e+02,3.300938319544385280e+01,3.393618735059605029e+01,9.170241365793218336e+01,-2.770567926761204944e+02,1.116446318678904248e+01
1.099685079058103021e+01,1.505308751337993733e+01,9.735416239410285755e+01,1.756823892197419568e+01,-3.377034059356945761e+01,-3.199293198860475940e+01,-3.088124879637441111e+01,-2.829513225410209287e+01,-3.558273282210061694e+01,3.567238230018458522e-01,7.219980260977317243e+01,6.973147040223047100e+01,-8.031022740869539689e+01,-7.390885041944558509e+01,1.764646195528908024e+01,-1.025717353830595613e+02,-3.887684018098654382e-01,9.240343015516499392e+00,5.505783388076805451e+00,2.500830867269838720e+01,3.020488997347542171e+00,-1.401731423612361880e+02,-5.892921040526776721e+01,-5.140040842217854333e+02,3.849937338455365676e+01,5.180940032448156529e+01,9.440022494976767931e+00,-5.990896750685194405e+01,-1.817228552730819615e+02,-5.861706375344073194e+02,-3.822808266815613365e+02,7.568748008609597377e+01,-3.245513421345538774e+01,-5.877573003359970727e+01,9.796224486598559622e+01,-7.365876034179144654e+02,-1.189782373487079248e+01,3.276947065212526766e+00,1.148364863304586265e+02,4.787686107608837460e+01,7.772293417567023255e+01,7.492579937592498140e+01,1.585833065228428396e+01,-2.603828918120337832e+01,-1.905202079697696504e+01,-2.362399134816105217e+01,-1.758237936446831995e+01,6.273163017171523581e-01,-5.519259490046700734e+01,-7.656983918296188740e+00,-5.558324276305097733e+00,8.396566998253706515e+01,8.055397109858213867e+01,-1.305341962067338955e+02,-1.388528263904671434e+01,-3.391240402124877846e+02,2.943518284451988265e+01,3.770724895263141008e+01,-4.357289335581336909e-01,-5.545221560515118654e+03,-6.185921805635096462e+03,1.801571712087606869e+01,-1.617752039153458909e+01,-1.037972495394653407e+02,1.742207615677398280e+02,5.664471325953506948e+02,-1.237266391733151352e+02,-1.981458340632879711e+01,-5.744242257469662860e+01,-5.077997276428363449e+01,-1.650668393457469278e+02,-7.904865468638335813e+01,-5.280953636453084243e+01,3.752348735539572999e+02,-3.094661383204938687e+01,-5.367256104873403899e+01,-2.272798498146431001e+01,3.294483064193539867e+00,1.628393179932151114e+01,-4.778336578049717076e+01,2.954956072420621354e+02,-3.751063565665941013e+01,7.474185077404486321e+01,-1.820554558979913509e+02,1.497527584351554353e+01,2.065829074927716817e+02,3.300915046391454410e+01,3.393618735059605029e+01,9.170241365793218336e+01,-2.770567926761204944e+02,1.116446318678904248e+01
1.099685079058103021e+01,1.505308751337993733e+01,9.735445277046360957e+01,1.756823892197419568e+01,-3.377034059356945761e+01,-3.198967863177592008e+01,-3.088124879637441111e+01,-2.829513225410209287e+01,-3.558273282210061694e+01,3.567238230018458522e-01,7.219980260977317243e+01,6.973147040223047100e+01,-8.031022740869539689e+01,-7.390885041944558509e+01,1.764646195528908024e+01,-1.025717353830595613e+02,-3.887684018098654382e-01,9.240343015516499392e+00,5.505783388076805451e+00,2.500830867269838720e+01,3.020488997347542171e+00,-1.401735327198673815e+02,-5.892921040526776721e+01,-5.140045331867330560e+02,3.849937338455365676e+01,5.180940032448156529e+01,9.440022494976767931e+00,-5.990896750685194405e+01,-1.817228552730819615e+02,-5.861706375344073194e+02,-3.822808266815613365e+02,7.568748008609597377e+01,-3.245513421345538774e+01,-5.877544989801330644e+01,9.796224486598559622e+01,-7.365876034179144654e+02,-1.189782373487079248e+01,3.276947065212526766e+00,1.148364863304586265e+02,4.787686107608837460e+01,7.772293417567023255e+01,7.492617002591686060e+01,1.585833065228428396e+01,-2.603828918120337832e+01,-1.905309817235193037e+01,-2.362399134816105217e+01,-1.758237936446831995e+01,6.273163017171523581e-01,-5.519259490046700734e+01,-7.656983918296188740e+00,-5.564375430994819460e+00,8.396566998253706515e+01,8.055132796212957658e+01,-1.305341962067338955e+02,-1.388528263904671434e+01,-3.391233482766732550e+02,2.943518284451988265e+01,3.770724895263141008e+01,-4.357289335581336909e-01,-5.545221560515118654e+03,-6.185921805635096462e+03,1.801571712087606869e+01,-1.617752039153458909e+01,-1.037972495394653407e+02,1.742207615677398280e+02,5.664471325953506948e+02,-1.237266391733151352e+02,-1.981458340632879711e+01,-5.744242257469662860e+01,-5.077997276428363449e+01,-1.650668393457469278e+02,-7.904865468638335813e+01,-5.280953636453084243e+01,3.752348735539572999e+02,-3.094661383204938687e+01,-5.367256104873403899e+01,-2.272798498146431001e+01,3.235410478734067397e+00,1.628393179932151114e+01,-4.778336578049717076e+01,2.954956072420621354e+02,-3.751063565665941013e+01,7.474185077404486321e+01,-1.820554558979913509e+02,1.497527584351554353e+01,2.065824460278134040e+02,3.300915046391454410e+01,3.393618735059605029e+01,9.170241365793218336e+01,-2.770567926761204944e+02,1.116446318678904248e+01
1.099685079058103021e+01,1.505308751337993733e+01,9.735445277046360957e+01,1.756823892197419568e+01,-3.377034059356945761e+01,-3.198967863177592008e+01,-3.088124879637441111e+01,-2.829513225410209287e+01,-3.558346115832089396e+01,3.567238230018458522e-01,7.219980260977317243e+01,6.973386952238372771e+01,-8.031029268037693214e+01,-7.390885041944558509e+01,1.764646195528908024e+01,-1.025717353830595613e+02,-3.887684018098654382e-01,9.240343015516499392e+00,5.505783388076805451e+00,2.500830867269838720e+01,3.020488997347542171e+00,-1.401735327198673815e+02,-5.892921040526776721e+01,-5.140045331867330560e+02,3.849937338455365676e+01,5.180940032448156529e+01,9.440022494976767931e+00,-5.990896750685194405e+01,-1.817228552730819615e+02,-5.861707890903624047e+02,-3.822808266815613365e+02,7.568748008609597377e+01,-3.245513421345538774e+01,-5.877544989801330644e+01,9.796224486598559622e+01,-7.365876034179144654e+02,-1.189782373487079248e+01,3.276604516938182332e+00,1.148364863304586265e+02,4.787686107608837460e+01,7.772293417567023255e+01,7.492617002591686060e+01,1.585833065228428396e+01,-2.603828918120337832e+01,-1.905309817235193037e+01,-2.362399134816105217e+01,-1.758237936446831995e+01,8.645635668150333242e-01,-5.519259490046700734e+01,-7.656983918296188740e+00,-5.564375430994819460e+00,8.396737248800646114e+01,8.055132796212957658e+01,-1.305341962067338955e+02,-1.388528263904671434e+01,-3.391233482766732550e+02,2.943518284451988265e+01,3.770724895263141008e+01,-4.357289335581336909e-01,-5.545220994653858725e+03,-6.185921805635096462e+03,1.801571712087606869e+01,-1.617763243188935718e+01,-1.037972495394653407e+02,1.742207615677398280e+02,5.664471325953506948e+02,-1.237266391733151352e+02,-1.981458340632879711e+01,-5.744242257469662860e+01,-5.077997276428363449e+01,-1.650668393457469278e+02,-7.904771176726598014e+01,-5.280953636453084243e+01,3.752348735539572999e+02,-3.094661383204938687e+01,-5.367256104873403899e+01,-2.272798498146431001e+01,3.235410478734067397e+00,1.628393179932151114e+01,-4.778336578049717076e+01,2.954956072420621354e+02,-3.751063565665941013e+01,7.474185077404486321e+01,-1.820554558979913509e+02,1.497527584351554353e+01,2.065824460278134040e+02,3.300915046391454410e+01,3.393618735059605029e+01,9.170259613633753304e+01,-2.770567926761204944e+02,1.116477201177554512e+01
1.099685079058103021e+01,1.505274267249440889e+01,9.735445277046360957e+01,1.756823892197419568e+01,-3.377034059356945761e+01,-3.198967863177592008e+01,-3.088124879637441111e+01,-2.829513225410209287e+01,-3.558346115832089396e+01,3.567238230018458522e-01,7.219980260977317243e+01,6.973386952238372771e+01,-8.031029268037693214e+01,-7.390885041944558509e+01,1.764646195528908024e+01,-1.025717353830595613e+02,-3.887684018098654382e-01,9.240343015516499392e+00,5.505783388076805451e+00,2.500830867269838720e+01,3.020488997347542171e+00,-1.401735327198673815e+02,-5.892921040526776721e+01,-5.140045331867330560e+02,3.850049164016308367e+01,5.180803964407645168e+01,9.440022494976767931e+00,-5.990896750685194405e+01,-1.817228552730819615e+02,-5.861707890903624047e+02,-3.822813589712432645e+02,7.568748008609597377e+01,-3.245563169077460230e+01,-5.877544989801330644e+01,9.796224486598559622e+01,-7.365876034179144654e+02,-1.189782373487079248e+01,3.276604516938182332e+00,1.148364863304586265e+02,4.787686107608837460e+01,7.772070087752585721e+01,7.492617002591686060e+01,1.585833065228428396e+01,-2.603828918120337832e+01,-1.905309817235193037e+01,-2.362458668615720114e+01,-1.758237936446831995e+01,8.645635668150333242e-01,-5.519259490046700734e+01,-7.656983918296188740e+00,-5.564375430994819460e+00,8.396737248800646114e+01,8.055132796212957658e+01,-1.305353601467434999e+02,-1.388774758790883368e+01,-3.391233482766732550e+02,2.943518284451988265e+01,3.770783280819382810e+01,-4.357289335581336909e-01,-5.545220994653858725e+03,-6.185921805635096462e+03,1.801571712087606869e+01,-1.617763243188935718e+01,-1.037972495394653407e+02,1.742207615677398280e+02,5.664471325953506948e+02,-1.237266391733151352e+02,-1.981458340632879711e+01,-5.744242257469662860e+01,-5.077997276428363449e+01,-1.650668393457469278e+02,-7.904771176726598014e+01,-5.280953636453084243e+01,3.752348735539572999e+02,-3.094661383204938687e+01,-5.367256104873403899e+01,-2.272798498146431001e+01,3.235410478734067397e+00,1.628341491020020371e+01,-4.778336578049717076e+01,2.954953112761968441e+02,-3.751063565665941013e+01,7.474185077404486321e+01,-1.820554558979913509e+02,1.497527584351554353e+01,2.065824460278134040e+02,3.300915046391454410e+01,3.393618735059605029e+01,9.170259613633753304e+01,-2.770567926761204944e+02,1.116477201177554512e+01
1.099791944181565562e+01,1.505274267249440889e+01,9.735445277046360957e+01,1.756903751025596705e+01,-3.377034059356945761e+01,-3.198967863177592008e+01,-3.088156356687580839e+01,-2.829544584039130939e+01,-3.558346115832089396e+01,3.567238230018458522e-01,7.219980260977317243e+01,6.973386952238372771e+01,-8.031029268037693214e+01,-7.390912667921297441e+01,1.764574429956368817e+01,-1.025709314502824725e+02,-3.893574015075467187e-01,9.240043306762514064e+00,5.505783388076805451e+00,2.500830867269838720e+01,3.020488997347542171e+00,-1.401735327198673815e+02,-5.892921040526776721e+01,-5.140045331867330560e+02,3.850049164016308367e+01,5.180803964407645168e+01,9.440022494976767931e+00,-5.990896750685194405e+01,-1.817228552730819615e+02,-5.861707890903624047e+02,-3.822813589712432645e+02,7.568830857656035960e+01,-3.245563169077460230e+01,-5.877544989801330644e+01,9.796224486598559622e+01,-7.365876034179144654e+02,-1.189782373487079248e+01,3.276604516938182332e+00,1.148369346538381848e+02,4.787686107608837460e+01,7.772070087752585721e+01,7.492617002591686060e+01,1.585833065228428396e+01,-2.603828918120337832e+01,-1.905309817235193037e+01,-2.362458668615720114e+01,-1.758174858294975706e+01,8.645635668150333242e-01,-5.519259490046700734e+01,-7.656983918296188740e+00,-5.564375430994819460e+00,8.396737248800646114e+01,8.055132796212957658e+01,-1.305353601467434999e+02,-1.388774758790883368e+01,-3.391233482766732550e+02,2.943518284451988265e+01,3.770783280819382810e+01,-4.357289335581336909e-01,-5.545220994653858725e+03,-6.185922396747649145e+03,1.801571712087606869e+01,-1.617763243188935718e+01,-1.037972495394653407e+02,1.742207615677398280e+02,5.664508867218585237e+02,-1.237266391733151352e+02,-1.981411008843921451e+01,-5.744242257469662860e+01,-5.077950412944437630e+01,-1.650668393457469278e+02,-7.904771176726598014e+01,-5.280953636453084243e+01,3.752348735539572999e+02,-3.094661383204938687e+01,-5.367256104873403899e+01,-2.272776427604793525e+01,3.235410478734067397e+00,1.628341491020020371e+01,-4.778336578049717076e+01,2.954953112761968441e+02,-3.751063565665941013e+01,7.474185077404486321e+01,-1.820554558979913509e+02,1.497500886693772415e+01,2.065824460278134040e+02,3.300915046391454410e+01,3.393618735059605029e+01,9.170259613633753304e+01,-2.770561632009869300e+02,1.116477201177554512e+01
1.100474100840235181e+01,1.504606786878596125e+01,9.734880123062541202e+01,1.772390316574839630e+01,-3.377024332523681949e+01,-3.200142794801954693e+01,-3.087942850898651059e+01,-2.823848746541172261e+01,-3.558088489326389237e+01,3.551394308799906696e-01,7.127457049845838810e+01,6.973054444725619305e+01,-8.030943991076205180e+01,-7.391218156778982973e+01,1.776120064088539152e+01,-1.025644341268648390e+02,-3.852514813327037047e-01,9.241243591622225750e+00,5.504794250021189050e+00,2.500952803554600479e+01,3.021361729444336675e+00,-1.401706592216994807e+02,-5.892885349698021002e+01,-5.140046176340681541e+02,3.849862065543292289e+01,5.181191109321605381e+01,9.448748882661838877e+00,-5.990815225219984796e+01,-1.817203428385078041e+02,-5.861728875301207609e+02,-3.821807927280715376e+02,7.568804825187739027e+01,-3.245833662412368881e+01,-1.729378285435736728e+01,9.796391824196547304e+01,-7.365880219890203762e+02,-1.189920869179528573e+01,3.278432902709256247e+00,1.148338201731209409e+02,4.787632489731422680e+01,7.777349281772536926e+01,7.492799820968620850e+01,1.585650694418548845e+01,-2.603778392026261912e+01,-1.905239631735286565e+01,-2.362607927311022138e+01,-1.758244317102113286e+01,6.264270232043620545e-01,-2.375539267701942236e+01,-7.655351286754168427e+00,-5.548276009553326560e+00,8.393306341396136361e+01,8.055300297066793291e+01,-1.305329323889250475e+02,-1.388471578031690612e+01,-3.391216614296317857e+02,2.943383323471820034e+01,3.770744069381829888e+01,-4.351909654655141679e-01,-5.545227336086807554e+03,-6.185927922821258107e+03,1.802426637340053617e+01,-1.617838012248751767e+01,-1.037911222575597776e+02,1.747401128698398907e+02,5.664491518216384520e+02,-1.237194335836838661e+02,-1.981592141289483067e+01,-5.744087533415717672e+01,-5.078160759727098394e+01,-1.650650762749914406e+02,-7.914138267691279793e+01,-1.367271377151837619e+01,3.752341980465449183e+02,-3.094325773061482465e+01,-5.367022882496254965e+01,-2.272046369777951114e+01,4.840288094581941536e+00,1.628438889715468108e+01,-4.778278835706620242e+01,2.955306302140945149e+02,-3.751682399167179227e+01,7.474081904451531955e+01,-1.820560644516491493e+02,1.497358292375246336e+01,2.065879092584611385e+02,3.300828255101176723e+01,3.393162245246818998e+01,9.170724637376294197e+01,-2.770546422580691228e+02,1.116532871757235057e+01
1.100474100840235181e+01,1.504606786878596125e+01,9.734880123062541202e+01,1.772390316574839630e+01,-3.377024332523681949e+01,-3.200142794801954693e+01,-3.087942850898651059e+01,-2.823848746541172261e+01,-3.558088489326389237e+01,3.551394308799906696e-01,7.127457049845838810e+01,6.973054444725619305e+01,-8.030943991076205180e+01,-7.391218156778982973e+01,1.776120064088539152e+01,-1.025645234709871545e+02,-3.860604530889453767e-01,9.241243591622225750e+00,5.504794250021189050e+00,2.500952803554600479e+01,3.021361729444336675e+00,-1.401707683940501568e+02,-5.892885349698021002e+01,-5.140046176340681541e+02,3.849862065543292289e+01,5.181191109321605381e+01,9.449095181019069756e+00,-5.990815225219984796e+01,-1.817203428385078041e+02,-5.861728875301207609e+02,-3.821805226833204188e+02,7.568804825187739027e+01,-3.245833662412368881e+01,-1.729378285435736728e+01,9.796391824196547304e+01,-7.365880219890203762e+02,-1.189920869179528573e+01,3.278432902709256247e+00,1.148338201731209409e+02,4.787632489731422680e+01,7.777349281772536926e+01,7.492809957651805064e+01,1.585650694418548845e+01,-2.603778392026261912e+01,-1.905239631735286565e+01,-2.362551394602805388e+01,-1.758253132668313157e+01,6.264270232043620545e-01,-2.375539267701942236e+01,-7.655351286754168427e+00,-5.548276009553326560e+00,8.393306341396136361e+01,8.055300297066793291e+01,-1.305329323889250475e+02,-1.388471578031690612e+01,-3.391216614296317857e+02,2.943383323471820034e+01,3.770744069381829888e+01,-4.351909654655141679e-01,-5.545227336086807554e+03,-6.185927922821258107e+03,1.802426637340053617e+01,-1.617838012248751767e+01,-1.037911222575597776e+02,1.747401128698398907e+02,5.664491518216384520e+02,-1.237194335836838661e+02,-1.981623555769320788e+01,-5.744087533415717672e+01,-5.078160759727098394e+01,-1.650654244757977551e+02,-7.914138267691279793e+01,-1.367271377151837619e+01,3.752341980465449183e+02,-3.094325773061482465e+01,-5.367022882496254965e+01,-2.272046369777951114e+01,4.840288094581941536e+00,1.628438889715468108e+01,-4.778278835706620242e+01,2.955306302140945149e+02,-3.751682399167179227e+01,7.474081904451531955e+01,-1.820560644516491493e+02,1.497366957514931940e+01,2.065879092584611385e+02,3.300708888904657812e+01,3.393162245246818998e+01,9.170724637376294197e+01,-2.770546422580691228e+02,1.116532871757235057e+01
1.100474100840235181e+01,1.504606786878596125e+01,9.734880123062541202e+01,1.772390316574839630e+01,-3.377073420772728696e+01,-3.200142794801954693e+01,-3.087942850898651059e+01,-2.823848746541172261e+01,-3.558088489326389237e+01,3.551394308799906696e-01,7.127457049845838810e+01,6.973054444725619305e+01,-8.030943991076205180e+01,-7.391218156778982973e+01,1.776120064088539152e+01,-1.025645234709871545e+02,-3.860604530889453767e-01,9.241243591622225750e+00,5.504794250021189050e+00,2.500916194097364098e+01,3.021361729444336675e+00,-1.401707683940501568e+02,-5.892911556160071740e+01,-5.140046176340681541e+02,3.849790051629744880e+01,5.181191109321605381e+01,9.449095181019069756e+00,-5.990815225219984796e+01,-1.817203428385078041e+02,-5.861723690426922531e+02,-3.821805226833204188e+02,7.568804825187739027e+01,-3.245833662412368881e+01,-1.729378285435736728e+01,9.796391824196547304e+01,-7.365880219890203762e+02,-1.189920869179528573e+01,3.278432902709256247e+00,1.148338201731209409e+02,4.787632489731422680e+01,7.777349281772536926e+01,7.492809957651805064e+01,1.585650694418548845e+01,-2.603868438315593181e+01,-1.905239631735286565e+01,-2.362551394602805388e+01,-1.758253132668313157e+01,6.264270232043620545e-01,-2.375488567139890250e+01,-7.655351286754168427e+00,-5.548276009553326560e+00,8.393306341396136361e+01,8.055351887891195872e+01,-1.305329323889250475e+02,-1.388471578031690612e+01,-3.391216614296317857e+02,2.943383323471820034e+01,3.770744069381829888e+01,-4.351909654655141679e-01,-5.545227336086807554e+03,-6.185926884782983507e+03,1.802392043617451733e+01,-1.617838012248751767e+01,-1.037911222575597776e+02,1.747401128698398907e+02,5.664491518216384520e+02,-1.237194335836838661e+02,-1.981623555769320788e+01,-5.744087533415717672e+01,-5.078160759727098394e+01,-1.650654244757977551e+02,-7.914138267691279793e+01,-1.367271377151837619e+01,3.752341980465449183e+02,-3.094325773061482465e+01,-5.367022882496254965e+01,-2.271891774958434596e+01,4.840288094581941536e+00,1.628438889715468108e+01,-4.778278835706620242e+01,2.955306302140945149e+02,-3.751645028226752032e+01,7.474081904451531955e+01,-1.820560644516491493e+02,1.497366957514931940e+01,2.065879092584611385e+02,3.300708888904657812e+01,3.393162245246818998e+01,9.170724637376294197e+01,-2.770546422580691228e+02,1.116532871757235057e+01
1.100474100840235181e+01,1.504606786878596125e+01,9.734880123062541202e+01,1.772390316574839630e+01,-3.377073420772728696e+01,-3.200142794801954693e+01,-3.087942850898651059e+01,-2.823848746541172261e+01,-3.558088489326389237e+01,3.551394308799906696e-01,7.127457049845838810e+01,6.973054444725619305e+01,-8.030943991076205180e+01,-7.391218156778982973e+01,1.776120064088539152e+01,-1.025645234709871545e+02,-3.860604530889453767e-01,9.241243591622225750e+00,5.504794250021189050e+00,2.500916194097364098e+01,3.021361729444336675e+00,-1.401707683940501568e+02,-5.892911556160071740e+01,-5.140046176340681541e+02,3.849790051629744880e+01,5.181191109321605381e+01,9.449095181019069756e+00,-5.990778422108689227e+01,-1.817203428385078041e+02,-5.861723690426922531e+02,-3.821805226833204188e+02,7.568804825187739027e+01,-3.244987887215366129e+01,-1.729378285435736728e+01,9.796391824196547304e+01,-7.365885376353788843e+02,-1.189920869179528573e+01,3.278432902709256247e+00,1.148338201731209409e+02,4.787632489731422680e+01,7.777349281772536926e+01,7.492809957651805064e+01,1.585650694418548845e+01,-2.603868438315593181e+01,-1.905239631735286565e+01,-2.362551394602805388e+01,-1.758253132668313157e+01,6.264270232043620545e-01,-2.375488567139890250e+01,-7.655593113110216841e+00,-5.547952452587886718e+00,8.393306341396136361e+01,8.055351887891195872e+01,-1.305329323889250475e+02,-1.388471578031690612e+01,-3.391216614296317857e+02,2.943383323471820034e+01,3.770744069381829888e+01,-4.351909654655141679e-01,-5.545227336086807554e+03,-6.185926884782983507e+03,1.802392043617451733e+01,-1.617838012248751767e+01,-1.037915937379207634e+02,1.747401128698398907e+02,5.664491518216384520e+02,-1.237199013701387571e+02,-1.981623555769320788e+01,-5.744087533415717672e+01,-5.078160759727098394e+01,-1.650654244757977551e+02,-7.914138267691279793e+01,-1.367194402976949164e+01,3.752341980465449183e+02,-3.094325773061482465e+01,-5.367022882496254965e+01,-2.271891774958434596e+01,4.840288094581941536e+00,1.628438889715468108e+01,-4.778236563836232875e+01,2.955295987886291300e+02,-3.751645028226752032e+01,7.474081904451531955e+01,-1.820560644516491493e+02,1.497366957514931940e+01,2.065879092584611385e+02,3.300708888904657812e+01,3.393162245246818998e+01,9.170724637376294197e+01,-2.770542681887563958e+02,1.116588759426560529e+01
1.100474100840235181e+01,1.504579582706412211e+01,9.734880123062541202e+01,1.772390316574839630e+01,-3.377073420772728696e+01,-3.200142794801954693e+01,-3.087926397246307886e+01,-2.823832643572646006e+01,-3.558088489326389237e+01,3.568010438702091669e-01,7.127457049845838810e+01,6.972960012094519300e+01,-8.030943991076205180e+01,-7.391218156778982973e+01,1.776120064088539152e+01,-1.025645234709871545e+02,-3.860604530889453767e-01,9.241243591622225750e+00,5.504794250021189050e+00,2.500916194097364098e+01,3.021361729444336675e+00,-1.401707683940501568e+02,-5.892911556160071740e+01,-5.140046176340681541e+02,3.849790051629744880e+01,5.181191109321605381e+01,9.449095181019069756e+00,-5.990778422108689227e+01,-1.817203428385078041e+02,-5.861723690426922531e+02,-3.821805226833204188e+02,7.568804825187739027e+01,-3.244987887215366129e+01,-1.729396673876654589e+01,9.796434737740482035e+01,-7.365885376353788843e+02,-1.189920869179528573e+01,3.278432902709256247e+00,1.148338201731209409e+02,4.787754348709161434e+01,7.777349281772536926e+01,7.492809957651805064e+01,1.585650694418548845e+01,-2.603868438315593181e+01,-1.905239631735286565e+01,-2.362551394602805388e+01,-1.758253132668313157e+01,6.259481393421613138e-01,-2.375488567139890250e+01,-7.655593113110216841e+00,-5.547952452587886718e+00,8.393306341396136361e+01,8.055351887891195872e+01,-1.305331780972774993e+02,-1.388471578031690612e+01,-3.391216614296317857e+02,2.943383323471820034e+01,3.770744069381829888e+01,-4.351909654655141679e-01,-5.545227336086807554e+03,-6.185926884782983507e+03,1.802392043617451733e+01,-1.617838012248751767e+01,-1.037915937379207634e+02,1.747398337139918851e+02,5.664491518216384520e+02,-1.237199013701387571e+02,-1.981623555769320788e+01,-5.744087533415717672e+01,-5.078160759727098394e+01,-1.650654244757977551e+02,-7.914138267691279793e+01,-1.367194402976949164e+01,3.752341980465449183e+02,-3.094325773061482465e+01,-5.367022882496254965e+01,-2.271891774958434596e+01,4.840288094581941536e+00,1.628465200791110234e+01,-4.778236563836232875e+01,2.955295987886291300e+02,-3.751645028226752032e+01,7.474081904451531955e+01,-1.820560644516491493e+02,1.497366957514931940e+01,2.065879092584611385e+02,3.300708888904657812e+01,3.393162245246818998e+01,9.170724637376294197e+01,-2.770542681887563958e+02,1.116588759426560529e+01
1.100441824244212619e+01,1.504579582706412211e+01,9.734803173074726601e+01,1.772390316574839630e+01,-3.377073420772728696e+01,-3.200142794801954693e+01,-3.087926397246307886e+01,-2.823832643572646006e+01,-3.558088489326389237e+01,3.568010438702091669e-01,7.127457049845838810e+01,6.972960012094519300e+01,-8.030943991076205180e+01,-7.391241965004901715e+01,1.776120064088539152e+01,-1.025645234709871545e+02,-3.860604530889453767e-01,9.241243591622225750e+00,5.504794250021189050e+00,2.500916194097364098e+01,3.021361729444336675e+00,-1.401707683940501568e+02,-5.892911556160071740e+01,-5.140046176340681541e+02,3.849790051629744880e+01,5.181210456684496535e+01,9.449095181019069756e+00,-5.990778422108689227e+01,-1.817201958495644760e+02,-5.861723690426922531e+02,-3.821805226833204188e+02,7.568804825187739027e+01,-3.244987887215366129e+01,-1.729396673876654589e+01,9.796434737740482035e+01,-7.365885376353788843e+02,-1.189920869179528573e+01,3.278432902709256247e+00,1.148338599667114437e+02,4.787754348709161434e+01,7.777349281772536926e+01,7.492809957651805064e+01,1.585650694418548845e+01,-2.603868438315593181e+01,-1.905239631735286565e+01,-2.362551394602805388e+01,-1.758253132668313157e+01,6.259481393421613138e-01,-2.375488567139890250e+01,-7.655593113110216841e+00,-5.547952452587886718e+00,8.393306341396136361e+01,8.055351887891195872e+01,-1.305331780972774993e+02,-1.388471578031690612e+01,-3.391216614296317857e+02,2.943379100403648252e+01,3.770749410502347843e+01,-4.351909654655141679e-01,-5.545227287437794985e+03,-6.185926884782983507e+03,1.802392043617451733e+01,-1.617838012248751767e+01,-1.037915937379207634e+02,1.747398337139918851e+02,5.664491518216384520e+02,-1.237199013701387571e+02,-1.981623555769320788e+01,-5.744087533415717672e+01,-5.078160759727098394e+01,-1.650654244757977551e+02,-7.914185858042328903e+01,-1.367194402976949164e+01,3.752341980465449183e+02,-3.094321978863006706e+01,-5.367022882496254965e+01,-2.271891774958434596e+01,4.840288094581941536e+00,1.628465200791110234e+01,-4.778236563836232875e+01,2.955295987886291300e+02,-3.751645028226752032e+01,7.474081904451531955e+01,-1.820560644516491493e+02,1.497366957514931940e+01,2.065877797553593496e+02,3.300708888904657812e+01,3.393162245246818998e+01,9.170724637376294197e+01,-2.770542681887563958e+02,1.116588759426560529e+01
1.100441824244212619e+01,1.504579582706412211e+01,9.734803173074726601e+01,1.772367447231235715e+01,-3.377073420772728696e+01,-3.200324644483032444e+01,-3.087926397246307886e+01,-2.823832643572646006e+01,-3.558032231600955697e+01,3.568010438702091669e-01,7.127433620365532363e+01,6.972960012094519300e+01,-8.030943991076205180e+01,-7.391241965004901715e+01,1.776711940676775470e+01,-1.025645234709871545e+02,-3.860604530889453767e-01,9.238417585347686867e+00,5.504794250021189050e+00,2.500916194097364098e+01,3.021361729444336675e+00,-1.401707683940501568e+02,-5.892911556160071740e+01,-5.140038164630326492e+02,3.849790051629744880e+01,5.181210456684496535e+01,9.449095181019069756e+00,-5.990778422108689227e+01,-1.817201958495644760e+02,-5.861723690426922531e+02,-3.821805226833204188e+02,7.568804825187739027e+01,-3.244987887215366129e+01,-1.729396673876654589e+01,9.796434737740482035e+01,-7.365885376353788843e+02,-1.189920869179528573e+01,3.279292739660443434e+00,1.148338599667114437e+02,4.787754348709161434e+01,7.777403924716141148e+01,7.492809957651805064e+01,1.585650694418548845e+01,-2.603868438315593181e+01,-1.905239631735286565e+01,-2.362551394602805388e+01,-1.758253132668313157e+01,6.259481393421613138e-01,-2.375488567139890250e+01,-7.655593113110216841e+00,-5.547952452587886718e+00,8.393275348481220988e+01,8.055351887891195872e+01,-1.305331780972774993e+02,-1.388661123556133958e+01,-3.391213017946460582e+02,2.943379100403648252e+01,3.770749410502347843e+01,-4.375124977186097830e-01,-5.545227287437794985e+03,-6.185926884782983507e+03,1.802392043617451733e+01,-1.617675078601361349e+01,-1.037915937379207634e+02,1.747398337139918851e+02,5.664491518216384520e+02,-1.237199013701387571e+02,-1.981623555769320788e+01,-5.744337476207667237e+01,-5.078160759727098394e+01,-1.650654244757977551e+02,-7.914185858042328903e+01,-1.367194402976949164e+01,3.752345062456450364e+02,-3.094321978863006706e+01,-5.367009910468553358e+01,-2.271891774958434596e+01,4.840288094581941536e+00,1.628465200791110234e+01,-4.778236563836232875e+01,2.955295987886291300e+02,-3.751645028226752032e+01,7.474065379645981011e+01,-1.820560644516491493e+02,1.497366957514931940e+01,2.065877797553593496e+02,3.300708888904657812e+01,3.393136186335939186e+01,9.170724637376294197e+01,-2.770542681887563958e+02,1.116588759426560529e+01
1.100441824244212619e+01,1.504579582706412211e+01,9.734803173074726601e+01,1.772367447231235715e+01,-3.377073420772728696e+01,-3.200324644483032444e+01,-3.087926397246307886e+01,-2.823832643572646006e+01,-3.558710123362695299e+01,3.568010438702091669e-01,7.127505511781120617e+01,6.972960012094519300e+01,-8.030943991076205180e+01,-7.391241965004901715e+01,1.776694250107289719e+01,-1.025645234709871545e+02,-3.860604530889453767e-01,9.238417585347686867e+00,5.504794250021189050e+00,2.500937708904554668e+01,3.021361729444336675e+00,-1.401707683940501568e+02,-5.892911556160071740e+01,-5.140038164630326492e+02,3.849790051629744880e+01,5.181210456684496535e+01,9.449095181019069756e+00,-5.990778422108689227e+01,-1.817201958495644760e+02,-5.861723690426922531e+02,-3.821805226833204188e+02,7.568804825187739027e+01,-3.244987887215366129e+01,-1.729396673876654589e+01,9.796447771458805676e+01,-7.365885376353788843e+02,-1.189920869179528573e+01,3.279292739660443434e+00,1.148338599667114437e+02,4.787754348709161434e+01,7.777428933508024045e+01,7.492776555061931276e+01,1.585650694418548845e+01,-2.603868438315593181e+01,-1.905239631735286565e+01,-2.362551394602805388e+01,-1.758253132668313157e+01,6.259481393421613138e-01,-2.375488567139890250e+01,-7.655593113110216841e+00,-5.547952452587886718e+00,8.393275348481220988e+01,8.055372760895168938e+01,-1.305331780972774993e+02,-1.388661123556133958e+01,-3.391213017946460582e+02,2.943332842915331327e+01,3.770749410502347843e+01,-4.375124977186097830e-01,-5.545227287437794985e+03,-6.185926884782983507e+03,1.802392043617451733e+01,-1.617675078601361349e+01,-1.037915937379207634e+02,1.747468415300036213e+02,5.664491518216384520e+02,-1.237199013701387571e+02,-1.981623555769320788e+01,-5.744337476207667237e+01,-5.078160759727098394e+01,-1.650646311653352711e+02,-7.914185858042328903e+01,-1.367194402976949164e+01,3.752345062456450364e+02,-3.094321978863006706e+01,-5.367009910468553358e+01,-2.271891774958434596e+01,4.840288094581941536e+00,1.628465200791110234e+01,-4.778236563836232875e+01,2.955295987886291300e+02,-3.751645028226752032e+01,7.474065379645981011e+01,-1.820560644516491493e+02,1.497366957514931940e+01,2.065877797553593496e+02,3.300708888904657812e+01,3.393136186335939186e+01,9.170724637376294197e+01,-2.770542681887563958e+02,1.116627762359299680e+01
1.100441824244212619e+01,1.504579582706412211e+01,9.734823384654059453e+01,1.772367447231235715e+01,-3.377073420772728696e+01,-3.200324644483032444e+01,-3.087926397246307886e+01,-2.823832643572646006e+01,-3.558710123362695299e+01,3.588180287971222682e-01,7.127505511781120617e+01,6.972960012094519300e+01,-8.030943991076205180e+01,-7.391241965004901715e+01,1.776694250107289719e+01,-1.025645234709871545e+02,-3.972145153622590463e-01,9.237694639791813600e+00,5.504794250021189050e+00,2.500937708904554668e+01,3.021361729444336675e+00,-1.401707683940501568e+02,-5.892946273930422763e+01,-5.140038164630326492e+02,3.849790051629744880e+01,5.181210456684496535e+01,9.449095181019069756e+00,-5.990778422108689227e+01,-1.817201958495644760e+02,-5.861723690426922531e+02,-3.821713401189432489e+02,7.568804825187739027e+01,-3.244987887215366129e+01,-1.729396673876654589e+01,9.796447771458805676e+01,-7.365885376353788843e+02,-1.189920869179528573e+01,3.279292739660443434e+00,1.148338599667114437e+02,4.787754348709161434e+01,7.777428933508024045e+01,7.492776555061931276e+01,1.585650694418548845e+01,-2.603868438315593181e+01,-1.905284870265598229e+01,-2.362579449226944206e+01,-1.758253132668313157e+01,6.259481393421613138e-01,-2.375488567139890250e+01,-7.655593113110216841e+00,-5.547952452587886718e+00,8.393275348481220988e+01,8.055372760895168938e+01,-1.305331780972774993e+02,-1.388661123556133958e+01,-3.391218774506860996e+02,2.943332842915331327e+01,3.770749410502347843e+01,-4.375124977186097830e-01,-5.545227287437794985e+03,-6.185926884782983507e+03,1.802392043617451733e+01,-1.617675078601361349e+01,-1.037915937379207634e+02,1.747468415300036213e+02,5.664491518216384520e+02,-1.237195343567613151e+02,-1.981623555769320788e+01,-5.744337476207667237e+01,-5.078160759727098394e+01,-1.650646311653352711e+02,-7.914185858042328903e+01,-1.367194402976949164e+01,3.752345062456450364e+02,-3.094306446581372327e+01,-5.367009910468553358e+01,-2.271891774958434596e+01,4.840288094581941536e+00,1.628465200791110234e+01,-4.778236563836232875e+01,2.955295987886291300e+02,-3.751645028226752032e+01,7.474065379645981011e+01,-1.820560644516491493e+02,1.497366957514931940e+01,2.065877797553593496e+02,3.300708888904657812e+01,3.393136186335939186e+01,9.170752428675312729e+01,-2.770542681887563958e+02,1.116627762359299680e+01
1.100441824244212619e+01,1.504579582706412211e+01,9.734823384654059453e+01,1.772367447231235715e+01,-3.377073420772728696e+01,-3.200324644483032444e+01,-3.087800239460165841e+01,-2.823832643572646006e+01,-3.558710123362695299e+01,3.588180287971222682e-01,7.127505511781120617e+01,6.972960012094519300e+01,-8.030943991076205180e+01,-7.391241965004901715e+01,1.776694250107289719e+01,-1.025645234709871545e+02,-3.972145153622590463e-01,9.237694639791813600e+00,5.504794250021189050e+00,2.500937708904554668e+01,3.021361729444336675e+00,-1.401701348919837926e+02,-5.892946273930422763e+01,-5.140038164630326492e+02,3.849790051629744880e+01,5.181210456684496535e+01,9.449095181019069756e+00,-5.990650122696097668e+01,-1.817201958495644760e+02,-5.861723690426922531e+02,-3.821713401189432489e+02,7.568804825187739027e+01,-3.244987887215366129e+01,-1.729500203739700126e+01,9.796447771458805676e+01,-7.365885376353788843e+02,-1.189199648358696315e+01,3.279292739660443434e+00,1.148338599667114437e+02,4.787754348709161434e+01,7.777428933508024045e+01,7.492776555061931276e+01,1.585650694418548845e+01,-2.603868438315593181e+01,-1.905284870265598229e+01,-2.362579449226944206e+01,-1.758094805940776340e+01,6.259481393421613138e-01,-2.375488567139890250e+01,-7.655593113110216841e+00,-5.549265923078878338e+00,8.393275348481220988e+01,8.055372760895168938e+01,-1.305342885502050478e+02,-1.388661123556133958e+01,-3.391218774506860996e+02,2.943332842915331327e+01,3.770749410502347843e+01,-4.375124977186097830e-01,-5.545229475906162406e+03,-6.185926884782983507e+03,1.802392043617451733e+01,-1.617675078601361349e+01,-1.037915937379207634e+02,1.747468415300036213e+02,5.664491518216384520e+02,-1.237195343567613151e+02,-1.981623555769320788e+01,-5.744337476207667237e+01,-5.078160759727098394e+01,-1.650646311653352711e+02,-7.914185858042328903e+01,-1.367194402976949164e+01,3.752345062456450364e+02,-3.094306446581372327e+01,-5.367009910468553358e+01,-2.271891774958434596e+01,4.840288094581941536e+00,1.628399724295532280e+01,-4.778236563836232875e+01,2.955295987886291300e+02,-3.751645028226752032e+01,7.474065379645981011e+01,-1.820560644516491493e+02,1.497366957514931940e+01,2.065877797553593496e+02,3.300654180623580913e+01,3.393082122596622696e+01,9.170752428675312729e+01,-2.770542681887563958e+02,1.116627762359299680e+01
1.100441824244212619e+01,1.504579582706412211e+01,9.734823384654059453e+01,1.772367447231235715e+01,-3.377073420772728696e+01,-3.200324644483032444e+01,-3.087800239460165841e+01,-2.823832643572646006e+01,-3.558710123362695299e+01,3.588180287971222682e-01,7.127505511781120617e+01,6.972960012094519300e+01,-8.030943991076205180e+01,-7.391241965004901715e+01,1.776694250107289719e+01,-1.025645234709871545e+02,-3.972145153622590463e-01,9.237694639791813600e+00,5.504794250021189050e+00,2.500937708904554668e+01,3.020884175070059463e+00,-1.401701348919837926e+02,-5.892946273930422763e+01,-5.140038164630326492e+02,3.849790051629744880e+01,5.181210456684496535e+01,9.448771287239180694e+00,-5.990650122696097668e+01,-1.817201958495644760e+02,-5.861723690426922531e+02,-3.821713401189432489e+02,7.568804825187739027e+01,-3.244987887215366129e+01,-1.729500203739700126e+01,9.796447771458805676e+01,-7.365885376353788843e+02,-1.189199648358696315e+01,3.280397819550895377e+00,1.148338599667114437e+02,4.787754348709161434e+01,7.777428933508024045e+01,7.492776555061931276e+01,1.585650694418548845e+01,-2.603817646424356624e+01,-1.905284870265598229e+01,-2.362579449226944206e+01,-1.758094805940776340e+01,6.259481393421613138e-01,-2.375506935536493458e+01,-7.655666028489599206e+00,-5.549265923078878338e+00,8.393275348481220988e+01,8.055372760895168938e+01,-1.305342885502050478e+02,-1.388661123556133958e+01,-3.391218774506860996e+02,2.943332842915331327e+01,3.770749410502347843e+01,-4.375124977186097830e-01,-5.545229475906162406e+03,-6.185926884782983507e+03,1.802392043617451733e+01,-1.617694846448755541e+01,-1.037915937379207634e+02,1.747468415300036213e+02,5.664491518216384520e+02,-1.237195343567613151e+02,-1.981623555769320788e+01,-5.744337476207667237e+01,-5.078170661928994178e+01,-1.650646311653352711e+02,-7.914171040996923523e+01,-1.367194402976949164e+01,3.752345062456450364e+02,-3.094306446581372327e+01,-5.367009910468553358e+01,-2.271891774958434596e+01,4.839831813380836678e+00,1.628399724295532280e+01,-4.778236563836232875e+01,2.955295987886291300e+02,-3.751645028226752032e+01,7.474065379645981011e+01,-1.820564367532683150e+02,1.497360455921362998e+01,2.065877797553593496e+02,3.300654180623580913e+01,3.393082122596622696e+01,9.170752428675312729e+01,-2.770542681887563958e+02,1.116627762359299680e+01
1.100441824244212619e+01,1.504579582706412211e+01,9.734823384654059453e+01,1.772354139512142268e+01,-3.377073420772728696e+01,-3.200360480275003283e+01,-3.087800239460165841e+01,-2.823832643572646006e+01,-3.558710123362695299e+01,3.588180287971222682e-01,7.127505511781120617e+01,6.973013338149955587e+01,-8.030879199620561337e+01,-7.391241965004901715e+01,1.776694250107289719e+01,-1.025645234709871545e+02,-3.972145153622590463e-01,9.237694639791813600e+00,5.505156343648282657e+00,2.500937708904554668e+01,3.020884175070059463e+00,-1.401701348919837926e+02,-5.892946273930422763e+01,-5.140038164630326492e+02,3.849790051629744880e+01,5.181210456684496535e+01,9.448771287239180694e+00,-5.990650122696097668e+01,-1.817201958495644760e+02,-5.861746628895180038e+02,-3.821713401189432489e+02,7.568946984623775620e+01,-3.244987887215366129e+01,-1.729500203739700126e+01,9.796447771458805676e+01,-7.365885376353788843e+02,-1.189199648358696315e+01,3.280397819550895377e+00,1.148338599667114437e+02,4.787754348709161434e+01,7.777428933508024045e+01,7.492776555061931276e+01,1.585650694418548845e+01,-2.603817646424356624e+01,-1.905284870265598229e+01,-2.362579449226944206e+01,-1.758094805940776340e+01,6.259481393421613138e-01,-2.375506935536493458e+01,-7.655666028489599206e+00,-5.549265923078878338e+00,8.393275348481220988e+01,8.055372760895168938e+01,-1.305342885502050478e+02,-1.388757350348160458e+01,-3.391218774506860996e+02,2.943332842915331327e+01,3.770749410502347843e+01,-4.375124977186097830e-01,-5.545229475906162406e+03,-6.185926884782983507e+03,1.802392043617451733e+01,-1.617694846448755541e+01,-1.037871347818096410e+02,1.747468415300036213e+02,5.664491518216384520e+02,-1.237195343567613151e+02,-1.981623555769320788e+01,-5.744337476207667237e+01,-5.078170661928994178e+01,-1.650646311653352711e+02,-7.914171040996923523e+01,-1.367194402976949164e+01,3.752345062456450364e+02,-3.094306446581372327e+01,-5.367009910468553358e+01,-2.271891774958434596e+01,4.839831813380836678e+00,1.628399724295532280e+01,-4.778267850128818139e+01,2.955295987886291300e+02,-3.751645028226752032e+01,7.474031259049813514e+01,-1.820564367532683150e+02,1.497360455921362998e+01,2.065877797553593496e+02,3.300654180623580913e+01,3.393082122596622696e+01,9.170752428675312729e+01,-2.770535583574191492e+02,1.116627762359299680e+01
1.100441824244212619e+01,1.504579582706412211e+01,9.734823384654059453e+01,1.772354139512142268e+01,-3.377073420772728696e+01,-3.200360480275003283e+01,-3.087800239460165841e+01,-2.823832643572646006e+01,-3.558710123362695299e+01,3.588180287971222682e-01,7.127505511781120617e+01,6.973013338149955587e+01,-8.030879199620561337e+01,-7.391241965004901715e+01,1.776694250107289719e+01,-1.025647872749735683e+02,-3.972145153622590463e-01,9.237694639791813600e+00,5.505156343648282657e+00,2.500937708904554668e+01,3.020884175070059463e+00,-1.401701348919837926e+02,-5.892946273930422763e+01,-5.140038164630326492e+02,3.849836819639046581e+01,5.181210456684496535e+01,9.448771287239180694e+00,-5.990650122696097668e+01,-1.817206806460052348e+02,-5.861746628895180038e+02,-3.821713401189432489e+02,7.568946984623775620e+01,-3.244987887215366129e+01,-1.729500203739700126e+01,9.796447771458805676e+01,-7.365883002244753470e+02,-1.189199648358696315e+01,3.280397819550895377e+00,1.148338599667114437e+02,4.787741240801180709e+01,7.777428933508024045e+01,7.492776555061931276e+01,1.585565973353662450e+01,-2.603817646424356624e+01,-1.905284870265598229e+01,-2.362579449226944206e+01,-1.758094805940776340e+01,6.259481393421613138e-01,-2.375506935536493458e+01,-7.655666028489599206e+00,-5.549265923078878338e+00,8.393115005984401478e+01,8.055372760895168938e+01,-1.305342885502050478e+02,-1.388757350348160458e+01,-3.391218774506860996e+02,2.943332842915331327e+01,3.770749410502347843e+01,-4.380739827731567337e-01,-5.545229475906162406e+03,-6.185926884782983507e+03,1.802359675850319931e+01,-1.617694846448755541e+01,-1.037871347818096410e+02,1.747468415300036213e+02,5.664486069530970553e+02,-1.237195343567613151e+02,-1.981623555769320788e+01,-5.744337476207667237e+01,-5.078170661928994178e+01,-1.650646311653352711e+02,-7.914171040996923523e+01,-1.367206781121002024e+01,3.752345062456450364e+02,-3.094306446581372327e+01,-5.367009910468553358e+01,-2.271891774958434596e+01,4.839831813380836678e+00,1.628399724295532280e+01,-4.778267850128818139e+01,2.955299204291429760e+02,-3.751645028226752032e+01,7.474031259049813514e+01,-1.820564367532683150e+02,1.497360455921362998e+01,2.065877797553593496e+02,3.300654180623580913e+01,3.393082122596622696e+01,9.170752428675312729e+01,-2.770535583574191492e+02,1.116627762359299680e+01
1.100497672279840877e+01,1.504521040587711589e+01,9.734823384654059453e+01,1.772354139512142268e+01,-3.376996029937296129e+01,-3.200360480275003283e+01,-3.087800239460165841e+01,-2.823932660327586319e+01,-3.558710123362695299e+01,3.588180287971222682e-01,7.127505511781120617e+01,6.973013338149955587e+01,-8.030879199620561337e+01,-7.391265271174709994e+01,1.776694250107289719e+01,-1.025647872749735683e+02,-3.972145153622590463e-01,9.237694639791813600e+00,5.505156343648282657e+00,2.500937708904554668e+01,3.020884175070059463e+00,-1.401701348919837926e+02,-5.892946273930422763e+01,-5.140035793304772369e+02,3.849836819639046581e+01,5.180532517539989357e+01,9.448771287239180694e+00,-5.990650122696097668e+01,-1.817206806460052348e+02,-5.861746628895180038e+02,-3.821713401189432489e+02,7.568946984623775620e+01,-3.244943882875158891e+01,-1.729500203739700126e+01,9.796447771458805676e+01,-7.365883002244753470e+02,-1.189199648358696315e+01,3.280397819550895377e+00,1.148372958459280255e+02,4.787741240801180709e+01,7.777428933508024045e+01,7.492776555061931276e+01,1.585565973353662450e+01,-2.603817646424356624e+01,-1.905284870265598229e+01,-2.362579449226944206e+01,-1.758094805940776340e+01,6.257643243955182122e-01,-2.375506935536493458e+01,-7.655666028489599206e+00,-5.549265923078878338e+00,8.393115005984401478e+01,8.055372760895168938e+01,-1.305342885502050478e+02,-1.388757350348160458e+01,-3.391218774506860996e+02,2.943332842915331327e+01,3.770815158822998114e+01,-4.380739827731567337e-01,-5.545229475906162406e+03,-6.185928981152601409e+03,1.802359675850319931e+01,-1.617694846448755541e+01,-1.037871347818096410e+02,1.747468415300036213e+02,5.664486069530970553e+02,-1.237195343567613151e+02,-1.981660783067675879e+01,-5.744100146400030837e+01,-5.078170661928994178e+01,-1.650646311653352711e+02,-7.914171040996923523e+01,-1.367206781121002024e+01,3.752343534881700293e+02,-3.094306446581372327e+01,-5.367087559889257165e+01,-2.271870699869674581e+01,4.839831813380836678e+00,1.628399724295532280e+01,-4.778267850128818139e+01,2.955299204291429760e+02,-3.751628174694209861e+01,7.474031259049813514e+01,-1.820564367532683150e+02,1.497360455921362998e+01,2.065876149296688880e+02,3.300654180623580913e+01,3.393082122596622696e+01,9.170752428675312729e+01,-2.770535583574191492e+02,1.116627762359299680e+01
1.100497672279840877e+01,1.504521040587711589e+01,9.734823384654059453e+01,1.772354139512142268e+01,-3.376996029937296129e+01,-3.200360480275003283e+01,-3.087800239460165841e+01,-2.823932660327586319e+01,-3.558710123362695299e+01,3.588180287971222682e-01,7.127496423795969349e+01,6.973013338149955587e+01,-8.030879199620561337e+01,-7.391265271174709994e+01,1.776726668716952062e+01,-1.025647872749735683e+02,-3.972145153622590463e-01,9.237561284794024274e+00,5.505156343648282657e+00,2.500937708904554668e+01,3.020884175070059463e+00,-1.401701348919837926e+02,-5.892946273930422763e+01,-5.140035793304772369e+02,3.849836819639046581e+01,5.180539014476603654e+01,9.448771287239180694e+00,-5.990650122696097668e+01,-1.817206806460052348e+02,-5.861746628895180038e+02,-3.821713401189432489e+02,7.568946984623775620e+01,-3.244943882875158891e+01,-1.729500203739700126e+01,9.796447771458805676e+01,-7.365883002244753470e+02,-1.189199648358696315e+01,3.280397819550895377e+00,1.148372958459280255e+02,4.787741240801180709e+01,7.777438213287980773e+01,7.492776555061931276e+01,1.585545317379404651e+01,-2.603817646424356624e+01,-1.905284870265598229e+01,-2.362579449226944206e+01,-1.758094805940776340e+01,6.257643243955182122e-01,-2.375506935536493458e+01,-7.655666028489599206e+00,-5.549265923078878338e+00,8.393129904610310632e+01,8.055372760895168938e+01,-1.305342885502050478e+02,-1.388757350348160458e+01,-3.391218774506860996e+02,2.943357064002348622e+01,3.770805239101872530e+01,-4.380739827731567337e-01,-5.545229475906162406e+03,-6.185928981152601409e+03,1.802359675850319931e+01,-1.617694846448755541e+01,-1.037871347818096410e+02,1.747468415300036213e+02,5.664486069530970553e+02,-1.237195343567613151e+02,-1.981660783067675879e+01,-5.744100146400030837e+01,-5.078170661928994178e+01,-1.650646311653352711e+02,-7.914171040996923523e+01,-1.367206781121002024e+01,3.752343534881700293e+02,-3.094306446581372327e+01,-5.367087559889257165e+01,-2.271870699869674581e+01,4.839899087483247264e+00,1.628399724295532280e+01,-4.778267850128818139e+01,2.955299204291429760e+02,-3.751628174694209861e+01,7.474031259049813514e+01,-1.820583645972985778e+02,1.497360455921362998e+01,2.065876149296688880e+02,3.300654180623580913e+01,3.393071190552838345e+01,9.170752428675312729e+01,-2.770535583574191492e+02,1.116627762359299680e+01
1.100497672279840877e+01,1.504521040587711589e+01,9.734823384654059453e+01,1.772436429413474812e+01,-3.376996029937296129e+01,-3.200408410637331258e+01,-3.087800239460165841e+01,-2.823932660327586319e+01,-3.558710123362695299e+01,3.588180287971222682e-01,7.127496423795969349e+01,6.973026635693737774e+01,-8.030879199620561337e+01,-7.391265271174709994e+01,1.776726668716952062e+01,-1.025647872749735683e+02,-3.972145153622590463e-01,9.237561284794024274e+00,5.505441145276019910e+00,2.500937708904554668e+01,3.020884175070059463e+00,-1.401709195706076230e+02,-5.892946273930422763e+01,-5.140038406216513067e+02,3.849836819639046581e+01,5.180539014476603654e+01,9.448771287239180694e+00,-5.990559398061333951e+01,-1.817206806460052348e+02,-5.861746628895180038e+02,-3.821713401189432489e+02,7.568946984623775620e+01,-3.244943882875158891e+01,-1.729500203739700126e+01,9.796447771458805676e+01,-7.365883002244753470e+02,-1.189199648358696315e+01,3.280397819550895377e+00,1.148372958459280255e+02,4.787741240801180709e+01,7.777438213287980773e+01,7.492776555061931276e+01,1.585545317379404651e+01,-2.603817646424356624e+01,-1.905284870265598229e+01,-2.362579449226944206e+01,-1.758209995270237869e+01,6.257643243955182122e-01,-2.375506935536493458e+01,-7.655666028489599206e+00,-5.549265923078878338e+00,8.393129904610310632e+01,8.055372760895168938e+01,-1.305342885502050478e+02,-1.388757350348160458e+01,-3.391218774506860996e+02,2.943357064002348622e+01,3.770805239101872530e+01,-4.380739827731567337e-01,-5.545229475906162406e+03,-6.185928713959923698e+03,1.802359675850319931e+01,-1.617694846448755541e+01,-1.037871347818096410e+02,1.747468415300036213e+02,5.664486069530970553e+02,-1.237195343567613151e+02,-1.981671670722808898e+01,-5.744100146400030837e+01,-5.078170661928994178e+01,-1.650654152703968123e+02,-7.914171040996923523e+01,-1.367206781121002024e+01,3.752348063888923662e+02,-3.094306446581372327e+01,-5.367087559889257165e+01,-2.271870699869674581e+01,4.839899087483247264e+00,1.628399724295532280e+01,-4.778267850128818139e+01,2.955299204291429760e+02,-3.751628174694209861e+01,7.474031259049813514e+01,-1.820583645972985778e+02,1.497360455921362998e+01,2.065876149296688880e+02,3.300654180623580913e+01,3.393071190552838345e+01,9.170752428675312729e+01,-2.770535583574191492e+02,1.116627762359299680e+01
1.100497672279840877e+01,1.504433050220419332e+01,9.734823384654059453e+01,1.772436429413474812e+01,-3.376996029937296129e+01,-3.200408410637331258e+01,-3.087800239460165841e+01,-2.824208774466535132e+01,-3.558710123362695299e+01,3.588180287971222682e-01,7.127496423795969349e+01,6.973026635693737774e+01,-8.030879199620561337e+01,-7.391265271174709994e+01,1.776726668716952062e+01,-1.025647872749735683e+02,-3.972145153622590463e-01,9.237561284794024274e+00,5.505441145276019910e+00,2.500937708904554668e+01,3.020884175070059463e+00,-1.401709195706076230e+02,-5.892946273930422763e+01,-5.140038406216513067e+02,3.849836819639046581e+01,5.180539014476603654e+01,9.448771287239180694e+00,-5.990559398061333951e+01,-1.817206806460052348e+02,-5.861746628895180038e+02,-3.821713401189432489e+02,7.568946984623775620e+01,-3.244943882875158891e+01,-1.729500203739700126e+01,9.796447771458805676e+01,-7.365883002244753470e+02,-1.189199648358696315e+01,3.280397819550895377e+00,1.148372958459280255e+02,4.788536886449428920e+01,7.777438213287980773e+01,7.492776555061931276e+01,1.585545317379404651e+01,-2.603817646424356624e+01,-1.905284870265598229e+01,-2.362579449226944206e+01,-1.758209995270237869e+01,6.257643243955182122e-01,-2.375506935536493458e+01,-7.655666028489599206e+00,-5.549265923078878338e+00,8.393129904610310632e+01,8.055372760895168938e+01,-1.305342885502050478e+02,-1.388757350348160458e+01,-3.391212164866371381e+02,2.943357064002348622e+01,3.770805239101872530e+01,-4.380739827731567337e-01,-5.545229475906162406e+03,-6.185928713959923698e+03,1.802359675850319931e+01,-1.617832277535959307e+01,-1.037871347818096410e+02,1.747468415300036213e+02,5.664486069530970553e+02,-1.237195343567613151e+02,-1.981671670722808898e+01,-5.744100146400030837e+01,-5.078170661928994178e+01,-1.650654152703968123e+02,-7.914171040996923523e+01,-1.367253705273070707e+01,3.752348063888923662e+02,-3.094306446581372327e+01,-5.367087559889257165e+01,-2.271870699869674581e+01,4.839899087483247264e+00,1.628601278452983436e+01,-4.778267850128818139e+01,2.955309544657129663e+02,-3.751739946130638259e+01,7.474031259049813514e+01,-1.820583645972985778e+02,1.497309853197291041e+01,2.065923651329923416e+02,3.300654180623580913e+01,3.393071190552838345e+01,9.170752428675312729e+01,-2.770523239235694746e+02,1.116627762359299680e+01
1.100535376111812980e+01,1.504433050220419332e+01,9.734823384654059453e+01,1.772436429413474812e+01,-3.377007274605285403e+01,-3.200408410637331258e+01,-3.087800239460165841e+01,-2.824208774466535132e+01,-3.558701298289312120e+01,3.588180287971222682e-01,7.127496423795969349e+01,6.973026635693737774e+01,-8.030953962278461233e+01,-7.391265271174709994e+01,1.776726668716952062e+01,-1.025647872749735683e+02,-3.972145153622590463e-01,9.237561284794024274e+00,5.505441145276019910e+00,2.500937708904554668e+01,3.022222465232787147e+00,-1.401709195706076230e+02,-5.892946273930422763e+01,-5.140038406216513067e+02,3.849836819639046581e+01,5.180539014476603654e+01,9.449054284383342051e+00,-5.990559398061333951e+01,-1.817206806460052348e+02,-5.861746628895180038e+02,-3.821713401189432489e+02,7.568946984623775620e+01,-3.244907492613953082e+01,-1.729500203739700126e+01,9.796447771458805676e+01,-7.365883002244753470e+02,-1.189199648358696315e+01,3.280397819550895377e+00,1.148372958459280255e+02,4.788536886449428920e+01,7.777438213287980773e+01,7.492776555061931276e+01,1.585545317379404651e+01,-2.603921938316008067e+01,-1.905262971167434216e+01,-2.362579449226944206e+01,-1.758209995270237869e+01,6.257643243955182122e-01,-2.375506935536493458e+01,-7.655666028489599206e+00,-5.549265923078878338e+00,8.393129904610310632e+01,8.055372760895168938e+01,-1.305342885502050478e+02,-1.388757350348160458e+01,-3.391212164866371381e+02,2.943357064002348622e+01,3.770805239101872530e+01,-4.380739827731567337e-01,-5.545229475906162406e+03,-6.185928713959923698e+03,1.802359675850319931e+01,-1.617832277535959307e+01,-1.037871347818096410e+02,1.747468415300036213e+02,5.664486069530970553e+02,-1.237195343567613151e+02,-1.981671670722808898e+01,-5.744100146400030837e+01,-5.078146879475986708e+01,-1.650654152703968123e+02,-7.914171040996923523e+01,-1.367253705273070707e+01,3.752348063888923662e+02,-3.094293151901796435e+01,-5.367099892929393690e+01,-2.271870699869674581e+01,4.839899087483247264e+00,1.628601278452983436e+01,-4.778267850128818139e+01,2.955309544657129663e+02,-3.751739946130638259e+01,7.474031259049813514e+01,-1.820583645972985778e+02,1.497309853197291041e+01,2.065923651329923416e+02,3.300654180623580913e+01,3.393071190552838345e+01,9.170752428675312729e+01,-2.770523239235694746e+02,1.116627762359299680e+01
1.100535376111812980e+01,1.504433050220419332e+01,9.734893751562890429e+01,1.772436429413474812e+01,-3.377007274605285403e+01,-3.200408410637331258e+01,-3.087800239460165841e+01,-2.824208774466535132e+01,-3.558701298289312120e+01,3.588180287971222682e-01,7.127496423795969349e+01,6.973026635693737774e+01,-8.030953962278461233e+01,-7.391265271174709994e+01,1.776726668716952062e+01,-1.025647872749735683e+02,-3.972145153622590463e-01,9.237561284794024274e+00,5.505441145276019910e+00,2.500937708904554668e+01,3.022222465232787147e+00,-1.401709195706076230e+02,-5.892946273930422763e+01,-5.140038406216513067e+02,3.849836819639046581e+01,5.180539014476603654e+01,9.449054284383342051e+00,-5.990559398061333951e+01,-1.817204378242899736e+02,-5.861734415936939513e+02,-3.821713401189432489e+02,7.568946984623775620e+01,-3.244907492613953082e+01,-1.729578524347134660e+01,9.794881253278894917e+01,-7.365883002244753470e+02,-1.189199648358696315e+01,3.280183499386327028e+00,1.148372958459280255e+02,4.788536886449428920e+01,7.777438213287980773e+01,7.492776555061931276e+01,1.585545317379404651e+01,-2.603921938316008067e+01,-1.905262971167434216e+01,-2.362621004827491333e+01,-1.758209995270237869e+01,6.273458194516740027e-01,-2.375506935536493458e+01,-7.655666028489599206e+00,-5.549265923078878338e+00,8.393129904610310632e+01,8.055289329718456770e+01,-1.305334438820073046e+02,-1.388757350348160458e+01,-3.391212164866371381e+02,2.943357064002348622e+01,3.770805239101872530e+01,-4.400946526256015456e-01,-5.545229475906162406e+03,-6.185928713959923698e+03,1.802359675850319931e+01,-1.617832277535959307e+01,-1.037871347818096410e+02,1.747468415300036213e+02,5.664486069530970553e+02,-1.237195343567613151e+02,-1.981671670722808898e+01,-5.744100146400030837e+01,-5.078146879475986708e+01,-1.650654152703968123e+02,-7.914171040996923523e+01,-1.367253705273070707e+01,3.752348063888923662e+02,-3.094293151901796435e+01,-5.367099892929393690e+01,-2.271897424325972636e+01,4.839899087483247264e+00,1.628601278452983436e+01,-4.778267850128818139e+01,2.955309544657129663e+02,-3.751739946130638259e+01,7.474031259049813514e+01,-1.820583645972985778e+02,1.497309853197291041e+01,2.065923651329923416e+02,3.300654180623580913e+01,3.393071190552838345e+01,9.170752428675312729e+01,-2.770523239235694746e+02,1.116627762359299680e+01
1.100535376111812980e+01,1.504433050220419332e+01,9.734893751562890429e+01,1.772436429413474812e+01,-3.377007274605285403e+01,-3.200408410637331258e+01,-3.138198762427636623e+01,-2.824208774466535132e+01,-3.558701298289312120e+01,3.584342449722268675e-01,7.127496423795969349e+01,6.973026635693737774e+01,-8.030953962278461233e+01,-7.391265271174709994e+01,1.776726668716952062e+01,-1.025629389567549339e+02,-1.710254593227309716e-01,9.237561284794024274e+00,5.505441145276019910e+00,2.500937708904554668e+01,3.022222465232787147e+00,-1.401709195706076230e+02,-5.892977244101297174e+01,-5.140038406216513067e+02,3.849780405061793687e+01,5.180539014476603654e+01,9.449054284383342051e+00,-5.990559398061333951e+01,-1.817204378242899736e+02,-5.861734415936939513e+02,-3.821713401189432489e+02,7.568596121322583770e+01,-3.244907492613953082e+01,-1.729578524347134660e+01,9.794881253278894917e+01,-7.365883002244753470e+02,-1.189199648358696315e+01,3.280183499386327028e+00,1.148372958459280255e+02,4.788536886449428920e+01,7.777438213287980773e+01,7.492776555061931276e+01,1.585545317379404651e+01,-2.603921938316008067e+01,-1.905262971167434216e+01,-2.362621004827491333e+01,-1.758209995270237869e+01,6.273458194516740027e-01,-2.375284755485686006e+01,-7.655666028489599206e+00,-5.549265923078878338e+00,8.393129904610310632e+01,8.055289329718456770e+01,-1.305334438820073046e+02,-1.388728124460233992e+01,-3.391212164866371381e+02,2.943357064002348622e+01,3.770805239101872530e+01,-4.400946526256015456e-01,-5.545234916216801139e+03,-6.185928713959923698e+03,1.802494551037983328e+01,-1.617832277535959307e+01,-1.037871347818096410e+02,1.747468415300036213e+02,5.664486069530970553e+02,-1.237195343567613151e+02,-1.981671670722808898e+01,-5.744100146400030837e+01,-5.078146879475986708e+01,-1.650654152703968123e+02,-7.914171040996923523e+01,-1.367253705273070707e+01,3.752348063888923662e+02,-3.094293151901796435e+01,-5.367099892929393690e+01,-2.271897424325972636e+01,4.839899087483247264e+00,1.628601278452983436e+01,-4.778267850128818139e+01,2.955309544657129663e+02,-3.751739946130638259e+01,7.474031259049813514e+01,-1.820583645972985778e+02,1.497309853197291041e+01,2.065923651329923416e+02,3.300654180623580913e+01,3.393071190552838345e+01,9.170682933261431913e+01,-2.770523239235694746e+02,1.116627762359299680e+01
1.100535376111812980e+01,1.504433050220419332e+01,9.734893751562890429e+01,1.772436429413474812e+01,-3.377007274605285403e+01,-3.200408410637331258e+01,-3.138198762427636623e+01,-2.824208774466535132e+01,-3.558701298289312120e+01,3.584342449722268675e-01,7.127496423795969349e+01,6.973026635693737774e+01,-8.030953962278461233e+01,-7.391277782880975167e+01,1.776726668716952062e+01,-1.025629389567549339e+02,-1.710254593227309716e-01,9.237561284794024274e+00,5.505441145276019910e+00,2.500948646847446355e+01,3.022222465232787147e+00,-1.401709195706076230e+02,-5.892977244101297174e+01,-5.140038406216513067e+02,3.849780405061793687e+01,5.180539014476603654e+01,9.449054284383342051e+00,-5.990559398061333951e+01,-1.817204378242899736e+02,-5.861734415936939513e+02,-3.821712815932515355e+02,7.568596121322583770e+01,-3.244907492613953082e+01,-1.729578524347134660e+01,9.794881253278894917e+01,-7.365883896971183731e+02,-1.189146642903778783e+01,3.280183499386327028e+00,1.148370848887691125e+02,4.788536886449428920e+01,7.777438213287980773e+01,7.492782635385336221e+01,1.585545317379404651e+01,-2.603921938316008067e+01,-1.905262971167434216e+01,-2.362621004827491333e+01,-1.758209995270237869e+01,6.273458194516740027e-01,-2.375284755485686006e+01,-7.655571205967377502e+00,-5.549211832091534902e+00,8.393129904610310632e+01,8.055289329718456770e+01,-1.305334438820073046e+02,-1.388728124460233992e+01,-3.391212164866371381e+02,2.943357064002348622e+01,3.770805239101872530e+01,-4.400946526256015456e-01,-5.545234916216801139e+03,-6.185928713959923698e+03,1.802494551037983328e+01,-1.617832277535959307e+01,-1.037874542648775389e+02,1.747469256156181814e+02,5.664484881270980168e+02,-1.237189065513910720e+02,-1.981671670722808898e+01,-5.744118489734157151e+01,-5.078146879475986708e+01,-1.650654152703968123e+02,-7.914142797792450779e+01,-1.367253705273070707e+01,3.752348063888923662e+02,-3.094293151901796435e+01,-5.367099892929393690e+01,-2.271897424325972636e+01,4.839899087483247264e+00,1.628601278452983436e+01,-4.778242064383564269e+01,2.955309544657129663e+02,-3.751739946130638259e+01,7.474020297437283489e+01,-1.820583645972985778e+02,1.497309853197291041e+01,2.065923651329923416e+02,3.300684702065903764e+01,3.393071190552838345e+01,9.170682933261431913e+01,-2.770523239235694746e+02,1.116646920951223620e+01
1.100535376111812980e+01,1.504433050220419332e+01,9.734893751562890429e+01,1.772436429413474812e+01,-3.377007274605285403e+01,-3.200408410637331258e+01,-3.138198762427636623e+01,-2.824104284985590141e+01,-3.558701298289312120e+01,3.584342449722268675e-01,7.127496423795969349e+01,6.972021785578998276e+01,-8.030984520928679160e+01,-7.391277782880975167e+01,1.776726668716952062e+01,-1.025629389567549339e+02,-1.716811357755077816e-01,9.236980982494840120e+00,5.505441145276019910e+00,2.501466031606864959e+01,3.022222465232787147e+00,-1.401709195706076230e+02,-5.892977244101297174e+01,-5.140038406216513067e+02,3.849780405061793687e+01,5.180539014476603654e+01,9.449054284383342051e+00,-5.990559398061333951e+01,-1.817204378242899736e+02,-5.861734415936939513e+02,-3.821712815932515355e+02,7.568596121322583770e+01,-3.244946598460423104e+01,-1.729578524347134660e+01,9.794881253278894917e+01,-7.365861790990057898e+02,-1.189146642903778783e+01,3.280183499386327028e+00,1.148370848887691125e+02,4.788536886449428920e+01,7.777438213287980773e+01,7.492782635385336221e+01,1.585545317379404651e+01,-2.603921938316008067e+01,-1.905262971167434216e+01,-2.362621004827491333e+01,-1.758209995270237869e+01,6.273458194516740027e-01,-2.375284755485686006e+01,-7.655571205967377502e+00,-5.549211832091534902e+00,8.393129904610310632e+01,8.055289329718456770e+01,-1.305334438820073046e+02,-1.388728124460233992e+01,-3.391212164866371381e+02,2.943357064002348622e+01,3.770805239101872530e+01,-4.400946526256015456e-01,-5.545234916216801139e+03,-6.185928713959923698e+03,1.802494551037983328e+01,-1.617832277535959307e+01,-1.037874542648775389e+02,1.747469256156181814e+02,5.664484881270980168e+02,-1.237189065513910720e+02,-1.981671670722808898e+01,-5.744118489734157151e+01,-5.078146879475986708e+01,-1.650654152703968123e+02,-7.914088513929162616e+01,-1.367253705273070707e+01,3.752348063888923662e+02,-3.094293151901796435e+01,-5.367099892929393690e+01,-2.271230289380361711e+01,4.839899087483247264e+00,1.628935285259517940e+01,-4.778242064383564269e+01,2.955309544657129663e+02,-3.751739946130638259e+01,7.474020297437283489e+01,-1.820583645972985778e+02,1.497266624968473714e+01,2.065923651329923416e+02,3.300684702065903764e+01,3.393071190552838345e+01,9.170682933261431913e+01,-2.770523239235694746e+02,1.116646920951223620e+01
1.100535376111812980e+01,1.504399191734385077e+01,9.734893751562890429e+01,1.772436429413474812e+01,-3.377007274605285403e+01,-3.200408410637331258e+01,-3.138198762427636623e+01,-2.824104284985590141e+01,-3.558701298289312120e+01,3.612256985644853313e-01,7.127534395121455191e+01,6.972021785578998276e+01,-8.030984520928679160e+01,-7.391277782880975167e+01,1.776726668716952062e+01,-1.025629389567549339e+02,-1.716811357755077816e-01,9.236980982494840120e+00,5.505441145276019910e+00,2.501466031606864959e+01,3.022222465232787147e+00,-1.401709195706076230e+02,-5.892740095374958997e+01,-5.140030624268966903e+02,3.849780405061793687e+01,5.180539014476603654e+01,9.449054284383342051e+00,-5.990559398061333951e+01,-1.817204378242899736e+02,-5.861734415936939513e+02,-3.821712815932515355e+02,7.568596121322583770e+01,-3.244946598460423104e+01,-1.729578524347134660e+01,9.794881253278894917e+01,-7.365861790990057898e+02,-1.188881886626799123e+01,3.280183499386327028e+00,1.148370848887691125e+02,4.788536886449428920e+01,7.777438213287980773e+01,7.492782635385336221e+01,1.585545317379404651e+01,-2.603921938316008067e+01,-1.905262971167434216e+01,-2.362621004827491333e+01,-1.758209995270237869e+01,6.273458194516740027e-01,-2.375284755485686006e+01,-7.655571205967377502e+00,-5.549211832091534902e+00,8.393035324186267587e+01,8.055289329718456770e+01,-1.305334438820073046e+02,-1.388728124460233992e+01,-3.391212164866371381e+02,2.943357064002348622e+01,3.770805239101872530e+01,-4.400946526256015456e-01,-5.545234916216801139e+03,-6.185928713959923698e+03,1.801980630604519362e+01,-1.617832277535959307e+01,-1.037874542648775389e+02,1.747469256156181814e+02,5.664484881270980168e+02,-1.237189065513910720e+02,-1.981671670722808898e+01,-5.744118489734157151e+01,-5.078146879475986708e+01,-1.650654152703968123e+02,-7.914088513929162616e+01,-1.367253705273070707e+01,3.752348063888923662e+02,-3.094293151901796435e+01,-5.367037569796207208e+01,-2.271230289380361711e+01,4.841848854769335020e+00,1.628935285259517940e+01,-4.778242064383564269e+01,2.955309544657129663e+02,-3.751739946130638259e+01,7.474261394267072944e+01,-1.820583645972985778e+02,1.497266624968473714e+01,2.065923651329923416e+02,3.300684702065903764e+01,3.393071190552838345e+01,9.170682933261431913e+01,-2.770480368345297393e+02,1.116646920951223620e+01
1.100535376111812980e+01,1.504399191734385077e+01,9.734893751562890429e+01,1.772436429413474812e+01,-3.377007274605285403e+01,-3.200408410637331258e+01,-3.138198762427636623e+01,-2.824104284985590141e+01,-3.558701298289312120e+01,3.612256985644853313e-01,7.127534395121455191e+01,6.972021785578998276e+01,-8.030984520928679160e+01,-7.391277782880975167e+01,1.776726668716952062e+01,-1.025629389567549339e+02,-1.716811357755077816e-01,9.236980982494840120e+00,5.505887816372775134e+00,2.501466031606864959e+01,3.022222465232787147e+00,-1.401709195706076230e+02,-5.892740095374958997e+01,-5.140030624268966903e+02,3.849780405061793687e+01,5.180539014476603654e+01,9.449054284383342051e+00,-5.990559398061333951e+01,-1.817203161076568847e+02,-5.861741838634559372e+02,-3.821711955022640836e+02,7.568596121322583770e+01,-3.244946598460423104e+01,-1.729550246171457317e+01,9.794881253278894917e+01,-7.365861790990057898e+02,-1.188881886626799123e+01,3.280183499386327028e+00,1.148370848887691125e+02,4.788536886449428920e+01,7.777438213287980773e+01,7.492782635385336221e+01,1.585545317379404651e+01,-2.603921938316008067e+01,-1.905228334730197304e+01,-2.362621004827491333e+01,-1.758209995270237869e+01,6.282417326322065065e-01,-2.375336092468369742e+01,-7.655571205967377502e+00,-5.549211832091534902e+00,8.393035324186267587e+01,8.055289329718456770e+01,-1.305313976470987996e+02,-1.388728124460233992e+01,-3.391215795510277076e+02,2.943318319900148694e+01,3.770805239101872530e+01,-4.400946526256015456e-01,-5.545234916216801139e+03,-6.185928713959923698e+03,1.801980630604519362e+01,-1.617832277535959307e+01,-1.037874542648775389e+02,1.747469256156181814e+02,5.664484881270980168e+02,-1.237189065513910720e+02,-1.981671670722808898e+01,-5.744150757685075348e+01,-5.078146879475986708e+01,-1.650654152703968123e+02,-7.914088513929162616e+01,-1.367253705273070707e+01,3.752348063888923662e+02,-3.094293151901796435e+01,-5.367037569796207208e+01,-2.271230289380361711e+01,4.841848854769335020e+00,1.628935285259517940e+01,-4.778242064383564269e+01,2.955309544657129663e+02,-3.751739946130638259e+01,7.474261394267072944e+01,-1.820583645972985778e+02,1.497266624968473714e+01,2.065923651329923416e+02,3.300684702065903764e+01,3.393071190552838345e+01,9.170682933261431913e+01,-2.770480368345297393e+02,1.116646920951223620e+01
1.100338031771996405e+01,1.504399191734385077e+01,9.734893751562890429e+01,1.772436429413474812e+01,-3.377007274605285403e+01,-3.200408410637331258e+01,-3.138198762427636623e+01,-2.824104284985590141e+01,-3.558701298289312120e+01,3.612256985644853313e-01,7.127534395121455191e+01,6.972021785578998276e+01,-8.030984520928679160e+01,-7.391277782880975167e+01,1.776726668716952062e+01,-1.025629389567549339e+02,-1.716811357755077816e-01,9.236980982494840120e+00,5.505887816372775134e+00,2.501466031606864959e+01,3.022222465232787147e+00,-1.401709195706076230e+02,-5.892740095374958997e+01,-5.140030624268966903e+02,3.849953174767247788e+01,5.180539014476603654e+01,9.450613999914212471e+00,-5.995978592269798924e+01,-1.817203161076568847e+02,-5.861741838634559372e+02,-3.821711955022640836e+02,7.568596121322583770e+01,-3.244946598460423104e+01,-1.729550246171457317e+01,9.794881253278894917e+01,-7.365861790990057898e+02,-1.188881886626799123e+01,3.280183499386327028e+00,1.148417346984948466e+02,4.788536886449428920e+01,7.777438213287980773e+01,7.492964519632282361e+01,1.585545317379404651e+01,-2.603921938316008067e+01,-1.905228334730197304e+01,-2.362621004827491333e+01,-1.758209995270237869e+01,6.282417326322065065e-01,-2.375336092468369742e+01,-7.655571205967377502e+00,-5.549211832091534902e+00,8.393035324186267587e+01,8.055289329718456770e+01,-1.305313976470987996e+02,-1.388728124460233992e+01,-3.391215795510277076e+02,2.943318319900148694e+01,3.770805239101872530e+01,-4.400946526256015456e-01,-5.545234916216801139e+03,-6.185928713959923698e+03,1.801980630604519362e+01,-1.617832277535959307e+01,-1.037880609820915936e+02,1.747469256156181814e+02,5.664484881270980168e+02,-1.237189065513910720e+02,-1.981708963891145103e+01,-5.744150757685075348e+01,-5.078146879475986708e+01,-1.650654152703968123e+02,-7.914088513929162616e+01,-1.366768454619258577e+01,3.752348063888923662e+02,-3.094293151901796435e+01,-5.367037569796207208e+01,-2.271230289380361711e+01,4.841848854769335020e+00,1.628935285259517940e+01,-4.778242064383564269e+01,2.955309544657129663e+02,-3.751643661452268930e+01,7.474261394267072944e+01,-1.820583645972985778e+02,1.497266624968473714e+01,2.065915402484008894e+02,3.300684702065903764e+01,3.393071190552838345e+01,9.170682933261431913e+01,-2.770480368345297393e+02,1.116541547741461216e+01
1.100338031771996405e+01,1.504399191734385077e+01,9.734938786616304185e+01,1.772460014270538053e+01,-3.377007274605285403e+01,-3.200355653465574335e+01,-3.138150507206332662e+01,-2.824104284985590141e+01,-3.558701298289312120e+01,3.612256985644853313e-01,7.127534395121455191e+01,6.972021785578998276e+01,-8.030984520928679160e+01,-7.391277782880975167e+01,1.776726668716952062e+01,-1.025626992944312263e+02,-1.716811357755077816e-01,9.236980982494840120e+00,5.505887816372775134e+00,2.501466031606864959e+01,3.022222465232787147e+00,-1.401709195706076230e+02,-5.892740095374958997e+01,-5.140030624268966903e+02,3.849953174767247788e+01,5.180539014476603654e+01,9.450613999914212471e+00,-5.995978592269798924e+01,-1.817203161076568847e+02,-5.861741838634559372e+02,-3.821711955022640836e+02,7.568596121322583770e+01,-3.244946598460423104e+01,-1.729550246171457317e+01,9.794881253278894917e+01,-7.365861790990057898e+02,-1.188881886626799123e+01,3.280183499386327028e+00,1.148417346984948466e+02,4.788730972795047336e+01,7.777396655466849040e+01,7.492964519632282361e+01,1.585438078189609357e+01,-2.603921938316008067e+01,-1.905228334730197304e+01,-2.362621004827491333e+01,-1.758209995270237869e+01,6.282417326322065065e-01,-2.375336092468369742e+01,-7.655571205967377502e+00,-5.549211832091534902e+00,8.393035324186267587e+01,8.055289329718456770e+01,-1.305313976470987996e+02,-1.388728124460233992e+01,-3.391215795510277076e+02,2.943318319900148694e+01,3.770805239101872530e+01,-4.396275720379757002e-01,-5.545234916216801139e+03,-6.185928713959923698e+03,1.801980630604519362e+01,-1.617832277535959307e+01,-1.037880609820915936e+02,1.747469256156181814e+02,5.664484881270980168e+02,-1.237189065513910720e+02,-1.981708963891145103e+01,-5.744150757685075348e+01,-5.078146879475986708e+01,-1.650654152703968123e+02,-7.914088513929162616e+01,-1.366768454619258577e+01,3.752348063888923662e+02,-3.094293151901796435e+01,-5.367037569796207208e+01,-2.271230289380361711e+01,4.841848854769335020e+00,1.628935285259517940e+01,-4.778242064383564269e+01,2.955309544657129663e+02,-3.751643661452268930e+01,7.474261394267072944e+01,-1.820573126332394907e+02,1.497266624968473714e+01,2.065915402484008894e+02,3.300684702065903764e+01,3.393400817902729472e+01,9.170756610621884874e+01,-2.770480368345297393e+02,1.116541547741461216e+01
1.100338031771996405e+01,1.504399191734385077e+01,9.734938786616304185e+01,1.772460014270538053e+01,-3.377007274605285403e+01,-3.200355653465574335e+01,-3.138150507206332662e+01,-2.824104284985590141e+01,-3.558731454022369434e+01,3.612256985644853313e-01,7.127534395121455191e+01,6.972021785578998276e+01,-8.030984520928679160e+01,-7.391262361286794658e+01,1.776726668716952062e+01,-1.025626992944312263e+02,-1.716811357755077816e-01,9.236980982494840120e+00,5.505887816372775134e+00,2.501466031606864959e+01,3.022222465232787147e+00,-1.401709195706076230e+02,-5.892740095374958997e+01,-5.140030624268966903e+02,3.849953174767247788e+01,5.180539014476603654e+01,9.450613999914212471e+00,-5.995978592269798924e+01,-1.817203161076568847e+02,-5.861741838634559372e+02,-3.821711955022640836e+02,7.568662049068780107e+01,-3.244946598460423104e+01,-1.729550246171457317e+01,9.784747287078836564e+01,-7.365861790990057898e+02,-1.188881886626799123e+01,3.278462651767113822e+00,1.148417346984948466e+02,4.788730972795047336e+01,7.777396655466849040e+01,7.492964519632282361e+01,1.585438078189609357e+01,-2.603921938316008067e+01,-1.905228334730197304e+01,-2.362621004827491333e+01,-1.758209995270237869e+01,6.282417326322065065e-01,-2.375336092468369742e+01,-7.655571205967377502e+00,-5.549211832091534902e+00,8.393035324186267587e+01,8.055289329718456770e+01,-1.305313976470987996e+02,-1.388728124460233992e+01,-3.391215795510277076e+02,2.943318319900148694e+01,3.770797609911864612e+01,-4.396275720379757002e-01,-5.545234916216801139e+03,-6.185928713959923698e+03,1.801980630604519362e+01,-1.617816960320315189e+01,-1.037880609820915936e+02,1.747469256156181814e+02,5.664483610932188640e+02,-1.237190907682748957e+02,-1.981708963891145103e+01,-5.744150757685075348e+01,-5.078116795857322785e+01,-1.650655107545950955e+02,-7.914088513929162616e+01,-1.366768454619258577e+01,3.752348063888923662e+02,-3.094332075487165667e+01,-5.367037569796207208e+01,-2.271230289380361711e+01,4.841848854769335020e+00,1.628935285259517940e+01,-4.778242064383564269e+01,2.955309544657129663e+02,-3.751643661452268930e+01,7.474261394267072944e+01,-1.820573126332394907e+02,1.497266624968473714e+01,2.065915402484008894e+02,3.300684702065903764e+01,3.393400817902729472e+01,9.170756610621884874e+01,-2.770480368345297393e+02,1.116541547741461216e+01
1.100338031771996405e+01,1.504399191734385077e+01,9.734938786616304185e+01,1.772460014270538053e+01,-3.377104579715336286e+01,-3.200355653465574335e+01,-3.138150507206332662e+01,-2.824104284985590141e+01,-3.558731454022369434e+01,3.612256985644853313e-01,7.127534395121455191e+01,6.972021785578998276e+01,-8.030984520928679160e+01,-7.391262361286794658e+01,1.776737032525385729e+01,-1.025626992944312263e+02,-1.716811357755077816e-01,9.236980982494840120e+00,5.505887816372775134e+00,2.501466031606864959e+01,3.022158097439542779e+00,-1.401710355943699540e+02,-5.892740095374958997e+01,-5.140030624268966903e+02,3.849953174767247788e+01,5.180544440069668610e+01,9.450613999914212471e+00,-5.995978592269798924e+01,-1.817203161076568847e+02,-5.861741838634559372e+02,-3.821711955022640836e+02,7.568662049068780107e+01,-3.244946598460423104e+01,-1.729550246171457317e+01,9.784747287078836564e+01,-7.365861790990057898e+02,-1.188881886626799123e+01,3.278462651767113822e+00,1.148417346984948466e+02,4.788730972795047336e+01,7.777396655466849040e+01,7.492964519632282361e+01,1.585438078189609357e+01,-2.603927548700399797e+01,-1.905228334730197304e+01,-2.362613697151275360e+01,-1.758281479059915142e+01,6.282417326322065065e-01,-2.375336092468369742e+01,-7.655489139375098340e+00,-5.549247977034810653e+00,8.393035324186267587e+01,8.055299590103507512e+01,-1.305313976470987996e+02,-1.388684820889421800e+01,-3.391215795510277076e+02,2.943318319900148694e+01,3.770797609911864612e+01,-4.396275720379757002e-01,-5.545235029544450299e+03,-6.185928769917031786e+03,1.801980630604519362e+01,-1.617816960320315189e+01,-1.037880609820915936e+02,1.747468955645984465e+02,5.664483610932188640e+02,-1.237190907682748957e+02,-1.981708963891145103e+01,-5.744150757685075348e+01,-5.078116795857322785e+01,-1.650655107545950955e+02,-7.914088513929162616e+01,-1.366768454619258577e+01,3.752347245929183828e+02,-3.094332075487165667e+01,-5.367037569796207208e+01,-2.271230289380361711e+01,4.841848854769335020e+00,1.628935285259517940e+01,-4.778217791014437665e+01,2.955309167324144255e+02,-3.751643661452268930e+01,7.474261394267072944e+01,-1.820573126332394907e+02,1.497266624968473714e+01,2.065915402484008894e+02,3.300678183257821985e+01,3.393400817902729472e+01,9.170756610621884874e+01,-2.770480368345297393e+02,1.116541547741461216e+01
1.100338031771996405e+01,1.504399191734385077e+01,9.734938786616304185e+01,1.772460014270538053e+01,-3.377104579715336286e+01,-3.200355653465574335e+01,-3.138150507206332662e+01,-2.824104284985590141e+01,-3.558731454022369434e+01,3.612256985644853313e-01,7.127534395121455191e+01,6.972021785578998276e+01,-8.030984520928679160e+01,-7.391262361286794658e+01,1.776545796311918224e+01,-1.025626992944312263e+02,-1.716811357755077816e-01,9.236980982494840120e+00,5.505887816372775134e+00,2.501466031606864959e+01,3.022158097439542779e+00,-1.401710355943699540e+02,-5.892740095374958997e+01,-5.140030624268966903e+02,3.849953174767247788e+01,5.180523697417163476e+01,9.450613999914212471e+00,-5.995978592269798924e+01,-1.817204694597182879e+02,-5.861741838634559372e+02,-3.821711955022640836e+02,7.568662049068780107e+01,-3.244946598460423104e+01,-1.729550246171457317e+01,9.784731523124166586e+01,-7.365861790990057898e+02,-1.188881886626799123e+01,3.278462651767113822e+00,1.148417346984948466e+02,4.788730972795047336e+01,7.777396655466849040e+01,7.492964519632282361e+01,1.583009812997693544e+01,-2.603810020196433683e+01,-1.905228334730197304e+01,-2.362613697151275360e+01,-1.758281479059915142e+01,6.282417326322065065e-01,-2.375336092468369742e+01,-7.655489139375098340e+00,-5.549092274354286758e+00,8.393454318553919791e+01,8.055299590103507512e+01,-1.305313976470987996e+02,-1.388684820889421800e+01,-3.391215795510277076e+02,2.943318319900148694e+01,3.770797609911864612e+01,-4.396275720379757002e-01,-5.545235029544450299e+03,-6.185928769917031786e+03,1.801980630604519362e+01,-1.617816960320315189e+01,-1.037880609820915936e+02,1.747468955645984465e+02,5.664483610932188640e+02,-1.237190907682748957e+02,-1.981708963891145103e+01,-5.744150757685075348e+01,-5.078116795857322785e+01,-1.650655107545950955e+02,-7.914088513929162616e+01,-1.366768454619258577e+01,3.752347245929183828e+02,-3.094332075487165667e+01,-5.367037569796207208e+01,-2.271230289380361711e+01,4.841848854769335020e+00,1.628965742806697747e+01,-4.778217791014437665e+01,2.955309167324144255e+02,-3.751643661452268930e+01,7.474261394267072944e+01,-1.820571553144951622e+02,1.496034866065865110e+01,2.065915402484008894e+02,3.300678183257821985e+01,3.393400817902729472e+01,9.170756610621884874e+01,-2.770480368345297393e+02,1.116526951048995642e+01
1.100338031771996405e+01,1.504385645652069847e+01,9.734938786616304185e+01,1.772460014270538053e+01,-3.377104579715336286e+01,-3.200355653465574335e+01,-3.138150507206332662e+01,-2.824104284985590141e+01,-3.558731454022369434e+01,3.612256985644853313e-01,7.127534395121455191e+01,6.972021785578998276e+01,-8.030946981588934364e+01,-7.391262361286794658e+01,1.776545796311918224e+01,-1.025626992944312263e+02,-1.716811357755077816e-01,9.236980982494840120e+00,5.505887816372775134e+00,2.501332467651971569e+01,3.024245342152926064e+00,-1.401710355943699540e+02,-5.892740095374958997e+01,-5.140030624268966903e+02,3.849953174767247788e+01,5.180523697417163476e+01,9.450613999914212471e+00,-5.995978592269798924e+01,-1.817204694597182879e+02,-5.861741838634559372e+02,-3.821711955022640836e+02,7.568662049068780107e+01,-3.244946598460423104e+01,-1.729669665834886416e+01,9.784731523124166586e+01,-7.365861790990057898e+02,-1.188881886626799123e+01,3.278462651767113822e+00,1.148417346984948466e+02,4.788730972795047336e+01,7.777396655466849040e+01,7.492964519632282361e+01,1.583009812997693544e+01,-2.603810020196433683e+01,-1.905228334730197304e+01,-2.362613697151275360e+01,-1.758281479059915142e+01,6.287720990934275722e-01,-2.375336092468369742e+01,-7.655489139375098340e+00,-5.549092274354286758e+00,8.393454318553919791e+01,8.055299590103507512e+01,-1.305313976470987996e+02,-1.388684820889421800e+01,-3.391200463494100177e+02,2.943318319900148694e+01,3.770797609911864612e+01,-4.396275720379757002e-01,-5.545235029544450299e+03,-6.185928769917031786e+03,1.801980630604519362e+01,-1.617816960320315189e+01,-1.037880609820915936e+02,1.747472827423345336e+02,5.664483610932188640e+02,-1.237190907682748957e+02,-1.981708963891145103e+01,-5.744177410358197022e+01,-5.078116795857322785e+01,-1.650655107545950955e+02,-7.914166426350158190e+01,-1.366768454619258577e+01,3.752347245929183828e+02,-3.094332075487165667e+01,-5.367037569796207208e+01,-2.271178101699893048e+01,4.841848854769335020e+00,1.628965742806697747e+01,-4.778217791014437665e+01,2.955309167324144255e+02,-3.751643661452268930e+01,7.474261394267072944e+01,-1.820571553144951622e+02,1.496034866065865110e+01,2.065915402484008894e+02,3.300678183257821985e+01,3.393358778389935537e+01,9.170756610621884874e+01,-2.770480368345297393e+02,1.116526951048995642e+01
1.100338031771996405e+01,1.504385645652069847e+01,9.734938786616304185e+01,1.772460014270538053e+01,-3.377104579715336286e+01,-3.200355653465574335e+01,-3.138150507206332662e+01,-2.824104284985590141e+01,-3.558731454022369434e+01,3.612256985644853313e-01,7.127534395121455191e+01,6.972021785578998276e+01,-8.030946981588934364e+01,-7.390996414965393058e+01,1.776545796311918224e+01,-1.025626992944312263e+02,-1.716811357755077816e-01,9.236980982494840120e+00,5.505887816372775134e+00,2.501332467651971569e+01,3.024245342152926064e+00,-1.401710355943699540e+02,-5.892866851022379393e+01,-5.140030624268966903e+02,3.849953174767247788e+01,5.180523697417163476e+01,9.450613999914212471e+00,-5.996046181562006439e+01,-1.817204694597182879e+02,-5.861741838634559372e+02,-3.821711955022640836e+02,7.568895067099337837e+01,-3.244946598460423104e+01,-1.729669665834886416e+01,9.784731523124166586e+01,-7.365861790990057898e+02,-1.188881886626799123e+01,3.277929814911291206e+00,1.148417346984948466e+02,4.788730972795047336e+01,7.777396655466849040e+01,7.492964519632282361e+01,1.583009812997693544e+01,-2.603810020196433683e+01,-1.905228334730197304e+01,-2.362613697151275360e+01,-1.758281479059915142e+01,6.287720990934275722e-01,-2.375336092468369742e+01,-7.655489139375098340e+00,-5.549092274354286758e+00,8.393454318553919791e+01,8.055216839551415831e+01,-1.305313976470987996e+02,-1.388684820889421800e+01,-3.391200463494100177e+02,2.943318319900148694e+01,3.770797609911864612e+01,-4.371240010781149432e-01,-5.545235029544450299e+03,-6.185928769917031786e+03,1.801980630604519362e+01,-1.617816960320315189e+01,-1.037876143431452789e+02,1.747472827423345336e+02,5.664483610932188640e+02,-1.237190907682748957e+02,-1.981708963891145103e+01,-5.744177410358197022e+01,-5.078116795857322785e+01,-1.650655107545950955e+02,-7.914166426350158190e+01,-1.366768454619258577e+01,3.752333890047260638e+02,-3.094332075487165667e+01,-5.367037569796207208e+01,-2.271178101699893048e+01,4.842601268406275139e+00,1.628965742806697747e+01,-4.778217791014437665e+01,2.955309167324144255e+02,-3.751643661452268930e+01,7.474261394267072944e+01,-1.820571553144951622e+02,1.496034866065865110e+01,2.065915402484008894e+02,3.300678183257821985e+01,3.393358778389935537e+01,9.170990523530232963e+01,-2.770475381234188603e+02,1.116526951048995642e+01
1.100338031771996405e+01,1.504385645652069847e+01,9.734938786616304185e+01,1.772639963136268193e+01,-3.377121023505863917e+01,-3.200355653465574335e+01,-3.138150507206332662e+01,-2.824104284985590141e+01,-3.558731454022369434e+01,3.612256985644853313e-01,7.127534395121455191e+01,6.972021785578998276e+01,-8.030946981588934364e+01,-7.390996414965393058e+01,1.776545796311918224e+01,-1.025625645732298068e+02,-1.709727099660864613e-01,9.236866173974563665e+00,5.505887816372775134e+00,2.501332467651971569e+01,3.024245342152926064e+00,-1.401710355943699540e+02,-5.892866851022379393e+01,-5.140030624268966903e+02,3.850005667614573213e+01,5.180523697417163476e+01,9.450613999914212471e+00,-5.996046181562006439e+01,-1.817204694597182879e+02,-5.861741838634559372e+02,-3.821711955022640836e+02,7.568895067099337837e+01,-3.232168224124551870e+01,-1.729669665834886416e+01,9.784731523124166586e+01,-7.365861790990057898e+02,-1.188881886626799123e+01,3.277929814911291206e+00,1.148417346984948466e+02,4.788730972795047336e+01,7.777396655466849040e+01,7.492964519632282361e+01,1.583009812997693544e+01,-2.603810020196433683e+01,-1.905228334730197304e+01,-2.362613697151275360e+01,-1.758281479059915142e+01,6.287720990934275722e-01,-2.375336092468369742e+01,-7.655489139375098340e+00,-5.549092274354286758e+00,8.393454318553919791e+01,8.055216839551415831e+01,-1.305313976470987996e+02,-1.388693618339663338e+01,-3.391200463494100177e+02,2.943318319900148694e+01,3.770797609911864612e+01,-4.371240010781149432e-01,-5.545235029544450299e+03,-6.185928769917031786e+03,1.801965392361723062e+01,-1.617816960320315189e+01,-1.037876143431452789e+02,1.747472827423345336e+02,5.664483610932188640e+02,-1.237190907682748957e+02,-1.981708963891145103e+01,-5.744177410358197022e+01,-5.078116795857322785e+01,-1.650655107545950955e+02,-7.914166426350158190e+01,-1.366743813834394317e+01,3.752333890047260638e+02,-3.094332075487165667e+01,-5.367037569796207208e+01,-2.271178101699893048e+01,4.842601268406275139e+00,1.628965742806697747e+01,-4.778217791014437665e+01,2.955313438091935723e+02,-3.751643661452268930e+01,7.474261394267072944e+01,-1.820571553144951622e+02,1.496034866065865110e+01,2.065915402484008894e+02,3.300735272305843182e+01,3.393358778389935537e+01,9.170990523530232963e+01,-2.770475381234188603e+02,1.116526951048995642e+01
1.100234125691107145e+01,1.504385645652069847e+01,9.734854099899517621e+01,1.772639963136268193e+01,-3.377121023505863917e+01,-3.200355653465574335e+01,-3.138150507206332662e+01,-2.824104284985590141e+01,-3.558731454022369434e+01,3.612256985644853313e-01,7.127534395121455191e+01,6.972021785578998276e+01,-8.030946981588934364e+01,-7.390996414965393058e+01,1.776545796311918224e+01,-1.025625645732298068e+02,-1.709727099660864613e-01,9.236866173974563665e+00,5.505887816372775134e+00,2.501332467651971569e+01,3.024245342152926064e+00,-1.401710355943699540e+02,-5.892866851022379393e+01,-5.140030624268966903e+02,3.850005667614573213e+01,5.180523697417163476e+01,9.451119242627491701e+00,-5.996046181562006439e+01,-1.817204694597182879e+02,-5.861737265370622936e+02,-3.821711955022640836e+02,7.568895067099337837e+01,-3.232168224124551870e+01,-1.729669665834886416e+01,9.784731523124166586e+01,-7.365889832110057114e+02,-1.188881886626799123e+01,3.277929814911291206e+00,1.148417346984948466e+02,4.788774372029049431e+01,7.777396655466849040e+01,7.492964519632282361e+01,1.583009812997693544e+01,-2.603810020196433683e+01,-1.905657793470707873e+01,-2.362704384537397928e+01,-1.758281479059915142e+01,6.287720990934275722e-01,-2.375356901926299003e+01,-7.655087095126906327e+00,-5.549092274354286758e+00,8.393454318553919791e+01,8.055216839551415831e+01,-1.305313976470987996e+02,-1.388693618339663338e+01,-3.391200463494100177e+02,2.943318319900148694e+01,3.770797609911864612e+01,-4.371240010781149432e-01,-5.545235029544450299e+03,-6.185928769917031786e+03,1.801965392361723062e+01,-1.617816960320315189e+01,-1.037876143431452789e+02,1.747472827423345336e+02,5.664483610932188640e+02,-1.237190907682748957e+02,-1.981708963891145103e+01,-5.744177410358197022e+01,-5.078173340039729311e+01,-1.650655107545950955e+02,-7.914166426350158190e+01,-1.366743813834394317e+01,3.752333890047260638e+02,-3.094364396336821343e+01,-5.367037569796207208e+01,-2.271178101699893048e+01,4.842601268406275139e+00,1.628965742806697747e+01,-4.778217791014437665e+01,2.955313438091935723e+02,-3.751643661452268930e+01,7.474261394267072944e+01,-1.820571553144951622e+02,1.496034866065865110e+01,2.065915402484008894e+02,3.300735272305843182e+01,3.393358778389935537e+01,9.170990523530232963e+01,-2.770475381234188603e+02,1.116526951048995642e+01
1.100234125691107145e+01,1.504385645652069847e+01,9.734854099899517621e+01,1.772639963136268193e+01,-3.377121023505863917e+01,-3.200355653465574335e+01,-3.138150507206332662e+01,-2.824160341832459764e+01,-3.558837670937474229e+01,3.614810023372773684e-01,7.127876073942017854e+01,6.972021785578998276e+01,-8.030946981588934364e+01,-7.390996414965393058e+01,1.776545796311918224e+01,-1.025625645732298068e+02,-1.709727099660864613e-01,9.236866173974563665e+00,5.505887816372775134e+00,2.501332467651971569e+01,3.024245342152926064e+00,-1.401698354307232250e+02,-5.892866851022379393e+01,-5.140030624268966903e+02,3.850005667614573213e+01,5.180523697417163476e+01,9.451119242627491701e+00,-5.996046181562006439e+01,-1.817204694597182879e+02,-5.861737265370622936e+02,-3.821711955022640836e+02,7.568895067099337837e+01,-3.232168224124551870e+01,-1.729669665834886416e+01,9.784731523124166586e+01,-7.365889832110057114e+02,-1.188881886626799123e+01,3.277929814911291206e+00,1.148417346984948466e+02,4.788774372029049431e+01,7.777290778270943861e+01,7.492964519632282361e+01,1.583009812997693544e+01,-2.603810020196433683e+01,-1.905657793470707873e+01,-2.362704384537397928e+01,-1.758843759838284271e+01,6.287720990934275722e-01,-2.375356901926299003e+01,-7.655087095126906327e+00,-5.549092274354286758e+00,8.393454318553919791e+01,8.055216839551415831e+01,-1.305313976470987996e+02,-1.388693618339663338e+01,-3.391200463494100177e+02,2.943318319900148694e+01,3.770747126643742320e+01,-4.371240010781149432e-01,-5.545235029544450299e+03,-6.185928769917031786e+03,1.801965392361723062e+01,-1.617776775097788189e+01,-1.037876143431452789e+02,1.747472827423345336e+02,5.664483610932188640e+02,-1.237190907682748957e+02,-1.981708963891145103e+01,-5.744177410358197022e+01,-5.078173340039729311e+01,-1.650655107545950955e+02,-7.914166426350158190e+01,-1.366743813834394317e+01,3.752333890047260638e+02,-3.094364396336821343e+01,-5.367779266964888052e+01,-2.271178101699893048e+01,4.842601268406275139e+00,1.628965742806697747e+01,-4.778217791014437665e+01,2.955313438091935723e+02,-3.751643661452268930e+01,7.474294188649076887e+01,-1.820571553144951622e+02,1.496034866065865110e+01,2.065936710135007672e+02,3.300735272305843182e+01,3.393358778389935537e+01,9.170990523530232963e+01,-2.770475381234188603e+02,1.116526951048995642e+01
1.100234125691107145e+01,1.504385645652069847e+01,9.734854099899517621e+01,1.772639963136268193e+01,-3.377121023505863917e+01,-3.200369667946311836e+01,-3.138127685986045634e+01,-2.824160341832459764e+01,-3.558837670937474229e+01,3.614810023372773684e-01,7.127876073942017854e+01,6.972093952472384615e+01,-8.030946981588934364e+01,-7.390996414965393058e+01,1.776545796311918224e+01,-1.025625645732298068e+02,-1.709727099660864613e-01,9.236866173974563665e+00,5.506093719801530284e+00,2.501332467651971569e+01,3.024245342152926064e+00,-1.401698354307232250e+02,-5.892866851022379393e+01,-5.140026477285142619e+02,3.850005667614573213e+01,5.180523697417163476e+01,9.451119242627491701e+00,-5.996046181562006439e+01,-1.817204694597182879e+02,-5.861737265370622936e+02,-3.821714692907924587e+02,7.568895067099337837e+01,-3.232168224124551870e+01,-1.729669665834886416e+01,9.784731523124166586e+01,-7.365889832110057114e+02,-1.188900752948796047e+01,3.277929814911291206e+00,1.148415920538085118e+02,4.788774372029049431e+01,7.777290778270943861e+01,7.492936377473677112e+01,1.583009812997693544e+01,-2.603810020196433683e+01,-1.905657793470707873e+01,-2.362704384537397928e+01,-1.758843759838284271e+01,6.287720990934275722e-01,-2.375356901926299003e+01,-7.655087095126906327e+00,-5.549092274354286758e+00,8.393454318553919791e+01,8.055216839551415831e+01,-1.305315434384471018e+02,-1.388693618339663338e+01,-3.391200463494100177e+02,2.943522747414530372e+01,3.770747126643742320e+01,-4.371240010781149432e-01,-5.545235542872174847e+03,-6.185928620740305632e+03,1.801965392361723062e+01,-1.617776775097788189e+01,-1.037876143431452789e+02,1.747472827423345336e+02,5.664484688443708365e+02,-1.237193309418447882e+02,-1.981685465300713034e+01,-5.744177410358197022e+01,-5.078173340039729311e+01,-1.650657840170458428e+02,-7.914166426350158190e+01,-1.366743813834394317e+01,3.752333890047260638e+02,-3.094364396336821343e+01,-5.367779266964888052e+01,-2.271178101699893048e+01,4.842601268406275139e+00,1.628965742806697747e+01,-4.778166980014935206e+01,2.955313438091935723e+02,-3.751925776693032333e+01,7.474294188649076887e+01,-1.820571553144951622e+02,1.496034866065865110e+01,2.065936710135007672e+02,3.300735272305843182e+01,3.393358778389935537e+01,9.170990523530232963e+01,-2.770475381234188603e+02,1.116526951048995642e+01
1.100474100840235181e+01,1.504606786878596125e+01,9.734880123062541202e+01,1.772390316574839630e+01,-3.377024332523681949e+01,-3.200142794801954693e+01,-3.087942850898651059e+01,-2.823848746541172261e+01,-3.558088489326389237e+01,3.551394308799906696e-01,7.127457049845838810e+01,6.973054444725619305e+01,-8.030990890381873726e+01,-7.391218156778982973e+01,1.776120064088539152e+01,-1.025644341268648390e+02,-3.852514813327037047e-01,9.241243591622225750e+00,5.507267181859511140e+00,2.501380284266063470e+01,3.015819996599516273e+00,-1.401706592216994807e+02,-5.892885349698021002e+01,-5.140046176340681541e+02,3.849862065543292289e+01,5.181191109321605381e+01,9.448748882661838877e+00,-5.996118362766078036e+01,-1.817203428385078041e+02,-5.861705680188250653e+02,-3.821807927280715376e+02,7.568979105731722257e+01,-3.232279173849750009e+01,-1.729378285435736728e+01,9.796391824196547304e+01,-7.365880219890203762e+02,-1.189045248438646318e+01,3.278432902709256247e+00,1.148338201731209409e+02,4.787632489731422680e+01,7.777349281772536926e+01,7.493076255913211980e+01,1.582937929599927429e+01,-2.603872123679528272e+01,-1.963309648808870733e+01,-2.362607927311022138e+01,-1.758244317102113286e+01,6.264270232043620545e-01,-2.375539267701942236e+01,-7.655351286754168427e+00,-5.548276009553326560e+00,8.393306341396136361e+01,8.055300297066793291e+01,-1.305329323889250475e+02,-1.385952819581481776e+01,-3.391216614296317857e+02,2.943383323471820034e+01,3.770744069381829888e+01,-4.351909654655141679e-01,-5.545227336086807554e+03,-6.185927922821258107e+03,1.802426637340053617e+01,-1.617838012248751767e+01,-1.037911222575597776e+02,1.747401128698398907e+02,5.664473900321137307e+02,-1.237112835753209765e+02,-1.981592141289483067e+01,-5.744087533415717672e+01,-5.078112668657812634e+01,-1.650653235073381495e+02,-7.914138267691279793e+01,-1.367271377151837619e+01,3.752341980465449183e+02,-3.094325773061482465e+01,-5.367022882496254965e+01,-2.272046369777951114e+01,3.294669222826013488e+00,1.629306024961703514e+01,-4.778278835706620242e+01,2.955306302140945149e+02,-3.751682399167179227e+01,7.474081904451531955e+01,-1.820499495836590711e+02,1.497358292375246336e+01,2.065879092584611385e+02,3.300828255101176723e+01,3.393162245246818998e+01,9.170206217757694844e+01,-2.770546422580691228e+02,1.116532871757235057e+01
1.100474100840235181e+01,1.504606786878596125e+01,9.734880123062541202e+01,1.772390316574839630e+01,-3.377024332523681949e+01,-3.200142794801954693e+01,-3.087942850898651059e+01,-2.823848746541172261e+01,-3.558088489326389237e+01,3.551394308799906696e-01,7.128031776298871591e+01,6.973054444725619305e+01,-8.030952546342625453e+01,-7.391218156778982973e+01,1.776120064088539152e+01,-1.025644341268648390e+02,-3.852514813327037047e-01,9.241243591622225750e+00,5.507267181859511140e+00,2.501380284266063470e+01,3.015819996599516273e+00,-1.401706592216994807e+02,-5.892885349698021002e+01,-5.140046176340681541e+02,3.849862065543292289e+01,5.180932278448447903e+01,9.448748882661838877e+00,-5.996118362766078036e+01,-1.817237503021009104e+02,-5.861705680188250653e+02,-3.821813312969443928e+02,7.568979105731722257e+01,-3.232279173849750009e+01,-1.729378285435736728e+01,9.796391824196547304e+01,-7.365880219890203762e+02,-1.189045248438646318e+01,3.278432902709256247e+00,1.148338201731209409e+02,4.787632489731422680e+01,7.777349281772536926e+01,7.493076255913211980e+01,1.582937929599927429e+01,-2.603872123679528272e+01,-1.963309648808870733e+01,-2.362640805579237124e+01,-1.758244317102113286e+01,6.264270232043620545e-01,-2.375539267701942236e+01,-7.655351286754168427e+00,-5.548792527133630692e+00,8.393306341396136361e+01,8.055300297066793291e+01,-1.305329323889250475e+02,-1.385952819581481776e+01,-3.391216614296317857e+02,2.943383323471820034e+01,3.770744069381829888e+01,-4.351909654655141679e-01,-5.545228397906216742e+03,-6.185927922821258107e+03,1.802426637340053617e+01,-1.617891337757538039e+01,-1.037911222575597776e+02,1.747392253443099719e+02,5.664473900321137307e+02,-1.237112835753209765e+02,-1.981592141289483067e+01,-5.744087533415717672e+01,-5.078112668657812634e+01,-1.650653235073381495e+02,-7.914138267691279793e+01,-1.367271377151837619e+01,3.752341980465449183e+02,-3.094325773061482465e+01,-5.367022882496254965e+01,-2.272046369777951114e+01,3.294669222826013488e+00,1.629306024961703514e+01,-4.778278835706620242e+01,2.955318353445713910e+02,-3.751682399167179227e+01,7.474081904451531955e+01,-1.820499495836590711e+02,1.497358292375246336e+01,2.065879092584611385e+02,3.300828255101176723e+01,3.393162245246818998e+01,9.169678264968709414e+01,-2.770546422580691228e+02,1.116532871757235057e+01
1.100474100840235181e+01,1.504606786878596125e+01,9.734880123062541202e+01,1.772336375770715122e+01,-3.377024332523681949e+01,-3.200142046742016078e+01,-3.087942850898651059e+01,-2.823848746541172261e+01,-3.558088489326389237e+01,3.551394308799906696e-01,7.128031776298871591e+01,6.973054444725619305e+01,-8.030952546342625453e+01,-7.391218156778982973e+01,1.776120064088539152e+01,-1.025644341268648390e+02,-3.852514813327037047e-01,9.241243591622225750e+00,5.507267181859511140e+00,2.501380284266063470e+01,3.015819996599516273e+00,-1.401706592216994807e+02,-5.892884182570369944e+01,-5.140046176340681541e+02,3.849862065543292289e+01,5.180932278448447903e+01,9.448748882661838877e+00,-5.996118362766078036e+01,-1.817237503021009104e+02,-5.861705680188250653e+02,-3.821813312969443928e+02,7.568979105731722257e+01,-3.232279173849750009e+01,-1.729378285435736728e+01,9.796391824196547304e+01,-7.365880219890203762e+02,-1.189045248438646318e+01,3.278432902709256247e+00,1.148338201731209409e+02,4.787634114050086964e+01,7.777349281772536926e+01,7.493076255913211980e+01,1.582937929599927429e+01,-2.603872123679528272e+01,-1.963309648808870733e+01,-2.362640805579237124e+01,-1.758244894173138562e+01,6.264270232043620545e-01,-2.375539267701942236e+01,-7.655368003992669479e+00,-5.548792527133630692e+00,8.393306341396136361e+01,8.055300297066793291e+01,-1.305329201128057264e+02,-1.385952819581481776e+01,-3.391216614296317857e+02,2.943383323471820034e+01,3.770744069381829888e+01,-4.351909654655141679e-01,-5.545228397906216742e+03,-6.185927922821258107e+03,1.802426637340053617e+01,-1.617891337757538039e+01,-1.037911222575597776e+02,1.747392253443099719e+02,5.664473863308426189e+02,-1.237112835753209765e+02,-1.981592141289483067e+01,-5.744087533415717672e+01,-5.078112668657812634e+01,-1.650653235073381495e+02,-7.914138267691279793e+01,-1.367271377151837619e+01,3.752341980465449183e+02,-3.094325773061482465e+01,-5.367022882496254965e+01,-2.272045176940804012e+01,3.294669222826013488e+00,1.629306024961703514e+01,-4.778273457074658381e+01,2.955318353445713910e+02,-3.751682399167179227e+01,7.474081904451531955e+01,-1.820499495836590711e+02,1.497358292375246336e+01,2.065879092584611385e+02,3.300828255101176723e+01,3.393159244704804678e+01,9.169678264968709414e+01,-2.770546422580691228e+02,1.116533238835281594e+01
1.100489375662100322e+01,1.504636519926829408e+01,9.734880123062541202e+01,1.772336375770715122e+01,-3.377024332523681949e+01,-3.200142046742016078e+01,-3.087942850898651059e+01,-2.823861968712020598e+01,-3.558088489326389237e+01,3.551394308799906696e-01,7.128031776298871591e+01,6.973054444725619305e+01,-8.030952546342625453e+01,-7.391218156778982973e+01,1.776204020955693252e+01,-1.025644341268648390e+02,-3.852514813327037047e-01,9.240725624063168553e+00,5.507267181859511140e+00,2.501380284266063470e+01,3.015819996599516273e+00,-1.401706592216994807e+02,-5.892884182570369944e+01,-5.140047880073788065e+02,3.849862065543292289e+01,5.180932278448447903e+01,9.448748882661838877e+00,-5.996118362766078036e+01,-1.817237503021009104e+02,-5.861705680188250653e+02,-3.821813312969443928e+02,7.568979105731722257e+01,-3.232279173849750009e+01,-1.729378285435736728e+01,9.796391824196547304e+01,-7.365880219890203762e+02,-1.189045248438646318e+01,3.278432902709256247e+00,1.148338201731209409e+02,4.787634114050086964e+01,7.777256295963867672e+01,7.493076255913211980e+01,1.582937929599927429e+01,-2.603872123679528272e+01,-1.963309648808870733e+01,-2.362640805579237124e+01,-1.758244894173138562e+01,6.265865018559023669e-01,-2.375539267701942236e+01,-7.655368003992669479e+00,-5.548792527133630692e+00,8.393306341396136361e+01,8.055300297066793291e+01,-1.305329201128057264e+02,-1.385952819581481776e+01,-3.391216614296317857e+02,2.943516698324965120e+01,3.770744069381829888e+01,-4.351909654655141679e-01,-5.545228397906216742e+03,-6.185927922821258107e+03,1.802426637340053617e+01,-1.617891337757538039e+01,-1.037911222575597776e+02,1.747392253443099719e+02,5.664473863308426189e+02,-1.237112835753209765e+02,-1.981592141289483067e+01,-5.744087533415717672e+01,-5.078112668657812634e+01,-1.650653235073381495e+02,-7.914138267691279793e+01,-1.367282272122924880e+01,3.752341980465449183e+02,-3.094325773061482465e+01,-5.367022882496254965e+01,-2.272045176940804012e+01,3.294669222826013488e+00,1.629306024961703514e+01,-4.778273457074658381e+01,2.955318353445713910e+02,-3.751682399167179227e+01,7.474098975296109870e+01,-1.820499495836590711e+02,1.497340162956880327e+01,2.065879092584611385e+02,3.300828255101176723e+01,3.393159244704804678e+01,9.169678264968709414e+01,-2.770546422580691228e+02,1.116533238835281594e+01
1.100489375662100322e+01,1.504636519926829408e+01,9.734880123062541202e+01,1.772336375770715122e+01,-3.377024332523681949e+01,-3.200142046742016078e+01,-3.087942850898651059e+01,-2.823861968712020598e+01,-3.558088489326389237e+01,3.516447135881102248e-01,7.128031776298871591e+01,6.973054444725619305e+01,-8.030952546342625453e+01,-7.391218156778982973e+01,1.776204020955693252e+01,-1.025645800990507439e+02,-3.852514813327037047e-01,9.240725624063168553e+00,5.507267181859511140e+00,2.501380284266063470e+01,3.015899370931689472e+00,-1.401706592216994807e+02,-5.892884182570369944e+01,-5.140047880073788065e+02,3.849463419672795084e+01,5.180932278448447903e+01,9.448385576833253197e+00,-5.996118362766078036e+01,-1.817237503021009104e+02,-5.861705680188250653e+02,-3.821813312969443928e+02,7.568979105731722257e+01,-3.232279173849750009e+01,-1.729474423410513850e+01,9.796391824196547304e+01,-7.365881700590481387e+02,-1.189045248438646318e+01,3.278432902709256247e+00,1.148338201731209409e+02,4.787634114050086964e+01,7.777256295963867672e+01,7.493076255913211980e+01,1.582937929599927429e+01,-2.603872123679528272e+01,-1.963309648808870733e+01,-2.362640805579237124e+01,-1.758244894173138562e+01,6.265865018559023669e-01,-2.375539267701942236e+01,-7.655368003992669479e+00,-5.548792527133630692e+00,8.393267783185976327e+01,8.055300297066793291e+01,-1.305329201128057264e+02,-1.385952819581481776e+01,-3.391216614296317857e+02,2.943516698324965120e+01,3.770900806523575000e+01,-4.351909654655141679e-01,-5.545228397906216742e+03,-6.185927922821258107e+03,1.802426637340053617e+01,-1.617891337757538039e+01,-1.037911222575597776e+02,1.747392253443099719e+02,5.664473863308426189e+02,-1.237112835753209765e+02,-1.981592141289483067e+01,-5.744095474642326593e+01,-5.078112668657812634e+01,-1.650653235073381495e+02,-7.914138267691279793e+01,-1.367282272122924880e+01,3.752403286832199569e+02,-3.094325773061482465e+01,-5.367022882496254965e+01,-2.272045176940804012e+01,3.294669222826013488e+00,1.629306024961703514e+01,-4.778273457074658381e+01,2.955318353445713910e+02,-3.751682399167179227e+01,7.474098975296109870e+01,-1.820499495836590711e+02,1.497340162956880327e+01,2.065880184768517722e+02,3.300828255101176723e+01,3.393159244704804678e+01,9.169678264968709414e+01,-2.770546422580691228e+02,1.116533238835281594e+01
1.100489375662100322e+01,1.504636519926829408e+01,9.734880123062541202e+01,1.772336375770715122e+01,-3.377024332523681949e+01,-3.200142046742016078e+01,-3.087942850898651059e+01,-2.823861968712020598e+01,-3.557727211602139761e+01,3.516447135881102248e-01,7.128031776298871591e+01,6.973054444725619305e+01,-8.030952546342625453e+01,-7.391218156778982973e+01,1.776204020955693252e+01,-1.025645800990507439e+02,-3.852514813327037047e-01,9.240725624063168553e+00,5.508833789986185892e+00,2.501380284266063470e+01,3.015899370931689472e+00,-1.401706592216994807e+02,-5.892884182570369944e+01,-5.140047880073788065e+02,3.849463419672795084e+01,5.180932278448447903e+01,9.448385576833253197e+00,-5.996118362766078036e+01,-1.817237503021009104e+02,-5.861705680188250653e+02,-3.821813312969443928e+02,7.568979105731722257e+01,-3.232279173849750009e+01,-1.729474423410513850e+01,9.796391824196547304e+01,-7.365881700590481387e+02,-1.189045248438646318e+01,3.277884928145112564e+00,1.148345439329361284e+02,4.787634114050086964e+01,7.777256295963867672e+01,7.493076255913211980e+01,1.582937929599927429e+01,-2.603872123679528272e+01,-1.963309648808870733e+01,-2.362640805579237124e+01,-1.758244894173138562e+01,6.265865018559023669e-01,-2.375474885879104647e+01,-7.655368003992669479e+00,-5.548792527133630692e+00,8.393267783185976327e+01,8.055300297066793291e+01,-1.305329201128057264e+02,-1.385952819581481776e+01,-3.391216614296317857e+02,2.943516698324965120e+01,3.770900806523575000e+01,-4.362302297442263721e-01,-5.545228397906216742e+03,-6.185927922821258107e+03,1.802385864891951783e+01,-1.617891337757538039e+01,-1.037960198212803249e+02,1.747392253443099719e+02,5.664473863308426189e+02,-1.237112835753209765e+02,-1.981592141289483067e+01,-5.744095474642326593e+01,-5.078112668657812634e+01,-1.650653235073381495e+02,-7.914082129693520073e+01,-1.367282272122924880e+01,3.752403286832199569e+02,-3.094325773061482465e+01,-5.367022882496254965e+01,-2.272045176940804012e+01,3.294669222826013488e+00,1.629306024961703514e+01,-4.778273457074658381e+01,2.955318353445713910e+02,-3.751655912552187289e+01,7.474098975296109870e+01,-1.820499495836590711e+02,1.497340162956880327e+01,2.065880184768517722e+02,3.298611078311063949e+01,3.393159244704804678e+01,9.169678264968709414e+01,-2.770528827018460447e+02,1.116533238835281594e+01
1.100489375662100322e+01,1.504636519926829408e+01,9.734890834400682991e+01,1.772336375770715122e+01,-3.376998217876109720e+01,-3.200142046742016078e+01,-3.087960768187155480e+01,-2.823861968712020598e+01,-3.557727211602139761e+01,3.516447135881102248e-01,7.128031776298871591e+01,6.972928544821225216e+01,-8.030952546342625453e+01,-7.391309781943613189e+01,1.776204020955693252e+01,-1.025645800990507439e+02,-3.881511666293331331e-01,9.240725624063168553e+00,5.508833789986185892e+00,2.501380284266063470e+01,3.015899370931689472e+00,-1.401705251745814564e+02,-5.892884182570369944e+01,-5.140047880073788065e+02,3.849463419672795084e+01,5.180932278448447903e+01,9.448385576833253197e+00,-5.996118362766078036e+01,-1.817237503021009104e+02,-5.861705680188250653e+02,-3.821813312969443928e+02,7.569140380942634749e+01,-3.232279173849750009e+01,-1.729474423410513850e+01,9.796423696947343274e+01,-7.365881700590481387e+02,-1.189045248438646318e+01,3.277884928145112564e+00,1.148345439329361284e+02,4.787634114050086964e+01,7.777256295963867672e+01,7.493076255913211980e+01,1.582937929599927429e+01,-2.603872123679528272e+01,-1.963301735895199940e+01,-2.362640805579237124e+01,-1.758244894173138562e+01,6.265865018559023669e-01,-2.375474885879104647e+01,-7.655368003992669479e+00,-5.548792527133630692e+00,8.393267783185976327e+01,8.055311136696907681e+01,-1.305329201128057264e+02,-1.385952819581481776e+01,-3.391221745234262244e+02,2.943516698324965120e+01,3.770900806523575000e+01,-4.362302297442263721e-01,-5.545228397906216742e+03,-6.185927462459636445e+03,1.802385864891951783e+01,-1.617891337757538039e+01,-1.037960198212803249e+02,1.747392253443099719e+02,5.664473863308426189e+02,-1.237112835753209765e+02,-1.981581642223475370e+01,-5.744095474642326593e+01,-5.078102834309810731e+01,-1.650653235073381495e+02,-7.914082129693520073e+01,-1.367282272122924880e+01,3.752403286832199569e+02,-3.094317019566593885e+01,-5.366962022285694189e+01,-2.272045176940804012e+01,3.294915672426410147e+00,1.629306024961703514e+01,-4.778273457074658381e+01,2.955318353445713910e+02,-3.751655912552187289e+01,7.474098975296109870e+01,-1.820503394188467894e+02,1.497340162956880327e+01,2.065880184768517722e+02,3.298611078311063949e+01,3.393159244704804678e+01,9.169678264968709414e+01,-2.770528827018460447e+02,1.116533238835281594e+01
1.100489375662100322e+01,1.504636519926829408e+01,9.734890834400682991e+01,1.772336375770715122e+01,-3.376998217876109720e+01,-3.200142046742016078e+01,-3.087960768187155480e+01,-2.823861968712020598e+01,-3.557645480817858186e+01,3.516447135881102248e-01,7.128031776298871591e+01,6.972928544821225216e+01,-8.030952546342625453e+01,-7.391309781943613189e+01,1.776204020955693252e+01,-1.025645800990507439e+02,-3.881511666293331331e-01,9.241035026599407232e+00,5.508833789986185892e+00,2.501380284266063470e+01,3.015899370931689472e+00,-1.401705251745814564e+02,-5.892884182570369944e+01,-5.140047880073788065e+02,3.849463419672795084e+01,5.180932278448447903e+01,9.447900863059112808e+00,-5.995991971600948034e+01,-1.817252343405208705e+02,-5.861705680188250653e+02,-3.821813312969443928e+02,7.569140380942634749e+01,-3.232279173849750009e+01,-1.729474423410513850e+01,9.796423696947343274e+01,-7.366543964900087076e+02,-1.189045248438646318e+01,3.277884928145112564e+00,1.148345439329361284e+02,4.787634114050086964e+01,7.777256295963867672e+01,7.493076255913211980e+01,1.582937929599927429e+01,-2.603872123679528272e+01,-1.963301735895199940e+01,-2.362640805579237124e+01,-1.758244894173138562e+01,6.265865018559023669e-01,-2.375474885879104647e+01,-7.655368003992669479e+00,-5.548792527133630692e+00,8.393267783185976327e+01,8.055311136696907681e+01,-1.305329201128057264e+02,-1.385879875558160812e+01,-3.391221745234262244e+02,2.943516698324965120e+01,3.770900806523575000e+01,-4.362302297442263721e-01,-5.545228397906216742e+03,-6.185927462459636445e+03,1.802385864891951783e+01,-1.617891337757538039e+01,-1.037960198212803249e+02,1.747392253443099719e+02,5.664473863308426189e+02,-1.237112835753209765e+02,-1.981581642223475370e+01,-5.744095474642326593e+01,-5.078102834309810731e+01,-1.650615977561793102e+02,-7.914082129693520073e+01,-1.367282272122924880e+01,3.752403286832199569e+02,-3.094317019566593885e+01,-5.366918811315193238e+01,-2.272045176940804012e+01,3.294915672426410147e+00,1.629306024961703514e+01,-4.778375330507067531e+01,2.955318353445713910e+02,-3.751655912552187289e+01,7.474098975296109870e+01,-1.820527746032092864e+02,1.497340162956880327e+01,2.065880184768517722e+02,3.298852679078638772e+01,3.393159244704804678e+01,9.169678264968709414e+01,-2.770528827018460447e+02,1.116533238835281594e+01
1.100489375662100322e+01,1.504679568224219999e+01,9.734890834400682991e+01,1.772336375770715122e+01,-3.376998217876109720e+01,-3.200142046742016078e+01,-3.087960768187155480e+01,-2.823861968712020598e+01,-3.557645480817858186e+01,3.516447135881102248e-01,7.128031776298871591e+01,6.973823900241910678e+01,-8.030952546342625453e+01,-7.391309781943613189e+01,1.776204020955693252e+01,-1.025645800990507439e+02,-3.881511666293331331e-01,9.241035026599407232e+00,5.507538101845717904e+00,2.501380284266063470e+01,3.015899370931689472e+00,-1.401705251745814564e+02,-5.892884182570369944e+01,-5.140047880073788065e+02,3.849463419672795084e+01,5.180932278448447903e+01,9.447900863059112808e+00,-5.995991971600948034e+01,-1.817252343405208705e+02,-5.861705680188250653e+02,-3.821813312969443928e+02,7.569140380942634749e+01,-3.232209629334597167e+01,-1.729474423410513850e+01,9.796266511728005355e+01,-7.366543964900087076e+02,-1.189013549412780968e+01,3.278296383829977678e+00,1.148345439329361284e+02,4.787668282280194632e+01,7.777256295963867672e+01,7.493076255913211980e+01,1.583090332856289351e+01,-2.603872123679528272e+01,-1.963301735895199940e+01,-2.362574016846219394e+01,-1.758244894173138562e+01,6.265865018559023669e-01,-2.375474885879104647e+01,-7.655368003992669479e+00,-5.548792527133630692e+00,8.393267783185976327e+01,8.055311136696907681e+01,-1.305329201128057264e+02,-1.385879875558160812e+01,-3.391221745234262244e+02,2.943516698324965120e+01,3.770900806523575000e+01,-4.362302297442263721e-01,-5.545228397906216742e+03,-6.185927462459636445e+03,1.802316814645114107e+01,-1.617891337757538039e+01,-1.037960198212803249e+02,1.747392253443099719e+02,5.664466598339911343e+02,-1.237112835753209765e+02,-1.981581642223475370e+01,-5.744095474642326593e+01,-5.078102834309810731e+01,-1.650615977561793102e+02,-7.914082129693520073e+01,-1.367282272122924880e+01,3.752403286832199569e+02,-3.094317019566593885e+01,-5.366918811315193238e+01,-2.272045176940804012e+01,3.294915672426410147e+00,1.629306024961703514e+01,-4.778375330507067531e+01,2.955318353445713910e+02,-3.751655912552187289e+01,7.474098975296109870e+01,-1.820527746032092864e+02,1.497340162956880327e+01,2.065880184768517722e+02,3.298852679078638772e+01,3.393159244704804678e+01,9.169678264968709414e+01,-2.770528827018460447e+02,1.116533238835281594e+01
1.100489375662100322e+01,1.504679568224219999e+01,9.734890834400682991e+01,1.772355784624900821e+01,-3.376998217876109720e+01,-3.200142046742016078e+01,-3.087960768187155480e+01,-2.823861968712020598e+01,-3.557645480817858186e+01,3.516447135881102248e-01,7.128031776298871591e+01,6.973823900241910678e+01,-8.030952546342625453e+01,-7.391309781943613189e+01,1.776204020955693252e+01,-1.025651219427821275e+02,-3.877294022938273521e-01,9.241035026599407232e+00,5.507538101845717904e+00,2.501400974295104263e+01,3.016124956004981872e+00,-1.401705251745814564e+02,-5.892884182570369944e+01,-5.140055666544533324e+02,3.849359135551870281e+01,5.180932278448447903e+01,9.447900863059112808e+00,-5.995991971600948034e+01,-1.817252343405208705e+02,-5.861705680188250653e+02,-3.821813312969443928e+02,7.569140380942634749e+01,-3.232209629334597167e+01,-1.729474423410513850e+01,9.796266511728005355e+01,-7.366543964900087076e+02,-1.189013549412780968e+01,3.278296383829977678e+00,1.148345439329361284e+02,4.787668282280194632e+01,7.777286918464470489e+01,7.493076255913211980e+01,1.583090332856289351e+01,-2.604072799479958178e+01,-1.963301735895199940e+01,-2.362574016846219394e+01,-1.758244894173138562e+01,6.265865018559023669e-01,-2.375474885879104647e+01,-7.655368003992669479e+00,-5.548792527133630692e+00,8.393267783185976327e+01,8.055311136696907681e+01,-1.305329201128057264e+02,-1.385879875558160812e+01,-3.391221745234262244e+02,2.943516698324965120e+01,3.770900806523575000e+01,-4.362302297442263721e-01,-5.545228397906216742e+03,-6.185927462459636445e+03,1.802316814645114107e+01,-1.617891337757538039e+01,-1.037960198212803249e+02,1.747392253443099719e+02,5.664466598339911343e+02,-1.237112835753209765e+02,-1.981581642223475370e+01,-5.744095474642326593e+01,-5.078102834309810731e+01,-1.650615977561793102e+02,-7.914082129693520073e+01,-1.367282272122924880e+01,3.752403286832199569e+02,-3.094317019566593885e+01,-5.366918811315193238e+01,-2.272045176940804012e+01,3.294915672426410147e+00,1.629306024961703514e+01,-4.778375330507067531e+01,2.955316882877462490e+02,-3.751713129508607381e+01,7.474098975296109870e+01,-1.820527746032092864e+02,1.497340162956880327e+01,2.065880184768517722e+02,3.298852679078638772e+01,3.393159244704804678e+01,9.169678264968709414e+01,-2.770528827018460447e+02,1.116552918496454616e+01
1.100489375662100322e+01,1.504679568224219999e+01,9.734890834400682991e+01,1.772355784624900821e+01,-3.377016817014595063e+01,-3.200251151283975304e+01,-3.087960768187155480e+01,-2.823861968712020598e+01,-3.557645480817858186e+01,3.516447135881102248e-01,7.128031776298871591e+01,6.973823900241910678e+01,-8.030952546342625453e+01,-7.391309781943613189e+01,1.776204020955693252e+01,-1.025651219427821275e+02,-3.877294022938273521e-01,9.241035026599407232e+00,5.507538101845717904e+00,2.501400974295104263e+01,3.016124956004981872e+00,-1.401705251745814564e+02,-5.892884182570369944e+01,-5.140055666544533324e+02,3.849359135551870281e+01,5.180955141232837491e+01,9.447900863059112808e+00,-5.995991971600948034e+01,-1.817252343405208705e+02,-5.861705680188250653e+02,-3.821812733106007727e+02,7.569140380942634749e+01,-3.232209629334597167e+01,-1.729474423410513850e+01,9.796266511728005355e+01,-7.366543964900087076e+02,-1.189013549412780968e+01,3.278296383829977678e+00,1.148345439329361284e+02,4.787668282280194632e+01,7.777286918464470489e+01,7.493076255913211980e+01,1.583090332856289351e+01,-2.604072799479958178e+01,-1.963301735895199940e+01,-2.362574016846219394e+01,-1.758244894173138562e+01,6.265865018559023669e-01,-2.375474885879104647e+01,-7.655368003992669479e+00,-5.548442496247142586e+00,8.393267783185976327e+01,8.055311136696907681e+01,-1.305329201128057264e+02,-1.385879875558160812e+01,-3.391221745234262244e+02,2.943516698324965120e+01,3.770864346833182879e+01,-4.362302297442263721e-01,-5.545228397906216742e+03,-6.185925016990540826e+03,1.802316814645114107e+01,-1.617891337757538039e+01,-1.037960198212803249e+02,1.747392253443099719e+02,5.664466598339911343e+02,-1.237112835753209765e+02,-1.981695096100315467e+01,-5.744095474642326593e+01,-5.078102834309810731e+01,-1.650615977561793102e+02,-7.914069243362868633e+01,-1.367282272122924880e+01,3.752403286832199569e+02,-3.094317019566593885e+01,-5.366918811315193238e+01,-2.272045176940804012e+01,3.296169985868745655e+00,1.629306024961703514e+01,-4.778375330507067531e+01,2.955316882877462490e+02,-3.751713129508607381e+01,7.474098975296109870e+01,-1.820527746032092864e+02,1.497350849719957466e+01,2.065882088490670014e+02,3.298852679078638772e+01,3.393159244704804678e+01,9.169678264968709414e+01,-2.770528827018460447e+02,1.116552918496454616e+01
1.100507809729008812e+01,1.504679568224219999e+01,9.734890834400682991e+01,1.772355784624900821e+01,-3.377016817014595063e+01,-3.200251151283975304e+01,-3.087960768187155480e+01,-2.823825478521884591e+01,-3.557645480817858186e+01,3.516447135881102248e-01,7.128031776298871591e+01,6.973823900241910678e+01,-8.030952546342625453e+01,-7.391281355444007772e+01,1.776204020955693252e+01,-1.025651219427821275e+02,-3.877294022938273521e-01,9.241035026599407232e+00,5.507538101845717904e+00,2.501400974295104263e+01,3.016124956004981872e+00,-1.401705251745814564e+02,-5.892884182570369944e+01,-5.140055666544533324e+02,3.849359135551870281e+01,5.180955141232837491e+01,9.447900863059112808e+00,-5.995991971600948034e+01,-1.817252343405208705e+02,-5.861705680188250653e+02,-3.821812733106007727e+02,7.569164270762473734e+01,-3.232209629334597167e+01,-1.729474423410513850e+01,9.796266511728005355e+01,-7.366543964900087076e+02,-1.189013549412780968e+01,3.278296383829977678e+00,1.148385327853288089e+02,4.787668282280194632e+01,7.777286918464470489e+01,7.493076255913211980e+01,1.583090332856289351e+01,-2.604072799479958178e+01,-1.963301735895199940e+01,-2.362574016846219394e+01,-1.758214314576481740e+01,6.265865018559023669e-01,-2.375474885879104647e+01,-7.655160041373538782e+00,-5.548442496247142586e+00,8.393267783185976327e+01,8.055311136696907681e+01,-1.305329201128057264e+02,-1.385879875558160812e+01,-3.391221745234262244e+02,2.943516698324965120e+01,3.770864346833182879e+01,-4.362302297442263721e-01,-5.545229346560205158e+03,-6.185925016990540826e+03,1.802316814645114107e+01,-1.617891337757538039e+01,-1.037956132050285731e+02,1.747392253443099719e+02,5.664466598339911343e+02,-1.237112835753209765e+02,-1.981695096100315467e+01,-5.744053753090057057e+01,-5.078102834309810731e+01,-1.650615977561793102e+02,-7.914069243362868633e+01,-1.367231531004773259e+01,3.752403286832199569e+02,-3.094317019566593885e+01,-5.366918811315193238e+01,-2.272045176940804012e+01,3.296169985868745655e+00,1.629306024961703514e+01,-4.778375330507067531e+01,2.955316882877462490e+02,-3.751713129508607381e+01,7.474098975296109870e+01,-1.820527746032092864e+02,1.497350849719957466e+01,2.065882088490670014e+02,3.298852679078638772e+01,3.393171344043771853e+01,9.169678264968709414e+01,-2.770528827018460447e+02,1.116552918496454616e+01
1.100507809729008812e+01,1.504679568224219999e+01,9.734932148016314102e+01,1.772355784624900821e+01,-3.377016817014595063e+01,-3.200251151283975304e+01,-3.087955452393206812e+01,-2.823825478521884591e+01,-3.557645480817858186e+01,3.516447135881102248e-01,7.128031776298871591e+01,6.973823900241910678e+01,-8.030952546342625453e+01,-7.391281355444007772e+01,1.776201635124435185e+01,-1.025651219427821275e+02,-3.877294022938273521e-01,9.241035026599407232e+00,5.507538101845717904e+00,2.501400974295104263e+01,3.016124956004981872e+00,-1.401705251745814564e+02,-5.892898238724245630e+01,-5.140055666544533324e+02,3.849359135551870281e+01,5.180955141232837491e+01,9.447900863059112808e+00,-5.995991971600948034e+01,-1.817252343405208705e+02,-5.861705680188250653e+02,-3.821812733106007727e+02,7.569164270762473734e+01,-3.232209629334597167e+01,-1.729480555770513561e+01,9.796266511728005355e+01,-7.366543964900087076e+02,-1.189013549412780968e+01,3.278296383829977678e+00,1.148385327853288089e+02,4.787668282280194632e+01,7.777286918464470489e+01,7.493089030105205950e+01,1.583090332856289351e+01,-2.604072799479958178e+01,-1.963297996751860097e+01,-2.362574016846219394e+01,-1.758214314576481740e+01,6.265865018559023669e-01,-2.375474885879104647e+01,-7.655160041373538782e+00,-5.548442496247142586e+00,8.393265784620405157e+01,8.055311136696907681e+01,-1.305328971959249600e+02,-1.385879875558160812e+01,-3.391221745234262244e+02,2.943516698324965120e+01,3.770864346833182879e+01,-4.362302297442263721e-01,-5.545229346560205158e+03,-6.185925016990540826e+03,1.802316814645114107e+01,-1.617891337757538039e+01,-1.037956132050285731e+02,1.747392253443099719e+02,5.664466598339911343e+02,-1.237112654294078027e+02,-1.981695096100315467e+01,-5.744053753090057057e+01,-5.078109567325886786e+01,-1.650615977561793102e+02,-7.914069243362868633e+01,-1.367231531004773259e+01,3.752403286832199569e+02,-3.094317019566593885e+01,-5.366918811315193238e+01,-2.272045176940804012e+01,3.296169985868745655e+00,1.629306024961703514e+01,-4.778375330507067531e+01,2.955316882877462490e+02,-3.751713129508607381e+01,7.474093505978203211e+01,-1.820527746032092864e+02,1.497350849719957466e+01,2.065882088490670014e+02,3.298852679078638772e+01,3.393171344043771853e+01,9.169678264968709414e+01,-2.770528827018460447e+02,1.116552918496454616e+01
1.100507809729008812e+01,1.504679568224219999e+01,9.734932148016314102e+01,1.772355784624900821e+01,-3.377016817014595063e+01,-3.200251151283975304e+01,-3.087955452393206812e+01,-2.823825478521884591e+01,-3.557645480817858186e+01,3.515180334002119267e-01,7.127989855978960065e+01,6.973823900241910678e+01,-8.031105682970165560e+01,-7.391281355444007772e+01,1.776201635124435185e+01,-1.025651219427821275e+02,-3.877294022938273521e-01,9.241035026599407232e+00,5.507538101845717904e+00,2.501400974295104263e+01,3.016124956004981872e+00,-1.401703390652696157e+02,-5.892898238724245630e+01,-5.140055666544533324e+02,3.849359135551870281e+01,5.180955141232837491e+01,9.447900863059112808e+00,-5.995991971600948034e+01,-1.817252343405208705e+02,-5.861599724007479608e+02,-3.821812733106007727e+02,7.569164270762473734e+01,-3.232209629334597167e+01,-1.729480555770513561e+01,9.796266511728005355e+01,-7.366543964900087076e+02,-1.189013549412780968e+01,3.278296383829977678e+00,1.148385327853288089e+02,4.787668282280194632e+01,7.777286918464470489e+01,7.493089030105205950e+01,1.583090332856289351e+01,-2.604072799479958178e+01,-1.963297996751860097e+01,-2.362574016846219394e+01,-1.758214314576481740e+01,6.267652940118922933e-01,-2.375452298093742698e+01,-7.655160041373538782e+00,-5.548442496247142586e+00,8.393265784620405157e+01,8.055290308334078020e+01,-1.305328971959249600e+02,-1.385879875558160812e+01,-3.391219270870056448e+02,2.943418044315723137e+01,3.770864346833182879e+01,-4.365996492721984090e-01,-5.545229346560205158e+03,-6.185925016990540826e+03,1.802316814645114107e+01,-1.618026585301100440e+01,-1.037956132050285731e+02,1.747393352099941239e+02,5.664466598339911343e+02,-1.237112654294078027e+02,-1.981695096100315467e+01,-5.744053753090057057e+01,-5.078109567325886786e+01,-1.650615977561793102e+02,-7.914069243362868633e+01,-1.367231531004773259e+01,3.752400717945525344e+02,-3.094297056201527241e+01,-5.366918811315193238e+01,-2.272529204662911084e+01,3.296169985868745655e+00,1.629335308366674084e+01,-4.778375330507067531e+01,2.955316882877462490e+02,-3.751713129508607381e+01,7.474093505978203211e+01,-1.820527746032092864e+02,1.497350849719957466e+01,2.065882088490670014e+02,3.298852679078638772e+01,3.393171344043771853e+01,9.169764616054570183e+01,-2.770513593132129131e+02,1.116552918496454616e+01
1.100507809729008812e+01,1.504679568224219999e+01,9.734932148016314102e+01,1.772355784624900821e+01,-3.377028644139153357e+01,-3.200251151283975304e+01,-3.087955452393206812e+01,-2.823825478521884591e+01,-3.557645480817858186e+01,3.515180334002119267e-01,7.127985850136640522e+01,6.973823461396983703e+01,-8.031105682970165560e+01,-7.391276590603192176e+01,1.776203209443347930e+01,-1.025651269858396972e+02,-3.877294022938273521e-01,9.241035026599407232e+00,5.507538101845717904e+00,2.501416116253441402e+01,3.016124956004981872e+00,-1.401703390652696157e+02,-5.892898238724245630e+01,-5.140055666544533324e+02,3.849359135551870281e+01,5.180955141232837491e+01,9.447900863059112808e+00,-5.995991971600948034e+01,-1.817252343405208705e+02,-5.861599724007479608e+02,-3.821812733106007727e+02,7.569164270762473734e+01,-3.232209629334597167e+01,-1.729480555770513561e+01,9.796266511728005355e+01,-7.366543964900087076e+02,-1.189013549412780968e+01,3.278296383829977678e+00,1.148385125656211727e+02,4.787668282280194632e+01,7.777286918464470489e+01,7.493089030105205950e+01,1.583090332856289351e+01,-2.604072799479958178e+01,-1.963297996751860097e+01,-2.362575902746790391e+01,-1.758214314576481740e+01,6.267652940118922933e-01,-2.375452298093742698e+01,-7.655160041373538782e+00,-5.548442496247142586e+00,8.393265784620405157e+01,8.055290308334078020e+01,-1.305328971959249600e+02,-1.385879875558160812e+01,-3.391219270870056448e+02,2.943418044315723137e+01,3.770864346833182879e+01,-4.366043918329255979e-01,-5.545229346560205158e+03,-6.185925016990540826e+03,1.802316814645114107e+01,-1.618026585301100440e+01,-1.037956132050285731e+02,1.747393352099941239e+02,5.664466598339911343e+02,-1.237112654294078027e+02,-1.981695096100315467e+01,-5.744053753090057057e+01,-5.078109567325886786e+01,-1.650615977561793102e+02,-7.914069243362868633e+01,-1.367231531004773259e+01,3.752400717945525344e+02,-3.094297056201527241e+01,-5.366915871892926759e+01,-2.272529204662911084e+01,3.296169985868745655e+00,1.629335308366674084e+01,-4.778375330507067531e+01,2.955316882877462490e+02,-3.751713129508607381e+01,7.474093505978203211e+01,-1.820527746032092864e+02,1.497350849719957466e+01,2.065882088490670014e+02,3.298852679078638772e+01,3.393171344043771853e+01,9.169764616054570183e+01,-2.770513251903797141e+02,1.116552918496454616e+01
1.100507809729008812e+01,1.504733756567996217e+01,9.734886135210828684e+01,1.772355784624900821e+01,-3.377028644139153357e+01,-3.200251151283975304e+01,-3.087955452393206812e+01,-2.823825478521884591e+01,-3.557645480817858186e+01,3.515180334002119267e-01,7.127985850136640522e+01,6.973823461396983703e+01,-8.031105682970165560e+01,-7.391276590603192176e+01,1.776203209443347930e+01,-1.025651269858396972e+02,-3.866787992346800151e-01,9.241624363866892011e+00,5.506478318630508184e+00,2.501416116253441402e+01,3.016124956004981872e+00,-1.401681914685632364e+02,-5.892898238724245630e+01,-5.140055666544533324e+02,3.849359135551870281e+01,5.180955141232837491e+01,9.447900863059112808e+00,-5.995991971600948034e+01,-1.817252343405208705e+02,-5.861599724007479608e+02,-3.821812733106007727e+02,7.569164270762473734e+01,-3.233476694737665014e+01,-1.729480555770513561e+01,9.796223614066695973e+01,-7.366543964900087076e+02,-1.189013549412780968e+01,3.278296383829977678e+00,1.148385125656211727e+02,4.787668282280194632e+01,7.777286918464470489e+01,7.493053263649484563e+01,1.583090332856289351e+01,-2.604072799479958178e+01,-1.963297996751860097e+01,-2.362575902746790391e+01,-1.758214314576481740e+01,6.248170206171430596e-01,-2.375452298093742698e+01,-7.655160041373538782e+00,-5.545648016135784175e+00,8.393265784620405157e+01,8.055290308334078020e+01,-1.305328971959249600e+02,-1.385879875558160812e+01,-3.391219270870056448e+02,2.943418044315723137e+01,3.770864346833182879e+01,-4.366043918329255979e-01,-5.545229346560205158e+03,-6.185925016990540826e+03,1.802316814645114107e+01,-1.618026585301100440e+01,-1.037956132050285731e+02,1.747393352099941239e+02,5.664466598339911343e+02,-1.237112654294078027e+02,-1.981695096100315467e+01,-5.744053753090057057e+01,-5.078109567325886786e+01,-1.650615977561793102e+02,-7.914069243362868633e+01,-1.367231531004773259e+01,3.752400717945525344e+02,-3.094297056201527241e+01,-5.366915871892926759e+01,-2.272529204662911084e+01,3.296169985868745655e+00,1.629335308366674084e+01,-4.778375330507067531e+01,2.955316882877462490e+02,-3.751713129508607381e+01,7.474093505978203211e+01,-1.820527746032092864e+02,1.497350849719957466e+01,2.065882088490670014e+02,3.291435886335783323e+01,3.393171344043771853e+01,9.169764616054570183e+01,-2.770513251903797141e+02,1.116552918496454616e+01
1.100560432642211595e+01,1.504733756567996217e+01,9.734886135210828684e+01,1.772355784624900821e+01,-3.377028644139153357e+01,-3.200251151283975304e+01,-3.087955452393206812e+01,-2.823825478521884591e+01,-3.557645480817858186e+01,3.515180334002119267e-01,7.127985850136640522e+01,6.973823461396983703e+01,-8.031105682970165560e+01,-7.391276590603192176e+01,1.776203209443347930e+01,-1.025651269858396972e+02,-3.866787992346800151e-01,9.241624363866892011e+00,5.506478318630508184e+00,2.501416116253441402e+01,3.016124956004981872e+00,-1.401681914685632364e+02,-5.892898238724245630e+01,-5.140042903890214347e+02,3.849359135551870281e+01,5.180955141232837491e+01,9.447900863059112808e+00,-5.995991971600948034e+01,-1.817255531919051634e+02,-5.861599724007479608e+02,-3.821812733106007727e+02,7.569373146498142546e+01,-3.233476694737665014e+01,-1.729480555770513561e+01,9.796223614066695973e+01,-7.366543964900087076e+02,-1.189013549412780968e+01,3.276675782791355296e+00,1.148385125656211727e+02,4.787668282280194632e+01,7.777286918464470489e+01,7.493053263649484563e+01,1.583090332856289351e+01,-2.604250968091183083e+01,-1.963297996751860097e+01,-2.362575902746790391e+01,-1.758214314576481740e+01,6.248170206171430596e-01,-2.375452298093742698e+01,-7.655160041373538782e+00,-5.545648016135784175e+00,8.393265784620405157e+01,8.055290308334078020e+01,-1.305323895986584830e+02,-1.385879875558160812e+01,-3.391219270870056448e+02,2.943418044315723137e+01,3.770826686626129032e+01,-4.366043918329255979e-01,-5.545229346560205158e+03,-6.185925016990540826e+03,1.802316814645114107e+01,-1.618026585301100440e+01,-1.037956132050285731e+02,1.747393352099941239e+02,5.664469542962157220e+02,-1.237112654294078027e+02,-1.981695096100315467e+01,-5.744053753090057057e+01,-5.078109567325886786e+01,-1.650615977561793102e+02,-7.914069243362868633e+01,-1.367231531004773259e+01,3.752400717945525344e+02,-3.094297056201527241e+01,-5.366915871892926759e+01,-2.272529204662911084e+01,3.296169985868745655e+00,1.629335308366674084e+01,-4.778085443622415340e+01,2.955316882877462490e+02,-3.751774371684535225e+01,7.474140834601720940e+01,-1.820527746032092864e+02,1.497350849719957466e+01,2.065882088490670014e+02,3.291435886335783323e+01,3.393171344043771853e+01,9.169764616054570183e+01,-2.770513251903797141e+02,1.116552918496454616e+01
1.100560432642211595e+01,1.504733756567996217e+01,9.734886135210828684e+01,1.772355784624900821e+01,-3.377028644139153357e+01,-3.200251151283975304e+01,-3.087955452393206812e+01,-2.823825478521884591e+01,-3.557645480817858186e+01,3.515180334002119267e-01,7.127985850136640522e+01,6.973823461396983703e+01,-8.031105682970165560e+01,-7.391276590603192176e+01,1.776203209443347930e+01,-1.025651269858396972e+02,-3.866787992346800151e-01,9.241624363866892011e+00,5.506478318630508184e+00,2.501416116253441402e+01,3.016124956004981872e+00,-1.401681914685632364e+02,-5.892944328091522976e+01,-5.140042903890214347e+02,3.849359135551870281e+01,5.180955141232837491e+01,9.447900863059112808e+00,-5.995797709393118424e+01,-1.817255531919051634e+02,-5.861594720681149511e+02,-3.821812733106007727e+02,7.569373146498142546e+01,-3.233476694737665014e+01,-1.729480555770513561e+01,9.796223614066695973e+01,-7.366543964900087076e+02,-1.189013549412780968e+01,3.276675782791355296e+00,1.148385125656211727e+02,4.787668282280194632e+01,7.777286918464470489e+01,7.493053263649484563e+01,1.583090332856289351e+01,-2.604250968091183083e+01,-1.963262172227559432e+01,-2.362575902746790391e+01,-1.758214314576481740e+01,6.248170206171430596e-01,-2.375452298093742698e+01,-7.655160041373538782e+00,-5.545648016135784175e+00,8.393265784620405157e+01,8.055304397516088954e+01,-1.305323895986584830e+02,-1.385879875558160812e+01,-3.391219270870056448e+02,2.943402984811697820e+01,3.770826686626129032e+01,-4.366043918329255979e-01,-5.545229346560205158e+03,-6.185968618452216106e+03,1.802316814645114107e+01,-1.618026585301100440e+01,-1.037956132050285731e+02,1.747393352099941239e+02,5.664469542962157220e+02,-1.237112654294078027e+02,-1.981695096100315467e+01,-5.744053753090057057e+01,-5.078109567325886786e+01,-1.650623846361390861e+02,-7.914069243362868633e+01,-1.367374111005475612e+01,3.752400717945525344e+02,-3.094297056201527241e+01,-5.366915871892926759e+01,-2.272529204662911084e+01,3.296169985868745655e+00,1.629335308366674084e+01,-4.778085443622415340e+01,2.955316882877462490e+02,-3.751774371684535225e+01,7.474140834601720940e+01,-1.820527746032092864e+02,1.497365904773270451e+01,2.065882088490670014e+02,3.291435886335783323e+01,3.393171344043771853e+01,9.169807086389680251e+01,-2.770513251903797141e+02,1.116473489480121550e+01
1.100560432642211595e+01,1.504733756567996217e+01,9.734886135210828684e+01,1.772355784624900821e+01,-3.377028644139153357e+01,-3.199992415762566367e+01,-3.087858362543304835e+01,-2.823825478521884591e+01,-3.557594368800735651e+01,3.515180334002119267e-01,7.127985850136640522e+01,6.973823461396983703e+01,-8.031105682970165560e+01,-7.391276590603192176e+01,1.776203209443347930e+01,-1.025651269858396972e+02,-3.866787992346800151e-01,9.241624363866892011e+00,5.506478318630508184e+00,2.501416116253441402e+01,3.016124956004981872e+00,-1.401681914685632364e+02,-5.892944328091522976e+01,-5.140042903890214347e+02,3.849307946958447957e+01,5.180955141232837491e+01,9.447900863059112808e+00,-5.995797709393118424e+01,-1.817255531919051634e+02,-5.861594720681149511e+02,-3.821812733106007727e+02,7.569373146498142546e+01,-3.233476694737665014e+01,-1.729480555770513561e+01,9.796223614066695973e+01,-7.366543964900087076e+02,-1.188871767858737982e+01,3.276675782791355296e+00,1.148385125656211727e+02,4.787619454585325229e+01,7.777286918464470489e+01,7.493053263649484563e+01,1.583182698100055674e+01,-2.604250968091183083e+01,-1.963262172227559432e+01,-2.362575902746790391e+01,-1.758214314576481740e+01,6.248170206171430596e-01,-2.375452298093742698e+01,-7.655160041373538782e+00,-5.545648016135784175e+00,8.393528162876003762e+01,8.055304397516088954e+01,-1.305323895986584830e+02,-1.385843788517094133e+01,-3.391219270870056448e+02,2.943402984811697820e+01,3.770826686626129032e+01,-4.366043918329255979e-01,-5.545229346560205158e+03,-6.185968618452216106e+03,1.802275909406399634e+01,-1.618026585301100440e+01,-1.037956132050285731e+02,1.747393352099941239e+02,5.664469542962157220e+02,-1.237112654294078027e+02,-1.981695096100315467e+01,-5.744139437056849573e+01,-5.078109567325886786e+01,-1.650623846361390861e+02,-7.914069243362868633e+01,-1.367374111005475612e+01,3.752400717945525344e+02,-3.094297056201527241e+01,-5.366915871892926759e+01,-2.272599395231179642e+01,3.296169985868745655e+00,1.629335308366674084e+01,-4.778085443622415340e+01,2.955316882877462490e+02,-3.751774371684535225e+01,7.474140834601720940e+01,-1.820527746032092864e+02,1.497365904773270451e+01,2.065882088490670014e+02,3.291435886335783323e+01,3.393171344043771853e+01,9.169807086389680251e+01,-2.770513251903797141e+02,1.116473489480121550e+01
1.100560432642211595e+01,1.504733756567996217e+01,9.734886135210828684e+01,1.772086419700426418e+01,-3.377028644139153357e+01,-3.199992415762566367e+01,-3.087858362543304835e+01,-2.823069440320264434e+01,-3.557594368800735651e+01,3.515180334002119267e-01,7.127985850136640522e+01,6.973823461396983703e+01,-8.031009759791206193e+01,-7.391276590603192176e+01,1.776203209443347930e+01,-1.025651269858396972e+02,-3.866787992346800151e-01,9.241624363866892011e+00,5.506478318630508184e+00,2.501416116253441402e+01,3.015472616347496082e+00,-1.401681914685632364e+02,-5.892944328091522976e+01,-5.140042903890214347e+02,3.849307946958447957e+01,5.180890519871990563e+01,9.447900863059112808e+00,-5.995797709393118424e+01,-1.817255531919051634e+02,-5.861594720681149511e+02,-3.821812733106007727e+02,7.569373146498142546e+01,-3.233476694737665014e+01,-1.729480555770513561e+01,9.796223614066695973e+01,-7.366554895735242781e+02,-1.188871767858737982e+01,3.276675782791355296e+00,1.148385125656211727e+02,4.787619454585325229e+01,7.777286918464470489e+01,7.493053263649484563e+01,1.583182698100055674e+01,-2.604250968091183083e+01,-1.963262172227559432e+01,-2.362575902746790391e+01,-1.758214314576481740e+01,6.248170206171430596e-01,-2.375452298093742698e+01,-7.655160041373538782e+00,-5.545648016135784175e+00,8.393528162876003762e+01,8.055304397516088954e+01,-1.305323895986584830e+02,-1.385843788517094133e+01,-3.391219270870056448e+02,2.943402984811697820e+01,3.770826686626129032e+01,-4.366043918329255979e-01,-5.545229928967257365e+03,-6.185968618452216106e+03,1.802275909406399634e+01,-1.618076442623033984e+01,-1.037956132050285731e+02,1.747397913996950933e+02,5.664469542962157220e+02,-1.237112654294078027e+02,-1.981695096100315467e+01,-5.744139437056849573e+01,-5.078109567325886786e+01,-1.650623846361390861e+02,-7.913940368111836676e+01,-1.367374111005475612e+01,3.752378895835926187e+02,-3.094297056201527241e+01,-5.366915871892926759e+01,-2.272599395231179642e+01,3.293615915468881550e+00,1.629335308366674084e+01,-4.778085443622415340e+01,2.955316882877462490e+02,-3.751774371684535225e+01,7.474140834601720940e+01,-1.820527746032092864e+02,1.497365904773270451e+01,2.065882088490670014e+02,3.291435886335783323e+01,3.393171344043771853e+01,9.169807086389680251e+01,-2.770513251903797141e+02,1.116473489480121550e+01
1.100560432642211595e+01,1.504733756567996217e+01,9.734886135210828684e+01,1.772086419700426418e+01,-3.377028644139153357e+01,-3.199992415762566367e+01,-3.087858362543304835e+01,-2.823069440320264434e+01,-3.557594368800735651e+01,3.519612214693252361e-01,7.127985850136640522e+01,6.973823461396983703e+01,-8.031009759791206193e+01,-7.391276590603192176e+01,1.776203209443347930e+01,-1.025651269858396972e+02,-3.866787992346800151e-01,9.241624363866892011e+00,5.506478318630508184e+00,2.501416116253441402e+01,3.015472616347496082e+00,-1.401681914685632364e+02,-5.892944328091522976e+01,-5.140042903890214347e+02,3.849307946958447957e+01,5.180890519871990563e+01,9.447495778936085387e+00,-5.995797709393118424e+01,-1.817255531919051634e+02,-5.861594720681149511e+02,-3.821801536210696781e+02,7.569373146498142546e+01,-3.233476694737665014e+01,-1.729510529674848129e+01,9.796223614066695973e+01,-7.366554895735242781e+02,-1.188871767858737982e+01,3.276675782791355296e+00,1.148385125656211727e+02,4.787619454585325229e+01,7.777392584212243776e+01,7.493053263649484563e+01,1.583182698100055674e+01,-2.604250968091183083e+01,-1.963262172227559432e+01,-2.362575902746790391e+01,-1.758170744622653459e+01,6.248170206171430596e-01,-2.375481699275644232e+01,-7.654335613010625927e+00,-5.545648016135784175e+00,8.393528162876003762e+01,8.055304397516088954e+01,-1.305323895986584830e+02,-1.385843788517094133e+01,-3.391228121054553526e+02,2.943402984811697820e+01,3.770826686626129032e+01,-4.366043918329255979e-01,-5.545229928967257365e+03,-6.185968618452216106e+03,1.802275909406399634e+01,-1.618076442623033984e+01,-1.037952741462909643e+02,1.747397913996950933e+02,5.664469542962157220e+02,-1.237107717204969077e+02,-1.981785409366685613e+01,-5.744139437056849573e+01,-5.077973555127640282e+01,-1.650623846361390861e+02,-7.913940368111836676e+01,-1.367374111005475612e+01,3.752378895835926187e+02,-3.094256524053428592e+01,-5.366915871892926759e+01,-2.272599395231179642e+01,3.293615915468881550e+00,1.629373249352322617e+01,-4.778085443622415340e+01,2.955346349585385610e+02,-3.751774371684535225e+01,7.474140834601720940e+01,-1.820530088420863422e+02,1.497365904773270451e+01,2.065916202277307150e+02,3.291435886335783323e+01,3.393151595609807458e+01,9.169807086389680251e+01,-2.770513251903797141e+02,1.116473489480121550e+01
1.100560432642211595e+01,1.504733756567996217e+01,9.734886135210828684e+01,1.772086419700426418e+01,-3.377028644139153357e+01,-3.199992415762566367e+01,-3.087858362543304835e+01,-2.823047561349214263e+01,-3.557594368800735651e+01,3.519612214693252361e-01,7.127985850136640522e+01,6.973823461396983703e+01,-8.031009759791206193e+01,-7.391276590603192176e+01,1.776203209443347930e+01,-1.025651269858396972e+02,-3.868593366590331595e-01,9.241624363866892011e+00,5.506412800326312862e+00,2.501416116253441402e+01,3.015472616347496082e+00,-1.401681914685632364e+02,-5.892944328091522976e+01,-5.140042903890214347e+02,3.849307946958447957e+01,5.180890519871990563e+01,9.447461299782341726e+00,-5.995803976986367445e+01,-1.817255531919051634e+02,-5.861594720681149511e+02,-3.821801536210696781e+02,7.569376180212417182e+01,-3.233476694737665014e+01,-1.729510529674848129e+01,9.796223614066695973e+01,-7.366554895735242781e+02,-1.188871767858737982e+01,3.276727778550424297e+00,1.148378828461290055e+02,4.787931115979630903e+01,7.777392584212243776e+01,7.493053263649484563e+01,1.583182698100055674e+01,-2.604250968091183083e+01,-1.963262172227559432e+01,-2.362575902746790391e+01,-1.758170744622653459e+01,6.248170206171430596e-01,-2.375481699275644232e+01,-7.654335613010625927e+00,-5.545648016135784175e+00,8.393528162876003762e+01,8.055319038618291927e+01,-1.305323895986584830e+02,-1.385681461042249119e+01,-3.391228121054553526e+02,2.943402984811697820e+01,3.770826686626129032e+01,-4.366043918329255979e-01,-5.545229928967257365e+03,-6.185968293090598308e+03,1.802275909406399634e+01,-1.618076442623033984e+01,-1.037952741462909643e+02,1.747397913996950933e+02,5.664469542962157220e+02,-1.237107717204969077e+02,-1.981785409366685613e+01,-5.744139437056849573e+01,-5.077973555127640282e+01,-1.650623846361390861e+02,-7.913940368111836676e+01,-1.367374111005475612e+01,3.752378895835926187e+02,-3.094256524053428592e+01,-5.366915871892926759e+01,-2.272599395231179642e+01,3.293615915468881550e+00,1.629373249352322617e+01,-4.778085443622415340e+01,2.955346349585385610e+02,-3.751774371684535225e+01,7.474140834601720940e+01,-1.820530088420863422e+02,1.497365904773270451e+01,2.065916202277307150e+02,3.291435886335783323e+01,3.393151595609807458e+01,9.169807086389680251e+01,-2.770513251903797141e+02,1.116473489480121550e+01
1.100560432642211595e+01,1.504733756567996217e+01,9.734886135210828684e+01,1.772086419700426418e+01,-3.377026954480355414e+01,-3.199991327581203038e+01,-3.087858362543304835e+01,-2.823047561349214263e+01,-3.557594368800735651e+01,3.519612214693252361e-01,7.127985850136640522e+01,6.973823461396983703e+01,-8.031009759791206193e+01,-7.391276590603192176e+01,1.776203209443347930e+01,-1.025651269858396972e+02,-3.868593366590331595e-01,9.241624363866892011e+00,5.506412800326312862e+00,2.501416116253441402e+01,3.015472616347496082e+00,-1.401681914685632364e+02,-5.892944328091522976e+01,-5.140042903890214347e+02,3.849307946958447957e+01,5.180890918445248872e+01,9.447461299782341726e+00,-5.995803976986367445e+01,-1.817255531919051634e+02,-5.861594720681149511e+02,-3.821801536210696781e+02,7.569376180212417182e+01,-3.233476694737665014e+01,-1.729510529674848129e+01,9.796223614066695973e+01,-7.366554662693810087e+02,-1.188869960605992482e+01,3.276727778550424297e+00,1.148378828461290055e+02,4.787931115979630903e+01,7.777392584212243776e+01,7.493059581859247942e+01,1.583182698100055674e+01,-2.604250968091183083e+01,-1.963262172227559432e+01,-2.362575902746790391e+01,-1.758170744622653459e+01,6.248170206171430596e-01,-2.375481699275644232e+01,-7.654335613010625927e+00,-5.545648016135784175e+00,8.393528162876003762e+01,8.055319038618291927e+01,-1.305323895986584830e+02,-1.385681461042249119e+01,-3.391228030099324542e+02,2.943402984811697820e+01,3.770826686626129032e+01,-4.366043918329255979e-01,-5.545229928967257365e+03,-6.185968293090598308e+03,1.802275909406399634e+01,-1.618076442623033984e+01,-1.037952741462909643e+02,1.747397863660048358e+02,5.664469542962157220e+02,-1.237107717204969077e+02,-1.981785409366685613e+01,-5.744139437056849573e+01,-5.077973555127640282e+01,-1.650623846361390861e+02,-7.913940368111836676e+01,-1.367374111005475612e+01,3.752378895835926187e+02,-3.094256524053428592e+01,-5.366915871892926759e+01,-2.272599075558768078e+01,3.293615915468881550e+00,1.629373249352322617e+01,-4.778086106910676989e+01,2.955346349585385610e+02,-3.751774371684535225e+01,7.474140834601720940e+01,-1.820530116458500061e+02,1.497365904773270451e+01,2.065916202277307150e+02,3.291435886335783323e+01,3.393151595609807458e+01,9.169807086389680251e+01,-2.770513328111007354e+02,1.116473489480121550e+01
1.100552306839576033e+01,1.504733756567996217e+01,9.734886135210828684e+01,1.772086419700426418e+01,-3.377026954480355414e+01,-3.199991327581203038e+01,-3.087858362543304835e+01,-2.823047561349214263e+01,-3.557594368800735651e+01,3.519612214693252361e-01,7.127985850136640522e+01,6.973818716898158243e+01,-8.031009759791206193e+01,-7.391276590603192176e+01,1.776214365441908072e+01,-1.025649508866879529e+02,-3.868593366590331595e-01,9.241624363866892011e+00,5.506412800326312862e+00,2.501416116253441402e+01,3.015425707668029531e+00,-1.401681914685632364e+02,-5.892947054754346681e+01,-5.140042903890214347e+02,3.849307946958447957e+01,5.180890918445248872e+01,9.447461299782341726e+00,-5.995803976986367445e+01,-1.817255531919051634e+02,-5.861594720681149511e+02,-3.821801021243396121e+02,7.569376180212417182e+01,-3.233476694737665014e+01,-1.729510529674848129e+01,9.796226171285832152e+01,-7.366554662693810087e+02,-1.188869960605992482e+01,3.276727778550424297e+00,1.148378828461290055e+02,4.787931115979630903e+01,7.777544062881003128e+01,7.493059581859247942e+01,1.583182698100055674e+01,-2.604250968091183083e+01,-1.963266824330798954e+01,-2.362575902746790391e+01,-1.758170744622653459e+01,6.248170206171430596e-01,-2.375481699275644232e+01,-7.654335613010625927e+00,-5.545648016135784175e+00,8.393528162876003762e+01,8.055319038618291927e+01,-1.305323895986584830e+02,-1.385681461042249119e+01,-3.391228030099324542e+02,2.943402984811697820e+01,3.770826686626129032e+01,-4.366043918329255979e-01,-5.545229928967257365e+03,-6.185968293090598308e+03,1.802275909406399634e+01,-1.618076442623033984e+01,-1.037952741462909643e+02,1.747397863660048358e+02,5.664469542962157220e+02,-1.237107717204969077e+02,-1.981782605468835001e+01,-5.744139437056849573e+01,-5.077973555127640282e+01,-1.650623846361390861e+02,-7.913940368111836676e+01,-1.367374111005475612e+01,3.752378895835926187e+02,-3.094256524053428592e+01,-5.366915871892926759e+01,-2.272599075558768078e+01,3.293615915468881550e+00,1.629373249352322617e+01,-4.778086106910676989e+01,2.955346349585385610e+02,-3.751774371684535225e+01,7.474156254464401172e+01,-1.820530116458500061e+02,1.497365904773270451e+01,2.065916202277307150e+02,3.291435886335783323e+01,3.393151595609807458e+01,9.169807086389680251e+01,-2.770513328111007354e+02,1.116473489480121550e+01
1.100552306839576033e+01,1.504733756567996217e+01,9.734886135210828684e+01,1.772086419700426418e+01,-3.377026954480355414e+01,-3.199991327581203038e+01,-3.087858362543304835e+01,-2.823047561349214263e+01,-3.557594368800735651e+01,3.519612214693252361e-01,7.127985850136640522e+01,6.973818716898158243e+01,-8.031009759791206193e+01,-7.391276590603192176e+01,1.776214365441908072e+01,-1.025649508866879529e+02,-3.868593366590331595e-01,9.241624363866892011e+00,5.506412800326312862e+00,2.501416116253441402e+01,3.015425707668029531e+00,-1.401713684302808929e+02,-5.892947054754346681e+01,-5.140042903890214347e+02,3.849307946958447957e+01,5.180890918445248872e+01,9.447461299782341726e+00,-5.995803976986367445e+01,-1.817255531919051634e+02,-5.861594720681149511e+02,-3.821801021243396121e+02,7.569376180212417182e+01,-3.233476694737665014e+01,-1.729510529674848129e+01,9.796226171285832152e+01,-7.366554662693810087e+02,-1.188869960605992482e+01,3.276727778550424297e+00,1.148378828461290055e+02,4.787931115979630903e+01,7.777544062881003128e+01,7.493059581859247942e+01,1.583182698100055674e+01,-2.604277382688052356e+01,-1.963266824330798954e+01,-2.362575902746790391e+01,-1.758170744622653459e+01,6.249287028364388652e-01,-2.375481699275644232e+01,-7.654335613010625927e+00,-5.543226485318180075e+00,8.393594566041630856e+01,8.055319038618291927e+01,-1.305323895986584830e+02,-1.385681461042249119e+01,-3.391228030099324542e+02,2.943402984811697820e+01,3.770826686626129032e+01,-4.366043918329255979e-01,-5.545230290672757292e+03,-6.185968293090598308e+03,1.802275909406399634e+01,-1.617819129451718041e+01,-1.037952741462909643e+02,1.747397863660048358e+02,5.664471761994578856e+02,-1.237107717204969077e+02,-1.981782605468835001e+01,-5.744045104020577241e+01,-5.077973555127640282e+01,-1.650623846361390861e+02,-7.913915506649621534e+01,-1.367374111005475612e+01,3.752378895835926187e+02,-3.094256524053428592e+01,-5.366915871892926759e+01,-2.272599075558768078e+01,3.293615915468881550e+00,1.629413118517555148e+01,-4.778086106910676989e+01,2.955346349585385610e+02,-3.751774371684535225e+01,7.474156254464401172e+01,-1.820530116458500061e+02,1.497365904773270451e+01,2.065916202277307150e+02,3.291369055909331820e+01,3.393151595609807458e+01,9.169807086389680251e+01,-2.770513328111007354e+02,1.116473489480121550e+01
1.100552306839576033e+01,1.504606086369627782e+01,9.735013481740318753e+01,1.772086419700426418e+01,-3.377026954480355414e+01,-3.199991327581203038e+01,-3.087858362543304835e+01,-2.823047561349214263e+01,-3.557594368800735651e+01,3.519612214693252361e-01,7.127985850136640522e+01,6.973818716898158243e+01,-8.031009759791206193e+01,-7.391276590603192176e+01,1.776214365441908072e+01,-1.025649508866879529e+02,-3.868593366590331595e-01,9.239932412972027720e+00,5.506412800326312862e+00,2.501416116253441402e+01,3.015425707668029531e+00,-1.401713684302808929e+02,-5.892947054754346681e+01,-5.140042903890214347e+02,3.849307946958447957e+01,5.180890918445248872e+01,9.447461299782341726e+00,-5.995803976986367445e+01,-1.817255531919051634e+02,-5.861594720681149511e+02,-3.821801021243396121e+02,7.569376180212417182e+01,-3.232611200781098404e+01,-1.729468488777616031e+01,9.796226171285832152e+01,-7.366554662693810087e+02,-1.188869960605992482e+01,3.276727778550424297e+00,1.148378828461290055e+02,4.787931115979630903e+01,7.777544062881003128e+01,7.493059581859247942e+01,1.583182698100055674e+01,-2.604277382688052356e+01,-1.963266824330798954e+01,-2.362575902746790391e+01,-1.758170744622653459e+01,6.249287028364388652e-01,-2.375481699275644232e+01,-7.654335613010625927e+00,-5.543226485318180075e+00,8.393594566041630856e+01,8.055319038618291927e+01,-1.305332182818718536e+02,-1.385681461042249119e+01,-3.391228030099324542e+02,2.943402984811697820e+01,3.770826686626129032e+01,-4.366043918329255979e-01,-5.545230290672757292e+03,-6.185968293090598308e+03,1.802199948682397945e+01,-1.617819129451718041e+01,-1.037958859175509616e+02,1.747397863660048358e+02,5.664471761994578856e+02,-1.237107717204969077e+02,-1.981782605468835001e+01,-5.744045104020577241e+01,-5.077973555127640282e+01,-1.650626612396211783e+02,-7.913915506649621534e+01,-1.366792688539277911e+01,3.752378895835926187e+02,-3.094256524053428592e+01,-5.366915871892926759e+01,-2.272599075558768078e+01,3.293615915468881550e+00,1.629413118517555148e+01,-4.778086106910676989e+01,2.955342835910132067e+02,-3.751774371684535225e+01,7.474156254464401172e+01,-1.820530116458500061e+02,1.497365904773270451e+01,2.065916202277307150e+02,3.291369055909331820e+01,3.393151595609807458e+01,9.169898110302821692e+01,-2.770513328111007354e+02,1.116473489480121550e+01
1.100552306839576033e+01,1.504606086369627782e+01,9.735013481740318753e+01,1.772052937719708510e+01,-3.377026954480355414e+01,-3.199991327581203038e+01,-3.087858362543304835e+01,-2.823047561349214263e+01,-3.557561822037022381e+01,3.519612214693252361e-01,7.127985850136640522e+01,6.973818716898158243e+01,-8.031069148715552330e+01,-7.391143104179091949e+01,1.776214365441908072e+01,-1.025649508866879529e+02,-3.868593366590331595e-01,9.239932412972027720e+00,5.506412800326312862e+00,2.501512560087907033e+01,3.015425707668029531e+00,-1.401713684302808929e+02,-5.892947054754346681e+01,-5.140042903890214347e+02,3.849325397315505626e+01,5.180890918445248872e+01,9.447461299782341726e+00,-5.995803976986367445e+01,-1.817251811384016662e+02,-5.861594720681149511e+02,-3.821801021243396121e+02,7.569376180212417182e+01,-3.232611200781098404e+01,-1.729468488777616031e+01,9.796226171285832152e+01,-7.366554662693810087e+02,-1.188869960605992482e+01,3.276727778550424297e+00,1.148378828461290055e+02,4.787931115979630903e+01,7.777544062881003128e+01,7.493059581859247942e+01,1.583182698100055674e+01,-2.604277382688052356e+01,-1.963266824330798954e+01,-2.362575902746790391e+01,-1.758142820269114281e+01,6.249287028364388652e-01,-2.375481699275644232e+01,-7.654603586510251745e+00,-5.543226485318180075e+00,8.393594566041630856e+01,8.055319038618291927e+01,-1.305332182818718536e+02,-1.385681461042249119e+01,-3.391228030099324542e+02,2.943402984811697820e+01,3.770812056770718357e+01,-4.366043918329255979e-01,-5.545230290672757292e+03,-6.185968293090598308e+03,1.802199948682397945e+01,-1.617819129451718041e+01,-1.037958859175509616e+02,1.747397863660048358e+02,5.664471761994578856e+02,-1.237107717204969077e+02,-1.981782605468835001e+01,-5.744045104020577241e+01,-5.077973555127640282e+01,-1.650626612396211783e+02,-7.913915506649621534e+01,-1.366792688539277911e+01,3.752378895835926187e+02,-3.094278445718407156e+01,-5.366915871892926759e+01,-2.272599075558768078e+01,3.293615915468881550e+00,1.629413118517555148e+01,-4.778086106910676989e+01,2.955342835910132067e+02,-3.751774371684535225e+01,7.474156254464401172e+01,-1.820530116458500061e+02,1.497365904773270451e+01,2.065916202277307150e+02,3.291369055909331820e+01,3.392971657687099452e+01,9.169898110302821692e+01,-2.770513328111007354e+02,1.116473489480121550e+01
1.100552306839576033e+01,1.504606086369627782e+01,9.735013481740318753e+01,1.772052937719708510e+01,-3.377026954480355414e+01,-3.199991327581203038e+01,-3.087867460119187513e+01,-2.823047561349214263e+01,-3.557561822037022381e+01,3.516441297875432248e-01,7.127989018125487064e+01,6.973818716898158243e+01,-8.031069148715552330e+01,-7.391143104179091949e+01,1.776214365441908072e+01,-1.025649508866879529e+02,-3.868593366590331595e-01,9.239932412972027720e+00,5.506412800326312862e+00,2.501512560087907033e+01,3.015425707668029531e+00,-1.401713684302808929e+02,-5.892947054754346681e+01,-5.140026123482485900e+02,3.849325397315505626e+01,5.180890918445248872e+01,9.447461299782341726e+00,-5.995803976986367445e+01,-1.817251811384016662e+02,-5.861593721798859633e+02,-3.821801021243396121e+02,7.569376180212417182e+01,-3.232611200781098404e+01,-1.729468488777616031e+01,9.796226171285832152e+01,-7.366554662693810087e+02,-1.188869960605992482e+01,3.276727778550424297e+00,1.148378828461290055e+02,4.787931115979630903e+01,7.777544062881003128e+01,7.493059581859247942e+01,1.583177148867051010e+01,-2.604277382688052356e+01,-1.963266824330798954e+01,-2.362594016900696303e+01,-1.758142820269114281e+01,6.249287028364388652e-01,-2.375495478540501537e+01,-7.654603586510251745e+00,-5.543226485318180075e+00,8.393594566041630856e+01,8.055319038618291927e+01,-1.305332182818718536e+02,-1.385681461042249119e+01,-3.391228030099324542e+02,2.943395385883541948e+01,3.770812056770718357e+01,-4.365522659839134456e-01,-5.545230290672757292e+03,-6.185968293090598308e+03,1.802199948682397945e+01,-1.617819129451718041e+01,-1.037958859175509616e+02,1.747397863660048358e+02,5.664471761994578856e+02,-1.237107229703517675e+02,-1.981782605468835001e+01,-5.744045104020577241e+01,-5.077962997253492716e+01,-1.650626612396211783e+02,-7.913915506649621534e+01,-1.366792688539277911e+01,3.752379670424238043e+02,-3.094278445718407156e+01,-5.366982943653203364e+01,-2.272599075558768078e+01,3.293661087625152639e+00,1.629413118517555148e+01,-4.778086106910676989e+01,2.955342835910132067e+02,-3.751777927227571752e+01,7.474156254464401172e+01,-1.820530116458500061e+02,1.497316685324070207e+01,2.065919526093204297e+02,3.291369055909331820e+01,3.392971657687099452e+01,9.169898110302821692e+01,-2.770513328111007354e+02,1.116489859785672500e+01
1.100552306839576033e+01,1.504610578018644418e+01,9.735013481740318753e+01,1.772052937719708510e+01,-3.377026954480355414e+01,-3.199991327581203038e+01,-3.088413242596607944e+01,-2.823051465086835421e+01,-3.557561822037022381e+01,3.516441297875432248e-01,7.127989018125487064e+01,6.973818716898158243e+01,-8.031065934063623502e+01,-7.391143104179091949e+01,1.776214365441908072e+01,-1.025649508866879529e+02,-3.868593366590331595e-01,9.239932412972027720e+00,5.506412800326312862e+00,2.501509184856292478e+01,3.015425707668029531e+00,-1.401713684302808929e+02,-5.892947054754346681e+01,-5.140026123482485900e+02,3.849325397315505626e+01,5.180890918445248872e+01,9.447461299782341726e+00,-5.995803976986367445e+01,-1.817251811384016662e+02,-5.861593721798859633e+02,-3.821801021243396121e+02,7.569376180212417182e+01,-3.232611200781098404e+01,-1.729476991449835666e+01,9.796226171285832152e+01,-7.366554662693810087e+02,-1.188869960605992482e+01,3.276727778550424297e+00,1.148378828461290055e+02,4.787931115979630903e+01,7.777544062881003128e+01,7.493059581859247942e+01,1.583177148867051010e+01,-2.604277382688052356e+01,-1.963266824330798954e+01,-2.362594016900696303e+01,-1.758142820269114281e+01,6.249287028364388652e-01,-2.375500230740528096e+01,-7.654603586510251745e+00,-5.543226485318180075e+00,8.393594566041630856e+01,8.055319038618291927e+01,-1.305332182818718536e+02,-1.385681461042249119e+01,-3.391228030099324542e+02,2.943395385883541948e+01,3.770823070067621785e+01,-4.365522659839134456e-01,-5.545230290672757292e+03,-6.185968367171055434e+03,1.802199948682397945e+01,-1.617819129451718041e+01,-1.037958859175509616e+02,1.747397863660048358e+02,5.664471761994578856e+02,-1.237107229703517675e+02,-1.981782605468835001e+01,-5.744045104020577241e+01,-5.077962997253492716e+01,-1.650626612396211783e+02,-7.913915506649621534e+01,-1.366763150155179218e+01,3.752379670424238043e+02,-3.094242042985953844e+01,-5.366982943653203364e+01,-2.272599075558768078e+01,3.293661087625152639e+00,1.629413118517555148e+01,-4.778086106910676989e+01,2.955342835910132067e+02,-3.751777927227571752e+01,7.474156254464401172e+01,-1.820529559796305819e+02,1.497316685324070207e+01,2.065919526093204297e+02,3.291369055909331820e+01,3.392971657687099452e+01,9.169898110302821692e+01,-2.770513328111007354e+02,1.116489859785672500e+01
1.100552306839576033e+01,1.504610578018644418e+01,9.735013481740318753e+01,1.772052937719708510e+01,-3.377026954480355414e+01,-3.199991327581203038e+01,-3.088413242596607944e+01,-2.823051465086835421e+01,-3.557561822037022381e+01,3.516441297875432248e-01,7.127967702573722875e+01,6.973818716898158243e+01,-8.031065934063623502e+01,-7.391143104179091949e+01,1.776214365441908072e+01,-1.025649508866879529e+02,-3.868593366590331595e-01,9.239932412972027720e+00,5.506412800326312862e+00,2.501509184856292478e+01,3.015425707668029531e+00,-1.401713684302808929e+02,-5.892821863696083540e+01,-5.140023474262045511e+02,3.849325397315505626e+01,5.180890918445248872e+01,9.447461299782341726e+00,-5.995803976986367445e+01,-1.817251811384016662e+02,-5.861593721798859633e+02,-3.821801021243396121e+02,7.569320352422590759e+01,-3.232611200781098404e+01,-1.729476991449835666e+01,9.796213218778270004e+01,-7.366585439926514027e+02,-1.188869960605992482e+01,3.276727778550424297e+00,1.148378828461290055e+02,4.787931115979630903e+01,7.777544062881003128e+01,7.493080410176652606e+01,1.583177148867051010e+01,-2.604252114892465286e+01,-1.963266824330798954e+01,-2.362594016900696303e+01,-1.758142820269114281e+01,6.246318550935026082e-01,-2.375500230740528096e+01,-7.654603586510251745e+00,-5.543226485318180075e+00,8.393594566041630856e+01,8.055319038618291927e+01,-1.305332182818718536e+02,-1.385681461042249119e+01,-3.391228030099324542e+02,2.943395385883541948e+01,3.770823070067621785e+01,-4.365522659839134456e-01,-5.545230290672757292e+03,-6.185968367171055434e+03,1.802199948682397945e+01,-1.617819129451718041e+01,-1.037958859175509616e+02,1.747397863660048358e+02,5.664471761994578856e+02,-1.237107229703517675e+02,-1.981782605468835001e+01,-5.744045104020577241e+01,-5.077948945718539164e+01,-1.650626612396211783e+02,-7.913915506649621534e+01,-1.366763150155179218e+01,3.752379670424238043e+02,-3.094242042985953844e+01,-5.366982943653203364e+01,-2.272599075558768078e+01,3.293661087625152639e+00,1.629413118517555148e+01,-4.778086106910676989e+01,2.955342835910132067e+02,-3.751777927227571752e+01,7.474156254464401172e+01,-1.820529559796305819e+02,1.497316685324070207e+01,2.065919526093204297e+02,3.291369055909331820e+01,3.392971657687099452e+01,9.169919528163460143e+01,-2.770520947051409166e+02,1.116489859785672500e+01
1.100552306839576033e+01,1.504610578018644418e+01,9.735012238670664431e+01,1.772052937719708510e+01,-3.377026954480355414e+01,-3.199991327581203038e+01,-3.088413242596607944e+01,-2.823051465086835421e+01,-3.557561822037022381e+01,3.516441297875432248e-01,7.127967702573722875e+01,6.973818716898158243e+01,-8.031065934063623502e+01,-7.391143104179091949e+01,1.776214365441908072e+01,-1.025649508866879529e+02,-3.868593366590331595e-01,9.239932412972027720e+00,5.506412800326312862e+00,2.501509184856292478e+01,3.015425707668029531e+00,-1.401713684302808929e+02,-5.892821863696083540e+01,-5.140023474262045511e+02,3.849325397315505626e+01,5.180890918445248872e+01,9.447461299782341726e+00,-5.995804921673357057e+01,-1.817251811384016662e+02,-5.861593721798859633e+02,-3.821801021243396121e+02,7.569320352422590759e+01,-3.232611200781098404e+01,-1.729476991449835666e+01,9.796213218778270004e+01,-7.366585439926514027e+02,-1.188869960605992482e+01,3.276645088831641850e+00,1.148378828461290055e+02,4.787931115979630903e+01,7.777544062881003128e+01,7.493080410176652606e+01,1.583177148867051010e+01,-2.604252114892465286e+01,-1.963266824330798954e+01,-2.362594016900696303e+01,-1.758144259872024762e+01,6.246318550935026082e-01,-2.375500230740528096e+01,-7.654603586510251745e+00,-5.543221189986998532e+00,8.393594566041630856e+01,8.055319038618291927e+01,-1.305332182818718536e+02,-1.385681461042249119e+01,-3.391228030099324542e+02,2.943592708153301274e+01,3.770823070067621785e+01,-4.365522659839134456e-01,-5.545230290672757292e+03,-6.185968367171055434e+03,1.802199556958299809e+01,-1.617819129451718041e+01,-1.037959028846342022e+02,1.747397863660048358e+02,5.664469010161465121e+02,-1.237107229703517675e+02,-1.981783272685209596e+01,-5.744045104020577241e+01,-5.077948945718539164e+01,-1.650626612396211783e+02,-7.913915506649621534e+01,-1.366763150155179218e+01,3.752379670424238043e+02,-3.094242042985953844e+01,-5.366982943653203364e+01,-2.272599075558768078e+01,3.293661087625152639e+00,1.629409711733090305e+01,-4.778086106910676989e+01,2.955342835910132067e+02,-3.751817399155750365e+01,7.474156254464401172e+01,-1.820529559796305819e+02,1.497316685324070207e+01,2.065919526093204297e+02,3.291369055909331820e+01,3.392971657687099452e+01,9.169919528163460143e+01,-2.770520947051409166e+02,1.116489859785672500e+01
1.100592264232376927e+01,1.504610578018644418e+01,9.735012238670664431e+01,1.772052937719708510e+01,-3.377026954480355414e+01,-3.199991327581203038e+01,-3.088413242596607944e+01,-2.823051465086835421e+01,-3.557505519990513676e+01,3.516441297875432248e-01,7.127967702573722875e+01,6.973818716898158243e+01,-8.031065934063623502e+01,-7.391143104179091949e+01,1.776121424961298700e+01,-1.025649508866879529e+02,-3.868593366590331595e-01,9.239932412972027720e+00,5.506831836546814074e+00,2.501509184856292478e+01,3.015425707668029531e+00,-1.401713684302808929e+02,-5.892821863696083540e+01,-5.140023474262045511e+02,3.849325397315505626e+01,5.180890918445248872e+01,9.447461299782341726e+00,-5.995804921673357057e+01,-1.817251811384016662e+02,-5.861593721798859633e+02,-3.821801021243396121e+02,7.569320352422590759e+01,-3.232611200781098404e+01,-1.729476991449835666e+01,9.796213218778270004e+01,-7.366585439926514027e+02,-1.188869960605992482e+01,3.276645088831641850e+00,1.148378828461290055e+02,4.787931115979630903e+01,7.777576101364734029e+01,7.493080410176652606e+01,1.583177148867051010e+01,-2.604252114892465286e+01,-1.963290765008480321e+01,-2.362594016900696303e+01,-1.758144259872024762e+01,6.246318550935026082e-01,-2.375500230740528096e+01,-7.654603586510251745e+00,-5.543221189986998532e+00,8.393594566041630856e+01,8.055370078259213074e+01,-1.305332182818718536e+02,-1.385681461042249119e+01,-3.391228030099324542e+02,2.943592708153301274e+01,3.770823070067621785e+01,-4.365522659839134456e-01,-5.545230290672757292e+03,-6.185968367171055434e+03,1.802199556958299809e+01,-1.617819129451718041e+01,-1.037959028846342022e+02,1.747397863660048358e+02,5.664469010161465121e+02,-1.237107229703517675e+02,-1.981783272685209596e+01,-5.744019206193705429e+01,-5.077948945718539164e+01,-1.650626612396211783e+02,-7.913915506649621534e+01,-1.366763150155179218e+01,3.752379670424238043e+02,-3.094242042985953844e+01,-5.367026227686520201e+01,-2.272599075558768078e+01,3.293661087625152639e+00,1.629409711733090305e+01,-4.778102130881732279e+01,2.955342835910132067e+02,-3.751817399155750365e+01,7.474156254464401172e+01,-1.820529559796305819e+02,1.497316685324070207e+01,2.065925046239361791e+02,3.291369055909331820e+01,3.392971657687099452e+01,9.169919528163460143e+01,-2.770520947051409166e+02,1.116657602834984964e+01
1.100592264232376927e+01,1.504610578018644418e+01,9.735012238670664431e+01,1.772052937719708510e+01,-3.377053889416582422e+01,-3.199991327581203038e+01,-3.088413242596607944e+01,-2.823051465086835421e+01,-3.557505519990513676e+01,3.519129067038859193e-01,7.127967702573722875e+01,6.973818716898158243e+01,-8.031065934063623502e+01,-7.391198141806822264e+01,1.776121424961298700e+01,-1.025646373762901646e+02,-3.868593366590331595e-01,9.239932412972027720e+00,5.506831836546814074e+00,2.501509184856292478e+01,3.014307923998645222e+00,-1.401713684302808929e+02,-5.892821863696083540e+01,-5.140023474262045511e+02,3.849341720924137178e+01,5.180890918445248872e+01,9.446344694508203688e+00,-5.995804921673357057e+01,-1.817251811384016662e+02,-5.861595696750860043e+02,-3.821801021243396121e+02,7.569320352422590759e+01,-3.232611200781098404e+01,-1.729476991449835666e+01,9.796213218778270004e+01,-7.366585439926514027e+02,-1.188800946437084605e+01,3.276645088831641850e+00,1.148378828461290055e+02,4.787931115979630903e+01,7.777576101364734029e+01,7.493080410176652606e+01,1.583177148867051010e+01,-2.604252114892465286e+01,-1.963290765008480321e+01,-2.362594016900696303e+01,-1.758144259872024762e+01,6.246318550935026082e-01,-2.375500230740528096e+01,-7.654603586510251745e+00,-5.543221189986998532e+00,8.393594566041630856e+01,8.055370078259213074e+01,-1.305332182818718536e+02,-1.385681461042249119e+01,-3.391228030099324542e+02,2.943592708153301274e+01,3.770823070067621785e+01,-4.365522659839134456e-01,-5.545230290672757292e+03,-6.185968367171055434e+03,1.802199556958299809e+01,-1.617819129451718041e+01,-1.037959028846342022e+02,1.747397863660048358e+02,5.664469010161465121e+02,-1.237107229703517675e+02,-1.981783272685209596e+01,-5.744019206193705429e+01,-5.077948945718539164e+01,-1.650626612396211783e+02,-7.913904286982570113e+01,-1.366763150155179218e+01,3.752376549130611352e+02,-3.094242042985953844e+01,-5.367026227686520201e+01,-2.272599075558768078e+01,3.293661087625152639e+00,1.629409711733090305e+01,-4.778102130881732279e+01,2.955359790869562744e+02,-3.751817399155750365e+01,7.474156254464401172e+01,-1.820529559796305819e+02,1.497316685324070207e+01,2.065925046239361791e+02,3.291369055909331820e+01,3.392971657687099452e+01,9.169919528163460143e+01,-2.770520947051409166e+02,1.116657602834984964e+01
1.100592264232376927e+01,1.504610578018644418e+01,9.735012238670664431e+01,1.772052937719708510e+01,-3.377053889416582422e+01,-3.199991327581203038e+01,-3.088413242596607944e+01,-2.823051465086835421e+01,-3.557505519990513676e+01,3.519129067038859193e-01,7.127967702573722875e+01,6.973848743904559910e+01,-8.031065934063623502e+01,-7.391198141806822264e+01,1.776121424961298700e+01,-1.025646373762901646e+02,-3.868593366590331595e-01,9.239629898124862351e+00,5.506831836546814074e+00,2.501509184856292478e+01,3.014307923998645222e+00,-1.401712213426013420e+02,-5.892821863696083540e+01,-5.140023474262045511e+02,3.849341720924137178e+01,5.180890918445248872e+01,9.446344694508203688e+00,-5.995804921673357057e+01,-1.817251811384016662e+02,-5.861595696750860043e+02,-3.821801021243396121e+02,7.569320352422590759e+01,-3.232598066482457710e+01,-1.729476991449835666e+01,9.796213218778270004e+01,-7.366585439926514027e+02,-1.188800946437084605e+01,3.276645088831641850e+00,1.148378828461290055e+02,4.787241845985909094e+01,7.777576101364734029e+01,7.493080410176652606e+01,1.583085361709557759e+01,-2.604252114892465286e+01,-1.963290765008480321e+01,-2.362594016900696303e+01,-1.758144259872024762e+01,6.246318550935026082e-01,-2.375500230740528096e+01,-7.654436653528119194e+00,-5.543221189986998532e+00,8.393594566041630856e+01,8.055370078259213074e+01,-1.305315609275959332e+02,-1.385661511463640849e+01,-3.391228030099324542e+02,2.943592708153301274e+01,3.770823070067621785e+01,-4.365522659839134456e-01,-5.545230009991239967e+03,-6.185968367171055434e+03,1.802199556958299809e+01,-1.617819129451718041e+01,-1.037959028846342022e+02,1.747397863660048358e+02,5.664469010161465121e+02,-1.237107229703517675e+02,-1.981783272685209596e+01,-5.744019206193705429e+01,-5.077948945718539164e+01,-1.650626612396211783e+02,-7.913904286982570113e+01,-1.366763150155179218e+01,3.752376549130611352e+02,-3.094242042985953844e+01,-5.367026227686520201e+01,-2.272599075558768078e+01,3.293661087625152639e+00,1.629409711733090305e+01,-4.778102130881732279e+01,2.955359790869562744e+02,-3.751817399155750365e+01,7.474751878686190310e+01,-1.820529559796305819e+02,1.497316685324070207e+01,2.065925046239361791e+02,3.291369055909331820e+01,3.392985507910689336e+01,9.169919528163460143e+01,-2.770520947051409166e+02,1.116657602834984964e+01
1.100592264232376927e+01,1.504610578018644418e+01,9.735012238670664431e+01,1.771982911885194767e+01,-3.377053889416582422e+01,-3.199900566918640266e+01,-3.088413242596607944e+01,-2.823051465086835421e+01,-3.557505519990513676e+01,3.519129067038859193e-01,7.127967702573722875e+01,6.973848743904559910e+01,-8.031065934063623502e+01,-7.391198141806822264e+01,1.776121424961298700e+01,-1.025646373762901646e+02,-3.848868039524599438e-01,9.239629898124862351e+00,5.506831836546814074e+00,2.501509184856292478e+01,3.014307923998645222e+00,-1.401712213426013420e+02,-5.892821863696083540e+01,-5.140023474262045511e+02,3.849341720924137178e+01,5.180822065771483409e+01,9.446344694508203688e+00,-5.995804921673357057e+01,-1.817265125891037201e+02,-5.861595696750860043e+02,-3.821791047538949329e+02,7.569320352422590759e+01,-3.232598066482457710e+01,-1.729476991449835666e+01,9.796213218778270004e+01,-7.366585439926514027e+02,-1.188800946437084605e+01,3.276645088831641850e+00,1.148372981280852088e+02,4.787241845985909094e+01,7.777576101364734029e+01,7.493080410176652606e+01,1.583085361709557759e+01,-2.604252114892465286e+01,-1.963290765008480321e+01,-2.362641826921363375e+01,-1.758144259872024762e+01,6.246318550935026082e-01,-2.375500230740528096e+01,-7.654436653528119194e+00,-5.543221189986998532e+00,8.393500989295735337e+01,8.055370078259213074e+01,-1.305315609275959332e+02,-1.385661511463640849e+01,-3.391298584235881322e+02,2.943592708153301274e+01,3.770823070067621785e+01,-4.368775946983465275e-01,-5.545230009991239967e+03,-6.185968367171055434e+03,1.802199556958299809e+01,-1.617870919834389198e+01,-1.037959028846342022e+02,1.747404552291891378e+02,5.664469010161465121e+02,-1.237124173608544595e+02,-1.981783272685209596e+01,-5.744019206193705429e+01,-5.077948945718539164e+01,-1.650676970744962375e+02,-7.913904286982570113e+01,-1.366763150155179218e+01,3.752376549130611352e+02,-3.094242042985953844e+01,-5.367026227686520201e+01,-2.272462020288269358e+01,3.292885652165765453e+00,1.629409711733090305e+01,-4.778102130881732279e+01,2.955359790869562744e+02,-3.751817399155750365e+01,7.474751878686190310e+01,-1.820529559796305819e+02,1.497274583623604194e+01,2.065925046239361791e+02,3.292087180117906797e+01,3.392985507910689336e+01,9.169919528163460143e+01,-2.770520947051409166e+02,1.116657602834984964e+01
