freq_GHz,S21_real,S21_imag,S21_mag,S31_real,S31_imag,S31_mag
1.000000000000000048e-04,-8.710015417799999682e+01,0.000000000000000000e+00,8.710015417799999682e+01,-9.014888933800000359e+01,0.000000000000000000e+00,9.014888933800000359e+01
2.011991992000000326e-02,-8.448762953600000003e+01,0.000000000000000000e+00,8.448762953600000003e+01,-8.408323086699999749e+01,0.000000000000000000e+00,8.408323086699999749e+01
4.013983984000000366e-02,-8.654731551400000455e+01,0.000000000000000000e+00,8.654731551400000455e+01,-1.087505398699999972e+02,0.000000000000000000e+00,1.087505398699999972e+02
6.015975976000000058e-02,-9.821681923200000597e+01,0.000000000000000000e+00,9.821681923200000597e+01,-1.080495293599999940e+02,0.000000000000000000e+00,1.080495293599999940e+02
8.017967968000000445e-02,-8.977659086799999955e+01,0.000000000000000000e+00,8.977659086799999955e+01,-9.427917424800000390e+01,0.000000000000000000e+00,9.427917424800000390e+01
1.001995995999999944e-01,-9.232791547700000478e+01,0.000000000000000000e+00,9.232791547700000478e+01,-1.082378563200000059e+02,0.000000000000000000e+00,1.082378563200000059e+02
1.202195195199999983e-01,-8.919082261799999856e+01,0.000000000000000000e+00,8.919082261799999856e+01,-9.235939723200000628e+01,0.000000000000000000e+00,9.235939723200000628e+01
1.402394394400000022e-01,-9.681886661800000127e+01,0.000000000000000000e+00,9.681886661800000127e+01,-1.138971594599999975e+02,0.000000000000000000e+00,1.138971594599999975e+02
1.602593593600000199e-01,-9.966417294599999366e+01,0.000000000000000000e+00,9.966417294599999366e+01,-9.065917559000000381e+01,0.000000000000000000e+00,9.065917559000000381e+01
1.802792792800000099e-01,-9.261100738400000409e+01,0.000000000000000000e+00,9.261100738400000409e+01,-9.940117456500000515e+01,0.000000000000000000e+00,9.940117456500000515e+01
2.002991991999999999e-01,-9.517276635599999679e+01,0.000000000000000000e+00,9.517276635599999679e+01,-9.596653647899999839e+01,0.000000000000000000e+00,9.596653647899999839e+01
2.203191191200000176e-01,-9.608342222599999616e+01,0.000000000000000000e+00,9.608342222599999616e+01,-1.001051883800000013e+02,0.000000000000000000e+00,1.001051883800000013e+02
2.403390390399999799e-01,-9.177421388700000193e+01,0.000000000000000000e+00,9.177421388700000193e+01,-8.928658201400000394e+01,0.000000000000000000e+00,8.928658201400000394e+01
2.603589589599999976e-01,-1.042955650199999980e+02,0.000000000000000000e+00,1.042955650199999980e+02,-9.166563990100000581e+01,0.000000000000000000e+00,9.166563990100000581e+01
2.803788788800000154e-01,-9.181370499999999879e+01,0.000000000000000000e+00,9.181370499999999879e+01,-1.022242071400000043e+02,0.000000000000000000e+00,1.022242071400000043e+02
3.003987988000000331e-01,-9.342730669399999499e+01,0.000000000000000000e+00,9.342730669399999499e+01,-8.854937802999999974e+01,0.000000000000000000e+00,8.854937802999999974e+01
3.204187187200000508e-01,-1.023702951100000007e+02,0.000000000000000000e+00,1.023702951100000007e+02,-9.171602480800000023e+01,0.000000000000000000e+00,9.171602480800000023e+01
3.404386386400000131e-01,-9.763172226000000364e+01,0.000000000000000000e+00,9.763172226000000364e+01,-9.567820847599999468e+01,0.000000000000000000e+00,9.567820847599999468e+01
3.604585585599999753e-01,-9.645204354099999478e+01,0.000000000000000000e+00,9.645204354099999478e+01,-9.501922215300000119e+01,0.000000000000000000e+00,9.501922215300000119e+01
3.804784784799999930e-01,-1.055828217499999937e+02,0.000000000000000000e+00,1.055828217499999937e+02,-9.062808076100000676e+01,0.000000000000000000e+00,9.062808076100000676e+01
4.004983983999999553e-01,-9.452638688700000102e+01,0.000000000000000000e+00,9.452638688700000102e+01,-9.114259513899999376e+01,0.000000000000000000e+00,9.114259513899999376e+01
4.205183183199999730e-01,-9.491476425000000461e+01,0.000000000000000000e+00,9.491476425000000461e+01,-1.023487905500000039e+02,0.000000000000000000e+00,1.023487905500000039e+02
4.405382382399999908e-01,-9.368446512100000234e+01,0.000000000000000000e+00,9.368446512100000234e+01,-1.016356722099999956e+02,0.000000000000000000e+00,1.016356722099999956e+02
4.605581581600000085e-01,-8.956898198499999353e+01,0.000000000000000000e+00,8.956898198499999353e+01,-9.489508426099999383e+01,0.000000000000000000e+00,9.489508426099999383e+01
4.805780780799999707e-01,-9.478944395599999950e+01,0.000000000000000000e+00,9.478944395599999950e+01,-9.582985997100000475e+01,0.000000000000000000e+00,9.582985997100000475e+01
5.005979980000000440e-01,-8.858853559300000313e+01,0.000000000000000000e+00,8.858853559300000313e+01,-8.789695756499999391e+01,0.000000000000000000e+00,8.789695756499999391e+01
5.206179179200000062e-01,-8.759579866299999651e+01,0.000000000000000000e+00,8.759579866299999651e+01,-8.475761386700000344e+01,0.000000000000000000e+00,8.475761386700000344e+01
5.406378378400000795e-01,-8.438303003000000047e+01,0.000000000000000000e+00,8.438303003000000047e+01,-8.405998552799999857e+01,0.000000000000000000e+00,8.405998552799999857e+01
5.606577577600000417e-01,-8.311938019000000111e+01,0.000000000000000000e+00,8.311938019000000111e+01,-8.361466635899999744e+01,0.000000000000000000e+00,8.361466635899999744e+01
5.806776776799998929e-01,-8.056209772799999769e+01,0.000000000000000000e+00,8.056209772799999769e+01,-8.182866195399999754e+01,0.000000000000000000e+00,8.182866195399999754e+01
6.006975976000000772e-01,-8.075708860299999969e+01,0.000000000000000000e+00,8.075708860299999969e+01,-8.049825298899999382e+01,0.000000000000000000e+00,8.049825298899999382e+01
6.207175175199999284e-01,-7.575999787899999660e+01,0.000000000000000000e+00,7.575999787899999660e+01,-7.788373128300000303e+01,0.000000000000000000e+00,7.788373128300000303e+01
6.407374374400001127e-01,-7.887337043600000186e+01,0.000000000000000000e+00,7.887337043600000186e+01,-7.446328277300000309e+01,0.000000000000000000e+00,7.446328277300000309e+01
6.607573573599999639e-01,-7.356850345300000527e+01,0.000000000000000000e+00,7.356850345300000527e+01,-7.440720528699999647e+01,0.000000000000000000e+00,7.440720528699999647e+01
6.807772772799999261e-01,-7.002186742799999308e+01,0.000000000000000000e+00,7.002186742799999308e+01,-7.156188046500000155e+01,0.000000000000000000e+00,7.156188046500000155e+01
7.007971971999999994e-01,-6.798261171500000444e+01,0.000000000000000000e+00,6.798261171500000444e+01,-6.827839815299999771e+01,0.000000000000000000e+00,6.827839815299999771e+01
7.208171171199999616e-01,-6.600228597800000330e+01,0.000000000000000000e+00,6.600228597800000330e+01,-6.646234673200000032e+01,0.000000000000000000e+00,6.646234673200000032e+01
7.408370370399999238e-01,-6.388131514500000208e+01,0.000000000000000000e+00,6.388131514500000208e+01,-6.560211021099999584e+01,0.000000000000000000e+00,6.560211021099999584e+01
7.608569569599999971e-01,-6.258214218799999884e+01,0.000000000000000000e+00,6.258214218799999884e+01,-6.499128096200000471e+01,0.000000000000000000e+00,6.499128096200000471e+01
7.808768768799999593e-01,-6.134728995199999702e+01,0.000000000000000000e+00,6.134728995199999702e+01,-6.245236696599999959e+01,0.000000000000000000e+00,6.245236696599999959e+01
8.008967967999999216e-01,-6.003257134199999712e+01,0.000000000000000000e+00,6.003257134199999712e+01,-6.208416462600000330e+01,0.000000000000000000e+00,6.208416462600000330e+01
8.209167167199999948e-01,-5.908752189500000185e+01,0.000000000000000000e+00,5.908752189500000185e+01,-6.045874304899999885e+01,0.000000000000000000e+00,6.045874304899999885e+01
8.409366366399999571e-01,-5.732009515699999724e+01,0.000000000000000000e+00,5.732009515699999724e+01,-5.813247698699999688e+01,0.000000000000000000e+00,5.813247698699999688e+01
8.609565565599999193e-01,-5.562891428700000063e+01,0.000000000000000000e+00,5.562891428700000063e+01,-5.662317130299999945e+01,0.000000000000000000e+00,5.662317130299999945e+01
8.809764764799999925e-01,-5.352258585999999951e+01,0.000000000000000000e+00,5.352258585999999951e+01,-5.483004926200000284e+01,0.000000000000000000e+00,5.483004926200000284e+01
9.009963963999999548e-01,-5.069286000400000347e+01,0.000000000000000000e+00,5.069286000400000347e+01,-5.210195965300000154e+01,0.000000000000000000e+00,5.210195965300000154e+01
9.210163163200000280e-01,-4.868175258299999797e+01,0.000000000000000000e+00,4.868175258299999797e+01,-4.899238314699999819e+01,0.000000000000000000e+00,4.899238314699999819e+01
9.410362362399999903e-01,-4.645061940400000111e+01,0.000000000000000000e+00,4.645061940400000111e+01,-4.660919353500000284e+01,0.000000000000000000e+00,4.660919353500000284e+01
9.610561561599999525e-01,-4.361261921700000244e+01,0.000000000000000000e+00,4.361261921700000244e+01,-4.391915021399999830e+01,0.000000000000000000e+00,4.391915021399999830e+01
9.810760760800000257e-01,-4.091961161599999741e+01,0.000000000000000000e+00,4.091961161599999741e+01,-4.105232982799999775e+01,0.000000000000000000e+00,4.105232982799999775e+01
1.001095996000000099e+00,-3.904367176200000245e+01,0.000000000000000000e+00,3.904367176200000245e+01,-3.983389557000000281e+01,0.000000000000000000e+00,3.983389557000000281e+01
1.021115915900000060e+00,-3.796020139800000237e+01,0.000000000000000000e+00,3.796020139800000237e+01,-3.903456745100000091e+01,0.000000000000000000e+00,3.903456745100000091e+01
1.041135835800000020e+00,-3.687054968000000343e+01,0.000000000000000000e+00,3.687054968000000343e+01,-3.772759724400000181e+01,0.000000000000000000e+00,3.772759724400000181e+01
1.061155755799999989e+00,-3.569897996499999948e+01,0.000000000000000000e+00,3.569897996499999948e+01,-3.538811978300000050e+01,0.000000000000000000e+00,3.538811978300000050e+01
1.081175675699999950e+00,-3.484495917999999648e+01,0.000000000000000000e+00,3.484495917999999648e+01,-3.406522371799999860e+01,0.000000000000000000e+00,3.406522371799999860e+01
1.101195595599999910e+00,-3.422247478599999937e+01,0.000000000000000000e+00,3.422247478599999937e+01,-3.304797559699999709e+01,0.000000000000000000e+00,3.304797559699999709e+01
1.121215515500000093e+00,-3.287614847999999768e+01,0.000000000000000000e+00,3.287614847999999768e+01,-3.146089947999999836e+01,0.000000000000000000e+00,3.146089947999999836e+01
1.141235435400000053e+00,-3.127117331499999864e+01,0.000000000000000000e+00,3.127117331499999864e+01,-3.068412522099999862e+01,0.000000000000000000e+00,3.068412522099999862e+01
1.161255355400000022e+00,-3.052875768799999889e+01,0.000000000000000000e+00,3.052875768799999889e+01,-2.941954940300000132e+01,0.000000000000000000e+00,2.941954940300000132e+01
1.181275275299999983e+00,-2.841107827400000119e+01,0.000000000000000000e+00,2.841107827400000119e+01,-2.873003631799999980e+01,0.000000000000000000e+00,2.873003631799999980e+01
1.201295195199999943e+00,-2.767931401699999938e+01,0.000000000000000000e+00,2.767931401699999938e+01,-2.732658711799999907e+01,0.000000000000000000e+00,2.732658711799999907e+01
1.221315115099999904e+00,-2.652461926000000147e+01,0.000000000000000000e+00,2.652461926000000147e+01,-2.663195274099999921e+01,0.000000000000000000e+00,2.663195274099999921e+01
1.241335035000000087e+00,-2.595276128400000104e+01,0.000000000000000000e+00,2.595276128400000104e+01,-2.548883091900000153e+01,0.000000000000000000e+00,2.548883091900000153e+01
1.261354955000000055e+00,-2.452898032299999898e+01,0.000000000000000000e+00,2.452898032299999898e+01,-2.439900892200000015e+01,0.000000000000000000e+00,2.439900892200000015e+01
1.281374874900000016e+00,-2.362988738700000013e+01,0.000000000000000000e+00,2.362988738700000013e+01,-2.323217485500000024e+01,0.000000000000000000e+00,2.323217485500000024e+01
1.301394794799999977e+00,-2.258209455300000101e+01,0.000000000000000000e+00,2.258209455300000101e+01,-2.282547228199999978e+01,0.000000000000000000e+00,2.282547228199999978e+01
1.321414714699999937e+00,-2.123567447900000005e+01,0.000000000000000000e+00,2.123567447900000005e+01,-2.248662295999999827e+01,0.000000000000000000e+00,2.248662295999999827e+01
1.341434634599999898e+00,-2.008391082800000049e+01,0.000000000000000000e+00,2.008391082800000049e+01,-2.175952124599999848e+01,0.000000000000000000e+00,2.175952124599999848e+01
1.361454554599999867e+00,-1.952303888200000159e+01,0.000000000000000000e+00,1.952303888200000159e+01,-2.102964835799999932e+01,0.000000000000000000e+00,2.102964835799999932e+01
1.381474474500000049e+00,-1.918752592499999921e+01,0.000000000000000000e+00,1.918752592499999921e+01,-1.961975217299999841e+01,0.000000000000000000e+00,1.961975217299999841e+01
1.401494394400000010e+00,-1.821428434299999921e+01,0.000000000000000000e+00,1.821428434299999921e+01,-1.903798887700000009e+01,0.000000000000000000e+00,1.903798887700000009e+01
1.421514314299999970e+00,-1.740829669400000057e+01,0.000000000000000000e+00,1.740829669400000057e+01,-1.826446757100000085e+01,0.000000000000000000e+00,1.826446757100000085e+01
1.441534234200000153e+00,-1.745173778199999859e+01,0.000000000000000000e+00,1.745173778199999859e+01,-1.760597706300000098e+01,0.000000000000000000e+00,1.760597706300000098e+01
1.461554154200000122e+00,-1.734173241899999951e+01,0.000000000000000000e+00,1.734173241899999951e+01,-1.750541635800000151e+01,0.000000000000000000e+00,1.750541635800000151e+01
1.481574074099999860e+00,-1.683761170800000073e+01,0.000000000000000000e+00,1.683761170800000073e+01,-1.786998103799999882e+01,0.000000000000000000e+00,1.786998103799999882e+01
1.501593994000000043e+00,-1.653530197399999935e+01,0.000000000000000000e+00,1.653530197399999935e+01,-1.707837964400000175e+01,0.000000000000000000e+00,1.707837964400000175e+01
1.521613913900000004e+00,-1.724716454100000007e+01,0.000000000000000000e+00,1.724716454100000007e+01,-1.634920861699999861e+01,0.000000000000000000e+00,1.634920861699999861e+01
1.541633833799999964e+00,-1.755074106600000050e+01,0.000000000000000000e+00,1.755074106600000050e+01,-1.624291706099999999e+01,0.000000000000000000e+00,1.624291706099999999e+01
1.561653753799999933e+00,-1.740656844200000108e+01,0.000000000000000000e+00,1.740656844200000108e+01,-1.670734678599999867e+01,0.000000000000000000e+00,1.670734678599999867e+01
1.581673673700000116e+00,-1.711828171799999865e+01,0.000000000000000000e+00,1.711828171799999865e+01,-1.698303503300000017e+01,0.000000000000000000e+00,1.698303503300000017e+01
1.601693593599999854e+00,-1.687816234099999946e+01,0.000000000000000000e+00,1.687816234099999946e+01,-1.720107064200000124e+01,0.000000000000000000e+00,1.720107064200000124e+01
1.621713513500000037e+00,-1.734126159399999878e+01,0.000000000000000000e+00,1.734126159399999878e+01,-1.754493106600000019e+01,0.000000000000000000e+00,1.754493106600000019e+01
1.641733433399999997e+00,-1.686253667600000128e+01,0.000000000000000000e+00,1.686253667600000128e+01,-1.815848891699999967e+01,0.000000000000000000e+00,1.815848891699999967e+01
1.661753353400000188e+00,-1.627103050199999856e+01,0.000000000000000000e+00,1.627103050199999856e+01,-1.843004995300000104e+01,0.000000000000000000e+00,1.843004995300000104e+01
1.681773273299999927e+00,-1.565758092499999954e+01,0.000000000000000000e+00,1.565758092499999954e+01,-1.793590160500000152e+01,0.000000000000000000e+00,1.793590160500000152e+01
1.701793193200000109e+00,-1.547849116000000080e+01,0.000000000000000000e+00,1.547849116000000080e+01,-1.805933409900000086e+01,0.000000000000000000e+00,1.805933409900000086e+01
1.721813113099999848e+00,-1.495391598299999991e+01,0.000000000000000000e+00,1.495391598299999991e+01,-1.858312893000000088e+01,0.000000000000000000e+00,1.858312893000000088e+01
1.741833033000000031e+00,-1.490988397299999946e+01,0.000000000000000000e+00,1.490988397299999946e+01,-1.914739515799999836e+01,0.000000000000000000e+00,1.914739515799999836e+01
1.761852952999999999e+00,-1.477188639699999939e+01,0.000000000000000000e+00,1.477188639699999939e+01,-1.994885033799999974e+01,0.000000000000000000e+00,1.994885033799999974e+01
1.781872872900000182e+00,-1.434715153700000023e+01,0.000000000000000000e+00,1.434715153700000023e+01,-1.990088116100000093e+01,0.000000000000000000e+00,1.990088116100000093e+01
1.801892792799999921e+00,-1.386639071699999981e+01,0.000000000000000000e+00,1.386639071699999981e+01,-1.839059442599999983e+01,0.000000000000000000e+00,1.839059442599999983e+01
1.821912712700000103e+00,-1.341940903499999926e+01,0.000000000000000000e+00,1.341940903499999926e+01,-1.835609856800000017e+01,0.000000000000000000e+00,1.835609856800000017e+01
1.841932632599999842e+00,-1.278122004899999986e+01,0.000000000000000000e+00,1.278122004899999986e+01,-1.799303621700000022e+01,0.000000000000000000e+00,1.799303621700000022e+01
1.861952552599999811e+00,-1.276686142900000043e+01,0.000000000000000000e+00,1.276686142900000043e+01,-1.745187881000000019e+01,0.000000000000000000e+00,1.745187881000000019e+01
1.881972472499999993e+00,-1.282917581000000062e+01,0.000000000000000000e+00,1.282917581000000062e+01,-1.659868936199999823e+01,0.000000000000000000e+00,1.659868936199999823e+01
1.901992392400000176e+00,-1.288867107199999928e+01,0.000000000000000000e+00,1.288867107199999928e+01,-1.599429054800000038e+01,0.000000000000000000e+00,1.599429054800000038e+01
1.922012312299999914e+00,-1.298264279200000004e+01,0.000000000000000000e+00,1.298264279200000004e+01,-1.524445498000000043e+01,0.000000000000000000e+00,1.524445498000000043e+01
1.942032232200000097e+00,-1.322851819799999973e+01,0.000000000000000000e+00,1.322851819799999973e+01,-1.483292333099999993e+01,0.000000000000000000e+00,1.483292333099999993e+01
1.962052152200000066e+00,-1.332041380999999980e+01,0.000000000000000000e+00,1.332041380999999980e+01,-1.481056270700000077e+01,0.000000000000000000e+00,1.481056270700000077e+01
1.982072072099999804e+00,-1.327868186999999978e+01,0.000000000000000000e+00,1.327868186999999978e+01,-1.440133676600000001e+01,0.000000000000000000e+00,1.440133676600000001e+01
2.002091991999999987e+00,-1.341054740899999942e+01,0.000000000000000000e+00,1.341054740899999942e+01,-1.423305860400000000e+01,0.000000000000000000e+00,1.423305860400000000e+01
2.022111911900000170e+00,-1.325418771600000056e+01,0.000000000000000000e+00,1.325418771600000056e+01,-1.387683404000000031e+01,0.000000000000000000e+00,1.387683404000000031e+01
2.042131831799999908e+00,-1.335070182800000005e+01,0.000000000000000000e+00,1.335070182800000005e+01,-1.401605764299999990e+01,0.000000000000000000e+00,1.401605764299999990e+01
2.062151751800000099e+00,-1.360540942299999934e+01,0.000000000000000000e+00,1.360540942299999934e+01,-1.442810681799999983e+01,0.000000000000000000e+00,1.442810681799999983e+01
2.082171671699999838e+00,-1.332819879800000074e+01,0.000000000000000000e+00,1.332819879800000074e+01,-1.456317035600000054e+01,0.000000000000000000e+00,1.456317035600000054e+01
2.102191591600000020e+00,-1.316235902000000024e+01,0.000000000000000000e+00,1.316235902000000024e+01,-1.420585471499999919e+01,0.000000000000000000e+00,1.420585471499999919e+01
2.122211511500000203e+00,-1.319853362499999960e+01,0.000000000000000000e+00,1.319853362499999960e+01,-1.395068368799999980e+01,0.000000000000000000e+00,1.395068368799999980e+01
2.142231431399999941e+00,-1.325475195599999978e+01,0.000000000000000000e+00,1.325475195599999978e+01,-1.408693320499999935e+01,0.000000000000000000e+00,1.408693320499999935e+01
2.162251351400000132e+00,-1.327684817199999934e+01,0.000000000000000000e+00,1.327684817199999934e+01,-1.409796849199999969e+01,0.000000000000000000e+00,1.409796849199999969e+01
2.182271271300000315e+00,-1.319466120000000053e+01,0.000000000000000000e+00,1.319466120000000053e+01,-1.404014011800000006e+01,0.000000000000000000e+00,1.404014011800000006e+01
2.202291191199999609e+00,-1.321185623100000051e+01,0.000000000000000000e+00,1.321185623100000051e+01,-1.403178745599999999e+01,0.000000000000000000e+00,1.403178745599999999e+01
2.222311111099999792e+00,-1.340269247500000027e+01,0.000000000000000000e+00,1.340269247500000027e+01,-1.407923381600000035e+01,0.000000000000000000e+00,1.407923381600000035e+01
2.242331030999999975e+00,-1.343989670700000083e+01,0.000000000000000000e+00,1.343989670700000083e+01,-1.388371265199999982e+01,0.000000000000000000e+00,1.388371265199999982e+01
2.262350951000000165e+00,-1.316352523800000007e+01,0.000000000000000000e+00,1.316352523800000007e+01,-1.387662088000000082e+01,0.000000000000000000e+00,1.387662088000000082e+01
2.282370870899999904e+00,-1.310234346100000025e+01,0.000000000000000000e+00,1.310234346100000025e+01,-1.395742641100000014e+01,0.000000000000000000e+00,1.395742641100000014e+01
2.302390790800000087e+00,-1.308365955999999919e+01,0.000000000000000000e+00,1.308365955999999919e+01,-1.390417538600000036e+01,0.000000000000000000e+00,1.390417538600000036e+01
2.322410710699999825e+00,-1.318347120299999986e+01,0.000000000000000000e+00,1.318347120299999986e+01,-1.392369982299999975e+01,0.000000000000000000e+00,1.392369982299999975e+01
2.342430630600000008e+00,-1.320155686400000050e+01,0.000000000000000000e+00,1.320155686400000050e+01,-1.376536755599999928e+01,0.000000000000000000e+00,1.376536755599999928e+01
2.362450550599999755e+00,-1.315781519799999977e+01,0.000000000000000000e+00,1.315781519799999977e+01,-1.383747742399999936e+01,0.000000000000000000e+00,1.383747742399999936e+01
2.382470470499999937e+00,-1.328731672500000016e+01,0.000000000000000000e+00,1.328731672500000016e+01,-1.388607719800000062e+01,0.000000000000000000e+00,1.388607719800000062e+01
2.402490390400000120e+00,-1.358360805200000065e+01,0.000000000000000000e+00,1.358360805200000065e+01,-1.406882610899999975e+01,0.000000000000000000e+00,1.406882610899999975e+01
2.422510310300000302e+00,-1.398469980399999990e+01,0.000000000000000000e+00,1.398469980399999990e+01,-1.391878002500000022e+01,0.000000000000000000e+00,1.391878002500000022e+01
2.442530230199999597e+00,-1.424895183900000006e+01,0.000000000000000000e+00,1.424895183900000006e+01,-1.403533307100000016e+01,0.000000000000000000e+00,1.403533307100000016e+01
2.462550150199999788e+00,-1.440472219399999965e+01,0.000000000000000000e+00,1.440472219399999965e+01,-1.410675668600000066e+01,0.000000000000000000e+00,1.410675668600000066e+01
2.482570070099999970e+00,-1.478611670499999953e+01,0.000000000000000000e+00,1.478611670499999953e+01,-1.444764387700000086e+01,0.000000000000000000e+00,1.444764387700000086e+01
2.502589990000000153e+00,-1.500197202100000027e+01,0.000000000000000000e+00,1.500197202100000027e+01,-1.457471156899999976e+01,0.000000000000000000e+00,1.457471156899999976e+01
2.522609909899999892e+00,-1.556535908000000035e+01,0.000000000000000000e+00,1.556535908000000035e+01,-1.461206297899999917e+01,0.000000000000000000e+00,1.461206297899999917e+01
2.542629829800000074e+00,-1.599761668100000023e+01,0.000000000000000000e+00,1.599761668100000023e+01,-1.474097359499999982e+01,0.000000000000000000e+00,1.474097359499999982e+01
2.562649749699999813e+00,-1.652837412999999955e+01,0.000000000000000000e+00,1.652837412999999955e+01,-1.509261154200000021e+01,0.000000000000000000e+00,1.509261154200000021e+01
2.582669669700000004e+00,-1.717482896599999975e+01,0.000000000000000000e+00,1.717482896599999975e+01,-1.526892722400000046e+01,0.000000000000000000e+00,1.526892722400000046e+01
2.602689589599999742e+00,-1.778883051900000112e+01,0.000000000000000000e+00,1.778883051900000112e+01,-1.536234325400000067e+01,0.000000000000000000e+00,1.536234325400000067e+01
2.622709509499999925e+00,-1.815701031400000076e+01,0.000000000000000000e+00,1.815701031400000076e+01,-1.552369337600000065e+01,0.000000000000000000e+00,1.552369337600000065e+01
2.642729429400000107e+00,-1.833635360799999958e+01,0.000000000000000000e+00,1.833635360799999958e+01,-1.604258670000000109e+01,0.000000000000000000e+00,1.604258670000000109e+01
2.662749349300000290e+00,-1.844095472800000124e+01,0.000000000000000000e+00,1.844095472800000124e+01,-1.654399974900000103e+01,0.000000000000000000e+00,1.654399974900000103e+01
2.682769269300000037e+00,-1.860032981499999849e+01,0.000000000000000000e+00,1.860032981499999849e+01,-1.710363433699999902e+01,0.000000000000000000e+00,1.710363433699999902e+01
2.702789189199999775e+00,-1.876392617999999857e+01,0.000000000000000000e+00,1.876392617999999857e+01,-1.799116696100000112e+01,0.000000000000000000e+00,1.799116696100000112e+01
2.722809109099999958e+00,-1.889052198299999930e+01,0.000000000000000000e+00,1.889052198299999930e+01,-1.881738420699999992e+01,0.000000000000000000e+00,1.881738420699999992e+01
2.742829029000000141e+00,-1.930753624300000126e+01,0.000000000000000000e+00,1.930753624300000126e+01,-1.963132247500000105e+01,0.000000000000000000e+00,1.963132247500000105e+01
2.762848948899999879e+00,-1.885918210799999883e+01,0.000000000000000000e+00,1.885918210799999883e+01,-2.059613504800000072e+01,0.000000000000000000e+00,2.059613504800000072e+01
2.782868868900000070e+00,-1.867285770200000172e+01,0.000000000000000000e+00,1.867285770200000172e+01,-2.183549117300000120e+01,0.000000000000000000e+00,2.183549117300000120e+01
2.802888788800000253e+00,-1.826631286299999957e+01,0.000000000000000000e+00,1.826631286299999957e+01,-2.279111156700000151e+01,0.000000000000000000e+00,2.279111156700000151e+01
2.822908708699999991e+00,-1.784834502900000075e+01,0.000000000000000000e+00,1.784834502900000075e+01,-2.342651961099999980e+01,0.000000000000000000e+00,2.342651961099999980e+01
2.842928628599999730e+00,-1.773604985600000106e+01,0.000000000000000000e+00,1.773604985600000106e+01,-2.370218851099999924e+01,0.000000000000000000e+00,2.370218851099999924e+01
2.862948548499999912e+00,-1.767369889300000096e+01,0.000000000000000000e+00,1.767369889300000096e+01,-2.324915326100000001e+01,0.000000000000000000e+00,2.324915326100000001e+01
2.882968468500000103e+00,-1.737831242600000081e+01,0.000000000000000000e+00,1.737831242600000081e+01,-2.287832855399999943e+01,0.000000000000000000e+00,2.287832855399999943e+01
2.902988388400000286e+00,-1.702506193800000034e+01,0.000000000000000000e+00,1.702506193800000034e+01,-2.296166946800000019e+01,0.000000000000000000e+00,2.296166946800000019e+01
2.923008308300000024e+00,-1.671210717499999987e+01,0.000000000000000000e+00,1.671210717499999987e+01,-2.263497735900000052e+01,0.000000000000000000e+00,2.263497735900000052e+01
2.943028228199999763e+00,-1.632335507299999833e+01,0.000000000000000000e+00,1.632335507299999833e+01,-2.183572722899999974e+01,0.000000000000000000e+00,2.183572722899999974e+01
2.963048148099999946e+00,-1.606998440699999975e+01,0.000000000000000000e+00,1.606998440699999975e+01,-2.117046954399999947e+01,0.000000000000000000e+00,2.117046954399999947e+01
2.983068068099999692e+00,-1.579143051700000022e+01,0.000000000000000000e+00,1.579143051700000022e+01,-2.051514570899999867e+01,0.000000000000000000e+00,2.051514570899999867e+01
3.003087987999999875e+00,-1.558852433200000043e+01,0.000000000000000000e+00,1.558852433200000043e+01,-1.980620392399999830e+01,0.000000000000000000e+00,1.980620392399999830e+01
3.023107907900000058e+00,-1.530591601499999932e+01,0.000000000000000000e+00,1.530591601499999932e+01,-1.957781362200000075e+01,0.000000000000000000e+00,1.957781362200000075e+01
3.043127827800000240e+00,-1.528589685000000031e+01,0.000000000000000000e+00,1.528589685000000031e+01,-1.946085825200000130e+01,0.000000000000000000e+00,1.946085825200000130e+01
3.063147747699999979e+00,-1.534017492699999963e+01,0.000000000000000000e+00,1.534017492699999963e+01,-1.914389489399999889e+01,0.000000000000000000e+00,1.914389489399999889e+01
3.083167667699999726e+00,-1.532542673800000088e+01,0.000000000000000000e+00,1.532542673800000088e+01,-1.892931640999999843e+01,0.000000000000000000e+00,1.892931640999999843e+01
3.103187587599999908e+00,-1.549117530400000042e+01,0.000000000000000000e+00,1.549117530400000042e+01,-1.902092079199999830e+01,0.000000000000000000e+00,1.902092079199999830e+01
3.123207507500000091e+00,-1.572497290299999939e+01,0.000000000000000000e+00,1.572497290299999939e+01,-1.894482542200000097e+01,0.000000000000000000e+00,1.894482542200000097e+01
3.143227427400000273e+00,-1.588821468499999945e+01,0.000000000000000000e+00,1.588821468499999945e+01,-1.887798608499999986e+01,0.000000000000000000e+00,1.887798608499999986e+01
3.163247347300000012e+00,-1.603398213599999877e+01,0.000000000000000000e+00,1.603398213599999877e+01,-1.877836280600000052e+01,0.000000000000000000e+00,1.877836280600000052e+01
3.183267267300000203e+00,-1.613588386200000002e+01,0.000000000000000000e+00,1.613588386200000002e+01,-1.858174469300000098e+01,0.000000000000000000e+00,1.858174469300000098e+01
3.203287187199999941e+00,-1.613332579000000067e+01,0.000000000000000000e+00,1.613332579000000067e+01,-1.849912188200000074e+01,0.000000000000000000e+00,1.849912188200000074e+01
3.223307107100000124e+00,-1.609337046199999932e+01,0.000000000000000000e+00,1.609337046199999932e+01,-1.845311043999999967e+01,0.000000000000000000e+00,1.845311043999999967e+01
3.243327026999999863e+00,-1.614146119200000129e+01,0.000000000000000000e+00,1.614146119200000129e+01,-1.834483193399999834e+01,0.000000000000000000e+00,1.834483193399999834e+01
3.263346946900000045e+00,-1.625516410299999848e+01,0.000000000000000000e+00,1.625516410299999848e+01,-1.818347808700000101e+01,0.000000000000000000e+00,1.818347808700000101e+01
3.283366866900000236e+00,-1.634224472800000072e+01,0.000000000000000000e+00,1.634224472800000072e+01,-1.800769031400000131e+01,0.000000000000000000e+00,1.800769031400000131e+01
3.303386786799999975e+00,-1.637114370500000149e+01,0.000000000000000000e+00,1.637114370500000149e+01,-1.799821317199999982e+01,0.000000000000000000e+00,1.799821317199999982e+01
3.323406706699999713e+00,-1.653183826400000100e+01,0.000000000000000000e+00,1.653183826400000100e+01,-1.787556371999999882e+01,0.000000000000000000e+00,1.787556371999999882e+01
3.343426626599999896e+00,-1.677696350400000114e+01,0.000000000000000000e+00,1.677696350400000114e+01,-1.780713441400000008e+01,0.000000000000000000e+00,1.780713441400000008e+01
3.363446546500000078e+00,-1.699109662200000059e+01,0.000000000000000000e+00,1.699109662200000059e+01,-1.776588558199999923e+01,0.000000000000000000e+00,1.776588558199999923e+01
3.383466466499999825e+00,-1.730227488099999889e+01,0.000000000000000000e+00,1.730227488099999889e+01,-1.779787526200000158e+01,0.000000000000000000e+00,1.779787526200000158e+01
3.403486386400000008e+00,-1.758671259999999847e+01,0.000000000000000000e+00,1.758671259999999847e+01,-1.787096336999999835e+01,0.000000000000000000e+00,1.787096336999999835e+01
3.423506306300000190e+00,-1.795488597099999950e+01,0.000000000000000000e+00,1.795488597099999950e+01,-1.800629200399999874e+01,0.000000000000000000e+00,1.800629200399999874e+01
3.443526226199999929e+00,-1.823545265299999940e+01,0.000000000000000000e+00,1.823545265299999940e+01,-1.821553128000000044e+01,0.000000000000000000e+00,1.821553128000000044e+01
3.463546146100000112e+00,-1.865859804400000144e+01,0.000000000000000000e+00,1.865859804400000144e+01,-1.832520776899999859e+01,0.000000000000000000e+00,1.832520776899999859e+01
3.483566066099999858e+00,-1.892832479999999862e+01,0.000000000000000000e+00,1.892832479999999862e+01,-1.873112049699999915e+01,0.000000000000000000e+00,1.873112049699999915e+01
3.503585986000000041e+00,-1.908115806400000025e+01,0.000000000000000000e+00,1.908115806400000025e+01,-1.943017063199999939e+01,0.000000000000000000e+00,1.943017063199999939e+01
3.523605905900000224e+00,-1.906275610200000159e+01,0.000000000000000000e+00,1.906275610200000159e+01,-2.003476833299999882e+01,0.000000000000000000e+00,2.003476833299999882e+01
3.543625825800000406e+00,-1.895234340800000084e+01,0.000000000000000000e+00,1.895234340800000084e+01,-2.063116883200000018e+01,0.000000000000000000e+00,2.063116883200000018e+01
3.563645745699999701e+00,-1.909200649199999944e+01,0.000000000000000000e+00,1.909200649199999944e+01,-2.108302115700000101e+01,0.000000000000000000e+00,2.108302115700000101e+01
3.583665665699999892e+00,-1.904075427600000125e+01,0.000000000000000000e+00,1.904075427600000125e+01,-2.155178871600000079e+01,0.000000000000000000e+00,2.155178871600000079e+01
3.603685585600000074e+00,-1.867337318799999935e+01,0.000000000000000000e+00,1.867337318799999935e+01,-2.198334270000000146e+01,0.000000000000000000e+00,2.198334270000000146e+01
3.623705505499999813e+00,-1.839997096700000156e+01,0.000000000000000000e+00,1.839997096700000156e+01,-2.237033590500000102e+01,0.000000000000000000e+00,2.237033590500000102e+01
3.643725425399999995e+00,-1.831986774499999981e+01,0.000000000000000000e+00,1.831986774499999981e+01,-2.259096230600000155e+01,0.000000000000000000e+00,2.259096230600000155e+01
3.663745345300000178e+00,-1.832100817799999959e+01,0.000000000000000000e+00,1.832100817799999959e+01,-2.259921197399999926e+01,0.000000000000000000e+00,2.259921197399999926e+01
3.683765265300000369e+00,-1.840366886700000038e+01,0.000000000000000000e+00,1.840366886700000038e+01,-2.231238305800000177e+01,0.000000000000000000e+00,2.231238305800000177e+01
3.703785185199999663e+00,-1.858054147100000009e+01,0.000000000000000000e+00,1.858054147100000009e+01,-2.200252528900000115e+01,0.000000000000000000e+00,2.200252528900000115e+01
3.723805105099999846e+00,-1.869613721400000017e+01,0.000000000000000000e+00,1.869613721400000017e+01,-2.181863274699999877e+01,0.000000000000000000e+00,2.181863274699999877e+01
3.743825025000000029e+00,-1.872569742599999998e+01,0.000000000000000000e+00,1.872569742599999998e+01,-2.168059375600000038e+01,0.000000000000000000e+00,2.168059375600000038e+01
3.763844944900000211e+00,-1.883813220800000110e+01,0.000000000000000000e+00,1.883813220800000110e+01,-2.147476419299999861e+01,0.000000000000000000e+00,2.147476419299999861e+01
3.783864864899999958e+00,-1.890490035199999852e+01,0.000000000000000000e+00,1.890490035199999852e+01,-2.123894598000000045e+01,0.000000000000000000e+00,2.123894598000000045e+01
3.803884784800000141e+00,-1.896142695700000047e+01,0.000000000000000000e+00,1.896142695700000047e+01,-2.104151244299999846e+01,0.000000000000000000e+00,2.104151244299999846e+01
3.823904704699999879e+00,-1.915121502799999931e+01,0.000000000000000000e+00,1.915121502799999931e+01,-2.076938181899999947e+01,0.000000000000000000e+00,2.076938181899999947e+01
3.843924624600000062e+00,-1.944480985199999878e+01,0.000000000000000000e+00,1.944480985199999878e+01,-2.057644850100000156e+01,0.000000000000000000e+00,2.057644850100000156e+01
3.863944544499999800e+00,-1.982150339100000025e+01,0.000000000000000000e+00,1.982150339100000025e+01,-2.043557334799999836e+01,0.000000000000000000e+00,2.043557334799999836e+01
3.883964464499999991e+00,-2.020006705200000141e+01,0.000000000000000000e+00,2.020006705200000141e+01,-2.038012382899999864e+01,0.000000000000000000e+00,2.038012382899999864e+01
3.903984384400000174e+00,-2.065142093500000087e+01,0.000000000000000000e+00,2.065142093500000087e+01,-2.043511486199999894e+01,0.000000000000000000e+00,2.043511486199999894e+01
3.924004304300000356e+00,-2.085225483299999993e+01,0.000000000000000000e+00,2.085225483299999993e+01,-2.035941900799999971e+01,0.000000000000000000e+00,2.035941900799999971e+01
3.944024224199999651e+00,-2.113590514699999900e+01,0.000000000000000000e+00,2.113590514699999900e+01,-2.018990271799999903e+01,0.000000000000000000e+00,2.018990271799999903e+01
3.964044144099999833e+00,-2.140513173900000155e+01,0.000000000000000000e+00,2.140513173900000155e+01,-2.006483962700000134e+01,0.000000000000000000e+00,2.006483962700000134e+01
3.984064064100000024e+00,-2.176841981500000145e+01,0.000000000000000000e+00,2.176841981500000145e+01,-2.003858179499999892e+01,0.000000000000000000e+00,2.003858179499999892e+01
4.004083984000000207e+00,-2.189165667299999996e+01,0.000000000000000000e+00,2.189165667299999996e+01,-2.007750784999999993e+01,0.000000000000000000e+00,2.007750784999999993e+01
4.024103903900000390e+00,-2.192475096000000079e+01,0.000000000000000000e+00,2.192475096000000079e+01,-2.017411792400000081e+01,0.000000000000000000e+00,2.017411792400000081e+01
4.044123823800000572e+00,-2.166398039599999947e+01,0.000000000000000000e+00,2.166398039599999947e+01,-2.011798775700000164e+01,0.000000000000000000e+00,2.011798775700000164e+01
4.064143743699999867e+00,-2.131123019300000010e+01,0.000000000000000000e+00,2.131123019300000010e+01,-2.022378304600000121e+01,0.000000000000000000e+00,2.022378304600000121e+01
4.084163663700000058e+00,-2.095270029899999997e+01,0.000000000000000000e+00,2.095270029899999997e+01,-2.031178246500000029e+01,0.000000000000000000e+00,2.031178246500000029e+01
4.104183583600000240e+00,-2.078365531300000058e+01,0.000000000000000000e+00,2.078365531300000058e+01,-2.032068591399999846e+01,0.000000000000000000e+00,2.032068591399999846e+01
4.124203503500000423e+00,-2.080183595200000113e+01,0.000000000000000000e+00,2.080183595200000113e+01,-2.037425430100000057e+01,0.000000000000000000e+00,2.037425430100000057e+01
4.144223423399999717e+00,-2.057719077999999868e+01,0.000000000000000000e+00,2.057719077999999868e+01,-2.045328021799999973e+01,0.000000000000000000e+00,2.045328021799999973e+01
4.164243343299999900e+00,-2.038374503100000013e+01,0.000000000000000000e+00,2.038374503100000013e+01,-2.041517895999999865e+01,0.000000000000000000e+00,2.041517895999999865e+01
4.184263263300000091e+00,-2.028668434300000101e+01,0.000000000000000000e+00,2.028668434300000101e+01,-2.050911944299999945e+01,0.000000000000000000e+00,2.050911944299999945e+01
4.204283183199999385e+00,-2.025957100899999830e+01,0.000000000000000000e+00,2.025957100899999830e+01,-2.062410506799999865e+01,0.000000000000000000e+00,2.062410506799999865e+01
4.224303103099999568e+00,-2.000594046200000165e+01,0.000000000000000000e+00,2.000594046200000165e+01,-2.079305011399999970e+01,0.000000000000000000e+00,2.079305011399999970e+01
4.244323022999999750e+00,-1.988823289899999835e+01,0.000000000000000000e+00,1.988823289899999835e+01,-2.101878029999999953e+01,0.000000000000000000e+00,2.101878029999999953e+01
4.264342942899999933e+00,-1.985498053699999943e+01,0.000000000000000000e+00,1.985498053699999943e+01,-2.121379823299999856e+01,0.000000000000000000e+00,2.121379823299999856e+01
4.284362862900000124e+00,-1.973990232799999944e+01,0.000000000000000000e+00,1.973990232799999944e+01,-2.138635334099999952e+01,0.000000000000000000e+00,2.138635334099999952e+01
4.304382782800000307e+00,-1.961699844700000028e+01,0.000000000000000000e+00,1.961699844700000028e+01,-2.144162784599999938e+01,0.000000000000000000e+00,2.144162784599999938e+01
4.324402702699999601e+00,-1.944170070599999889e+01,0.000000000000000000e+00,1.944170070599999889e+01,-2.139753636200000031e+01,0.000000000000000000e+00,2.139753636200000031e+01
4.344422622600000672e+00,-1.922586994399999938e+01,0.000000000000000000e+00,1.922586994399999938e+01,-2.142532408699999991e+01,0.000000000000000000e+00,2.142532408699999991e+01
4.364442542499999966e+00,-1.896102482699999925e+01,0.000000000000000000e+00,1.896102482699999925e+01,-2.153848997300000079e+01,0.000000000000000000e+00,2.153848997300000079e+01
4.384462462500000157e+00,-1.869681750299999834e+01,0.000000000000000000e+00,1.869681750299999834e+01,-2.160433868000000146e+01,0.000000000000000000e+00,2.160433868000000146e+01
4.404482382399999452e+00,-1.858592805800000036e+01,0.000000000000000000e+00,1.858592805800000036e+01,-2.169568426800000083e+01,0.000000000000000000e+00,2.169568426800000083e+01
4.424502302300000522e+00,-1.843808983299999937e+01,0.000000000000000000e+00,1.843808983299999937e+01,-2.188579537500000072e+01,0.000000000000000000e+00,2.188579537500000072e+01
4.444522222199999817e+00,-1.835744030600000087e+01,0.000000000000000000e+00,1.835744030600000087e+01,-2.213480938100000017e+01,0.000000000000000000e+00,2.213480938100000017e+01
4.464542142100000000e+00,-1.818024867800000166e+01,0.000000000000000000e+00,1.818024867800000166e+01,-2.236840861700000005e+01,0.000000000000000000e+00,2.236840861700000005e+01
4.484562062100000190e+00,-1.802157769400000120e+01,0.000000000000000000e+00,1.802157769400000120e+01,-2.280084452899999903e+01,0.000000000000000000e+00,2.280084452899999903e+01
4.504581982000000373e+00,-1.792644593900000061e+01,0.000000000000000000e+00,1.792644593900000061e+01,-2.329408552599999993e+01,0.000000000000000000e+00,2.329408552599999993e+01
4.524601901899999667e+00,-1.800930476299999938e+01,0.000000000000000000e+00,1.800930476299999938e+01,-2.343069031699999982e+01,0.000000000000000000e+00,2.343069031699999982e+01
4.544621821799999850e+00,-1.804110480900000013e+01,0.000000000000000000e+00,1.804110480900000013e+01,-2.358198808599999907e+01,0.000000000000000000e+00,2.358198808599999907e+01
4.564641741700000033e+00,-1.815299228499999984e+01,0.000000000000000000e+00,1.815299228499999984e+01,-2.379759744400000088e+01,0.000000000000000000e+00,2.379759744400000088e+01
4.584661661700000224e+00,-1.828840807199999929e+01,0.000000000000000000e+00,1.828840807199999929e+01,-2.368653795299999842e+01,0.000000000000000000e+00,2.368653795299999842e+01
4.604681581600000406e+00,-1.827660438399999876e+01,0.000000000000000000e+00,1.827660438399999876e+01,-2.348703096299999871e+01,0.000000000000000000e+00,2.348703096299999871e+01
4.624701501499999701e+00,-1.841966906600000087e+01,0.000000000000000000e+00,1.841966906600000087e+01,-2.331619183000000106e+01,0.000000000000000000e+00,2.331619183000000106e+01
4.644721421399999883e+00,-1.846782342899999918e+01,0.000000000000000000e+00,1.846782342899999918e+01,-2.305872054399999982e+01,0.000000000000000000e+00,2.305872054399999982e+01
4.664741341300000066e+00,-1.860957595500000039e+01,0.000000000000000000e+00,1.860957595500000039e+01,-2.267728316099999830e+01,0.000000000000000000e+00,2.267728316099999830e+01
4.684761261300000257e+00,-1.861668385000000114e+01,0.000000000000000000e+00,1.861668385000000114e+01,-2.227332617900000145e+01,0.000000000000000000e+00,2.227332617900000145e+01
4.704781181199999551e+00,-1.853846166699999998e+01,0.000000000000000000e+00,1.853846166699999998e+01,-2.189585373299999915e+01,0.000000000000000000e+00,2.189585373299999915e+01
4.724801101100000622e+00,-1.828252130499999950e+01,0.000000000000000000e+00,1.828252130499999950e+01,-2.154104968500000084e+01,0.000000000000000000e+00,2.154104968500000084e+01
4.744821020999999917e+00,-1.819406500399999871e+01,0.000000000000000000e+00,1.819406500399999871e+01,-2.116480122400000141e+01,0.000000000000000000e+00,2.116480122400000141e+01
4.764840940899999211e+00,-1.803519145099999932e+01,0.000000000000000000e+00,1.803519145099999932e+01,-2.087660242600000160e+01,0.000000000000000000e+00,2.087660242600000160e+01
4.784860860899999402e+00,-1.801485132899999897e+01,0.000000000000000000e+00,1.801485132899999897e+01,-2.061748312199999944e+01,0.000000000000000000e+00,2.061748312199999944e+01
4.804880780800000473e+00,-1.780923367100000121e+01,0.000000000000000000e+00,1.780923367100000121e+01,-2.038483136299999998e+01,0.000000000000000000e+00,2.038483136299999998e+01
4.824900700699999767e+00,-1.769408593900000071e+01,0.000000000000000000e+00,1.769408593900000071e+01,-2.020850092399999909e+01,0.000000000000000000e+00,2.020850092399999909e+01
4.844920620599999950e+00,-1.750585490099999930e+01,0.000000000000000000e+00,1.750585490099999930e+01,-1.997262127600000170e+01,0.000000000000000000e+00,1.997262127600000170e+01
4.864940540500000132e+00,-1.733642777600000073e+01,0.000000000000000000e+00,1.733642777600000073e+01,-1.968042111100000113e+01,0.000000000000000000e+00,1.968042111100000113e+01
4.884960460500000323e+00,-1.721421501300000045e+01,0.000000000000000000e+00,1.721421501300000045e+01,-1.944478018699999922e+01,0.000000000000000000e+00,1.944478018699999922e+01
4.904980380399999618e+00,-1.720683722600000110e+01,0.000000000000000000e+00,1.720683722600000110e+01,-1.927313490699999932e+01,0.000000000000000000e+00,1.927313490699999932e+01
4.925000300299999800e+00,-1.705018290399999970e+01,0.000000000000000000e+00,1.705018290399999970e+01,-1.909944973200000007e+01,0.000000000000000000e+00,1.909944973200000007e+01
4.945020220199999983e+00,-1.687651143000000076e+01,0.000000000000000000e+00,1.687651143000000076e+01,-1.891496639200000018e+01,0.000000000000000000e+00,1.891496639200000018e+01
4.965040140100000166e+00,-1.681697910800000173e+01,0.000000000000000000e+00,1.681697910800000173e+01,-1.876803650500000131e+01,0.000000000000000000e+00,1.876803650500000131e+01
4.985060060100000356e+00,-1.687278290400000103e+01,0.000000000000000000e+00,1.687278290400000103e+01,-1.864499151100000063e+01,0.000000000000000000e+00,1.864499151100000063e+01
5.005079979999999651e+00,-1.693970889799999924e+01,0.000000000000000000e+00,1.693970889799999924e+01,-1.858140958899999973e+01,0.000000000000000000e+00,1.858140958899999973e+01
5.025099899899999834e+00,-1.697954197500000006e+01,0.000000000000000000e+00,1.697954197500000006e+01,-1.856282866000000098e+01,0.000000000000000000e+00,1.856282866000000098e+01
5.045119819800000016e+00,-1.725586811599999848e+01,0.000000000000000000e+00,1.725586811599999848e+01,-1.850369224499999987e+01,0.000000000000000000e+00,1.850369224499999987e+01
5.065139739700000199e+00,-1.759465568099999899e+01,0.000000000000000000e+00,1.759465568099999899e+01,-1.839752889500000066e+01,0.000000000000000000e+00,1.839752889500000066e+01
5.085159659699999501e+00,-1.795213486800000169e+01,0.000000000000000000e+00,1.795213486800000169e+01,-1.840729874399999844e+01,0.000000000000000000e+00,1.840729874399999844e+01
5.105179579600000572e+00,-1.831828579800000156e+01,0.000000000000000000e+00,1.831828579800000156e+01,-1.841799898800000079e+01,0.000000000000000000e+00,1.841799898800000079e+01
5.125199499499999867e+00,-1.877146237699999887e+01,0.000000000000000000e+00,1.877146237699999887e+01,-1.848452752300000057e+01,0.000000000000000000e+00,1.848452752300000057e+01
5.145219419400000049e+00,-1.921488493000000020e+01,0.000000000000000000e+00,1.921488493000000020e+01,-1.853782013600000056e+01,0.000000000000000000e+00,1.853782013600000056e+01
5.165239339300000232e+00,-1.954635322500000072e+01,0.000000000000000000e+00,1.954635322500000072e+01,-1.853266159600000051e+01,0.000000000000000000e+00,1.853266159600000051e+01
5.185259259300000423e+00,-1.991227258400000011e+01,0.000000000000000000e+00,1.991227258400000011e+01,-1.858507988799999922e+01,0.000000000000000000e+00,1.858507988799999922e+01
5.205279179199999717e+00,-2.037448355900000152e+01,0.000000000000000000e+00,2.037448355900000152e+01,-1.867434935300000021e+01,0.000000000000000000e+00,1.867434935300000021e+01
5.225299099100000788e+00,-2.086715758400000098e+01,0.000000000000000000e+00,2.086715758400000098e+01,-1.865529205300000015e+01,0.000000000000000000e+00,1.865529205300000015e+01
5.245319019000000083e+00,-2.106566422899999935e+01,0.000000000000000000e+00,2.106566422899999935e+01,-1.867680328899999864e+01,0.000000000000000000e+00,1.867680328899999864e+01
5.265338938899999377e+00,-2.140212081800000021e+01,0.000000000000000000e+00,2.140212081800000021e+01,-1.876648789700000108e+01,0.000000000000000000e+00,1.876648789700000108e+01
5.285358858899999568e+00,-2.176805599900000132e+01,0.000000000000000000e+00,2.176805599900000132e+01,-1.883862830900000063e+01,0.000000000000000000e+00,1.883862830900000063e+01
5.305378778799999751e+00,-2.216198234499999842e+01,0.000000000000000000e+00,2.216198234499999842e+01,-1.892125895999999940e+01,0.000000000000000000e+00,1.892125895999999940e+01
5.325398698699999933e+00,-2.248143327600000063e+01,0.000000000000000000e+00,2.248143327600000063e+01,-1.913979819700000107e+01,0.000000000000000000e+00,1.913979819700000107e+01
5.345418618600000116e+00,-2.276915978999999979e+01,0.000000000000000000e+00,2.276915978999999979e+01,-1.935572532999999851e+01,0.000000000000000000e+00,1.935572532999999851e+01
5.365438538500000298e+00,-2.311593280399999983e+01,0.000000000000000000e+00,2.311593280399999983e+01,-1.964263177600000176e+01,0.000000000000000000e+00,1.964263177600000176e+01
5.385458458499999601e+00,-2.326864802900000129e+01,0.000000000000000000e+00,2.326864802900000129e+01,-1.996395423499999922e+01,0.000000000000000000e+00,1.996395423499999922e+01
5.405478378399999784e+00,-2.337587465700000067e+01,0.000000000000000000e+00,2.337587465700000067e+01,-2.034612007400000167e+01,0.000000000000000000e+00,2.034612007400000167e+01
5.425498298299999966e+00,-2.338102680800000144e+01,0.000000000000000000e+00,2.338102680800000144e+01,-2.080907395499999879e+01,0.000000000000000000e+00,2.080907395499999879e+01
5.445518218200000149e+00,-2.348202149400000138e+01,0.000000000000000000e+00,2.348202149400000138e+01,-2.131045356199999929e+01,0.000000000000000000e+00,2.131045356199999929e+01
5.465538138100000332e+00,-2.356063065000000023e+01,0.000000000000000000e+00,2.356063065000000023e+01,-2.185209950500000176e+01,0.000000000000000000e+00,2.185209950500000176e+01
5.485558058100000522e+00,-2.361408361299999825e+01,0.000000000000000000e+00,2.361408361299999825e+01,-2.239811971700000015e+01,0.000000000000000000e+00,2.239811971700000015e+01
5.505577977999999817e+00,-2.370058544899999831e+01,0.000000000000000000e+00,2.370058544899999831e+01,-2.289789007199999915e+01,0.000000000000000000e+00,2.289789007199999915e+01
5.525597897900000000e+00,-2.383435327400000148e+01,0.000000000000000000e+00,2.383435327400000148e+01,-2.338825530700000144e+01,0.000000000000000000e+00,2.338825530700000144e+01
5.545617817800000182e+00,-2.385048326100000082e+01,0.000000000000000000e+00,2.385048326100000082e+01,-2.397290189799999993e+01,0.000000000000000000e+00,2.397290189799999993e+01
5.565637737699999477e+00,-2.394163128799999996e+01,0.000000000000000000e+00,2.394163128799999996e+01,-2.455800181600000087e+01,0.000000000000000000e+00,2.455800181600000087e+01
5.585657657699999667e+00,-2.414982969600000118e+01,0.000000000000000000e+00,2.414982969600000118e+01,-2.493722774900000161e+01,0.000000000000000000e+00,2.493722774900000161e+01
5.605677577600000738e+00,-2.438398606499999843e+01,0.000000000000000000e+00,2.438398606499999843e+01,-2.518789905099999871e+01,0.000000000000000000e+00,2.518789905099999871e+01
5.625697497500000033e+00,-2.442846211499999853e+01,0.000000000000000000e+00,2.442846211499999853e+01,-2.547081753000000148e+01,0.000000000000000000e+00,2.547081753000000148e+01
5.645717417399999327e+00,-2.423591105399999890e+01,0.000000000000000000e+00,2.423591105399999890e+01,-2.571036657200000164e+01,0.000000000000000000e+00,2.571036657200000164e+01
5.665737337300000398e+00,-2.384126849700000150e+01,0.000000000000000000e+00,2.384126849700000150e+01,-2.584291605800000013e+01,0.000000000000000000e+00,2.584291605800000013e+01
5.685757257300000589e+00,-2.359162960500000139e+01,0.000000000000000000e+00,2.359162960500000139e+01,-2.598586262899999966e+01,0.000000000000000000e+00,2.598586262899999966e+01
5.705777177199999883e+00,-2.312500645800000143e+01,0.000000000000000000e+00,2.312500645800000143e+01,-2.614112566200000032e+01,0.000000000000000000e+00,2.614112566200000032e+01
5.725797097100000066e+00,-2.274444554400000129e+01,0.000000000000000000e+00,2.274444554400000129e+01,-2.610587046999999927e+01,0.000000000000000000e+00,2.610587046999999927e+01
5.745817017000000249e+00,-2.257111949000000095e+01,0.000000000000000000e+00,2.257111949000000095e+01,-2.627389864599999925e+01,0.000000000000000000e+00,2.627389864599999925e+01
5.765836936899999543e+00,-2.238993323900000121e+01,0.000000000000000000e+00,2.238993323900000121e+01,-2.646789278099999976e+01,0.000000000000000000e+00,2.646789278099999976e+01
5.785856856899999734e+00,-2.190599947799999825e+01,0.000000000000000000e+00,2.190599947799999825e+01,-2.684862732499999893e+01,0.000000000000000000e+00,2.684862732499999893e+01
5.805876776799999917e+00,-2.149204882300000108e+01,0.000000000000000000e+00,2.149204882300000108e+01,-2.733293342300000006e+01,0.000000000000000000e+00,2.733293342300000006e+01
5.825896696700000099e+00,-2.124359935200000038e+01,0.000000000000000000e+00,2.124359935200000038e+01,-2.768328618500000005e+01,0.000000000000000000e+00,2.768328618500000005e+01
5.845916616600000282e+00,-2.104530166600000030e+01,0.000000000000000000e+00,2.104530166600000030e+01,-2.800731608299999920e+01,0.000000000000000000e+00,2.800731608299999920e+01
5.865936536499999576e+00,-2.093644427399999941e+01,0.000000000000000000e+00,2.093644427399999941e+01,-2.836255314099999936e+01,0.000000000000000000e+00,2.836255314099999936e+01
5.885956456499999767e+00,-2.086560911700000176e+01,0.000000000000000000e+00,2.086560911700000176e+01,-2.855670587799999893e+01,0.000000000000000000e+00,2.855670587799999893e+01
5.905976376399999950e+00,-2.091091091199999852e+01,0.000000000000000000e+00,2.091091091199999852e+01,-2.881332908199999920e+01,0.000000000000000000e+00,2.881332908199999920e+01
5.925996296300000132e+00,-2.104403834200000034e+01,0.000000000000000000e+00,2.104403834200000034e+01,-2.890326433999999978e+01,0.000000000000000000e+00,2.890326433999999978e+01
5.946016216199999427e+00,-2.122606331600000118e+01,0.000000000000000000e+00,2.122606331600000118e+01,-2.868769917299999861e+01,0.000000000000000000e+00,2.868769917299999861e+01
5.966036136100000498e+00,-2.140545201600000169e+01,0.000000000000000000e+00,2.140545201600000169e+01,-2.817543279499999898e+01,0.000000000000000000e+00,2.817543279499999898e+01
5.986056056100000689e+00,-2.146924079000000063e+01,0.000000000000000000e+00,2.146924079000000063e+01,-2.780794757299999986e+01,0.000000000000000000e+00,2.780794757299999986e+01
6.006075975999999983e+00,-2.150382919400000148e+01,0.000000000000000000e+00,2.150382919400000148e+01,-2.741696776399999891e+01,0.000000000000000000e+00,2.741696776399999891e+01
6.026095895899999277e+00,-2.141884554900000026e+01,0.000000000000000000e+00,2.141884554900000026e+01,-2.695408618900000164e+01,0.000000000000000000e+00,2.695408618900000164e+01
6.046115815800000348e+00,-2.136815852699999851e+01,0.000000000000000000e+00,2.136815852699999851e+01,-2.669981707699999873e+01,0.000000000000000000e+00,2.669981707699999873e+01
6.066135735699999643e+00,-2.137391563399999939e+01,0.000000000000000000e+00,2.137391563399999939e+01,-2.631211355599999990e+01,0.000000000000000000e+00,2.631211355599999990e+01
6.086155655699999834e+00,-2.135117444400000153e+01,0.000000000000000000e+00,2.135117444400000153e+01,-2.583367217300000007e+01,0.000000000000000000e+00,2.583367217300000007e+01
6.106175575600000016e+00,-2.133154049299999855e+01,0.000000000000000000e+00,2.133154049299999855e+01,-2.542976108799999935e+01,0.000000000000000000e+00,2.542976108799999935e+01
6.126195495500000199e+00,-2.121024288099999922e+01,0.000000000000000000e+00,2.121024288099999922e+01,-2.501198683999999872e+01,0.000000000000000000e+00,2.501198683999999872e+01
6.146215415399999493e+00,-2.118413454799999940e+01,0.000000000000000000e+00,2.118413454799999940e+01,-2.462120980999999986e+01,0.000000000000000000e+00,2.462120980999999986e+01
6.166235335300000564e+00,-2.130194432300000074e+01,0.000000000000000000e+00,2.130194432300000074e+01,-2.406962658100000141e+01,0.000000000000000000e+00,2.406962658100000141e+01
6.186255255299999867e+00,-2.131089204299999906e+01,0.000000000000000000e+00,2.131089204299999906e+01,-2.355225069700000162e+01,0.000000000000000000e+00,2.355225069700000162e+01
6.206275175200000049e+00,-2.134150682099999941e+01,0.000000000000000000e+00,2.134150682099999941e+01,-2.314052917300000090e+01,0.000000000000000000e+00,2.314052917300000090e+01
6.226295095100000232e+00,-2.136734115399999823e+01,0.000000000000000000e+00,2.136734115399999823e+01,-2.271894389199999864e+01,0.000000000000000000e+00,2.271894389199999864e+01
6.246315015000000415e+00,-2.142323861299999876e+01,0.000000000000000000e+00,2.142323861299999876e+01,-2.233591298300000005e+01,0.000000000000000000e+00,2.233591298300000005e+01
6.266334934899999709e+00,-2.159375486300000091e+01,0.000000000000000000e+00,2.159375486300000091e+01,-2.206561740100000080e+01,0.000000000000000000e+00,2.206561740100000080e+01
6.286354854899999900e+00,-2.187180907999999846e+01,0.000000000000000000e+00,2.187180907999999846e+01,-2.187570316700000106e+01,0.000000000000000000e+00,2.187570316700000106e+01
6.306374774800000083e+00,-2.214386688000000092e+01,0.000000000000000000e+00,2.214386688000000092e+01,-2.167773813299999830e+01,0.000000000000000000e+00,2.167773813299999830e+01
6.326394694699999377e+00,-2.246978249000000005e+01,0.000000000000000000e+00,2.246978249000000005e+01,-2.155350452400000094e+01,0.000000000000000000e+00,2.155350452400000094e+01
6.346414614600000448e+00,-2.279929370800000044e+01,0.000000000000000000e+00,2.279929370800000044e+01,-2.143775019799999981e+01,0.000000000000000000e+00,2.143775019799999981e+01
6.366434534499999742e+00,-2.326833041400000113e+01,0.000000000000000000e+00,2.326833041400000113e+01,-2.131734386200000131e+01,0.000000000000000000e+00,2.131734386200000131e+01
6.386454454499999933e+00,-2.374411647699999861e+01,0.000000000000000000e+00,2.374411647699999861e+01,-2.129403584699999996e+01,0.000000000000000000e+00,2.129403584699999996e+01
6.406474374399999228e+00,-2.415648729000000117e+01,0.000000000000000000e+00,2.415648729000000117e+01,-2.121742267000000126e+01,0.000000000000000000e+00,2.121742267000000126e+01
6.426494294300000298e+00,-2.447061796099999853e+01,0.000000000000000000e+00,2.447061796099999853e+01,-2.112184488400000149e+01,0.000000000000000000e+00,2.112184488400000149e+01
6.446514214199999593e+00,-2.477723428999999911e+01,0.000000000000000000e+00,2.477723428999999911e+01,-2.110959833800000141e+01,0.000000000000000000e+00,2.110959833800000141e+01
6.466534134100000664e+00,-2.489592963699999828e+01,0.000000000000000000e+00,2.489592963699999828e+01,-2.119776948200000177e+01,0.000000000000000000e+00,2.119776948200000177e+01
6.486554054099999966e+00,-2.499897841399999976e+01,0.000000000000000000e+00,2.499897841399999976e+01,-2.119934542700000080e+01,0.000000000000000000e+00,2.119934542700000080e+01
6.506573974000000149e+00,-2.506196101300000123e+01,0.000000000000000000e+00,2.506196101300000123e+01,-2.118629713500000022e+01,0.000000000000000000e+00,2.118629713500000022e+01
6.526593893899999443e+00,-2.492030910400000110e+01,0.000000000000000000e+00,2.492030910400000110e+01,-2.118093891099999837e+01,0.000000000000000000e+00,2.118093891099999837e+01
6.546613813800000514e+00,-2.466486859700000167e+01,0.000000000000000000e+00,2.466486859700000167e+01,-2.115036645600000043e+01,0.000000000000000000e+00,2.115036645600000043e+01
6.566633733699999809e+00,-2.434695665199999937e+01,0.000000000000000000e+00,2.434695665199999937e+01,-2.117228985799999919e+01,0.000000000000000000e+00,2.117228985799999919e+01
6.586653653700000000e+00,-2.418210643600000154e+01,0.000000000000000000e+00,2.418210643600000154e+01,-2.119921467800000059e+01,0.000000000000000000e+00,2.119921467800000059e+01
6.606673573600000182e+00,-2.410529742299999967e+01,0.000000000000000000e+00,2.410529742299999967e+01,-2.118794056500000167e+01,0.000000000000000000e+00,2.118794056500000167e+01
6.626693493500000365e+00,-2.402149441399999930e+01,0.000000000000000000e+00,2.402149441399999930e+01,-2.124362183499999901e+01,0.000000000000000000e+00,2.124362183499999901e+01
6.646713413399999659e+00,-2.379490419300000070e+01,0.000000000000000000e+00,2.379490419300000070e+01,-2.137933348199999983e+01,0.000000000000000000e+00,2.137933348199999983e+01
6.666733333299999842e+00,-2.355629460300000133e+01,0.000000000000000000e+00,2.355629460300000133e+01,-2.151565193200000081e+01,0.000000000000000000e+00,2.151565193200000081e+01
6.686753253300000033e+00,-2.341585714900000070e+01,0.000000000000000000e+00,2.341585714900000070e+01,-2.165523502099999931e+01,0.000000000000000000e+00,2.165523502099999931e+01
6.706773173200000215e+00,-2.341199195600000138e+01,0.000000000000000000e+00,2.341199195600000138e+01,-2.179860783199999830e+01,0.000000000000000000e+00,2.179860783199999830e+01
6.726793093100000398e+00,-2.356001324300000022e+01,0.000000000000000000e+00,2.356001324300000022e+01,-2.203899024900000114e+01,0.000000000000000000e+00,2.203899024900000114e+01
6.746813012999999692e+00,-2.363323930500000003e+01,0.000000000000000000e+00,2.363323930500000003e+01,-2.224442069799999899e+01,0.000000000000000000e+00,2.224442069799999899e+01
6.766832932899999875e+00,-2.361428238499999921e+01,0.000000000000000000e+00,2.361428238499999921e+01,-2.251599556500000077e+01,0.000000000000000000e+00,2.251599556500000077e+01
6.786852852899999178e+00,-2.354216723100000053e+01,0.000000000000000000e+00,2.354216723100000053e+01,-2.279622630800000138e+01,0.000000000000000000e+00,2.279622630800000138e+01
6.806872772800000249e+00,-2.357900850200000065e+01,0.000000000000000000e+00,2.357900850200000065e+01,-2.306048504299999991e+01,0.000000000000000000e+00,2.306048504299999991e+01
6.826892692699999543e+00,-2.369863143199999911e+01,0.000000000000000000e+00,2.369863143199999911e+01,-2.335470323499999878e+01,0.000000000000000000e+00,2.335470323499999878e+01
6.846912612600000614e+00,-2.379533878000000158e+01,0.000000000000000000e+00,2.379533878000000158e+01,-2.371488430699999839e+01,0.000000000000000000e+00,2.371488430699999839e+01
6.866932532499999908e+00,-2.384008154400000024e+01,0.000000000000000000e+00,2.384008154400000024e+01,-2.406396983500000175e+01,0.000000000000000000e+00,2.406396983500000175e+01
6.886952452500000099e+00,-2.362510172900000072e+01,0.000000000000000000e+00,2.362510172900000072e+01,-2.448599650699999941e+01,0.000000000000000000e+00,2.448599650699999941e+01
6.906972372399999394e+00,-2.351687414499999917e+01,0.000000000000000000e+00,2.351687414499999917e+01,-2.492672214299999922e+01,0.000000000000000000e+00,2.492672214299999922e+01
6.926992292300000464e+00,-2.349802651099999906e+01,0.000000000000000000e+00,2.349802651099999906e+01,-2.522225111099999850e+01,0.000000000000000000e+00,2.522225111099999850e+01
6.947012212199999759e+00,-2.338262591999999884e+01,0.000000000000000000e+00,2.338262591999999884e+01,-2.547220350499999952e+01,0.000000000000000000e+00,2.547220350499999952e+01
6.967032132099999941e+00,-2.317127559100000056e+01,0.000000000000000000e+00,2.317127559100000056e+01,-2.569196487399999995e+01,0.000000000000000000e+00,2.569196487399999995e+01
6.987052052100000132e+00,-2.306597194700000131e+01,0.000000000000000000e+00,2.306597194700000131e+01,-2.576876786000000052e+01,0.000000000000000000e+00,2.576876786000000052e+01
7.007071972000000315e+00,-2.296058940500000034e+01,0.000000000000000000e+00,2.296058940500000034e+01,-2.578216987200000077e+01,0.000000000000000000e+00,2.578216987200000077e+01
7.027091891899999609e+00,-2.284775056499999835e+01,0.000000000000000000e+00,2.284775056499999835e+01,-2.589139886999999973e+01,0.000000000000000000e+00,2.589139886999999973e+01
7.047111811799999792e+00,-2.272429273699999897e+01,0.000000000000000000e+00,2.272429273699999897e+01,-2.592358800399999907e+01,0.000000000000000000e+00,2.592358800399999907e+01
7.067131731699999975e+00,-2.260437847700000091e+01,0.000000000000000000e+00,2.260437847700000091e+01,-2.588922866900000130e+01,0.000000000000000000e+00,2.588922866900000130e+01
7.087151651700000166e+00,-2.258516390300000154e+01,0.000000000000000000e+00,2.258516390300000154e+01,-2.588940518100000077e+01,0.000000000000000000e+00,2.588940518100000077e+01
7.107171571600000348e+00,-2.269960518899999968e+01,0.000000000000000000e+00,2.269960518899999968e+01,-2.585350952499999977e+01,0.000000000000000000e+00,2.585350952499999977e+01
7.127191491499999643e+00,-2.276224857200000073e+01,0.000000000000000000e+00,2.276224857200000073e+01,-2.580725836499999915e+01,0.000000000000000000e+00,2.580725836499999915e+01
7.147211411399999825e+00,-2.283310358299999976e+01,0.000000000000000000e+00,2.283310358299999976e+01,-2.575058537700000016e+01,0.000000000000000000e+00,2.575058537700000016e+01
7.167231331300000008e+00,-2.285737942100000097e+01,0.000000000000000000e+00,2.285737942100000097e+01,-2.570430677399999908e+01,0.000000000000000000e+00,2.570430677399999908e+01
7.187251251300000199e+00,-2.291490626199999880e+01,0.000000000000000000e+00,2.291490626199999880e+01,-2.576613586099999864e+01,0.000000000000000000e+00,2.576613586099999864e+01
7.207271171199999493e+00,-2.302631505600000139e+01,0.000000000000000000e+00,2.302631505600000139e+01,-2.583644889800000044e+01,0.000000000000000000e+00,2.583644889800000044e+01
7.227291091100000564e+00,-2.335344246700000070e+01,0.000000000000000000e+00,2.335344246700000070e+01,-2.598860716600000131e+01,0.000000000000000000e+00,2.598860716600000131e+01
7.247311010999999858e+00,-2.368465480600000106e+01,0.000000000000000000e+00,2.368465480600000106e+01,-2.615592434399999888e+01,0.000000000000000000e+00,2.615592434399999888e+01
7.267330930900000041e+00,-2.375264968700000168e+01,0.000000000000000000e+00,2.375264968700000168e+01,-2.638071125700000152e+01,0.000000000000000000e+00,2.638071125700000152e+01
7.287350850899999344e+00,-2.373767733100000044e+01,0.000000000000000000e+00,2.373767733100000044e+01,-2.663167914900000000e+01,0.000000000000000000e+00,2.663167914900000000e+01
7.307370770800000415e+00,-2.393186214400000011e+01,0.000000000000000000e+00,2.393186214400000011e+01,-2.689153198600000039e+01,0.000000000000000000e+00,2.689153198600000039e+01
7.327390690699999709e+00,-2.434507365700000037e+01,0.000000000000000000e+00,2.434507365700000037e+01,-2.714201721599999928e+01,0.000000000000000000e+00,2.714201721599999928e+01
7.347410610600000780e+00,-2.468241196900000034e+01,0.000000000000000000e+00,2.468241196900000034e+01,-2.735521841399999943e+01,0.000000000000000000e+00,2.735521841399999943e+01
7.367430530500000074e+00,-2.485162779899999919e+01,0.000000000000000000e+00,2.485162779899999919e+01,-2.750198419599999866e+01,0.000000000000000000e+00,2.750198419599999866e+01
7.387450450500000265e+00,-2.490481964099999956e+01,0.000000000000000000e+00,2.490481964099999956e+01,-2.752493485500000148e+01,0.000000000000000000e+00,2.752493485500000148e+01
7.407470370399999560e+00,-2.482024414500000020e+01,0.000000000000000000e+00,2.482024414500000020e+01,-2.737025438499999908e+01,0.000000000000000000e+00,2.737025438499999908e+01
7.427490290300000630e+00,-2.486665385899999947e+01,0.000000000000000000e+00,2.486665385899999947e+01,-2.723500836899999911e+01,0.000000000000000000e+00,2.723500836899999911e+01
7.447510210199999925e+00,-2.499178432200000088e+01,0.000000000000000000e+00,2.499178432200000088e+01,-2.709331900300000129e+01,0.000000000000000000e+00,2.709331900300000129e+01
7.467530130100000108e+00,-2.506730486600000063e+01,0.000000000000000000e+00,2.506730486600000063e+01,-2.694821635899999990e+01,0.000000000000000000e+00,2.694821635899999990e+01
7.487550050100000298e+00,-2.493607553200000027e+01,0.000000000000000000e+00,2.493607553200000027e+01,-2.690653347299999965e+01,0.000000000000000000e+00,2.690653347299999965e+01
7.507569969999999593e+00,-2.477781226300000128e+01,0.000000000000000000e+00,2.477781226300000128e+01,-2.678263957000000062e+01,0.000000000000000000e+00,2.678263957000000062e+01
7.527589889899999775e+00,-2.461473891900000055e+01,0.000000000000000000e+00,2.461473891900000055e+01,-2.669128046000000154e+01,0.000000000000000000e+00,2.669128046000000154e+01
7.547609809799999958e+00,-2.462510832899999969e+01,0.000000000000000000e+00,2.462510832899999969e+01,-2.668545964799999837e+01,0.000000000000000000e+00,2.668545964799999837e+01
7.567629729700000141e+00,-2.458595674000000031e+01,0.000000000000000000e+00,2.458595674000000031e+01,-2.664410285499999986e+01,0.000000000000000000e+00,2.664410285499999986e+01
7.587649649600000323e+00,-2.447518667399999970e+01,0.000000000000000000e+00,2.447518667399999970e+01,-2.666900588200000044e+01,0.000000000000000000e+00,2.666900588200000044e+01
7.607669569600000514e+00,-2.446580408299999831e+01,0.000000000000000000e+00,2.446580408299999831e+01,-2.674438251899999841e+01,0.000000000000000000e+00,2.674438251899999841e+01
7.627689489499999809e+00,-2.452374714300000136e+01,0.000000000000000000e+00,2.452374714300000136e+01,-2.676033828299999939e+01,0.000000000000000000e+00,2.676033828299999939e+01
7.647709409399999991e+00,-2.459939362200000090e+01,0.000000000000000000e+00,2.459939362200000090e+01,-2.680075150900000125e+01,0.000000000000000000e+00,2.680075150900000125e+01
7.667729329300000174e+00,-2.466287028200000009e+01,0.000000000000000000e+00,2.466287028200000009e+01,-2.682773786299999941e+01,0.000000000000000000e+00,2.682773786299999941e+01
7.687749249199999468e+00,-2.471993876399999834e+01,0.000000000000000000e+00,2.471993876399999834e+01,-2.687777025200000125e+01,0.000000000000000000e+00,2.687777025200000125e+01
7.707769169199999659e+00,-2.472509712000000093e+01,0.000000000000000000e+00,2.472509712000000093e+01,-2.694180297799999835e+01,0.000000000000000000e+00,2.694180297799999835e+01
7.727789089100000730e+00,-2.482566059399999858e+01,0.000000000000000000e+00,2.482566059399999858e+01,-2.692854175800000149e+01,0.000000000000000000e+00,2.692854175800000149e+01
7.747809009000000025e+00,-2.492234312600000123e+01,0.000000000000000000e+00,2.492234312600000123e+01,-2.686402073200000018e+01,0.000000000000000000e+00,2.686402073200000018e+01
7.767828928899999319e+00,-2.512437372799999835e+01,0.000000000000000000e+00,2.512437372799999835e+01,-2.671773272300000102e+01,0.000000000000000000e+00,2.671773272300000102e+01
7.787848848800000390e+00,-2.544078595699999923e+01,0.000000000000000000e+00,2.544078595699999923e+01,-2.645771874100000076e+01,0.000000000000000000e+00,2.645771874100000076e+01
7.807868768800000581e+00,-2.573042502299999867e+01,0.000000000000000000e+00,2.573042502299999867e+01,-2.624497536899999872e+01,0.000000000000000000e+00,2.624497536899999872e+01
7.827888688699999875e+00,-2.591096019500000125e+01,0.000000000000000000e+00,2.591096019500000125e+01,-2.601535105500000000e+01,0.000000000000000000e+00,2.601535105500000000e+01
7.847908608600000058e+00,-2.616739400799999871e+01,0.000000000000000000e+00,2.616739400799999871e+01,-2.590971027100000157e+01,0.000000000000000000e+00,2.590971027100000157e+01
7.867928528500000240e+00,-2.658268533000000033e+01,0.000000000000000000e+00,2.658268533000000033e+01,-2.580704629199999900e+01,0.000000000000000000e+00,2.580704629199999900e+01
7.887948448399999535e+00,-2.691932767899999845e+01,0.000000000000000000e+00,2.691932767899999845e+01,-2.574366973900000133e+01,0.000000000000000000e+00,2.574366973900000133e+01
7.907968368399999726e+00,-2.708323659299999875e+01,0.000000000000000000e+00,2.708323659299999875e+01,-2.572939804099999961e+01,0.000000000000000000e+00,2.572939804099999961e+01
7.927988288299999908e+00,-2.720687046800000175e+01,0.000000000000000000e+00,2.720687046800000175e+01,-2.582776208699999998e+01,0.000000000000000000e+00,2.582776208699999998e+01
7.948008208200000091e+00,-2.732279822499999966e+01,0.000000000000000000e+00,2.732279822499999966e+01,-2.587485162400000149e+01,0.000000000000000000e+00,2.587485162400000149e+01
7.968028128100000274e+00,-2.724616044200000076e+01,0.000000000000000000e+00,2.724616044200000076e+01,-2.601088546500000120e+01,0.000000000000000000e+00,2.601088546500000120e+01
7.988048047999999568e+00,-2.727587779299999937e+01,0.000000000000000000e+00,2.727587779299999937e+01,-2.614664709099999840e+01,0.000000000000000000e+00,2.614664709099999840e+01
8.008067968000000647e+00,-2.741897510500000124e+01,0.000000000000000000e+00,2.741897510500000124e+01,-2.624701340000000016e+01,0.000000000000000000e+00,2.624701340000000016e+01
8.028087887899999942e+00,-2.738832022000000066e+01,0.000000000000000000e+00,2.738832022000000066e+01,-2.629654216100000141e+01,0.000000000000000000e+00,2.629654216100000141e+01
8.048107807800001012e+00,-2.739631273099999831e+01,0.000000000000000000e+00,2.739631273099999831e+01,-2.636846123400000153e+01,0.000000000000000000e+00,2.636846123400000153e+01
8.068127727700000307e+00,-2.744662849499999879e+01,0.000000000000000000e+00,2.744662849499999879e+01,-2.647622459500000147e+01,0.000000000000000000e+00,2.647622459500000147e+01
8.088147647599999601e+00,-2.766646218099999999e+01,0.000000000000000000e+00,2.766646218099999999e+01,-2.644889281800000091e+01,0.000000000000000000e+00,2.644889281800000091e+01
8.108167567600000680e+00,-2.799209651600000015e+01,0.000000000000000000e+00,2.799209651600000015e+01,-2.637881458900000098e+01,0.000000000000000000e+00,2.637881458900000098e+01
8.128187487499999975e+00,-2.829256683799999905e+01,0.000000000000000000e+00,2.829256683799999905e+01,-2.634495455500000105e+01,0.000000000000000000e+00,2.634495455500000105e+01
8.148207407399999269e+00,-2.842341849199999970e+01,0.000000000000000000e+00,2.842341849199999970e+01,-2.620537237699999977e+01,0.000000000000000000e+00,2.620537237699999977e+01
8.168227327300000340e+00,-2.854137852199999870e+01,0.000000000000000000e+00,2.854137852199999870e+01,-2.600851774799999916e+01,0.000000000000000000e+00,2.600851774799999916e+01
8.188247247199999634e+00,-2.872344098299999970e+01,0.000000000000000000e+00,2.872344098299999970e+01,-2.575845841900000011e+01,0.000000000000000000e+00,2.575845841900000011e+01
8.208267167199998937e+00,-2.873865402099999855e+01,0.000000000000000000e+00,2.873865402099999855e+01,-2.550706568900000093e+01,0.000000000000000000e+00,2.550706568900000093e+01
8.228287087100000008e+00,-2.894915754799999874e+01,0.000000000000000000e+00,2.894915754799999874e+01,-2.529685310500000028e+01,0.000000000000000000e+00,2.529685310500000028e+01
8.248307006999999302e+00,-2.915638743899999952e+01,0.000000000000000000e+00,2.915638743899999952e+01,-2.517596471099999889e+01,0.000000000000000000e+00,2.517596471099999889e+01
8.268326926900000373e+00,-2.920580119999999980e+01,0.000000000000000000e+00,2.920580119999999980e+01,-2.502226414300000101e+01,0.000000000000000000e+00,2.502226414300000101e+01
8.288346846799999668e+00,-2.905685133000000064e+01,0.000000000000000000e+00,2.905685133000000064e+01,-2.497841957300000004e+01,0.000000000000000000e+00,2.497841957300000004e+01
8.308366766800000747e+00,-2.884485067199999975e+01,0.000000000000000000e+00,2.884485067199999975e+01,-2.496472654000000091e+01,0.000000000000000000e+00,2.496472654000000091e+01
8.328386686700000041e+00,-2.866246938300000124e+01,0.000000000000000000e+00,2.866246938300000124e+01,-2.494592626200000041e+01,0.000000000000000000e+00,2.494592626200000041e+01
8.348406606600001112e+00,-2.843329695399999935e+01,0.000000000000000000e+00,2.843329695399999935e+01,-2.490749469300000030e+01,0.000000000000000000e+00,2.490749469300000030e+01
8.368426526500000406e+00,-2.811828816999999958e+01,0.000000000000000000e+00,2.811828816999999958e+01,-2.503008908300000002e+01,0.000000000000000000e+00,2.503008908300000002e+01
8.388446446399999701e+00,-2.765107415299999971e+01,0.000000000000000000e+00,2.765107415299999971e+01,-2.518834014600000160e+01,0.000000000000000000e+00,2.518834014600000160e+01
8.408466366399999004e+00,-2.738088915799999867e+01,0.000000000000000000e+00,2.738088915799999867e+01,-2.548207449899999943e+01,0.000000000000000000e+00,2.548207449899999943e+01
8.428486286300000074e+00,-2.706393063799999865e+01,0.000000000000000000e+00,2.706393063799999865e+01,-2.578092643300000120e+01,0.000000000000000000e+00,2.578092643300000120e+01
8.448506206199999369e+00,-2.674476718800000086e+01,0.000000000000000000e+00,2.674476718800000086e+01,-2.616271837000000033e+01,0.000000000000000000e+00,2.616271837000000033e+01
8.468526126100000440e+00,-2.656809957100000119e+01,0.000000000000000000e+00,2.656809957100000119e+01,-2.651303451400000100e+01,0.000000000000000000e+00,2.651303451400000100e+01
8.488546045999999734e+00,-2.653362866399999831e+01,0.000000000000000000e+00,2.653362866399999831e+01,-2.696764586800000174e+01,0.000000000000000000e+00,2.696764586800000174e+01
8.508565966000000813e+00,-2.646479313500000075e+01,0.000000000000000000e+00,2.646479313500000075e+01,-2.731248468400000107e+01,0.000000000000000000e+00,2.731248468400000107e+01
8.528585885900000108e+00,-2.637118494899999988e+01,0.000000000000000000e+00,2.637118494899999988e+01,-2.750180764699999969e+01,0.000000000000000000e+00,2.750180764699999969e+01
8.548605805799999402e+00,-2.648467472200000117e+01,0.000000000000000000e+00,2.648467472200000117e+01,-2.761896096199999917e+01,0.000000000000000000e+00,2.761896096199999917e+01
8.568625725700000473e+00,-2.664565904599999868e+01,0.000000000000000000e+00,2.664565904599999868e+01,-2.784841021000000083e+01,0.000000000000000000e+00,2.784841021000000083e+01
8.588645645599999767e+00,-2.679050919499999850e+01,0.000000000000000000e+00,2.679050919499999850e+01,-2.793386007999999876e+01,0.000000000000000000e+00,2.793386007999999876e+01
8.608665565600000846e+00,-2.705244664299999968e+01,0.000000000000000000e+00,2.705244664299999968e+01,-2.784715279899999985e+01,0.000000000000000000e+00,2.784715279899999985e+01
8.628685485500000141e+00,-2.731184787700000172e+01,0.000000000000000000e+00,2.731184787700000172e+01,-2.778474177800000078e+01,0.000000000000000000e+00,2.778474177800000078e+01
8.648705405399999435e+00,-2.748916189499999874e+01,0.000000000000000000e+00,2.748916189499999874e+01,-2.766848365999999970e+01,0.000000000000000000e+00,2.766848365999999970e+01
8.668725325299998730e+00,-2.784108097600000065e+01,0.000000000000000000e+00,2.784108097600000065e+01,-2.763094285200000044e+01,0.000000000000000000e+00,2.763094285200000044e+01
8.688745245200001577e+00,-2.817077749399999931e+01,0.000000000000000000e+00,2.817077749399999931e+01,-2.763824536999999992e+01,0.000000000000000000e+00,2.763824536999999992e+01
8.708765165200000880e+00,-2.837360997000000040e+01,0.000000000000000000e+00,2.837360997000000040e+01,-2.765009297499999974e+01,0.000000000000000000e+00,2.765009297499999974e+01
8.728785085100000174e+00,-2.845606107500000093e+01,0.000000000000000000e+00,2.845606107500000093e+01,-2.769140297999999945e+01,0.000000000000000000e+00,2.769140297999999945e+01
8.748805004999999468e+00,-2.856859412200000037e+01,0.000000000000000000e+00,2.856859412200000037e+01,-2.781949488700000117e+01,0.000000000000000000e+00,2.781949488700000117e+01
8.768824924899998763e+00,-2.863027092800000162e+01,0.000000000000000000e+00,2.863027092800000162e+01,-2.780045927300000130e+01,0.000000000000000000e+00,2.780045927300000130e+01
8.788844844799999834e+00,-2.861873283399999934e+01,0.000000000000000000e+00,2.861873283399999934e+01,-2.759942720800000160e+01,0.000000000000000000e+00,2.759942720800000160e+01
8.808864764799999136e+00,-2.849799391199999832e+01,0.000000000000000000e+00,2.849799391199999832e+01,-2.767128605599999958e+01,0.000000000000000000e+00,2.767128605599999958e+01
8.828884684700000207e+00,-2.830327581499999923e+01,0.000000000000000000e+00,2.830327581499999923e+01,-2.764693769599999840e+01,0.000000000000000000e+00,2.764693769599999840e+01
8.848904604599999502e+00,-2.794334856400000078e+01,0.000000000000000000e+00,2.794334856400000078e+01,-2.765824188599999900e+01,0.000000000000000000e+00,2.765824188599999900e+01
8.868924524500000572e+00,-2.755331110399999872e+01,0.000000000000000000e+00,2.755331110399999872e+01,-2.775834673399999986e+01,0.000000000000000000e+00,2.775834673399999986e+01
8.888944444399999867e+00,-2.705379778400000035e+01,0.000000000000000000e+00,2.705379778400000035e+01,-2.793743366500000036e+01,0.000000000000000000e+00,2.793743366500000036e+01
8.908964364399999170e+00,-2.660607411000000155e+01,0.000000000000000000e+00,2.660607411000000155e+01,-2.801967617500000074e+01,0.000000000000000000e+00,2.801967617500000074e+01
8.928984284299998464e+00,-2.643186345699999862e+01,0.000000000000000000e+00,2.643186345699999862e+01,-2.826284361800000156e+01,0.000000000000000000e+00,2.826284361800000156e+01
8.949004204200001311e+00,-2.629045623300000045e+01,0.000000000000000000e+00,2.629045623300000045e+01,-2.866910188399999981e+01,0.000000000000000000e+00,2.866910188399999981e+01
8.969024124100000606e+00,-2.610275809999999908e+01,0.000000000000000000e+00,2.610275809999999908e+01,-2.899467082900000037e+01,0.000000000000000000e+00,2.899467082900000037e+01
8.989044043999999900e+00,-2.595639858399999866e+01,0.000000000000000000e+00,2.595639858399999866e+01,-2.945267078199999844e+01,0.000000000000000000e+00,2.945267078199999844e+01
9.009063963999999203e+00,-2.586123949299999936e+01,0.000000000000000000e+00,2.586123949299999936e+01,-2.970805383500000119e+01,0.000000000000000000e+00,2.970805383500000119e+01
9.029083883900000274e+00,-2.588078235300000074e+01,0.000000000000000000e+00,2.588078235300000074e+01,-3.005816968799999955e+01,0.000000000000000000e+00,3.005816968799999955e+01
9.049103803799999568e+00,-2.595886609900000153e+01,0.000000000000000000e+00,2.595886609900000153e+01,-3.026209502200000045e+01,0.000000000000000000e+00,3.026209502200000045e+01
9.069123723700000639e+00,-2.607229880899999941e+01,0.000000000000000000e+00,2.607229880899999941e+01,-3.041637397799999931e+01,0.000000000000000000e+00,3.041637397799999931e+01
9.089143643599999933e+00,-2.615500386800000143e+01,0.000000000000000000e+00,2.615500386800000143e+01,-3.039896491500000053e+01,0.000000000000000000e+00,3.039896491500000053e+01
9.109163563600001012e+00,-2.622883425699999904e+01,0.000000000000000000e+00,2.622883425699999904e+01,-3.041123148699999845e+01,0.000000000000000000e+00,3.041123148699999845e+01
9.129183483500000307e+00,-2.648621599100000168e+01,0.000000000000000000e+00,2.648621599100000168e+01,-3.035315419799999859e+01,0.000000000000000000e+00,3.035315419799999859e+01
9.149203403399999601e+00,-2.665757587599999923e+01,0.000000000000000000e+00,2.665757587599999923e+01,-3.010264656700000074e+01,0.000000000000000000e+00,3.010264656700000074e+01
9.169223323299998896e+00,-2.686567813699999974e+01,0.000000000000000000e+00,2.686567813699999974e+01,-2.999036468199999916e+01,0.000000000000000000e+00,2.999036468199999916e+01
9.189243243199999966e+00,-2.719238330800000014e+01,0.000000000000000000e+00,2.719238330800000014e+01,-2.994031235899999999e+01,0.000000000000000000e+00,2.994031235899999999e+01
9.209263163200001046e+00,-2.751862182300000015e+01,0.000000000000000000e+00,2.751862182300000015e+01,-2.994934646200000117e+01,0.000000000000000000e+00,2.994934646200000117e+01
9.229283083100000340e+00,-2.777522374300000152e+01,0.000000000000000000e+00,2.777522374300000152e+01,-2.998395621199999894e+01,0.000000000000000000e+00,2.998395621199999894e+01
9.249303002999999634e+00,-2.818135965200000115e+01,0.000000000000000000e+00,2.818135965200000115e+01,-3.014837419099999849e+01,0.000000000000000000e+00,3.014837419099999849e+01
9.269322922899998929e+00,-2.863180742500000164e+01,0.000000000000000000e+00,2.863180742500000164e+01,-3.042172758199999905e+01,0.000000000000000000e+00,3.042172758199999905e+01
9.289342842800000000e+00,-2.921041163599999990e+01,0.000000000000000000e+00,2.921041163599999990e+01,-3.070925688100000173e+01,0.000000000000000000e+00,3.070925688100000173e+01
9.309362762799999302e+00,-2.981878219100000038e+01,0.000000000000000000e+00,2.981878219100000038e+01,-3.120682320399999909e+01,0.000000000000000000e+00,3.120682320399999909e+01
9.329382682700000373e+00,-3.043729443899999865e+01,0.000000000000000000e+00,3.043729443899999865e+01,-3.166975712300000012e+01,0.000000000000000000e+00,3.166975712300000012e+01
9.349402602599999668e+00,-3.071936842199999873e+01,0.000000000000000000e+00,3.071936842199999873e+01,-3.192566682800000066e+01,0.000000000000000000e+00,3.192566682800000066e+01
9.369422522500000738e+00,-3.088097437700000114e+01,0.000000000000000000e+00,3.088097437700000114e+01,-3.217443056900000187e+01,0.000000000000000000e+00,3.217443056900000187e+01
9.389442442400000033e+00,-3.106787528199999926e+01,0.000000000000000000e+00,3.106787528199999926e+01,-3.219286869100000104e+01,0.000000000000000000e+00,3.219286869100000104e+01
9.409462362399999336e+00,-3.124456446499999984e+01,0.000000000000000000e+00,3.124456446499999984e+01,-3.225229927400000207e+01,0.000000000000000000e+00,3.225229927400000207e+01
9.429482282299998630e+00,-3.120884975199999900e+01,0.000000000000000000e+00,3.120884975199999900e+01,-3.232994121200000137e+01,0.000000000000000000e+00,3.232994121200000137e+01
9.449502202200001477e+00,-3.116843698599999968e+01,0.000000000000000000e+00,3.116843698599999968e+01,-3.242974659400000093e+01,0.000000000000000000e+00,3.242974659400000093e+01
9.469522122100000772e+00,-3.087784750899999864e+01,0.000000000000000000e+00,3.087784750899999864e+01,-3.236977435699999717e+01,0.000000000000000000e+00,3.236977435699999717e+01
9.489542042000000066e+00,-3.056380603399999885e+01,0.000000000000000000e+00,3.056380603399999885e+01,-3.239622014199999711e+01,0.000000000000000000e+00,3.239622014199999711e+01
9.509561961999999369e+00,-3.038996657499999898e+01,0.000000000000000000e+00,3.038996657499999898e+01,-3.238150890400000037e+01,0.000000000000000000e+00,3.238150890400000037e+01
9.529581881900000440e+00,-3.007853096699999895e+01,0.000000000000000000e+00,3.007853096699999895e+01,-3.225375275999999758e+01,0.000000000000000000e+00,3.225375275999999758e+01
9.549601801799999734e+00,-2.986118813399999894e+01,0.000000000000000000e+00,2.986118813399999894e+01,-3.226945691299999908e+01,0.000000000000000000e+00,3.226945691299999908e+01
9.569621721700000805e+00,-2.954568176500000121e+01,0.000000000000000000e+00,2.954568176500000121e+01,-3.220847963300000316e+01,0.000000000000000000e+00,3.220847963300000316e+01
9.589641641600000099e+00,-2.929384025999999963e+01,0.000000000000000000e+00,2.929384025999999963e+01,-3.204028446499999916e+01,0.000000000000000000e+00,3.204028446499999916e+01
9.609661561600001178e+00,-2.913379821899999911e+01,0.000000000000000000e+00,2.913379821899999911e+01,-3.174974819899999900e+01,0.000000000000000000e+00,3.174974819899999900e+01
9.629681481500000473e+00,-2.912611957800000084e+01,0.000000000000000000e+00,2.912611957800000084e+01,-3.136985760099999965e+01,0.000000000000000000e+00,3.136985760099999965e+01
9.649701401399999767e+00,-2.937994118700000001e+01,0.000000000000000000e+00,2.937994118700000001e+01,-3.114050464299999987e+01,0.000000000000000000e+00,3.114050464299999987e+01
9.669721321299999062e+00,-2.962866989799999828e+01,0.000000000000000000e+00,2.962866989799999828e+01,-3.088009827200000146e+01,0.000000000000000000e+00,3.088009827200000146e+01
9.689741241200000132e+00,-3.009402358099999830e+01,0.000000000000000000e+00,3.009402358099999830e+01,-3.058420837399999925e+01,0.000000000000000000e+00,3.058420837399999925e+01
9.709761161200001212e+00,-3.054221820200000082e+01,0.000000000000000000e+00,3.054221820200000082e+01,-3.032094111199999986e+01,0.000000000000000000e+00,3.032094111199999986e+01
9.729781081100000506e+00,-3.105949675300000123e+01,0.000000000000000000e+00,3.105949675300000123e+01,-3.000849908800000065e+01,0.000000000000000000e+00,3.000849908800000065e+01
9.749801000999999800e+00,-3.177757341999999952e+01,0.000000000000000000e+00,3.177757341999999952e+01,-2.974450469900000016e+01,0.000000000000000000e+00,2.974450469900000016e+01
9.769820920899999095e+00,-3.239142662500000114e+01,0.000000000000000000e+00,3.239142662500000114e+01,-2.960227893400000099e+01,0.000000000000000000e+00,2.960227893400000099e+01
9.789840840799998389e+00,-3.312838785800000352e+01,0.000000000000000000e+00,3.312838785800000352e+01,-2.940551427999999845e+01,0.000000000000000000e+00,2.940551427999999845e+01
9.809860760799999468e+00,-3.398329143600000180e+01,0.000000000000000000e+00,3.398329143600000180e+01,-2.924807156900000038e+01,0.000000000000000000e+00,2.924807156900000038e+01
9.829880680700000539e+00,-3.501721228000000252e+01,0.000000000000000000e+00,3.501721228000000252e+01,-2.914038650499999861e+01,0.000000000000000000e+00,2.914038650499999861e+01
9.849900600599999834e+00,-3.590081389200000217e+01,0.000000000000000000e+00,3.590081389200000217e+01,-2.902944182799999950e+01,0.000000000000000000e+00,2.902944182799999950e+01
9.869920520499999128e+00,-3.653814105299999682e+01,0.000000000000000000e+00,3.653814105299999682e+01,-2.895098230700000030e+01,0.000000000000000000e+00,2.895098230700000030e+01
9.889940440400000199e+00,-3.767522196800000245e+01,0.000000000000000000e+00,3.767522196800000245e+01,-2.888873330799999906e+01,0.000000000000000000e+00,2.888873330799999906e+01
9.909960360399999502e+00,-3.906599120700000327e+01,0.000000000000000000e+00,3.906599120700000327e+01,-2.884709853100000032e+01,0.000000000000000000e+00,2.884709853100000032e+01
9.929980280299998796e+00,-4.078993170399999713e+01,0.000000000000000000e+00,4.078993170399999713e+01,-2.880710309899999899e+01,0.000000000000000000e+00,2.880710309899999899e+01
9.950000200200001643e+00,-4.222810356400000131e+01,0.000000000000000000e+00,4.222810356400000131e+01,-2.885525118700000036e+01,0.000000000000000000e+00,2.885525118700000036e+01
9.970020120100000938e+00,-4.363857100199999905e+01,0.000000000000000000e+00,4.363857100199999905e+01,-2.888362545300000050e+01,0.000000000000000000e+00,2.888362545300000050e+01
9.990040040000000232e+00,-4.455398818900000180e+01,0.000000000000000000e+00,4.455398818900000180e+01,-2.882608872999999861e+01,0.000000000000000000e+00,2.882608872999999861e+01
1.001005995999999953e+01,-4.471088156799999780e+01,0.000000000000000000e+00,4.471088156799999780e+01,-2.893769241000000036e+01,0.000000000000000000e+00,2.893769241000000036e+01
1.003007988000000061e+01,-4.337639054499999958e+01,0.000000000000000000e+00,4.337639054499999958e+01,-2.912186260900000079e+01,0.000000000000000000e+00,2.912186260900000079e+01
1.005009979999999992e+01,-4.174514558700000322e+01,0.000000000000000000e+00,4.174514558700000322e+01,-2.911251110299999922e+01,0.000000000000000000e+00,2.911251110299999922e+01
1.007011971999999922e+01,-3.980448498599999851e+01,0.000000000000000000e+00,3.980448498599999851e+01,-2.908453506300000058e+01,0.000000000000000000e+00,2.908453506300000058e+01
1.009013964000000030e+01,-3.858590161699999754e+01,0.000000000000000000e+00,3.858590161699999754e+01,-2.911157122899999905e+01,0.000000000000000000e+00,2.911157122899999905e+01
1.011015955999999960e+01,-3.791136772800000188e+01,0.000000000000000000e+00,3.791136772800000188e+01,-2.914335387699999913e+01,0.000000000000000000e+00,2.914335387699999913e+01
1.013017947900000060e+01,-3.756773963199999855e+01,0.000000000000000000e+00,3.756773963199999855e+01,-2.921997084999999927e+01,0.000000000000000000e+00,2.921997084999999927e+01
1.015019939899999990e+01,-3.735538552500000264e+01,0.000000000000000000e+00,3.735538552500000264e+01,-2.926290826500000009e+01,0.000000000000000000e+00,2.926290826500000009e+01
1.017021931899999920e+01,-3.681727537700000141e+01,0.000000000000000000e+00,3.681727537700000141e+01,-2.930722752000000142e+01,0.000000000000000000e+00,2.930722752000000142e+01
1.019023923900000028e+01,-3.649728131300000200e+01,0.000000000000000000e+00,3.649728131300000200e+01,-2.939896723700000081e+01,0.000000000000000000e+00,2.939896723700000081e+01
1.021025915899999958e+01,-3.675804154499999754e+01,0.000000000000000000e+00,3.675804154499999754e+01,-2.939973777200000171e+01,0.000000000000000000e+00,2.939973777200000171e+01
1.023027907900000066e+01,-3.707661378699999943e+01,0.000000000000000000e+00,3.707661378699999943e+01,-2.953014707999999899e+01,0.000000000000000000e+00,2.953014707999999899e+01
1.025029899899999997e+01,-3.795568420699999734e+01,0.000000000000000000e+00,3.795568420699999734e+01,-2.969477691799999874e+01,0.000000000000000000e+00,2.969477691799999874e+01
1.027031891899999927e+01,-3.908018875700000194e+01,0.000000000000000000e+00,3.908018875700000194e+01,-2.987788131299999961e+01,0.000000000000000000e+00,2.987788131299999961e+01
1.029033883900000035e+01,-3.997217541900000271e+01,0.000000000000000000e+00,3.997217541900000271e+01,-3.007634028000000015e+01,0.000000000000000000e+00,3.007634028000000015e+01
1.031035875899999965e+01,-4.114462191700000204e+01,0.000000000000000000e+00,4.114462191700000204e+01,-3.029434460499999915e+01,0.000000000000000000e+00,3.029434460499999915e+01
1.033037867900000073e+01,-4.335863637100000290e+01,0.000000000000000000e+00,4.335863637100000290e+01,-3.077545681999999871e+01,0.000000000000000000e+00,3.077545681999999871e+01
1.035039859900000003e+01,-4.664861772199999734e+01,0.000000000000000000e+00,4.664861772199999734e+01,-3.112495159299999870e+01,0.000000000000000000e+00,3.112495159299999870e+01
1.037041851899999934e+01,-5.295454481499999844e+01,0.000000000000000000e+00,5.295454481499999844e+01,-3.164089437599999854e+01,0.000000000000000000e+00,3.164089437599999854e+01
1.039043843800000033e+01,-6.022856208500000008e+01,0.000000000000000000e+00,6.022856208500000008e+01,-3.199639683899999909e+01,0.000000000000000000e+00,3.199639683899999909e+01
1.041045835799999963e+01,-5.119509459500000048e+01,0.000000000000000000e+00,5.119509459500000048e+01,-3.223901841299999660e+01,0.000000000000000000e+00,3.223901841299999660e+01
1.043047827800000071e+01,-4.616244480299999964e+01,0.000000000000000000e+00,4.616244480299999964e+01,-3.226757556399999771e+01,0.000000000000000000e+00,3.226757556399999771e+01
1.045049819800000002e+01,-4.290787893200000269e+01,0.000000000000000000e+00,4.290787893200000269e+01,-3.205496553300000073e+01,0.000000000000000000e+00,3.205496553300000073e+01
1.047051811799999932e+01,-4.031398778799999860e+01,0.000000000000000000e+00,4.031398778799999860e+01,-3.191236868200000032e+01,0.000000000000000000e+00,3.191236868200000032e+01
1.049053803800000040e+01,-3.815637288399999960e+01,0.000000000000000000e+00,3.815637288399999960e+01,-3.158527226800000065e+01,0.000000000000000000e+00,3.158527226800000065e+01
1.051055795799999970e+01,-3.670017666399999712e+01,0.000000000000000000e+00,3.670017666399999712e+01,-3.134659140200000138e+01,0.000000000000000000e+00,3.134659140200000138e+01
1.053057787800000078e+01,-3.579128031100000129e+01,0.000000000000000000e+00,3.579128031100000129e+01,-3.115391676000000132e+01,0.000000000000000000e+00,3.115391676000000132e+01
1.055059779800000008e+01,-3.492207019100000309e+01,0.000000000000000000e+00,3.492207019100000309e+01,-3.114364457900000005e+01,0.000000000000000000e+00,3.114364457900000005e+01
1.057061771799999939e+01,-3.417840724599999902e+01,0.000000000000000000e+00,3.417840724599999902e+01,-3.108789494000000175e+01,0.000000000000000000e+00,3.108789494000000175e+01
1.059063763800000046e+01,-3.347027917100000138e+01,0.000000000000000000e+00,3.347027917100000138e+01,-3.124452609400000114e+01,0.000000000000000000e+00,3.124452609400000114e+01
1.061065755799999977e+01,-3.271757436200000058e+01,0.000000000000000000e+00,3.271757436200000058e+01,-3.145522230399999941e+01,0.000000000000000000e+00,3.145522230399999941e+01
1.063067747700000076e+01,-3.232766192300000085e+01,0.000000000000000000e+00,3.232766192300000085e+01,-3.177936667299999840e+01,0.000000000000000000e+00,3.177936667299999840e+01
1.065069739700000007e+01,-3.191417755699999859e+01,0.000000000000000000e+00,3.191417755699999859e+01,-3.232402534500000257e+01,0.000000000000000000e+00,3.232402534500000257e+01
1.067071731699999937e+01,-3.172088548099999983e+01,0.000000000000000000e+00,3.172088548099999983e+01,-3.293113919799999678e+01,0.000000000000000000e+00,3.293113919799999678e+01
1.069073723700000045e+01,-3.150890563000000100e+01,0.000000000000000000e+00,3.150890563000000100e+01,-3.366136122099999994e+01,0.000000000000000000e+00,3.366136122099999994e+01
1.071075715699999975e+01,-3.140585461899999942e+01,0.000000000000000000e+00,3.140585461899999942e+01,-3.445942270500000149e+01,0.000000000000000000e+00,3.445942270500000149e+01
1.073077707700000083e+01,-3.128073452799999998e+01,0.000000000000000000e+00,3.128073452799999998e+01,-3.501101439499999657e+01,0.000000000000000000e+00,3.501101439499999657e+01
1.075079699700000013e+01,-3.113180295800000152e+01,0.000000000000000000e+00,3.113180295800000152e+01,-3.567847270200000054e+01,0.000000000000000000e+00,3.567847270200000054e+01
1.077081691699999944e+01,-3.119231064299999900e+01,0.000000000000000000e+00,3.119231064299999900e+01,-3.643524932399999727e+01,0.000000000000000000e+00,3.643524932399999727e+01
1.079083683700000051e+01,-3.143112374200000048e+01,0.000000000000000000e+00,3.143112374200000048e+01,-3.700447238800000349e+01,0.000000000000000000e+00,3.700447238800000349e+01
1.081085675699999982e+01,-3.172839370799999870e+01,0.000000000000000000e+00,3.172839370799999870e+01,-3.748123345999999856e+01,0.000000000000000000e+00,3.748123345999999856e+01
1.083087667699999912e+01,-3.200082783500000261e+01,0.000000000000000000e+00,3.200082783500000261e+01,-3.807257596800000243e+01,0.000000000000000000e+00,3.807257596800000243e+01
1.085089659700000020e+01,-3.249260200900000228e+01,0.000000000000000000e+00,3.249260200900000228e+01,-3.816859544799999782e+01,0.000000000000000000e+00,3.816859544799999782e+01
1.087091651699999950e+01,-3.293967256399999854e+01,0.000000000000000000e+00,3.293967256399999854e+01,-3.825720850300000109e+01,0.000000000000000000e+00,3.825720850300000109e+01
1.089093643600000050e+01,-3.382117803100000231e+01,0.000000000000000000e+00,3.382117803100000231e+01,-3.771048353399999797e+01,0.000000000000000000e+00,3.771048353399999797e+01
1.091095635599999980e+01,-3.482848024700000167e+01,0.000000000000000000e+00,3.482848024700000167e+01,-3.722576090500000134e+01,0.000000000000000000e+00,3.722576090500000134e+01
1.093097627600000088e+01,-3.587536052600000147e+01,0.000000000000000000e+00,3.587536052600000147e+01,-3.689640513399999833e+01,0.000000000000000000e+00,3.689640513399999833e+01
1.095099619600000018e+01,-3.738801118300000326e+01,0.000000000000000000e+00,3.738801118300000326e+01,-3.678894073000000020e+01,0.000000000000000000e+00,3.678894073000000020e+01
1.097101611599999949e+01,-3.936594883699999770e+01,0.000000000000000000e+00,3.936594883699999770e+01,-3.664333866900000203e+01,0.000000000000000000e+00,3.664333866900000203e+01
1.099103603600000056e+01,-4.177188582800000205e+01,0.000000000000000000e+00,4.177188582800000205e+01,-3.678851610099999903e+01,0.000000000000000000e+00,3.678851610099999903e+01
1.101105595599999987e+01,-4.411872885199999672e+01,0.000000000000000000e+00,4.411872885199999672e+01,-3.704132267500000353e+01,0.000000000000000000e+00,3.704132267500000353e+01
1.103107587599999917e+01,-4.679838633600000009e+01,0.000000000000000000e+00,4.679838633600000009e+01,-3.710525265700000119e+01,0.000000000000000000e+00,3.710525265700000119e+01
1.105109579600000025e+01,-4.932392181499999850e+01,0.000000000000000000e+00,4.932392181499999850e+01,-3.729079812999999888e+01,0.000000000000000000e+00,3.729079812999999888e+01
1.107111571599999955e+01,-4.925948877500000123e+01,0.000000000000000000e+00,4.925948877500000123e+01,-3.770018602900000104e+01,0.000000000000000000e+00,3.770018602900000104e+01
1.109113563600000063e+01,-4.646852695100000119e+01,0.000000000000000000e+00,4.646852695100000119e+01,-3.775751799399999697e+01,0.000000000000000000e+00,3.775751799399999697e+01
1.111115555599999993e+01,-4.368453364300000175e+01,0.000000000000000000e+00,4.368453364300000175e+01,-3.797132338299999788e+01,0.000000000000000000e+00,3.797132338299999788e+01
1.113117547499999915e+01,-4.248825784499999969e+01,0.000000000000000000e+00,4.248825784499999969e+01,-3.829024470899999955e+01,0.000000000000000000e+00,3.829024470899999955e+01
1.115119539500000023e+01,-4.169836688600000230e+01,0.000000000000000000e+00,4.169836688600000230e+01,-3.815964932199999993e+01,0.000000000000000000e+00,3.815964932199999993e+01
1.117121531499999953e+01,-4.041408279800000258e+01,0.000000000000000000e+00,4.041408279800000258e+01,-3.816680312799999797e+01,0.000000000000000000e+00,3.816680312799999797e+01
1.119123523500000061e+01,-3.950534054500000281e+01,0.000000000000000000e+00,3.950534054500000281e+01,-3.773749628499999886e+01,0.000000000000000000e+00,3.773749628499999886e+01
1.121125515499999992e+01,-3.856006312699999938e+01,0.000000000000000000e+00,3.856006312699999938e+01,-3.686150299799999885e+01,0.000000000000000000e+00,3.686150299799999885e+01
1.123127507499999922e+01,-3.787694422199999877e+01,0.000000000000000000e+00,3.787694422199999877e+01,-3.640152533999999918e+01,0.000000000000000000e+00,3.640152533999999918e+01
1.125129499500000030e+01,-3.752417301900000268e+01,0.000000000000000000e+00,3.752417301900000268e+01,-3.570773699000000079e+01,0.000000000000000000e+00,3.570773699000000079e+01
1.127131491499999960e+01,-3.760464729800000327e+01,0.000000000000000000e+00,3.760464729800000327e+01,-3.517290717499999886e+01,0.000000000000000000e+00,3.517290717499999886e+01
1.129133483500000068e+01,-3.798888712299999781e+01,0.000000000000000000e+00,3.798888712299999781e+01,-3.486709490900000219e+01,0.000000000000000000e+00,3.486709490900000219e+01
1.131135475499999998e+01,-3.821413468000000080e+01,0.000000000000000000e+00,3.821413468000000080e+01,-3.461446698999999683e+01,0.000000000000000000e+00,3.461446698999999683e+01
1.133137467499999929e+01,-3.846755875600000252e+01,0.000000000000000000e+00,3.846755875600000252e+01,-3.448634624700000018e+01,0.000000000000000000e+00,3.448634624700000018e+01
1.135139459500000036e+01,-3.845331115300000135e+01,0.000000000000000000e+00,3.845331115300000135e+01,-3.430291727099999832e+01,0.000000000000000000e+00,3.430291727099999832e+01
1.137141451499999967e+01,-3.883472495200000196e+01,0.000000000000000000e+00,3.883472495200000196e+01,-3.386164657799999844e+01,0.000000000000000000e+00,3.386164657799999844e+01
1.139143443400000066e+01,-3.902761607499999741e+01,0.000000000000000000e+00,3.902761607499999741e+01,-3.370356341400000133e+01,0.000000000000000000e+00,3.370356341400000133e+01
1.141145435399999997e+01,-3.887398840400000211e+01,0.000000000000000000e+00,3.887398840400000211e+01,-3.339500800900000144e+01,0.000000000000000000e+00,3.339500800900000144e+01
1.143147427399999927e+01,-3.823637390199999686e+01,0.000000000000000000e+00,3.823637390199999686e+01,-3.320986950799999704e+01,0.000000000000000000e+00,3.320986950799999704e+01
1.145149419400000035e+01,-3.742682786999999678e+01,0.000000000000000000e+00,3.742682786999999678e+01,-3.314644923099999829e+01,0.000000000000000000e+00,3.314644923099999829e+01
1.147151411399999965e+01,-3.696930899800000248e+01,0.000000000000000000e+00,3.696930899800000248e+01,-3.309680951099999646e+01,0.000000000000000000e+00,3.309680951099999646e+01
1.149153403400000073e+01,-3.629211805999999996e+01,0.000000000000000000e+00,3.629211805999999996e+01,-3.297277372399999962e+01,0.000000000000000000e+00,3.297277372399999962e+01
1.151155395400000003e+01,-3.535363176799999962e+01,0.000000000000000000e+00,3.535363176799999962e+01,-3.305266315000000077e+01,0.000000000000000000e+00,3.305266315000000077e+01
1.153157387399999934e+01,-3.460214691400000220e+01,0.000000000000000000e+00,3.460214691400000220e+01,-3.340911565999999766e+01,0.000000000000000000e+00,3.340911565999999766e+01
1.155159379400000041e+01,-3.361157466800000293e+01,0.000000000000000000e+00,3.361157466800000293e+01,-3.376700657800000016e+01,0.000000000000000000e+00,3.376700657800000016e+01
1.157161371399999972e+01,-3.257646633000000236e+01,0.000000000000000000e+00,3.257646633000000236e+01,-3.422631880499999824e+01,0.000000000000000000e+00,3.422631880499999824e+01
1.159163363400000080e+01,-3.184306701699999920e+01,0.000000000000000000e+00,3.184306701699999920e+01,-3.485055062499999678e+01,0.000000000000000000e+00,3.485055062499999678e+01
1.161165355400000010e+01,-3.127651551099999949e+01,0.000000000000000000e+00,3.127651551099999949e+01,-3.560852964000000043e+01,0.000000000000000000e+00,3.560852964000000043e+01
1.163167347299999932e+01,-3.063161246900000023e+01,0.000000000000000000e+00,3.063161246900000023e+01,-3.664497131099999905e+01,0.000000000000000000e+00,3.664497131099999905e+01
1.165169339300000040e+01,-3.020543117200000083e+01,0.000000000000000000e+00,3.020543117200000083e+01,-3.796055765399999871e+01,0.000000000000000000e+00,3.796055765399999871e+01
1.167171331299999970e+01,-2.992364536299999855e+01,0.000000000000000000e+00,2.992364536299999855e+01,-3.924254589800000304e+01,0.000000000000000000e+00,3.924254589800000304e+01
1.169173323300000078e+01,-2.954319304999999929e+01,0.000000000000000000e+00,2.954319304999999929e+01,-4.065865493700000144e+01,0.000000000000000000e+00,4.065865493700000144e+01
1.171175315300000008e+01,-2.920303842999999944e+01,0.000000000000000000e+00,2.920303842999999944e+01,-4.223274112200000019e+01,0.000000000000000000e+00,4.223274112200000019e+01
1.173177307299999939e+01,-2.916212563999999929e+01,0.000000000000000000e+00,2.916212563999999929e+01,-4.398060310900000047e+01,0.000000000000000000e+00,4.398060310900000047e+01
1.175179299300000046e+01,-2.905177672299999969e+01,0.000000000000000000e+00,2.905177672299999969e+01,-4.536181459099999813e+01,0.000000000000000000e+00,4.536181459099999813e+01
1.177181291299999977e+01,-2.903000131900000014e+01,0.000000000000000000e+00,2.903000131900000014e+01,-4.550406271899999666e+01,0.000000000000000000e+00,4.550406271899999666e+01
1.179183283300000085e+01,-2.909670490599999937e+01,0.000000000000000000e+00,2.909670490599999937e+01,-4.593172684999999689e+01,0.000000000000000000e+00,4.593172684999999689e+01
1.181185275300000015e+01,-2.911917696900000152e+01,0.000000000000000000e+00,2.911917696900000152e+01,-4.495174019899999962e+01,0.000000000000000000e+00,4.495174019899999962e+01
1.183187267299999945e+01,-2.926263427700000008e+01,0.000000000000000000e+00,2.926263427700000008e+01,-4.470942804999999964e+01,0.000000000000000000e+00,4.470942804999999964e+01
1.185189259300000053e+01,-2.944691878600000123e+01,0.000000000000000000e+00,2.944691878600000123e+01,-4.432254139900000212e+01,0.000000000000000000e+00,4.432254139900000212e+01
1.187191251299999983e+01,-2.974487845299999833e+01,0.000000000000000000e+00,2.974487845299999833e+01,-4.385949147800000247e+01,0.000000000000000000e+00,4.385949147800000247e+01
1.189193243200000083e+01,-2.993280789299999967e+01,0.000000000000000000e+00,2.993280789299999967e+01,-4.374633722200000108e+01,0.000000000000000000e+00,4.374633722200000108e+01
1.191195235200000013e+01,-3.021596109800000107e+01,0.000000000000000000e+00,3.021596109800000107e+01,-4.412697054899999927e+01,0.000000000000000000e+00,4.412697054899999927e+01
1.193197227199999944e+01,-3.070525326399999955e+01,0.000000000000000000e+00,3.070525326399999955e+01,-4.370363573800000268e+01,0.000000000000000000e+00,4.370363573800000268e+01
1.195199219200000051e+01,-3.131504357100000036e+01,0.000000000000000000e+00,3.131504357100000036e+01,-4.350834919100000064e+01,0.000000000000000000e+00,4.350834919100000064e+01
1.197201211199999982e+01,-3.176434542499999836e+01,0.000000000000000000e+00,3.176434542499999836e+01,-4.344292891900000342e+01,0.000000000000000000e+00,4.344292891900000342e+01
1.199203203199999912e+01,-3.243702231500000011e+01,0.000000000000000000e+00,3.243702231500000011e+01,-4.297384506400000248e+01,0.000000000000000000e+00,4.297384506400000248e+01
1.201205195200000020e+01,-3.307253943700000320e+01,0.000000000000000000e+00,3.307253943700000320e+01,-4.254355140300000215e+01,0.000000000000000000e+00,4.254355140300000215e+01
1.203207187199999950e+01,-3.391602336999999778e+01,0.000000000000000000e+00,3.391602336999999778e+01,-4.191596451899999920e+01,0.000000000000000000e+00,4.191596451899999920e+01
1.205209179200000058e+01,-3.498179641800000184e+01,0.000000000000000000e+00,3.498179641800000184e+01,-4.147663868099999718e+01,0.000000000000000000e+00,4.147663868099999718e+01
1.207211171199999988e+01,-3.576195312499999801e+01,0.000000000000000000e+00,3.576195312499999801e+01,-4.089384797200000321e+01,0.000000000000000000e+00,4.089384797200000321e+01
1.209213163199999919e+01,-3.638390183799999988e+01,0.000000000000000000e+00,3.638390183799999988e+01,-4.066523647300000022e+01,0.000000000000000000e+00,4.066523647300000022e+01
1.211215155200000027e+01,-3.740509209900000087e+01,0.000000000000000000e+00,3.740509209900000087e+01,-3.994628072399999752e+01,0.000000000000000000e+00,3.994628072399999752e+01
1.213217147099999949e+01,-3.774270378199999953e+01,0.000000000000000000e+00,3.774270378199999953e+01,-3.999121254100000300e+01,0.000000000000000000e+00,3.999121254100000300e+01
1.215219139100000056e+01,-3.773734490799999719e+01,0.000000000000000000e+00,3.773734490799999719e+01,-3.998839878599999764e+01,0.000000000000000000e+00,3.998839878599999764e+01
1.217221131099999987e+01,-3.731463003999999728e+01,0.000000000000000000e+00,3.731463003999999728e+01,-3.973545047799999708e+01,0.000000000000000000e+00,3.973545047799999708e+01
1.219223123099999917e+01,-3.699631693300000279e+01,0.000000000000000000e+00,3.699631693300000279e+01,-3.929655990199999849e+01,0.000000000000000000e+00,3.929655990199999849e+01
1.221225115100000025e+01,-3.657731387799999823e+01,0.000000000000000000e+00,3.657731387799999823e+01,-3.835250450200000216e+01,0.000000000000000000e+00,3.835250450200000216e+01
1.223227107099999955e+01,-3.629775455600000100e+01,0.000000000000000000e+00,3.629775455600000100e+01,-3.766262982599999987e+01,0.000000000000000000e+00,3.766262982599999987e+01
1.225229099100000063e+01,-3.572908813800000161e+01,0.000000000000000000e+00,3.572908813800000161e+01,-3.692480480500000084e+01,0.000000000000000000e+00,3.692480480500000084e+01
1.227231091099999993e+01,-3.482952817399999645e+01,0.000000000000000000e+00,3.482952817399999645e+01,-3.611287855100000144e+01,0.000000000000000000e+00,3.611287855100000144e+01
1.229233083099999924e+01,-3.430191656800000288e+01,0.000000000000000000e+00,3.430191656800000288e+01,-3.603035000300000235e+01,0.000000000000000000e+00,3.603035000300000235e+01
1.231235075100000032e+01,-3.375311178300000137e+01,0.000000000000000000e+00,3.375311178300000137e+01,-3.561854617000000189e+01,0.000000000000000000e+00,3.561854617000000189e+01
1.233237067099999962e+01,-3.361998955100000330e+01,0.000000000000000000e+00,3.361998955100000330e+01,-3.530949910700000061e+01,0.000000000000000000e+00,3.530949910700000061e+01
1.235239059100000070e+01,-3.291325952799999754e+01,0.000000000000000000e+00,3.291325952799999754e+01,-3.558254266800000210e+01,0.000000000000000000e+00,3.558254266800000210e+01
1.237241051100000000e+01,-3.250506710900000229e+01,0.000000000000000000e+00,3.250506710900000229e+01,-3.609651998199999667e+01,0.000000000000000000e+00,3.609651998199999667e+01
1.239243042999999922e+01,-3.248275324800000163e+01,0.000000000000000000e+00,3.248275324800000163e+01,-3.702264156500000070e+01,0.000000000000000000e+00,3.702264156500000070e+01
1.241245035000000030e+01,-3.263432130199999648e+01,0.000000000000000000e+00,3.263432130199999648e+01,-3.794268585300000041e+01,0.000000000000000000e+00,3.794268585300000041e+01
1.243247026999999960e+01,-3.276942939599999960e+01,0.000000000000000000e+00,3.276942939599999960e+01,-3.915380421399999733e+01,0.000000000000000000e+00,3.915380421399999733e+01
1.245249019000000068e+01,-3.295734802500000171e+01,0.000000000000000000e+00,3.295734802500000171e+01,-4.022343071099999889e+01,0.000000000000000000e+00,4.022343071099999889e+01
1.247251010999999998e+01,-3.318351272599999646e+01,0.000000000000000000e+00,3.318351272599999646e+01,-4.119801809700000206e+01,0.000000000000000000e+00,4.119801809700000206e+01
1.249253002999999929e+01,-3.346055854800000162e+01,0.000000000000000000e+00,3.346055854800000162e+01,-4.215047590799999710e+01,0.000000000000000000e+00,4.215047590799999710e+01
1.251254995000000036e+01,-3.375509802199999854e+01,0.000000000000000000e+00,3.375509802199999854e+01,-4.298772316200000176e+01,0.000000000000000000e+00,4.298772316200000176e+01
1.253256986999999967e+01,-3.416578828699999804e+01,0.000000000000000000e+00,3.416578828699999804e+01,-4.294706130299999813e+01,0.000000000000000000e+00,4.294706130299999813e+01
1.255258979000000075e+01,-3.484528433199999853e+01,0.000000000000000000e+00,3.484528433199999853e+01,-4.251265805500000283e+01,0.000000000000000000e+00,4.251265805500000283e+01
1.257260971000000005e+01,-3.554523331299999711e+01,0.000000000000000000e+00,3.554523331299999711e+01,-4.018118505500000026e+01,0.000000000000000000e+00,4.018118505500000026e+01
1.259262962999999935e+01,-3.559425653099999920e+01,0.000000000000000000e+00,3.559425653099999920e+01,-3.832096000800000013e+01,0.000000000000000000e+00,3.832096000800000013e+01
1.261264955000000043e+01,-3.568535213199999845e+01,0.000000000000000000e+00,3.568535213199999845e+01,-3.710762155199999768e+01,0.000000000000000000e+00,3.710762155199999768e+01
1.263266946899999965e+01,-3.559546553999999929e+01,0.000000000000000000e+00,3.559546553999999929e+01,-3.577355893899999728e+01,0.000000000000000000e+00,3.577355893899999728e+01
1.265268938900000073e+01,-3.583548357099999748e+01,0.000000000000000000e+00,3.583548357099999748e+01,-3.452728718099999838e+01,0.000000000000000000e+00,3.452728718099999838e+01
1.267270930900000003e+01,-3.607316252199999695e+01,0.000000000000000000e+00,3.607316252199999695e+01,-3.360996167300000081e+01,0.000000000000000000e+00,3.360996167300000081e+01
1.269272922899999934e+01,-3.610608511099999873e+01,0.000000000000000000e+00,3.610608511099999873e+01,-3.282449632499999836e+01,0.000000000000000000e+00,3.282449632499999836e+01
1.271274914900000041e+01,-3.552172364500000157e+01,0.000000000000000000e+00,3.552172364500000157e+01,-3.235903329899999648e+01,0.000000000000000000e+00,3.235903329899999648e+01
1.273276906899999972e+01,-3.477247378999999938e+01,0.000000000000000000e+00,3.477247378999999938e+01,-3.237313034700000003e+01,0.000000000000000000e+00,3.237313034700000003e+01
1.275278898900000080e+01,-3.400134813900000097e+01,0.000000000000000000e+00,3.400134813900000097e+01,-3.265934416199999646e+01,0.000000000000000000e+00,3.265934416199999646e+01
1.277280890900000010e+01,-3.334081078599999870e+01,0.000000000000000000e+00,3.334081078599999870e+01,-3.379502403600000093e+01,0.000000000000000000e+00,3.379502403600000093e+01
1.279282882899999940e+01,-3.341910129200000057e+01,0.000000000000000000e+00,3.341910129200000057e+01,-3.545266331700000251e+01,0.000000000000000000e+00,3.545266331700000251e+01
1.281284874900000048e+01,-3.362314019099999740e+01,0.000000000000000000e+00,3.362314019099999740e+01,-3.701363736700000118e+01,0.000000000000000000e+00,3.701363736700000118e+01
1.283286866899999978e+01,-3.363127430000000118e+01,0.000000000000000000e+00,3.363127430000000118e+01,-3.817977167400000127e+01,0.000000000000000000e+00,3.817977167400000127e+01
1.285288858900000086e+01,-3.305559959099999645e+01,0.000000000000000000e+00,3.305559959099999645e+01,-3.919704747899999830e+01,0.000000000000000000e+00,3.919704747899999830e+01
1.287290850900000017e+01,-3.264764259599999718e+01,0.000000000000000000e+00,3.264764259599999718e+01,-4.106967129899999946e+01,0.000000000000000000e+00,4.106967129899999946e+01
1.289292842799999939e+01,-3.265737819600000336e+01,0.000000000000000000e+00,3.265737819600000336e+01,-4.351409941899999723e+01,0.000000000000000000e+00,4.351409941899999723e+01
1.291294834800000046e+01,-3.273291860300000167e+01,0.000000000000000000e+00,3.273291860300000167e+01,-4.590170575500000183e+01,0.000000000000000000e+00,4.590170575500000183e+01
1.293296826799999977e+01,-3.288178641700000071e+01,0.000000000000000000e+00,3.288178641700000071e+01,-4.853864496500000314e+01,0.000000000000000000e+00,4.853864496500000314e+01
1.295298818800000085e+01,-3.323000935700000014e+01,0.000000000000000000e+00,3.323000935700000014e+01,-5.541548863399999902e+01,0.000000000000000000e+00,5.541548863399999902e+01
1.297300810800000015e+01,-3.359920987900000000e+01,0.000000000000000000e+00,3.359920987900000000e+01,-6.135096738600000066e+01,0.000000000000000000e+00,6.135096738600000066e+01
1.299302802799999945e+01,-3.432825590800000271e+01,0.000000000000000000e+00,3.432825590800000271e+01,-5.295736658199999880e+01,0.000000000000000000e+00,5.295736658199999880e+01
1.301304794800000053e+01,-3.535527379900000255e+01,0.000000000000000000e+00,3.535527379900000255e+01,-4.826743208500000293e+01,0.000000000000000000e+00,4.826743208500000293e+01
1.303306786799999983e+01,-3.639132382500000062e+01,0.000000000000000000e+00,3.639132382500000062e+01,-4.550379986200000104e+01,0.000000000000000000e+00,4.550379986200000104e+01
1.305308778799999914e+01,-3.749960654499999890e+01,0.000000000000000000e+00,3.749960654499999890e+01,-4.369693024899999756e+01,0.000000000000000000e+00,4.369693024899999756e+01
1.307310770800000022e+01,-3.867275356799999741e+01,0.000000000000000000e+00,3.867275356799999741e+01,-4.092109402999999901e+01,0.000000000000000000e+00,4.092109402999999901e+01
1.309312762799999952e+01,-4.025311153599999869e+01,0.000000000000000000e+00,4.025311153599999869e+01,-3.928260390399999835e+01,0.000000000000000000e+00,3.928260390399999835e+01
1.311314754800000060e+01,-4.258034026600000033e+01,0.000000000000000000e+00,4.258034026600000033e+01,-3.791691796599999975e+01,0.000000000000000000e+00,3.791691796599999975e+01
1.313316746699999982e+01,-4.607808460100000048e+01,0.000000000000000000e+00,4.607808460100000048e+01,-3.690984198000000305e+01,0.000000000000000000e+00,3.690984198000000305e+01
1.315318738699999912e+01,-5.263034892200000314e+01,0.000000000000000000e+00,5.263034892200000314e+01,-3.648083724399999994e+01,0.000000000000000000e+00,3.648083724399999994e+01
1.317320730700000020e+01,-4.959495799799999816e+01,0.000000000000000000e+00,4.959495799799999816e+01,-3.566707717999999971e+01,0.000000000000000000e+00,3.566707717999999971e+01
1.319322722699999950e+01,-4.391093699599999667e+01,0.000000000000000000e+00,4.391093699599999667e+01,-3.488678366700000311e+01,0.000000000000000000e+00,3.488678366700000311e+01
1.321324714700000058e+01,-4.048014200699999776e+01,0.000000000000000000e+00,4.048014200699999776e+01,-3.365209449599999658e+01,0.000000000000000000e+00,3.365209449599999658e+01
1.323326706699999988e+01,-3.776889825800000011e+01,0.000000000000000000e+00,3.776889825800000011e+01,-3.277116546100000249e+01,0.000000000000000000e+00,3.277116546100000249e+01
1.325328698699999919e+01,-3.563722073299999948e+01,0.000000000000000000e+00,3.563722073299999948e+01,-3.228688353300000102e+01,0.000000000000000000e+00,3.228688353300000102e+01
1.327330690700000027e+01,-3.421817044499999838e+01,0.000000000000000000e+00,3.421817044499999838e+01,-3.224841574700000280e+01,0.000000000000000000e+00,3.224841574700000280e+01
1.329332682699999957e+01,-3.308544348699999915e+01,0.000000000000000000e+00,3.308544348699999915e+01,-3.235675953700000207e+01,0.000000000000000000e+00,3.235675953700000207e+01
1.331334674700000065e+01,-3.250496590699999899e+01,0.000000000000000000e+00,3.250496590699999899e+01,-3.234019561400000242e+01,0.000000000000000000e+00,3.234019561400000242e+01
1.333336666699999995e+01,-3.193492406300000042e+01,0.000000000000000000e+00,3.193492406300000042e+01,-3.205458819900000123e+01,0.000000000000000000e+00,3.205458819900000123e+01
1.335338658699999925e+01,-3.156045181900000074e+01,0.000000000000000000e+00,3.156045181900000074e+01,-3.215822987600000005e+01,0.000000000000000000e+00,3.215822987600000005e+01
1.337340650700000033e+01,-3.123763492400000175e+01,0.000000000000000000e+00,3.123763492400000175e+01,-3.222636601699999659e+01,0.000000000000000000e+00,3.222636601699999659e+01
1.339342642599999955e+01,-3.130918835700000002e+01,0.000000000000000000e+00,3.130918835700000002e+01,-3.246117021300000260e+01,0.000000000000000000e+00,3.246117021300000260e+01
1.341344634600000063e+01,-3.135014027500000111e+01,0.000000000000000000e+00,3.135014027500000111e+01,-3.258139700600000310e+01,0.000000000000000000e+00,3.258139700600000310e+01
1.343346626599999993e+01,-3.164557857100000149e+01,0.000000000000000000e+00,3.164557857100000149e+01,-3.295419786499999759e+01,0.000000000000000000e+00,3.295419786499999759e+01
1.345348618599999924e+01,-3.224554132699999798e+01,0.000000000000000000e+00,3.224554132699999798e+01,-3.339781001400000093e+01,0.000000000000000000e+00,3.339781001400000093e+01
1.347350610600000032e+01,-3.337280461400000320e+01,0.000000000000000000e+00,3.337280461400000320e+01,-3.394220654299999751e+01,0.000000000000000000e+00,3.394220654299999751e+01
1.349352602599999962e+01,-3.446684742600000106e+01,0.000000000000000000e+00,3.446684742600000106e+01,-3.475757046799999728e+01,0.000000000000000000e+00,3.475757046799999728e+01
1.351354594600000070e+01,-3.559312532100000226e+01,0.000000000000000000e+00,3.559312532100000226e+01,-3.572743396700000318e+01,0.000000000000000000e+00,3.572743396700000318e+01
1.353356586600000000e+01,-3.755278703999999834e+01,0.000000000000000000e+00,3.755278703999999834e+01,-3.690840198299999741e+01,0.000000000000000000e+00,3.690840198299999741e+01
1.355358578599999930e+01,-4.057079163699999924e+01,0.000000000000000000e+00,4.057079163699999924e+01,-3.690302395700000204e+01,0.000000000000000000e+00,3.690302395700000204e+01
1.357360570600000038e+01,-4.186979454800000156e+01,0.000000000000000000e+00,4.186979454800000156e+01,-3.601211885200000040e+01,0.000000000000000000e+00,3.601211885200000040e+01
1.359362562599999968e+01,-3.883681929400000143e+01,0.000000000000000000e+00,3.883681929400000143e+01,-3.533253212300000001e+01,0.000000000000000000e+00,3.533253212300000001e+01
1.361364554600000076e+01,-3.691107785300000188e+01,0.000000000000000000e+00,3.691107785300000188e+01,-3.528794063499999822e+01,0.000000000000000000e+00,3.528794063499999822e+01
1.363366546499999998e+01,-3.596277343300000240e+01,0.000000000000000000e+00,3.596277343300000240e+01,-3.598846234700000224e+01,0.000000000000000000e+00,3.598846234700000224e+01
1.365368538499999929e+01,-3.466670546800000352e+01,0.000000000000000000e+00,3.466670546800000352e+01,-3.628420615999999654e+01,0.000000000000000000e+00,3.628420615999999654e+01
1.367370530500000037e+01,-3.308640280499999875e+01,0.000000000000000000e+00,3.308640280499999875e+01,-3.579256492399999701e+01,0.000000000000000000e+00,3.579256492399999701e+01
1.369372522499999967e+01,-3.198055758299999951e+01,0.000000000000000000e+00,3.198055758299999951e+01,-3.556814756400000022e+01,0.000000000000000000e+00,3.556814756400000022e+01
1.371374514500000075e+01,-3.148516550700000138e+01,0.000000000000000000e+00,3.148516550700000138e+01,-3.555166425899999894e+01,0.000000000000000000e+00,3.555166425899999894e+01
1.373376506500000005e+01,-3.128009038000000075e+01,0.000000000000000000e+00,3.128009038000000075e+01,-3.541360257800000255e+01,0.000000000000000000e+00,3.541360257800000255e+01
1.375378498499999935e+01,-3.148825847199999828e+01,0.000000000000000000e+00,3.148825847199999828e+01,-3.554245927699999896e+01,0.000000000000000000e+00,3.554245927699999896e+01
1.377380490500000043e+01,-3.192716681099999931e+01,0.000000000000000000e+00,3.192716681099999931e+01,-3.580287143700000030e+01,0.000000000000000000e+00,3.580287143700000030e+01
1.379382482499999973e+01,-3.226880946400000028e+01,0.000000000000000000e+00,3.226880946400000028e+01,-3.597930041299999715e+01,0.000000000000000000e+00,3.597930041299999715e+01
1.381384474500000081e+01,-3.252687872799999980e+01,0.000000000000000000e+00,3.252687872799999980e+01,-3.592113665699999814e+01,0.000000000000000000e+00,3.592113665699999814e+01
1.383386466500000012e+01,-3.312655479099999667e+01,0.000000000000000000e+00,3.312655479099999667e+01,-3.559291912799999835e+01,0.000000000000000000e+00,3.559291912799999835e+01
1.385388458499999942e+01,-3.376382805499999762e+01,0.000000000000000000e+00,3.376382805499999762e+01,-3.544758339399999869e+01,0.000000000000000000e+00,3.544758339399999869e+01
1.387390450500000050e+01,-3.465539588600000087e+01,0.000000000000000000e+00,3.465539588600000087e+01,-3.577457447300000126e+01,0.000000000000000000e+00,3.577457447300000126e+01
1.389392442399999972e+01,-3.599832990800000232e+01,0.000000000000000000e+00,3.599832990800000232e+01,-3.617321461800000293e+01,0.000000000000000000e+00,3.617321461800000293e+01
1.391394434400000080e+01,-3.745338470400000119e+01,0.000000000000000000e+00,3.745338470400000119e+01,-3.662769736500000306e+01,0.000000000000000000e+00,3.662769736500000306e+01
1.393396426400000010e+01,-3.930766661100000192e+01,0.000000000000000000e+00,3.930766661100000192e+01,-3.692197033600000111e+01,0.000000000000000000e+00,3.692197033600000111e+01
1.395398418399999940e+01,-4.166109618099999778e+01,0.000000000000000000e+00,4.166109618099999778e+01,-3.726706935499999673e+01,0.000000000000000000e+00,3.726706935499999673e+01
1.397400410400000048e+01,-4.390371901500000007e+01,0.000000000000000000e+00,4.390371901500000007e+01,-3.769835019199999948e+01,0.000000000000000000e+00,3.769835019199999948e+01
1.399402402399999978e+01,-4.647389387599999822e+01,0.000000000000000000e+00,4.647389387599999822e+01,-3.769172465199999777e+01,0.000000000000000000e+00,3.769172465199999777e+01
1.401404394400000086e+01,-4.919575300999999712e+01,0.000000000000000000e+00,4.919575300999999712e+01,-3.773262531400000341e+01,0.000000000000000000e+00,3.773262531400000341e+01
1.403406386400000017e+01,-5.207601318700000093e+01,0.000000000000000000e+00,5.207601318700000093e+01,-3.739126169000000033e+01,0.000000000000000000e+00,3.739126169000000033e+01
1.405408378399999947e+01,-5.319659838799999818e+01,0.000000000000000000e+00,5.319659838799999818e+01,-3.721108961800000259e+01,0.000000000000000000e+00,3.721108961800000259e+01
1.407410370400000055e+01,-5.175082553299999688e+01,0.000000000000000000e+00,5.175082553299999688e+01,-3.698374450699999727e+01,0.000000000000000000e+00,3.698374450699999727e+01
1.409412362399999985e+01,-4.825851493999999775e+01,0.000000000000000000e+00,4.825851493999999775e+01,-3.698941417199999648e+01,0.000000000000000000e+00,3.698941417199999648e+01
1.411414354399999915e+01,-4.523366293499999813e+01,0.000000000000000000e+00,4.523366293499999813e+01,-3.688100149200000288e+01,0.000000000000000000e+00,3.688100149200000288e+01
1.413416346300000015e+01,-4.285679014800000175e+01,0.000000000000000000e+00,4.285679014800000175e+01,-3.735026299700000152e+01,0.000000000000000000e+00,3.735026299700000152e+01
1.415418338299999945e+01,-4.107082407699999749e+01,0.000000000000000000e+00,4.107082407699999749e+01,-3.820891848699999827e+01,0.000000000000000000e+00,3.820891848699999827e+01
1.417420330300000053e+01,-3.939232226400000059e+01,0.000000000000000000e+00,3.939232226400000059e+01,-3.909242518700000346e+01,0.000000000000000000e+00,3.909242518700000346e+01
1.419422322299999983e+01,-3.849219427799999949e+01,0.000000000000000000e+00,3.849219427799999949e+01,-3.989311657300000036e+01,0.000000000000000000e+00,3.989311657300000036e+01
1.421424314299999914e+01,-3.793166743500000138e+01,0.000000000000000000e+00,3.793166743500000138e+01,-4.030921118999999919e+01,0.000000000000000000e+00,4.030921118999999919e+01
1.423426306300000022e+01,-3.756217729699999808e+01,0.000000000000000000e+00,3.756217729699999808e+01,-4.052377987599999898e+01,0.000000000000000000e+00,4.052377987599999898e+01
1.425428298299999952e+01,-3.694641329699999943e+01,0.000000000000000000e+00,3.694641329699999943e+01,-4.154473499899999922e+01,0.000000000000000000e+00,4.154473499899999922e+01
1.427430290300000060e+01,-3.650996880900000008e+01,0.000000000000000000e+00,3.650996880900000008e+01,-4.175583656500000274e+01,0.000000000000000000e+00,4.175583656500000274e+01
1.429432282299999990e+01,-3.619474505800000230e+01,0.000000000000000000e+00,3.619474505800000230e+01,-4.243897486899999905e+01,0.000000000000000000e+00,4.243897486899999905e+01
1.431434274299999920e+01,-3.596829180400000325e+01,0.000000000000000000e+00,3.596829180400000325e+01,-4.313017984799999738e+01,0.000000000000000000e+00,4.313017984799999738e+01
1.433436266300000028e+01,-3.565849974399999667e+01,0.000000000000000000e+00,3.565849974399999667e+01,-4.449747566700000334e+01,0.000000000000000000e+00,4.449747566700000334e+01
1.435438258299999958e+01,-3.541069950699999680e+01,0.000000000000000000e+00,3.541069950699999680e+01,-4.677354798700000060e+01,0.000000000000000000e+00,4.677354798700000060e+01
1.437440250300000066e+01,-3.541113569699999886e+01,0.000000000000000000e+00,3.541113569699999886e+01,-4.892621192200000024e+01,0.000000000000000000e+00,4.892621192200000024e+01
1.439442242199999988e+01,-3.553496795699999922e+01,0.000000000000000000e+00,3.553496795699999922e+01,-5.013453890499999943e+01,0.000000000000000000e+00,5.013453890499999943e+01
1.441444234199999919e+01,-3.585668428700000021e+01,0.000000000000000000e+00,3.585668428700000021e+01,-5.097405739300000249e+01,0.000000000000000000e+00,5.097405739300000249e+01
1.443446226200000027e+01,-3.605463542199999694e+01,0.000000000000000000e+00,3.605463542199999694e+01,-4.997380601500000097e+01,0.000000000000000000e+00,4.997380601500000097e+01
1.445448218199999957e+01,-3.634787174299999890e+01,0.000000000000000000e+00,3.634787174299999890e+01,-4.856029374199999893e+01,0.000000000000000000e+00,4.856029374199999893e+01
1.447450210200000065e+01,-3.647301163899999921e+01,0.000000000000000000e+00,3.647301163899999921e+01,-4.717088284700000145e+01,0.000000000000000000e+00,4.717088284700000145e+01
1.449452202199999995e+01,-3.668481544000000127e+01,0.000000000000000000e+00,3.668481544000000127e+01,-4.644557245299999693e+01,0.000000000000000000e+00,4.644557245299999693e+01
1.451454194199999925e+01,-3.688750763000000177e+01,0.000000000000000000e+00,3.688750763000000177e+01,-4.483211941100000075e+01,0.000000000000000000e+00,4.483211941100000075e+01
1.453456186200000033e+01,-3.702322361400000261e+01,0.000000000000000000e+00,3.702322361400000261e+01,-4.297766590300000189e+01,0.000000000000000000e+00,4.297766590300000189e+01
1.455458178199999963e+01,-3.724118928800000106e+01,0.000000000000000000e+00,3.724118928800000106e+01,-4.198932100599999728e+01,0.000000000000000000e+00,4.198932100599999728e+01
1.457460170200000071e+01,-3.724424826100000274e+01,0.000000000000000000e+00,3.724424826100000274e+01,-4.162673505699999765e+01,0.000000000000000000e+00,4.162673505699999765e+01
1.459462162200000002e+01,-3.709219515499999886e+01,0.000000000000000000e+00,3.709219515499999886e+01,-4.117939168499999880e+01,0.000000000000000000e+00,4.117939168499999880e+01
1.461464154199999932e+01,-3.664908098800000147e+01,0.000000000000000000e+00,3.664908098800000147e+01,-4.066249807599999855e+01,0.000000000000000000e+00,4.066249807599999855e+01
1.463466146100000032e+01,-3.600032396299999959e+01,0.000000000000000000e+00,3.600032396299999959e+01,-4.022873948499999841e+01,0.000000000000000000e+00,4.022873948499999841e+01
1.465468138099999962e+01,-3.532551988200000181e+01,0.000000000000000000e+00,3.532551988200000181e+01,-3.985752028699999983e+01,0.000000000000000000e+00,3.985752028699999983e+01
1.467470130100000070e+01,-3.449831009799999748e+01,0.000000000000000000e+00,3.449831009799999748e+01,-3.924074555800000041e+01,0.000000000000000000e+00,3.924074555800000041e+01
1.469472122100000000e+01,-3.353644045600000112e+01,0.000000000000000000e+00,3.353644045600000112e+01,-3.909514917700000325e+01,0.000000000000000000e+00,3.909514917700000325e+01
1.471474114099999930e+01,-3.283215360799999871e+01,0.000000000000000000e+00,3.283215360799999871e+01,-3.939250245600000255e+01,0.000000000000000000e+00,3.939250245600000255e+01
1.473476106100000038e+01,-3.222688758200000336e+01,0.000000000000000000e+00,3.222688758200000336e+01,-3.934564644700000002e+01,0.000000000000000000e+00,3.934564644700000002e+01
1.475478098099999968e+01,-3.159177383100000114e+01,0.000000000000000000e+00,3.159177383100000114e+01,-3.997662408800000122e+01,0.000000000000000000e+00,3.997662408800000122e+01
1.477480090100000076e+01,-3.096276291499999900e+01,0.000000000000000000e+00,3.096276291499999900e+01,-4.034762513700000142e+01,0.000000000000000000e+00,4.034762513700000142e+01
1.479482082100000007e+01,-3.072056593800000002e+01,0.000000000000000000e+00,3.072056593800000002e+01,-4.126890538699999667e+01,0.000000000000000000e+00,4.126890538699999667e+01
1.481484074099999937e+01,-3.059307219700000147e+01,0.000000000000000000e+00,3.059307219700000147e+01,-4.159108605600000175e+01,0.000000000000000000e+00,4.159108605600000175e+01
1.483486066100000045e+01,-3.029465831399999942e+01,0.000000000000000000e+00,3.029465831399999942e+01,-4.269735955000000160e+01,0.000000000000000000e+00,4.269735955000000160e+01
1.485488058099999975e+01,-3.003866852199999826e+01,0.000000000000000000e+00,3.003866852199999826e+01,-4.374992244100000249e+01,0.000000000000000000e+00,4.374992244100000249e+01
1.487490050100000083e+01,-3.002104972600000110e+01,0.000000000000000000e+00,3.002104972600000110e+01,-4.494587278000000197e+01,0.000000000000000000e+00,4.494587278000000197e+01
1.489492042000000005e+01,-2.985888763100000176e+01,0.000000000000000000e+00,2.985888763100000176e+01,-4.573248379500000027e+01,0.000000000000000000e+00,4.573248379500000027e+01
1.491494033999999935e+01,-2.984386329699999862e+01,0.000000000000000000e+00,2.984386329699999862e+01,-4.748954341299999982e+01,0.000000000000000000e+00,4.748954341299999982e+01
1.493496026000000043e+01,-2.987771969699999985e+01,0.000000000000000000e+00,2.987771969699999985e+01,-4.937536641700000217e+01,0.000000000000000000e+00,4.937536641700000217e+01
1.495498017999999973e+01,-2.989708656399999853e+01,0.000000000000000000e+00,2.989708656399999853e+01,-5.392653824399999962e+01,0.000000000000000000e+00,5.392653824399999962e+01
1.497500010000000081e+01,-3.004777242799999826e+01,0.000000000000000000e+00,3.004777242799999826e+01,-5.390441928500000301e+01,0.000000000000000000e+00,5.390441928500000301e+01
1.499502002000000012e+01,-3.030922889600000047e+01,0.000000000000000000e+00,3.030922889600000047e+01,-5.199036500199999722e+01,0.000000000000000000e+00,5.199036500199999722e+01
1.501503993999999942e+01,-3.061743869500000059e+01,0.000000000000000000e+00,3.061743869500000059e+01,-5.014470205700000349e+01,0.000000000000000000e+00,5.014470205700000349e+01
1.503505986000000050e+01,-3.086045123899999965e+01,0.000000000000000000e+00,3.086045123899999965e+01,-4.724787648200000234e+01,0.000000000000000000e+00,4.724787648200000234e+01
1.505507977999999980e+01,-3.111437222500000033e+01,0.000000000000000000e+00,3.111437222500000033e+01,-4.505100793500000123e+01,0.000000000000000000e+00,4.505100793500000123e+01
1.507509970000000088e+01,-3.140355589199999997e+01,0.000000000000000000e+00,3.140355589199999997e+01,-4.319895627799999716e+01,0.000000000000000000e+00,4.319895627799999716e+01
1.509511962000000018e+01,-3.186013480600000136e+01,0.000000000000000000e+00,3.186013480600000136e+01,-4.201160440799999662e+01,0.000000000000000000e+00,4.201160440799999662e+01
1.511513953999999949e+01,-3.203956370699999923e+01,0.000000000000000000e+00,3.203956370699999923e+01,-4.082045111800000114e+01,0.000000000000000000e+00,4.082045111800000114e+01
1.513515945900000048e+01,-3.229443832500000156e+01,0.000000000000000000e+00,3.229443832500000156e+01,-3.995258929999999964e+01,0.000000000000000000e+00,3.995258929999999964e+01
1.515517937899999978e+01,-3.258866487200000250e+01,0.000000000000000000e+00,3.258866487200000250e+01,-3.954331790900000243e+01,0.000000000000000000e+00,3.954331790900000243e+01
1.517519929900000086e+01,-3.282580775999999645e+01,0.000000000000000000e+00,3.282580775999999645e+01,-3.972832994499999870e+01,0.000000000000000000e+00,3.972832994499999870e+01
1.519521921900000017e+01,-3.306274576700000267e+01,0.000000000000000000e+00,3.306274576700000267e+01,-4.054327191699999844e+01,0.000000000000000000e+00,4.054327191699999844e+01
1.521523913899999947e+01,-3.341480051399999951e+01,0.000000000000000000e+00,3.341480051399999951e+01,-4.129737229100000206e+01,0.000000000000000000e+00,4.129737229100000206e+01
1.523525905900000055e+01,-3.387638531700000044e+01,0.000000000000000000e+00,3.387638531700000044e+01,-4.251661807100000345e+01,0.000000000000000000e+00,4.251661807100000345e+01
1.525527897899999985e+01,-3.453517383300000176e+01,0.000000000000000000e+00,3.453517383300000176e+01,-4.421670721400000303e+01,0.000000000000000000e+00,4.421670721400000303e+01
1.527529889899999915e+01,-3.529779134500000026e+01,0.000000000000000000e+00,3.529779134500000026e+01,-4.551646982700000166e+01,0.000000000000000000e+00,4.551646982700000166e+01
1.529531881900000023e+01,-3.609821488800000111e+01,0.000000000000000000e+00,3.609821488800000111e+01,-4.514537058599999853e+01,0.000000000000000000e+00,4.514537058599999853e+01
1.531533873899999953e+01,-3.707798749999999899e+01,0.000000000000000000e+00,3.707798749999999899e+01,-4.390056474699999711e+01,0.000000000000000000e+00,4.390056474699999711e+01
1.533535865900000061e+01,-3.743074384900000240e+01,0.000000000000000000e+00,3.743074384900000240e+01,-4.137746654200000052e+01,0.000000000000000000e+00,4.137746654200000052e+01
1.535537857899999992e+01,-3.685484485300000301e+01,0.000000000000000000e+00,3.685484485300000301e+01,-3.934933826599999662e+01,0.000000000000000000e+00,3.934933826599999662e+01
1.537539849799999914e+01,-3.581522012300000313e+01,0.000000000000000000e+00,3.581522012300000313e+01,-3.735478780500000084e+01,0.000000000000000000e+00,3.735478780500000084e+01
1.539541841800000022e+01,-3.475423978900000321e+01,0.000000000000000000e+00,3.475423978900000321e+01,-3.666134963100000022e+01,0.000000000000000000e+00,3.666134963100000022e+01
1.541543833799999952e+01,-3.347720568999999813e+01,0.000000000000000000e+00,3.347720568999999813e+01,-3.564259128999999859e+01,0.000000000000000000e+00,3.564259128999999859e+01
1.543545825800000060e+01,-3.238943987100000044e+01,0.000000000000000000e+00,3.238943987100000044e+01,-3.498312718700000090e+01,0.000000000000000000e+00,3.498312718700000090e+01
1.545547817799999990e+01,-3.132954183100000023e+01,0.000000000000000000e+00,3.132954183100000023e+01,-3.443534125400000079e+01,0.000000000000000000e+00,3.443534125400000079e+01
1.547549809799999920e+01,-3.058682876299999975e+01,0.000000000000000000e+00,3.058682876299999975e+01,-3.395240305000000092e+01,0.000000000000000000e+00,3.395240305000000092e+01
1.549551801800000028e+01,-2.989778401099999883e+01,0.000000000000000000e+00,2.989778401099999883e+01,-3.350111387700000165e+01,0.000000000000000000e+00,3.350111387700000165e+01
1.551553793799999958e+01,-2.938995365299999918e+01,0.000000000000000000e+00,2.938995365299999918e+01,-3.293486037400000299e+01,0.000000000000000000e+00,3.293486037400000299e+01
1.553555785800000066e+01,-2.896909838799999903e+01,0.000000000000000000e+00,2.896909838799999903e+01,-3.233882413599999950e+01,0.000000000000000000e+00,3.233882413599999950e+01
1.555557777799999997e+01,-2.875132557299999903e+01,0.000000000000000000e+00,2.875132557299999903e+01,-3.175096982799999878e+01,0.000000000000000000e+00,3.175096982799999878e+01
1.557559769799999927e+01,-2.871047206000000074e+01,0.000000000000000000e+00,2.871047206000000074e+01,-3.133564880300000155e+01,0.000000000000000000e+00,3.133564880300000155e+01
1.559561761800000035e+01,-2.843059852900000095e+01,0.000000000000000000e+00,2.843059852900000095e+01,-3.094415114499999930e+01,0.000000000000000000e+00,3.094415114499999930e+01
1.561563753799999965e+01,-2.819052835800000167e+01,0.000000000000000000e+00,2.819052835800000167e+01,-3.075304595000000063e+01,0.000000000000000000e+00,3.075304595000000063e+01
1.563565745700000065e+01,-2.799112372800000159e+01,0.000000000000000000e+00,2.799112372800000159e+01,-3.046398019400000123e+01,0.000000000000000000e+00,3.046398019400000123e+01
1.565567737699999995e+01,-2.775006891099999962e+01,0.000000000000000000e+00,2.775006891099999962e+01,-3.030937450600000105e+01,0.000000000000000000e+00,3.030937450600000105e+01
1.567569729699999925e+01,-2.748347629599999919e+01,0.000000000000000000e+00,2.748347629599999919e+01,-3.020739796799999866e+01,0.000000000000000000e+00,3.020739796799999866e+01
1.569571721700000033e+01,-2.733649198299999838e+01,0.000000000000000000e+00,2.733649198299999838e+01,-3.023796600600000062e+01,0.000000000000000000e+00,3.023796600600000062e+01
1.571573713699999963e+01,-2.705448221199999992e+01,0.000000000000000000e+00,2.705448221199999992e+01,-3.029770436100000097e+01,0.000000000000000000e+00,3.029770436100000097e+01
1.573575705700000071e+01,-2.668131564700000169e+01,0.000000000000000000e+00,2.668131564700000169e+01,-3.066338889700000081e+01,0.000000000000000000e+00,3.066338889700000081e+01
1.575577697700000002e+01,-2.643362750300000030e+01,0.000000000000000000e+00,2.643362750300000030e+01,-3.105422916299999869e+01,0.000000000000000000e+00,3.105422916299999869e+01
1.577579689699999932e+01,-2.621486978600000128e+01,0.000000000000000000e+00,2.621486978600000128e+01,-3.153092118700000057e+01,0.000000000000000000e+00,3.153092118700000057e+01
1.579581681700000040e+01,-2.609033210999999852e+01,0.000000000000000000e+00,2.609033210999999852e+01,-3.199045268300000089e+01,0.000000000000000000e+00,3.199045268300000089e+01
1.581583673699999970e+01,-2.614222772000000106e+01,0.000000000000000000e+00,2.614222772000000106e+01,-3.200897225199999951e+01,0.000000000000000000e+00,3.200897225199999951e+01
1.583585665700000078e+01,-2.648117222999999854e+01,0.000000000000000000e+00,2.648117222999999854e+01,-3.187383219799999878e+01,0.000000000000000000e+00,3.187383219799999878e+01
1.585587657700000008e+01,-2.682569944899999825e+01,0.000000000000000000e+00,2.682569944899999825e+01,-3.183735956900000019e+01,0.000000000000000000e+00,3.183735956900000019e+01
1.587589649599999930e+01,-2.717723062399999989e+01,0.000000000000000000e+00,2.717723062399999989e+01,-3.163147834400000136e+01,0.000000000000000000e+00,3.163147834400000136e+01
1.589591641600000038e+01,-2.764177533000000153e+01,0.000000000000000000e+00,2.764177533000000153e+01,-3.118449991900000029e+01,0.000000000000000000e+00,3.118449991900000029e+01
1.591593633599999968e+01,-2.806971374600000146e+01,0.000000000000000000e+00,2.806971374600000146e+01,-3.080022957299999931e+01,0.000000000000000000e+00,3.080022957299999931e+01
1.593595625600000076e+01,-2.840477506599999913e+01,0.000000000000000000e+00,2.840477506599999913e+01,-3.053574116900000135e+01,0.000000000000000000e+00,3.053574116900000135e+01
1.595597617600000007e+01,-2.887192146699999995e+01,0.000000000000000000e+00,2.887192146699999995e+01,-3.048497397199999881e+01,0.000000000000000000e+00,3.048497397199999881e+01
1.597599609599999937e+01,-2.917836383199999872e+01,0.000000000000000000e+00,2.917836383199999872e+01,-3.042282666899999910e+01,0.000000000000000000e+00,3.042282666899999910e+01
1.599601601600000045e+01,-2.939745438599999972e+01,0.000000000000000000e+00,2.939745438599999972e+01,-3.041945147099999858e+01,0.000000000000000000e+00,3.041945147099999858e+01
1.601603593600000153e+01,-2.940852655699999829e+01,0.000000000000000000e+00,2.940852655699999829e+01,-3.047112812499999990e+01,0.000000000000000000e+00,3.047112812499999990e+01
1.603605585600000083e+01,-2.933040575600000111e+01,0.000000000000000000e+00,2.933040575600000111e+01,-3.027721839000000159e+01,0.000000000000000000e+00,3.027721839000000159e+01
1.605607577600000013e+01,-2.924694841799999878e+01,0.000000000000000000e+00,2.924694841799999878e+01,-2.998072132900000142e+01,0.000000000000000000e+00,2.998072132900000142e+01
1.607609569599999944e+01,-2.924429827200000176e+01,0.000000000000000000e+00,2.924429827200000176e+01,-2.963210053699999946e+01,0.000000000000000000e+00,2.963210053699999946e+01
1.609611561599999874e+01,-2.919973995400000177e+01,0.000000000000000000e+00,2.919973995400000177e+01,-2.909939163099999959e+01,0.000000000000000000e+00,2.909939163099999959e+01
1.611613553600000159e+01,-2.900477140599999970e+01,0.000000000000000000e+00,2.900477140599999970e+01,-2.880532387599999922e+01,0.000000000000000000e+00,2.880532387599999922e+01
1.613615545500000081e+01,-2.901108025299999937e+01,0.000000000000000000e+00,2.901108025299999937e+01,-2.862124812000000063e+01,0.000000000000000000e+00,2.862124812000000063e+01
1.615617537500000012e+01,-2.902383746399999964e+01,0.000000000000000000e+00,2.902383746399999964e+01,-2.864107127300000144e+01,0.000000000000000000e+00,2.864107127300000144e+01
1.617619529499999942e+01,-2.897408466899999979e+01,0.000000000000000000e+00,2.897408466899999979e+01,-2.877342990300000025e+01,0.000000000000000000e+00,2.877342990300000025e+01
1.619621521499999872e+01,-2.935653108500000030e+01,0.000000000000000000e+00,2.935653108500000030e+01,-2.913630755100000158e+01,0.000000000000000000e+00,2.913630755100000158e+01
1.621623513500000158e+01,-3.022499684299999956e+01,0.000000000000000000e+00,3.022499684299999956e+01,-2.978672124299999879e+01,0.000000000000000000e+00,2.978672124299999879e+01
1.623625505500000088e+01,-3.204388178600000003e+01,0.000000000000000000e+00,3.204388178600000003e+01,-3.101080411699999928e+01,0.000000000000000000e+00,3.101080411699999928e+01
1.625627497500000018e+01,-3.618401273599999968e+01,0.000000000000000000e+00,3.618401273599999968e+01,-3.226640259900000274e+01,0.000000000000000000e+00,3.226640259900000274e+01
1.627629489499999949e+01,-3.645283695700000237e+01,0.000000000000000000e+00,3.645283695700000237e+01,-3.196952816800000008e+01,0.000000000000000000e+00,3.196952816800000008e+01
1.629631481499999879e+01,-3.487568584000000271e+01,0.000000000000000000e+00,3.487568584000000271e+01,-3.185056958099999846e+01,0.000000000000000000e+00,3.185056958099999846e+01
1.631633473500000164e+01,-3.497896235599999670e+01,0.000000000000000000e+00,3.497896235599999670e+01,-3.231725019000000287e+01,0.000000000000000000e+00,3.231725019000000287e+01
1.633635465500000095e+01,-3.379030672399999702e+01,0.000000000000000000e+00,3.379030672399999702e+01,-3.198548748600000025e+01,0.000000000000000000e+00,3.198548748600000025e+01
1.635637457500000025e+01,-3.146382150899999885e+01,0.000000000000000000e+00,3.146382150899999885e+01,-3.117083192899999844e+01,0.000000000000000000e+00,3.117083192899999844e+01
1.637639449399999947e+01,-2.996991356599999889e+01,0.000000000000000000e+00,2.996991356599999889e+01,-3.056801942699999941e+01,0.000000000000000000e+00,3.056801942699999941e+01
1.639641441399999877e+01,-2.910070218799999964e+01,0.000000000000000000e+00,2.910070218799999964e+01,-3.001927950900000042e+01,0.000000000000000000e+00,3.001927950900000042e+01
1.641643433400000163e+01,-2.835817201800000120e+01,0.000000000000000000e+00,2.835817201800000120e+01,-2.957737099999999941e+01,0.000000000000000000e+00,2.957737099999999941e+01
1.643645425400000093e+01,-2.784202006699999998e+01,0.000000000000000000e+00,2.784202006699999998e+01,-2.932166732099999962e+01,0.000000000000000000e+00,2.932166732099999962e+01
1.645647417400000023e+01,-2.690996881299999899e+01,0.000000000000000000e+00,2.690996881299999899e+01,-2.901181743600000118e+01,0.000000000000000000e+00,2.901181743600000118e+01
1.647649409399999954e+01,-2.597400004600000045e+01,0.000000000000000000e+00,2.597400004600000045e+01,-2.848060537299999950e+01,0.000000000000000000e+00,2.848060537299999950e+01
1.649651401399999884e+01,-2.530300869499999905e+01,0.000000000000000000e+00,2.530300869499999905e+01,-2.799818526399999996e+01,0.000000000000000000e+00,2.799818526399999996e+01
1.651653393400000169e+01,-2.484427980499999933e+01,0.000000000000000000e+00,2.484427980499999933e+01,-2.757688517300000086e+01,0.000000000000000000e+00,2.757688517300000086e+01
1.653655385400000100e+01,-2.437602640500000106e+01,0.000000000000000000e+00,2.437602640500000106e+01,-2.715071311799999876e+01,0.000000000000000000e+00,2.715071311799999876e+01
1.655657377400000030e+01,-2.390678993199999880e+01,0.000000000000000000e+00,2.390678993199999880e+01,-2.664836122099999827e+01,0.000000000000000000e+00,2.664836122099999827e+01
1.657659369399999960e+01,-2.358454554400000092e+01,0.000000000000000000e+00,2.358454554400000092e+01,-2.586538166300000086e+01,0.000000000000000000e+00,2.586538166300000086e+01
1.659661361399999890e+01,-2.332807947799999937e+01,0.000000000000000000e+00,2.332807947799999937e+01,-2.530666365500000126e+01,0.000000000000000000e+00,2.530666365500000126e+01
1.661663353400000176e+01,-2.320412618299999963e+01,0.000000000000000000e+00,2.320412618299999963e+01,-2.476088286099999891e+01,0.000000000000000000e+00,2.476088286099999891e+01
1.663665345300000098e+01,-2.315214128199999877e+01,0.000000000000000000e+00,2.315214128199999877e+01,-2.446789576500000152e+01,0.000000000000000000e+00,2.446789576500000152e+01
1.665667337300000028e+01,-2.315639763700000131e+01,0.000000000000000000e+00,2.315639763700000131e+01,-2.416172381499999844e+01,0.000000000000000000e+00,2.416172381499999844e+01
1.667669329299999958e+01,-2.315549864899999832e+01,0.000000000000000000e+00,2.315549864899999832e+01,-2.397461376900000118e+01,0.000000000000000000e+00,2.397461376900000118e+01
1.669671321299999889e+01,-2.340106288300000159e+01,0.000000000000000000e+00,2.340106288300000159e+01,-2.402571007399999914e+01,0.000000000000000000e+00,2.402571007399999914e+01
1.671673313300000174e+01,-2.362006709199999932e+01,0.000000000000000000e+00,2.362006709199999932e+01,-2.397172021900000161e+01,0.000000000000000000e+00,2.397172021900000161e+01
1.673675305300000105e+01,-2.390841668199999859e+01,0.000000000000000000e+00,2.390841668199999859e+01,-2.397850713300000081e+01,0.000000000000000000e+00,2.397850713300000081e+01
1.675677297300000035e+01,-2.422891947400000134e+01,0.000000000000000000e+00,2.422891947400000134e+01,-2.407153684900000101e+01,0.000000000000000000e+00,2.407153684900000101e+01
1.677679289299999965e+01,-2.449489801200000016e+01,0.000000000000000000e+00,2.449489801200000016e+01,-2.408286388599999839e+01,0.000000000000000000e+00,2.408286388599999839e+01
1.679681281299999895e+01,-2.464287773699999917e+01,0.000000000000000000e+00,2.464287773699999917e+01,-2.420030137699999884e+01,0.000000000000000000e+00,2.420030137699999884e+01
1.681683273299999826e+01,-2.483211339200000012e+01,0.000000000000000000e+00,2.483211339200000012e+01,-2.419576369500000013e+01,0.000000000000000000e+00,2.419576369500000013e+01
1.683685265300000111e+01,-2.495978991599999830e+01,0.000000000000000000e+00,2.495978991599999830e+01,-2.410037931300000125e+01,0.000000000000000000e+00,2.410037931300000125e+01
1.685687257300000041e+01,-2.497585126599999938e+01,0.000000000000000000e+00,2.497585126599999938e+01,-2.404677437899999859e+01,0.000000000000000000e+00,2.404677437899999859e+01
1.687689249199999963e+01,-2.485120752599999960e+01,0.000000000000000000e+00,2.485120752599999960e+01,-2.401130536399999826e+01,0.000000000000000000e+00,2.401130536399999826e+01
1.689691241199999894e+01,-2.470646170499999883e+01,0.000000000000000000e+00,2.470646170499999883e+01,-2.399138343899999981e+01,0.000000000000000000e+00,2.399138343899999981e+01
1.691693233199999824e+01,-2.444015192599999864e+01,0.000000000000000000e+00,2.444015192599999864e+01,-2.391845138700000106e+01,0.000000000000000000e+00,2.391845138700000106e+01
1.693695225200000110e+01,-2.423983876000000137e+01,0.000000000000000000e+00,2.423983876000000137e+01,-2.396010627500000112e+01,0.000000000000000000e+00,2.396010627500000112e+01
1.695697217200000040e+01,-2.414251280599999916e+01,0.000000000000000000e+00,2.414251280599999916e+01,-2.416586209400000129e+01,0.000000000000000000e+00,2.416586209400000129e+01
1.697699209199999970e+01,-2.394090191300000114e+01,0.000000000000000000e+00,2.394090191300000114e+01,-2.433568712499999975e+01,0.000000000000000000e+00,2.433568712499999975e+01
1.699701201199999900e+01,-2.373386068099999946e+01,0.000000000000000000e+00,2.373386068099999946e+01,-2.450901249900000067e+01,0.000000000000000000e+00,2.450901249900000067e+01
1.701703193199999831e+01,-2.366523419099999970e+01,0.000000000000000000e+00,2.366523419099999970e+01,-2.481784200299999910e+01,0.000000000000000000e+00,2.481784200299999910e+01
1.703705185200000116e+01,-2.359721732699999919e+01,0.000000000000000000e+00,2.359721732699999919e+01,-2.504417022200000176e+01,0.000000000000000000e+00,2.504417022200000176e+01
1.705707177200000046e+01,-2.353552649399999908e+01,0.000000000000000000e+00,2.353552649399999908e+01,-2.523668792799999849e+01,0.000000000000000000e+00,2.523668792799999849e+01
1.707709169199999977e+01,-2.350126785999999868e+01,0.000000000000000000e+00,2.350126785999999868e+01,-2.549667393500000045e+01,0.000000000000000000e+00,2.549667393500000045e+01
1.709711161199999907e+01,-2.345192541899999839e+01,0.000000000000000000e+00,2.345192541899999839e+01,-2.567836618500000156e+01,0.000000000000000000e+00,2.567836618500000156e+01
1.711713153199999837e+01,-2.324126372399999951e+01,0.000000000000000000e+00,2.324126372399999951e+01,-2.571379457400000135e+01,0.000000000000000000e+00,2.571379457400000135e+01
1.713715145100000115e+01,-2.326162326600000085e+01,0.000000000000000000e+00,2.326162326600000085e+01,-2.581882511299999905e+01,0.000000000000000000e+00,2.581882511299999905e+01
1.715717137100000045e+01,-2.323180028399999841e+01,0.000000000000000000e+00,2.323180028399999841e+01,-2.591937642099999906e+01,0.000000000000000000e+00,2.591937642099999906e+01
1.717719129099999975e+01,-2.306827741800000098e+01,0.000000000000000000e+00,2.306827741800000098e+01,-2.578905571600000002e+01,0.000000000000000000e+00,2.578905571600000002e+01
1.719721121099999905e+01,-2.302528213000000079e+01,0.000000000000000000e+00,2.302528213000000079e+01,-2.574480032399999985e+01,0.000000000000000000e+00,2.574480032399999985e+01
1.721723113099999836e+01,-2.305647054599999990e+01,0.000000000000000000e+00,2.305647054599999990e+01,-2.567215890299999970e+01,0.000000000000000000e+00,2.567215890299999970e+01
1.723725105100000121e+01,-2.295573672600000137e+01,0.000000000000000000e+00,2.295573672600000137e+01,-2.540958214200000143e+01,0.000000000000000000e+00,2.540958214200000143e+01
1.725727097100000051e+01,-2.302598349999999883e+01,0.000000000000000000e+00,2.302598349999999883e+01,-2.499712475500000153e+01,0.000000000000000000e+00,2.499712475500000153e+01
1.727729089099999982e+01,-2.308268089499999931e+01,0.000000000000000000e+00,2.308268089499999931e+01,-2.460874345399999896e+01,0.000000000000000000e+00,2.460874345399999896e+01
1.729731081099999912e+01,-2.304519181199999878e+01,0.000000000000000000e+00,2.304519181199999878e+01,-2.431569674900000066e+01,0.000000000000000000e+00,2.431569674900000066e+01
1.731733073099999842e+01,-2.296019555999999895e+01,0.000000000000000000e+00,2.296019555999999895e+01,-2.388567905300000049e+01,0.000000000000000000e+00,2.388567905300000049e+01
1.733735065100000128e+01,-2.286030344099999922e+01,0.000000000000000000e+00,2.286030344099999922e+01,-2.356025142600000066e+01,0.000000000000000000e+00,2.356025142600000066e+01
1.735737057100000058e+01,-2.268007738700000075e+01,0.000000000000000000e+00,2.268007738700000075e+01,-2.318144043199999871e+01,0.000000000000000000e+00,2.318144043199999871e+01
1.737739048999999980e+01,-2.249472749699999952e+01,0.000000000000000000e+00,2.249472749699999952e+01,-2.272778852900000146e+01,0.000000000000000000e+00,2.272778852900000146e+01
1.739741040999999910e+01,-2.232256404700000019e+01,0.000000000000000000e+00,2.232256404700000019e+01,-2.233340023099999883e+01,0.000000000000000000e+00,2.233340023099999883e+01
1.741743032999999841e+01,-2.212196365200000159e+01,0.000000000000000000e+00,2.212196365200000159e+01,-2.184067251500000140e+01,0.000000000000000000e+00,2.184067251500000140e+01
1.743745025000000126e+01,-2.186227388700000063e+01,0.000000000000000000e+00,2.186227388700000063e+01,-2.131359966899999847e+01,0.000000000000000000e+00,2.131359966899999847e+01
1.745747017000000056e+01,-2.175751841299999967e+01,0.000000000000000000e+00,2.175751841299999967e+01,-2.097736430899999860e+01,0.000000000000000000e+00,2.097736430899999860e+01
1.747749008999999987e+01,-2.158522316899999893e+01,0.000000000000000000e+00,2.158522316899999893e+01,-2.064735971500000034e+01,0.000000000000000000e+00,2.064735971500000034e+01
1.749751000999999917e+01,-2.138997751300000161e+01,0.000000000000000000e+00,2.138997751300000161e+01,-2.027727799699999878e+01,0.000000000000000000e+00,2.027727799699999878e+01
1.751752992999999847e+01,-2.127822365700000162e+01,0.000000000000000000e+00,2.127822365700000162e+01,-2.003655061299999929e+01,0.000000000000000000e+00,2.003655061299999929e+01
1.753754985000000133e+01,-2.121381902599999947e+01,0.000000000000000000e+00,2.121381902599999947e+01,-1.988691525699999829e+01,0.000000000000000000e+00,1.988691525699999829e+01
1.755756977000000063e+01,-2.106651161399999950e+01,0.000000000000000000e+00,2.106651161399999950e+01,-1.971054640099999844e+01,0.000000000000000000e+00,1.971054640099999844e+01
1.757758968999999993e+01,-2.095282561899999862e+01,0.000000000000000000e+00,2.095282561899999862e+01,-1.963517790399999896e+01,0.000000000000000000e+00,1.963517790399999896e+01
1.759760960999999924e+01,-2.092473846400000070e+01,0.000000000000000000e+00,2.092473846400000070e+01,-1.957622774700000079e+01,0.000000000000000000e+00,1.957622774700000079e+01
1.761762952999999854e+01,-2.084691475300000008e+01,0.000000000000000000e+00,2.084691475300000008e+01,-1.944635119999999873e+01,0.000000000000000000e+00,1.944635119999999873e+01
1.763764944900000131e+01,-2.079185653700000103e+01,0.000000000000000000e+00,2.079185653700000103e+01,-1.932022295100000164e+01,0.000000000000000000e+00,1.932022295100000164e+01
1.765766936900000061e+01,-2.083785880900000009e+01,0.000000000000000000e+00,2.083785880900000009e+01,-1.923335444499999980e+01,0.000000000000000000e+00,1.923335444499999980e+01
1.767768928899999992e+01,-2.088126558000000088e+01,0.000000000000000000e+00,2.088126558000000088e+01,-1.915411970999999980e+01,0.000000000000000000e+00,1.915411970999999980e+01
1.769770920899999922e+01,-2.092335419100000138e+01,0.000000000000000000e+00,2.092335419100000138e+01,-1.905425798999999998e+01,0.000000000000000000e+00,1.905425798999999998e+01
1.771772912899999852e+01,-2.112502496200000124e+01,0.000000000000000000e+00,2.112502496200000124e+01,-1.907292048900000125e+01,0.000000000000000000e+00,1.907292048900000125e+01
1.773774904900000138e+01,-2.133257161099999877e+01,0.000000000000000000e+00,2.133257161099999877e+01,-1.906468438099999929e+01,0.000000000000000000e+00,1.906468438099999929e+01
1.775776896900000068e+01,-2.154885482299999921e+01,0.000000000000000000e+00,2.154885482299999921e+01,-1.908501859800000133e+01,0.000000000000000000e+00,1.908501859800000133e+01
1.777778888899999998e+01,-2.183974201599999887e+01,0.000000000000000000e+00,2.183974201599999887e+01,-1.919016476799999893e+01,0.000000000000000000e+00,1.919016476799999893e+01
1.779780880899999929e+01,-2.207853812600000154e+01,0.000000000000000000e+00,2.207853812600000154e+01,-1.932636631000000094e+01,0.000000000000000000e+00,1.932636631000000094e+01
1.781782872899999859e+01,-2.216369305699999970e+01,0.000000000000000000e+00,2.216369305699999970e+01,-1.940266737800000030e+01,0.000000000000000000e+00,1.940266737800000030e+01
1.783784864900000144e+01,-2.237412204500000001e+01,0.000000000000000000e+00,2.237412204500000001e+01,-1.967495787300000032e+01,0.000000000000000000e+00,1.967495787300000032e+01
1.785786856900000075e+01,-2.250337516100000101e+01,0.000000000000000000e+00,2.250337516100000101e+01,-1.994923722200000071e+01,0.000000000000000000e+00,1.994923722200000071e+01
1.787788848799999997e+01,-2.254197594100000046e+01,0.000000000000000000e+00,2.254197594100000046e+01,-2.010341951199999855e+01,0.000000000000000000e+00,2.010341951199999855e+01
1.789790840799999927e+01,-2.267299310599999984e+01,0.000000000000000000e+00,2.267299310599999984e+01,-2.038143565900000098e+01,0.000000000000000000e+00,2.038143565900000098e+01
1.791792832799999857e+01,-2.282055379399999850e+01,0.000000000000000000e+00,2.282055379399999850e+01,-2.075410484600000061e+01,0.000000000000000000e+00,2.075410484600000061e+01
1.793794824800000143e+01,-2.282835094300000023e+01,0.000000000000000000e+00,2.282835094300000023e+01,-2.088874152400000028e+01,0.000000000000000000e+00,2.088874152400000028e+01
1.795796816800000073e+01,-2.298677643199999920e+01,0.000000000000000000e+00,2.298677643199999920e+01,-2.123500890900000115e+01,0.000000000000000000e+00,2.123500890900000115e+01
1.797798808800000003e+01,-2.328334129099999927e+01,0.000000000000000000e+00,2.328334129099999927e+01,-2.155832168999999965e+01,0.000000000000000000e+00,2.155832168999999965e+01
1.799800800799999934e+01,-2.333046489099999832e+01,0.000000000000000000e+00,2.333046489099999832e+01,-2.173112581000000176e+01,0.000000000000000000e+00,2.173112581000000176e+01
1.801802792799999864e+01,-2.353506269800000084e+01,0.000000000000000000e+00,2.353506269800000084e+01,-2.199212644300000008e+01,0.000000000000000000e+00,2.199212644300000008e+01
1.803804784800000149e+01,-2.374495011400000166e+01,0.000000000000000000e+00,2.374495011400000166e+01,-2.223110294700000011e+01,0.000000000000000000e+00,2.223110294700000011e+01
1.805806776800000080e+01,-2.370041256500000060e+01,0.000000000000000000e+00,2.370041256500000060e+01,-2.224437108700000110e+01,0.000000000000000000e+00,2.224437108700000110e+01
1.807808768800000010e+01,-2.350888394000000048e+01,0.000000000000000000e+00,2.350888394000000048e+01,-2.231417263999999889e+01,0.000000000000000000e+00,2.231417263999999889e+01
1.809810760799999940e+01,-2.344787624499999978e+01,0.000000000000000000e+00,2.344787624499999978e+01,-2.241729203999999953e+01,0.000000000000000000e+00,2.241729203999999953e+01
1.811812752799999870e+01,-2.321770715799999962e+01,0.000000000000000000e+00,2.321770715799999962e+01,-2.234282970800000001e+01,0.000000000000000000e+00,2.234282970800000001e+01
1.813814744700000148e+01,-2.298647008700000072e+01,0.000000000000000000e+00,2.298647008700000072e+01,-2.220194770799999873e+01,0.000000000000000000e+00,2.220194770799999873e+01
1.815816736700000078e+01,-2.290061163600000071e+01,0.000000000000000000e+00,2.290061163600000071e+01,-2.229578929099999840e+01,0.000000000000000000e+00,2.229578929099999840e+01
1.817818728700000008e+01,-2.285355408899999929e+01,0.000000000000000000e+00,2.285355408899999929e+01,-2.234093535899999949e+01,0.000000000000000000e+00,2.234093535899999949e+01
1.819820720699999939e+01,-2.289315186099999977e+01,0.000000000000000000e+00,2.289315186099999977e+01,-2.235780204799999993e+01,0.000000000000000000e+00,2.235780204799999993e+01
1.821822712699999869e+01,-2.309711873499999868e+01,0.000000000000000000e+00,2.309711873499999868e+01,-2.265037432999999822e+01,0.000000000000000000e+00,2.265037432999999822e+01
1.823824704700000154e+01,-2.324966032500000068e+01,0.000000000000000000e+00,2.324966032500000068e+01,-2.291862336499999842e+01,0.000000000000000000e+00,2.291862336499999842e+01
1.825826696700000085e+01,-2.344956993099999920e+01,0.000000000000000000e+00,2.344956993099999920e+01,-2.320564148500000101e+01,0.000000000000000000e+00,2.320564148500000101e+01
1.827828688700000015e+01,-2.375664584800000156e+01,0.000000000000000000e+00,2.375664584800000156e+01,-2.354283147599999992e+01,0.000000000000000000e+00,2.354283147599999992e+01
1.829830680699999945e+01,-2.412526002999999974e+01,0.000000000000000000e+00,2.412526002999999974e+01,-2.383543739399999950e+01,0.000000000000000000e+00,2.383543739399999950e+01
1.831832672699999875e+01,-2.420046618900000013e+01,0.000000000000000000e+00,2.420046618900000013e+01,-2.395985466599999825e+01,0.000000000000000000e+00,2.395985466599999825e+01
1.833834664700000161e+01,-2.439107720399999835e+01,0.000000000000000000e+00,2.439107720399999835e+01,-2.400652983100000171e+01,0.000000000000000000e+00,2.400652983100000171e+01
1.835836656700000091e+01,-2.469050990299999881e+01,0.000000000000000000e+00,2.469050990299999881e+01,-2.404817611300000024e+01,0.000000000000000000e+00,2.404817611300000024e+01
1.837838648600000013e+01,-2.476338838199999870e+01,0.000000000000000000e+00,2.476338838199999870e+01,-2.396886663200000100e+01,0.000000000000000000e+00,2.396886663200000100e+01
1.839840640599999944e+01,-2.477764126399999967e+01,0.000000000000000000e+00,2.477764126399999967e+01,-2.375163159099999888e+01,0.000000000000000000e+00,2.375163159099999888e+01
1.841842632599999874e+01,-2.504899819899999969e+01,0.000000000000000000e+00,2.504899819899999969e+01,-2.372245898299999922e+01,0.000000000000000000e+00,2.372245898299999922e+01
1.843844624600000159e+01,-2.511188534900000136e+01,0.000000000000000000e+00,2.511188534900000136e+01,-2.353828246300000160e+01,0.000000000000000000e+00,2.353828246300000160e+01
1.845846616600000090e+01,-2.515259606400000081e+01,0.000000000000000000e+00,2.515259606400000081e+01,-2.350091677300000015e+01,0.000000000000000000e+00,2.350091677300000015e+01
1.847848608600000020e+01,-2.537857556100000167e+01,0.000000000000000000e+00,2.537857556100000167e+01,-2.353846057799999869e+01,0.000000000000000000e+00,2.353846057799999869e+01
1.849850600599999950e+01,-2.539432489500000045e+01,0.000000000000000000e+00,2.539432489500000045e+01,-2.355928881799999886e+01,0.000000000000000000e+00,2.355928881799999886e+01
1.851852592599999880e+01,-2.536193252400000020e+01,0.000000000000000000e+00,2.536193252400000020e+01,-2.360177067400000084e+01,0.000000000000000000e+00,2.360177067400000084e+01
1.853854584600000166e+01,-2.562619516799999886e+01,0.000000000000000000e+00,2.562619516799999886e+01,-2.383320123800000090e+01,0.000000000000000000e+00,2.383320123800000090e+01
1.855856576600000096e+01,-2.560221664599999869e+01,0.000000000000000000e+00,2.560221664599999869e+01,-2.388143833599999866e+01,0.000000000000000000e+00,2.388143833599999866e+01
1.857858568600000027e+01,-2.544545815000000033e+01,0.000000000000000000e+00,2.544545815000000033e+01,-2.390145685199999903e+01,0.000000000000000000e+00,2.390145685199999903e+01
1.859860560599999957e+01,-2.528869604300000162e+01,0.000000000000000000e+00,2.528869604300000162e+01,-2.416008202900000157e+01,0.000000000000000000e+00,2.416008202900000157e+01
1.861862552599999887e+01,-2.519825630300000086e+01,0.000000000000000000e+00,2.519825630300000086e+01,-2.430828073600000039e+01,0.000000000000000000e+00,2.430828073600000039e+01
1.863864544500000164e+01,-2.479073021099999963e+01,0.000000000000000000e+00,2.479073021099999963e+01,-2.424938422600000010e+01,0.000000000000000000e+00,2.424938422600000010e+01
1.865866536500000095e+01,-2.458129859599999989e+01,0.000000000000000000e+00,2.458129859599999989e+01,-2.434923557500000157e+01,0.000000000000000000e+00,2.434923557500000157e+01
1.867868528500000025e+01,-2.449015365099999997e+01,0.000000000000000000e+00,2.449015365099999997e+01,-2.445174003200000001e+01,0.000000000000000000e+00,2.445174003200000001e+01
1.869870520499999955e+01,-2.428987414699999903e+01,0.000000000000000000e+00,2.428987414699999903e+01,-2.456575861700000019e+01,0.000000000000000000e+00,2.456575861700000019e+01
1.871872512499999885e+01,-2.419790883099999945e+01,0.000000000000000000e+00,2.419790883099999945e+01,-2.488708872000000127e+01,0.000000000000000000e+00,2.488708872000000127e+01
1.873874504500000171e+01,-2.437185805100000024e+01,0.000000000000000000e+00,2.437185805100000024e+01,-2.536398287200000112e+01,0.000000000000000000e+00,2.536398287200000112e+01
1.875876496500000101e+01,-2.442304260399999905e+01,0.000000000000000000e+00,2.442304260399999905e+01,-2.535993660899999824e+01,0.000000000000000000e+00,2.535993660899999824e+01
1.877878488500000032e+01,-2.454596227300000066e+01,0.000000000000000000e+00,2.454596227300000066e+01,-2.557923775600000127e+01,0.000000000000000000e+00,2.557923775600000127e+01
1.879880480499999962e+01,-2.476611738600000123e+01,0.000000000000000000e+00,2.476611738600000123e+01,-2.574186301399999977e+01,0.000000000000000000e+00,2.574186301399999977e+01
1.881882472499999892e+01,-2.494799473699999837e+01,0.000000000000000000e+00,2.494799473699999837e+01,-2.565110076699999908e+01,0.000000000000000000e+00,2.565110076699999908e+01
1.883884464500000178e+01,-2.522327517900000160e+01,0.000000000000000000e+00,2.522327517900000160e+01,-2.555338338399999998e+01,0.000000000000000000e+00,2.555338338399999998e+01
1.885886456500000108e+01,-2.574507624099999958e+01,0.000000000000000000e+00,2.574507624099999958e+01,-2.556675016299999825e+01,0.000000000000000000e+00,2.556675016299999825e+01
1.887888448400000030e+01,-2.613043203100000156e+01,0.000000000000000000e+00,2.613043203100000156e+01,-2.541609067199999927e+01,0.000000000000000000e+00,2.541609067199999927e+01
1.889890440399999960e+01,-2.652530820300000158e+01,0.000000000000000000e+00,2.652530820300000158e+01,-2.527879778000000144e+01,0.000000000000000000e+00,2.527879778000000144e+01
1.891892432399999890e+01,-2.717923190999999861e+01,0.000000000000000000e+00,2.717923190999999861e+01,-2.547281251800000135e+01,0.000000000000000000e+00,2.547281251800000135e+01
1.893894424400000176e+01,-2.796200578699999895e+01,0.000000000000000000e+00,2.796200578699999895e+01,-2.550726869300000033e+01,0.000000000000000000e+00,2.550726869300000033e+01
1.895896416400000106e+01,-2.863187476299999901e+01,0.000000000000000000e+00,2.863187476299999901e+01,-2.545339434599999962e+01,0.000000000000000000e+00,2.545339434599999962e+01
1.897898408400000037e+01,-2.989804842699999909e+01,0.000000000000000000e+00,2.989804842699999909e+01,-2.581307866899999937e+01,0.000000000000000000e+00,2.581307866899999937e+01
1.899900400399999967e+01,-3.131621089900000143e+01,0.000000000000000000e+00,3.131621089900000143e+01,-2.622595383899999888e+01,0.000000000000000000e+00,2.622595383899999888e+01
1.901902392399999897e+01,-3.281631607199999934e+01,0.000000000000000000e+00,3.281631607199999934e+01,-2.655574323300000117e+01,0.000000000000000000e+00,2.655574323300000117e+01
1.903904384399999827e+01,-3.476710576800000041e+01,0.000000000000000000e+00,3.476710576800000041e+01,-2.745580295899999967e+01,0.000000000000000000e+00,2.745580295899999967e+01
1.905906376400000113e+01,-3.758391876499999995e+01,0.000000000000000000e+00,3.758391876499999995e+01,-2.832990745700000090e+01,0.000000000000000000e+00,2.832990745700000090e+01
1.907908368400000043e+01,-4.033650296399999746e+01,0.000000000000000000e+00,4.033650296399999746e+01,-2.932934978600000164e+01,0.000000000000000000e+00,2.932934978600000164e+01
1.909910360399999973e+01,-4.150984276399999828e+01,0.000000000000000000e+00,4.150984276399999828e+01,-3.077199803699999947e+01,0.000000000000000000e+00,3.077199803699999947e+01
1.911912352399999904e+01,-3.991618653399999772e+01,0.000000000000000000e+00,3.991618653399999772e+01,-3.239594956100000189e+01,0.000000000000000000e+00,3.239594956100000189e+01
1.913914344299999826e+01,-3.681414610000000209e+01,0.000000000000000000e+00,3.681414610000000209e+01,-3.407821788399999718e+01,0.000000000000000000e+00,3.407821788399999718e+01
1.915916336300000111e+01,-3.405195900300000034e+01,0.000000000000000000e+00,3.405195900300000034e+01,-3.669449385499999750e+01,0.000000000000000000e+00,3.669449385499999750e+01
1.917918328300000042e+01,-3.203082181199999923e+01,0.000000000000000000e+00,3.203082181199999923e+01,-3.980916524799999934e+01,0.000000000000000000e+00,3.980916524799999934e+01
1.919920320299999972e+01,-3.015156540299999932e+01,0.000000000000000000e+00,3.015156540299999932e+01,-4.110310102300000068e+01,0.000000000000000000e+00,4.110310102300000068e+01
1.921922312299999902e+01,-2.862607609599999847e+01,0.000000000000000000e+00,2.862607609599999847e+01,-4.000303035799999662e+01,0.000000000000000000e+00,4.000303035799999662e+01
1.923924304299999832e+01,-2.756501048899999873e+01,0.000000000000000000e+00,2.756501048899999873e+01,-3.749966727900000052e+01,0.000000000000000000e+00,3.749966727900000052e+01
1.925926296300000118e+01,-2.662355400299999886e+01,0.000000000000000000e+00,2.662355400299999886e+01,-3.513268658599999839e+01,0.000000000000000000e+00,3.513268658599999839e+01
1.927928288300000048e+01,-2.591405561799999901e+01,0.000000000000000000e+00,2.591405561799999901e+01,-3.364310855499999775e+01,0.000000000000000000e+00,3.364310855499999775e+01
1.929930280299999978e+01,-2.571911228300000118e+01,0.000000000000000000e+00,2.571911228300000118e+01,-3.256274829499999868e+01,0.000000000000000000e+00,3.256274829499999868e+01
1.931932272299999909e+01,-2.538446237100000147e+01,0.000000000000000000e+00,2.538446237100000147e+01,-3.174231702699999857e+01,0.000000000000000000e+00,3.174231702699999857e+01
1.933934264299999839e+01,-2.510547281499999883e+01,0.000000000000000000e+00,2.510547281499999883e+01,-3.118083251999999916e+01,0.000000000000000000e+00,3.118083251999999916e+01
1.935936256300000124e+01,-2.524566882299999904e+01,0.000000000000000000e+00,2.524566882299999904e+01,-3.111772486599999965e+01,0.000000000000000000e+00,3.111772486599999965e+01
1.937938248200000046e+01,-2.537558577500000112e+01,0.000000000000000000e+00,2.537558577500000112e+01,-3.104330213300000096e+01,0.000000000000000000e+00,3.104330213300000096e+01
1.939940240199999977e+01,-2.548678246100000067e+01,0.000000000000000000e+00,2.548678246100000067e+01,-3.113908654999999825e+01,0.000000000000000000e+00,3.113908654999999825e+01
1.941942232199999907e+01,-2.599016732600000168e+01,0.000000000000000000e+00,2.599016732600000168e+01,-3.097774488800000015e+01,0.000000000000000000e+00,3.097774488800000015e+01
1.943944224199999837e+01,-2.645660619899999944e+01,0.000000000000000000e+00,2.645660619899999944e+01,-3.110398439800000148e+01,0.000000000000000000e+00,3.110398439800000148e+01
1.945946216200000123e+01,-2.676556036999999932e+01,0.000000000000000000e+00,2.676556036999999932e+01,-3.073995311399999864e+01,0.000000000000000000e+00,3.073995311399999864e+01
1.947948208200000053e+01,-2.725628269499999945e+01,0.000000000000000000e+00,2.725628269499999945e+01,-3.089575524600000023e+01,0.000000000000000000e+00,3.089575524600000023e+01
1.949950200199999983e+01,-2.791339527199999893e+01,0.000000000000000000e+00,2.791339527199999893e+01,-3.112749943000000030e+01,0.000000000000000000e+00,3.112749943000000030e+01
1.951952192199999914e+01,-2.840370898500000152e+01,0.000000000000000000e+00,2.840370898500000152e+01,-3.117012687200000087e+01,0.000000000000000000e+00,3.117012687200000087e+01
1.953954184199999844e+01,-2.931551435800000149e+01,0.000000000000000000e+00,2.931551435800000149e+01,-3.179299659699999836e+01,0.000000000000000000e+00,3.179299659699999836e+01
1.955956176200000129e+01,-3.030946769499999860e+01,0.000000000000000000e+00,3.030946769499999860e+01,-3.252636769699999775e+01,0.000000000000000000e+00,3.252636769699999775e+01
1.957958168200000060e+01,-3.118426668900000109e+01,0.000000000000000000e+00,3.118426668900000109e+01,-3.257170261499999953e+01,0.000000000000000000e+00,3.257170261499999953e+01
1.959960160199999990e+01,-3.140891478600000042e+01,0.000000000000000000e+00,3.140891478600000042e+01,-3.223450591099999940e+01,0.000000000000000000e+00,3.223450591099999940e+01
1.961962152199999920e+01,-3.081176540899999949e+01,0.000000000000000000e+00,3.081176540899999949e+01,-3.179417871400000095e+01,0.000000000000000000e+00,3.179417871400000095e+01
1.963964144099999842e+01,-2.943977859800000019e+01,0.000000000000000000e+00,2.943977859800000019e+01,-3.067224818700000100e+01,0.000000000000000000e+00,3.067224818700000100e+01
1.965966136100000128e+01,-2.836625965700000052e+01,0.000000000000000000e+00,2.836625965700000052e+01,-2.984275114700000131e+01,0.000000000000000000e+00,2.984275114700000131e+01
1.967968128100000058e+01,-2.777266648100000168e+01,0.000000000000000000e+00,2.777266648100000168e+01,-2.946737591899999842e+01,0.000000000000000000e+00,2.946737591899999842e+01
1.969970120099999988e+01,-2.739358283800000038e+01,0.000000000000000000e+00,2.739358283800000038e+01,-2.875111736499999893e+01,0.000000000000000000e+00,2.875111736499999893e+01
1.971972112099999919e+01,-2.724933573699999911e+01,0.000000000000000000e+00,2.724933573699999911e+01,-2.791190717799999987e+01,0.000000000000000000e+00,2.791190717799999987e+01
1.973974104099999849e+01,-2.741138497800000096e+01,0.000000000000000000e+00,2.741138497800000096e+01,-2.728964210199999840e+01,0.000000000000000000e+00,2.728964210199999840e+01
1.975976096100000134e+01,-2.729779034099999890e+01,0.000000000000000000e+00,2.729779034099999890e+01,-2.664052890299999987e+01,0.000000000000000000e+00,2.664052890299999987e+01
1.977978088100000065e+01,-2.690857077400000108e+01,0.000000000000000000e+00,2.690857077400000108e+01,-2.590187640599999952e+01,0.000000000000000000e+00,2.590187640599999952e+01
1.979980080099999995e+01,-2.655586263500000044e+01,0.000000000000000000e+00,2.655586263500000044e+01,-2.564348320699999917e+01,0.000000000000000000e+00,2.564348320699999917e+01
1.981982072099999925e+01,-2.619826736899999986e+01,0.000000000000000000e+00,2.619826736899999986e+01,-2.551866094300000043e+01,0.000000000000000000e+00,2.551866094300000043e+01
1.983984064099999856e+01,-2.567194547000000071e+01,0.000000000000000000e+00,2.567194547000000071e+01,-2.509888733000000016e+01,0.000000000000000000e+00,2.509888733000000016e+01
1.985986056100000141e+01,-2.543769553599999966e+01,0.000000000000000000e+00,2.543769553599999966e+01,-2.501492175299999943e+01,0.000000000000000000e+00,2.501492175299999943e+01
1.987988048000000063e+01,-2.540877824700000076e+01,0.000000000000000000e+00,2.540877824700000076e+01,-2.496586025299999889e+01,0.000000000000000000e+00,2.496586025299999889e+01
1.989990039999999993e+01,-2.519496935200000109e+01,0.000000000000000000e+00,2.519496935200000109e+01,-2.471499908899999909e+01,0.000000000000000000e+00,2.471499908899999909e+01
1.991992031999999924e+01,-2.517800340200000164e+01,0.000000000000000000e+00,2.517800340200000164e+01,-2.457841819500000113e+01,0.000000000000000000e+00,2.457841819500000113e+01
1.993994023999999854e+01,-2.532396187399999832e+01,0.000000000000000000e+00,2.532396187399999832e+01,-2.463407506100000077e+01,0.000000000000000000e+00,2.463407506100000077e+01
1.995996016000000139e+01,-2.537261641299999937e+01,0.000000000000000000e+00,2.537261641299999937e+01,-2.442443563599999834e+01,0.000000000000000000e+00,2.442443563599999834e+01
1.997998008000000070e+01,-2.562576750299999873e+01,0.000000000000000000e+00,2.562576750299999873e+01,-2.438449613699999929e+01,0.000000000000000000e+00,2.438449613699999929e+01
2.000000000000000000e+01,-2.601086013000000108e+01,0.000000000000000000e+00,2.601086013000000108e+01,-2.446784014200000001e+01,0.000000000000000000e+00,2.446784014200000001e+01
