freq_GHz,S21_real,S21_imag,S21_mag,S31_real,S31_imag,S31_mag
1.000000000000000048e-04,-8.154789805100000422e+01,0.000000000000000000e+00,8.154789805100000422e+01,-8.440135612400000298e+01,0.000000000000000000e+00,8.440135612400000298e+01
2.011991992000000326e-02,-8.941912089000000208e+01,0.000000000000000000e+00,8.941912089000000208e+01,-8.496642447499999662e+01,0.000000000000000000e+00,8.496642447499999662e+01
4.013983984000000366e-02,-9.453701226699999438e+01,0.000000000000000000e+00,9.453701226699999438e+01,-9.369261858800000198e+01,0.000000000000000000e+00,9.369261858800000198e+01
6.015975976000000058e-02,-9.531910400799999650e+01,0.000000000000000000e+00,9.531910400799999650e+01,-9.860684279999999546e+01,0.000000000000000000e+00,9.860684279999999546e+01
8.017967968000000445e-02,-9.160261411199999770e+01,0.000000000000000000e+00,9.160261411199999770e+01,-1.001243269999999939e+02,0.000000000000000000e+00,1.001243269999999939e+02
1.001995995999999944e-01,-1.037624903100000040e+02,0.000000000000000000e+00,1.037624903100000040e+02,-1.063731843799999979e+02,0.000000000000000000e+00,1.063731843799999979e+02
1.202195195199999983e-01,-9.228405259500000568e+01,0.000000000000000000e+00,9.228405259500000568e+01,-9.431245908200000372e+01,0.000000000000000000e+00,9.431245908200000372e+01
1.402394394400000022e-01,-9.446625465600000382e+01,0.000000000000000000e+00,9.446625465600000382e+01,-9.271391105600000060e+01,0.000000000000000000e+00,9.271391105600000060e+01
1.602593593600000199e-01,-1.033955857400000014e+02,0.000000000000000000e+00,1.033955857400000014e+02,-8.991674400399999456e+01,0.000000000000000000e+00,8.991674400399999456e+01
1.802792792800000099e-01,-9.351561510599999849e+01,0.000000000000000000e+00,9.351561510599999849e+01,-9.456698905999999738e+01,0.000000000000000000e+00,9.456698905999999738e+01
2.002991991999999999e-01,-9.103443720399999961e+01,0.000000000000000000e+00,9.103443720399999961e+01,-9.132840409899999656e+01,0.000000000000000000e+00,9.132840409899999656e+01
2.203191191200000176e-01,-9.542411959199999671e+01,0.000000000000000000e+00,9.542411959199999671e+01,-9.574340130000000215e+01,0.000000000000000000e+00,9.574340130000000215e+01
2.403390390399999799e-01,-9.047447478300000512e+01,0.000000000000000000e+00,9.047447478300000512e+01,-9.135447205799999892e+01,0.000000000000000000e+00,9.135447205799999892e+01
2.603589589599999976e-01,-9.650301133899999684e+01,0.000000000000000000e+00,9.650301133899999684e+01,-9.996362412499999550e+01,0.000000000000000000e+00,9.996362412499999550e+01
2.803788788800000154e-01,-1.013114188600000034e+02,0.000000000000000000e+00,1.013114188600000034e+02,-1.149759681499999999e+02,0.000000000000000000e+00,1.149759681499999999e+02
3.003987988000000331e-01,-9.032571132299999306e+01,0.000000000000000000e+00,9.032571132299999306e+01,-1.122068288400000000e+02,0.000000000000000000e+00,1.122068288400000000e+02
3.204187187200000508e-01,-9.549245084499999336e+01,0.000000000000000000e+00,9.549245084499999336e+01,-9.656639565700000105e+01,0.000000000000000000e+00,9.656639565700000105e+01
3.404386386400000131e-01,-9.073846715700000232e+01,0.000000000000000000e+00,9.073846715700000232e+01,-9.265736783299999502e+01,0.000000000000000000e+00,9.265736783299999502e+01
3.604585585599999753e-01,-8.999336489300000608e+01,0.000000000000000000e+00,8.999336489300000608e+01,-1.004745725599999986e+02,0.000000000000000000e+00,1.004745725599999986e+02
3.804784784799999930e-01,-9.389813841199999445e+01,0.000000000000000000e+00,9.389813841199999445e+01,-9.309464531700000123e+01,0.000000000000000000e+00,9.309464531700000123e+01
4.004983983999999553e-01,-9.183470142100000544e+01,0.000000000000000000e+00,9.183470142100000544e+01,-1.053200403599999930e+02,0.000000000000000000e+00,1.053200403599999930e+02
4.205183183199999730e-01,-8.757232223699999452e+01,0.000000000000000000e+00,8.757232223699999452e+01,-8.955628296999999804e+01,0.000000000000000000e+00,8.955628296999999804e+01
4.405382382399999908e-01,-9.168017412800000443e+01,0.000000000000000000e+00,9.168017412800000443e+01,-1.048679730300000017e+02,0.000000000000000000e+00,1.048679730300000017e+02
4.605581581600000085e-01,-9.830186733300000412e+01,0.000000000000000000e+00,9.830186733300000412e+01,-1.231303478699999943e+02,0.000000000000000000e+00,1.231303478699999943e+02
4.805780780799999707e-01,-9.074667654099999936e+01,0.000000000000000000e+00,9.074667654099999936e+01,-8.738702162200000600e+01,0.000000000000000000e+00,8.738702162200000600e+01
5.005979980000000440e-01,-8.565107134299999814e+01,0.000000000000000000e+00,8.565107134299999814e+01,-9.011641516699999954e+01,0.000000000000000000e+00,9.011641516699999954e+01
5.206179179200000062e-01,-9.229126737900000421e+01,0.000000000000000000e+00,9.229126737900000421e+01,-9.248676756400000443e+01,0.000000000000000000e+00,9.248676756400000443e+01
5.406378378400000795e-01,-9.102938416899999652e+01,0.000000000000000000e+00,9.102938416899999652e+01,-8.314984994499999971e+01,0.000000000000000000e+00,8.314984994499999971e+01
5.606577577600000417e-01,-8.827370479399999681e+01,0.000000000000000000e+00,8.827370479399999681e+01,-8.113765271799999823e+01,0.000000000000000000e+00,8.113765271799999823e+01
5.806776776799998929e-01,-8.164895808599999327e+01,0.000000000000000000e+00,8.164895808599999327e+01,-7.910772874200000615e+01,0.000000000000000000e+00,7.910772874200000615e+01
6.006975976000000772e-01,-7.938293714600000328e+01,0.000000000000000000e+00,7.938293714600000328e+01,-8.094016936500000270e+01,0.000000000000000000e+00,8.094016936500000270e+01
6.207175175199999284e-01,-7.662839824600000327e+01,0.000000000000000000e+00,7.662839824600000327e+01,-7.597477836000000195e+01,0.000000000000000000e+00,7.597477836000000195e+01
6.407374374400001127e-01,-7.434364650400000585e+01,0.000000000000000000e+00,7.434364650400000585e+01,-7.636784410500000320e+01,0.000000000000000000e+00,7.636784410500000320e+01
6.607573573599999639e-01,-7.361120833699999366e+01,0.000000000000000000e+00,7.361120833699999366e+01,-7.373111346899999319e+01,0.000000000000000000e+00,7.373111346899999319e+01
6.807772772799999261e-01,-7.204555707699999800e+01,0.000000000000000000e+00,7.204555707699999800e+01,-7.017431283999999891e+01,0.000000000000000000e+00,7.017431283999999891e+01
7.007971971999999994e-01,-7.001546748299999479e+01,0.000000000000000000e+00,7.001546748299999479e+01,-6.796244207099999812e+01,0.000000000000000000e+00,6.796244207099999812e+01
7.208171171199999616e-01,-6.684272239800000648e+01,0.000000000000000000e+00,6.684272239800000648e+01,-6.570881747900000391e+01,0.000000000000000000e+00,6.570881747900000391e+01
7.408370370399999238e-01,-6.613325197400000377e+01,0.000000000000000000e+00,6.613325197400000377e+01,-6.375670494599999927e+01,0.000000000000000000e+00,6.375670494599999927e+01
7.608569569599999971e-01,-6.432880745299999603e+01,0.000000000000000000e+00,6.432880745299999603e+01,-6.241179411499999929e+01,0.000000000000000000e+00,6.241179411499999929e+01
7.808768768799999593e-01,-6.267369519799999722e+01,0.000000000000000000e+00,6.267369519799999722e+01,-6.103790887699999956e+01,0.000000000000000000e+00,6.103790887699999956e+01
8.008967967999999216e-01,-6.229572364799999917e+01,0.000000000000000000e+00,6.229572364799999917e+01,-6.003544092300000301e+01,0.000000000000000000e+00,6.003544092300000301e+01
8.209167167199999948e-01,-6.016043693799999659e+01,0.000000000000000000e+00,6.016043693799999659e+01,-5.903248554099999978e+01,0.000000000000000000e+00,5.903248554099999978e+01
8.409366366399999571e-01,-5.860517892499999704e+01,0.000000000000000000e+00,5.860517892499999704e+01,-5.774050012499999696e+01,0.000000000000000000e+00,5.774050012499999696e+01
8.609565565599999193e-01,-5.708312772699999726e+01,0.000000000000000000e+00,5.708312772699999726e+01,-5.541531724699999728e+01,0.000000000000000000e+00,5.541531724699999728e+01
8.809764764799999925e-01,-5.543347341700000186e+01,0.000000000000000000e+00,5.543347341700000186e+01,-5.343105783200000047e+01,0.000000000000000000e+00,5.343105783200000047e+01
9.009963963999999548e-01,-5.302072399800000113e+01,0.000000000000000000e+00,5.302072399800000113e+01,-5.089170978399999967e+01,0.000000000000000000e+00,5.089170978399999967e+01
9.210163163200000280e-01,-4.890349983299999792e+01,0.000000000000000000e+00,4.890349983299999792e+01,-4.909379028499999720e+01,0.000000000000000000e+00,4.909379028499999720e+01
9.410362362399999903e-01,-4.710025625899999824e+01,0.000000000000000000e+00,4.710025625899999824e+01,-4.673984893099999738e+01,0.000000000000000000e+00,4.673984893099999738e+01
9.610561561599999525e-01,-4.410530774400000098e+01,0.000000000000000000e+00,4.410530774400000098e+01,-4.359612257799999924e+01,0.000000000000000000e+00,4.359612257799999924e+01
9.810760760800000257e-01,-4.140404939999999812e+01,0.000000000000000000e+00,4.140404939999999812e+01,-4.111162659000000019e+01,0.000000000000000000e+00,4.111162659000000019e+01
1.001095996000000099e+00,-3.992154553499999992e+01,0.000000000000000000e+00,3.992154553499999992e+01,-3.931178825199999949e+01,0.000000000000000000e+00,3.931178825199999949e+01
1.021115915900000060e+00,-3.869054654899999690e+01,0.000000000000000000e+00,3.869054654899999690e+01,-3.846630839699999882e+01,0.000000000000000000e+00,3.846630839699999882e+01
1.041135835800000020e+00,-3.793859095599999876e+01,0.000000000000000000e+00,3.793859095599999876e+01,-3.753585352900000061e+01,0.000000000000000000e+00,3.753585352900000061e+01
1.061155755799999989e+00,-3.522538773499999820e+01,0.000000000000000000e+00,3.522538773499999820e+01,-3.610538332200000156e+01,0.000000000000000000e+00,3.610538332200000156e+01
1.081175675699999950e+00,-3.328870668399999744e+01,0.000000000000000000e+00,3.328870668399999744e+01,-3.411927890799999830e+01,0.000000000000000000e+00,3.411927890799999830e+01
1.101195595599999910e+00,-3.258654279099999940e+01,0.000000000000000000e+00,3.258654279099999940e+01,-3.354787217999999882e+01,0.000000000000000000e+00,3.354787217999999882e+01
1.121215515500000093e+00,-3.151818566800000099e+01,0.000000000000000000e+00,3.151818566800000099e+01,-3.239769951499999934e+01,0.000000000000000000e+00,3.239769951499999934e+01
1.141235435400000053e+00,-3.090872027099999997e+01,0.000000000000000000e+00,3.090872027099999997e+01,-3.130646665600000134e+01,0.000000000000000000e+00,3.130646665600000134e+01
1.161255355400000022e+00,-2.963265638500000065e+01,0.000000000000000000e+00,2.963265638500000065e+01,-3.055513782299999903e+01,0.000000000000000000e+00,3.055513782299999903e+01
1.181275275299999983e+00,-2.850586019700000051e+01,0.000000000000000000e+00,2.850586019700000051e+01,-2.857103039700000124e+01,0.000000000000000000e+00,2.857103039700000124e+01
1.201295195199999943e+00,-2.710152758599999956e+01,0.000000000000000000e+00,2.710152758599999956e+01,-2.761489386499999910e+01,0.000000000000000000e+00,2.761489386499999910e+01
1.221315115099999904e+00,-2.641494959199999926e+01,0.000000000000000000e+00,2.641494959199999926e+01,-2.664390490599999950e+01,0.000000000000000000e+00,2.664390490599999950e+01
1.241335035000000087e+00,-2.532067921000000155e+01,0.000000000000000000e+00,2.532067921000000155e+01,-2.651419017899999986e+01,0.000000000000000000e+00,2.651419017899999986e+01
1.261354955000000055e+00,-2.411441432899999882e+01,0.000000000000000000e+00,2.411441432899999882e+01,-2.499910856600000031e+01,0.000000000000000000e+00,2.499910856600000031e+01
1.281374874900000016e+00,-2.331926711399999874e+01,0.000000000000000000e+00,2.331926711399999874e+01,-2.442520955099999824e+01,0.000000000000000000e+00,2.442520955099999824e+01
1.301394794799999977e+00,-2.269803322299999948e+01,0.000000000000000000e+00,2.269803322299999948e+01,-2.303089414100000099e+01,0.000000000000000000e+00,2.303089414100000099e+01
1.321414714699999937e+00,-2.225277159699999885e+01,0.000000000000000000e+00,2.225277159699999885e+01,-2.130670056499999987e+01,0.000000000000000000e+00,2.130670056499999987e+01
1.341434634599999898e+00,-2.160017847800000013e+01,0.000000000000000000e+00,2.160017847800000013e+01,-2.039485788400000033e+01,0.000000000000000000e+00,2.039485788400000033e+01
1.361454554599999867e+00,-2.117520478899999858e+01,0.000000000000000000e+00,2.117520478899999858e+01,-1.961159244299999926e+01,0.000000000000000000e+00,1.961159244299999926e+01
1.381474474500000049e+00,-1.976501157699999922e+01,0.000000000000000000e+00,1.976501157699999922e+01,-1.893604042799999831e+01,0.000000000000000000e+00,1.893604042799999831e+01
1.401494394400000010e+00,-1.931415915199999844e+01,0.000000000000000000e+00,1.931415915199999844e+01,-1.815362968999999893e+01,0.000000000000000000e+00,1.815362968999999893e+01
1.421514314299999970e+00,-1.862715679600000129e+01,0.000000000000000000e+00,1.862715679600000129e+01,-1.733062829800000060e+01,0.000000000000000000e+00,1.733062829800000060e+01
1.441534234200000153e+00,-1.803194203800000039e+01,0.000000000000000000e+00,1.803194203800000039e+01,-1.724704998400000022e+01,0.000000000000000000e+00,1.724704998400000022e+01
1.461554154200000122e+00,-1.787691040600000036e+01,0.000000000000000000e+00,1.787691040600000036e+01,-1.723201939499999824e+01,0.000000000000000000e+00,1.723201939499999824e+01
1.481574074099999860e+00,-1.785714566200000064e+01,0.000000000000000000e+00,1.785714566200000064e+01,-1.713614776000000006e+01,0.000000000000000000e+00,1.713614776000000006e+01
1.501593994000000043e+00,-1.696082175900000166e+01,0.000000000000000000e+00,1.696082175900000166e+01,-1.676206616600000032e+01,0.000000000000000000e+00,1.676206616600000032e+01
1.521613913900000004e+00,-1.610896260599999863e+01,0.000000000000000000e+00,1.610896260599999863e+01,-1.718499390599999899e+01,0.000000000000000000e+00,1.718499390599999899e+01
1.541633833799999964e+00,-1.593512690800000087e+01,0.000000000000000000e+00,1.593512690800000087e+01,-1.741974557200000007e+01,0.000000000000000000e+00,1.741974557200000007e+01
1.561653753799999933e+00,-1.652142569100000102e+01,0.000000000000000000e+00,1.652142569100000102e+01,-1.753409100900000084e+01,0.000000000000000000e+00,1.753409100900000084e+01
1.581673673700000116e+00,-1.683252848600000107e+01,0.000000000000000000e+00,1.683252848600000107e+01,-1.713766983300000035e+01,0.000000000000000000e+00,1.713766983300000035e+01
1.601693593599999854e+00,-1.701489310199999849e+01,0.000000000000000000e+00,1.701489310199999849e+01,-1.749310433799999842e+01,0.000000000000000000e+00,1.749310433799999842e+01
1.621713513500000037e+00,-1.762538451600000045e+01,0.000000000000000000e+00,1.762538451600000045e+01,-1.780526376599999949e+01,0.000000000000000000e+00,1.780526376599999949e+01
1.641733433399999997e+00,-1.812929439599999881e+01,0.000000000000000000e+00,1.812929439599999881e+01,-1.691073062899999968e+01,0.000000000000000000e+00,1.691073062899999968e+01
1.661753353400000188e+00,-1.866249736900000045e+01,0.000000000000000000e+00,1.866249736900000045e+01,-1.656705893099999827e+01,0.000000000000000000e+00,1.656705893099999827e+01
1.681773273299999927e+00,-1.853074003000000047e+01,0.000000000000000000e+00,1.853074003000000047e+01,-1.634076003699999902e+01,0.000000000000000000e+00,1.634076003699999902e+01
1.701793193200000109e+00,-1.871055524200000164e+01,0.000000000000000000e+00,1.871055524200000164e+01,-1.613297283300000018e+01,0.000000000000000000e+00,1.613297283300000018e+01
1.721813113099999848e+00,-1.934034357599999865e+01,0.000000000000000000e+00,1.934034357599999865e+01,-1.519362865899999981e+01,0.000000000000000000e+00,1.519362865899999981e+01
1.741833033000000031e+00,-1.975932046100000150e+01,0.000000000000000000e+00,1.975932046100000150e+01,-1.511706003499999973e+01,0.000000000000000000e+00,1.511706003499999973e+01
1.761852952999999999e+00,-2.024891967199999954e+01,0.000000000000000000e+00,2.024891967199999954e+01,-1.490434062399999959e+01,0.000000000000000000e+00,1.490434062399999959e+01
1.781872872900000182e+00,-2.023200933600000084e+01,0.000000000000000000e+00,2.023200933600000084e+01,-1.422667467800000018e+01,0.000000000000000000e+00,1.422667467800000018e+01
1.801892792799999921e+00,-1.858340316299999984e+01,0.000000000000000000e+00,1.858340316299999984e+01,-1.357921973500000057e+01,0.000000000000000000e+00,1.357921973500000057e+01
1.821912712700000103e+00,-1.868208652799999925e+01,0.000000000000000000e+00,1.868208652799999925e+01,-1.310629017099999949e+01,0.000000000000000000e+00,1.310629017099999949e+01
1.841932632599999842e+00,-1.821265820500000032e+01,0.000000000000000000e+00,1.821265820500000032e+01,-1.257037265800000014e+01,0.000000000000000000e+00,1.257037265800000014e+01
1.861952552599999811e+00,-1.745575672600000061e+01,0.000000000000000000e+00,1.745575672600000061e+01,-1.257148771099999962e+01,0.000000000000000000e+00,1.257148771099999962e+01
1.881972472499999993e+00,-1.650809965699999893e+01,0.000000000000000000e+00,1.650809965699999893e+01,-1.261070044500000087e+01,0.000000000000000000e+00,1.261070044500000087e+01
1.901992392400000176e+00,-1.622994888699999905e+01,0.000000000000000000e+00,1.622994888699999905e+01,-1.298810732699999981e+01,0.000000000000000000e+00,1.298810732699999981e+01
1.922012312299999914e+00,-1.555513145299999955e+01,0.000000000000000000e+00,1.555513145299999955e+01,-1.300707154600000059e+01,0.000000000000000000e+00,1.300707154600000059e+01
1.942032232200000097e+00,-1.503187556299999983e+01,0.000000000000000000e+00,1.503187556299999983e+01,-1.309312375899999914e+01,0.000000000000000000e+00,1.309312375899999914e+01
1.962052152200000066e+00,-1.484366114700000061e+01,0.000000000000000000e+00,1.484366114700000061e+01,-1.329937067999999911e+01,0.000000000000000000e+00,1.329937067999999911e+01
1.982072072099999804e+00,-1.447038688399999984e+01,0.000000000000000000e+00,1.447038688399999984e+01,-1.334595339200000019e+01,0.000000000000000000e+00,1.334595339200000019e+01
2.002091991999999987e+00,-1.432869834999999981e+01,0.000000000000000000e+00,1.432869834999999981e+01,-1.356307737999999929e+01,0.000000000000000000e+00,1.356307737999999929e+01
2.022111911900000170e+00,-1.390092287499999912e+01,0.000000000000000000e+00,1.390092287499999912e+01,-1.341549706900000061e+01,0.000000000000000000e+00,1.341549706900000061e+01
2.042131831799999908e+00,-1.407659600000000033e+01,0.000000000000000000e+00,1.407659600000000033e+01,-1.347775333899999950e+01,0.000000000000000000e+00,1.347775333899999950e+01
2.062151751800000099e+00,-1.437518194899999990e+01,0.000000000000000000e+00,1.437518194899999990e+01,-1.365926726200000019e+01,0.000000000000000000e+00,1.365926726200000019e+01
2.082171671699999838e+00,-1.446159471500000038e+01,0.000000000000000000e+00,1.446159471500000038e+01,-1.331688142399999997e+01,0.000000000000000000e+00,1.331688142399999997e+01
2.102191591600000020e+00,-1.422356774500000043e+01,0.000000000000000000e+00,1.422356774500000043e+01,-1.314113723600000050e+01,0.000000000000000000e+00,1.314113723600000050e+01
2.122211511500000203e+00,-1.396486390899999996e+01,0.000000000000000000e+00,1.396486390899999996e+01,-1.326127911000000026e+01,0.000000000000000000e+00,1.326127911000000026e+01
2.142231431399999941e+00,-1.408738496199999979e+01,0.000000000000000000e+00,1.408738496199999979e+01,-1.322639028200000055e+01,0.000000000000000000e+00,1.322639028200000055e+01
2.162251351400000132e+00,-1.400148696900000012e+01,0.000000000000000000e+00,1.400148696900000012e+01,-1.331507053300000010e+01,0.000000000000000000e+00,1.331507053300000010e+01
2.182271271300000315e+00,-1.386332453900000061e+01,0.000000000000000000e+00,1.386332453900000061e+01,-1.333298684200000039e+01,0.000000000000000000e+00,1.333298684200000039e+01
2.202291191199999609e+00,-1.375893714999999951e+01,0.000000000000000000e+00,1.375893714999999951e+01,-1.337242888599999979e+01,0.000000000000000000e+00,1.337242888599999979e+01
2.222311111099999792e+00,-1.376281282599999933e+01,0.000000000000000000e+00,1.376281282599999933e+01,-1.341986724400000064e+01,0.000000000000000000e+00,1.341986724400000064e+01
2.242331030999999975e+00,-1.347771000700000066e+01,0.000000000000000000e+00,1.347771000700000066e+01,-1.340583052999999936e+01,0.000000000000000000e+00,1.340583052999999936e+01
2.262350951000000165e+00,-1.351170033200000020e+01,0.000000000000000000e+00,1.351170033200000020e+01,-1.311146407899999922e+01,0.000000000000000000e+00,1.311146407899999922e+01
2.282370870899999904e+00,-1.361229085699999963e+01,0.000000000000000000e+00,1.361229085699999963e+01,-1.294477778499999943e+01,0.000000000000000000e+00,1.294477778499999943e+01
2.302390790800000087e+00,-1.358077197399999925e+01,0.000000000000000000e+00,1.358077197399999925e+01,-1.286805922199999941e+01,0.000000000000000000e+00,1.286805922199999941e+01
2.322410710699999825e+00,-1.362318969999999929e+01,0.000000000000000000e+00,1.362318969999999929e+01,-1.277307652000000004e+01,0.000000000000000000e+00,1.277307652000000004e+01
2.342430630600000008e+00,-1.351142791999999915e+01,0.000000000000000000e+00,1.351142791999999915e+01,-1.291087377700000083e+01,0.000000000000000000e+00,1.291087377700000083e+01
2.362450550599999755e+00,-1.361097234400000033e+01,0.000000000000000000e+00,1.361097234400000033e+01,-1.291362273600000066e+01,0.000000000000000000e+00,1.291362273600000066e+01
2.382470470499999937e+00,-1.371448163099999995e+01,0.000000000000000000e+00,1.371448163099999995e+01,-1.319366416499999950e+01,0.000000000000000000e+00,1.319366416499999950e+01
2.402490390400000120e+00,-1.387528023800000021e+01,0.000000000000000000e+00,1.387528023800000021e+01,-1.349162165399999935e+01,0.000000000000000000e+00,1.349162165399999935e+01
2.422510310300000302e+00,-1.362999539199999965e+01,0.000000000000000000e+00,1.362999539199999965e+01,-1.368513563199999972e+01,0.000000000000000000e+00,1.368513563199999972e+01
2.442530230199999597e+00,-1.372274593799999920e+01,0.000000000000000000e+00,1.372274593799999920e+01,-1.415155291900000023e+01,0.000000000000000000e+00,1.415155291900000023e+01
2.462550150199999788e+00,-1.377837535899999999e+01,0.000000000000000000e+00,1.377837535899999999e+01,-1.448349093500000073e+01,0.000000000000000000e+00,1.448349093500000073e+01
2.482570070099999970e+00,-1.417084897400000010e+01,0.000000000000000000e+00,1.417084897400000010e+01,-1.485755365500000025e+01,0.000000000000000000e+00,1.485755365500000025e+01
2.502589990000000153e+00,-1.437052111400000065e+01,0.000000000000000000e+00,1.437052111400000065e+01,-1.514225264100000068e+01,0.000000000000000000e+00,1.514225264100000068e+01
2.522609909899999892e+00,-1.447729188099999931e+01,0.000000000000000000e+00,1.447729188099999931e+01,-1.570369726100000030e+01,0.000000000000000000e+00,1.570369726100000030e+01
2.542629829800000074e+00,-1.472046346800000016e+01,0.000000000000000000e+00,1.472046346800000016e+01,-1.595670774899999955e+01,0.000000000000000000e+00,1.595670774899999955e+01
2.562649749699999813e+00,-1.508651441900000023e+01,0.000000000000000000e+00,1.508651441900000023e+01,-1.645155451700000171e+01,0.000000000000000000e+00,1.645155451700000171e+01
2.582669669700000004e+00,-1.520819052000000049e+01,0.000000000000000000e+00,1.520819052000000049e+01,-1.703764323500000089e+01,0.000000000000000000e+00,1.703764323500000089e+01
2.602689589599999742e+00,-1.529154164999999921e+01,0.000000000000000000e+00,1.529154164999999921e+01,-1.765034725499999979e+01,0.000000000000000000e+00,1.765034725499999979e+01
2.622709509499999925e+00,-1.548791293999999930e+01,0.000000000000000000e+00,1.548791293999999930e+01,-1.805381369099999844e+01,0.000000000000000000e+00,1.805381369099999844e+01
2.642729429400000107e+00,-1.605010651599999960e+01,0.000000000000000000e+00,1.605010651599999960e+01,-1.841788443900000161e+01,0.000000000000000000e+00,1.841788443900000161e+01
2.662749349300000290e+00,-1.654145964099999944e+01,0.000000000000000000e+00,1.654145964099999944e+01,-1.859190587499999836e+01,0.000000000000000000e+00,1.859190587499999836e+01
2.682769269300000037e+00,-1.715420088100000129e+01,0.000000000000000000e+00,1.715420088100000129e+01,-1.875974751900000115e+01,0.000000000000000000e+00,1.875974751900000115e+01
2.702789189199999775e+00,-1.806419918199999941e+01,0.000000000000000000e+00,1.806419918199999941e+01,-1.893015561700000049e+01,0.000000000000000000e+00,1.893015561700000049e+01
2.722809109099999958e+00,-1.884011808200000004e+01,0.000000000000000000e+00,1.884011808200000004e+01,-1.903570272900000049e+01,0.000000000000000000e+00,1.903570272900000049e+01
2.742829029000000141e+00,-1.981379088699999969e+01,0.000000000000000000e+00,1.981379088699999969e+01,-1.924018922899999851e+01,0.000000000000000000e+00,1.924018922899999851e+01
2.762848948899999879e+00,-2.120331596999999846e+01,0.000000000000000000e+00,2.120331596999999846e+01,-1.882463474100000056e+01,0.000000000000000000e+00,1.882463474100000056e+01
2.782868868900000070e+00,-2.246087440000000157e+01,0.000000000000000000e+00,2.246087440000000157e+01,-1.891600496299999890e+01,0.000000000000000000e+00,1.891600496299999890e+01
2.802888788800000253e+00,-2.329128057400000174e+01,0.000000000000000000e+00,2.329128057400000174e+01,-1.853819693299999827e+01,0.000000000000000000e+00,1.853819693299999827e+01
2.822908708699999991e+00,-2.387227829700000115e+01,0.000000000000000000e+00,2.387227829700000115e+01,-1.808825490199999919e+01,0.000000000000000000e+00,1.808825490199999919e+01
2.842928628599999730e+00,-2.401288372200000154e+01,0.000000000000000000e+00,2.401288372200000154e+01,-1.789051734199999899e+01,0.000000000000000000e+00,1.789051734199999899e+01
2.862948548499999912e+00,-2.366518335600000000e+01,0.000000000000000000e+00,2.366518335600000000e+01,-1.765994914899999912e+01,0.000000000000000000e+00,1.765994914899999912e+01
2.882968468500000103e+00,-2.331498764899999898e+01,0.000000000000000000e+00,2.331498764899999898e+01,-1.737231502499999891e+01,0.000000000000000000e+00,1.737231502499999891e+01
2.902988388400000286e+00,-2.290168657299999921e+01,0.000000000000000000e+00,2.290168657299999921e+01,-1.703056522299999997e+01,0.000000000000000000e+00,1.703056522299999997e+01
2.923008308300000024e+00,-2.246642729799999927e+01,0.000000000000000000e+00,2.246642729799999927e+01,-1.684274897699999940e+01,0.000000000000000000e+00,1.684274897699999940e+01
2.943028228199999763e+00,-2.188524926799999903e+01,0.000000000000000000e+00,2.188524926799999903e+01,-1.653868484299999864e+01,0.000000000000000000e+00,1.653868484299999864e+01
2.963048148099999946e+00,-2.143213287700000080e+01,0.000000000000000000e+00,2.143213287700000080e+01,-1.626973279499999947e+01,0.000000000000000000e+00,1.626973279499999947e+01
2.983068068099999692e+00,-2.071579762100000011e+01,0.000000000000000000e+00,2.071579762100000011e+01,-1.606316606400000069e+01,0.000000000000000000e+00,1.606316606400000069e+01
3.003087987999999875e+00,-2.007616237899999945e+01,0.000000000000000000e+00,2.007616237899999945e+01,-1.580768733300000051e+01,0.000000000000000000e+00,1.580768733300000051e+01
3.023107907900000058e+00,-1.980107919099999947e+01,0.000000000000000000e+00,1.980107919099999947e+01,-1.548039115399999943e+01,0.000000000000000000e+00,1.548039115399999943e+01
3.043127827800000240e+00,-1.970333032699999976e+01,0.000000000000000000e+00,1.970333032699999976e+01,-1.546731840500000033e+01,0.000000000000000000e+00,1.546731840500000033e+01
3.063147747699999979e+00,-1.943704392100000078e+01,0.000000000000000000e+00,1.943704392100000078e+01,-1.533068812199999975e+01,0.000000000000000000e+00,1.533068812199999975e+01
3.083167667699999726e+00,-1.918070304400000126e+01,0.000000000000000000e+00,1.918070304400000126e+01,-1.551068995700000031e+01,0.000000000000000000e+00,1.551068995700000031e+01
3.103187587599999908e+00,-1.922152930500000068e+01,0.000000000000000000e+00,1.922152930500000068e+01,-1.569696822899999944e+01,0.000000000000000000e+00,1.569696822899999944e+01
3.123207507500000091e+00,-1.922886397899999977e+01,0.000000000000000000e+00,1.922886397899999977e+01,-1.585756080099999998e+01,0.000000000000000000e+00,1.585756080099999998e+01
3.143227427400000273e+00,-1.906194837700000022e+01,0.000000000000000000e+00,1.906194837700000022e+01,-1.602818066200000047e+01,0.000000000000000000e+00,1.602818066200000047e+01
3.163247347300000012e+00,-1.890874255599999998e+01,0.000000000000000000e+00,1.890874255599999998e+01,-1.616550801300000018e+01,0.000000000000000000e+00,1.616550801300000018e+01
3.183267267300000203e+00,-1.869591169699999966e+01,0.000000000000000000e+00,1.869591169699999966e+01,-1.618020381299999855e+01,0.000000000000000000e+00,1.618020381299999855e+01
3.203287187199999941e+00,-1.856169020900000177e+01,0.000000000000000000e+00,1.856169020900000177e+01,-1.610846457699999945e+01,0.000000000000000000e+00,1.610846457699999945e+01
3.223307107100000124e+00,-1.859111537300000094e+01,0.000000000000000000e+00,1.859111537300000094e+01,-1.615536609000000112e+01,0.000000000000000000e+00,1.615536609000000112e+01
3.243327026999999863e+00,-1.850426703899999836e+01,0.000000000000000000e+00,1.850426703899999836e+01,-1.623945967299999893e+01,0.000000000000000000e+00,1.623945967299999893e+01
3.263346946900000045e+00,-1.832810755599999908e+01,0.000000000000000000e+00,1.832810755599999908e+01,-1.648092711600000015e+01,0.000000000000000000e+00,1.648092711600000015e+01
3.283366866900000236e+00,-1.809931703499999855e+01,0.000000000000000000e+00,1.809931703499999855e+01,-1.646018088499999976e+01,0.000000000000000000e+00,1.646018088499999976e+01
3.303386786799999975e+00,-1.798891576600000164e+01,0.000000000000000000e+00,1.798891576600000164e+01,-1.642391156400000085e+01,0.000000000000000000e+00,1.642391156400000085e+01
3.323406706699999713e+00,-1.785706719599999914e+01,0.000000000000000000e+00,1.785706719599999914e+01,-1.651875464700000151e+01,0.000000000000000000e+00,1.651875464700000151e+01
3.343426626599999896e+00,-1.770211564299999907e+01,0.000000000000000000e+00,1.770211564299999907e+01,-1.655153983800000006e+01,0.000000000000000000e+00,1.655153983800000006e+01
3.363446546500000078e+00,-1.765604668299999958e+01,0.000000000000000000e+00,1.765604668299999958e+01,-1.680048391900000126e+01,0.000000000000000000e+00,1.680048391900000126e+01
3.383466466499999825e+00,-1.757217700100000002e+01,0.000000000000000000e+00,1.757217700100000002e+01,-1.718435852800000063e+01,0.000000000000000000e+00,1.718435852800000063e+01
3.403486386400000008e+00,-1.769877371100000119e+01,0.000000000000000000e+00,1.769877371100000119e+01,-1.758897388999999833e+01,0.000000000000000000e+00,1.758897388999999833e+01
3.423506306300000190e+00,-1.778043741200000127e+01,0.000000000000000000e+00,1.778043741200000127e+01,-1.798691901899999834e+01,0.000000000000000000e+00,1.798691901899999834e+01
3.443526226199999929e+00,-1.790475403800000009e+01,0.000000000000000000e+00,1.790475403800000009e+01,-1.833782396200000164e+01,0.000000000000000000e+00,1.833782396200000164e+01
3.463546146100000112e+00,-1.806231852899999879e+01,0.000000000000000000e+00,1.806231852899999879e+01,-1.863332987600000124e+01,0.000000000000000000e+00,1.863332987600000124e+01
3.483566066099999858e+00,-1.847248744499999873e+01,0.000000000000000000e+00,1.847248744499999873e+01,-1.889132475699999958e+01,0.000000000000000000e+00,1.889132475699999958e+01
3.503585986000000041e+00,-1.908524542199999985e+01,0.000000000000000000e+00,1.908524542199999985e+01,-1.921547945600000062e+01,0.000000000000000000e+00,1.921547945600000062e+01
3.523605905900000224e+00,-1.970689651800000064e+01,0.000000000000000000e+00,1.970689651800000064e+01,-1.958354115999999934e+01,0.000000000000000000e+00,1.958354115999999934e+01
3.543625825800000406e+00,-2.034020552499999823e+01,0.000000000000000000e+00,2.034020552499999823e+01,-1.954728650199999862e+01,0.000000000000000000e+00,1.954728650199999862e+01
3.563645745699999701e+00,-2.082624703999999838e+01,0.000000000000000000e+00,2.082624703999999838e+01,-1.926621569299999948e+01,0.000000000000000000e+00,1.926621569299999948e+01
3.583665665699999892e+00,-2.122124021899999846e+01,0.000000000000000000e+00,2.122124021899999846e+01,-1.899598342699999876e+01,0.000000000000000000e+00,1.899598342699999876e+01
3.603685585600000074e+00,-2.185357297099999840e+01,0.000000000000000000e+00,2.185357297099999840e+01,-1.881010933199999968e+01,0.000000000000000000e+00,1.881010933199999968e+01
3.623705505499999813e+00,-2.216901141499999994e+01,0.000000000000000000e+00,2.216901141499999994e+01,-1.849805678899999961e+01,0.000000000000000000e+00,1.849805678899999961e+01
3.643725425399999995e+00,-2.228985259499999927e+01,0.000000000000000000e+00,2.228985259499999927e+01,-1.840221495400000151e+01,0.000000000000000000e+00,1.840221495400000151e+01
3.663745345300000178e+00,-2.237363685600000096e+01,0.000000000000000000e+00,2.237363685600000096e+01,-1.853306932799999984e+01,0.000000000000000000e+00,1.853306932799999984e+01
3.683765265300000369e+00,-2.219026590500000040e+01,0.000000000000000000e+00,2.219026590500000040e+01,-1.846937056999999882e+01,0.000000000000000000e+00,1.846937056999999882e+01
3.703785185199999663e+00,-2.190929764199999852e+01,0.000000000000000000e+00,2.190929764199999852e+01,-1.844384760499999842e+01,0.000000000000000000e+00,1.844384760499999842e+01
3.723805105099999846e+00,-2.170468027200000094e+01,0.000000000000000000e+00,2.170468027200000094e+01,-1.860150337700000023e+01,0.000000000000000000e+00,1.860150337700000023e+01
3.743825025000000029e+00,-2.164330204899999899e+01,0.000000000000000000e+00,2.164330204899999899e+01,-1.869854368600000072e+01,0.000000000000000000e+00,1.869854368600000072e+01
3.763844944900000211e+00,-2.151816823700000114e+01,0.000000000000000000e+00,2.151816823700000114e+01,-1.884706721299999899e+01,0.000000000000000000e+00,1.884706721299999899e+01
3.783864864899999958e+00,-2.124575888400000068e+01,0.000000000000000000e+00,2.124575888400000068e+01,-1.874935401600000162e+01,0.000000000000000000e+00,1.874935401600000162e+01
3.803884784800000141e+00,-2.100249897100000140e+01,0.000000000000000000e+00,2.100249897100000140e+01,-1.884770542000000049e+01,0.000000000000000000e+00,1.884770542000000049e+01
3.823904704699999879e+00,-2.071860458100000102e+01,0.000000000000000000e+00,2.071860458100000102e+01,-1.920402038800000000e+01,0.000000000000000000e+00,1.920402038800000000e+01
3.843924624600000062e+00,-2.057676336300000131e+01,0.000000000000000000e+00,2.057676336300000131e+01,-1.939414034099999995e+01,0.000000000000000000e+00,1.939414034099999995e+01
3.863944544499999800e+00,-2.044282126299999902e+01,0.000000000000000000e+00,2.044282126299999902e+01,-1.978075042900000113e+01,0.000000000000000000e+00,1.978075042900000113e+01
3.883964464499999991e+00,-2.039465399199999851e+01,0.000000000000000000e+00,2.039465399199999851e+01,-2.040078931400000073e+01,0.000000000000000000e+00,2.040078931400000073e+01
3.903984384400000174e+00,-2.047302973000000037e+01,0.000000000000000000e+00,2.047302973000000037e+01,-2.061547362199999966e+01,0.000000000000000000e+00,2.061547362199999966e+01
3.924004304300000356e+00,-2.043609062999999892e+01,0.000000000000000000e+00,2.043609062999999892e+01,-2.097524433199999905e+01,0.000000000000000000e+00,2.097524433199999905e+01
3.944024224199999651e+00,-2.030769351800000067e+01,0.000000000000000000e+00,2.030769351800000067e+01,-2.139269553100000110e+01,0.000000000000000000e+00,2.139269553100000110e+01
3.964044144099999833e+00,-2.021423620399999876e+01,0.000000000000000000e+00,2.021423620399999876e+01,-2.166184373700000165e+01,0.000000000000000000e+00,2.166184373700000165e+01
3.984064064100000024e+00,-2.010728955600000134e+01,0.000000000000000000e+00,2.010728955600000134e+01,-2.194877205199999892e+01,0.000000000000000000e+00,2.194877205199999892e+01
4.004083984000000207e+00,-2.005963945799999948e+01,0.000000000000000000e+00,2.005963945799999948e+01,-2.214625459599999857e+01,0.000000000000000000e+00,2.214625459599999857e+01
4.024103903900000390e+00,-2.007642351000000147e+01,0.000000000000000000e+00,2.007642351000000147e+01,-2.217481171500000059e+01,0.000000000000000000e+00,2.217481171500000059e+01
4.044123823800000572e+00,-2.008350215100000113e+01,0.000000000000000000e+00,2.008350215100000113e+01,-2.205503828899999874e+01,0.000000000000000000e+00,2.205503828899999874e+01
4.064143743699999867e+00,-2.012125316699999900e+01,0.000000000000000000e+00,2.012125316699999900e+01,-2.181854171499999850e+01,0.000000000000000000e+00,2.181854171499999850e+01
4.084163663700000058e+00,-2.020450331600000027e+01,0.000000000000000000e+00,2.020450331600000027e+01,-2.161043723899999947e+01,0.000000000000000000e+00,2.161043723899999947e+01
4.104183583600000240e+00,-2.018230974900000163e+01,0.000000000000000000e+00,2.018230974900000163e+01,-2.110291423500000008e+01,0.000000000000000000e+00,2.110291423500000008e+01
4.124203503500000423e+00,-2.021481205199999920e+01,0.000000000000000000e+00,2.021481205199999920e+01,-2.102098224399999893e+01,0.000000000000000000e+00,2.102098224399999893e+01
4.144223423399999717e+00,-2.029404235499999842e+01,0.000000000000000000e+00,2.029404235499999842e+01,-2.088655064499999980e+01,0.000000000000000000e+00,2.088655064499999980e+01
4.164243343299999900e+00,-2.036100682900000081e+01,0.000000000000000000e+00,2.036100682900000081e+01,-2.060739122200000040e+01,0.000000000000000000e+00,2.060739122200000040e+01
4.184263263300000091e+00,-2.049675156600000037e+01,0.000000000000000000e+00,2.049675156600000037e+01,-2.037660492799999901e+01,0.000000000000000000e+00,2.037660492799999901e+01
4.204283183199999385e+00,-2.072151446000000163e+01,0.000000000000000000e+00,2.072151446000000163e+01,-2.046271881199999854e+01,0.000000000000000000e+00,2.046271881199999854e+01
4.224303103099999568e+00,-2.102039425499999936e+01,0.000000000000000000e+00,2.102039425499999936e+01,-2.017710213000000152e+01,0.000000000000000000e+00,2.017710213000000152e+01
4.244323022999999750e+00,-2.120973725700000045e+01,0.000000000000000000e+00,2.120973725700000045e+01,-2.012049031700000157e+01,0.000000000000000000e+00,2.012049031700000157e+01
4.264342942899999933e+00,-2.137006734199999869e+01,0.000000000000000000e+00,2.137006734199999869e+01,-2.016774600700000164e+01,0.000000000000000000e+00,2.016774600700000164e+01
4.284362862900000124e+00,-2.151635233000000014e+01,0.000000000000000000e+00,2.151635233000000014e+01,-1.998490520100000012e+01,0.000000000000000000e+00,1.998490520100000012e+01
4.304382782800000307e+00,-2.159970002400000055e+01,0.000000000000000000e+00,2.159970002400000055e+01,-1.978211223499999960e+01,0.000000000000000000e+00,1.978211223499999960e+01
4.324402702699999601e+00,-2.155421557600000071e+01,0.000000000000000000e+00,2.155421557600000071e+01,-1.955711595000000003e+01,0.000000000000000000e+00,1.955711595000000003e+01
4.344422622600000672e+00,-2.148352988099999905e+01,0.000000000000000000e+00,2.148352988099999905e+01,-1.931081687000000002e+01,0.000000000000000000e+00,1.931081687000000002e+01
4.364442542499999966e+00,-2.156673045400000177e+01,0.000000000000000000e+00,2.156673045400000177e+01,-1.907085533900000129e+01,0.000000000000000000e+00,1.907085533900000129e+01
4.384462462500000157e+00,-2.157354571500000162e+01,0.000000000000000000e+00,2.157354571500000162e+01,-1.889004956200000152e+01,0.000000000000000000e+00,1.889004956200000152e+01
4.404482382399999452e+00,-2.173928077600000108e+01,0.000000000000000000e+00,2.173928077600000108e+01,-1.868763841000000170e+01,0.000000000000000000e+00,1.868763841000000170e+01
4.424502302300000522e+00,-2.196570698600000071e+01,0.000000000000000000e+00,2.196570698600000071e+01,-1.853735780899999952e+01,0.000000000000000000e+00,1.853735780899999952e+01
4.444522222199999817e+00,-2.213598881800000129e+01,0.000000000000000000e+00,2.213598881800000129e+01,-1.850602373799999967e+01,0.000000000000000000e+00,1.850602373799999967e+01
4.464542142100000000e+00,-2.235576895499999850e+01,0.000000000000000000e+00,2.235576895499999850e+01,-1.830915590100000045e+01,0.000000000000000000e+00,1.830915590100000045e+01
4.484562062100000190e+00,-2.276740277700000092e+01,0.000000000000000000e+00,2.276740277700000092e+01,-1.825293091099999998e+01,0.000000000000000000e+00,1.825293091099999998e+01
4.504581982000000373e+00,-2.323076260599999898e+01,0.000000000000000000e+00,2.323076260599999898e+01,-1.817301441400000073e+01,0.000000000000000000e+00,1.817301441400000073e+01
4.524601901899999667e+00,-2.341185525899999931e+01,0.000000000000000000e+00,2.341185525899999931e+01,-1.818525113400000137e+01,0.000000000000000000e+00,1.818525113400000137e+01
4.544621821799999850e+00,-2.344110119500000167e+01,0.000000000000000000e+00,2.344110119500000167e+01,-1.814823394600000128e+01,0.000000000000000000e+00,1.814823394600000128e+01
4.564641741700000033e+00,-2.349340650799999963e+01,0.000000000000000000e+00,2.349340650799999963e+01,-1.823241841100000116e+01,0.000000000000000000e+00,1.823241841100000116e+01
4.584661661700000224e+00,-2.347770270699999884e+01,0.000000000000000000e+00,2.347770270699999884e+01,-1.832917241099999828e+01,0.000000000000000000e+00,1.832917241099999828e+01
4.604681581600000406e+00,-2.325773460799999981e+01,0.000000000000000000e+00,2.325773460799999981e+01,-1.839201217200000116e+01,0.000000000000000000e+00,1.839201217200000116e+01
4.624701501499999701e+00,-2.305006965500000149e+01,0.000000000000000000e+00,2.305006965500000149e+01,-1.859571485500000065e+01,0.000000000000000000e+00,1.859571485500000065e+01
4.644721421399999883e+00,-2.279161045600000080e+01,0.000000000000000000e+00,2.279161045600000080e+01,-1.869826662799999895e+01,0.000000000000000000e+00,1.869826662799999895e+01
4.664741341300000066e+00,-2.243275326399999869e+01,0.000000000000000000e+00,2.243275326399999869e+01,-1.869563354499999974e+01,0.000000000000000000e+00,1.869563354499999974e+01
4.684761261300000257e+00,-2.211947645200000068e+01,0.000000000000000000e+00,2.211947645200000068e+01,-1.865751742200000152e+01,0.000000000000000000e+00,1.865751742200000152e+01
4.704781181199999551e+00,-2.167174841299999954e+01,0.000000000000000000e+00,2.167174841299999954e+01,-1.869423022999999873e+01,0.000000000000000000e+00,1.869423022999999873e+01
4.724801101100000622e+00,-2.131240610900000121e+01,0.000000000000000000e+00,2.131240610900000121e+01,-1.847666658800000050e+01,0.000000000000000000e+00,1.847666658800000050e+01
4.744821020999999917e+00,-2.100379971399999945e+01,0.000000000000000000e+00,2.100379971399999945e+01,-1.838820480600000096e+01,0.000000000000000000e+00,1.838820480600000096e+01
4.764840940899999211e+00,-2.077475944500000082e+01,0.000000000000000000e+00,2.077475944500000082e+01,-1.828817803800000164e+01,0.000000000000000000e+00,1.828817803800000164e+01
4.784860860899999402e+00,-2.048873258100000072e+01,0.000000000000000000e+00,2.048873258100000072e+01,-1.812355329300000051e+01,0.000000000000000000e+00,1.812355329300000051e+01
4.804880780800000473e+00,-2.026564540600000086e+01,0.000000000000000000e+00,2.026564540600000086e+01,-1.796392852500000004e+01,0.000000000000000000e+00,1.796392852500000004e+01
4.824900700699999767e+00,-2.008484019400000165e+01,0.000000000000000000e+00,2.008484019400000165e+01,-1.795473394800000122e+01,0.000000000000000000e+00,1.795473394800000122e+01
4.844920620599999950e+00,-1.981215003300000177e+01,0.000000000000000000e+00,1.981215003300000177e+01,-1.768742757800000120e+01,0.000000000000000000e+00,1.768742757800000120e+01
4.864940540500000132e+00,-1.950149272699999869e+01,0.000000000000000000e+00,1.950149272699999869e+01,-1.748822007700000114e+01,0.000000000000000000e+00,1.748822007700000114e+01
4.884960460500000323e+00,-1.931321453099999985e+01,0.000000000000000000e+00,1.931321453099999985e+01,-1.734005894399999903e+01,0.000000000000000000e+00,1.734005894399999903e+01
4.904980380399999618e+00,-1.918852902100000080e+01,0.000000000000000000e+00,1.918852902100000080e+01,-1.727285882400000006e+01,0.000000000000000000e+00,1.727285882400000006e+01
4.925000300299999800e+00,-1.905281669100000030e+01,0.000000000000000000e+00,1.905281669100000030e+01,-1.712172104300000086e+01,0.000000000000000000e+00,1.712172104300000086e+01
4.945020220199999983e+00,-1.893954780700000029e+01,0.000000000000000000e+00,1.893954780700000029e+01,-1.696401359400000075e+01,0.000000000000000000e+00,1.696401359400000075e+01
4.965040140100000166e+00,-1.886710049899999930e+01,0.000000000000000000e+00,1.886710049899999930e+01,-1.683510285899999914e+01,0.000000000000000000e+00,1.683510285899999914e+01
4.985060060100000356e+00,-1.874136443500000127e+01,0.000000000000000000e+00,1.874136443500000127e+01,-1.690583735999999959e+01,0.000000000000000000e+00,1.690583735999999959e+01
5.005079979999999651e+00,-1.870201082000000170e+01,0.000000000000000000e+00,1.870201082000000170e+01,-1.689765130700000029e+01,0.000000000000000000e+00,1.689765130700000029e+01
5.025099899899999834e+00,-1.871394505399999986e+01,0.000000000000000000e+00,1.871394505399999986e+01,-1.696050601199999974e+01,0.000000000000000000e+00,1.696050601199999974e+01
5.045119819800000016e+00,-1.872653399400000040e+01,0.000000000000000000e+00,1.872653399400000040e+01,-1.728158310099999895e+01,0.000000000000000000e+00,1.728158310099999895e+01
5.065139739700000199e+00,-1.868089640299999843e+01,0.000000000000000000e+00,1.868089640299999843e+01,-1.750015531400000057e+01,0.000000000000000000e+00,1.750015531400000057e+01
5.085159659699999501e+00,-1.868404745899999853e+01,0.000000000000000000e+00,1.868404745899999853e+01,-1.781745250699999872e+01,0.000000000000000000e+00,1.781745250699999872e+01
5.105179579600000572e+00,-1.867131180699999859e+01,0.000000000000000000e+00,1.867131180699999859e+01,-1.830937386000000089e+01,0.000000000000000000e+00,1.830937386000000089e+01
5.125199499499999867e+00,-1.867735910000000032e+01,0.000000000000000000e+00,1.867735910000000032e+01,-1.865042046199999959e+01,0.000000000000000000e+00,1.865042046199999959e+01
5.145219419400000049e+00,-1.872757218099999932e+01,0.000000000000000000e+00,1.872757218099999932e+01,-1.902046673699999957e+01,0.000000000000000000e+00,1.902046673699999957e+01
5.165239339300000232e+00,-1.863631883200000061e+01,0.000000000000000000e+00,1.863631883200000061e+01,-1.959395069300000003e+01,0.000000000000000000e+00,1.959395069300000003e+01
5.185259259300000423e+00,-1.859376668999999893e+01,0.000000000000000000e+00,1.859376668999999893e+01,-2.002222271100000128e+01,0.000000000000000000e+00,2.002222271100000128e+01
5.205279179199999717e+00,-1.862766105300000063e+01,0.000000000000000000e+00,1.862766105300000063e+01,-2.029287719399999901e+01,0.000000000000000000e+00,2.029287719399999901e+01
5.225299099100000788e+00,-1.865445210300000056e+01,0.000000000000000000e+00,1.865445210300000056e+01,-2.091670542900000029e+01,0.000000000000000000e+00,2.091670542900000029e+01
5.245319019000000083e+00,-1.872602264200000022e+01,0.000000000000000000e+00,1.872602264200000022e+01,-2.119626696199999927e+01,0.000000000000000000e+00,2.119626696199999927e+01
5.265338938899999377e+00,-1.877417203199999918e+01,0.000000000000000000e+00,1.877417203199999918e+01,-2.154494121700000164e+01,0.000000000000000000e+00,2.154494121700000164e+01
5.285358858899999568e+00,-1.883591438399999873e+01,0.000000000000000000e+00,1.883591438399999873e+01,-2.186006267599999831e+01,0.000000000000000000e+00,2.186006267599999831e+01
5.305378778799999751e+00,-1.898875804200000061e+01,0.000000000000000000e+00,1.898875804200000061e+01,-2.226413046000000051e+01,0.000000000000000000e+00,2.226413046000000051e+01
5.325398698699999933e+00,-1.918931662800000026e+01,0.000000000000000000e+00,1.918931662800000026e+01,-2.265711746599999898e+01,0.000000000000000000e+00,2.265711746599999898e+01
5.345418618600000116e+00,-1.936608831999999936e+01,0.000000000000000000e+00,1.936608831999999936e+01,-2.293067226899999866e+01,0.000000000000000000e+00,2.293067226899999866e+01
5.365438538500000298e+00,-1.962905075400000143e+01,0.000000000000000000e+00,1.962905075400000143e+01,-2.304603184899999846e+01,0.000000000000000000e+00,2.304603184899999846e+01
5.385458458499999601e+00,-1.994852193099999838e+01,0.000000000000000000e+00,1.994852193099999838e+01,-2.325499549399999921e+01,0.000000000000000000e+00,2.325499549399999921e+01
5.405478378399999784e+00,-2.025621314300000009e+01,0.000000000000000000e+00,2.025621314300000009e+01,-2.346065832200000045e+01,0.000000000000000000e+00,2.346065832200000045e+01
5.425498298299999966e+00,-2.066521452799999992e+01,0.000000000000000000e+00,2.066521452799999992e+01,-2.338183777500000105e+01,0.000000000000000000e+00,2.338183777500000105e+01
5.445518218200000149e+00,-2.111072136199999960e+01,0.000000000000000000e+00,2.111072136199999960e+01,-2.353396574099999938e+01,0.000000000000000000e+00,2.353396574099999938e+01
5.465538138100000332e+00,-2.158339091099999862e+01,0.000000000000000000e+00,2.158339091099999862e+01,-2.358877899899999875e+01,0.000000000000000000e+00,2.358877899899999875e+01
5.485558058100000522e+00,-2.205452593900000124e+01,0.000000000000000000e+00,2.205452593900000124e+01,-2.345716433500000164e+01,0.000000000000000000e+00,2.345716433500000164e+01
5.505577977999999817e+00,-2.252849724500000050e+01,0.000000000000000000e+00,2.252849724500000050e+01,-2.359177850600000070e+01,0.000000000000000000e+00,2.359177850600000070e+01
5.525597897900000000e+00,-2.300346356400000047e+01,0.000000000000000000e+00,2.300346356400000047e+01,-2.384704100100000090e+01,0.000000000000000000e+00,2.384704100100000090e+01
5.545617817800000182e+00,-2.345736927100000102e+01,0.000000000000000000e+00,2.345736927100000102e+01,-2.396811083600000103e+01,0.000000000000000000e+00,2.396811083600000103e+01
5.565637737699999477e+00,-2.394626939500000162e+01,0.000000000000000000e+00,2.394626939500000162e+01,-2.385692891300000085e+01,0.000000000000000000e+00,2.385692891300000085e+01
5.585657657699999667e+00,-2.439811016199999827e+01,0.000000000000000000e+00,2.439811016199999827e+01,-2.404671286700000010e+01,0.000000000000000000e+00,2.404671286700000010e+01
5.605677577600000738e+00,-2.464648178999999928e+01,0.000000000000000000e+00,2.464648178999999928e+01,-2.431855485599999867e+01,0.000000000000000000e+00,2.431855485599999867e+01
5.625697497500000033e+00,-2.481456666100000064e+01,0.000000000000000000e+00,2.481456666100000064e+01,-2.419093409699999953e+01,0.000000000000000000e+00,2.419093409699999953e+01
5.645717417399999327e+00,-2.508421067500000134e+01,0.000000000000000000e+00,2.508421067500000134e+01,-2.390272347599999847e+01,0.000000000000000000e+00,2.390272347599999847e+01
5.665737337300000398e+00,-2.519969874699999934e+01,0.000000000000000000e+00,2.519969874699999934e+01,-2.378290044799999947e+01,0.000000000000000000e+00,2.378290044799999947e+01
5.685757257300000589e+00,-2.527521803599999828e+01,0.000000000000000000e+00,2.527521803599999828e+01,-2.360361618499999992e+01,0.000000000000000000e+00,2.360361618499999992e+01
5.705777177199999883e+00,-2.542575845600000051e+01,0.000000000000000000e+00,2.542575845600000051e+01,-2.295675908799999831e+01,0.000000000000000000e+00,2.295675908799999831e+01
5.725797097100000066e+00,-2.555955505000000016e+01,0.000000000000000000e+00,2.555955505000000016e+01,-2.250466846100000140e+01,0.000000000000000000e+00,2.250466846100000140e+01
5.745817017000000249e+00,-2.575839502999999908e+01,0.000000000000000000e+00,2.575839502999999908e+01,-2.238199960000000033e+01,0.000000000000000000e+00,2.238199960000000033e+01
5.765836936899999543e+00,-2.602130212899999862e+01,0.000000000000000000e+00,2.602130212899999862e+01,-2.211811429100000126e+01,0.000000000000000000e+00,2.211811429100000126e+01
5.785856856899999734e+00,-2.653325222400000172e+01,0.000000000000000000e+00,2.653325222400000172e+01,-2.159605149700000126e+01,0.000000000000000000e+00,2.159605149700000126e+01
5.805876776799999917e+00,-2.708262730599999912e+01,0.000000000000000000e+00,2.708262730599999912e+01,-2.150897994299999993e+01,0.000000000000000000e+00,2.150897994299999993e+01
5.825896696700000099e+00,-2.758956803199999896e+01,0.000000000000000000e+00,2.758956803199999896e+01,-2.132598667699999950e+01,0.000000000000000000e+00,2.132598667699999950e+01
5.845916616600000282e+00,-2.813444893000000135e+01,0.000000000000000000e+00,2.813444893000000135e+01,-2.100274837799999972e+01,0.000000000000000000e+00,2.100274837799999972e+01
5.865936536499999576e+00,-2.871287262899999959e+01,0.000000000000000000e+00,2.871287262899999959e+01,-2.082224214800000084e+01,0.000000000000000000e+00,2.082224214800000084e+01
5.885956456499999767e+00,-2.911079805399999998e+01,0.000000000000000000e+00,2.911079805399999998e+01,-2.097284379799999954e+01,0.000000000000000000e+00,2.097284379799999954e+01
5.905976376399999950e+00,-2.945999766499999950e+01,0.000000000000000000e+00,2.945999766499999950e+01,-2.113140385499999852e+01,0.000000000000000000e+00,2.113140385499999852e+01
5.925996296300000132e+00,-2.971602598100000137e+01,0.000000000000000000e+00,2.971602598100000137e+01,-2.122337163799999971e+01,0.000000000000000000e+00,2.122337163799999971e+01
5.946016216199999427e+00,-2.953865602899999843e+01,0.000000000000000000e+00,2.953865602899999843e+01,-2.139827443700000131e+01,0.000000000000000000e+00,2.139827443700000131e+01
5.966036136100000498e+00,-2.902547564600000030e+01,0.000000000000000000e+00,2.902547564600000030e+01,-2.145755745099999956e+01,0.000000000000000000e+00,2.145755745099999956e+01
5.986056056100000689e+00,-2.870332026899999889e+01,0.000000000000000000e+00,2.870332026899999889e+01,-2.151057227800000149e+01,0.000000000000000000e+00,2.151057227800000149e+01
6.006075975999999983e+00,-2.834287740799999966e+01,0.000000000000000000e+00,2.834287740799999966e+01,-2.156275979400000153e+01,0.000000000000000000e+00,2.156275979400000153e+01
6.026095895899999277e+00,-2.791153097000000116e+01,0.000000000000000000e+00,2.791153097000000116e+01,-2.149629897999999883e+01,0.000000000000000000e+00,2.149629897999999883e+01
6.046115815800000348e+00,-2.763633359199999973e+01,0.000000000000000000e+00,2.763633359199999973e+01,-2.153866139799999857e+01,0.000000000000000000e+00,2.153866139799999857e+01
6.066135735699999643e+00,-2.706044498400000009e+01,0.000000000000000000e+00,2.706044498400000009e+01,-2.154451914599999895e+01,0.000000000000000000e+00,2.154451914599999895e+01
6.086155655699999834e+00,-2.656428982299999930e+01,0.000000000000000000e+00,2.656428982299999930e+01,-2.149691952499999914e+01,0.000000000000000000e+00,2.149691952499999914e+01
6.106175575600000016e+00,-2.609080235800000125e+01,0.000000000000000000e+00,2.609080235800000125e+01,-2.146118235200000157e+01,0.000000000000000000e+00,2.146118235200000157e+01
6.126195495500000199e+00,-2.551200988900000155e+01,0.000000000000000000e+00,2.551200988900000155e+01,-2.146324422400000032e+01,0.000000000000000000e+00,2.146324422400000032e+01
6.146215415399999493e+00,-2.493734049000000041e+01,0.000000000000000000e+00,2.493734049000000041e+01,-2.141116981700000110e+01,0.000000000000000000e+00,2.141116981700000110e+01
6.166235335300000564e+00,-2.424051666400000116e+01,0.000000000000000000e+00,2.424051666400000116e+01,-2.132759112700000159e+01,0.000000000000000000e+00,2.132759112700000159e+01
6.186255255299999867e+00,-2.367569575099999923e+01,0.000000000000000000e+00,2.367569575099999923e+01,-2.136463404399999888e+01,0.000000000000000000e+00,2.136463404399999888e+01
6.206275175200000049e+00,-2.324715404399999841e+01,0.000000000000000000e+00,2.324715404399999841e+01,-2.144068635900000075e+01,0.000000000000000000e+00,2.144068635900000075e+01
6.226295095100000232e+00,-2.282450831299999905e+01,0.000000000000000000e+00,2.282450831299999905e+01,-2.141711388799999938e+01,0.000000000000000000e+00,2.141711388799999938e+01
6.246315015000000415e+00,-2.246906392500000038e+01,0.000000000000000000e+00,2.246906392500000038e+01,-2.150175429400000127e+01,0.000000000000000000e+00,2.150175429400000127e+01
6.266334934899999709e+00,-2.221407464800000042e+01,0.000000000000000000e+00,2.221407464800000042e+01,-2.180361055399999870e+01,0.000000000000000000e+00,2.180361055399999870e+01
6.286354854899999900e+00,-2.195334941999999856e+01,0.000000000000000000e+00,2.195334941999999856e+01,-2.208999449699999928e+01,0.000000000000000000e+00,2.208999449699999928e+01
6.306374774800000083e+00,-2.169622401699999870e+01,0.000000000000000000e+00,2.169622401699999870e+01,-2.234184065099999827e+01,0.000000000000000000e+00,2.234184065099999827e+01
6.326394694699999377e+00,-2.147432663600000069e+01,0.000000000000000000e+00,2.147432663600000069e+01,-2.272135480400000063e+01,0.000000000000000000e+00,2.272135480400000063e+01
6.346414614600000448e+00,-2.135581749700000032e+01,0.000000000000000000e+00,2.135581749700000032e+01,-2.305243512999999922e+01,0.000000000000000000e+00,2.305243512999999922e+01
6.366434534499999742e+00,-2.124437176300000019e+01,0.000000000000000000e+00,2.124437176300000019e+01,-2.347558663699999926e+01,0.000000000000000000e+00,2.347558663699999926e+01
6.386454454499999933e+00,-2.118784753899999984e+01,0.000000000000000000e+00,2.118784753899999984e+01,-2.385361559600000092e+01,0.000000000000000000e+00,2.385361559600000092e+01
6.406474374399999228e+00,-2.113802198999999860e+01,0.000000000000000000e+00,2.113802198999999860e+01,-2.431747371000000157e+01,0.000000000000000000e+00,2.431747371000000157e+01
6.426494294300000298e+00,-2.109490442899999962e+01,0.000000000000000000e+00,2.109490442899999962e+01,-2.458203329699999884e+01,0.000000000000000000e+00,2.458203329699999884e+01
6.446514214199999593e+00,-2.110749940499999866e+01,0.000000000000000000e+00,2.110749940499999866e+01,-2.487546271700000133e+01,0.000000000000000000e+00,2.487546271700000133e+01
6.466534134100000664e+00,-2.110075296100000131e+01,0.000000000000000000e+00,2.110075296100000131e+01,-2.521523270300000164e+01,0.000000000000000000e+00,2.521523270300000164e+01
6.486554054099999966e+00,-2.114544811700000082e+01,0.000000000000000000e+00,2.114544811700000082e+01,-2.530921776899999998e+01,0.000000000000000000e+00,2.530921776899999998e+01
6.506573974000000149e+00,-2.118637756400000072e+01,0.000000000000000000e+00,2.118637756400000072e+01,-2.527951609699999835e+01,0.000000000000000000e+00,2.527951609699999835e+01
6.526593893899999443e+00,-2.120349540100000141e+01,0.000000000000000000e+00,2.120349540100000141e+01,-2.516610196099999897e+01,0.000000000000000000e+00,2.516610196099999897e+01
6.546613813800000514e+00,-2.121199965499999962e+01,0.000000000000000000e+00,2.121199965499999962e+01,-2.498029717600000055e+01,0.000000000000000000e+00,2.498029717600000055e+01
6.566633733699999809e+00,-2.124646063499999826e+01,0.000000000000000000e+00,2.124646063499999826e+01,-2.461609330099999937e+01,0.000000000000000000e+00,2.461609330099999937e+01
6.586653653700000000e+00,-2.128773131999999890e+01,0.000000000000000000e+00,2.128773131999999890e+01,-2.440339888999999829e+01,0.000000000000000000e+00,2.440339888999999829e+01
6.606673573600000182e+00,-2.126388136299999942e+01,0.000000000000000000e+00,2.126388136299999942e+01,-2.418220271299999879e+01,0.000000000000000000e+00,2.418220271299999879e+01
6.626693493500000365e+00,-2.131331083999999976e+01,0.000000000000000000e+00,2.131331083999999976e+01,-2.407720119700000083e+01,0.000000000000000000e+00,2.407720119700000083e+01
6.646713413399999659e+00,-2.134730524900000148e+01,0.000000000000000000e+00,2.134730524900000148e+01,-2.395223897300000004e+01,0.000000000000000000e+00,2.395223897300000004e+01
6.666733333299999842e+00,-2.141068479999999852e+01,0.000000000000000000e+00,2.141068479999999852e+01,-2.386384857999999909e+01,0.000000000000000000e+00,2.386384857999999909e+01
6.686753253300000033e+00,-2.151313602000000103e+01,0.000000000000000000e+00,2.151313602000000103e+01,-2.381550537700000092e+01,0.000000000000000000e+00,2.381550537700000092e+01
6.706773173200000215e+00,-2.165401171599999941e+01,0.000000000000000000e+00,2.165401171599999941e+01,-2.386413847900000107e+01,0.000000000000000000e+00,2.386413847900000107e+01
6.726793093100000398e+00,-2.186651768799999829e+01,0.000000000000000000e+00,2.186651768799999829e+01,-2.394509254300000123e+01,0.000000000000000000e+00,2.394509254300000123e+01
6.746813012999999692e+00,-2.204959747399999870e+01,0.000000000000000000e+00,2.204959747399999870e+01,-2.380560237599999951e+01,0.000000000000000000e+00,2.380560237599999951e+01
6.766832932899999875e+00,-2.228484308100000177e+01,0.000000000000000000e+00,2.228484308100000177e+01,-2.383129062000000076e+01,0.000000000000000000e+00,2.383129062000000076e+01
6.786852852899999178e+00,-2.257883882599999836e+01,0.000000000000000000e+00,2.257883882599999836e+01,-2.376935314900000051e+01,0.000000000000000000e+00,2.376935314900000051e+01
6.806872772800000249e+00,-2.285007686399999827e+01,0.000000000000000000e+00,2.285007686399999827e+01,-2.388990273299999956e+01,0.000000000000000000e+00,2.388990273299999956e+01
6.826892692699999543e+00,-2.318980560099999977e+01,0.000000000000000000e+00,2.318980560099999977e+01,-2.397590509500000167e+01,0.000000000000000000e+00,2.397590509500000167e+01
6.846912612600000614e+00,-2.366225904599999907e+01,0.000000000000000000e+00,2.366225904599999907e+01,-2.395264178000000044e+01,0.000000000000000000e+00,2.395264178000000044e+01
6.866932532499999908e+00,-2.403148926800000140e+01,0.000000000000000000e+00,2.403148926800000140e+01,-2.407778862900000050e+01,0.000000000000000000e+00,2.407778862900000050e+01
6.886952452500000099e+00,-2.447655949399999997e+01,0.000000000000000000e+00,2.447655949399999997e+01,-2.409068921400000107e+01,0.000000000000000000e+00,2.409068921400000107e+01
6.906972372399999394e+00,-2.480816821899999880e+01,0.000000000000000000e+00,2.480816821899999880e+01,-2.393595709099999880e+01,0.000000000000000000e+00,2.393595709099999880e+01
6.926992292300000464e+00,-2.505738954599999957e+01,0.000000000000000000e+00,2.505738954599999957e+01,-2.381450891700000128e+01,0.000000000000000000e+00,2.381450891700000128e+01
6.947012212199999759e+00,-2.532092585499999871e+01,0.000000000000000000e+00,2.532092585499999871e+01,-2.361842602100000121e+01,0.000000000000000000e+00,2.361842602100000121e+01
6.967032132099999941e+00,-2.551755735200000075e+01,0.000000000000000000e+00,2.551755735200000075e+01,-2.325486245100000104e+01,0.000000000000000000e+00,2.325486245100000104e+01
6.987052052100000132e+00,-2.555158739100000176e+01,0.000000000000000000e+00,2.555158739100000176e+01,-2.304770719200000073e+01,0.000000000000000000e+00,2.304770719200000073e+01
7.007071972000000315e+00,-2.555039379400000144e+01,0.000000000000000000e+00,2.555039379400000144e+01,-2.283197118700000061e+01,0.000000000000000000e+00,2.283197118700000061e+01
7.027091891899999609e+00,-2.567232560500000105e+01,0.000000000000000000e+00,2.567232560500000105e+01,-2.265467011999999869e+01,0.000000000000000000e+00,2.265467011999999869e+01
7.047111811799999792e+00,-2.573907351900000151e+01,0.000000000000000000e+00,2.573907351900000151e+01,-2.259926149300000020e+01,0.000000000000000000e+00,2.259926149300000020e+01
7.067131731699999975e+00,-2.579771242200000003e+01,0.000000000000000000e+00,2.579771242200000003e+01,-2.238087994500000022e+01,0.000000000000000000e+00,2.238087994500000022e+01
7.087151651700000166e+00,-2.592129830400000046e+01,0.000000000000000000e+00,2.592129830400000046e+01,-2.233094178200000002e+01,0.000000000000000000e+00,2.233094178200000002e+01
7.107171571600000348e+00,-2.607453159800000009e+01,0.000000000000000000e+00,2.607453159800000009e+01,-2.250817895999999863e+01,0.000000000000000000e+00,2.250817895999999863e+01
7.127191491499999643e+00,-2.608044750399999856e+01,0.000000000000000000e+00,2.608044750399999856e+01,-2.247210811000000064e+01,0.000000000000000000e+00,2.247210811000000064e+01
7.147211411399999825e+00,-2.603713695500000114e+01,0.000000000000000000e+00,2.603713695500000114e+01,-2.249430794299999903e+01,0.000000000000000000e+00,2.249430794299999903e+01
7.167231331300000008e+00,-2.609599323899999845e+01,0.000000000000000000e+00,2.609599323899999845e+01,-2.265866557900000089e+01,0.000000000000000000e+00,2.265866557900000089e+01
7.187251251300000199e+00,-2.620088424500000102e+01,0.000000000000000000e+00,2.620088424500000102e+01,-2.292225102900000167e+01,0.000000000000000000e+00,2.292225102900000167e+01
7.207271171199999493e+00,-2.622966978199999843e+01,0.000000000000000000e+00,2.622966978199999843e+01,-2.303248553499999929e+01,0.000000000000000000e+00,2.303248553499999929e+01
7.227291091100000564e+00,-2.636527519699999900e+01,0.000000000000000000e+00,2.636527519699999900e+01,-2.319538548199999894e+01,0.000000000000000000e+00,2.319538548199999894e+01
7.247311010999999858e+00,-2.647271949599999985e+01,0.000000000000000000e+00,2.647271949599999985e+01,-2.351681720799999908e+01,0.000000000000000000e+00,2.351681720799999908e+01
7.267330930900000041e+00,-2.669846260199999932e+01,0.000000000000000000e+00,2.669846260199999932e+01,-2.392708731600000149e+01,0.000000000000000000e+00,2.392708731600000149e+01
7.287350850899999344e+00,-2.691279190999999926e+01,0.000000000000000000e+00,2.691279190999999926e+01,-2.411275045100000014e+01,0.000000000000000000e+00,2.411275045100000014e+01
7.307370770800000415e+00,-2.712515410600000010e+01,0.000000000000000000e+00,2.712515410600000010e+01,-2.430308294800000013e+01,0.000000000000000000e+00,2.430308294800000013e+01
7.327390690699999709e+00,-2.750224698799999956e+01,0.000000000000000000e+00,2.750224698799999956e+01,-2.464227551999999832e+01,0.000000000000000000e+00,2.464227551999999832e+01
7.347410610600000780e+00,-2.785772226399999951e+01,0.000000000000000000e+00,2.785772226399999951e+01,-2.477163098500000160e+01,0.000000000000000000e+00,2.477163098500000160e+01
7.367430530500000074e+00,-2.798621103700000035e+01,0.000000000000000000e+00,2.798621103700000035e+01,-2.483000665899999859e+01,0.000000000000000000e+00,2.483000665899999859e+01
7.387450450500000265e+00,-2.812473087400000082e+01,0.000000000000000000e+00,2.812473087400000082e+01,-2.485625407599999903e+01,0.000000000000000000e+00,2.485625407599999903e+01
7.407470370399999560e+00,-2.821032226999999892e+01,0.000000000000000000e+00,2.821032226999999892e+01,-2.499057084100000026e+01,0.000000000000000000e+00,2.499057084100000026e+01
7.427490290300000630e+00,-2.807086608999999910e+01,0.000000000000000000e+00,2.807086608999999910e+01,-2.488432506599999883e+01,0.000000000000000000e+00,2.488432506599999883e+01
7.447510210199999925e+00,-2.782568818400000055e+01,0.000000000000000000e+00,2.782568818400000055e+01,-2.478145593300000016e+01,0.000000000000000000e+00,2.478145593300000016e+01
7.467530130100000108e+00,-2.767709547200000131e+01,0.000000000000000000e+00,2.767709547200000131e+01,-2.467339268199999935e+01,0.000000000000000000e+00,2.467339268199999935e+01
7.487550050100000298e+00,-2.751341053599999853e+01,0.000000000000000000e+00,2.751341053599999853e+01,-2.473106055599999920e+01,0.000000000000000000e+00,2.473106055599999920e+01
7.507569969999999593e+00,-2.722062142600000101e+01,0.000000000000000000e+00,2.722062142600000101e+01,-2.466326269700000040e+01,0.000000000000000000e+00,2.466326269700000040e+01
7.527589889899999775e+00,-2.697350869699999976e+01,0.000000000000000000e+00,2.697350869699999976e+01,-2.447466401200000163e+01,0.000000000000000000e+00,2.447466401200000163e+01
7.547609809799999958e+00,-2.680945812599999911e+01,0.000000000000000000e+00,2.680945812599999911e+01,-2.439307377300000113e+01,0.000000000000000000e+00,2.439307377300000113e+01
7.567629729700000141e+00,-2.681128864700000136e+01,0.000000000000000000e+00,2.681128864700000136e+01,-2.437218021199999995e+01,0.000000000000000000e+00,2.437218021199999995e+01
7.587649649600000323e+00,-2.675795874299999966e+01,0.000000000000000000e+00,2.675795874299999966e+01,-2.425049654000000032e+01,0.000000000000000000e+00,2.425049654000000032e+01
7.607669569600000514e+00,-2.674986870200000055e+01,0.000000000000000000e+00,2.674986870200000055e+01,-2.429852644099999992e+01,0.000000000000000000e+00,2.429852644099999992e+01
7.627689489499999809e+00,-2.687564944700000069e+01,0.000000000000000000e+00,2.687564944700000069e+01,-2.424417418699999871e+01,0.000000000000000000e+00,2.424417418699999871e+01
7.647709409399999991e+00,-2.682324146899999917e+01,0.000000000000000000e+00,2.682324146899999917e+01,-2.447932574200000033e+01,0.000000000000000000e+00,2.447932574200000033e+01
7.667729329300000174e+00,-2.690030856899999989e+01,0.000000000000000000e+00,2.690030856899999989e+01,-2.466743995599999906e+01,0.000000000000000000e+00,2.466743995599999906e+01
7.687749249199999468e+00,-2.696521131000000082e+01,0.000000000000000000e+00,2.696521131000000082e+01,-2.472240451400000083e+01,0.000000000000000000e+00,2.472240451400000083e+01
7.707769169199999659e+00,-2.702693128499999986e+01,0.000000000000000000e+00,2.702693128499999986e+01,-2.481162088399999988e+01,0.000000000000000000e+00,2.481162088399999988e+01
7.727789089100000730e+00,-2.704534045200000136e+01,0.000000000000000000e+00,2.704534045200000136e+01,-2.501871328500000047e+01,0.000000000000000000e+00,2.501871328500000047e+01
7.747809009000000025e+00,-2.704173452899999930e+01,0.000000000000000000e+00,2.704173452899999930e+01,-2.537053700499999920e+01,0.000000000000000000e+00,2.537053700499999920e+01
7.767828928899999319e+00,-2.693429274700000065e+01,0.000000000000000000e+00,2.693429274700000065e+01,-2.552102128399999970e+01,0.000000000000000000e+00,2.552102128399999970e+01
7.787848848800000390e+00,-2.676619765499999914e+01,0.000000000000000000e+00,2.676619765499999914e+01,-2.586441219800000013e+01,0.000000000000000000e+00,2.586441219800000013e+01
7.807868768800000581e+00,-2.661157678100000012e+01,0.000000000000000000e+00,2.661157678100000012e+01,-2.622561598300000085e+01,0.000000000000000000e+00,2.622561598300000085e+01
7.827888688699999875e+00,-2.638367708499999864e+01,0.000000000000000000e+00,2.638367708499999864e+01,-2.644179094900000138e+01,0.000000000000000000e+00,2.644179094900000138e+01
7.847908608600000058e+00,-2.627483978800000131e+01,0.000000000000000000e+00,2.627483978800000131e+01,-2.646679170999999897e+01,0.000000000000000000e+00,2.646679170999999897e+01
7.867928528500000240e+00,-2.611384125700000070e+01,0.000000000000000000e+00,2.611384125700000070e+01,-2.671591049599999934e+01,0.000000000000000000e+00,2.671591049599999934e+01
7.887948448399999535e+00,-2.601059428699999998e+01,0.000000000000000000e+00,2.601059428699999998e+01,-2.703720183000000077e+01,0.000000000000000000e+00,2.703720183000000077e+01
7.907968368399999726e+00,-2.597235632099999947e+01,0.000000000000000000e+00,2.597235632099999947e+01,-2.702205105799999885e+01,0.000000000000000000e+00,2.702205105799999885e+01
7.927988288299999908e+00,-2.601162532600000077e+01,0.000000000000000000e+00,2.601162532600000077e+01,-2.732037854400000043e+01,0.000000000000000000e+00,2.732037854400000043e+01
7.948008208200000091e+00,-2.597672245700000104e+01,0.000000000000000000e+00,2.597672245700000104e+01,-2.752902645400000026e+01,0.000000000000000000e+00,2.752902645400000026e+01
7.968028128100000274e+00,-2.599923739600000161e+01,0.000000000000000000e+00,2.599923739600000161e+01,-2.758337108299999940e+01,0.000000000000000000e+00,2.758337108299999940e+01
7.988048047999999568e+00,-2.603284834200000120e+01,0.000000000000000000e+00,2.603284834200000120e+01,-2.770883703100000162e+01,0.000000000000000000e+00,2.770883703100000162e+01
8.008067968000000647e+00,-2.611068500200000031e+01,0.000000000000000000e+00,2.611068500200000031e+01,-2.783653273399999861e+01,0.000000000000000000e+00,2.783653273399999861e+01
8.028087887899999942e+00,-2.615056974399999845e+01,0.000000000000000000e+00,2.615056974399999845e+01,-2.784054815800000071e+01,0.000000000000000000e+00,2.784054815800000071e+01
8.048107807800001012e+00,-2.618928112100000050e+01,0.000000000000000000e+00,2.618928112100000050e+01,-2.779205070300000102e+01,0.000000000000000000e+00,2.779205070300000102e+01
8.068127727700000307e+00,-2.623803915299999900e+01,0.000000000000000000e+00,2.623803915299999900e+01,-2.796673574300000098e+01,0.000000000000000000e+00,2.796673574300000098e+01
8.088147647599999601e+00,-2.632148693199999911e+01,0.000000000000000000e+00,2.632148693199999911e+01,-2.812203163899999936e+01,0.000000000000000000e+00,2.812203163899999936e+01
8.108167567600000680e+00,-2.641637379300000177e+01,0.000000000000000000e+00,2.641637379300000177e+01,-2.799256408500000148e+01,0.000000000000000000e+00,2.799256408500000148e+01
8.128187487499999975e+00,-2.650123112300000017e+01,0.000000000000000000e+00,2.650123112300000017e+01,-2.820004200600000033e+01,0.000000000000000000e+00,2.820004200600000033e+01
8.148207407399999269e+00,-2.640186825199999987e+01,0.000000000000000000e+00,2.640186825199999987e+01,-2.848070915599999964e+01,0.000000000000000000e+00,2.848070915599999964e+01
8.168227327300000340e+00,-2.625653785500000126e+01,0.000000000000000000e+00,2.625653785500000126e+01,-2.851499772400000055e+01,0.000000000000000000e+00,2.851499772400000055e+01
8.188247247199999634e+00,-2.598288665300000133e+01,0.000000000000000000e+00,2.598288665300000133e+01,-2.864480570599999965e+01,0.000000000000000000e+00,2.864480570599999965e+01
8.208267167199998937e+00,-2.574482678900000110e+01,0.000000000000000000e+00,2.574482678900000110e+01,-2.883926399299999943e+01,0.000000000000000000e+00,2.883926399299999943e+01
8.228287087100000008e+00,-2.561007785900000044e+01,0.000000000000000000e+00,2.561007785900000044e+01,-2.883497823200000099e+01,0.000000000000000000e+00,2.883497823200000099e+01
8.248307006999999302e+00,-2.543892738099999917e+01,0.000000000000000000e+00,2.543892738099999917e+01,-2.897804196699999935e+01,0.000000000000000000e+00,2.897804196699999935e+01
8.268326926900000373e+00,-2.530790447000000043e+01,0.000000000000000000e+00,2.530790447000000043e+01,-2.889844874799999985e+01,0.000000000000000000e+00,2.889844874799999985e+01
8.288346846799999668e+00,-2.524748291299999892e+01,0.000000000000000000e+00,2.524748291299999892e+01,-2.901676228599999874e+01,0.000000000000000000e+00,2.901676228599999874e+01
8.308366766800000747e+00,-2.526526666699999879e+01,0.000000000000000000e+00,2.526526666699999879e+01,-2.905610912399999890e+01,0.000000000000000000e+00,2.905610912399999890e+01
8.328386686700000041e+00,-2.526992518799999843e+01,0.000000000000000000e+00,2.526992518799999843e+01,-2.887203905599999842e+01,0.000000000000000000e+00,2.887203905599999842e+01
8.348406606600001112e+00,-2.534234717100000012e+01,0.000000000000000000e+00,2.534234717100000012e+01,-2.870773616700000019e+01,0.000000000000000000e+00,2.870773616700000019e+01
8.368426526500000406e+00,-2.544955769099999898e+01,0.000000000000000000e+00,2.544955769099999898e+01,-2.841564201499999953e+01,0.000000000000000000e+00,2.841564201499999953e+01
8.388446446399999701e+00,-2.554777128399999953e+01,0.000000000000000000e+00,2.554777128399999953e+01,-2.783949099699999863e+01,0.000000000000000000e+00,2.783949099699999863e+01
8.408466366399999004e+00,-2.576540725299999934e+01,0.000000000000000000e+00,2.576540725299999934e+01,-2.741580299399999987e+01,0.000000000000000000e+00,2.741580299399999987e+01
8.428486286300000074e+00,-2.609130806699999994e+01,0.000000000000000000e+00,2.609130806699999994e+01,-2.724406340299999840e+01,0.000000000000000000e+00,2.724406340299999840e+01
8.448506206199999369e+00,-2.649127276700000166e+01,0.000000000000000000e+00,2.649127276700000166e+01,-2.695860629199999892e+01,0.000000000000000000e+00,2.695860629199999892e+01
8.468526126100000440e+00,-2.681827233699999979e+01,0.000000000000000000e+00,2.681827233699999979e+01,-2.667471725100000057e+01,0.000000000000000000e+00,2.667471725100000057e+01
8.488546045999999734e+00,-2.722807064099999863e+01,0.000000000000000000e+00,2.722807064099999863e+01,-2.652118924499999864e+01,0.000000000000000000e+00,2.652118924499999864e+01
8.508565966000000813e+00,-2.766345602699999873e+01,0.000000000000000000e+00,2.766345602699999873e+01,-2.655105212699999839e+01,0.000000000000000000e+00,2.655105212699999839e+01
8.528585885900000108e+00,-2.799593238299999953e+01,0.000000000000000000e+00,2.799593238299999953e+01,-2.641801003899999856e+01,0.000000000000000000e+00,2.641801003899999856e+01
8.548605805799999402e+00,-2.819240830100000039e+01,0.000000000000000000e+00,2.819240830100000039e+01,-2.640083359699999832e+01,0.000000000000000000e+00,2.640083359699999832e+01
8.568625725700000473e+00,-2.840802854900000085e+01,0.000000000000000000e+00,2.840802854900000085e+01,-2.649360676099999878e+01,0.000000000000000000e+00,2.649360676099999878e+01
8.588645645599999767e+00,-2.847289384400000145e+01,0.000000000000000000e+00,2.847289384400000145e+01,-2.672108447500000139e+01,0.000000000000000000e+00,2.672108447500000139e+01
8.608665565600000846e+00,-2.832513421999999892e+01,0.000000000000000000e+00,2.832513421999999892e+01,-2.699661391000000066e+01,0.000000000000000000e+00,2.699661391000000066e+01
8.628685485500000141e+00,-2.805477364300000076e+01,0.000000000000000000e+00,2.805477364300000076e+01,-2.733410720099999835e+01,0.000000000000000000e+00,2.733410720099999835e+01
8.648705405399999435e+00,-2.778487927100000121e+01,0.000000000000000000e+00,2.778487927100000121e+01,-2.762884073100000037e+01,0.000000000000000000e+00,2.762884073100000037e+01
8.668725325299998730e+00,-2.765549065100000092e+01,0.000000000000000000e+00,2.765549065100000092e+01,-2.791800230400000160e+01,0.000000000000000000e+00,2.791800230400000160e+01
8.688745245200001577e+00,-2.763583342600000137e+01,0.000000000000000000e+00,2.763583342600000137e+01,-2.832402944600000083e+01,0.000000000000000000e+00,2.832402944600000083e+01
8.708765165200000880e+00,-2.759662169899999995e+01,0.000000000000000000e+00,2.759662169899999995e+01,-2.860660580600000102e+01,0.000000000000000000e+00,2.860660580600000102e+01
8.728785085100000174e+00,-2.759664708100000041e+01,0.000000000000000000e+00,2.759664708100000041e+01,-2.877310920900000113e+01,0.000000000000000000e+00,2.877310920900000113e+01
8.748805004999999468e+00,-2.769683710700000034e+01,0.000000000000000000e+00,2.769683710700000034e+01,-2.875808967100000046e+01,0.000000000000000000e+00,2.875808967100000046e+01
8.768824924899998763e+00,-2.764579787999999994e+01,0.000000000000000000e+00,2.764579787999999994e+01,-2.884580566300000015e+01,0.000000000000000000e+00,2.884580566300000015e+01
8.788844844799999834e+00,-2.749850495400000128e+01,0.000000000000000000e+00,2.749850495400000128e+01,-2.892337964300000053e+01,0.000000000000000000e+00,2.892337964300000053e+01
8.808864764799999136e+00,-2.755994794200000086e+01,0.000000000000000000e+00,2.755994794200000086e+01,-2.868376121300000037e+01,0.000000000000000000e+00,2.868376121300000037e+01
8.828884684700000207e+00,-2.760674355000000091e+01,0.000000000000000000e+00,2.760674355000000091e+01,-2.830545868500000140e+01,0.000000000000000000e+00,2.830545868500000140e+01
8.848904604599999502e+00,-2.765282276399999972e+01,0.000000000000000000e+00,2.765282276399999972e+01,-2.807623404799999989e+01,0.000000000000000000e+00,2.807623404799999989e+01
8.868924524500000572e+00,-2.777664981999999938e+01,0.000000000000000000e+00,2.777664981999999938e+01,-2.776080037499999875e+01,0.000000000000000000e+00,2.776080037499999875e+01
8.888944444399999867e+00,-2.796423982099999961e+01,0.000000000000000000e+00,2.796423982099999961e+01,-2.713397879500000087e+01,0.000000000000000000e+00,2.713397879500000087e+01
8.908964364399999170e+00,-2.814904088000000115e+01,0.000000000000000000e+00,2.814904088000000115e+01,-2.681536607299999986e+01,0.000000000000000000e+00,2.681536607299999986e+01
8.928984284299998464e+00,-2.843921382099999917e+01,0.000000000000000000e+00,2.843921382099999917e+01,-2.660151308200000031e+01,0.000000000000000000e+00,2.660151308200000031e+01
8.949004204200001311e+00,-2.879869350299999908e+01,0.000000000000000000e+00,2.879869350299999908e+01,-2.620595077899999836e+01,0.000000000000000000e+00,2.620595077899999836e+01
8.969024124100000606e+00,-2.910749343000000167e+01,0.000000000000000000e+00,2.910749343000000167e+01,-2.587614758200000153e+01,0.000000000000000000e+00,2.587614758200000153e+01
8.989044043999999900e+00,-2.943435185099999885e+01,0.000000000000000000e+00,2.943435185099999885e+01,-2.587150396099999838e+01,0.000000000000000000e+00,2.587150396099999838e+01
9.009063963999999203e+00,-2.984506187899999929e+01,0.000000000000000000e+00,2.984506187899999929e+01,-2.578979719799999870e+01,0.000000000000000000e+00,2.578979719799999870e+01
9.029083883900000274e+00,-3.007862513899999968e+01,0.000000000000000000e+00,3.007862513899999968e+01,-2.565646255500000095e+01,0.000000000000000000e+00,2.565646255500000095e+01
9.049103803799999568e+00,-3.025610444400000176e+01,0.000000000000000000e+00,3.025610444400000176e+01,-2.573912448000000097e+01,0.000000000000000000e+00,2.573912448000000097e+01
9.069123723700000639e+00,-3.046881520699999868e+01,0.000000000000000000e+00,3.046881520699999868e+01,-2.593997602099999966e+01,0.000000000000000000e+00,2.593997602099999966e+01
9.089143643599999933e+00,-3.065463149900000062e+01,0.000000000000000000e+00,3.065463149900000062e+01,-2.597303273400000023e+01,0.000000000000000000e+00,2.597303273400000023e+01
9.109163563600001012e+00,-3.074900953499999900e+01,0.000000000000000000e+00,3.074900953499999900e+01,-2.617781021500000094e+01,0.000000000000000000e+00,2.617781021500000094e+01
9.129183483500000307e+00,-3.075928306300000159e+01,0.000000000000000000e+00,3.075928306300000159e+01,-2.653011517899999916e+01,0.000000000000000000e+00,2.653011517899999916e+01
9.149203403399999601e+00,-3.069107821000000058e+01,0.000000000000000000e+00,3.069107821000000058e+01,-2.677193994900000007e+01,0.000000000000000000e+00,2.677193994900000007e+01
9.169223323299998896e+00,-3.055751080499999972e+01,0.000000000000000000e+00,3.055751080499999972e+01,-2.685810496999999941e+01,0.000000000000000000e+00,2.685810496999999941e+01
9.189243243199999966e+00,-3.051884866299999999e+01,0.000000000000000000e+00,3.051884866299999999e+01,-2.729281711999999871e+01,0.000000000000000000e+00,2.729281711999999871e+01
9.209263163200001046e+00,-3.048785629700000044e+01,0.000000000000000000e+00,3.048785629700000044e+01,-2.763297813899999866e+01,0.000000000000000000e+00,2.763297813899999866e+01
9.229283083100000340e+00,-3.056142139700000016e+01,0.000000000000000000e+00,3.056142139700000016e+01,-2.783027804500000002e+01,0.000000000000000000e+00,2.783027804500000002e+01
9.249303002999999634e+00,-3.078139498000000174e+01,0.000000000000000000e+00,3.078139498000000174e+01,-2.823376638999999955e+01,0.000000000000000000e+00,2.823376638999999955e+01
9.269322922899998929e+00,-3.102250115700000066e+01,0.000000000000000000e+00,3.102250115700000066e+01,-2.874004141200000007e+01,0.000000000000000000e+00,2.874004141200000007e+01
9.289342842800000000e+00,-3.136262614800000037e+01,0.000000000000000000e+00,3.136262614800000037e+01,-2.928844244400000107e+01,0.000000000000000000e+00,2.928844244400000107e+01
9.309362762799999302e+00,-3.175004623899999956e+01,0.000000000000000000e+00,3.175004623899999956e+01,-2.966719454700000114e+01,0.000000000000000000e+00,2.966719454700000114e+01
9.329382682700000373e+00,-3.216309292100000050e+01,0.000000000000000000e+00,3.216309292100000050e+01,-3.019555579900000097e+01,0.000000000000000000e+00,3.019555579900000097e+01
9.349402602599999668e+00,-3.230606287599999860e+01,0.000000000000000000e+00,3.230606287599999860e+01,-3.067920946399999949e+01,0.000000000000000000e+00,3.067920946399999949e+01
9.369422522500000738e+00,-3.235083540499999799e+01,0.000000000000000000e+00,3.235083540499999799e+01,-3.074485837299999957e+01,0.000000000000000000e+00,3.074485837299999957e+01
9.389442442400000033e+00,-3.243337982700000310e+01,0.000000000000000000e+00,3.243337982700000310e+01,-3.079260430800000137e+01,0.000000000000000000e+00,3.079260430800000137e+01
9.409462362399999336e+00,-3.234685476100000301e+01,0.000000000000000000e+00,3.234685476100000301e+01,-3.093208567900000006e+01,0.000000000000000000e+00,3.093208567900000006e+01
9.429482282299998630e+00,-3.247249184300000024e+01,0.000000000000000000e+00,3.247249184300000024e+01,-3.091286861000000030e+01,0.000000000000000000e+00,3.091286861000000030e+01
9.449502202200001477e+00,-3.261000317999999965e+01,0.000000000000000000e+00,3.261000317999999965e+01,-3.077416352399999866e+01,0.000000000000000000e+00,3.077416352399999866e+01
9.469522122100000772e+00,-3.258035993899999738e+01,0.000000000000000000e+00,3.258035993899999738e+01,-3.080515331699999848e+01,0.000000000000000000e+00,3.080515331699999848e+01
9.489542042000000066e+00,-3.258192501700000321e+01,0.000000000000000000e+00,3.258192501700000321e+01,-3.076027724200000080e+01,0.000000000000000000e+00,3.076027724200000080e+01
9.509561961999999369e+00,-3.272268604799999991e+01,0.000000000000000000e+00,3.272268604799999991e+01,-3.049423020800000117e+01,0.000000000000000000e+00,3.049423020800000117e+01
9.529581881900000440e+00,-3.280189782000000065e+01,0.000000000000000000e+00,3.280189782000000065e+01,-3.032098125499999952e+01,0.000000000000000000e+00,3.032098125499999952e+01
9.549601801799999734e+00,-3.272104710400000016e+01,0.000000000000000000e+00,3.272104710400000016e+01,-3.011404660599999872e+01,0.000000000000000000e+00,3.011404660599999872e+01
9.569621721700000805e+00,-3.265516920000000312e+01,0.000000000000000000e+00,3.265516920000000312e+01,-2.989571112000000142e+01,0.000000000000000000e+00,2.989571112000000142e+01
9.589641641600000099e+00,-3.256349739200000215e+01,0.000000000000000000e+00,3.256349739200000215e+01,-2.991328490300000098e+01,0.000000000000000000e+00,2.991328490300000098e+01
9.609661561600001178e+00,-3.232737272300000342e+01,0.000000000000000000e+00,3.232737272300000342e+01,-2.977238129699999902e+01,0.000000000000000000e+00,2.977238129699999902e+01
9.629681481500000473e+00,-3.196482159299999992e+01,0.000000000000000000e+00,3.196482159299999992e+01,-2.981890209399999847e+01,0.000000000000000000e+00,2.981890209399999847e+01
9.649701401399999767e+00,-3.169376727599999910e+01,0.000000000000000000e+00,3.169376727599999910e+01,-3.011279689599999898e+01,0.000000000000000000e+00,3.011279689599999898e+01
9.669721321299999062e+00,-3.134509055799999899e+01,0.000000000000000000e+00,3.134509055799999899e+01,-3.038618864100000039e+01,0.000000000000000000e+00,3.038618864100000039e+01
9.689741241200000132e+00,-3.113887508199999843e+01,0.000000000000000000e+00,3.113887508199999843e+01,-3.066742056800000071e+01,0.000000000000000000e+00,3.066742056800000071e+01
9.709761161200001212e+00,-3.088525696700000012e+01,0.000000000000000000e+00,3.088525696700000012e+01,-3.121583450299999996e+01,0.000000000000000000e+00,3.121583450299999996e+01
9.729781081100000506e+00,-3.054317040800000171e+01,0.000000000000000000e+00,3.054317040800000171e+01,-3.177495593200000101e+01,0.000000000000000000e+00,3.177495593200000101e+01
9.749801000999999800e+00,-3.034523553000000007e+01,0.000000000000000000e+00,3.034523553000000007e+01,-3.223399823799999808e+01,0.000000000000000000e+00,3.223399823799999808e+01
9.769820920899999095e+00,-3.019035929100000004e+01,0.000000000000000000e+00,3.019035929100000004e+01,-3.284219944299999838e+01,0.000000000000000000e+00,3.284219944299999838e+01
9.789840840799998389e+00,-2.991844272699999863e+01,0.000000000000000000e+00,2.991844272699999863e+01,-3.334083914600000043e+01,0.000000000000000000e+00,3.334083914600000043e+01
9.809860760799999468e+00,-2.978966773000000146e+01,0.000000000000000000e+00,2.978966773000000146e+01,-3.379535898500000002e+01,0.000000000000000000e+00,3.379535898500000002e+01
9.829880680700000539e+00,-2.964129790000000142e+01,0.000000000000000000e+00,2.964129790000000142e+01,-3.445863389000000154e+01,0.000000000000000000e+00,3.445863389000000154e+01
9.849900600599999834e+00,-2.949079203200000165e+01,0.000000000000000000e+00,2.949079203200000165e+01,-3.523444690699999882e+01,0.000000000000000000e+00,3.523444690699999882e+01
9.869920520499999128e+00,-2.940997156699999948e+01,0.000000000000000000e+00,2.940997156699999948e+01,-3.626869217600000184e+01,0.000000000000000000e+00,3.626869217600000184e+01
9.889940440400000199e+00,-2.933721531000000127e+01,0.000000000000000000e+00,2.933721531000000127e+01,-3.717935836099999847e+01,0.000000000000000000e+00,3.717935836099999847e+01
9.909960360399999502e+00,-2.932221731199999937e+01,0.000000000000000000e+00,2.932221731199999937e+01,-3.846462929799999841e+01,0.000000000000000000e+00,3.846462929799999841e+01
9.929980280299998796e+00,-2.927456496499999972e+01,0.000000000000000000e+00,2.927456496499999972e+01,-3.978576203899999797e+01,0.000000000000000000e+00,3.978576203899999797e+01
9.950000200200001643e+00,-2.925540995100000075e+01,0.000000000000000000e+00,2.925540995100000075e+01,-4.136110835899999927e+01,0.000000000000000000e+00,4.136110835899999927e+01
9.970020120100000938e+00,-2.928682005099999941e+01,0.000000000000000000e+00,2.928682005099999941e+01,-4.287079127599999850e+01,0.000000000000000000e+00,4.287079127599999850e+01
9.990040040000000232e+00,-2.915362096599999830e+01,0.000000000000000000e+00,2.915362096599999830e+01,-4.407299961300000035e+01,0.000000000000000000e+00,4.407299961300000035e+01
1.001005995999999953e+01,-2.912285274399999935e+01,0.000000000000000000e+00,2.912285274399999935e+01,-4.380898172399999879e+01,0.000000000000000000e+00,4.380898172399999879e+01
1.003007988000000061e+01,-2.914363241099999868e+01,0.000000000000000000e+00,2.914363241099999868e+01,-4.215798301800000303e+01,0.000000000000000000e+00,4.215798301800000303e+01
1.005009979999999992e+01,-2.914999627299999929e+01,0.000000000000000000e+00,2.914999627299999929e+01,-4.078843069799999910e+01,0.000000000000000000e+00,4.078843069799999910e+01
1.007011971999999922e+01,-2.903890177499999936e+01,0.000000000000000000e+00,2.903890177499999936e+01,-3.919218588599999720e+01,0.000000000000000000e+00,3.919218588599999720e+01
1.009013964000000030e+01,-2.896474475300000151e+01,0.000000000000000000e+00,2.896474475300000151e+01,-3.810500149599999986e+01,0.000000000000000000e+00,3.810500149599999986e+01
1.011015955999999960e+01,-2.884366839600000176e+01,0.000000000000000000e+00,2.884366839600000176e+01,-3.748034188700000158e+01,0.000000000000000000e+00,3.748034188700000158e+01
1.013017947900000060e+01,-2.884174251700000013e+01,0.000000000000000000e+00,2.884174251700000013e+01,-3.640133003999999772e+01,0.000000000000000000e+00,3.640133003999999772e+01
1.015019939899999990e+01,-2.889959582899999901e+01,0.000000000000000000e+00,2.889959582899999901e+01,-3.635193266099999931e+01,0.000000000000000000e+00,3.635193266099999931e+01
1.017021931899999920e+01,-2.884252293600000172e+01,0.000000000000000000e+00,2.884252293600000172e+01,-3.607654648999999836e+01,0.000000000000000000e+00,3.607654648999999836e+01
1.019023923900000028e+01,-2.895630429999999933e+01,0.000000000000000000e+00,2.895630429999999933e+01,-3.571875592699999657e+01,0.000000000000000000e+00,3.571875592699999657e+01
1.021025915899999958e+01,-2.912354525399999972e+01,0.000000000000000000e+00,2.912354525399999972e+01,-3.614428405900000030e+01,0.000000000000000000e+00,3.614428405900000030e+01
1.023027907900000066e+01,-2.924946580099999949e+01,0.000000000000000000e+00,2.924946580099999949e+01,-3.636480218399999842e+01,0.000000000000000000e+00,3.636480218399999842e+01
1.025029899899999997e+01,-2.938998648700000160e+01,0.000000000000000000e+00,2.938998648700000160e+01,-3.660676887999999707e+01,0.000000000000000000e+00,3.660676887999999707e+01
1.027031891899999927e+01,-2.960881110300000074e+01,0.000000000000000000e+00,2.960881110300000074e+01,-3.798565490099999664e+01,0.000000000000000000e+00,3.798565490099999664e+01
1.029033883900000035e+01,-2.979987047799999900e+01,0.000000000000000000e+00,2.979987047799999900e+01,-3.826833600500000188e+01,0.000000000000000000e+00,3.826833600500000188e+01
1.031035875899999965e+01,-3.009762465600000070e+01,0.000000000000000000e+00,3.009762465600000070e+01,-3.928973342399999780e+01,0.000000000000000000e+00,3.928973342399999780e+01
1.033037867900000073e+01,-3.061481671800000015e+01,0.000000000000000000e+00,3.061481671800000015e+01,-4.187510294300000169e+01,0.000000000000000000e+00,4.187510294300000169e+01
1.035039859900000003e+01,-3.103482474400000157e+01,0.000000000000000000e+00,3.103482474400000157e+01,-4.302112136699999922e+01,0.000000000000000000e+00,4.302112136699999922e+01
1.037041851899999934e+01,-3.154600324100000108e+01,0.000000000000000000e+00,3.154600324100000108e+01,-4.645050798999999841e+01,0.000000000000000000e+00,4.645050798999999841e+01
1.039043843800000033e+01,-3.193365051900000040e+01,0.000000000000000000e+00,3.193365051900000040e+01,-5.247616481600000071e+01,0.000000000000000000e+00,5.247616481600000071e+01
1.041045835799999963e+01,-3.226338237400000253e+01,0.000000000000000000e+00,3.226338237400000253e+01,-5.517540162400000270e+01,0.000000000000000000e+00,5.517540162400000270e+01
1.043047827800000071e+01,-3.238801483299999973e+01,0.000000000000000000e+00,3.238801483299999973e+01,-4.981160268099999655e+01,0.000000000000000000e+00,4.981160268099999655e+01
1.045049819800000002e+01,-3.226982924400000030e+01,0.000000000000000000e+00,3.226982924400000030e+01,-4.503979382899999706e+01,0.000000000000000000e+00,4.503979382899999706e+01
1.047051811799999932e+01,-3.200203316799999698e+01,0.000000000000000000e+00,3.200203316799999698e+01,-4.221030692899999792e+01,0.000000000000000000e+00,4.221030692899999792e+01
1.049053803800000040e+01,-3.178403147499999903e+01,0.000000000000000000e+00,3.178403147499999903e+01,-3.981372029999999995e+01,0.000000000000000000e+00,3.981372029999999995e+01
1.051055795799999970e+01,-3.143331908100000049e+01,0.000000000000000000e+00,3.143331908100000049e+01,-3.808672850699999657e+01,0.000000000000000000e+00,3.808672850699999657e+01
1.053057787800000078e+01,-3.117054514899999873e+01,0.000000000000000000e+00,3.117054514899999873e+01,-3.676418175500000274e+01,0.000000000000000000e+00,3.676418175500000274e+01
1.055059779800000008e+01,-3.112649731799999842e+01,0.000000000000000000e+00,3.112649731799999842e+01,-3.552608611899999858e+01,0.000000000000000000e+00,3.552608611899999858e+01
1.057061771799999939e+01,-3.116884420099999886e+01,0.000000000000000000e+00,3.116884420099999886e+01,-3.467327708100000194e+01,0.000000000000000000e+00,3.467327708100000194e+01
1.059063763800000046e+01,-3.131152207999999959e+01,0.000000000000000000e+00,3.131152207999999959e+01,-3.397440138700000034e+01,0.000000000000000000e+00,3.397440138700000034e+01
1.061065755799999977e+01,-3.163660391999999888e+01,0.000000000000000000e+00,3.163660391999999888e+01,-3.329695251500000097e+01,0.000000000000000000e+00,3.329695251500000097e+01
1.063067747700000076e+01,-3.209884773099999933e+01,0.000000000000000000e+00,3.209884773099999933e+01,-3.256651454400000034e+01,0.000000000000000000e+00,3.256651454400000034e+01
1.065069739700000007e+01,-3.256529415899999691e+01,0.000000000000000000e+00,3.256529415899999691e+01,-3.241623110199999758e+01,0.000000000000000000e+00,3.241623110199999758e+01
1.067071731699999937e+01,-3.319556527299999971e+01,0.000000000000000000e+00,3.319556527299999971e+01,-3.203375436599999659e+01,0.000000000000000000e+00,3.203375436599999659e+01
1.069073723700000045e+01,-3.401984294500000061e+01,0.000000000000000000e+00,3.401984294500000061e+01,-3.142899306700000039e+01,0.000000000000000000e+00,3.142899306700000039e+01
1.071075715699999975e+01,-3.490104196499999745e+01,0.000000000000000000e+00,3.490104196499999745e+01,-3.135207953900000177e+01,0.000000000000000000e+00,3.135207953900000177e+01
1.073077707700000083e+01,-3.589334958100000250e+01,0.000000000000000000e+00,3.589334958100000250e+01,-3.135835671099999900e+01,0.000000000000000000e+00,3.135835671099999900e+01
1.075079699700000013e+01,-3.684329007899999908e+01,0.000000000000000000e+00,3.684329007899999908e+01,-3.116923780799999832e+01,0.000000000000000000e+00,3.116923780799999832e+01
1.077081691699999944e+01,-3.796673905099999757e+01,0.000000000000000000e+00,3.796673905099999757e+01,-3.110441872199999835e+01,0.000000000000000000e+00,3.110441872199999835e+01
1.079083683700000051e+01,-3.888699993600000226e+01,0.000000000000000000e+00,3.888699993600000226e+01,-3.130748368300000095e+01,0.000000000000000000e+00,3.130748368300000095e+01
1.081085675699999982e+01,-3.927272902499999674e+01,0.000000000000000000e+00,3.927272902499999674e+01,-3.143373362899999890e+01,0.000000000000000000e+00,3.143373362899999890e+01
1.083087667699999912e+01,-3.938330131000000023e+01,0.000000000000000000e+00,3.938330131000000023e+01,-3.179632845600000124e+01,0.000000000000000000e+00,3.179632845600000124e+01
1.085089659700000020e+01,-3.921311694100000267e+01,0.000000000000000000e+00,3.921311694100000267e+01,-3.238804808399999757e+01,0.000000000000000000e+00,3.238804808399999757e+01
1.087091651699999950e+01,-3.887020699600000029e+01,0.000000000000000000e+00,3.887020699600000029e+01,-3.276216023100000285e+01,0.000000000000000000e+00,3.276216023100000285e+01
1.089093643600000050e+01,-3.826413320000000340e+01,0.000000000000000000e+00,3.826413320000000340e+01,-3.373202737500000126e+01,0.000000000000000000e+00,3.373202737500000126e+01
1.091095635599999980e+01,-3.769538913099999888e+01,0.000000000000000000e+00,3.769538913099999888e+01,-3.478447634399999799e+01,0.000000000000000000e+00,3.478447634399999799e+01
1.093097627600000088e+01,-3.716719508999999988e+01,0.000000000000000000e+00,3.716719508999999988e+01,-3.584595649500000292e+01,0.000000000000000000e+00,3.584595649500000292e+01
1.095099619600000018e+01,-3.695212747499999750e+01,0.000000000000000000e+00,3.695212747499999750e+01,-3.765410209600000258e+01,0.000000000000000000e+00,3.765410209600000258e+01
1.097101611599999949e+01,-3.695276503200000207e+01,0.000000000000000000e+00,3.695276503200000207e+01,-3.948795896699999730e+01,0.000000000000000000e+00,3.948795896699999730e+01
1.099103603600000056e+01,-3.695692011399999899e+01,0.000000000000000000e+00,3.695692011399999899e+01,-4.108222643599999913e+01,0.000000000000000000e+00,4.108222643599999913e+01
1.101105595599999987e+01,-3.721891453500000324e+01,0.000000000000000000e+00,3.721891453500000324e+01,-4.335749418200000349e+01,0.000000000000000000e+00,4.335749418200000349e+01
1.103107587599999917e+01,-3.738311001000000289e+01,0.000000000000000000e+00,3.738311001000000289e+01,-4.571920468399999748e+01,0.000000000000000000e+00,4.571920468399999748e+01
1.105109579600000025e+01,-3.748811677500000172e+01,0.000000000000000000e+00,3.748811677500000172e+01,-4.648045131100000305e+01,0.000000000000000000e+00,4.648045131100000305e+01
1.107111571599999955e+01,-3.778319307099999946e+01,0.000000000000000000e+00,3.778319307099999946e+01,-4.646568914299999875e+01,0.000000000000000000e+00,4.646568914299999875e+01
1.109113563600000063e+01,-3.806987147499999935e+01,0.000000000000000000e+00,3.806987147499999935e+01,-4.427908932300000089e+01,0.000000000000000000e+00,4.427908932300000089e+01
1.111115555599999993e+01,-3.789608147599999910e+01,0.000000000000000000e+00,3.789608147599999910e+01,-4.302228506200000169e+01,0.000000000000000000e+00,4.302228506200000169e+01
1.113117547499999915e+01,-3.783437512500000111e+01,0.000000000000000000e+00,3.783437512500000111e+01,-4.129961883600000050e+01,0.000000000000000000e+00,4.129961883600000050e+01
1.115119539500000023e+01,-3.756065787000000000e+01,0.000000000000000000e+00,3.756065787000000000e+01,-4.064454900500000178e+01,0.000000000000000000e+00,4.064454900500000178e+01
1.117121531499999953e+01,-3.729511617899999720e+01,0.000000000000000000e+00,3.729511617899999720e+01,-3.957655190999999917e+01,0.000000000000000000e+00,3.957655190999999917e+01
1.119123523500000061e+01,-3.651328399300000171e+01,0.000000000000000000e+00,3.651328399300000171e+01,-3.854445988599999851e+01,0.000000000000000000e+00,3.854445988599999851e+01
1.121125515499999992e+01,-3.575400844899999697e+01,0.000000000000000000e+00,3.575400844899999697e+01,-3.782061867800000243e+01,0.000000000000000000e+00,3.782061867800000243e+01
1.123127507499999922e+01,-3.502896224799999914e+01,0.000000000000000000e+00,3.502896224799999914e+01,-3.750155440500000026e+01,0.000000000000000000e+00,3.750155440500000026e+01
1.125129499500000030e+01,-3.458841588300000325e+01,0.000000000000000000e+00,3.458841588300000325e+01,-3.707460424700000345e+01,0.000000000000000000e+00,3.707460424700000345e+01
1.127131491499999960e+01,-3.421731999800000068e+01,0.000000000000000000e+00,3.421731999800000068e+01,-3.688779457500000092e+01,0.000000000000000000e+00,3.688779457500000092e+01
1.129133483500000068e+01,-3.402516204399999822e+01,0.000000000000000000e+00,3.402516204399999822e+01,-3.709005353199999888e+01,0.000000000000000000e+00,3.709005353199999888e+01
1.131135475499999998e+01,-3.383617332899999752e+01,0.000000000000000000e+00,3.383617332899999752e+01,-3.728065170800000061e+01,0.000000000000000000e+00,3.728065170800000061e+01
1.133137467499999929e+01,-3.379286661599999775e+01,0.000000000000000000e+00,3.379286661599999775e+01,-3.774606204300000201e+01,0.000000000000000000e+00,3.774606204300000201e+01
1.135139459500000036e+01,-3.362419842300000283e+01,0.000000000000000000e+00,3.362419842300000283e+01,-3.819168439599999942e+01,0.000000000000000000e+00,3.819168439599999942e+01
1.137141451499999967e+01,-3.347608449599999858e+01,0.000000000000000000e+00,3.347608449599999858e+01,-3.916814807699999790e+01,0.000000000000000000e+00,3.916814807699999790e+01
1.139143443400000066e+01,-3.317221674900000039e+01,0.000000000000000000e+00,3.317221674900000039e+01,-3.893197884700000344e+01,0.000000000000000000e+00,3.893197884700000344e+01
1.141145435399999997e+01,-3.313201987099999712e+01,0.000000000000000000e+00,3.313201987099999712e+01,-3.867303348400000118e+01,0.000000000000000000e+00,3.867303348400000118e+01
1.143147427399999927e+01,-3.291873312599999934e+01,0.000000000000000000e+00,3.291873312599999934e+01,-3.851299014300000323e+01,0.000000000000000000e+00,3.851299014300000323e+01
1.145149419400000035e+01,-3.265393539699999792e+01,0.000000000000000000e+00,3.265393539699999792e+01,-3.773224474599999922e+01,0.000000000000000000e+00,3.773224474599999922e+01
1.147151411399999965e+01,-3.256071210599999688e+01,0.000000000000000000e+00,3.256071210599999688e+01,-3.688014369700000117e+01,0.000000000000000000e+00,3.688014369700000117e+01
1.149153403400000073e+01,-3.231427108599999798e+01,0.000000000000000000e+00,3.231427108599999798e+01,-3.629709678900000114e+01,0.000000000000000000e+00,3.629709678900000114e+01
1.151155395400000003e+01,-3.209476516299999815e+01,0.000000000000000000e+00,3.209476516299999815e+01,-3.580819191199999807e+01,0.000000000000000000e+00,3.580819191199999807e+01
1.153157387399999934e+01,-3.207017304200000041e+01,0.000000000000000000e+00,3.207017304200000041e+01,-3.503107424099999889e+01,0.000000000000000000e+00,3.503107424099999889e+01
1.155159379400000041e+01,-3.223750543999999962e+01,0.000000000000000000e+00,3.223750543999999962e+01,-3.420502848800000351e+01,0.000000000000000000e+00,3.420502848800000351e+01
1.157161371399999972e+01,-3.239729177000000249e+01,0.000000000000000000e+00,3.239729177000000249e+01,-3.335655571800000274e+01,0.000000000000000000e+00,3.335655571800000274e+01
1.159163363400000080e+01,-3.291300517900000244e+01,0.000000000000000000e+00,3.291300517900000244e+01,-3.257171115700000286e+01,0.000000000000000000e+00,3.257171115700000286e+01
1.161165355400000010e+01,-3.361153454800000162e+01,0.000000000000000000e+00,3.361153454800000162e+01,-3.172888123099999902e+01,0.000000000000000000e+00,3.172888123099999902e+01
1.163167347299999932e+01,-3.432707338899999883e+01,0.000000000000000000e+00,3.432707338899999883e+01,-3.111161383900000033e+01,0.000000000000000000e+00,3.111161383900000033e+01
1.165169339300000040e+01,-3.524879930699999875e+01,0.000000000000000000e+00,3.524879930699999875e+01,-3.081568481900000123e+01,0.000000000000000000e+00,3.081568481900000123e+01
1.167171331299999970e+01,-3.635849254699999733e+01,0.000000000000000000e+00,3.635849254699999733e+01,-3.025728559499999903e+01,0.000000000000000000e+00,3.025728559499999903e+01
1.169173323300000078e+01,-3.742928224100000278e+01,0.000000000000000000e+00,3.742928224100000278e+01,-2.979205135200000143e+01,0.000000000000000000e+00,2.979205135200000143e+01
1.171175315300000008e+01,-3.827721169200000162e+01,0.000000000000000000e+00,3.827721169200000162e+01,-2.952370033700000107e+01,0.000000000000000000e+00,2.952370033700000107e+01
1.173177307299999939e+01,-3.927504478299999846e+01,0.000000000000000000e+00,3.927504478299999846e+01,-2.937316189599999916e+01,0.000000000000000000e+00,2.937316189599999916e+01
1.175179299300000046e+01,-4.006006980899999803e+01,0.000000000000000000e+00,4.006006980899999803e+01,-2.918499258299999966e+01,0.000000000000000000e+00,2.918499258299999966e+01
1.177181291299999977e+01,-4.063210220599999900e+01,0.000000000000000000e+00,4.063210220599999900e+01,-2.925130831699999945e+01,0.000000000000000000e+00,2.925130831699999945e+01
1.179183283300000085e+01,-4.127660679899999963e+01,0.000000000000000000e+00,4.127660679899999963e+01,-2.927002726199999927e+01,0.000000000000000000e+00,2.927002726199999927e+01
1.181185275300000015e+01,-4.125940993900000109e+01,0.000000000000000000e+00,4.125940993900000109e+01,-2.913251281000000148e+01,0.000000000000000000e+00,2.913251281000000148e+01
1.183187267299999945e+01,-4.122972586699999908e+01,0.000000000000000000e+00,4.122972586699999908e+01,-2.932478972499999870e+01,0.000000000000000000e+00,2.932478972499999870e+01
1.185189259300000053e+01,-4.165258389499999936e+01,0.000000000000000000e+00,4.165258389499999936e+01,-2.955615749900000111e+01,0.000000000000000000e+00,2.955615749900000111e+01
1.187191251299999983e+01,-4.171374884800000160e+01,0.000000000000000000e+00,4.171374884800000160e+01,-2.980955834599999932e+01,0.000000000000000000e+00,2.980955834599999932e+01
1.189193243200000083e+01,-4.097275004800000175e+01,0.000000000000000000e+00,4.097275004800000175e+01,-3.005993726399999844e+01,0.000000000000000000e+00,3.005993726399999844e+01
1.191195235200000013e+01,-4.165791325200000017e+01,0.000000000000000000e+00,4.165791325200000017e+01,-3.047889946300000119e+01,0.000000000000000000e+00,3.047889946300000119e+01
1.193197227199999944e+01,-4.158032949799999756e+01,0.000000000000000000e+00,4.158032949799999756e+01,-3.068260395200000090e+01,0.000000000000000000e+00,3.068260395200000090e+01
1.195199219200000051e+01,-4.178962970300000279e+01,0.000000000000000000e+00,4.178962970300000279e+01,-3.104240405299999850e+01,0.000000000000000000e+00,3.104240405299999850e+01
1.197201211199999982e+01,-4.211965822300000184e+01,0.000000000000000000e+00,4.211965822300000184e+01,-3.164872059700000051e+01,0.000000000000000000e+00,3.164872059700000051e+01
1.199203203199999912e+01,-4.251952462999999938e+01,0.000000000000000000e+00,4.251952462999999938e+01,-3.201232680599999725e+01,0.000000000000000000e+00,3.201232680599999725e+01
1.201205195200000020e+01,-4.289854630899999677e+01,0.000000000000000000e+00,4.289854630899999677e+01,-3.259057082799999705e+01,0.000000000000000000e+00,3.259057082799999705e+01
1.203207187199999950e+01,-4.328839026400000023e+01,0.000000000000000000e+00,4.328839026400000023e+01,-3.345560681500000300e+01,0.000000000000000000e+00,3.345560681500000300e+01
1.205209179200000058e+01,-4.347712302499999737e+01,0.000000000000000000e+00,4.347712302499999737e+01,-3.461564320499999781e+01,0.000000000000000000e+00,3.461564320499999781e+01
1.207211171199999988e+01,-4.291060734500000251e+01,0.000000000000000000e+00,4.291060734500000251e+01,-3.576317709199999939e+01,0.000000000000000000e+00,3.576317709199999939e+01
1.209213163199999919e+01,-4.295735014099999916e+01,0.000000000000000000e+00,4.295735014099999916e+01,-3.650227441999999911e+01,0.000000000000000000e+00,3.650227441999999911e+01
1.211215155200000027e+01,-4.266226030800000046e+01,0.000000000000000000e+00,4.266226030800000046e+01,-3.754525041800000196e+01,0.000000000000000000e+00,3.754525041800000196e+01
1.213217147099999949e+01,-4.240231610400000051e+01,0.000000000000000000e+00,4.240231610400000051e+01,-3.908376407000000086e+01,0.000000000000000000e+00,3.908376407000000086e+01
1.215219139100000056e+01,-4.275258270799999849e+01,0.000000000000000000e+00,4.275258270799999849e+01,-3.910726661900000067e+01,0.000000000000000000e+00,3.910726661900000067e+01
1.217221131099999987e+01,-4.312484950599999678e+01,0.000000000000000000e+00,4.312484950599999678e+01,-3.865467335799999660e+01,0.000000000000000000e+00,3.865467335799999660e+01
1.219223123099999917e+01,-4.283044715300000149e+01,0.000000000000000000e+00,4.283044715300000149e+01,-3.889542020999999750e+01,0.000000000000000000e+00,3.889542020999999750e+01
1.221225115100000025e+01,-4.285252417600000285e+01,0.000000000000000000e+00,4.285252417600000285e+01,-3.827660561999999800e+01,0.000000000000000000e+00,3.827660561999999800e+01
1.223227107099999955e+01,-4.242728852100000125e+01,0.000000000000000000e+00,4.242728852100000125e+01,-3.739911013799999751e+01,0.000000000000000000e+00,3.739911013799999751e+01
1.225229099100000063e+01,-4.085670206399999671e+01,0.000000000000000000e+00,4.085670206399999671e+01,-3.725047287200000312e+01,0.000000000000000000e+00,3.725047287200000312e+01
1.227231091099999993e+01,-3.970736802199999715e+01,0.000000000000000000e+00,3.970736802199999715e+01,-3.680100597599999901e+01,0.000000000000000000e+00,3.680100597599999901e+01
1.229233083099999924e+01,-3.891049906399999969e+01,0.000000000000000000e+00,3.891049906399999969e+01,-3.608863099399999896e+01,0.000000000000000000e+00,3.608863099399999896e+01
1.231235075100000032e+01,-3.771148169500000336e+01,0.000000000000000000e+00,3.771148169500000336e+01,-3.522144203799999929e+01,0.000000000000000000e+00,3.522144203799999929e+01
1.233237067099999962e+01,-3.742338507299999861e+01,0.000000000000000000e+00,3.742338507299999861e+01,-3.496079070300000069e+01,0.000000000000000000e+00,3.496079070300000069e+01
1.235239059100000070e+01,-3.710631549800000073e+01,0.000000000000000000e+00,3.710631549800000073e+01,-3.465204435399999738e+01,0.000000000000000000e+00,3.465204435399999738e+01
1.237241051100000000e+01,-3.696354097700000096e+01,0.000000000000000000e+00,3.696354097700000096e+01,-3.396229696200000348e+01,0.000000000000000000e+00,3.396229696200000348e+01
1.239243042999999922e+01,-3.709031538100000347e+01,0.000000000000000000e+00,3.709031538100000347e+01,-3.329290122799999807e+01,0.000000000000000000e+00,3.329290122799999807e+01
1.241245035000000030e+01,-3.757450121699999812e+01,0.000000000000000000e+00,3.757450121699999812e+01,-3.341296080400000079e+01,0.000000000000000000e+00,3.341296080400000079e+01
1.243247026999999960e+01,-3.771293760999999733e+01,0.000000000000000000e+00,3.771293760999999733e+01,-3.346470430200000123e+01,0.000000000000000000e+00,3.346470430200000123e+01
1.245249019000000068e+01,-3.833205600200000163e+01,0.000000000000000000e+00,3.833205600200000163e+01,-3.315107057000000168e+01,0.000000000000000000e+00,3.315107057000000168e+01
1.247251010999999998e+01,-4.005845604799999649e+01,0.000000000000000000e+00,4.005845604799999649e+01,-3.298418605199999831e+01,0.000000000000000000e+00,3.298418605199999831e+01
1.249253002999999929e+01,-4.047686415700000140e+01,0.000000000000000000e+00,4.047686415700000140e+01,-3.348663280699999945e+01,0.000000000000000000e+00,3.348663280699999945e+01
1.251254995000000036e+01,-4.120505678100000324e+01,0.000000000000000000e+00,4.120505678100000324e+01,-3.348452583299999930e+01,0.000000000000000000e+00,3.348452583299999930e+01
1.253256986999999967e+01,-4.249352478299999802e+01,0.000000000000000000e+00,4.249352478299999802e+01,-3.356405130400000303e+01,0.000000000000000000e+00,3.356405130400000303e+01
1.255258979000000075e+01,-4.258649302599999942e+01,0.000000000000000000e+00,4.258649302599999942e+01,-3.408017035600000355e+01,0.000000000000000000e+00,3.408017035600000355e+01
1.257260971000000005e+01,-4.141552743399999770e+01,0.000000000000000000e+00,4.141552743399999770e+01,-3.470925366499999853e+01,0.000000000000000000e+00,3.470925366499999853e+01
1.259262962999999935e+01,-4.009465473499999888e+01,0.000000000000000000e+00,4.009465473499999888e+01,-3.495512755899999746e+01,0.000000000000000000e+00,3.495512755899999746e+01
1.261264955000000043e+01,-3.930241466900000091e+01,0.000000000000000000e+00,3.930241466900000091e+01,-3.477679869199999985e+01,0.000000000000000000e+00,3.477679869199999985e+01
1.263266946899999965e+01,-3.874383985099999705e+01,0.000000000000000000e+00,3.874383985099999705e+01,-3.510714338999999740e+01,0.000000000000000000e+00,3.510714338999999740e+01
1.265268938900000073e+01,-3.779109331499999769e+01,0.000000000000000000e+00,3.779109331499999769e+01,-3.549990887500000269e+01,0.000000000000000000e+00,3.549990887500000269e+01
1.267270930900000003e+01,-3.688123900400000110e+01,0.000000000000000000e+00,3.688123900400000110e+01,-3.560181127799999956e+01,0.000000000000000000e+00,3.560181127799999956e+01
1.269272922899999934e+01,-3.597672025899999682e+01,0.000000000000000000e+00,3.597672025899999682e+01,-3.576988187199999913e+01,0.000000000000000000e+00,3.576988187199999913e+01
1.271274914900000041e+01,-3.455798905799999687e+01,0.000000000000000000e+00,3.455798905799999687e+01,-3.632800354900000173e+01,0.000000000000000000e+00,3.632800354900000173e+01
1.273276906899999972e+01,-3.332017314600000191e+01,0.000000000000000000e+00,3.332017314600000191e+01,-3.701744859699999779e+01,0.000000000000000000e+00,3.701744859699999779e+01
1.275278898900000080e+01,-3.262663190699999660e+01,0.000000000000000000e+00,3.262663190699999660e+01,-3.740843125300000338e+01,0.000000000000000000e+00,3.740843125300000338e+01
1.277280890900000010e+01,-3.246331357799999751e+01,0.000000000000000000e+00,3.246331357799999751e+01,-3.721678307999999902e+01,0.000000000000000000e+00,3.721678307999999902e+01
1.279282882899999940e+01,-3.284677249199999949e+01,0.000000000000000000e+00,3.284677249199999949e+01,-3.677855186099999685e+01,0.000000000000000000e+00,3.677855186099999685e+01
1.281284874900000048e+01,-3.386438794099999683e+01,0.000000000000000000e+00,3.386438794099999683e+01,-3.628215452700000299e+01,0.000000000000000000e+00,3.628215452700000299e+01
1.283286866899999978e+01,-3.593633553499999778e+01,0.000000000000000000e+00,3.593633553499999778e+01,-3.557153102600000238e+01,0.000000000000000000e+00,3.557153102600000238e+01
1.285288858900000086e+01,-3.884630354099999749e+01,0.000000000000000000e+00,3.884630354099999749e+01,-3.518255516100000335e+01,0.000000000000000000e+00,3.518255516100000335e+01
1.287290850900000017e+01,-3.978774333799999852e+01,0.000000000000000000e+00,3.978774333799999852e+01,-3.498708897400000239e+01,0.000000000000000000e+00,3.498708897400000239e+01
1.289292842799999939e+01,-4.022960753099999920e+01,0.000000000000000000e+00,4.022960753099999920e+01,-3.469375667199999924e+01,0.000000000000000000e+00,3.469375667199999924e+01
1.291294834800000046e+01,-4.098112919300000101e+01,0.000000000000000000e+00,4.098112919300000101e+01,-3.431615770100000162e+01,0.000000000000000000e+00,3.431615770100000162e+01
1.293296826799999977e+01,-4.153364603699999691e+01,0.000000000000000000e+00,4.153364603699999691e+01,-3.414132175299999972e+01,0.000000000000000000e+00,3.414132175299999972e+01
1.295298818800000085e+01,-4.330631338100000249e+01,0.000000000000000000e+00,4.330631338100000249e+01,-3.428877885499999678e+01,0.000000000000000000e+00,3.428877885499999678e+01
1.297300810800000015e+01,-4.739890782100000166e+01,0.000000000000000000e+00,4.739890782100000166e+01,-3.468010856699999778e+01,0.000000000000000000e+00,3.468010856699999778e+01
1.299302802799999945e+01,-5.159583047800000344e+01,0.000000000000000000e+00,5.159583047800000344e+01,-3.546459891899999661e+01,0.000000000000000000e+00,3.546459891899999661e+01
1.301304794800000053e+01,-4.924597267699999747e+01,0.000000000000000000e+00,4.924597267699999747e+01,-3.650465336700000307e+01,0.000000000000000000e+00,3.650465336700000307e+01
1.303306786799999983e+01,-4.566169187300000232e+01,0.000000000000000000e+00,4.566169187300000232e+01,-3.766689694699999791e+01,0.000000000000000000e+00,3.766689694699999791e+01
1.305308778799999914e+01,-4.243433955199999730e+01,0.000000000000000000e+00,4.243433955199999730e+01,-3.930462454300000275e+01,0.000000000000000000e+00,3.930462454300000275e+01
1.307310770800000022e+01,-4.056539135500000270e+01,0.000000000000000000e+00,4.056539135500000270e+01,-4.087499567300000081e+01,0.000000000000000000e+00,4.087499567300000081e+01
1.309312762799999952e+01,-3.936311902399999951e+01,0.000000000000000000e+00,3.936311902399999951e+01,-4.301997033699999662e+01,0.000000000000000000e+00,4.301997033699999662e+01
1.311314754800000060e+01,-3.926100500300000107e+01,0.000000000000000000e+00,3.926100500300000107e+01,-4.593507684299999738e+01,0.000000000000000000e+00,4.593507684299999738e+01
1.313316746699999982e+01,-3.883895667699999876e+01,0.000000000000000000e+00,3.883895667699999876e+01,-4.751199774300000200e+01,0.000000000000000000e+00,4.751199774300000200e+01
1.315318738699999912e+01,-3.775550425299999802e+01,0.000000000000000000e+00,3.775550425299999802e+01,-5.281665488000000153e+01,0.000000000000000000e+00,5.281665488000000153e+01
1.317320730700000020e+01,-3.720315147499999853e+01,0.000000000000000000e+00,3.720315147499999853e+01,-6.004333697100000222e+01,0.000000000000000000e+00,6.004333697100000222e+01
1.319322722699999950e+01,-3.593475758600000347e+01,0.000000000000000000e+00,3.593475758600000347e+01,-4.819092024799999763e+01,0.000000000000000000e+00,4.819092024799999763e+01
1.321324714700000058e+01,-3.535897829999999686e+01,0.000000000000000000e+00,3.535897829999999686e+01,-4.311019048400000031e+01,0.000000000000000000e+00,4.311019048400000031e+01
1.323326706699999988e+01,-3.417740159400000266e+01,0.000000000000000000e+00,3.417740159400000266e+01,-3.934623993999999669e+01,0.000000000000000000e+00,3.934623993999999669e+01
1.325328698699999919e+01,-3.331905593900000184e+01,0.000000000000000000e+00,3.331905593900000184e+01,-3.628452319899999878e+01,0.000000000000000000e+00,3.628452319899999878e+01
1.327330690700000027e+01,-3.244366116799999844e+01,0.000000000000000000e+00,3.244366116799999844e+01,-3.400287359600000059e+01,0.000000000000000000e+00,3.400287359600000059e+01
1.329332682699999957e+01,-3.196161929899999876e+01,0.000000000000000000e+00,3.196161929899999876e+01,-3.254408168799999856e+01,0.000000000000000000e+00,3.254408168799999856e+01
1.331334674700000065e+01,-3.168716478700000039e+01,0.000000000000000000e+00,3.168716478700000039e+01,-3.142529988000000074e+01,0.000000000000000000e+00,3.142529988000000074e+01
1.333336666699999995e+01,-3.141336562000000043e+01,0.000000000000000000e+00,3.141336562000000043e+01,-3.062650100800000175e+01,0.000000000000000000e+00,3.062650100800000175e+01
1.335338658699999925e+01,-3.139260302699999983e+01,0.000000000000000000e+00,3.139260302699999983e+01,-3.008265598399999874e+01,0.000000000000000000e+00,3.008265598399999874e+01
1.337340650700000033e+01,-3.170931225800000064e+01,0.000000000000000000e+00,3.170931225800000064e+01,-2.972635686299999946e+01,0.000000000000000000e+00,2.972635686299999946e+01
1.339342642599999955e+01,-3.172838417699999880e+01,0.000000000000000000e+00,3.172838417699999880e+01,-2.949364231099999856e+01,0.000000000000000000e+00,2.949364231099999856e+01
1.341344634600000063e+01,-3.147835207600000018e+01,0.000000000000000000e+00,3.147835207600000018e+01,-2.951684749200000013e+01,0.000000000000000000e+00,2.951684749200000013e+01
1.343346626599999993e+01,-3.157033645199999938e+01,0.000000000000000000e+00,3.157033645199999938e+01,-2.965657415900000160e+01,0.000000000000000000e+00,2.965657415900000160e+01
1.345348618599999924e+01,-3.176147415399999829e+01,0.000000000000000000e+00,3.176147415399999829e+01,-2.982667620899999861e+01,0.000000000000000000e+00,2.982667620899999861e+01
1.347350610600000032e+01,-3.202826472200000296e+01,0.000000000000000000e+00,3.202826472200000296e+01,-3.034883634299999855e+01,0.000000000000000000e+00,3.034883634299999855e+01
1.349352602599999962e+01,-3.227300804200000073e+01,0.000000000000000000e+00,3.227300804200000073e+01,-3.117238742299999998e+01,0.000000000000000000e+00,3.117238742299999998e+01
1.351354594600000070e+01,-3.268287054700000027e+01,0.000000000000000000e+00,3.268287054700000027e+01,-3.226890039700000301e+01,0.000000000000000000e+00,3.226890039700000301e+01
1.353356586600000000e+01,-3.344557052799999752e+01,0.000000000000000000e+00,3.344557052799999752e+01,-3.371599845400000106e+01,0.000000000000000000e+00,3.371599845400000106e+01
1.355358578599999930e+01,-3.441041335199999907e+01,0.000000000000000000e+00,3.441041335199999907e+01,-3.548829616500000128e+01,0.000000000000000000e+00,3.548829616500000128e+01
1.357360570600000038e+01,-3.533214177100000342e+01,0.000000000000000000e+00,3.533214177100000342e+01,-3.788291670200000283e+01,0.000000000000000000e+00,3.788291670200000283e+01
1.359362562599999968e+01,-3.566138722499999858e+01,0.000000000000000000e+00,3.566138722499999858e+01,-4.045092807300000004e+01,0.000000000000000000e+00,4.045092807300000004e+01
1.361364554600000076e+01,-3.544099652700000291e+01,0.000000000000000000e+00,3.544099652700000291e+01,-3.969982408799999973e+01,0.000000000000000000e+00,3.969982408799999973e+01
1.363366546499999998e+01,-3.535398646699999858e+01,0.000000000000000000e+00,3.535398646699999858e+01,-3.677907786899999820e+01,0.000000000000000000e+00,3.677907786899999820e+01
1.365368538499999929e+01,-3.555018215900000200e+01,0.000000000000000000e+00,3.555018215900000200e+01,-3.491948715600000241e+01,0.000000000000000000e+00,3.491948715600000241e+01
1.367370530500000037e+01,-3.641345817300000220e+01,0.000000000000000000e+00,3.641345817300000220e+01,-3.359910755500000334e+01,0.000000000000000000e+00,3.359910755500000334e+01
1.369372522499999967e+01,-3.667501875199999972e+01,0.000000000000000000e+00,3.667501875199999972e+01,-3.284142683299999987e+01,0.000000000000000000e+00,3.284142683299999987e+01
1.371374514500000075e+01,-3.598181317899999954e+01,0.000000000000000000e+00,3.598181317899999954e+01,-3.182988454699999892e+01,0.000000000000000000e+00,3.182988454699999892e+01
1.373376506500000005e+01,-3.514781521999999825e+01,0.000000000000000000e+00,3.514781521999999825e+01,-3.098468453299999936e+01,0.000000000000000000e+00,3.098468453299999936e+01
1.375378498499999935e+01,-3.483951385400000333e+01,0.000000000000000000e+00,3.483951385400000333e+01,-3.065469201399999832e+01,0.000000000000000000e+00,3.065469201399999832e+01
1.377380490500000043e+01,-3.485988374800000145e+01,0.000000000000000000e+00,3.485988374800000145e+01,-3.049812594899999851e+01,0.000000000000000000e+00,3.049812594899999851e+01
1.379382482499999973e+01,-3.480527447400000085e+01,0.000000000000000000e+00,3.480527447400000085e+01,-3.066519921200000098e+01,0.000000000000000000e+00,3.066519921200000098e+01
1.381384474500000081e+01,-3.503454881700000101e+01,0.000000000000000000e+00,3.503454881700000101e+01,-3.133896735200000094e+01,0.000000000000000000e+00,3.133896735200000094e+01
1.383386466500000012e+01,-3.567068192800000048e+01,0.000000000000000000e+00,3.567068192800000048e+01,-3.243625493300000073e+01,0.000000000000000000e+00,3.243625493300000073e+01
1.385388458499999942e+01,-3.581537726100000185e+01,0.000000000000000000e+00,3.581537726100000185e+01,-3.339285183100000154e+01,0.000000000000000000e+00,3.339285183100000154e+01
1.387390450500000050e+01,-3.563815696399999666e+01,0.000000000000000000e+00,3.563815696399999666e+01,-3.437804916300000002e+01,0.000000000000000000e+00,3.437804916300000002e+01
1.389392442399999972e+01,-3.559805325800000020e+01,0.000000000000000000e+00,3.559805325800000020e+01,-3.505527704899999719e+01,0.000000000000000000e+00,3.505527704899999719e+01
1.391394434400000080e+01,-3.557069081200000227e+01,0.000000000000000000e+00,3.557069081200000227e+01,-3.631282437400000163e+01,0.000000000000000000e+00,3.631282437400000163e+01
1.393396426400000010e+01,-3.597044752299999715e+01,0.000000000000000000e+00,3.597044752299999715e+01,-3.753238919399999673e+01,0.000000000000000000e+00,3.753238919399999673e+01
1.395398418399999940e+01,-3.611776994000000229e+01,0.000000000000000000e+00,3.611776994000000229e+01,-3.918811083399999973e+01,0.000000000000000000e+00,3.918811083399999973e+01
1.397400410400000048e+01,-3.655857562100000280e+01,0.000000000000000000e+00,3.655857562100000280e+01,-4.145785538799999870e+01,0.000000000000000000e+00,4.145785538799999870e+01
1.399402402399999978e+01,-3.704114846600000277e+01,0.000000000000000000e+00,3.704114846600000277e+01,-4.405116625000000141e+01,0.000000000000000000e+00,4.405116625000000141e+01
1.401404394400000086e+01,-3.751070859400000046e+01,0.000000000000000000e+00,3.751070859400000046e+01,-4.783324814299999872e+01,0.000000000000000000e+00,4.783324814299999872e+01
1.403406386400000017e+01,-3.757320298999999864e+01,0.000000000000000000e+00,3.757320298999999864e+01,-5.520367595900000168e+01,0.000000000000000000e+00,5.520367595900000168e+01
1.405408378399999947e+01,-3.781246723000000287e+01,0.000000000000000000e+00,3.781246723000000287e+01,-6.053758893900000260e+01,0.000000000000000000e+00,6.053758893900000260e+01
1.407410370400000055e+01,-3.793493450700000125e+01,0.000000000000000000e+00,3.793493450700000125e+01,-5.285252794800000231e+01,0.000000000000000000e+00,5.285252794800000231e+01
1.409412362399999985e+01,-3.790183996700000080e+01,0.000000000000000000e+00,3.790183996700000080e+01,-4.936749628999999828e+01,0.000000000000000000e+00,4.936749628999999828e+01
1.411414354399999915e+01,-3.757624300599999856e+01,0.000000000000000000e+00,3.757624300599999856e+01,-4.640056496999999780e+01,0.000000000000000000e+00,4.640056496999999780e+01
1.413416346300000015e+01,-3.729944908099999878e+01,0.000000000000000000e+00,3.729944908099999878e+01,-4.508385124299999802e+01,0.000000000000000000e+00,4.508385124299999802e+01
1.415418338299999945e+01,-3.754078825300000233e+01,0.000000000000000000e+00,3.754078825300000233e+01,-4.366631646799999800e+01,0.000000000000000000e+00,4.366631646799999800e+01
1.417420330300000053e+01,-3.817521479500000225e+01,0.000000000000000000e+00,3.817521479500000225e+01,-4.242268115800000317e+01,0.000000000000000000e+00,4.242268115800000317e+01
1.419422322299999983e+01,-3.837248715999999860e+01,0.000000000000000000e+00,3.837248715999999860e+01,-4.098208256400000238e+01,0.000000000000000000e+00,4.098208256400000238e+01
1.421424314299999914e+01,-3.811404621199999809e+01,0.000000000000000000e+00,3.811404621199999809e+01,-3.933686123999999751e+01,0.000000000000000000e+00,3.933686123999999751e+01
1.423426306300000022e+01,-3.848487639799999727e+01,0.000000000000000000e+00,3.848487639799999727e+01,-3.866539412899999917e+01,0.000000000000000000e+00,3.866539412899999917e+01
1.425428298299999952e+01,-3.890002417299999848e+01,0.000000000000000000e+00,3.890002417299999848e+01,-3.822599041800000208e+01,0.000000000000000000e+00,3.822599041800000208e+01
1.427430290300000060e+01,-3.895545661500000278e+01,0.000000000000000000e+00,3.895545661500000278e+01,-3.743486506600000041e+01,0.000000000000000000e+00,3.743486506600000041e+01
1.429432282299999990e+01,-3.957039181700000086e+01,0.000000000000000000e+00,3.957039181700000086e+01,-3.653357611500000246e+01,0.000000000000000000e+00,3.653357611500000246e+01
1.431434274299999920e+01,-4.101026417500000321e+01,0.000000000000000000e+00,4.101026417500000321e+01,-3.611390632199999828e+01,0.000000000000000000e+00,3.611390632199999828e+01
1.433436266300000028e+01,-4.152387589899999654e+01,0.000000000000000000e+00,4.152387589899999654e+01,-3.566628588199999683e+01,0.000000000000000000e+00,3.566628588199999683e+01
1.435438258299999958e+01,-4.274223410300000126e+01,0.000000000000000000e+00,4.274223410300000126e+01,-3.505227810200000249e+01,0.000000000000000000e+00,3.505227810200000249e+01
1.437440250300000066e+01,-4.505258751099999870e+01,0.000000000000000000e+00,4.505258751099999870e+01,-3.477912381899999872e+01,0.000000000000000000e+00,3.477912381899999872e+01
1.439442242199999988e+01,-4.761169329900000236e+01,0.000000000000000000e+00,4.761169329900000236e+01,-3.484714026099999984e+01,0.000000000000000000e+00,3.484714026099999984e+01
1.441444234199999919e+01,-5.020533203499999786e+01,0.000000000000000000e+00,5.020533203499999786e+01,-3.496820278300000240e+01,0.000000000000000000e+00,3.496820278300000240e+01
1.443446226200000027e+01,-5.148161438000000345e+01,0.000000000000000000e+00,5.148161438000000345e+01,-3.514591423099999901e+01,0.000000000000000000e+00,3.514591423099999901e+01
1.445448218199999957e+01,-5.391591299299999918e+01,0.000000000000000000e+00,5.391591299299999918e+01,-3.537502268800000138e+01,0.000000000000000000e+00,3.537502268800000138e+01
1.447450210200000065e+01,-5.928098206199999964e+01,0.000000000000000000e+00,5.928098206199999964e+01,-3.565016107000000289e+01,0.000000000000000000e+00,3.565016107000000289e+01
1.449452202199999995e+01,-5.230786872000000187e+01,0.000000000000000000e+00,5.230786872000000187e+01,-3.633217858199999739e+01,0.000000000000000000e+00,3.633217858199999739e+01
1.451454194199999925e+01,-4.901270712800000240e+01,0.000000000000000000e+00,4.901270712800000240e+01,-3.685857748699999803e+01,0.000000000000000000e+00,3.685857748699999803e+01
1.453456186200000033e+01,-4.732478352999999771e+01,0.000000000000000000e+00,4.732478352999999771e+01,-3.699811275900000140e+01,0.000000000000000000e+00,3.699811275900000140e+01
1.455458178199999963e+01,-4.485472698400000269e+01,0.000000000000000000e+00,4.485472698400000269e+01,-3.735289020399999771e+01,0.000000000000000000e+00,3.735289020399999771e+01
1.457460170200000071e+01,-4.298950185500000032e+01,0.000000000000000000e+00,4.298950185500000032e+01,-3.790922075000000291e+01,0.000000000000000000e+00,3.790922075000000291e+01
1.459462162200000002e+01,-4.198227431400000143e+01,0.000000000000000000e+00,4.198227431400000143e+01,-3.768841949699999816e+01,0.000000000000000000e+00,3.768841949699999816e+01
1.461464154199999932e+01,-4.167274727299999881e+01,0.000000000000000000e+00,4.167274727299999881e+01,-3.729983370800000131e+01,0.000000000000000000e+00,3.729983370800000131e+01
1.463466146100000032e+01,-4.104238614799999851e+01,0.000000000000000000e+00,4.104238614799999851e+01,-3.688514932100000010e+01,0.000000000000000000e+00,3.688514932100000010e+01
1.465468138099999962e+01,-4.031365438200000284e+01,0.000000000000000000e+00,4.031365438200000284e+01,-3.639693030299999776e+01,0.000000000000000000e+00,3.639693030299999776e+01
1.467470130100000070e+01,-3.973290581700000246e+01,0.000000000000000000e+00,3.973290581700000246e+01,-3.536180840899999822e+01,0.000000000000000000e+00,3.536180840899999822e+01
1.469472122100000000e+01,-3.963445815099999692e+01,0.000000000000000000e+00,3.963445815099999692e+01,-3.423510553599999895e+01,0.000000000000000000e+00,3.423510553599999895e+01
1.471474114099999930e+01,-3.967286452900000171e+01,0.000000000000000000e+00,3.967286452900000171e+01,-3.361366383000000013e+01,0.000000000000000000e+00,3.361366383000000013e+01
1.473476106100000038e+01,-3.940401969799999904e+01,0.000000000000000000e+00,3.940401969799999904e+01,-3.298654835600000013e+01,0.000000000000000000e+00,3.298654835600000013e+01
1.475478098099999968e+01,-3.956000676099999680e+01,0.000000000000000000e+00,3.956000676099999680e+01,-3.238921505799999778e+01,0.000000000000000000e+00,3.238921505799999778e+01
1.477480090100000076e+01,-3.992785787199999703e+01,0.000000000000000000e+00,3.992785787199999703e+01,-3.209286743199999847e+01,0.000000000000000000e+00,3.209286743199999847e+01
1.479482082100000007e+01,-4.033311134400000242e+01,0.000000000000000000e+00,4.033311134400000242e+01,-3.178146481299999948e+01,0.000000000000000000e+00,3.178146481299999948e+01
1.481484074099999937e+01,-4.081485101500000212e+01,0.000000000000000000e+00,4.081485101500000212e+01,-3.156817668400000088e+01,0.000000000000000000e+00,3.156817668400000088e+01
1.483486066100000045e+01,-4.120237240899999875e+01,0.000000000000000000e+00,4.120237240899999875e+01,-3.151580575699999898e+01,0.000000000000000000e+00,3.151580575699999898e+01
1.485488058099999975e+01,-4.197229133300000115e+01,0.000000000000000000e+00,4.197229133300000115e+01,-3.156701095500000065e+01,0.000000000000000000e+00,3.156701095500000065e+01
1.487490050100000083e+01,-4.253859813199999707e+01,0.000000000000000000e+00,4.253859813199999707e+01,-3.140596377399999994e+01,0.000000000000000000e+00,3.140596377399999994e+01
1.489492042000000005e+01,-4.380506668000000303e+01,0.000000000000000000e+00,4.380506668000000303e+01,-3.140861853399999859e+01,0.000000000000000000e+00,3.140861853399999859e+01
1.491494033999999935e+01,-4.560572550700000249e+01,0.000000000000000000e+00,4.560572550700000249e+01,-3.137703282400000049e+01,0.000000000000000000e+00,3.137703282400000049e+01
1.493496026000000043e+01,-4.626472519800000072e+01,0.000000000000000000e+00,4.626472519800000072e+01,-3.134205256999999989e+01,0.000000000000000000e+00,3.134205256999999989e+01
1.495498017999999973e+01,-4.793958548799999875e+01,0.000000000000000000e+00,4.793958548799999875e+01,-3.137515420100000085e+01,0.000000000000000000e+00,3.137515420100000085e+01
1.497500010000000081e+01,-5.053446342699999860e+01,0.000000000000000000e+00,5.053446342699999860e+01,-3.151618601699999900e+01,0.000000000000000000e+00,3.151618601699999900e+01
1.499502002000000012e+01,-5.434981426499999912e+01,0.000000000000000000e+00,5.434981426499999912e+01,-3.175768068000000000e+01,0.000000000000000000e+00,3.175768068000000000e+01
1.501503993999999942e+01,-5.486739056500000089e+01,0.000000000000000000e+00,5.486739056500000089e+01,-3.192071676799999835e+01,0.000000000000000000e+00,3.192071676799999835e+01
1.503505986000000050e+01,-5.434752456199999671e+01,0.000000000000000000e+00,5.434752456199999671e+01,-3.223930185500000078e+01,0.000000000000000000e+00,3.223930185500000078e+01
1.505507977999999980e+01,-5.070041799199999843e+01,0.000000000000000000e+00,5.070041799199999843e+01,-3.258751328700000016e+01,0.000000000000000000e+00,3.258751328700000016e+01
1.507509970000000088e+01,-4.765083373699999925e+01,0.000000000000000000e+00,4.765083373699999925e+01,-3.298778869400000247e+01,0.000000000000000000e+00,3.298778869400000247e+01
1.509511962000000018e+01,-4.536299592700000005e+01,0.000000000000000000e+00,4.536299592700000005e+01,-3.321446893200000261e+01,0.000000000000000000e+00,3.321446893200000261e+01
1.511513953999999949e+01,-4.408976870699999751e+01,0.000000000000000000e+00,4.408976870699999751e+01,-3.341019830399999790e+01,0.000000000000000000e+00,3.341019830399999790e+01
1.513515945900000048e+01,-4.253392093600000123e+01,0.000000000000000000e+00,4.253392093600000123e+01,-3.381772679699999884e+01,0.000000000000000000e+00,3.381772679699999884e+01
1.515517937899999978e+01,-4.152644822500000288e+01,0.000000000000000000e+00,4.152644822500000288e+01,-3.402950803499999921e+01,0.000000000000000000e+00,3.402950803499999921e+01
1.517519929900000086e+01,-4.144075093600000059e+01,0.000000000000000000e+00,4.144075093600000059e+01,-3.435663874600000156e+01,0.000000000000000000e+00,3.435663874600000156e+01
1.519521921900000017e+01,-4.194440655599999701e+01,0.000000000000000000e+00,4.194440655599999701e+01,-3.455825423800000351e+01,0.000000000000000000e+00,3.455825423800000351e+01
1.521523913899999947e+01,-4.276502223399999991e+01,0.000000000000000000e+00,4.276502223399999991e+01,-3.501782609100000343e+01,0.000000000000000000e+00,3.501782609100000343e+01
1.523525905900000055e+01,-4.348162923900000010e+01,0.000000000000000000e+00,4.348162923900000010e+01,-3.534483315699999650e+01,0.000000000000000000e+00,3.534483315699999650e+01
1.525527897899999985e+01,-4.490540891900000275e+01,0.000000000000000000e+00,4.490540891900000275e+01,-3.580910029599999689e+01,0.000000000000000000e+00,3.580910029599999689e+01
1.527529889899999915e+01,-4.676336900799999796e+01,0.000000000000000000e+00,4.676336900799999796e+01,-3.630502923099999890e+01,0.000000000000000000e+00,3.630502923099999890e+01
1.529531881900000023e+01,-4.588557572199999868e+01,0.000000000000000000e+00,4.588557572199999868e+01,-3.651258378400000026e+01,0.000000000000000000e+00,3.651258378400000026e+01
1.531533873899999953e+01,-4.353661211899999728e+01,0.000000000000000000e+00,4.353661211899999728e+01,-3.650569086299999810e+01,0.000000000000000000e+00,3.650569086299999810e+01
1.533535865900000061e+01,-4.192401281000000068e+01,0.000000000000000000e+00,4.192401281000000068e+01,-3.615252271699999653e+01,0.000000000000000000e+00,3.615252271699999653e+01
1.535537857899999992e+01,-3.979421363899999875e+01,0.000000000000000000e+00,3.979421363899999875e+01,-3.549115223900000160e+01,0.000000000000000000e+00,3.549115223900000160e+01
1.537539849799999914e+01,-3.788260601599999688e+01,0.000000000000000000e+00,3.788260601599999688e+01,-3.425809897599999942e+01,0.000000000000000000e+00,3.425809897599999942e+01
1.539541841800000022e+01,-3.646697695299999964e+01,0.000000000000000000e+00,3.646697695299999964e+01,-3.298683497799999742e+01,0.000000000000000000e+00,3.298683497799999742e+01
1.541543833799999952e+01,-3.562957274400000074e+01,0.000000000000000000e+00,3.562957274400000074e+01,-3.189351895300000095e+01,0.000000000000000000e+00,3.189351895300000095e+01
1.543545825800000060e+01,-3.496601789399999660e+01,0.000000000000000000e+00,3.496601789399999660e+01,-3.085379208799999873e+01,0.000000000000000000e+00,3.085379208799999873e+01
1.545547817799999990e+01,-3.423973743700000227e+01,0.000000000000000000e+00,3.423973743700000227e+01,-2.999842465600000097e+01,0.000000000000000000e+00,2.999842465600000097e+01
1.547549809799999920e+01,-3.346879781199999826e+01,0.000000000000000000e+00,3.346879781199999826e+01,-2.903426255700000169e+01,0.000000000000000000e+00,2.903426255700000169e+01
1.549551801800000028e+01,-3.298515148300000277e+01,0.000000000000000000e+00,3.298515148300000277e+01,-2.848801699699999901e+01,0.000000000000000000e+00,2.848801699699999901e+01
1.551553793799999958e+01,-3.290660786800000182e+01,0.000000000000000000e+00,3.290660786800000182e+01,-2.815320519999999860e+01,0.000000000000000000e+00,2.815320519999999860e+01
1.553555785800000066e+01,-3.233030524299999797e+01,0.000000000000000000e+00,3.233030524299999797e+01,-2.775711049199999891e+01,0.000000000000000000e+00,2.775711049199999891e+01
1.555557777799999997e+01,-3.181603614200000152e+01,0.000000000000000000e+00,3.181603614200000152e+01,-2.746929038200000051e+01,0.000000000000000000e+00,2.746929038200000051e+01
1.557559769799999927e+01,-3.162148957100000146e+01,0.000000000000000000e+00,3.162148957100000146e+01,-2.753694108899999904e+01,0.000000000000000000e+00,2.753694108899999904e+01
1.559561761800000035e+01,-3.112190966300000028e+01,0.000000000000000000e+00,3.112190966300000028e+01,-2.761266303300000047e+01,0.000000000000000000e+00,2.761266303300000047e+01
1.561563753799999965e+01,-3.085666790100000156e+01,0.000000000000000000e+00,3.085666790100000156e+01,-2.753486014099999935e+01,0.000000000000000000e+00,2.753486014099999935e+01
1.563565745700000065e+01,-3.053750134599999910e+01,0.000000000000000000e+00,3.053750134599999910e+01,-2.772073590000000110e+01,0.000000000000000000e+00,2.772073590000000110e+01
1.565567737699999995e+01,-3.025400131900000034e+01,0.000000000000000000e+00,3.025400131900000034e+01,-2.802457622500000056e+01,0.000000000000000000e+00,2.802457622500000056e+01
1.567569729699999925e+01,-3.021025716999999844e+01,0.000000000000000000e+00,3.021025716999999844e+01,-2.821924583699999900e+01,0.000000000000000000e+00,2.821924583699999900e+01
1.569571721700000033e+01,-3.005098131400000128e+01,0.000000000000000000e+00,3.005098131400000128e+01,-2.851020862900000097e+01,0.000000000000000000e+00,2.851020862900000097e+01
1.571573713699999963e+01,-2.997674453300000152e+01,0.000000000000000000e+00,2.997674453300000152e+01,-2.866329071199999845e+01,0.000000000000000000e+00,2.866329071199999845e+01
1.573575705700000071e+01,-3.018538975199999896e+01,0.000000000000000000e+00,3.018538975199999896e+01,-2.854141627699999972e+01,0.000000000000000000e+00,2.854141627699999972e+01
1.575577697700000002e+01,-3.062912712600000020e+01,0.000000000000000000e+00,3.062912712600000020e+01,-2.829115229099999951e+01,0.000000000000000000e+00,2.829115229099999951e+01
1.577579689699999932e+01,-3.081320987799999855e+01,0.000000000000000000e+00,3.081320987799999855e+01,-2.810884383400000175e+01,0.000000000000000000e+00,2.810884383400000175e+01
1.579581681700000040e+01,-3.103115068199999982e+01,0.000000000000000000e+00,3.103115068199999982e+01,-2.775573272200000119e+01,0.000000000000000000e+00,2.775573272200000119e+01
1.581583673699999970e+01,-3.170812708200000074e+01,0.000000000000000000e+00,3.170812708200000074e+01,-2.749696768500000132e+01,0.000000000000000000e+00,2.749696768500000132e+01
1.583585665700000078e+01,-3.208053659899999843e+01,0.000000000000000000e+00,3.208053659899999843e+01,-2.747518623199999865e+01,0.000000000000000000e+00,2.747518623199999865e+01
1.585587657700000008e+01,-3.199274693899999988e+01,0.000000000000000000e+00,3.199274693899999988e+01,-2.751264287000000053e+01,0.000000000000000000e+00,2.751264287000000053e+01
1.587589649599999930e+01,-3.203590795299999883e+01,0.000000000000000000e+00,3.203590795299999883e+01,-2.773627384299999932e+01,0.000000000000000000e+00,2.773627384299999932e+01
1.589591641600000038e+01,-3.193433928199999983e+01,0.000000000000000000e+00,3.193433928199999983e+01,-2.802666972999999828e+01,0.000000000000000000e+00,2.802666972999999828e+01
1.591593633599999968e+01,-3.152377363900000162e+01,0.000000000000000000e+00,3.152377363900000162e+01,-2.826041556799999910e+01,0.000000000000000000e+00,2.826041556799999910e+01
1.593595625600000076e+01,-3.123997898400000039e+01,0.000000000000000000e+00,3.123997898400000039e+01,-2.863192614900000166e+01,0.000000000000000000e+00,2.863192614900000166e+01
1.595597617600000007e+01,-3.114024183400000112e+01,0.000000000000000000e+00,3.114024183400000112e+01,-2.916138128800000118e+01,0.000000000000000000e+00,2.916138128800000118e+01
1.597599609599999937e+01,-3.116478922199999957e+01,0.000000000000000000e+00,3.116478922199999957e+01,-2.933550753700000158e+01,0.000000000000000000e+00,2.933550753700000158e+01
1.599601601600000045e+01,-3.113904071900000048e+01,0.000000000000000000e+00,3.113904071900000048e+01,-2.968113573999999844e+01,0.000000000000000000e+00,2.968113573999999844e+01
1.601603593600000153e+01,-3.119183188999999956e+01,0.000000000000000000e+00,3.119183188999999956e+01,-2.999432081400000172e+01,0.000000000000000000e+00,2.999432081400000172e+01
1.603605585600000083e+01,-3.122160363600000110e+01,0.000000000000000000e+00,3.122160363600000110e+01,-2.993454363300000054e+01,0.000000000000000000e+00,2.993454363300000054e+01
1.605607577600000013e+01,-3.100690636099999864e+01,0.000000000000000000e+00,3.100690636099999864e+01,-2.973978450699999954e+01,0.000000000000000000e+00,2.973978450699999954e+01
1.607609569599999944e+01,-3.064217678500000019e+01,0.000000000000000000e+00,3.064217678500000019e+01,-2.956952952600000017e+01,0.000000000000000000e+00,2.956952952600000017e+01
1.609611561599999874e+01,-2.999038765199999901e+01,0.000000000000000000e+00,2.999038765199999901e+01,-2.925105801899999847e+01,0.000000000000000000e+00,2.925105801899999847e+01
1.611613553600000159e+01,-2.943629820099999961e+01,0.000000000000000000e+00,2.943629820099999961e+01,-2.878240129599999975e+01,0.000000000000000000e+00,2.878240129599999975e+01
1.613615545500000081e+01,-2.901081823000000171e+01,0.000000000000000000e+00,2.901081823000000171e+01,-2.854336716299999921e+01,0.000000000000000000e+00,2.854336716299999921e+01
1.615617537500000012e+01,-2.858109968600000173e+01,0.000000000000000000e+00,2.858109968600000173e+01,-2.828157536799999860e+01,0.000000000000000000e+00,2.828157536799999860e+01
1.617619529499999942e+01,-2.820910640500000000e+01,0.000000000000000000e+00,2.820910640500000000e+01,-2.797308658100000045e+01,0.000000000000000000e+00,2.797308658100000045e+01
1.619621521499999872e+01,-2.801416295699999992e+01,0.000000000000000000e+00,2.801416295699999992e+01,-2.775658632100000034e+01,0.000000000000000000e+00,2.775658632100000034e+01
1.621623513500000158e+01,-2.786665668999999923e+01,0.000000000000000000e+00,2.786665668999999923e+01,-2.753408404199999993e+01,0.000000000000000000e+00,2.753408404199999993e+01
1.623625505500000088e+01,-2.782719361399999869e+01,0.000000000000000000e+00,2.782719361399999869e+01,-2.732058968400000154e+01,0.000000000000000000e+00,2.732058968400000154e+01
1.625627497500000018e+01,-2.801684968900000072e+01,0.000000000000000000e+00,2.801684968900000072e+01,-2.724387357299999834e+01,0.000000000000000000e+00,2.724387357299999834e+01
1.627629489499999949e+01,-2.828740883400000072e+01,0.000000000000000000e+00,2.828740883400000072e+01,-2.730101169599999977e+01,0.000000000000000000e+00,2.730101169599999977e+01
1.629631481499999879e+01,-2.902632647100000085e+01,0.000000000000000000e+00,2.902632647100000085e+01,-2.791889488600000035e+01,0.000000000000000000e+00,2.791889488600000035e+01
1.631633473500000164e+01,-3.082000972599999855e+01,0.000000000000000000e+00,3.082000972599999855e+01,-3.029765994399999940e+01,0.000000000000000000e+00,3.029765994399999940e+01
1.633635465500000095e+01,-3.209922093800000198e+01,0.000000000000000000e+00,3.209922093800000198e+01,-3.387606138000000300e+01,0.000000000000000000e+00,3.387606138000000300e+01
1.635637457500000025e+01,-3.173963505400000074e+01,0.000000000000000000e+00,3.173963505400000074e+01,-3.432126911400000324e+01,0.000000000000000000e+00,3.432126911400000324e+01
1.637639449399999947e+01,-3.133918553000000173e+01,0.000000000000000000e+00,3.133918553000000173e+01,-3.400939402600000250e+01,0.000000000000000000e+00,3.400939402600000250e+01
1.639641441399999877e+01,-3.115491682500000081e+01,0.000000000000000000e+00,3.115491682500000081e+01,-3.322951600799999738e+01,0.000000000000000000e+00,3.322951600799999738e+01
1.641643433400000163e+01,-3.073503025699999824e+01,0.000000000000000000e+00,3.073503025699999824e+01,-3.233826475699999747e+01,0.000000000000000000e+00,3.233826475699999747e+01
1.643645425400000093e+01,-3.030767264900000058e+01,0.000000000000000000e+00,3.030767264900000058e+01,-3.100896888200000134e+01,0.000000000000000000e+00,3.100896888200000134e+01
1.645647417400000023e+01,-2.950217607600000136e+01,0.000000000000000000e+00,2.950217607600000136e+01,-2.981709758799999932e+01,0.000000000000000000e+00,2.981709758799999932e+01
1.647649409399999954e+01,-2.894498260099999953e+01,0.000000000000000000e+00,2.894498260099999953e+01,-2.899911585199999919e+01,0.000000000000000000e+00,2.899911585199999919e+01
1.649651401399999884e+01,-2.851066086399999833e+01,0.000000000000000000e+00,2.851066086399999833e+01,-2.869014814499999844e+01,0.000000000000000000e+00,2.869014814499999844e+01
1.651653393400000169e+01,-2.841988195300000086e+01,0.000000000000000000e+00,2.841988195300000086e+01,-2.868548003300000104e+01,0.000000000000000000e+00,2.868548003300000104e+01
1.653655385400000100e+01,-2.842806648899999900e+01,0.000000000000000000e+00,2.842806648899999900e+01,-2.836043419599999993e+01,0.000000000000000000e+00,2.836043419599999993e+01
1.655657377400000030e+01,-2.820317134000000081e+01,0.000000000000000000e+00,2.820317134000000081e+01,-2.741539524399999905e+01,0.000000000000000000e+00,2.741539524399999905e+01
1.657659369399999960e+01,-2.780399328600000075e+01,0.000000000000000000e+00,2.780399328600000075e+01,-2.648161682699999986e+01,0.000000000000000000e+00,2.648161682699999986e+01
1.659661361399999890e+01,-2.728112494000000154e+01,0.000000000000000000e+00,2.728112494000000154e+01,-2.540445383599999829e+01,0.000000000000000000e+00,2.540445383599999829e+01
1.661663353400000176e+01,-2.660710985900000125e+01,0.000000000000000000e+00,2.660710985900000125e+01,-2.456416025900000122e+01,0.000000000000000000e+00,2.456416025900000122e+01
1.663665345300000098e+01,-2.589545274099999972e+01,0.000000000000000000e+00,2.589545274099999972e+01,-2.404498965399999832e+01,0.000000000000000000e+00,2.404498965399999832e+01
1.665667337300000028e+01,-2.546061509200000117e+01,0.000000000000000000e+00,2.546061509200000117e+01,-2.381826256900000160e+01,0.000000000000000000e+00,2.381826256900000160e+01
1.667669329299999958e+01,-2.507512328700000026e+01,0.000000000000000000e+00,2.507512328700000026e+01,-2.359339600099999856e+01,0.000000000000000000e+00,2.359339600099999856e+01
1.669671321299999889e+01,-2.495500236299999841e+01,0.000000000000000000e+00,2.495500236299999841e+01,-2.366908674500000132e+01,0.000000000000000000e+00,2.366908674500000132e+01
1.671673313300000174e+01,-2.476044394499999868e+01,0.000000000000000000e+00,2.476044394499999868e+01,-2.385695393900000028e+01,0.000000000000000000e+00,2.385695393900000028e+01
1.673675305300000105e+01,-2.473195372700000050e+01,0.000000000000000000e+00,2.473195372700000050e+01,-2.397475950700000169e+01,0.000000000000000000e+00,2.397475950700000169e+01
1.675677297300000035e+01,-2.475267378299999876e+01,0.000000000000000000e+00,2.475267378299999876e+01,-2.411444106900000151e+01,0.000000000000000000e+00,2.411444106900000151e+01
1.677679289299999965e+01,-2.468923242900000048e+01,0.000000000000000000e+00,2.468923242900000048e+01,-2.430451575200000036e+01,0.000000000000000000e+00,2.430451575200000036e+01
1.679681281299999895e+01,-2.458042400900000146e+01,0.000000000000000000e+00,2.458042400900000146e+01,-2.429773133500000171e+01,0.000000000000000000e+00,2.429773133500000171e+01
1.681683273299999826e+01,-2.463897825000000097e+01,0.000000000000000000e+00,2.463897825000000097e+01,-2.429693529000000041e+01,0.000000000000000000e+00,2.429693529000000041e+01
1.683685265300000111e+01,-2.463585724500000040e+01,0.000000000000000000e+00,2.463585724500000040e+01,-2.427052032199999942e+01,0.000000000000000000e+00,2.427052032199999942e+01
1.685687257300000041e+01,-2.473562798400000062e+01,0.000000000000000000e+00,2.473562798400000062e+01,-2.418482731099999938e+01,0.000000000000000000e+00,2.418482731099999938e+01
1.687689249199999963e+01,-2.473977064099999978e+01,0.000000000000000000e+00,2.473977064099999978e+01,-2.412851067600000121e+01,0.000000000000000000e+00,2.412851067600000121e+01
1.689691241199999894e+01,-2.469912095700000165e+01,0.000000000000000000e+00,2.469912095700000165e+01,-2.396163317099999901e+01,0.000000000000000000e+00,2.396163317099999901e+01
1.691693233199999824e+01,-2.458404522700000072e+01,0.000000000000000000e+00,2.458404522700000072e+01,-2.369600923000000137e+01,0.000000000000000000e+00,2.369600923000000137e+01
1.693695225200000110e+01,-2.445436794500000133e+01,0.000000000000000000e+00,2.445436794500000133e+01,-2.343901960099999826e+01,0.000000000000000000e+00,2.343901960099999826e+01
1.695697217200000040e+01,-2.452440913899999941e+01,0.000000000000000000e+00,2.452440913899999941e+01,-2.326743426199999831e+01,0.000000000000000000e+00,2.326743426199999831e+01
1.697699209199999970e+01,-2.445999994399999977e+01,0.000000000000000000e+00,2.445999994399999977e+01,-2.298993153300000003e+01,0.000000000000000000e+00,2.298993153300000003e+01
1.699701201199999900e+01,-2.445717078799999911e+01,0.000000000000000000e+00,2.445717078799999911e+01,-2.281191128100000043e+01,0.000000000000000000e+00,2.281191128100000043e+01
1.701703193199999831e+01,-2.471670160600000088e+01,0.000000000000000000e+00,2.471670160600000088e+01,-2.270862280900000130e+01,0.000000000000000000e+00,2.270862280900000130e+01
1.703705185200000116e+01,-2.492707754499999950e+01,0.000000000000000000e+00,2.492707754499999950e+01,-2.258669288400000141e+01,0.000000000000000000e+00,2.258669288400000141e+01
1.705707177200000046e+01,-2.516894725699999924e+01,0.000000000000000000e+00,2.516894725699999924e+01,-2.250867382399999883e+01,0.000000000000000000e+00,2.250867382399999883e+01
1.707709169199999977e+01,-2.563835508000000019e+01,0.000000000000000000e+00,2.563835508000000019e+01,-2.253069773200000014e+01,0.000000000000000000e+00,2.253069773200000014e+01
1.709711161199999907e+01,-2.620362243199999952e+01,0.000000000000000000e+00,2.620362243199999952e+01,-2.264278125499999916e+01,0.000000000000000000e+00,2.264278125499999916e+01
1.711713153199999837e+01,-2.671297484100000119e+01,0.000000000000000000e+00,2.671297484100000119e+01,-2.265551514699999913e+01,0.000000000000000000e+00,2.265551514699999913e+01
1.713715145100000115e+01,-2.717537838499999836e+01,0.000000000000000000e+00,2.717537838499999836e+01,-2.282859855899999957e+01,0.000000000000000000e+00,2.282859855899999957e+01
1.715717137100000045e+01,-2.753839998500000164e+01,0.000000000000000000e+00,2.753839998500000164e+01,-2.303933281300000147e+01,0.000000000000000000e+00,2.303933281300000147e+01
1.717719129099999975e+01,-2.751471569899999992e+01,0.000000000000000000e+00,2.751471569899999992e+01,-2.320204375699999844e+01,0.000000000000000000e+00,2.320204375699999844e+01
1.719721121099999905e+01,-2.737279546899999971e+01,0.000000000000000000e+00,2.737279546899999971e+01,-2.339672040700000011e+01,0.000000000000000000e+00,2.339672040700000011e+01
1.721723113099999836e+01,-2.701084837200000166e+01,0.000000000000000000e+00,2.701084837200000166e+01,-2.352030873000000000e+01,0.000000000000000000e+00,2.352030873000000000e+01
1.723725105100000121e+01,-2.646473811399999931e+01,0.000000000000000000e+00,2.646473811399999931e+01,-2.354599972000000108e+01,0.000000000000000000e+00,2.354599972000000108e+01
1.725727097100000051e+01,-2.586543323000000072e+01,0.000000000000000000e+00,2.586543323000000072e+01,-2.362893380199999882e+01,0.000000000000000000e+00,2.362893380199999882e+01
1.727729089099999982e+01,-2.540047721799999891e+01,0.000000000000000000e+00,2.540047721799999891e+01,-2.371015567999999973e+01,0.000000000000000000e+00,2.371015567999999973e+01
1.729731081099999912e+01,-2.490069066199999881e+01,0.000000000000000000e+00,2.490069066199999881e+01,-2.371640185300000070e+01,0.000000000000000000e+00,2.371640185300000070e+01
1.731733073099999842e+01,-2.452709675399999867e+01,0.000000000000000000e+00,2.452709675399999867e+01,-2.376835008100000124e+01,0.000000000000000000e+00,2.376835008100000124e+01
1.733735065100000128e+01,-2.420621344999999991e+01,0.000000000000000000e+00,2.420621344999999991e+01,-2.372430804600000087e+01,0.000000000000000000e+00,2.372430804600000087e+01
1.735737057100000058e+01,-2.376444478599999854e+01,0.000000000000000000e+00,2.376444478599999854e+01,-2.354724896500000142e+01,0.000000000000000000e+00,2.354724896500000142e+01
1.737739048999999980e+01,-2.326141927899999828e+01,0.000000000000000000e+00,2.326141927899999828e+01,-2.346627149800000112e+01,0.000000000000000000e+00,2.346627149800000112e+01
1.739741040999999910e+01,-2.286680150999999839e+01,0.000000000000000000e+00,2.286680150999999839e+01,-2.339687144799999885e+01,0.000000000000000000e+00,2.339687144799999885e+01
1.741743032999999841e+01,-2.234426695499999838e+01,0.000000000000000000e+00,2.234426695499999838e+01,-2.322415789900000149e+01,0.000000000000000000e+00,2.322415789900000149e+01
1.743745025000000126e+01,-2.180974186399999937e+01,0.000000000000000000e+00,2.180974186399999937e+01,-2.291677127899999888e+01,0.000000000000000000e+00,2.291677127899999888e+01
1.745747017000000056e+01,-2.151947301199999885e+01,0.000000000000000000e+00,2.151947301199999885e+01,-2.279065739400000012e+01,0.000000000000000000e+00,2.279065739400000012e+01
1.747749008999999987e+01,-2.123679316799999839e+01,0.000000000000000000e+00,2.123679316799999839e+01,-2.256396967099999884e+01,0.000000000000000000e+00,2.256396967099999884e+01
1.749751000999999917e+01,-2.085519310899999823e+01,0.000000000000000000e+00,2.085519310899999823e+01,-2.221201136199999837e+01,0.000000000000000000e+00,2.221201136199999837e+01
1.751752992999999847e+01,-2.069009772600000119e+01,0.000000000000000000e+00,2.069009772600000119e+01,-2.195190948200000136e+01,0.000000000000000000e+00,2.195190948200000136e+01
1.753754985000000133e+01,-2.055304602600000052e+01,0.000000000000000000e+00,2.055304602600000052e+01,-2.187997431300000173e+01,0.000000000000000000e+00,2.187997431300000173e+01
1.755756977000000063e+01,-2.034409175500000089e+01,0.000000000000000000e+00,2.034409175500000089e+01,-2.170229056799999867e+01,0.000000000000000000e+00,2.170229056799999867e+01
1.757758968999999993e+01,-2.026875312099999960e+01,0.000000000000000000e+00,2.026875312099999960e+01,-2.145803035799999847e+01,0.000000000000000000e+00,2.145803035799999847e+01
1.759760960999999924e+01,-2.025858073699999906e+01,0.000000000000000000e+00,2.025858073699999906e+01,-2.140536665899999846e+01,0.000000000000000000e+00,2.140536665899999846e+01
1.761762952999999854e+01,-2.016435008299999865e+01,0.000000000000000000e+00,2.016435008299999865e+01,-2.129403534500000106e+01,0.000000000000000000e+00,2.129403534500000106e+01
1.763764944900000131e+01,-1.997559073400000074e+01,0.000000000000000000e+00,1.997559073400000074e+01,-2.113330275699999916e+01,0.000000000000000000e+00,2.113330275699999916e+01
1.765766936900000061e+01,-1.990720376399999836e+01,0.000000000000000000e+00,1.990720376399999836e+01,-2.113512351900000041e+01,0.000000000000000000e+00,2.113512351900000041e+01
1.767768928899999992e+01,-1.964224106900000066e+01,0.000000000000000000e+00,1.964224106900000066e+01,-2.120214346199999866e+01,0.000000000000000000e+00,2.120214346199999866e+01
1.769770920899999922e+01,-1.938341041800000042e+01,0.000000000000000000e+00,1.938341041800000042e+01,-2.121158138699999895e+01,0.000000000000000000e+00,2.121158138699999895e+01
1.771772912899999852e+01,-1.933946183799999829e+01,0.000000000000000000e+00,1.933946183799999829e+01,-2.145482411800000122e+01,0.000000000000000000e+00,2.145482411800000122e+01
1.773774904900000138e+01,-1.926318935000000110e+01,0.000000000000000000e+00,1.926318935000000110e+01,-2.171353616400000064e+01,0.000000000000000000e+00,2.171353616400000064e+01
1.775776896900000068e+01,-1.920340211699999955e+01,0.000000000000000000e+00,1.920340211699999955e+01,-2.183561684600000063e+01,0.000000000000000000e+00,2.183561684600000063e+01
1.777778888899999998e+01,-1.929221564399999878e+01,0.000000000000000000e+00,1.929221564399999878e+01,-2.212885231099999928e+01,0.000000000000000000e+00,2.212885231099999928e+01
1.779780880899999929e+01,-1.934694324199999826e+01,0.000000000000000000e+00,1.934694324199999826e+01,-2.235539473500000085e+01,0.000000000000000000e+00,2.235539473500000085e+01
1.781782872899999859e+01,-1.932884039400000020e+01,0.000000000000000000e+00,1.932884039400000020e+01,-2.240676061699999977e+01,0.000000000000000000e+00,2.240676061699999977e+01
1.783784864900000144e+01,-1.956597599799999898e+01,0.000000000000000000e+00,1.956597599799999898e+01,-2.253599201999999835e+01,0.000000000000000000e+00,2.253599201999999835e+01
1.785786856900000075e+01,-1.982779698699999926e+01,0.000000000000000000e+00,1.982779698699999926e+01,-2.261171798499999852e+01,0.000000000000000000e+00,2.261171798499999852e+01
1.787788848799999997e+01,-1.999031955199999899e+01,0.000000000000000000e+00,1.999031955199999899e+01,-2.263032880100000099e+01,0.000000000000000000e+00,2.263032880100000099e+01
1.789790840799999927e+01,-2.032909194000000142e+01,0.000000000000000000e+00,2.032909194000000142e+01,-2.263680513499999947e+01,0.000000000000000000e+00,2.263680513499999947e+01
1.791792832799999857e+01,-2.067727676699999861e+01,0.000000000000000000e+00,2.067727676699999861e+01,-2.276237423999999976e+01,0.000000000000000000e+00,2.276237423999999976e+01
1.793794824800000143e+01,-2.083074074700000011e+01,0.000000000000000000e+00,2.083074074700000011e+01,-2.273011112500000053e+01,0.000000000000000000e+00,2.273011112500000053e+01
1.795796816800000073e+01,-2.112316031399999972e+01,0.000000000000000000e+00,2.112316031399999972e+01,-2.278098672400000169e+01,0.000000000000000000e+00,2.278098672400000169e+01
1.797798808800000003e+01,-2.145352987100000064e+01,0.000000000000000000e+00,2.145352987100000064e+01,-2.301503916300000085e+01,0.000000000000000000e+00,2.301503916300000085e+01
1.799800800799999934e+01,-2.162394110600000019e+01,0.000000000000000000e+00,2.162394110600000019e+01,-2.318397607900000068e+01,0.000000000000000000e+00,2.318397607900000068e+01
1.801802792799999864e+01,-2.184945952500000033e+01,0.000000000000000000e+00,2.184945952500000033e+01,-2.348293405600000128e+01,0.000000000000000000e+00,2.348293405600000128e+01
1.803804784800000149e+01,-2.218923758400000068e+01,0.000000000000000000e+00,2.218923758400000068e+01,-2.386837586100000053e+01,0.000000000000000000e+00,2.386837586100000053e+01
1.805806776800000080e+01,-2.230923232800000022e+01,0.000000000000000000e+00,2.230923232800000022e+01,-2.402197772699999945e+01,0.000000000000000000e+00,2.402197772699999945e+01
1.807808768800000010e+01,-2.251381597800000023e+01,0.000000000000000000e+00,2.251381597800000023e+01,-2.402002271699999980e+01,0.000000000000000000e+00,2.402002271699999980e+01
1.809810760799999940e+01,-2.268884056599999965e+01,0.000000000000000000e+00,2.268884056599999965e+01,-2.401336685600000109e+01,0.000000000000000000e+00,2.401336685600000109e+01
1.811812752799999870e+01,-2.268138946199999850e+01,0.000000000000000000e+00,2.268138946199999850e+01,-2.387122263699999891e+01,0.000000000000000000e+00,2.387122263699999891e+01
1.813814744700000148e+01,-2.260848935299999951e+01,0.000000000000000000e+00,2.260848935299999951e+01,-2.362501213299999847e+01,0.000000000000000000e+00,2.362501213299999847e+01
1.815816736700000078e+01,-2.270730284200000071e+01,0.000000000000000000e+00,2.270730284200000071e+01,-2.355044880999999890e+01,0.000000000000000000e+00,2.355044880999999890e+01
1.817818728700000008e+01,-2.264916525099999944e+01,0.000000000000000000e+00,2.264916525099999944e+01,-2.341195652200000055e+01,0.000000000000000000e+00,2.341195652200000055e+01
1.819820720699999939e+01,-2.256378514300000049e+01,0.000000000000000000e+00,2.256378514300000049e+01,-2.333707778400000166e+01,0.000000000000000000e+00,2.333707778400000166e+01
1.821822712699999869e+01,-2.286511041400000011e+01,0.000000000000000000e+00,2.286511041400000011e+01,-2.358229108300000121e+01,0.000000000000000000e+00,2.358229108300000121e+01
1.823824704700000154e+01,-2.311897274700000082e+01,0.000000000000000000e+00,2.311897274700000082e+01,-2.376887748200000061e+01,0.000000000000000000e+00,2.376887748200000061e+01
1.825826696700000085e+01,-2.324391655000000156e+01,0.000000000000000000e+00,2.324391655000000156e+01,-2.386079369699999830e+01,0.000000000000000000e+00,2.386079369699999830e+01
1.827828688700000015e+01,-2.366185155599999845e+01,0.000000000000000000e+00,2.366185155599999845e+01,-2.407261834399999856e+01,0.000000000000000000e+00,2.407261834399999856e+01
1.829830680699999945e+01,-2.402185201500000034e+01,0.000000000000000000e+00,2.402185201500000034e+01,-2.442378994599999942e+01,0.000000000000000000e+00,2.442378994599999942e+01
1.831832672699999875e+01,-2.414002399800000020e+01,0.000000000000000000e+00,2.414002399800000020e+01,-2.449474970200000001e+01,0.000000000000000000e+00,2.449474970200000001e+01
1.833834664700000161e+01,-2.425376451300000014e+01,0.000000000000000000e+00,2.425376451300000014e+01,-2.461775220699999878e+01,0.000000000000000000e+00,2.461775220699999878e+01
1.835836656700000091e+01,-2.438105111799999847e+01,0.000000000000000000e+00,2.438105111799999847e+01,-2.489280370399999853e+01,0.000000000000000000e+00,2.489280370399999853e+01
1.837838648600000013e+01,-2.419147700599999951e+01,0.000000000000000000e+00,2.419147700599999951e+01,-2.491117432800000131e+01,0.000000000000000000e+00,2.491117432800000131e+01
1.839840640599999944e+01,-2.409328914800000021e+01,0.000000000000000000e+00,2.409328914800000021e+01,-2.488114344499999930e+01,0.000000000000000000e+00,2.488114344499999930e+01
1.841842632599999874e+01,-2.413689408999999841e+01,0.000000000000000000e+00,2.413689408999999841e+01,-2.516824676599999933e+01,0.000000000000000000e+00,2.516824676599999933e+01
1.843844624600000159e+01,-2.401835386000000128e+01,0.000000000000000000e+00,2.401835386000000128e+01,-2.526748007999999857e+01,0.000000000000000000e+00,2.526748007999999857e+01
1.845846616600000090e+01,-2.404768011599999866e+01,0.000000000000000000e+00,2.404768011599999866e+01,-2.527270109299999845e+01,0.000000000000000000e+00,2.527270109299999845e+01
1.847848608600000020e+01,-2.419487756399999867e+01,0.000000000000000000e+00,2.419487756399999867e+01,-2.553980644800000022e+01,0.000000000000000000e+00,2.553980644800000022e+01
1.849850600599999950e+01,-2.419184144500000144e+01,0.000000000000000000e+00,2.419184144500000144e+01,-2.567892387599999893e+01,0.000000000000000000e+00,2.567892387599999893e+01
1.851852592599999880e+01,-2.421293261099999938e+01,0.000000000000000000e+00,2.421293261099999938e+01,-2.567974607300000045e+01,0.000000000000000000e+00,2.567974607300000045e+01
1.853854584600000166e+01,-2.441913961299999869e+01,0.000000000000000000e+00,2.441913961299999869e+01,-2.579255730499999899e+01,0.000000000000000000e+00,2.579255730499999899e+01
1.855856576600000096e+01,-2.461546945199999925e+01,0.000000000000000000e+00,2.461546945199999925e+01,-2.593704124899999997e+01,0.000000000000000000e+00,2.593704124899999997e+01
1.857858568600000027e+01,-2.460309188500000133e+01,0.000000000000000000e+00,2.460309188500000133e+01,-2.579809384300000019e+01,0.000000000000000000e+00,2.579809384300000019e+01
1.859860560599999957e+01,-2.479354928100000066e+01,0.000000000000000000e+00,2.479354928100000066e+01,-2.573265417800000066e+01,0.000000000000000000e+00,2.573265417800000066e+01
1.861862552599999887e+01,-2.485824526500000076e+01,0.000000000000000000e+00,2.485824526500000076e+01,-2.564954896100000070e+01,0.000000000000000000e+00,2.564954896100000070e+01
1.863864544500000164e+01,-2.476335508300000043e+01,0.000000000000000000e+00,2.476335508300000043e+01,-2.544644385200000158e+01,0.000000000000000000e+00,2.544644385200000158e+01
1.865866536500000095e+01,-2.488873807599999921e+01,0.000000000000000000e+00,2.488873807599999921e+01,-2.524118088099999824e+01,0.000000000000000000e+00,2.524118088099999824e+01
1.867868528500000025e+01,-2.509937144799999942e+01,0.000000000000000000e+00,2.509937144799999942e+01,-2.488485200399999897e+01,0.000000000000000000e+00,2.488485200399999897e+01
1.869870520499999955e+01,-2.513301685000000063e+01,0.000000000000000000e+00,2.513301685000000063e+01,-2.447267197000000039e+01,0.000000000000000000e+00,2.447267197000000039e+01
1.871872512499999885e+01,-2.553493407599999898e+01,0.000000000000000000e+00,2.553493407599999898e+01,-2.428795191100000039e+01,0.000000000000000000e+00,2.428795191100000039e+01
1.873874504500000171e+01,-2.605288571699999878e+01,0.000000000000000000e+00,2.605288571699999878e+01,-2.422370778999999885e+01,0.000000000000000000e+00,2.422370778999999885e+01
1.875876496500000101e+01,-2.609888366999999931e+01,0.000000000000000000e+00,2.609888366999999931e+01,-2.396425989100000109e+01,0.000000000000000000e+00,2.396425989100000109e+01
1.877878488500000032e+01,-2.620214932800000085e+01,0.000000000000000000e+00,2.620214932800000085e+01,-2.384956559999999826e+01,0.000000000000000000e+00,2.384956559999999826e+01
1.879880480499999962e+01,-2.637826493000000028e+01,0.000000000000000000e+00,2.637826493000000028e+01,-2.407710475900000091e+01,0.000000000000000000e+00,2.407710475900000091e+01
1.881882472499999892e+01,-2.615923941899999861e+01,0.000000000000000000e+00,2.615923941899999861e+01,-2.418898654899999912e+01,0.000000000000000000e+00,2.418898654899999912e+01
1.883884464500000178e+01,-2.577133962899999986e+01,0.000000000000000000e+00,2.577133962899999986e+01,-2.419540784000000144e+01,0.000000000000000000e+00,2.419540784000000144e+01
1.885886456500000108e+01,-2.555808301400000104e+01,0.000000000000000000e+00,2.555808301400000104e+01,-2.444662242400000096e+01,0.000000000000000000e+00,2.444662242400000096e+01
1.887888448400000030e+01,-2.521006684199999981e+01,0.000000000000000000e+00,2.521006684199999981e+01,-2.488326155900000103e+01,0.000000000000000000e+00,2.488326155900000103e+01
1.889890440399999960e+01,-2.481836454200000119e+01,0.000000000000000000e+00,2.481836454200000119e+01,-2.510103468799999860e+01,0.000000000000000000e+00,2.510103468799999860e+01
1.891892432399999890e+01,-2.482347172000000057e+01,0.000000000000000000e+00,2.482347172000000057e+01,-2.557850756299999873e+01,0.000000000000000000e+00,2.557850756299999873e+01
1.893894424400000176e+01,-2.457966254700000164e+01,0.000000000000000000e+00,2.457966254700000164e+01,-2.627039871899999923e+01,0.000000000000000000e+00,2.627039871899999923e+01
1.895896416400000106e+01,-2.448902698999999927e+01,0.000000000000000000e+00,2.448902698999999927e+01,-2.696920650699999911e+01,0.000000000000000000e+00,2.696920650699999911e+01
1.897898408400000037e+01,-2.467711249099999904e+01,0.000000000000000000e+00,2.467711249099999904e+01,-2.789260075900000047e+01,0.000000000000000000e+00,2.789260075900000047e+01
1.899900400399999967e+01,-2.480151366300000149e+01,0.000000000000000000e+00,2.480151366300000149e+01,-2.893855502999999985e+01,0.000000000000000000e+00,2.893855502999999985e+01
1.901902392399999897e+01,-2.498314914899999906e+01,0.000000000000000000e+00,2.498314914899999906e+01,-3.028928169099999934e+01,0.000000000000000000e+00,3.028928169099999934e+01
1.903904384399999827e+01,-2.558092998800000117e+01,0.000000000000000000e+00,2.558092998800000117e+01,-3.208142554999999874e+01,0.000000000000000000e+00,3.208142554999999874e+01
1.905906376400000113e+01,-2.619069638899999930e+01,0.000000000000000000e+00,2.619069638899999930e+01,-3.397127449100000263e+01,0.000000000000000000e+00,3.397127449100000263e+01
1.907908368400000043e+01,-2.684569317000000055e+01,0.000000000000000000e+00,2.684569317000000055e+01,-3.575895045699999741e+01,0.000000000000000000e+00,3.575895045699999741e+01
1.909910360399999973e+01,-2.776273505500000027e+01,0.000000000000000000e+00,2.776273505500000027e+01,-3.851595008900000039e+01,0.000000000000000000e+00,3.851595008900000039e+01
1.911912352399999904e+01,-2.898212887200000054e+01,0.000000000000000000e+00,2.898212887200000054e+01,-4.024914219800000126e+01,0.000000000000000000e+00,4.024914219800000126e+01
1.913914344299999826e+01,-2.986191045600000038e+01,0.000000000000000000e+00,2.986191045600000038e+01,-3.977863530500000167e+01,0.000000000000000000e+00,3.977863530500000167e+01
1.915916336300000111e+01,-3.129585105399999989e+01,0.000000000000000000e+00,3.129585105399999989e+01,-3.834145760500000222e+01,0.000000000000000000e+00,3.834145760500000222e+01
1.917918328300000042e+01,-3.317109758099999794e+01,0.000000000000000000e+00,3.317109758099999794e+01,-3.618247343800000237e+01,0.000000000000000000e+00,3.618247343800000237e+01
1.919920320299999972e+01,-3.482740647800000033e+01,0.000000000000000000e+00,3.482740647800000033e+01,-3.364489844199999879e+01,0.000000000000000000e+00,3.364489844199999879e+01
1.921922312299999902e+01,-3.682143606000000347e+01,0.000000000000000000e+00,3.682143606000000347e+01,-3.179019088300000107e+01,0.000000000000000000e+00,3.179019088300000107e+01
1.923924304299999832e+01,-3.916154803300000253e+01,0.000000000000000000e+00,3.916154803300000253e+01,-3.071344434699999937e+01,0.000000000000000000e+00,3.071344434699999937e+01
1.925926296300000118e+01,-4.046899442699999838e+01,0.000000000000000000e+00,4.046899442699999838e+01,-2.933534647200000123e+01,0.000000000000000000e+00,2.933534647200000123e+01
1.927928288300000048e+01,-3.991272334800000010e+01,0.000000000000000000e+00,3.991272334800000010e+01,-2.811749226899999954e+01,0.000000000000000000e+00,2.811749226899999954e+01
1.929930280299999978e+01,-3.867024239500000249e+01,0.000000000000000000e+00,3.867024239500000249e+01,-2.748886187400000125e+01,0.000000000000000000e+00,2.748886187400000125e+01
1.931932272299999909e+01,-3.720153320499999694e+01,0.000000000000000000e+00,3.720153320499999694e+01,-2.697920798099999828e+01,0.000000000000000000e+00,2.697920798099999828e+01
1.933934264299999839e+01,-3.592284232299999758e+01,0.000000000000000000e+00,3.592284232299999758e+01,-2.620767626800000016e+01,0.000000000000000000e+00,2.620767626800000016e+01
1.935936256300000124e+01,-3.534029665799999975e+01,0.000000000000000000e+00,3.534029665799999975e+01,-2.606608908400000146e+01,0.000000000000000000e+00,2.606608908400000146e+01
1.937938248200000046e+01,-3.495511791900000276e+01,0.000000000000000000e+00,3.495511791900000276e+01,-2.605192386699999929e+01,0.000000000000000000e+00,2.605192386699999929e+01
1.939940240199999977e+01,-3.442756289100000089e+01,0.000000000000000000e+00,3.442756289100000089e+01,-2.589360823100000175e+01,0.000000000000000000e+00,2.589360823100000175e+01
1.941942232199999907e+01,-3.404997947599999719e+01,0.000000000000000000e+00,3.404997947599999719e+01,-2.603572710399999934e+01,0.000000000000000000e+00,2.603572710399999934e+01
1.943944224199999837e+01,-3.374174308300000291e+01,0.000000000000000000e+00,3.374174308300000291e+01,-2.622168792600000131e+01,0.000000000000000000e+00,2.622168792600000131e+01
1.945946216200000123e+01,-3.306564865699999700e+01,0.000000000000000000e+00,3.306564865699999700e+01,-2.638754667799999964e+01,0.000000000000000000e+00,2.638754667799999964e+01
1.947948208200000053e+01,-3.232049949599999650e+01,0.000000000000000000e+00,3.232049949599999650e+01,-2.685818603899999957e+01,0.000000000000000000e+00,2.685818603899999957e+01
1.949950200199999983e+01,-3.192351624400000176e+01,0.000000000000000000e+00,3.192351624400000176e+01,-2.746502413800000042e+01,0.000000000000000000e+00,2.746502413800000042e+01
1.951952192199999914e+01,-3.152498113600000096e+01,0.000000000000000000e+00,3.152498113600000096e+01,-2.771047450000000012e+01,0.000000000000000000e+00,2.771047450000000012e+01
1.953954184199999844e+01,-3.170127635900000129e+01,0.000000000000000000e+00,3.170127635900000129e+01,-2.832064547499999918e+01,0.000000000000000000e+00,2.832064547499999918e+01
1.955956176200000129e+01,-3.218819729399999829e+01,0.000000000000000000e+00,3.218819729399999829e+01,-2.907317255399999922e+01,0.000000000000000000e+00,2.907317255399999922e+01
1.957958168200000060e+01,-3.240153530900000334e+01,0.000000000000000000e+00,3.240153530900000334e+01,-2.978040189700000084e+01,0.000000000000000000e+00,2.978040189700000084e+01
1.959960160199999990e+01,-3.235375019399999985e+01,0.000000000000000000e+00,3.235375019399999985e+01,-3.033404952200000082e+01,0.000000000000000000e+00,3.033404952200000082e+01
1.961962152199999920e+01,-3.272896186500000226e+01,0.000000000000000000e+00,3.272896186500000226e+01,-3.127048760799999982e+01,0.000000000000000000e+00,3.127048760799999982e+01
1.963964144099999842e+01,-3.256139461499999754e+01,0.000000000000000000e+00,3.256139461499999754e+01,-3.118804392099999845e+01,0.000000000000000000e+00,3.118804392099999845e+01
1.965966136100000128e+01,-3.182028839499999862e+01,0.000000000000000000e+00,3.182028839499999862e+01,-3.023140008800000089e+01,0.000000000000000000e+00,3.023140008800000089e+01
1.967968128100000058e+01,-3.083450379900000016e+01,0.000000000000000000e+00,3.083450379900000016e+01,-2.933931102900000099e+01,0.000000000000000000e+00,2.933931102900000099e+01
1.969970120099999988e+01,-2.989604003499999862e+01,0.000000000000000000e+00,2.989604003499999862e+01,-2.857167119900000074e+01,0.000000000000000000e+00,2.857167119900000074e+01
1.971972112099999919e+01,-2.890221823399999934e+01,0.000000000000000000e+00,2.890221823399999934e+01,-2.791414092100000133e+01,0.000000000000000000e+00,2.791414092100000133e+01
1.973974104099999849e+01,-2.809990535900000097e+01,0.000000000000000000e+00,2.809990535900000097e+01,-2.762540513600000125e+01,0.000000000000000000e+00,2.762540513600000125e+01
1.975976096100000134e+01,-2.712075430899999873e+01,0.000000000000000000e+00,2.712075430899999873e+01,-2.747353651799999952e+01,0.000000000000000000e+00,2.747353651799999952e+01
1.977978088100000065e+01,-2.627727202100000170e+01,0.000000000000000000e+00,2.627727202100000170e+01,-2.688152525299999951e+01,0.000000000000000000e+00,2.688152525299999951e+01
1.979980080099999995e+01,-2.585004798599999987e+01,0.000000000000000000e+00,2.585004798599999987e+01,-2.635322382300000044e+01,0.000000000000000000e+00,2.635322382300000044e+01
1.981982072099999925e+01,-2.561095224399999992e+01,0.000000000000000000e+00,2.561095224399999992e+01,-2.585741815000000088e+01,0.000000000000000000e+00,2.585741815000000088e+01
1.983984064099999856e+01,-2.517600807099999827e+01,0.000000000000000000e+00,2.517600807099999827e+01,-2.509171172599999977e+01,0.000000000000000000e+00,2.509171172599999977e+01
1.985986056100000141e+01,-2.513354793899999962e+01,0.000000000000000000e+00,2.513354793899999962e+01,-2.475401870800000026e+01,0.000000000000000000e+00,2.475401870800000026e+01
1.987988048000000063e+01,-2.507004841899999903e+01,0.000000000000000000e+00,2.507004841899999903e+01,-2.453376653899999837e+01,0.000000000000000000e+00,2.453376653899999837e+01
1.989990039999999993e+01,-2.482016154400000119e+01,0.000000000000000000e+00,2.482016154400000119e+01,-2.427885988999999967e+01,0.000000000000000000e+00,2.427885988999999967e+01
1.991992031999999924e+01,-2.467750918799999837e+01,0.000000000000000000e+00,2.467750918799999837e+01,-2.409682066499999920e+01,0.000000000000000000e+00,2.409682066499999920e+01
1.993994023999999854e+01,-2.471482438099999968e+01,0.000000000000000000e+00,2.471482438099999968e+01,-2.419350125600000112e+01,0.000000000000000000e+00,2.419350125600000112e+01
1.995996016000000139e+01,-2.440455336000000131e+01,0.000000000000000000e+00,2.440455336000000131e+01,-2.421976619100000150e+01,0.000000000000000000e+00,2.421976619100000150e+01
1.997998008000000070e+01,-2.429139299899999926e+01,0.000000000000000000e+00,2.429139299899999926e+01,-2.435737255200000106e+01,0.000000000000000000e+00,2.435737255200000106e+01
2.000000000000000000e+01,-2.438997435799999991e+01,0.000000000000000000e+00,2.438997435799999991e+01,-2.472819332099999912e+01,0.000000000000000000e+00,2.472819332099999912e+01
