freq_GHz,S21_real,S21_imag,S21_mag,S31_real,S31_imag,S31_mag
1.000000000000000048e-04,-8.816646991700000058e+01,0.000000000000000000e+00,8.816646991700000058e+01,-8.542675453500000060e+01,0.000000000000000000e+00,8.542675453500000060e+01
2.011991992000000326e-02,-9.828331335299999694e+01,0.000000000000000000e+00,9.828331335299999694e+01,-9.327605047299999796e+01,0.000000000000000000e+00,9.327605047299999796e+01
4.013983984000000366e-02,-8.899117508599999837e+01,0.000000000000000000e+00,8.899117508599999837e+01,-8.976310060599999474e+01,0.000000000000000000e+00,8.976310060599999474e+01
6.015975976000000058e-02,-9.485498535399999298e+01,0.000000000000000000e+00,9.485498535399999298e+01,-8.946009986599999309e+01,0.000000000000000000e+00,8.946009986599999309e+01
8.017967968000000445e-02,-9.849429931800000304e+01,0.000000000000000000e+00,9.849429931800000304e+01,-9.402362033100000360e+01,0.000000000000000000e+00,9.402362033100000360e+01
1.001995995999999944e-01,-9.964283621299999538e+01,0.000000000000000000e+00,9.964283621299999538e+01,-9.886562620700000537e+01,0.000000000000000000e+00,9.886562620700000537e+01
1.202195195199999983e-01,-9.900939163300000700e+01,0.000000000000000000e+00,9.900939163300000700e+01,-9.088650730199999828e+01,0.000000000000000000e+00,9.088650730199999828e+01
1.402394394400000022e-01,-9.527762252899999851e+01,0.000000000000000000e+00,9.527762252899999851e+01,-9.164127440800000102e+01,0.000000000000000000e+00,9.164127440800000102e+01
1.602593593600000199e-01,-9.482897857099999328e+01,0.000000000000000000e+00,9.482897857099999328e+01,-1.024766569899999951e+02,0.000000000000000000e+00,1.024766569899999951e+02
1.802792792800000099e-01,-9.922499834600000668e+01,0.000000000000000000e+00,9.922499834600000668e+01,-9.801965331399999570e+01,0.000000000000000000e+00,9.801965331399999570e+01
2.002991991999999999e-01,-9.482234294299999533e+01,0.000000000000000000e+00,9.482234294299999533e+01,-1.009959240200000039e+02,0.000000000000000000e+00,1.009959240200000039e+02
2.203191191200000176e-01,-9.241738789199999360e+01,0.000000000000000000e+00,9.241738789199999360e+01,-1.058381680199999977e+02,0.000000000000000000e+00,1.058381680199999977e+02
2.403390390399999799e-01,-9.211079720300000417e+01,0.000000000000000000e+00,9.211079720300000417e+01,-1.013773383099999990e+02,0.000000000000000000e+00,1.013773383099999990e+02
2.603589589599999976e-01,-8.352409842599999479e+01,0.000000000000000000e+00,8.352409842599999479e+01,-8.469009678599999802e+01,0.000000000000000000e+00,8.469009678599999802e+01
2.803788788800000154e-01,-8.997025102400000662e+01,0.000000000000000000e+00,8.997025102400000662e+01,-9.832366665399999306e+01,0.000000000000000000e+00,9.832366665399999306e+01
3.003987988000000331e-01,-8.672455589199999793e+01,0.000000000000000000e+00,8.672455589199999793e+01,-9.768903029899999524e+01,0.000000000000000000e+00,9.768903029899999524e+01
3.204187187200000508e-01,-1.050727797699999968e+02,0.000000000000000000e+00,1.050727797699999968e+02,-1.019980262299999936e+02,0.000000000000000000e+00,1.019980262299999936e+02
3.404386386400000131e-01,-9.615619779200000039e+01,0.000000000000000000e+00,9.615619779200000039e+01,-8.898423355100000265e+01,0.000000000000000000e+00,8.898423355100000265e+01
3.604585585599999753e-01,-8.564130660300000386e+01,0.000000000000000000e+00,8.564130660300000386e+01,-8.959010519699999975e+01,0.000000000000000000e+00,8.959010519699999975e+01
3.804784784799999930e-01,-9.155697969700000272e+01,0.000000000000000000e+00,9.155697969700000272e+01,-9.710042224900000463e+01,0.000000000000000000e+00,9.710042224900000463e+01
4.004983983999999553e-01,-1.144010167800000062e+02,0.000000000000000000e+00,1.144010167800000062e+02,-9.351541144700000530e+01,0.000000000000000000e+00,9.351541144700000530e+01
4.205183183199999730e-01,-8.999907441000000574e+01,0.000000000000000000e+00,8.999907441000000574e+01,-9.448470855899999776e+01,0.000000000000000000e+00,9.448470855899999776e+01
4.405382382399999908e-01,-9.060788474899999301e+01,0.000000000000000000e+00,9.060788474899999301e+01,-9.826770916499999942e+01,0.000000000000000000e+00,9.826770916499999942e+01
4.605581581600000085e-01,-9.471137609500000565e+01,0.000000000000000000e+00,9.471137609500000565e+01,-9.080759418700000651e+01,0.000000000000000000e+00,9.080759418700000651e+01
4.805780780799999707e-01,-9.666700089399999740e+01,0.000000000000000000e+00,9.666700089399999740e+01,-1.179092792200000019e+02,0.000000000000000000e+00,1.179092792200000019e+02
5.005979980000000440e-01,-1.007828649899999931e+02,0.000000000000000000e+00,1.007828649899999931e+02,-8.911320372400000167e+01,0.000000000000000000e+00,8.911320372400000167e+01
5.206179179200000062e-01,-8.687102251800000374e+01,0.000000000000000000e+00,8.687102251800000374e+01,-9.160442710399999555e+01,0.000000000000000000e+00,9.160442710399999555e+01
5.406378378400000795e-01,-9.892398710899999514e+01,0.000000000000000000e+00,9.892398710899999514e+01,-8.282764732500000093e+01,0.000000000000000000e+00,8.282764732500000093e+01
5.606577577600000417e-01,-8.551691141000000584e+01,0.000000000000000000e+00,8.551691141000000584e+01,-8.315656015700000125e+01,0.000000000000000000e+00,8.315656015700000125e+01
5.806776776799998929e-01,-8.142529332700000566e+01,0.000000000000000000e+00,8.142529332700000566e+01,-8.401817079999999294e+01,0.000000000000000000e+00,8.401817079999999294e+01
6.006975976000000772e-01,-8.087873788699999977e+01,0.000000000000000000e+00,8.087873788699999977e+01,-8.048285074899999358e+01,0.000000000000000000e+00,8.048285074899999358e+01
6.207175175199999284e-01,-8.365765998300000206e+01,0.000000000000000000e+00,8.365765998300000206e+01,-8.019587636999999347e+01,0.000000000000000000e+00,8.019587636999999347e+01
6.407374374400001127e-01,-7.478798809699999595e+01,0.000000000000000000e+00,7.478798809699999595e+01,-7.664176189600000555e+01,0.000000000000000000e+00,7.664176189600000555e+01
6.607573573599999639e-01,-7.519790519400000051e+01,0.000000000000000000e+00,7.519790519400000051e+01,-7.562576560600000164e+01,0.000000000000000000e+00,7.562576560600000164e+01
6.807772772799999261e-01,-7.123873428500000671e+01,0.000000000000000000e+00,7.123873428500000671e+01,-6.999960552400000324e+01,0.000000000000000000e+00,6.999960552400000324e+01
7.007971971999999994e-01,-6.935231594500000085e+01,0.000000000000000000e+00,6.935231594500000085e+01,-6.773195133500000509e+01,0.000000000000000000e+00,6.773195133500000509e+01
7.208171171199999616e-01,-6.751599001300000680e+01,0.000000000000000000e+00,6.751599001300000680e+01,-6.651675134900000330e+01,0.000000000000000000e+00,6.651675134900000330e+01
7.408370370399999238e-01,-6.587916236300000605e+01,0.000000000000000000e+00,6.587916236300000605e+01,-6.335273881999999901e+01,0.000000000000000000e+00,6.335273881999999901e+01
7.608569569599999971e-01,-6.466275759799999889e+01,0.000000000000000000e+00,6.466275759799999889e+01,-6.208993600899999876e+01,0.000000000000000000e+00,6.208993600899999876e+01
7.808768768799999593e-01,-6.307450199499999854e+01,0.000000000000000000e+00,6.307450199499999854e+01,-6.098308321100000029e+01,0.000000000000000000e+00,6.098308321100000029e+01
8.008967967999999216e-01,-6.176634303699999862e+01,0.000000000000000000e+00,6.176634303699999862e+01,-5.962408152799999783e+01,0.000000000000000000e+00,5.962408152799999783e+01
8.209167167199999948e-01,-6.019616228999999663e+01,0.000000000000000000e+00,6.019616228999999663e+01,-5.900043170899999723e+01,0.000000000000000000e+00,5.900043170899999723e+01
8.409366366399999571e-01,-5.845066040199999691e+01,0.000000000000000000e+00,5.845066040199999691e+01,-5.765492757100000176e+01,0.000000000000000000e+00,5.765492757100000176e+01
8.609565565599999193e-01,-5.696377986499999935e+01,0.000000000000000000e+00,5.696377986499999935e+01,-5.554701940000000349e+01,0.000000000000000000e+00,5.554701940000000349e+01
8.809764764799999925e-01,-5.561926627799999778e+01,0.000000000000000000e+00,5.561926627799999778e+01,-5.344160667900000306e+01,0.000000000000000000e+00,5.344160667900000306e+01
9.009963963999999548e-01,-5.292710549099999895e+01,0.000000000000000000e+00,5.292710549099999895e+01,-5.099663805000000139e+01,0.000000000000000000e+00,5.099663805000000139e+01
9.210163163200000280e-01,-4.910136417199999670e+01,0.000000000000000000e+00,4.910136417199999670e+01,-4.910095282099999991e+01,0.000000000000000000e+00,4.910095282099999991e+01
9.410362362399999903e-01,-4.711433671799999701e+01,0.000000000000000000e+00,4.711433671799999701e+01,-4.672054329299999864e+01,0.000000000000000000e+00,4.672054329299999864e+01
9.610561561599999525e-01,-4.408458847299999661e+01,0.000000000000000000e+00,4.408458847299999661e+01,-4.359473976499999992e+01,0.000000000000000000e+00,4.359473976499999992e+01
9.810760760800000257e-01,-4.138158424499999910e+01,0.000000000000000000e+00,4.138158424499999910e+01,-4.113518008100000145e+01,0.000000000000000000e+00,4.113518008100000145e+01
1.001095996000000099e+00,-3.986259988900000195e+01,0.000000000000000000e+00,3.986259988900000195e+01,-3.933735966799999773e+01,0.000000000000000000e+00,3.933735966799999773e+01
1.021115915900000060e+00,-3.869523065199999934e+01,0.000000000000000000e+00,3.869523065199999934e+01,-3.850858505000000065e+01,0.000000000000000000e+00,3.850858505000000065e+01
1.041135835800000020e+00,-3.781211021600000066e+01,0.000000000000000000e+00,3.781211021600000066e+01,-3.744645045400000072e+01,0.000000000000000000e+00,3.744645045400000072e+01
1.061155755799999989e+00,-3.520240648499999736e+01,0.000000000000000000e+00,3.520240648499999736e+01,-3.601968349399999880e+01,0.000000000000000000e+00,3.601968349399999880e+01
1.081175675699999950e+00,-3.326752355899999714e+01,0.000000000000000000e+00,3.326752355899999714e+01,-3.404075465799999733e+01,0.000000000000000000e+00,3.404075465799999733e+01
1.101195595599999910e+00,-3.268319730700000036e+01,0.000000000000000000e+00,3.268319730700000036e+01,-3.359316642699999989e+01,0.000000000000000000e+00,3.359316642699999989e+01
1.121215515500000093e+00,-3.158148470800000140e+01,0.000000000000000000e+00,3.158148470800000140e+01,-3.243358123099999801e+01,0.000000000000000000e+00,3.243358123099999801e+01
1.141235435400000053e+00,-3.090634752200000079e+01,0.000000000000000000e+00,3.090634752200000079e+01,-3.130600870099999966e+01,0.000000000000000000e+00,3.130600870099999966e+01
1.161255355400000022e+00,-2.968251905500000021e+01,0.000000000000000000e+00,2.968251905500000021e+01,-3.058792822999999927e+01,0.000000000000000000e+00,3.058792822999999927e+01
1.181275275299999983e+00,-2.853003595399999881e+01,0.000000000000000000e+00,2.853003595399999881e+01,-2.862201842500000026e+01,0.000000000000000000e+00,2.862201842500000026e+01
1.201295195199999943e+00,-2.710845269200000018e+01,0.000000000000000000e+00,2.710845269200000018e+01,-2.761306727999999922e+01,0.000000000000000000e+00,2.761306727999999922e+01
1.221315115099999904e+00,-2.639470233300000146e+01,0.000000000000000000e+00,2.639470233300000146e+01,-2.667138560800000135e+01,0.000000000000000000e+00,2.667138560800000135e+01
1.241335035000000087e+00,-2.537580455100000165e+01,0.000000000000000000e+00,2.537580455100000165e+01,-2.650016812000000144e+01,0.000000000000000000e+00,2.650016812000000144e+01
1.261354955000000055e+00,-2.413329901199999838e+01,0.000000000000000000e+00,2.413329901199999838e+01,-2.497339121499999948e+01,0.000000000000000000e+00,2.497339121499999948e+01
1.281374874900000016e+00,-2.328036616600000031e+01,0.000000000000000000e+00,2.328036616600000031e+01,-2.438238621500000036e+01,0.000000000000000000e+00,2.438238621500000036e+01
1.301394794799999977e+00,-2.273611417000000046e+01,0.000000000000000000e+00,2.273611417000000046e+01,-2.298475317200000134e+01,0.000000000000000000e+00,2.298475317200000134e+01
1.321414714699999937e+00,-2.230160369800000097e+01,0.000000000000000000e+00,2.230160369800000097e+01,-2.135871785699999847e+01,0.000000000000000000e+00,2.135871785699999847e+01
1.341434634599999898e+00,-2.162168521699999957e+01,0.000000000000000000e+00,2.162168521699999957e+01,-2.039575287899999978e+01,0.000000000000000000e+00,2.039575287899999978e+01
1.361454554599999867e+00,-2.112324185900000018e+01,0.000000000000000000e+00,2.112324185900000018e+01,-1.958896299899999960e+01,0.000000000000000000e+00,1.958896299899999960e+01
1.381474474500000049e+00,-1.973721829999999855e+01,0.000000000000000000e+00,1.973721829999999855e+01,-1.898682140700000076e+01,0.000000000000000000e+00,1.898682140700000076e+01
1.401494394400000010e+00,-1.927789085399999891e+01,0.000000000000000000e+00,1.927789085399999891e+01,-1.816598399800000152e+01,0.000000000000000000e+00,1.816598399800000152e+01
1.421514314299999970e+00,-1.860305092100000124e+01,0.000000000000000000e+00,1.860305092100000124e+01,-1.732825043100000073e+01,0.000000000000000000e+00,1.732825043100000073e+01
1.441534234200000153e+00,-1.802723333699999841e+01,0.000000000000000000e+00,1.802723333699999841e+01,-1.722539548399999987e+01,0.000000000000000000e+00,1.722539548399999987e+01
1.461554154200000122e+00,-1.786665326199999981e+01,0.000000000000000000e+00,1.786665326199999981e+01,-1.725224497299999982e+01,0.000000000000000000e+00,1.725224497299999982e+01
1.481574074099999860e+00,-1.787033571599999959e+01,0.000000000000000000e+00,1.787033571599999959e+01,-1.715430605999999969e+01,0.000000000000000000e+00,1.715430605999999969e+01
1.501593994000000043e+00,-1.697617821600000099e+01,0.000000000000000000e+00,1.697617821600000099e+01,-1.673398277700000136e+01,0.000000000000000000e+00,1.673398277700000136e+01
1.521613913900000004e+00,-1.614490187099999829e+01,0.000000000000000000e+00,1.614490187099999829e+01,-1.717262243000000055e+01,0.000000000000000000e+00,1.717262243000000055e+01
1.541633833799999964e+00,-1.601186534300000019e+01,0.000000000000000000e+00,1.601186534300000019e+01,-1.741329430300000070e+01,0.000000000000000000e+00,1.741329430300000070e+01
1.561653753799999933e+00,-1.661702281099999823e+01,0.000000000000000000e+00,1.661702281099999823e+01,-1.752015290599999986e+01,0.000000000000000000e+00,1.752015290599999986e+01
1.581673673700000116e+00,-1.683221294799999868e+01,0.000000000000000000e+00,1.683221294799999868e+01,-1.713772379299999926e+01,0.000000000000000000e+00,1.713772379299999926e+01
1.601693593599999854e+00,-1.696347488199999987e+01,0.000000000000000000e+00,1.696347488199999987e+01,-1.753169698499999996e+01,0.000000000000000000e+00,1.753169698499999996e+01
1.621713513500000037e+00,-1.753621508299999832e+01,0.000000000000000000e+00,1.753621508299999832e+01,-1.778855276799999885e+01,0.000000000000000000e+00,1.778855276799999885e+01
1.641733433399999997e+00,-1.802705446399999900e+01,0.000000000000000000e+00,1.802705446399999900e+01,-1.694391779400000075e+01,0.000000000000000000e+00,1.694391779400000075e+01
1.661753353400000188e+00,-1.860542414300000047e+01,0.000000000000000000e+00,1.860542414300000047e+01,-1.657887007600000118e+01,0.000000000000000000e+00,1.657887007600000118e+01
1.681773273299999927e+00,-1.857245810399999897e+01,0.000000000000000000e+00,1.857245810399999897e+01,-1.632281335400000088e+01,0.000000000000000000e+00,1.632281335400000088e+01
1.701793193200000109e+00,-1.879389400299999835e+01,0.000000000000000000e+00,1.879389400299999835e+01,-1.609947050599999940e+01,0.000000000000000000e+00,1.609947050599999940e+01
1.721813113099999848e+00,-1.946470945600000135e+01,0.000000000000000000e+00,1.946470945600000135e+01,-1.517263177000000063e+01,0.000000000000000000e+00,1.517263177000000063e+01
1.741833033000000031e+00,-1.982247405800000095e+01,0.000000000000000000e+00,1.982247405800000095e+01,-1.510580013100000052e+01,0.000000000000000000e+00,1.510580013100000052e+01
1.761852952999999999e+00,-2.021697698299999857e+01,0.000000000000000000e+00,2.021697698299999857e+01,-1.493405347600000077e+01,0.000000000000000000e+00,1.493405347600000077e+01
1.781872872900000182e+00,-2.017695459000000113e+01,0.000000000000000000e+00,2.017695459000000113e+01,-1.422546254000000054e+01,0.000000000000000000e+00,1.422546254000000054e+01
1.801892792799999921e+00,-1.855080989800000069e+01,0.000000000000000000e+00,1.855080989800000069e+01,-1.359359538400000034e+01,0.000000000000000000e+00,1.359359538400000034e+01
1.821912712700000103e+00,-1.864911237600000149e+01,0.000000000000000000e+00,1.864911237600000149e+01,-1.312876638999999912e+01,0.000000000000000000e+00,1.312876638999999912e+01
1.841932632599999842e+00,-1.821623925100000108e+01,0.000000000000000000e+00,1.821623925100000108e+01,-1.255888983600000053e+01,0.000000000000000000e+00,1.255888983600000053e+01
1.861952552599999811e+00,-1.746115661800000041e+01,0.000000000000000000e+00,1.746115661800000041e+01,-1.255207189200000073e+01,0.000000000000000000e+00,1.255207189200000073e+01
1.881972472499999993e+00,-1.650747924299999880e+01,0.000000000000000000e+00,1.650747924299999880e+01,-1.262282311200000073e+01,0.000000000000000000e+00,1.262282311200000073e+01
1.901992392400000176e+00,-1.623747982700000136e+01,0.000000000000000000e+00,1.623747982700000136e+01,-1.301431969200000083e+01,0.000000000000000000e+00,1.301431969200000083e+01
1.922012312299999914e+00,-1.555805575499999982e+01,0.000000000000000000e+00,1.555805575499999982e+01,-1.301412163700000058e+01,0.000000000000000000e+00,1.301412163700000058e+01
1.942032232200000097e+00,-1.503094405699999925e+01,0.000000000000000000e+00,1.503094405699999925e+01,-1.307105585999999953e+01,0.000000000000000000e+00,1.307105585999999953e+01
1.962052152200000066e+00,-1.481610882200000034e+01,0.000000000000000000e+00,1.481610882200000034e+01,-1.327897503900000054e+01,0.000000000000000000e+00,1.327897503900000054e+01
1.982072072099999804e+00,-1.446769395899999999e+01,0.000000000000000000e+00,1.446769395899999999e+01,-1.334934911300000060e+01,0.000000000000000000e+00,1.334934911300000060e+01
2.002091991999999987e+00,-1.432733285399999978e+01,0.000000000000000000e+00,1.432733285399999978e+01,-1.357112614599999922e+01,0.000000000000000000e+00,1.357112614599999922e+01
2.022111911900000170e+00,-1.391211464999999947e+01,0.000000000000000000e+00,1.391211464999999947e+01,-1.342448483799999970e+01,0.000000000000000000e+00,1.342448483799999970e+01
2.042131831799999908e+00,-1.409933001499999961e+01,0.000000000000000000e+00,1.409933001499999961e+01,-1.348554470700000074e+01,0.000000000000000000e+00,1.348554470700000074e+01
2.062151751800000099e+00,-1.437143879199999930e+01,0.000000000000000000e+00,1.437143879199999930e+01,-1.365043583799999993e+01,0.000000000000000000e+00,1.365043583799999993e+01
2.082171671699999838e+00,-1.445411434500000070e+01,0.000000000000000000e+00,1.445411434500000070e+01,-1.332243852599999911e+01,0.000000000000000000e+00,1.332243852599999911e+01
2.102191591600000020e+00,-1.422106093500000057e+01,0.000000000000000000e+00,1.422106093500000057e+01,-1.314455630099999972e+01,0.000000000000000000e+00,1.314455630099999972e+01
2.122211511500000203e+00,-1.396458719500000001e+01,0.000000000000000000e+00,1.396458719500000001e+01,-1.324879501899999923e+01,0.000000000000000000e+00,1.324879501899999923e+01
2.142231431399999941e+00,-1.407911900500000080e+01,0.000000000000000000e+00,1.407911900500000080e+01,-1.322506384799999957e+01,0.000000000000000000e+00,1.322506384799999957e+01
2.162251351400000132e+00,-1.399271391199999925e+01,0.000000000000000000e+00,1.399271391199999925e+01,-1.333588814700000036e+01,0.000000000000000000e+00,1.333588814700000036e+01
2.182271271300000315e+00,-1.385042443999999939e+01,0.000000000000000000e+00,1.385042443999999939e+01,-1.333543452800000040e+01,0.000000000000000000e+00,1.333543452800000040e+01
2.202291191199999609e+00,-1.375299555199999979e+01,0.000000000000000000e+00,1.375299555199999979e+01,-1.336882946999999966e+01,0.000000000000000000e+00,1.336882946999999966e+01
2.222311111099999792e+00,-1.376839390199999968e+01,0.000000000000000000e+00,1.376839390199999968e+01,-1.343572244399999960e+01,0.000000000000000000e+00,1.343572244399999960e+01
2.242331030999999975e+00,-1.348698929400000068e+01,0.000000000000000000e+00,1.348698929400000068e+01,-1.338316116999999927e+01,0.000000000000000000e+00,1.338316116999999927e+01
2.262350951000000165e+00,-1.351221380099999969e+01,0.000000000000000000e+00,1.351221380099999969e+01,-1.311275325499999944e+01,0.000000000000000000e+00,1.311275325499999944e+01
2.282370870899999904e+00,-1.361996582999999994e+01,0.000000000000000000e+00,1.361996582999999994e+01,-1.295570214399999998e+01,0.000000000000000000e+00,1.295570214399999998e+01
2.302390790800000087e+00,-1.358462892000000011e+01,0.000000000000000000e+00,1.358462892000000011e+01,-1.284067333900000030e+01,0.000000000000000000e+00,1.284067333900000030e+01
2.322410710699999825e+00,-1.363740666800000056e+01,0.000000000000000000e+00,1.363740666800000056e+01,-1.273985732799999937e+01,0.000000000000000000e+00,1.273985732799999937e+01
2.342430630600000008e+00,-1.352287378499999981e+01,0.000000000000000000e+00,1.352287378499999981e+01,-1.294573311399999938e+01,0.000000000000000000e+00,1.294573311399999938e+01
2.362450550599999755e+00,-1.360460688500000082e+01,0.000000000000000000e+00,1.360460688500000082e+01,-1.290467243900000049e+01,0.000000000000000000e+00,1.290467243900000049e+01
2.382470470499999937e+00,-1.371061580099999944e+01,0.000000000000000000e+00,1.371061580099999944e+01,-1.319495575000000009e+01,0.000000000000000000e+00,1.319495575000000009e+01
2.402490390400000120e+00,-1.386180614400000088e+01,0.000000000000000000e+00,1.386180614400000088e+01,-1.352902177500000036e+01,0.000000000000000000e+00,1.352902177500000036e+01
2.422510310300000302e+00,-1.361216855900000056e+01,0.000000000000000000e+00,1.361216855900000056e+01,-1.370856201299999988e+01,0.000000000000000000e+00,1.370856201299999988e+01
2.442530230199999597e+00,-1.371068686399999947e+01,0.000000000000000000e+00,1.371068686399999947e+01,-1.413920028199999912e+01,0.000000000000000000e+00,1.413920028199999912e+01
2.462550150199999788e+00,-1.375763819199999993e+01,0.000000000000000000e+00,1.375763819199999993e+01,-1.441896617499999955e+01,0.000000000000000000e+00,1.441896617499999955e+01
2.482570070099999970e+00,-1.417767392899999912e+01,0.000000000000000000e+00,1.417767392899999912e+01,-1.483578178299999983e+01,0.000000000000000000e+00,1.483578178299999983e+01
2.502589990000000153e+00,-1.438853310100000016e+01,0.000000000000000000e+00,1.438853310100000016e+01,-1.514371585499999995e+01,0.000000000000000000e+00,1.514371585499999995e+01
2.522609909899999892e+00,-1.450307973800000028e+01,0.000000000000000000e+00,1.450307973800000028e+01,-1.572515423800000001e+01,0.000000000000000000e+00,1.572515423800000001e+01
2.542629829800000074e+00,-1.472231788300000055e+01,0.000000000000000000e+00,1.472231788300000055e+01,-1.593689752699999929e+01,0.000000000000000000e+00,1.593689752699999929e+01
2.562649749699999813e+00,-1.508474779700000035e+01,0.000000000000000000e+00,1.508474779700000035e+01,-1.648938518799999997e+01,0.000000000000000000e+00,1.648938518799999997e+01
2.582669669700000004e+00,-1.520895082800000075e+01,0.000000000000000000e+00,1.520895082800000075e+01,-1.703201834600000097e+01,0.000000000000000000e+00,1.703201834600000097e+01
2.602689589599999742e+00,-1.529028313000000061e+01,0.000000000000000000e+00,1.529028313000000061e+01,-1.764521657299999902e+01,0.000000000000000000e+00,1.764521657299999902e+01
2.622709509499999925e+00,-1.549655192600000042e+01,0.000000000000000000e+00,1.549655192600000042e+01,-1.808217172799999872e+01,0.000000000000000000e+00,1.808217172799999872e+01
2.642729429400000107e+00,-1.607124689400000150e+01,0.000000000000000000e+00,1.607124689400000150e+01,-1.841158317200000027e+01,0.000000000000000000e+00,1.841158317200000027e+01
2.662749349300000290e+00,-1.657018392599999856e+01,0.000000000000000000e+00,1.657018392599999856e+01,-1.858015613599999938e+01,0.000000000000000000e+00,1.858015613599999938e+01
2.682769269300000037e+00,-1.717995892700000127e+01,0.000000000000000000e+00,1.717995892700000127e+01,-1.876992124399999895e+01,0.000000000000000000e+00,1.876992124399999895e+01
2.702789189199999775e+00,-1.806671131299999900e+01,0.000000000000000000e+00,1.806671131299999900e+01,-1.894526791999999915e+01,0.000000000000000000e+00,1.894526791999999915e+01
2.722809109099999958e+00,-1.881552406200000149e+01,0.000000000000000000e+00,1.881552406200000149e+01,-1.902777300199999999e+01,0.000000000000000000e+00,1.902777300199999999e+01
2.742829029000000141e+00,-1.980095878999999925e+01,0.000000000000000000e+00,1.980095878999999925e+01,-1.924276219700000112e+01,0.000000000000000000e+00,1.924276219700000112e+01
2.762848948899999879e+00,-2.121249675600000018e+01,0.000000000000000000e+00,2.121249675600000018e+01,-1.883375749300000024e+01,0.000000000000000000e+00,1.883375749300000024e+01
2.782868868900000070e+00,-2.244291331200000172e+01,0.000000000000000000e+00,2.244291331200000172e+01,-1.890537073599999829e+01,0.000000000000000000e+00,1.890537073599999829e+01
2.802888788800000253e+00,-2.330983261600000134e+01,0.000000000000000000e+00,2.330983261600000134e+01,-1.851046584699999897e+01,0.000000000000000000e+00,1.851046584699999897e+01
2.822908708699999991e+00,-2.387929558100000094e+01,0.000000000000000000e+00,2.387929558100000094e+01,-1.806184200999999945e+01,0.000000000000000000e+00,1.806184200999999945e+01
2.842928628599999730e+00,-2.401143879600000020e+01,0.000000000000000000e+00,2.401143879600000020e+01,-1.789880221099999957e+01,0.000000000000000000e+00,1.789880221099999957e+01
2.862948548499999912e+00,-2.362230005400000010e+01,0.000000000000000000e+00,2.362230005400000010e+01,-1.770903632599999966e+01,0.000000000000000000e+00,1.770903632599999966e+01
2.882968468500000103e+00,-2.330541275999999939e+01,0.000000000000000000e+00,2.330541275999999939e+01,-1.736545553499999883e+01,0.000000000000000000e+00,1.736545553499999883e+01
2.902988388400000286e+00,-2.291776796399999938e+01,0.000000000000000000e+00,2.291776796399999938e+01,-1.701088794700000051e+01,0.000000000000000000e+00,1.701088794700000051e+01
2.923008308300000024e+00,-2.248760418099999825e+01,0.000000000000000000e+00,2.248760418099999825e+01,-1.681755772300000018e+01,0.000000000000000000e+00,1.681755772300000018e+01
2.943028228199999763e+00,-2.190960293599999886e+01,0.000000000000000000e+00,2.190960293599999886e+01,-1.651472983700000086e+01,0.000000000000000000e+00,1.651472983700000086e+01
2.963048148099999946e+00,-2.142803486400000068e+01,0.000000000000000000e+00,2.142803486400000068e+01,-1.626240986999999905e+01,0.000000000000000000e+00,1.626240986999999905e+01
2.983068068099999692e+00,-2.073678347799999955e+01,0.000000000000000000e+00,2.073678347799999955e+01,-1.608824702300000098e+01,0.000000000000000000e+00,1.608824702300000098e+01
3.003087987999999875e+00,-2.006954817700000149e+01,0.000000000000000000e+00,2.006954817700000149e+01,-1.583603008799999934e+01,0.000000000000000000e+00,1.583603008799999934e+01
3.023107907900000058e+00,-1.979153338600000112e+01,0.000000000000000000e+00,1.979153338600000112e+01,-1.550974104800000042e+01,0.000000000000000000e+00,1.550974104800000042e+01
3.043127827800000240e+00,-1.968468968299999844e+01,0.000000000000000000e+00,1.968468968299999844e+01,-1.545690191899999988e+01,0.000000000000000000e+00,1.545690191899999988e+01
3.063147747699999979e+00,-1.942057910200000137e+01,0.000000000000000000e+00,1.942057910200000137e+01,-1.530518329799999933e+01,0.000000000000000000e+00,1.530518329799999933e+01
3.083167667699999726e+00,-1.916534848099999877e+01,0.000000000000000000e+00,1.916534848099999877e+01,-1.550476825800000036e+01,0.000000000000000000e+00,1.550476825800000036e+01
3.103187587599999908e+00,-1.922496443800000065e+01,0.000000000000000000e+00,1.922496443800000065e+01,-1.566798680800000021e+01,0.000000000000000000e+00,1.566798680800000021e+01
3.123207507500000091e+00,-1.922366884799999909e+01,0.000000000000000000e+00,1.922366884799999909e+01,-1.586264518199999962e+01,0.000000000000000000e+00,1.586264518199999962e+01
3.143227427400000273e+00,-1.909084892899999986e+01,0.000000000000000000e+00,1.909084892899999986e+01,-1.601884612899999993e+01,0.000000000000000000e+00,1.601884612899999993e+01
3.163247347300000012e+00,-1.890056768099999829e+01,0.000000000000000000e+00,1.890056768099999829e+01,-1.618612659200000081e+01,0.000000000000000000e+00,1.618612659200000081e+01
3.183267267300000203e+00,-1.869300744699999939e+01,0.000000000000000000e+00,1.869300744699999939e+01,-1.619067926499999999e+01,0.000000000000000000e+00,1.619067926499999999e+01
3.203287187199999941e+00,-1.855944231100000152e+01,0.000000000000000000e+00,1.855944231100000152e+01,-1.611961680799999996e+01,0.000000000000000000e+00,1.611961680799999996e+01
3.223307107100000124e+00,-1.857447945299999859e+01,0.000000000000000000e+00,1.857447945299999859e+01,-1.615490163799999834e+01,0.000000000000000000e+00,1.615490163799999834e+01
3.243327026999999863e+00,-1.851777829199999914e+01,0.000000000000000000e+00,1.851777829199999914e+01,-1.624029850399999830e+01,0.000000000000000000e+00,1.624029850399999830e+01
3.263346946900000045e+00,-1.833816145200000136e+01,0.000000000000000000e+00,1.833816145200000136e+01,-1.648468117399999855e+01,0.000000000000000000e+00,1.648468117399999855e+01
3.283366866900000236e+00,-1.809565823799999862e+01,0.000000000000000000e+00,1.809565823799999862e+01,-1.646605447700000013e+01,0.000000000000000000e+00,1.646605447700000013e+01
3.303386786799999975e+00,-1.799716281699999954e+01,0.000000000000000000e+00,1.799716281699999954e+01,-1.642772858600000063e+01,0.000000000000000000e+00,1.642772858600000063e+01
3.323406706699999713e+00,-1.787209451400000049e+01,0.000000000000000000e+00,1.787209451400000049e+01,-1.650839962399999905e+01,0.000000000000000000e+00,1.650839962399999905e+01
3.343426626599999896e+00,-1.770813704100000052e+01,0.000000000000000000e+00,1.770813704100000052e+01,-1.655074776700000072e+01,0.000000000000000000e+00,1.655074776700000072e+01
3.363446546500000078e+00,-1.764248019700000114e+01,0.000000000000000000e+00,1.764248019700000114e+01,-1.681727299499999972e+01,0.000000000000000000e+00,1.681727299499999972e+01
3.383466466499999825e+00,-1.757370491700000059e+01,0.000000000000000000e+00,1.757370491700000059e+01,-1.718232019899999941e+01,0.000000000000000000e+00,1.718232019899999941e+01
3.403486386400000008e+00,-1.767848131599999917e+01,0.000000000000000000e+00,1.767848131599999917e+01,-1.756657421699999944e+01,0.000000000000000000e+00,1.756657421699999944e+01
3.423506306300000190e+00,-1.777299978599999974e+01,0.000000000000000000e+00,1.777299978599999974e+01,-1.798438619999999943e+01,0.000000000000000000e+00,1.798438619999999943e+01
3.443526226199999929e+00,-1.791837425099999948e+01,0.000000000000000000e+00,1.791837425099999948e+01,-1.834899540900000048e+01,0.000000000000000000e+00,1.834899540900000048e+01
3.463546146100000112e+00,-1.805335986900000123e+01,0.000000000000000000e+00,1.805335986900000123e+01,-1.862877451700000009e+01,0.000000000000000000e+00,1.862877451700000009e+01
3.483566066099999858e+00,-1.849140627999999964e+01,0.000000000000000000e+00,1.849140627999999964e+01,-1.890256686100000039e+01,0.000000000000000000e+00,1.890256686100000039e+01
3.503585986000000041e+00,-1.909421336400000158e+01,0.000000000000000000e+00,1.909421336400000158e+01,-1.926040305600000124e+01,0.000000000000000000e+00,1.926040305600000124e+01
3.523605905900000224e+00,-1.972246647100000061e+01,0.000000000000000000e+00,1.972246647100000061e+01,-1.957895896000000135e+01,0.000000000000000000e+00,1.957895896000000135e+01
3.543625825800000406e+00,-2.034265456800000038e+01,0.000000000000000000e+00,2.034265456800000038e+01,-1.954691204399999904e+01,0.000000000000000000e+00,1.954691204399999904e+01
3.563645745699999701e+00,-2.082569863999999882e+01,0.000000000000000000e+00,2.082569863999999882e+01,-1.927490883800000177e+01,0.000000000000000000e+00,1.927490883800000177e+01
3.583665665699999892e+00,-2.123576817400000039e+01,0.000000000000000000e+00,2.123576817400000039e+01,-1.899985473699999972e+01,0.000000000000000000e+00,1.899985473699999972e+01
3.603685585600000074e+00,-2.186250894899999864e+01,0.000000000000000000e+00,2.186250894899999864e+01,-1.878811822100000128e+01,0.000000000000000000e+00,1.878811822100000128e+01
3.623705505499999813e+00,-2.217184170399999843e+01,0.000000000000000000e+00,2.217184170399999843e+01,-1.847411548599999875e+01,0.000000000000000000e+00,1.847411548599999875e+01
3.643725425399999995e+00,-2.226429231199999847e+01,0.000000000000000000e+00,2.226429231199999847e+01,-1.838606250400000164e+01,0.000000000000000000e+00,1.838606250400000164e+01
3.663745345300000178e+00,-2.237306381499999830e+01,0.000000000000000000e+00,2.237306381499999830e+01,-1.854196169400000116e+01,0.000000000000000000e+00,1.854196169400000116e+01
3.683765265300000369e+00,-2.218455023099999934e+01,0.000000000000000000e+00,2.218455023099999934e+01,-1.848210430700000018e+01,0.000000000000000000e+00,1.848210430700000018e+01
3.703785185199999663e+00,-2.191766425599999835e+01,0.000000000000000000e+00,2.191766425599999835e+01,-1.841793907099999927e+01,0.000000000000000000e+00,1.841793907099999927e+01
3.723805105099999846e+00,-2.168669136200000125e+01,0.000000000000000000e+00,2.168669136200000125e+01,-1.862651037999999915e+01,0.000000000000000000e+00,1.862651037999999915e+01
3.743825025000000029e+00,-2.165483372799999984e+01,0.000000000000000000e+00,2.165483372799999984e+01,-1.871964874500000064e+01,0.000000000000000000e+00,1.871964874500000064e+01
3.763844944900000211e+00,-2.151534129699999909e+01,0.000000000000000000e+00,2.151534129699999909e+01,-1.886469213000000167e+01,0.000000000000000000e+00,1.886469213000000167e+01
3.783864864899999958e+00,-2.124507468499999874e+01,0.000000000000000000e+00,2.124507468499999874e+01,-1.876977285999999978e+01,0.000000000000000000e+00,1.876977285999999978e+01
3.803884784800000141e+00,-2.102172064100000171e+01,0.000000000000000000e+00,2.102172064100000171e+01,-1.885854807999999849e+01,0.000000000000000000e+00,1.885854807999999849e+01
3.823904704699999879e+00,-2.070691733600000006e+01,0.000000000000000000e+00,2.070691733600000006e+01,-1.916019718600000132e+01,0.000000000000000000e+00,1.916019718600000132e+01
3.843924624600000062e+00,-2.058020778699999909e+01,0.000000000000000000e+00,2.058020778699999909e+01,-1.941217803700000033e+01,0.000000000000000000e+00,1.941217803700000033e+01
3.863944544499999800e+00,-2.043154480400000139e+01,0.000000000000000000e+00,2.043154480400000139e+01,-1.981905759800000055e+01,0.000000000000000000e+00,1.981905759800000055e+01
3.883964464499999991e+00,-2.031949630800000151e+01,0.000000000000000000e+00,2.031949630800000151e+01,-2.034771993100000032e+01,0.000000000000000000e+00,2.034771993100000032e+01
3.903984384400000174e+00,-2.044313857899999931e+01,0.000000000000000000e+00,2.044313857899999931e+01,-2.056540587699999989e+01,0.000000000000000000e+00,2.056540587699999989e+01
3.924004304300000356e+00,-2.043079720700000124e+01,0.000000000000000000e+00,2.043079720700000124e+01,-2.100192295500000128e+01,0.000000000000000000e+00,2.100192295500000128e+01
3.944024224199999651e+00,-2.034115378199999924e+01,0.000000000000000000e+00,2.034115378199999924e+01,-2.135774886800000161e+01,0.000000000000000000e+00,2.135774886800000161e+01
3.964044144099999833e+00,-2.021247305300000008e+01,0.000000000000000000e+00,2.021247305300000008e+01,-2.166764889299999908e+01,0.000000000000000000e+00,2.166764889299999908e+01
3.984064064100000024e+00,-2.014002236600000018e+01,0.000000000000000000e+00,2.014002236600000018e+01,-2.196226243799999978e+01,0.000000000000000000e+00,2.196226243799999978e+01
4.004083984000000207e+00,-2.010779500399999975e+01,0.000000000000000000e+00,2.010779500399999975e+01,-2.220592458799999847e+01,0.000000000000000000e+00,2.220592458799999847e+01
4.024103903900000390e+00,-2.006843360299999901e+01,0.000000000000000000e+00,2.006843360299999901e+01,-2.215738861099999824e+01,0.000000000000000000e+00,2.215738861099999824e+01
4.044123823800000572e+00,-2.002977727700000088e+01,0.000000000000000000e+00,2.002977727700000088e+01,-2.207320104900000146e+01,0.000000000000000000e+00,2.207320104900000146e+01
4.064143743699999867e+00,-2.008250453699999838e+01,0.000000000000000000e+00,2.008250453699999838e+01,-2.183193960799999900e+01,0.000000000000000000e+00,2.183193960799999900e+01
4.084163663700000058e+00,-2.018372932700000177e+01,0.000000000000000000e+00,2.018372932700000177e+01,-2.156846487299999993e+01,0.000000000000000000e+00,2.156846487299999993e+01
4.104183583600000240e+00,-2.019582115300000069e+01,0.000000000000000000e+00,2.019582115300000069e+01,-2.101744932500000118e+01,0.000000000000000000e+00,2.101744932500000118e+01
4.124203503500000423e+00,-2.023160433299999994e+01,0.000000000000000000e+00,2.023160433299999994e+01,-2.106554627699999926e+01,0.000000000000000000e+00,2.106554627699999926e+01
4.144223423399999717e+00,-2.034811107499999849e+01,0.000000000000000000e+00,2.034811107499999849e+01,-2.089397088799999835e+01,0.000000000000000000e+00,2.089397088799999835e+01
4.164243343299999900e+00,-2.042126931099999965e+01,0.000000000000000000e+00,2.042126931099999965e+01,-2.063116282900000087e+01,0.000000000000000000e+00,2.063116282900000087e+01
4.184263263300000091e+00,-2.050729395400000143e+01,0.000000000000000000e+00,2.050729395400000143e+01,-2.040791768200000078e+01,0.000000000000000000e+00,2.040791768200000078e+01
4.204283183199999385e+00,-2.071215648000000087e+01,0.000000000000000000e+00,2.071215648000000087e+01,-2.049020433500000138e+01,0.000000000000000000e+00,2.049020433500000138e+01
4.224303103099999568e+00,-2.100286045700000059e+01,0.000000000000000000e+00,2.100286045700000059e+01,-2.016140690299999960e+01,0.000000000000000000e+00,2.016140690299999960e+01
4.244323022999999750e+00,-2.118904676700000067e+01,0.000000000000000000e+00,2.118904676700000067e+01,-2.005585897299999942e+01,0.000000000000000000e+00,2.005585897299999942e+01
4.264342942899999933e+00,-2.133941117999999904e+01,0.000000000000000000e+00,2.133941117999999904e+01,-2.017974975099999924e+01,0.000000000000000000e+00,2.017974975099999924e+01
4.284362862900000124e+00,-2.146394425600000133e+01,0.000000000000000000e+00,2.146394425600000133e+01,-1.994466881199999975e+01,0.000000000000000000e+00,1.994466881199999975e+01
4.304382782800000307e+00,-2.158753744199999858e+01,0.000000000000000000e+00,2.158753744199999858e+01,-1.977306157299999967e+01,0.000000000000000000e+00,1.977306157299999967e+01
4.324402702699999601e+00,-2.152161447499999980e+01,0.000000000000000000e+00,2.152161447499999980e+01,-1.955631263300000100e+01,0.000000000000000000e+00,1.955631263300000100e+01
4.344422622600000672e+00,-2.153972888899999916e+01,0.000000000000000000e+00,2.153972888899999916e+01,-1.934778409400000143e+01,0.000000000000000000e+00,1.934778409400000143e+01
4.364442542499999966e+00,-2.159817430900000090e+01,0.000000000000000000e+00,2.159817430900000090e+01,-1.909007897700000100e+01,0.000000000000000000e+00,1.909007897700000100e+01
4.384462462500000157e+00,-2.163114002200000030e+01,0.000000000000000000e+00,2.163114002200000030e+01,-1.889585646900000171e+01,0.000000000000000000e+00,1.889585646900000171e+01
4.404482382399999452e+00,-2.175171905599999889e+01,0.000000000000000000e+00,2.175171905599999889e+01,-1.865731377799999890e+01,0.000000000000000000e+00,1.865731377799999890e+01
4.424502302300000522e+00,-2.197301161600000086e+01,0.000000000000000000e+00,2.197301161600000086e+01,-1.852396417499999970e+01,0.000000000000000000e+00,1.852396417499999970e+01
4.444522222199999817e+00,-2.215863469700000010e+01,0.000000000000000000e+00,2.215863469700000010e+01,-1.846272095699999838e+01,0.000000000000000000e+00,1.846272095699999838e+01
4.464542142100000000e+00,-2.238669621300000045e+01,0.000000000000000000e+00,2.238669621300000045e+01,-1.825972652400000129e+01,0.000000000000000000e+00,1.825972652400000129e+01
4.484562062100000190e+00,-2.277427157700000038e+01,0.000000000000000000e+00,2.277427157700000038e+01,-1.826944455499999975e+01,0.000000000000000000e+00,1.826944455499999975e+01
4.504581982000000373e+00,-2.319219695700000017e+01,0.000000000000000000e+00,2.319219695700000017e+01,-1.814695701500000169e+01,0.000000000000000000e+00,1.814695701500000169e+01
4.524601901899999667e+00,-2.335343774900000113e+01,0.000000000000000000e+00,2.335343774900000113e+01,-1.820056924300000034e+01,0.000000000000000000e+00,1.820056924300000034e+01
4.544621821799999850e+00,-2.338297550800000124e+01,0.000000000000000000e+00,2.338297550800000124e+01,-1.817055092000000016e+01,0.000000000000000000e+00,1.817055092000000016e+01
4.564641741700000033e+00,-2.351649247799999998e+01,0.000000000000000000e+00,2.351649247799999998e+01,-1.827350188500000172e+01,0.000000000000000000e+00,1.827350188500000172e+01
4.584661661700000224e+00,-2.350268365899999878e+01,0.000000000000000000e+00,2.350268365899999878e+01,-1.835876015199999856e+01,0.000000000000000000e+00,1.835876015199999856e+01
4.604681581600000406e+00,-2.329882206699999969e+01,0.000000000000000000e+00,2.329882206699999969e+01,-1.841620663000000135e+01,0.000000000000000000e+00,1.841620663000000135e+01
4.624701501499999701e+00,-2.312321702899999920e+01,0.000000000000000000e+00,2.312321702899999920e+01,-1.857031825500000011e+01,0.000000000000000000e+00,1.857031825500000011e+01
4.644721421399999883e+00,-2.283849353100000101e+01,0.000000000000000000e+00,2.283849353100000101e+01,-1.866379909600000175e+01,0.000000000000000000e+00,1.866379909600000175e+01
4.664741341300000066e+00,-2.244871393400000059e+01,0.000000000000000000e+00,2.244871393400000059e+01,-1.866381755400000131e+01,0.000000000000000000e+00,1.866381755400000131e+01
4.684761261300000257e+00,-2.209229875300000145e+01,0.000000000000000000e+00,2.209229875300000145e+01,-1.858516463100000138e+01,0.000000000000000000e+00,1.858516463100000138e+01
4.704781181199999551e+00,-2.163262190500000060e+01,0.000000000000000000e+00,2.163262190500000060e+01,-1.868763676700000076e+01,0.000000000000000000e+00,1.868763676700000076e+01
4.724801101100000622e+00,-2.125975671899999853e+01,0.000000000000000000e+00,2.125975671899999853e+01,-1.848003328500000109e+01,0.000000000000000000e+00,1.848003328500000109e+01
4.744821020999999917e+00,-2.096568489899999932e+01,0.000000000000000000e+00,2.096568489899999932e+01,-1.839035197400000143e+01,0.000000000000000000e+00,1.839035197400000143e+01
4.764840940899999211e+00,-2.076304749199999833e+01,0.000000000000000000e+00,2.076304749199999833e+01,-1.832038055499999984e+01,0.000000000000000000e+00,1.832038055499999984e+01
4.784860860899999402e+00,-2.050100336399999890e+01,0.000000000000000000e+00,2.050100336399999890e+01,-1.817080508200000111e+01,0.000000000000000000e+00,1.817080508200000111e+01
4.804880780800000473e+00,-2.029885942599999993e+01,0.000000000000000000e+00,2.029885942599999993e+01,-1.800144863899999947e+01,0.000000000000000000e+00,1.800144863899999947e+01
4.824900700699999767e+00,-2.011034277399999937e+01,0.000000000000000000e+00,2.011034277399999937e+01,-1.792967988599999885e+01,0.000000000000000000e+00,1.792967988599999885e+01
4.844920620599999950e+00,-1.983954604699999891e+01,0.000000000000000000e+00,1.983954604699999891e+01,-1.769181263100000123e+01,0.000000000000000000e+00,1.769181263100000123e+01
4.864940540500000132e+00,-1.950423362600000132e+01,0.000000000000000000e+00,1.950423362600000132e+01,-1.750009368699999968e+01,0.000000000000000000e+00,1.750009368699999968e+01
4.884960460500000323e+00,-1.930320905499999995e+01,0.000000000000000000e+00,1.930320905499999995e+01,-1.731528483299999976e+01,0.000000000000000000e+00,1.731528483299999976e+01
4.904980380399999618e+00,-1.917727872200000050e+01,0.000000000000000000e+00,1.917727872200000050e+01,-1.726320071399999989e+01,0.000000000000000000e+00,1.726320071399999989e+01
4.925000300299999800e+00,-1.901482379999999850e+01,0.000000000000000000e+00,1.901482379999999850e+01,-1.714874818199999851e+01,0.000000000000000000e+00,1.714874818199999851e+01
4.945020220199999983e+00,-1.892051169100000152e+01,0.000000000000000000e+00,1.892051169100000152e+01,-1.694631885900000157e+01,0.000000000000000000e+00,1.694631885900000157e+01
4.965040140100000166e+00,-1.885826855599999874e+01,0.000000000000000000e+00,1.885826855599999874e+01,-1.678960032399999847e+01,0.000000000000000000e+00,1.678960032399999847e+01
4.985060060100000356e+00,-1.874478676000000021e+01,0.000000000000000000e+00,1.874478676000000021e+01,-1.691564429199999964e+01,0.000000000000000000e+00,1.691564429199999964e+01
5.005079979999999651e+00,-1.872555397700000057e+01,0.000000000000000000e+00,1.872555397700000057e+01,-1.695730635600000014e+01,0.000000000000000000e+00,1.695730635600000014e+01
5.025099899899999834e+00,-1.870632777799999857e+01,0.000000000000000000e+00,1.870632777799999857e+01,-1.694388436699999900e+01,0.000000000000000000e+00,1.694388436699999900e+01
5.045119819800000016e+00,-1.872981659899999940e+01,0.000000000000000000e+00,1.872981659899999940e+01,-1.725799484799999917e+01,0.000000000000000000e+00,1.725799484799999917e+01
5.065139739700000199e+00,-1.869775832699999896e+01,0.000000000000000000e+00,1.869775832699999896e+01,-1.757224323499999841e+01,0.000000000000000000e+00,1.757224323499999841e+01
5.085159659699999501e+00,-1.872143232000000168e+01,0.000000000000000000e+00,1.872143232000000168e+01,-1.783429138099999989e+01,0.000000000000000000e+00,1.783429138099999989e+01
5.105179579600000572e+00,-1.868000443800000099e+01,0.000000000000000000e+00,1.868000443800000099e+01,-1.827480740000000026e+01,0.000000000000000000e+00,1.827480740000000026e+01
5.125199499499999867e+00,-1.865230696800000132e+01,0.000000000000000000e+00,1.865230696800000132e+01,-1.863573395099999885e+01,0.000000000000000000e+00,1.863573395099999885e+01
5.145219419400000049e+00,-1.871508110299999927e+01,0.000000000000000000e+00,1.871508110299999927e+01,-1.903738455399999907e+01,0.000000000000000000e+00,1.903738455399999907e+01
5.165239339300000232e+00,-1.863171876899999901e+01,0.000000000000000000e+00,1.863171876899999901e+01,-1.957603892199999862e+01,0.000000000000000000e+00,1.957603892199999862e+01
5.185259259300000423e+00,-1.864031355199999851e+01,0.000000000000000000e+00,1.864031355199999851e+01,-1.999616143600000129e+01,0.000000000000000000e+00,1.999616143600000129e+01
5.205279179199999717e+00,-1.862324419500000161e+01,0.000000000000000000e+00,1.862324419500000161e+01,-2.027015368400000028e+01,0.000000000000000000e+00,2.027015368400000028e+01
5.225299099100000788e+00,-1.864071271499999938e+01,0.000000000000000000e+00,1.864071271499999938e+01,-2.094326363000000057e+01,0.000000000000000000e+00,2.094326363000000057e+01
5.245319019000000083e+00,-1.871039053100000160e+01,0.000000000000000000e+00,1.871039053100000160e+01,-2.120030838699999975e+01,0.000000000000000000e+00,2.120030838699999975e+01
5.265338938899999377e+00,-1.874761451299999848e+01,0.000000000000000000e+00,1.874761451299999848e+01,-2.154385670099999928e+01,0.000000000000000000e+00,2.154385670099999928e+01
5.285358858899999568e+00,-1.882262043700000120e+01,0.000000000000000000e+00,1.882262043700000120e+01,-2.190743806700000107e+01,0.000000000000000000e+00,2.190743806700000107e+01
5.305378778799999751e+00,-1.899097138100000137e+01,0.000000000000000000e+00,1.899097138100000137e+01,-2.230460292100000075e+01,0.000000000000000000e+00,2.230460292100000075e+01
5.325398698699999933e+00,-1.920645116700000088e+01,0.000000000000000000e+00,1.920645116700000088e+01,-2.261292484299999828e+01,0.000000000000000000e+00,2.261292484299999828e+01
5.345418618600000116e+00,-1.935974307600000088e+01,0.000000000000000000e+00,1.935974307600000088e+01,-2.291503440800000035e+01,0.000000000000000000e+00,2.291503440800000035e+01
5.365438538500000298e+00,-1.962122462299999981e+01,0.000000000000000000e+00,1.962122462299999981e+01,-2.306057559699999970e+01,0.000000000000000000e+00,2.306057559699999970e+01
5.385458458499999601e+00,-1.994194234700000123e+01,0.000000000000000000e+00,1.994194234700000123e+01,-2.323832230300000035e+01,0.000000000000000000e+00,2.323832230300000035e+01
5.405478378399999784e+00,-2.026015838200000019e+01,0.000000000000000000e+00,2.026015838200000019e+01,-2.347234507699999995e+01,0.000000000000000000e+00,2.347234507699999995e+01
5.425498298299999966e+00,-2.066723804800000153e+01,0.000000000000000000e+00,2.066723804800000153e+01,-2.337119957899999889e+01,0.000000000000000000e+00,2.337119957899999889e+01
5.445518218200000149e+00,-2.110536447899999857e+01,0.000000000000000000e+00,2.110536447899999857e+01,-2.349149754400000134e+01,0.000000000000000000e+00,2.349149754400000134e+01
5.465538138100000332e+00,-2.157899658799999898e+01,0.000000000000000000e+00,2.157899658799999898e+01,-2.359325703900000093e+01,0.000000000000000000e+00,2.359325703900000093e+01
5.485558058100000522e+00,-2.202311987199999876e+01,0.000000000000000000e+00,2.202311987199999876e+01,-2.346120753099999945e+01,0.000000000000000000e+00,2.346120753099999945e+01
5.505577977999999817e+00,-2.252030913300000137e+01,0.000000000000000000e+00,2.252030913300000137e+01,-2.364081263899999996e+01,0.000000000000000000e+00,2.364081263899999996e+01
5.525597897900000000e+00,-2.300325941099999838e+01,0.000000000000000000e+00,2.300325941099999838e+01,-2.387402617700000107e+01,0.000000000000000000e+00,2.387402617700000107e+01
5.545617817800000182e+00,-2.344529274799999996e+01,0.000000000000000000e+00,2.344529274799999996e+01,-2.398886792100000065e+01,0.000000000000000000e+00,2.398886792100000065e+01
5.565637737699999477e+00,-2.396970534300000111e+01,0.000000000000000000e+00,2.396970534300000111e+01,-2.380862553300000073e+01,0.000000000000000000e+00,2.380862553300000073e+01
5.585657657699999667e+00,-2.440833772399999901e+01,0.000000000000000000e+00,2.440833772399999901e+01,-2.404473833000000127e+01,0.000000000000000000e+00,2.404473833000000127e+01
5.605677577600000738e+00,-2.460074312400000096e+01,0.000000000000000000e+00,2.460074312400000096e+01,-2.427521870400000026e+01,0.000000000000000000e+00,2.427521870400000026e+01
5.625697497500000033e+00,-2.480875018600000104e+01,0.000000000000000000e+00,2.480875018600000104e+01,-2.417686281800000003e+01,0.000000000000000000e+00,2.417686281800000003e+01
5.645717417399999327e+00,-2.506111744600000080e+01,0.000000000000000000e+00,2.506111744600000080e+01,-2.387366838399999835e+01,0.000000000000000000e+00,2.387366838399999835e+01
5.665737337300000398e+00,-2.519307721799999911e+01,0.000000000000000000e+00,2.519307721799999911e+01,-2.382590852899999945e+01,0.000000000000000000e+00,2.382590852899999945e+01
5.685757257300000589e+00,-2.531767830100000083e+01,0.000000000000000000e+00,2.531767830100000083e+01,-2.361023573399999975e+01,0.000000000000000000e+00,2.361023573399999975e+01
5.705777177199999883e+00,-2.544936044299999978e+01,0.000000000000000000e+00,2.544936044299999978e+01,-2.300145114000000035e+01,0.000000000000000000e+00,2.300145114000000035e+01
5.725797097100000066e+00,-2.556463876100000121e+01,0.000000000000000000e+00,2.556463876100000121e+01,-2.253279802999999859e+01,0.000000000000000000e+00,2.253279802999999859e+01
5.745817017000000249e+00,-2.573198378000000019e+01,0.000000000000000000e+00,2.573198378000000019e+01,-2.235924286199999855e+01,0.000000000000000000e+00,2.235924286199999855e+01
5.765836936899999543e+00,-2.600242274600000059e+01,0.000000000000000000e+00,2.600242274600000059e+01,-2.206054786700000037e+01,0.000000000000000000e+00,2.206054786700000037e+01
5.785856856899999734e+00,-2.647831396200000142e+01,0.000000000000000000e+00,2.647831396200000142e+01,-2.156968954899999957e+01,0.000000000000000000e+00,2.156968954899999957e+01
5.805876776799999917e+00,-2.699592224399999907e+01,0.000000000000000000e+00,2.699592224399999907e+01,-2.150356078500000123e+01,0.000000000000000000e+00,2.150356078500000123e+01
5.825896696700000099e+00,-2.759567539800000091e+01,0.000000000000000000e+00,2.759567539800000091e+01,-2.130612834200000094e+01,0.000000000000000000e+00,2.130612834200000094e+01
5.845916616600000282e+00,-2.816332302600000048e+01,0.000000000000000000e+00,2.816332302600000048e+01,-2.099601022799999939e+01,0.000000000000000000e+00,2.099601022799999939e+01
5.865936536499999576e+00,-2.873300258100000093e+01,0.000000000000000000e+00,2.873300258100000093e+01,-2.085064592000000161e+01,0.000000000000000000e+00,2.085064592000000161e+01
5.885956456499999767e+00,-2.913084766900000133e+01,0.000000000000000000e+00,2.913084766900000133e+01,-2.096748964900000090e+01,0.000000000000000000e+00,2.096748964900000090e+01
5.905976376399999950e+00,-2.943207221100000126e+01,0.000000000000000000e+00,2.943207221100000126e+01,-2.111946828900000028e+01,0.000000000000000000e+00,2.111946828900000028e+01
5.925996296300000132e+00,-2.964297619099999892e+01,0.000000000000000000e+00,2.964297619099999892e+01,-2.121707669199999913e+01,0.000000000000000000e+00,2.121707669199999913e+01
5.946016216199999427e+00,-2.948102855500000175e+01,0.000000000000000000e+00,2.948102855500000175e+01,-2.141517259600000145e+01,0.000000000000000000e+00,2.141517259600000145e+01
5.966036136100000498e+00,-2.903585427899999871e+01,0.000000000000000000e+00,2.903585427899999871e+01,-2.144126939099999873e+01,0.000000000000000000e+00,2.144126939099999873e+01
5.986056056100000689e+00,-2.873584300299999938e+01,0.000000000000000000e+00,2.873584300299999938e+01,-2.150621677299999845e+01,0.000000000000000000e+00,2.150621677299999845e+01
6.006075975999999983e+00,-2.829621309299999865e+01,0.000000000000000000e+00,2.829621309299999865e+01,-2.157478245400000105e+01,0.000000000000000000e+00,2.157478245400000105e+01
6.026095895899999277e+00,-2.788312920799999972e+01,0.000000000000000000e+00,2.788312920799999972e+01,-2.150300147800000161e+01,0.000000000000000000e+00,2.150300147800000161e+01
6.046115815800000348e+00,-2.760243474500000005e+01,0.000000000000000000e+00,2.760243474500000005e+01,-2.153741367599999990e+01,0.000000000000000000e+00,2.153741367599999990e+01
6.066135735699999643e+00,-2.705597213300000092e+01,0.000000000000000000e+00,2.705597213300000092e+01,-2.152568661800000172e+01,0.000000000000000000e+00,2.152568661800000172e+01
6.086155655699999834e+00,-2.655105600599999960e+01,0.000000000000000000e+00,2.655105600599999960e+01,-2.149825522600000127e+01,0.000000000000000000e+00,2.149825522600000127e+01
6.106175575600000016e+00,-2.604945920500000156e+01,0.000000000000000000e+00,2.604945920500000156e+01,-2.145554085099999853e+01,0.000000000000000000e+00,2.145554085099999853e+01
6.126195495500000199e+00,-2.551085901600000128e+01,0.000000000000000000e+00,2.551085901600000128e+01,-2.148141766199999836e+01,0.000000000000000000e+00,2.148141766199999836e+01
6.146215415399999493e+00,-2.491213188500000086e+01,0.000000000000000000e+00,2.491213188500000086e+01,-2.142154975100000058e+01,0.000000000000000000e+00,2.142154975100000058e+01
6.166235335300000564e+00,-2.422046719300000106e+01,0.000000000000000000e+00,2.422046719300000106e+01,-2.133022230099999916e+01,0.000000000000000000e+00,2.133022230099999916e+01
6.186255255299999867e+00,-2.366256379500000051e+01,0.000000000000000000e+00,2.366256379500000051e+01,-2.135579226999999847e+01,0.000000000000000000e+00,2.135579226999999847e+01
6.206275175200000049e+00,-2.325723682799999992e+01,0.000000000000000000e+00,2.325723682799999992e+01,-2.143528245899999973e+01,0.000000000000000000e+00,2.143528245899999973e+01
6.226295095100000232e+00,-2.284310005600000082e+01,0.000000000000000000e+00,2.284310005600000082e+01,-2.142114305999999857e+01,0.000000000000000000e+00,2.142114305999999857e+01
6.246315015000000415e+00,-2.247921232499999888e+01,0.000000000000000000e+00,2.247921232499999888e+01,-2.150561004100000062e+01,0.000000000000000000e+00,2.150561004100000062e+01
6.266334934899999709e+00,-2.219287529100000000e+01,0.000000000000000000e+00,2.219287529100000000e+01,-2.178724507500000129e+01,0.000000000000000000e+00,2.178724507500000129e+01
6.286354854899999900e+00,-2.190318645400000008e+01,0.000000000000000000e+00,2.190318645400000008e+01,-2.207086428599999905e+01,0.000000000000000000e+00,2.207086428599999905e+01
6.306374774800000083e+00,-2.168802385000000044e+01,0.000000000000000000e+00,2.168802385000000044e+01,-2.234152972500000089e+01,0.000000000000000000e+00,2.234152972500000089e+01
6.326394694699999377e+00,-2.145987015300000067e+01,0.000000000000000000e+00,2.145987015300000067e+01,-2.269154542900000138e+01,0.000000000000000000e+00,2.269154542900000138e+01
6.346414614600000448e+00,-2.134733536799999953e+01,0.000000000000000000e+00,2.134733536799999953e+01,-2.306464440099999891e+01,0.000000000000000000e+00,2.306464440099999891e+01
6.366434534499999742e+00,-2.127396747999999960e+01,0.000000000000000000e+00,2.127396747999999960e+01,-2.349341098000000017e+01,0.000000000000000000e+00,2.349341098000000017e+01
6.386454454499999933e+00,-2.120396454400000152e+01,0.000000000000000000e+00,2.120396454400000152e+01,-2.388160711500000133e+01,0.000000000000000000e+00,2.388160711500000133e+01
6.406474374399999228e+00,-2.114611895299999844e+01,0.000000000000000000e+00,2.114611895299999844e+01,-2.433003839399999890e+01,0.000000000000000000e+00,2.433003839399999890e+01
6.426494294300000298e+00,-2.109635489800000130e+01,0.000000000000000000e+00,2.109635489800000130e+01,-2.457779241300000095e+01,0.000000000000000000e+00,2.457779241300000095e+01
6.446514214199999593e+00,-2.110713623799999894e+01,0.000000000000000000e+00,2.110713623799999894e+01,-2.486283112799999984e+01,0.000000000000000000e+00,2.486283112799999984e+01
6.466534134100000664e+00,-2.107107798999999915e+01,0.000000000000000000e+00,2.107107798999999915e+01,-2.519536991100000023e+01,0.000000000000000000e+00,2.519536991100000023e+01
6.486554054099999966e+00,-2.112765889399999963e+01,0.000000000000000000e+00,2.112765889399999963e+01,-2.531414096800000024e+01,0.000000000000000000e+00,2.531414096800000024e+01
6.506573974000000149e+00,-2.118939510799999937e+01,0.000000000000000000e+00,2.118939510799999937e+01,-2.529478095600000032e+01,0.000000000000000000e+00,2.529478095600000032e+01
6.526593893899999443e+00,-2.121836643900000041e+01,0.000000000000000000e+00,2.121836643900000041e+01,-2.517693909999999846e+01,0.000000000000000000e+00,2.517693909999999846e+01
6.546613813800000514e+00,-2.121072682400000176e+01,0.000000000000000000e+00,2.121072682400000176e+01,-2.500798417400000062e+01,0.000000000000000000e+00,2.500798417400000062e+01
6.566633733699999809e+00,-2.124100844499999852e+01,0.000000000000000000e+00,2.124100844499999852e+01,-2.462207582199999933e+01,0.000000000000000000e+00,2.462207582199999933e+01
6.586653653700000000e+00,-2.129209111600000170e+01,0.000000000000000000e+00,2.129209111600000170e+01,-2.438443221300000019e+01,0.000000000000000000e+00,2.438443221300000019e+01
6.606673573600000182e+00,-2.128034471899999858e+01,0.000000000000000000e+00,2.128034471899999858e+01,-2.417286520300000063e+01,0.000000000000000000e+00,2.417286520300000063e+01
6.626693493500000365e+00,-2.130542340199999884e+01,0.000000000000000000e+00,2.130542340199999884e+01,-2.406803749599999875e+01,0.000000000000000000e+00,2.406803749599999875e+01
6.646713413399999659e+00,-2.134414097599999849e+01,0.000000000000000000e+00,2.134414097599999849e+01,-2.394881421699999891e+01,0.000000000000000000e+00,2.394881421699999891e+01
6.666733333299999842e+00,-2.142820983800000079e+01,0.000000000000000000e+00,2.142820983800000079e+01,-2.387080269699999846e+01,0.000000000000000000e+00,2.387080269699999846e+01
6.686753253300000033e+00,-2.152613582000000036e+01,0.000000000000000000e+00,2.152613582000000036e+01,-2.383409298400000154e+01,0.000000000000000000e+00,2.383409298400000154e+01
6.706773173200000215e+00,-2.166750954200000123e+01,0.000000000000000000e+00,2.166750954200000123e+01,-2.387989321699999934e+01,0.000000000000000000e+00,2.387989321699999934e+01
6.726793093100000398e+00,-2.187566107099999968e+01,0.000000000000000000e+00,2.187566107099999968e+01,-2.394817589699999871e+01,0.000000000000000000e+00,2.394817589699999871e+01
6.746813012999999692e+00,-2.204867600600000088e+01,0.000000000000000000e+00,2.204867600600000088e+01,-2.381244138399999954e+01,0.000000000000000000e+00,2.381244138399999954e+01
6.766832932899999875e+00,-2.227451343799999961e+01,0.000000000000000000e+00,2.227451343799999961e+01,-2.384952540600000148e+01,0.000000000000000000e+00,2.384952540600000148e+01
6.786852852899999178e+00,-2.256815880399999941e+01,0.000000000000000000e+00,2.256815880399999941e+01,-2.377062242199999886e+01,0.000000000000000000e+00,2.377062242199999886e+01
6.806872772800000249e+00,-2.285013669199999953e+01,0.000000000000000000e+00,2.285013669199999953e+01,-2.390669054099999968e+01,0.000000000000000000e+00,2.390669054099999968e+01
6.826892692699999543e+00,-2.318488165000000123e+01,0.000000000000000000e+00,2.318488165000000123e+01,-2.400485921499999975e+01,0.000000000000000000e+00,2.400485921499999975e+01
6.846912612600000614e+00,-2.367109002899999837e+01,0.000000000000000000e+00,2.367109002899999837e+01,-2.397139707699999889e+01,0.000000000000000000e+00,2.397139707699999889e+01
6.866932532499999908e+00,-2.402171441799999840e+01,0.000000000000000000e+00,2.402171441799999840e+01,-2.410451824300000112e+01,0.000000000000000000e+00,2.410451824300000112e+01
6.886952452500000099e+00,-2.446522904400000087e+01,0.000000000000000000e+00,2.446522904400000087e+01,-2.410960339600000069e+01,0.000000000000000000e+00,2.410960339600000069e+01
6.906972372399999394e+00,-2.480119218800000169e+01,0.000000000000000000e+00,2.480119218800000169e+01,-2.393801740800000033e+01,0.000000000000000000e+00,2.393801740800000033e+01
6.926992292300000464e+00,-2.504550556299999897e+01,0.000000000000000000e+00,2.504550556299999897e+01,-2.383684854199999847e+01,0.000000000000000000e+00,2.383684854199999847e+01
6.947012212199999759e+00,-2.534483426699999953e+01,0.000000000000000000e+00,2.534483426699999953e+01,-2.361281850499999990e+01,0.000000000000000000e+00,2.361281850499999990e+01
6.967032132099999941e+00,-2.551056566800000169e+01,0.000000000000000000e+00,2.551056566800000169e+01,-2.324613927500000088e+01,0.000000000000000000e+00,2.324613927500000088e+01
6.987052052100000132e+00,-2.554854303999999843e+01,0.000000000000000000e+00,2.554854303999999843e+01,-2.306528790699999831e+01,0.000000000000000000e+00,2.306528790699999831e+01
7.007071972000000315e+00,-2.552332267899999962e+01,0.000000000000000000e+00,2.552332267899999962e+01,-2.284130376899999959e+01,0.000000000000000000e+00,2.284130376899999959e+01
7.027091891899999609e+00,-2.564252231500000079e+01,0.000000000000000000e+00,2.564252231500000079e+01,-2.263634929299999854e+01,0.000000000000000000e+00,2.263634929299999854e+01
7.047111811799999792e+00,-2.572555502000000160e+01,0.000000000000000000e+00,2.572555502000000160e+01,-2.259000453199999825e+01,0.000000000000000000e+00,2.259000453199999825e+01
7.067131731699999975e+00,-2.580232209600000104e+01,0.000000000000000000e+00,2.580232209600000104e+01,-2.238477469200000058e+01,0.000000000000000000e+00,2.238477469200000058e+01
7.087151651700000166e+00,-2.593262691099999984e+01,0.000000000000000000e+00,2.593262691099999984e+01,-2.230549197399999883e+01,0.000000000000000000e+00,2.230549197399999883e+01
7.107171571600000348e+00,-2.608004523600000013e+01,0.000000000000000000e+00,2.608004523600000013e+01,-2.249742674100000173e+01,0.000000000000000000e+00,2.249742674100000173e+01
7.127191491499999643e+00,-2.608112024100000070e+01,0.000000000000000000e+00,2.608112024100000070e+01,-2.245861516400000113e+01,0.000000000000000000e+00,2.245861516400000113e+01
7.147211411399999825e+00,-2.605042372500000170e+01,0.000000000000000000e+00,2.605042372500000170e+01,-2.250860430699999881e+01,0.000000000000000000e+00,2.250860430699999881e+01
7.167231331300000008e+00,-2.607790699999999973e+01,0.000000000000000000e+00,2.607790699999999973e+01,-2.265191206300000104e+01,0.000000000000000000e+00,2.265191206300000104e+01
7.187251251300000199e+00,-2.619053727200000026e+01,0.000000000000000000e+00,2.619053727200000026e+01,-2.292015018600000076e+01,0.000000000000000000e+00,2.292015018600000076e+01
7.207271171199999493e+00,-2.623584883499999876e+01,0.000000000000000000e+00,2.623584883499999876e+01,-2.301295019799999864e+01,0.000000000000000000e+00,2.301295019799999864e+01
7.227291091100000564e+00,-2.633893322100000134e+01,0.000000000000000000e+00,2.633893322100000134e+01,-2.319276269199999874e+01,0.000000000000000000e+00,2.319276269199999874e+01
7.247311010999999858e+00,-2.646994121199999839e+01,0.000000000000000000e+00,2.646994121199999839e+01,-2.352533072599999997e+01,0.000000000000000000e+00,2.352533072599999997e+01
7.267330930900000041e+00,-2.668311243400000166e+01,0.000000000000000000e+00,2.668311243400000166e+01,-2.393091968499999922e+01,0.000000000000000000e+00,2.393091968499999922e+01
7.287350850899999344e+00,-2.693123313799999963e+01,0.000000000000000000e+00,2.693123313799999963e+01,-2.414391718599999948e+01,0.000000000000000000e+00,2.414391718599999948e+01
7.307370770800000415e+00,-2.714072168299999888e+01,0.000000000000000000e+00,2.714072168299999888e+01,-2.427223069600000116e+01,0.000000000000000000e+00,2.427223069600000116e+01
7.327390690699999709e+00,-2.751160884000000095e+01,0.000000000000000000e+00,2.751160884000000095e+01,-2.462748957499999847e+01,0.000000000000000000e+00,2.462748957499999847e+01
7.347410610600000780e+00,-2.784679790799999921e+01,0.000000000000000000e+00,2.784679790799999921e+01,-2.475271883499999959e+01,0.000000000000000000e+00,2.475271883499999959e+01
7.367430530500000074e+00,-2.795269406799999956e+01,0.000000000000000000e+00,2.795269406799999956e+01,-2.483144211400000145e+01,0.000000000000000000e+00,2.483144211400000145e+01
7.387450450500000265e+00,-2.810023862599999944e+01,0.000000000000000000e+00,2.810023862599999944e+01,-2.485400848000000096e+01,0.000000000000000000e+00,2.485400848000000096e+01
7.407470370399999560e+00,-2.817412601999999922e+01,0.000000000000000000e+00,2.817412601999999922e+01,-2.502795266400000074e+01,0.000000000000000000e+00,2.502795266400000074e+01
7.427490290300000630e+00,-2.812135798599999958e+01,0.000000000000000000e+00,2.812135798599999958e+01,-2.490039159399999846e+01,0.000000000000000000e+00,2.490039159399999846e+01
7.447510210199999925e+00,-2.785049964199999906e+01,0.000000000000000000e+00,2.785049964199999906e+01,-2.476354887500000146e+01,0.000000000000000000e+00,2.476354887500000146e+01
7.467530130100000108e+00,-2.766677815299999921e+01,0.000000000000000000e+00,2.766677815299999921e+01,-2.468152067200000133e+01,0.000000000000000000e+00,2.468152067200000133e+01
7.487550050100000298e+00,-2.749096048299999850e+01,0.000000000000000000e+00,2.749096048299999850e+01,-2.473856897599999982e+01,0.000000000000000000e+00,2.473856897599999982e+01
7.507569969999999593e+00,-2.719349082800000161e+01,0.000000000000000000e+00,2.719349082800000161e+01,-2.463878174999999970e+01,0.000000000000000000e+00,2.463878174999999970e+01
7.527589889899999775e+00,-2.695831623500000163e+01,0.000000000000000000e+00,2.695831623500000163e+01,-2.446616223899999909e+01,0.000000000000000000e+00,2.446616223899999909e+01
7.547609809799999958e+00,-2.678926754200000104e+01,0.000000000000000000e+00,2.678926754200000104e+01,-2.439076753399999831e+01,0.000000000000000000e+00,2.439076753399999831e+01
7.567629729700000141e+00,-2.679853499000000028e+01,0.000000000000000000e+00,2.679853499000000028e+01,-2.438016489199999981e+01,0.000000000000000000e+00,2.438016489199999981e+01
7.587649649600000323e+00,-2.677139290299999885e+01,0.000000000000000000e+00,2.677139290299999885e+01,-2.426585324199999860e+01,0.000000000000000000e+00,2.426585324199999860e+01
7.607669569600000514e+00,-2.672924996600000114e+01,0.000000000000000000e+00,2.672924996600000114e+01,-2.432331561100000172e+01,0.000000000000000000e+00,2.432331561100000172e+01
7.627689489499999809e+00,-2.684762113800000094e+01,0.000000000000000000e+00,2.684762113800000094e+01,-2.424190040599999918e+01,0.000000000000000000e+00,2.424190040599999918e+01
7.647709409399999991e+00,-2.683677666099999826e+01,0.000000000000000000e+00,2.683677666099999826e+01,-2.449658353299999902e+01,0.000000000000000000e+00,2.449658353299999902e+01
7.667729329300000174e+00,-2.688105356699999859e+01,0.000000000000000000e+00,2.688105356699999859e+01,-2.467980526599999891e+01,0.000000000000000000e+00,2.467980526599999891e+01
7.687749249199999468e+00,-2.695974625199999863e+01,0.000000000000000000e+00,2.695974625199999863e+01,-2.473412093399999989e+01,0.000000000000000000e+00,2.473412093399999989e+01
7.707769169199999659e+00,-2.697343735000000109e+01,0.000000000000000000e+00,2.697343735000000109e+01,-2.478384267199999869e+01,0.000000000000000000e+00,2.478384267199999869e+01
7.727789089100000730e+00,-2.700794303200000002e+01,0.000000000000000000e+00,2.700794303200000002e+01,-2.502431741999999915e+01,0.000000000000000000e+00,2.502431741999999915e+01
7.747809009000000025e+00,-2.700096352399999944e+01,0.000000000000000000e+00,2.700096352399999944e+01,-2.537922060500000043e+01,0.000000000000000000e+00,2.537922060500000043e+01
7.767828928899999319e+00,-2.693328090600000024e+01,0.000000000000000000e+00,2.693328090600000024e+01,-2.550978157400000157e+01,0.000000000000000000e+00,2.550978157400000157e+01
7.787848848800000390e+00,-2.677275273600000105e+01,0.000000000000000000e+00,2.677275273600000105e+01,-2.586868197700000138e+01,0.000000000000000000e+00,2.586868197700000138e+01
7.807868768800000581e+00,-2.662379591899999909e+01,0.000000000000000000e+00,2.662379591899999909e+01,-2.624594078899999872e+01,0.000000000000000000e+00,2.624594078899999872e+01
7.827888688699999875e+00,-2.636919449000000171e+01,0.000000000000000000e+00,2.636919449000000171e+01,-2.644952371899999832e+01,0.000000000000000000e+00,2.644952371899999832e+01
7.847908608600000058e+00,-2.623769530399999894e+01,0.000000000000000000e+00,2.623769530399999894e+01,-2.646971568300000044e+01,0.000000000000000000e+00,2.646971568300000044e+01
7.867928528500000240e+00,-2.607861304900000121e+01,0.000000000000000000e+00,2.607861304900000121e+01,-2.672268255799999892e+01,0.000000000000000000e+00,2.672268255799999892e+01
7.887948448399999535e+00,-2.598456318599999904e+01,0.000000000000000000e+00,2.598456318599999904e+01,-2.701023965299999929e+01,0.000000000000000000e+00,2.701023965299999929e+01
7.907968368399999726e+00,-2.596913205299999916e+01,0.000000000000000000e+00,2.596913205299999916e+01,-2.702833459800000071e+01,0.000000000000000000e+00,2.702833459800000071e+01
7.927988288299999908e+00,-2.599681705500000106e+01,0.000000000000000000e+00,2.599681705500000106e+01,-2.731740116599999979e+01,0.000000000000000000e+00,2.731740116599999979e+01
7.948008208200000091e+00,-2.596572552800000011e+01,0.000000000000000000e+00,2.596572552800000011e+01,-2.754161143600000017e+01,0.000000000000000000e+00,2.754161143600000017e+01
7.968028128100000274e+00,-2.600838526900000147e+01,0.000000000000000000e+00,2.600838526900000147e+01,-2.757289889200000133e+01,0.000000000000000000e+00,2.757289889200000133e+01
7.988048047999999568e+00,-2.602388461500000005e+01,0.000000000000000000e+00,2.602388461500000005e+01,-2.767608751399999889e+01,0.000000000000000000e+00,2.767608751399999889e+01
8.008067968000000647e+00,-2.609775803999999866e+01,0.000000000000000000e+00,2.609775803999999866e+01,-2.785220255200000139e+01,0.000000000000000000e+00,2.785220255200000139e+01
8.028087887899999942e+00,-2.615029100599999978e+01,0.000000000000000000e+00,2.615029100599999978e+01,-2.786005667799999941e+01,0.000000000000000000e+00,2.786005667799999941e+01
8.048107807800001012e+00,-2.617654755099999875e+01,0.000000000000000000e+00,2.617654755099999875e+01,-2.780711585399999919e+01,0.000000000000000000e+00,2.780711585399999919e+01
8.068127727700000307e+00,-2.622912318799999909e+01,0.000000000000000000e+00,2.622912318799999909e+01,-2.796960312099999868e+01,0.000000000000000000e+00,2.796960312099999868e+01
8.088147647599999601e+00,-2.634315517499999970e+01,0.000000000000000000e+00,2.634315517499999970e+01,-2.810674168599999945e+01,0.000000000000000000e+00,2.810674168599999945e+01
8.108167567600000680e+00,-2.638947806199999846e+01,0.000000000000000000e+00,2.638947806199999846e+01,-2.798458534899999961e+01,0.000000000000000000e+00,2.798458534899999961e+01
8.128187487499999975e+00,-2.652016937899999860e+01,0.000000000000000000e+00,2.652016937899999860e+01,-2.820126479800000041e+01,0.000000000000000000e+00,2.820126479800000041e+01
8.148207407399999269e+00,-2.639010737699999964e+01,0.000000000000000000e+00,2.639010737699999964e+01,-2.849926627800000034e+01,0.000000000000000000e+00,2.849926627800000034e+01
8.168227327300000340e+00,-2.625816931299999979e+01,0.000000000000000000e+00,2.625816931299999979e+01,-2.847126626000000016e+01,0.000000000000000000e+00,2.847126626000000016e+01
8.188247247199999634e+00,-2.598267537999999988e+01,0.000000000000000000e+00,2.598267537999999988e+01,-2.864203532699999855e+01,0.000000000000000000e+00,2.864203532699999855e+01
8.208267167199998937e+00,-2.573936203899999953e+01,0.000000000000000000e+00,2.573936203899999953e+01,-2.883126771299999902e+01,0.000000000000000000e+00,2.883126771299999902e+01
8.228287087100000008e+00,-2.558015074200000072e+01,0.000000000000000000e+00,2.558015074200000072e+01,-2.884854078400000077e+01,0.000000000000000000e+00,2.884854078400000077e+01
8.248307006999999302e+00,-2.542468035099999923e+01,0.000000000000000000e+00,2.542468035099999923e+01,-2.900035438500000140e+01,0.000000000000000000e+00,2.900035438500000140e+01
8.268326926900000373e+00,-2.529750085299999895e+01,0.000000000000000000e+00,2.529750085299999895e+01,-2.890911799399999893e+01,0.000000000000000000e+00,2.890911799399999893e+01
8.288346846799999668e+00,-2.523839916900000091e+01,0.000000000000000000e+00,2.523839916900000091e+01,-2.899862575599999914e+01,0.000000000000000000e+00,2.899862575599999914e+01
8.308366766800000747e+00,-2.526565347300000042e+01,0.000000000000000000e+00,2.526565347300000042e+01,-2.906539530599999921e+01,0.000000000000000000e+00,2.906539530599999921e+01
8.328386686700000041e+00,-2.529154181999999906e+01,0.000000000000000000e+00,2.529154181999999906e+01,-2.888693106999999927e+01,0.000000000000000000e+00,2.888693106999999927e+01
8.348406606600001112e+00,-2.532275974799999929e+01,0.000000000000000000e+00,2.532275974799999929e+01,-2.870473349799999951e+01,0.000000000000000000e+00,2.870473349799999951e+01
8.368426526500000406e+00,-2.543692375299999853e+01,0.000000000000000000e+00,2.543692375299999853e+01,-2.840833104800000086e+01,0.000000000000000000e+00,2.840833104800000086e+01
8.388446446399999701e+00,-2.555302973799999933e+01,0.000000000000000000e+00,2.555302973799999933e+01,-2.785292344000000142e+01,0.000000000000000000e+00,2.785292344000000142e+01
8.408466366399999004e+00,-2.575769082600000104e+01,0.000000000000000000e+00,2.575769082600000104e+01,-2.743185452499999855e+01,0.000000000000000000e+00,2.743185452499999855e+01
8.428486286300000074e+00,-2.607000679900000151e+01,0.000000000000000000e+00,2.607000679900000151e+01,-2.727059596400000174e+01,0.000000000000000000e+00,2.727059596400000174e+01
8.448506206199999369e+00,-2.648150581899999878e+01,0.000000000000000000e+00,2.648150581899999878e+01,-2.697628327900000045e+01,0.000000000000000000e+00,2.697628327900000045e+01
8.468526126100000440e+00,-2.680779030600000112e+01,0.000000000000000000e+00,2.680779030600000112e+01,-2.663339492300000089e+01,0.000000000000000000e+00,2.663339492300000089e+01
8.488546045999999734e+00,-2.720177455700000024e+01,0.000000000000000000e+00,2.720177455700000024e+01,-2.650387164200000001e+01,0.000000000000000000e+00,2.650387164200000001e+01
8.508565966000000813e+00,-2.763885659299999986e+01,0.000000000000000000e+00,2.763885659299999986e+01,-2.654959763000000095e+01,0.000000000000000000e+00,2.654959763000000095e+01
8.528585885900000108e+00,-2.800535242799999835e+01,0.000000000000000000e+00,2.800535242799999835e+01,-2.642909300599999867e+01,0.000000000000000000e+00,2.642909300599999867e+01
8.548605805799999402e+00,-2.816630442700000003e+01,0.000000000000000000e+00,2.816630442700000003e+01,-2.641981507599999901e+01,0.000000000000000000e+00,2.641981507599999901e+01
8.568625725700000473e+00,-2.837588555399999990e+01,0.000000000000000000e+00,2.837588555399999990e+01,-2.652494215000000111e+01,0.000000000000000000e+00,2.652494215000000111e+01
8.588645645599999767e+00,-2.846782305900000054e+01,0.000000000000000000e+00,2.846782305900000054e+01,-2.674775084199999853e+01,0.000000000000000000e+00,2.674775084199999853e+01
8.608665565600000846e+00,-2.832490099299999997e+01,0.000000000000000000e+00,2.832490099299999997e+01,-2.701355974100000168e+01,0.000000000000000000e+00,2.701355974100000168e+01
8.628685485500000141e+00,-2.806022612499999980e+01,0.000000000000000000e+00,2.806022612499999980e+01,-2.735688976499999825e+01,0.000000000000000000e+00,2.735688976499999825e+01
8.648705405399999435e+00,-2.775967678299999974e+01,0.000000000000000000e+00,2.775967678299999974e+01,-2.765333657200000061e+01,0.000000000000000000e+00,2.765333657200000061e+01
8.668725325299998730e+00,-2.766825072399999996e+01,0.000000000000000000e+00,2.766825072399999996e+01,-2.794567729599999950e+01,0.000000000000000000e+00,2.794567729599999950e+01
8.688745245200001577e+00,-2.764181202600000020e+01,0.000000000000000000e+00,2.764181202600000020e+01,-2.829573590200000055e+01,0.000000000000000000e+00,2.829573590200000055e+01
8.708765165200000880e+00,-2.757173358900000082e+01,0.000000000000000000e+00,2.757173358900000082e+01,-2.859764857400000082e+01,0.000000000000000000e+00,2.859764857400000082e+01
8.728785085100000174e+00,-2.755828890600000136e+01,0.000000000000000000e+00,2.755828890600000136e+01,-2.879147342099999918e+01,0.000000000000000000e+00,2.879147342099999918e+01
8.748805004999999468e+00,-2.769748205699999843e+01,0.000000000000000000e+00,2.769748205699999843e+01,-2.869460824400000121e+01,0.000000000000000000e+00,2.869460824400000121e+01
8.768824924899998763e+00,-2.763238351400000070e+01,0.000000000000000000e+00,2.763238351400000070e+01,-2.886214874299999877e+01,0.000000000000000000e+00,2.886214874299999877e+01
8.788844844799999834e+00,-2.748874189600000051e+01,0.000000000000000000e+00,2.748874189600000051e+01,-2.891974353999999892e+01,0.000000000000000000e+00,2.891974353999999892e+01
8.808864764799999136e+00,-2.755668909899999974e+01,0.000000000000000000e+00,2.755668909899999974e+01,-2.875261202500000124e+01,0.000000000000000000e+00,2.875261202500000124e+01
8.828884684700000207e+00,-2.756778484199999824e+01,0.000000000000000000e+00,2.756778484199999824e+01,-2.833217812499999866e+01,0.000000000000000000e+00,2.833217812499999866e+01
8.848904604599999502e+00,-2.762637635900000177e+01,0.000000000000000000e+00,2.762637635900000177e+01,-2.810938523300000114e+01,0.000000000000000000e+00,2.810938523300000114e+01
8.868924524500000572e+00,-2.774858575000000016e+01,0.000000000000000000e+00,2.774858575000000016e+01,-2.779523459299999999e+01,0.000000000000000000e+00,2.779523459299999999e+01
8.888944444399999867e+00,-2.792278442199999944e+01,0.000000000000000000e+00,2.792278442199999944e+01,-2.711529792600000022e+01,0.000000000000000000e+00,2.711529792600000022e+01
8.908964364399999170e+00,-2.812338451100000114e+01,0.000000000000000000e+00,2.812338451100000114e+01,-2.678548749400000162e+01,0.000000000000000000e+00,2.678548749400000162e+01
8.928984284299998464e+00,-2.841094154299999985e+01,0.000000000000000000e+00,2.841094154299999985e+01,-2.659380630300000092e+01,0.000000000000000000e+00,2.659380630300000092e+01
8.949004204200001311e+00,-2.878898245099999897e+01,0.000000000000000000e+00,2.878898245099999897e+01,-2.622341963999999948e+01,0.000000000000000000e+00,2.622341963999999948e+01
8.969024124100000606e+00,-2.910925960899999865e+01,0.000000000000000000e+00,2.910925960899999865e+01,-2.586773694700000092e+01,0.000000000000000000e+00,2.586773694700000092e+01
8.989044043999999900e+00,-2.944766643000000172e+01,0.000000000000000000e+00,2.944766643000000172e+01,-2.588509660700000126e+01,0.000000000000000000e+00,2.588509660700000126e+01
9.009063963999999203e+00,-2.982976738400000016e+01,0.000000000000000000e+00,2.982976738400000016e+01,-2.583953705100000064e+01,0.000000000000000000e+00,2.583953705100000064e+01
9.029083883900000274e+00,-2.999517636899999928e+01,0.000000000000000000e+00,2.999517636899999928e+01,-2.569384602599999923e+01,0.000000000000000000e+00,2.569384602599999923e+01
9.049103803799999568e+00,-3.020132314299999976e+01,0.000000000000000000e+00,3.020132314299999976e+01,-2.576226405299999911e+01,0.000000000000000000e+00,2.576226405299999911e+01
9.069123723700000639e+00,-3.046389921900000175e+01,0.000000000000000000e+00,3.046389921900000175e+01,-2.594615900100000161e+01,0.000000000000000000e+00,2.594615900100000161e+01
9.089143643599999933e+00,-3.063797457600000129e+01,0.000000000000000000e+00,3.063797457600000129e+01,-2.594206476200000111e+01,0.000000000000000000e+00,2.594206476200000111e+01
9.109163563600001012e+00,-3.075870087499999883e+01,0.000000000000000000e+00,3.075870087499999883e+01,-2.614623561000000151e+01,0.000000000000000000e+00,2.614623561000000151e+01
9.129183483500000307e+00,-3.077755317800000157e+01,0.000000000000000000e+00,3.077755317800000157e+01,-2.652164812299999852e+01,0.000000000000000000e+00,2.652164812299999852e+01
9.149203403399999601e+00,-3.072106021999999825e+01,0.000000000000000000e+00,3.072106021999999825e+01,-2.675446164399999915e+01,0.000000000000000000e+00,2.675446164399999915e+01
9.169223323299998896e+00,-3.062510614600000025e+01,0.000000000000000000e+00,3.062510614600000025e+01,-2.683077426799999898e+01,0.000000000000000000e+00,2.683077426799999898e+01
9.189243243199999966e+00,-3.054665216600000122e+01,0.000000000000000000e+00,3.054665216600000122e+01,-2.729033814099999944e+01,0.000000000000000000e+00,2.729033814099999944e+01
9.209263163200001046e+00,-3.045893617400000153e+01,0.000000000000000000e+00,3.045893617400000153e+01,-2.767652288700000085e+01,0.000000000000000000e+00,2.767652288700000085e+01
9.229283083100000340e+00,-3.049643178199999838e+01,0.000000000000000000e+00,3.049643178199999838e+01,-2.783043919300000013e+01,0.000000000000000000e+00,2.783043919300000013e+01
9.249303002999999634e+00,-3.071166094599999852e+01,0.000000000000000000e+00,3.071166094599999852e+01,-2.827651944200000145e+01,0.000000000000000000e+00,2.827651944200000145e+01
9.269322922899998929e+00,-3.092493044500000110e+01,0.000000000000000000e+00,3.092493044500000110e+01,-2.872607087000000092e+01,0.000000000000000000e+00,2.872607087000000092e+01
9.289342842800000000e+00,-3.132150629099999861e+01,0.000000000000000000e+00,3.132150629099999861e+01,-2.925158568699999861e+01,0.000000000000000000e+00,2.925158568699999861e+01
9.309362762799999302e+00,-3.176819619799999828e+01,0.000000000000000000e+00,3.176819619799999828e+01,-2.961335603399999883e+01,0.000000000000000000e+00,2.961335603399999883e+01
9.329382682700000373e+00,-3.217844688200000292e+01,0.000000000000000000e+00,3.217844688200000292e+01,-3.019081472299999902e+01,0.000000000000000000e+00,3.019081472299999902e+01
9.349402602599999668e+00,-3.225859176800000228e+01,0.000000000000000000e+00,3.225859176800000228e+01,-3.063089207200000175e+01,0.000000000000000000e+00,3.063089207200000175e+01
9.369422522500000738e+00,-3.233761399000000125e+01,0.000000000000000000e+00,3.233761399000000125e+01,-3.077441498299999978e+01,0.000000000000000000e+00,3.077441498299999978e+01
9.389442442400000033e+00,-3.238422643900000253e+01,0.000000000000000000e+00,3.238422643900000253e+01,-3.081854919099999890e+01,0.000000000000000000e+00,3.081854919099999890e+01
9.409462362399999336e+00,-3.235291551099999907e+01,0.000000000000000000e+00,3.235291551099999907e+01,-3.094614036700000170e+01,0.000000000000000000e+00,3.094614036700000170e+01
9.429482282299998630e+00,-3.239273783000000151e+01,0.000000000000000000e+00,3.239273783000000151e+01,-3.093559529299999866e+01,0.000000000000000000e+00,3.093559529299999866e+01
9.449502202200001477e+00,-3.261110609800000049e+01,0.000000000000000000e+00,3.261110609800000049e+01,-3.078620929699999920e+01,0.000000000000000000e+00,3.078620929699999920e+01
9.469522122100000772e+00,-3.260714994399999966e+01,0.000000000000000000e+00,3.260714994399999966e+01,-3.082172531399999826e+01,0.000000000000000000e+00,3.082172531399999826e+01
9.489542042000000066e+00,-3.253841019800000112e+01,0.000000000000000000e+00,3.253841019800000112e+01,-3.077363944800000084e+01,0.000000000000000000e+00,3.077363944800000084e+01
9.509561961999999369e+00,-3.265691906400000022e+01,0.000000000000000000e+00,3.265691906400000022e+01,-3.045553569400000171e+01,0.000000000000000000e+00,3.045553569400000171e+01
9.529581881900000440e+00,-3.273591231300000004e+01,0.000000000000000000e+00,3.273591231300000004e+01,-3.034377273400000163e+01,0.000000000000000000e+00,3.034377273400000163e+01
9.549601801799999734e+00,-3.273415968300000145e+01,0.000000000000000000e+00,3.273415968300000145e+01,-3.012248932900000042e+01,0.000000000000000000e+00,3.012248932900000042e+01
9.569621721700000805e+00,-3.263708920999999918e+01,0.000000000000000000e+00,3.263708920999999918e+01,-2.992974361899999991e+01,0.000000000000000000e+00,2.992974361899999991e+01
9.589641641600000099e+00,-3.251567797199999887e+01,0.000000000000000000e+00,3.251567797199999887e+01,-2.992867174099999872e+01,0.000000000000000000e+00,2.992867174099999872e+01
9.609661561600001178e+00,-3.232328401200000201e+01,0.000000000000000000e+00,3.232328401200000201e+01,-2.976858358599999832e+01,0.000000000000000000e+00,2.976858358599999832e+01
9.629681481500000473e+00,-3.202183534499999951e+01,0.000000000000000000e+00,3.202183534499999951e+01,-2.980925588899999923e+01,0.000000000000000000e+00,2.980925588899999923e+01
9.649701401399999767e+00,-3.168443250300000003e+01,0.000000000000000000e+00,3.168443250300000003e+01,-3.013317877800000133e+01,0.000000000000000000e+00,3.013317877800000133e+01
9.669721321299999062e+00,-3.140865220899999954e+01,0.000000000000000000e+00,3.140865220899999954e+01,-3.036702876600000067e+01,0.000000000000000000e+00,3.036702876600000067e+01
9.689741241200000132e+00,-3.108780512299999899e+01,0.000000000000000000e+00,3.108780512299999899e+01,-3.066835092199999835e+01,0.000000000000000000e+00,3.066835092199999835e+01
9.709761161200001212e+00,-3.084584399099999885e+01,0.000000000000000000e+00,3.084584399099999885e+01,-3.124277285399999826e+01,0.000000000000000000e+00,3.124277285399999826e+01
9.729781081100000506e+00,-3.052320544799999880e+01,0.000000000000000000e+00,3.052320544799999880e+01,-3.177191961699999823e+01,0.000000000000000000e+00,3.177191961699999823e+01
9.749801000999999800e+00,-3.033250548999999907e+01,0.000000000000000000e+00,3.033250548999999907e+01,-3.223312910399999964e+01,0.000000000000000000e+00,3.223312910399999964e+01
9.769820920899999095e+00,-3.015661716400000003e+01,0.000000000000000000e+00,3.015661716400000003e+01,-3.275576847300000338e+01,0.000000000000000000e+00,3.275576847300000338e+01
9.789840840799998389e+00,-2.997141800500000031e+01,0.000000000000000000e+00,2.997141800500000031e+01,-3.333017794100000231e+01,0.000000000000000000e+00,3.333017794100000231e+01
9.809860760799999468e+00,-2.982666836599999982e+01,0.000000000000000000e+00,2.982666836599999982e+01,-3.382668131599999839e+01,0.000000000000000000e+00,3.382668131599999839e+01
9.829880680700000539e+00,-2.966718864799999977e+01,0.000000000000000000e+00,2.966718864799999977e+01,-3.448898172900000247e+01,0.000000000000000000e+00,3.448898172900000247e+01
9.849900600599999834e+00,-2.949512503300000077e+01,0.000000000000000000e+00,2.949512503300000077e+01,-3.516720267699999880e+01,0.000000000000000000e+00,3.516720267699999880e+01
9.869920520499999128e+00,-2.937500815199999948e+01,0.000000000000000000e+00,2.937500815199999948e+01,-3.613208644299999861e+01,0.000000000000000000e+00,3.613208644299999861e+01
9.889940440400000199e+00,-2.930669035300000047e+01,0.000000000000000000e+00,2.930669035300000047e+01,-3.711275426800000332e+01,0.000000000000000000e+00,3.711275426800000332e+01
9.909960360399999502e+00,-2.927421169300000159e+01,0.000000000000000000e+00,2.927421169300000159e+01,-3.840627080000000149e+01,0.000000000000000000e+00,3.840627080000000149e+01
9.929980280299998796e+00,-2.927339661499999934e+01,0.000000000000000000e+00,2.927339661499999934e+01,-3.974169014099999941e+01,0.000000000000000000e+00,3.974169014099999941e+01
9.950000200200001643e+00,-2.926117239999999953e+01,0.000000000000000000e+00,2.926117239999999953e+01,-4.134818244499999906e+01,0.000000000000000000e+00,4.134818244499999906e+01
9.970020120100000938e+00,-2.929237047499999846e+01,0.000000000000000000e+00,2.929237047499999846e+01,-4.287366826499999917e+01,0.000000000000000000e+00,4.287366826499999917e+01
9.990040040000000232e+00,-2.906690381700000003e+01,0.000000000000000000e+00,2.906690381700000003e+01,-4.397660747900000189e+01,0.000000000000000000e+00,4.397660747900000189e+01
1.001005995999999953e+01,-2.909564171899999963e+01,0.000000000000000000e+00,2.909564171899999963e+01,-4.385689033799999947e+01,0.000000000000000000e+00,4.385689033799999947e+01
1.003007988000000061e+01,-2.912206153800000052e+01,0.000000000000000000e+00,2.912206153800000052e+01,-4.225752634700000243e+01,0.000000000000000000e+00,4.225752634700000243e+01
1.005009979999999992e+01,-2.910454936200000020e+01,0.000000000000000000e+00,2.910454936200000020e+01,-4.094063484800000197e+01,0.000000000000000000e+00,4.094063484800000197e+01
1.007011971999999922e+01,-2.902445639500000141e+01,0.000000000000000000e+00,2.902445639500000141e+01,-3.901947361500000255e+01,0.000000000000000000e+00,3.901947361500000255e+01
1.009013964000000030e+01,-2.898525871600000059e+01,0.000000000000000000e+00,2.898525871600000059e+01,-3.800987456699999711e+01,0.000000000000000000e+00,3.800987456699999711e+01
1.011015955999999960e+01,-2.888691196999999988e+01,0.000000000000000000e+00,2.888691196999999988e+01,-3.745616088500000274e+01,0.000000000000000000e+00,3.745616088500000274e+01
1.013017947900000060e+01,-2.882123419399999875e+01,0.000000000000000000e+00,2.882123419399999875e+01,-3.638996372799999790e+01,0.000000000000000000e+00,3.638996372799999790e+01
1.015019939899999990e+01,-2.891634916399999966e+01,0.000000000000000000e+00,2.891634916399999966e+01,-3.637235378399999775e+01,0.000000000000000000e+00,3.637235378399999775e+01
1.017021931899999920e+01,-2.886318188699999965e+01,0.000000000000000000e+00,2.886318188699999965e+01,-3.602784942499999943e+01,0.000000000000000000e+00,3.602784942499999943e+01
1.019023923900000028e+01,-2.895905602799999912e+01,0.000000000000000000e+00,2.895905602799999912e+01,-3.570931772200000154e+01,0.000000000000000000e+00,3.570931772200000154e+01
1.021025915899999958e+01,-2.914685850200000061e+01,0.000000000000000000e+00,2.914685850200000061e+01,-3.628689510400000273e+01,0.000000000000000000e+00,3.628689510400000273e+01
1.023027907900000066e+01,-2.919790716500000016e+01,0.000000000000000000e+00,2.919790716500000016e+01,-3.637099031599999677e+01,0.000000000000000000e+00,3.637099031599999677e+01
1.025029899899999997e+01,-2.938563445400000163e+01,0.000000000000000000e+00,2.938563445400000163e+01,-3.657406964599999810e+01,0.000000000000000000e+00,3.657406964599999810e+01
1.027031891899999927e+01,-2.963336964599999845e+01,0.000000000000000000e+00,2.963336964599999845e+01,-3.792488079099999965e+01,0.000000000000000000e+00,3.792488079099999965e+01
1.029033883900000035e+01,-2.983186332200000024e+01,0.000000000000000000e+00,2.983186332200000024e+01,-3.827810681999999787e+01,0.000000000000000000e+00,3.827810681999999787e+01
1.031035875899999965e+01,-3.014590521799999934e+01,0.000000000000000000e+00,3.014590521799999934e+01,-3.937249338299999835e+01,0.000000000000000000e+00,3.937249338299999835e+01
1.033037867900000073e+01,-3.065726148599999945e+01,0.000000000000000000e+00,3.065726148599999945e+01,-4.176506178000000347e+01,0.000000000000000000e+00,4.176506178000000347e+01
1.035039859900000003e+01,-3.105277660000000139e+01,0.000000000000000000e+00,3.105277660000000139e+01,-4.297394283399999892e+01,0.000000000000000000e+00,4.297394283399999892e+01
1.037041851899999934e+01,-3.150838475400000149e+01,0.000000000000000000e+00,3.150838475400000149e+01,-4.626309613800000164e+01,0.000000000000000000e+00,4.626309613800000164e+01
1.039043843800000033e+01,-3.196876757300000094e+01,0.000000000000000000e+00,3.196876757300000094e+01,-5.291888399500000162e+01,0.000000000000000000e+00,5.291888399500000162e+01
1.041045835799999963e+01,-3.234270258600000147e+01,0.000000000000000000e+00,3.234270258600000147e+01,-5.687598801899999756e+01,0.000000000000000000e+00,5.687598801899999756e+01
1.043047827800000071e+01,-3.236679956999999774e+01,0.000000000000000000e+00,3.236679956999999774e+01,-4.968067067799999847e+01,0.000000000000000000e+00,4.968067067799999847e+01
1.045049819800000002e+01,-3.230734069799999730e+01,0.000000000000000000e+00,3.230734069799999730e+01,-4.489894546299999689e+01,0.000000000000000000e+00,4.489894546299999689e+01
1.047051811799999932e+01,-3.203419896700000180e+01,0.000000000000000000e+00,3.203419896700000180e+01,-4.230586228100000312e+01,0.000000000000000000e+00,4.230586228100000312e+01
1.049053803800000040e+01,-3.176189163900000167e+01,0.000000000000000000e+00,3.176189163900000167e+01,-3.977939864900000089e+01,0.000000000000000000e+00,3.977939864900000089e+01
1.051055795799999970e+01,-3.146265758899999909e+01,0.000000000000000000e+00,3.146265758899999909e+01,-3.801494714300000055e+01,0.000000000000000000e+00,3.801494714300000055e+01
1.053057787800000078e+01,-3.115691541700000045e+01,0.000000000000000000e+00,3.115691541700000045e+01,-3.690929697100000340e+01,0.000000000000000000e+00,3.690929697100000340e+01
1.055059779800000008e+01,-3.109693593100000086e+01,0.000000000000000000e+00,3.109693593100000086e+01,-3.565102505600000171e+01,0.000000000000000000e+00,3.565102505600000171e+01
1.057061771799999939e+01,-3.114780461200000161e+01,0.000000000000000000e+00,3.114780461200000161e+01,-3.466315500399999650e+01,0.000000000000000000e+00,3.466315500399999650e+01
1.059063763800000046e+01,-3.133169574900000143e+01,0.000000000000000000e+00,3.133169574900000143e+01,-3.406375562600000251e+01,0.000000000000000000e+00,3.406375562600000251e+01
1.061065755799999977e+01,-3.165009100600000025e+01,0.000000000000000000e+00,3.165009100600000025e+01,-3.328623954300000065e+01,0.000000000000000000e+00,3.328623954300000065e+01
1.063067747700000076e+01,-3.200535988600000081e+01,0.000000000000000000e+00,3.200535988600000081e+01,-3.253762569700000284e+01,0.000000000000000000e+00,3.253762569700000284e+01
1.065069739700000007e+01,-3.266553293900000199e+01,0.000000000000000000e+00,3.266553293900000199e+01,-3.237123532599999720e+01,0.000000000000000000e+00,3.237123532599999720e+01
1.067071731699999937e+01,-3.323617761599999909e+01,0.000000000000000000e+00,3.323617761599999909e+01,-3.201143758900000336e+01,0.000000000000000000e+00,3.201143758900000336e+01
1.069073723700000045e+01,-3.400567324200000030e+01,0.000000000000000000e+00,3.400567324200000030e+01,-3.145821639400000080e+01,0.000000000000000000e+00,3.145821639400000080e+01
1.071075715699999975e+01,-3.485447055299999874e+01,0.000000000000000000e+00,3.485447055299999874e+01,-3.139200833599999996e+01,0.000000000000000000e+00,3.139200833599999996e+01
1.073077707700000083e+01,-3.588626264500000218e+01,0.000000000000000000e+00,3.588626264500000218e+01,-3.132815718499999846e+01,0.000000000000000000e+00,3.132815718499999846e+01
1.075079699700000013e+01,-3.692866831300000285e+01,0.000000000000000000e+00,3.692866831300000285e+01,-3.120904107300000163e+01,0.000000000000000000e+00,3.120904107300000163e+01
1.077081691699999944e+01,-3.800651535899999800e+01,0.000000000000000000e+00,3.800651535899999800e+01,-3.112434744999999836e+01,0.000000000000000000e+00,3.112434744999999836e+01
1.079083683700000051e+01,-3.874887965599999973e+01,0.000000000000000000e+00,3.874887965599999973e+01,-3.125756495299999926e+01,0.000000000000000000e+00,3.125756495299999926e+01
1.081085675699999982e+01,-3.928806629599999667e+01,0.000000000000000000e+00,3.928806629599999667e+01,-3.145325787100000170e+01,0.000000000000000000e+00,3.145325787100000170e+01
1.083087667699999912e+01,-3.936815667599999813e+01,0.000000000000000000e+00,3.936815667599999813e+01,-3.183751402600000091e+01,0.000000000000000000e+00,3.183751402600000091e+01
1.085089659700000020e+01,-3.930944989599999673e+01,0.000000000000000000e+00,3.930944989599999673e+01,-3.235575483299999888e+01,0.000000000000000000e+00,3.235575483299999888e+01
1.087091651699999950e+01,-3.879700863699999758e+01,0.000000000000000000e+00,3.879700863699999758e+01,-3.282491758100000112e+01,0.000000000000000000e+00,3.282491758100000112e+01
1.089093643600000050e+01,-3.823709290000000038e+01,0.000000000000000000e+00,3.823709290000000038e+01,-3.380339739000000066e+01,0.000000000000000000e+00,3.380339739000000066e+01
1.091095635599999980e+01,-3.773570896100000027e+01,0.000000000000000000e+00,3.773570896100000027e+01,-3.478484293300000019e+01,0.000000000000000000e+00,3.478484293300000019e+01
1.093097627600000088e+01,-3.721190003699999949e+01,0.000000000000000000e+00,3.721190003699999949e+01,-3.588773891400000338e+01,0.000000000000000000e+00,3.588773891400000338e+01
1.095099619600000018e+01,-3.697507869300000038e+01,0.000000000000000000e+00,3.697507869300000038e+01,-3.763397320600000029e+01,0.000000000000000000e+00,3.763397320600000029e+01
1.097101611599999949e+01,-3.679675651200000175e+01,0.000000000000000000e+00,3.679675651200000175e+01,-3.951284217700000312e+01,0.000000000000000000e+00,3.951284217700000312e+01
1.099103603600000056e+01,-3.694756096500000098e+01,0.000000000000000000e+00,3.694756096500000098e+01,-4.104766048599999806e+01,0.000000000000000000e+00,4.104766048599999806e+01
1.101105595599999987e+01,-3.719017007400000097e+01,0.000000000000000000e+00,3.719017007400000097e+01,-4.344642188299999930e+01,0.000000000000000000e+00,4.344642188299999930e+01
1.103107587599999917e+01,-3.748070157299999750e+01,0.000000000000000000e+00,3.748070157299999750e+01,-4.602969134100000304e+01,0.000000000000000000e+00,4.602969134100000304e+01
1.105109579600000025e+01,-3.753305899800000134e+01,0.000000000000000000e+00,3.753305899800000134e+01,-4.629740807900000021e+01,0.000000000000000000e+00,4.629740807900000021e+01
1.107111571599999955e+01,-3.765226516300000270e+01,0.000000000000000000e+00,3.765226516300000270e+01,-4.647584338099999712e+01,0.000000000000000000e+00,4.647584338099999712e+01
1.109113563600000063e+01,-3.800047290900000263e+01,0.000000000000000000e+00,3.800047290900000263e+01,-4.438234849500000223e+01,0.000000000000000000e+00,4.438234849500000223e+01
1.111115555599999993e+01,-3.800235270600000348e+01,0.000000000000000000e+00,3.800235270600000348e+01,-4.280015842600000298e+01,0.000000000000000000e+00,4.280015842600000298e+01
1.113117547499999915e+01,-3.794956942599999650e+01,0.000000000000000000e+00,3.794956942599999650e+01,-4.125489600499999909e+01,0.000000000000000000e+00,4.125489600499999909e+01
1.115119539500000023e+01,-3.758028495300000316e+01,0.000000000000000000e+00,3.758028495300000316e+01,-4.048363108699999913e+01,0.000000000000000000e+00,4.048363108699999913e+01
1.117121531499999953e+01,-3.721993229099999922e+01,0.000000000000000000e+00,3.721993229099999922e+01,-3.957119978299999730e+01,0.000000000000000000e+00,3.957119978299999730e+01
1.119123523500000061e+01,-3.663692430999999772e+01,0.000000000000000000e+00,3.663692430999999772e+01,-3.854888898299999767e+01,0.000000000000000000e+00,3.854888898299999767e+01
1.121125515499999992e+01,-3.577465245700000196e+01,0.000000000000000000e+00,3.577465245700000196e+01,-3.794642964900000237e+01,0.000000000000000000e+00,3.794642964900000237e+01
1.123127507499999922e+01,-3.505082846300000199e+01,0.000000000000000000e+00,3.505082846300000199e+01,-3.741124404100000334e+01,0.000000000000000000e+00,3.741124404100000334e+01
1.125129499500000030e+01,-3.445869781900000106e+01,0.000000000000000000e+00,3.445869781900000106e+01,-3.701480134300000202e+01,0.000000000000000000e+00,3.701480134300000202e+01
1.127131491499999960e+01,-3.415923800299999868e+01,0.000000000000000000e+00,3.415923800299999868e+01,-3.693320244299999899e+01,0.000000000000000000e+00,3.693320244299999899e+01
1.129133483500000068e+01,-3.408233539500000120e+01,0.000000000000000000e+00,3.408233539500000120e+01,-3.696575409100000087e+01,0.000000000000000000e+00,3.696575409100000087e+01
1.131135475499999998e+01,-3.388387439400000289e+01,0.000000000000000000e+00,3.388387439400000289e+01,-3.722419171300000329e+01,0.000000000000000000e+00,3.722419171300000329e+01
1.133137467499999929e+01,-3.376767340600000011e+01,0.000000000000000000e+00,3.376767340600000011e+01,-3.771971830199999687e+01,0.000000000000000000e+00,3.771971830199999687e+01
1.135139459500000036e+01,-3.360808235300000035e+01,0.000000000000000000e+00,3.360808235300000035e+01,-3.820487795900000094e+01,0.000000000000000000e+00,3.820487795900000094e+01
1.137141451499999967e+01,-3.337357781099999698e+01,0.000000000000000000e+00,3.337357781099999698e+01,-3.907247005499999659e+01,0.000000000000000000e+00,3.907247005499999659e+01
1.139143443400000066e+01,-3.313599127500000208e+01,0.000000000000000000e+00,3.313599127500000208e+01,-3.903966289600000295e+01,0.000000000000000000e+00,3.903966289600000295e+01
1.141145435399999997e+01,-3.306042573399999895e+01,0.000000000000000000e+00,3.306042573399999895e+01,-3.856251894999999763e+01,0.000000000000000000e+00,3.856251894999999763e+01
1.143147427399999927e+01,-3.285455088100000154e+01,0.000000000000000000e+00,3.285455088100000154e+01,-3.854086436099999702e+01,0.000000000000000000e+00,3.854086436099999702e+01
1.145149419400000035e+01,-3.271062854800000252e+01,0.000000000000000000e+00,3.271062854800000252e+01,-3.779804962000000046e+01,0.000000000000000000e+00,3.779804962000000046e+01
1.147151411399999965e+01,-3.257834088300000275e+01,0.000000000000000000e+00,3.257834088300000275e+01,-3.689559436100000056e+01,0.000000000000000000e+00,3.689559436100000056e+01
1.149153403400000073e+01,-3.231280181399999663e+01,0.000000000000000000e+00,3.231280181399999663e+01,-3.632260719199999954e+01,0.000000000000000000e+00,3.632260719199999954e+01
1.151155395400000003e+01,-3.211393522899999908e+01,0.000000000000000000e+00,3.211393522899999908e+01,-3.564526300099999645e+01,0.000000000000000000e+00,3.564526300099999645e+01
1.153157387399999934e+01,-3.210121790899999894e+01,0.000000000000000000e+00,3.210121790899999894e+01,-3.505980499199999656e+01,0.000000000000000000e+00,3.505980499199999656e+01
1.155159379400000041e+01,-3.220335903899999863e+01,0.000000000000000000e+00,3.220335903899999863e+01,-3.428975642000000335e+01,0.000000000000000000e+00,3.428975642000000335e+01
1.157161371399999972e+01,-3.247919480899999911e+01,0.000000000000000000e+00,3.247919480899999911e+01,-3.329540564300000227e+01,0.000000000000000000e+00,3.329540564300000227e+01
1.159163363400000080e+01,-3.292711434999999653e+01,0.000000000000000000e+00,3.292711434999999653e+01,-3.253518533399999768e+01,0.000000000000000000e+00,3.253518533399999768e+01
1.161165355400000010e+01,-3.353410911999999655e+01,0.000000000000000000e+00,3.353410911999999655e+01,-3.166863849499999972e+01,0.000000000000000000e+00,3.166863849499999972e+01
1.163167347299999932e+01,-3.441172721099999876e+01,0.000000000000000000e+00,3.441172721099999876e+01,-3.112573225799999932e+01,0.000000000000000000e+00,3.112573225799999932e+01
1.165169339300000040e+01,-3.514678723400000138e+01,0.000000000000000000e+00,3.514678723400000138e+01,-3.080728380300000069e+01,0.000000000000000000e+00,3.080728380300000069e+01
1.167171331299999970e+01,-3.627170639500000249e+01,0.000000000000000000e+00,3.627170639500000249e+01,-3.027764485300000175e+01,0.000000000000000000e+00,3.027764485300000175e+01
1.169173323300000078e+01,-3.737338056600000158e+01,0.000000000000000000e+00,3.737338056600000158e+01,-2.978694737900000078e+01,0.000000000000000000e+00,2.978694737900000078e+01
1.171175315300000008e+01,-3.844128896200000156e+01,0.000000000000000000e+00,3.844128896200000156e+01,-2.952273179000000169e+01,0.000000000000000000e+00,2.952273179000000169e+01
1.173177307299999939e+01,-3.943989672899999732e+01,0.000000000000000000e+00,3.943989672899999732e+01,-2.943970902199999884e+01,0.000000000000000000e+00,2.943970902199999884e+01
1.175179299300000046e+01,-4.012556979499999699e+01,0.000000000000000000e+00,4.012556979499999699e+01,-2.918455136100000047e+01,0.000000000000000000e+00,2.918455136100000047e+01
1.177181291299999977e+01,-4.064972187600000098e+01,0.000000000000000000e+00,4.064972187600000098e+01,-2.923660634100000166e+01,0.000000000000000000e+00,2.923660634100000166e+01
1.179183283300000085e+01,-4.125543589099999764e+01,0.000000000000000000e+00,4.125543589099999764e+01,-2.926578621599999863e+01,0.000000000000000000e+00,2.926578621599999863e+01
1.181185275300000015e+01,-4.151979352600000084e+01,0.000000000000000000e+00,4.151979352600000084e+01,-2.915459737600000167e+01,0.000000000000000000e+00,2.915459737600000167e+01
1.183187267299999945e+01,-4.131215822400000093e+01,0.000000000000000000e+00,4.131215822400000093e+01,-2.935202066400000120e+01,0.000000000000000000e+00,2.935202066400000120e+01
1.185189259300000053e+01,-4.163228670699999867e+01,0.000000000000000000e+00,4.163228670699999867e+01,-2.957828563700000046e+01,0.000000000000000000e+00,2.957828563700000046e+01
1.187191251299999983e+01,-4.159202356499999809e+01,0.000000000000000000e+00,4.159202356499999809e+01,-2.983696133999999844e+01,0.000000000000000000e+00,2.983696133999999844e+01
1.189193243200000083e+01,-4.121293602699999781e+01,0.000000000000000000e+00,4.121293602699999781e+01,-3.000133804500000068e+01,0.000000000000000000e+00,3.000133804500000068e+01
1.191195235200000013e+01,-4.147950110699999726e+01,0.000000000000000000e+00,4.147950110699999726e+01,-3.050075357300000078e+01,0.000000000000000000e+00,3.050075357300000078e+01
1.193197227199999944e+01,-4.168645696299999770e+01,0.000000000000000000e+00,4.168645696299999770e+01,-3.063480429099999824e+01,0.000000000000000000e+00,3.063480429099999824e+01
1.195199219200000051e+01,-4.213143272599999989e+01,0.000000000000000000e+00,4.213143272599999989e+01,-3.106198804399999958e+01,0.000000000000000000e+00,3.106198804399999958e+01
1.197201211199999982e+01,-4.233470359100000024e+01,0.000000000000000000e+00,4.233470359100000024e+01,-3.160179578400000011e+01,0.000000000000000000e+00,3.160179578400000011e+01
1.199203203199999912e+01,-4.285896404300000029e+01,0.000000000000000000e+00,4.285896404300000029e+01,-3.199252262699999960e+01,0.000000000000000000e+00,3.199252262699999960e+01
1.201205195200000020e+01,-4.302420796500000222e+01,0.000000000000000000e+00,4.302420796500000222e+01,-3.259665262000000041e+01,0.000000000000000000e+00,3.259665262000000041e+01
1.203207187199999950e+01,-4.343033366099999881e+01,0.000000000000000000e+00,4.343033366099999881e+01,-3.348469929099999831e+01,0.000000000000000000e+00,3.348469929099999831e+01
1.205209179200000058e+01,-4.365893092299999978e+01,0.000000000000000000e+00,4.365893092299999978e+01,-3.458959970299999753e+01,0.000000000000000000e+00,3.458959970299999753e+01
1.207211171199999988e+01,-4.288791349400000286e+01,0.000000000000000000e+00,4.288791349400000286e+01,-3.574092294199999742e+01,0.000000000000000000e+00,3.574092294199999742e+01
1.209213163199999919e+01,-4.289694910400000083e+01,0.000000000000000000e+00,4.289694910400000083e+01,-3.649825793000000118e+01,0.000000000000000000e+00,3.649825793000000118e+01
1.211215155200000027e+01,-4.275360454500000174e+01,0.000000000000000000e+00,4.275360454500000174e+01,-3.773464003699999836e+01,0.000000000000000000e+00,3.773464003699999836e+01
1.213217147099999949e+01,-4.217429054099999775e+01,0.000000000000000000e+00,4.217429054099999775e+01,-3.917286292600000053e+01,0.000000000000000000e+00,3.917286292600000053e+01
1.215219139100000056e+01,-4.271323033699999883e+01,0.000000000000000000e+00,4.271323033699999883e+01,-3.900384667400000183e+01,0.000000000000000000e+00,3.900384667400000183e+01
1.217221131099999987e+01,-4.307226330600000352e+01,0.000000000000000000e+00,4.307226330600000352e+01,-3.850489448700000139e+01,0.000000000000000000e+00,3.850489448700000139e+01
1.219223123099999917e+01,-4.287352221599999780e+01,0.000000000000000000e+00,4.287352221599999780e+01,-3.905022812400000021e+01,0.000000000000000000e+00,3.905022812400000021e+01
1.221225115100000025e+01,-4.303000682100000063e+01,0.000000000000000000e+00,4.303000682100000063e+01,-3.830262691800000141e+01,0.000000000000000000e+00,3.830262691800000141e+01
1.223227107099999955e+01,-4.255778155000000140e+01,0.000000000000000000e+00,4.255778155000000140e+01,-3.734601943999999918e+01,0.000000000000000000e+00,3.734601943999999918e+01
1.225229099100000063e+01,-4.091872506800000053e+01,0.000000000000000000e+00,4.091872506800000053e+01,-3.723090826499999650e+01,0.000000000000000000e+00,3.723090826499999650e+01
1.227231091099999993e+01,-4.003479902499999810e+01,0.000000000000000000e+00,4.003479902499999810e+01,-3.678556449300000253e+01,0.000000000000000000e+00,3.678556449300000253e+01
1.229233083099999924e+01,-3.868204298500000249e+01,0.000000000000000000e+00,3.868204298500000249e+01,-3.616373098100000050e+01,0.000000000000000000e+00,3.616373098100000050e+01
1.231235075100000032e+01,-3.782848605000000219e+01,0.000000000000000000e+00,3.782848605000000219e+01,-3.506122412599999905e+01,0.000000000000000000e+00,3.506122412599999905e+01
1.233237067099999962e+01,-3.732672036000000304e+01,0.000000000000000000e+00,3.732672036000000304e+01,-3.490459494699999965e+01,0.000000000000000000e+00,3.490459494699999965e+01
1.235239059100000070e+01,-3.702259495500000241e+01,0.000000000000000000e+00,3.702259495500000241e+01,-3.452206573899999853e+01,0.000000000000000000e+00,3.452206573899999853e+01
1.237241051100000000e+01,-3.690617799799999688e+01,0.000000000000000000e+00,3.690617799799999688e+01,-3.390562392300000027e+01,0.000000000000000000e+00,3.390562392300000027e+01
1.239243042999999922e+01,-3.716888201799999791e+01,0.000000000000000000e+00,3.716888201799999791e+01,-3.330958247800000294e+01,0.000000000000000000e+00,3.330958247800000294e+01
1.241245035000000030e+01,-3.759763579300000202e+01,0.000000000000000000e+00,3.759763579300000202e+01,-3.330010326299999690e+01,0.000000000000000000e+00,3.330010326299999690e+01
1.243247026999999960e+01,-3.743784019900000004e+01,0.000000000000000000e+00,3.743784019900000004e+01,-3.338617127199999857e+01,0.000000000000000000e+00,3.338617127199999857e+01
1.245249019000000068e+01,-3.818203075200000285e+01,0.000000000000000000e+00,3.818203075200000285e+01,-3.310964892399999826e+01,0.000000000000000000e+00,3.310964892399999826e+01
1.247251010999999998e+01,-3.954870472799999703e+01,0.000000000000000000e+00,3.954870472799999703e+01,-3.296546382399999686e+01,0.000000000000000000e+00,3.296546382399999686e+01
1.249253002999999929e+01,-4.073293444000000108e+01,0.000000000000000000e+00,4.073293444000000108e+01,-3.348633843300000024e+01,0.000000000000000000e+00,3.348633843300000024e+01
1.251254995000000036e+01,-4.118171167199999871e+01,0.000000000000000000e+00,4.118171167199999871e+01,-3.355422597999999823e+01,0.000000000000000000e+00,3.355422597999999823e+01
1.253256986999999967e+01,-4.273110710499999954e+01,0.000000000000000000e+00,4.273110710499999954e+01,-3.358732614200000199e+01,0.000000000000000000e+00,3.358732614200000199e+01
1.255258979000000075e+01,-4.296089816700000341e+01,0.000000000000000000e+00,4.296089816700000341e+01,-3.410639897800000142e+01,0.000000000000000000e+00,3.410639897800000142e+01
1.257260971000000005e+01,-4.143680343700000179e+01,0.000000000000000000e+00,4.143680343700000179e+01,-3.467809362700000264e+01,0.000000000000000000e+00,3.467809362700000264e+01
1.259262962999999935e+01,-3.992275301200000115e+01,0.000000000000000000e+00,3.992275301200000115e+01,-3.478090116300000290e+01,0.000000000000000000e+00,3.478090116300000290e+01
1.261264955000000043e+01,-3.933974152599999741e+01,0.000000000000000000e+00,3.933974152599999741e+01,-3.478931301699999779e+01,0.000000000000000000e+00,3.478931301699999779e+01
1.263266946899999965e+01,-3.895278110299999952e+01,0.000000000000000000e+00,3.895278110299999952e+01,-3.503675882900000005e+01,0.000000000000000000e+00,3.503675882900000005e+01
1.265268938900000073e+01,-3.774634925800000218e+01,0.000000000000000000e+00,3.774634925800000218e+01,-3.537368335899999749e+01,0.000000000000000000e+00,3.537368335899999749e+01
1.267270930900000003e+01,-3.702444583999999850e+01,0.000000000000000000e+00,3.702444583999999850e+01,-3.563420386100000314e+01,0.000000000000000000e+00,3.563420386100000314e+01
1.269272922899999934e+01,-3.615818336899999963e+01,0.000000000000000000e+00,3.615818336899999963e+01,-3.557129187599999653e+01,0.000000000000000000e+00,3.557129187599999653e+01
1.271274914900000041e+01,-3.484098058400000042e+01,0.000000000000000000e+00,3.484098058400000042e+01,-3.635789092000000267e+01,0.000000000000000000e+00,3.635789092000000267e+01
1.273276906899999972e+01,-3.346030073600000065e+01,0.000000000000000000e+00,3.346030073600000065e+01,-3.693405786099999943e+01,0.000000000000000000e+00,3.693405786099999943e+01
1.275278898900000080e+01,-3.271860895900000088e+01,0.000000000000000000e+00,3.271860895900000088e+01,-3.729741498100000285e+01,0.000000000000000000e+00,3.729741498100000285e+01
1.277280890900000010e+01,-3.245547622699999835e+01,0.000000000000000000e+00,3.245547622699999835e+01,-3.722029426999999657e+01,0.000000000000000000e+00,3.722029426999999657e+01
1.279282882899999940e+01,-3.284531403599999777e+01,0.000000000000000000e+00,3.284531403599999777e+01,-3.697204992399999668e+01,0.000000000000000000e+00,3.697204992399999668e+01
1.281284874900000048e+01,-3.389587853700000153e+01,0.000000000000000000e+00,3.389587853700000153e+01,-3.622906250100000136e+01,0.000000000000000000e+00,3.622906250100000136e+01
1.283286866899999978e+01,-3.583509131400000314e+01,0.000000000000000000e+00,3.583509131400000314e+01,-3.558809046900000084e+01,0.000000000000000000e+00,3.558809046900000084e+01
1.285288858900000086e+01,-3.851125870599999956e+01,0.000000000000000000e+00,3.851125870599999956e+01,-3.510567979199999655e+01,0.000000000000000000e+00,3.510567979199999655e+01
1.287290850900000017e+01,-3.969606978899999916e+01,0.000000000000000000e+00,3.969606978899999916e+01,-3.498807105699999909e+01,0.000000000000000000e+00,3.498807105699999909e+01
1.289292842799999939e+01,-4.040565199099999916e+01,0.000000000000000000e+00,4.040565199099999916e+01,-3.461310501199999834e+01,0.000000000000000000e+00,3.461310501199999834e+01
1.291294834800000046e+01,-4.087845974799999738e+01,0.000000000000000000e+00,4.087845974799999738e+01,-3.437050632999999777e+01,0.000000000000000000e+00,3.437050632999999777e+01
1.293296826799999977e+01,-4.169220837600000351e+01,0.000000000000000000e+00,4.169220837600000351e+01,-3.419776269900000187e+01,0.000000000000000000e+00,3.419776269900000187e+01
1.295298818800000085e+01,-4.372061371400000240e+01,0.000000000000000000e+00,4.372061371400000240e+01,-3.419780191600000308e+01,0.000000000000000000e+00,3.419780191600000308e+01
1.297300810800000015e+01,-4.782352504299999651e+01,0.000000000000000000e+00,4.782352504299999651e+01,-3.476831676999999843e+01,0.000000000000000000e+00,3.476831676999999843e+01
1.299302802799999945e+01,-5.251379591100000255e+01,0.000000000000000000e+00,5.251379591100000255e+01,-3.539119364599999784e+01,0.000000000000000000e+00,3.539119364599999784e+01
1.301304794800000053e+01,-5.009856380099999740e+01,0.000000000000000000e+00,5.009856380099999740e+01,-3.645187984799999725e+01,0.000000000000000000e+00,3.645187984799999725e+01
1.303306786799999983e+01,-4.607857773500000320e+01,0.000000000000000000e+00,4.607857773500000320e+01,-3.751813460399999656e+01,0.000000000000000000e+00,3.751813460399999656e+01
1.305308778799999914e+01,-4.239454999600000207e+01,0.000000000000000000e+00,4.239454999600000207e+01,-3.896366510000000005e+01,0.000000000000000000e+00,3.896366510000000005e+01
1.307310770800000022e+01,-4.058376620899999665e+01,0.000000000000000000e+00,4.058376620899999665e+01,-4.095373895600000225e+01,0.000000000000000000e+00,4.095373895600000225e+01
1.309312762799999952e+01,-3.943306209499999682e+01,0.000000000000000000e+00,3.943306209499999682e+01,-4.285639150200000103e+01,0.000000000000000000e+00,4.285639150200000103e+01
1.311314754800000060e+01,-3.929183377700000079e+01,0.000000000000000000e+00,3.929183377700000079e+01,-4.555142175600000343e+01,0.000000000000000000e+00,4.555142175600000343e+01
1.313316746699999982e+01,-3.867221048799999750e+01,0.000000000000000000e+00,3.867221048799999750e+01,-4.788886374700000204e+01,0.000000000000000000e+00,4.788886374700000204e+01
1.315318738699999912e+01,-3.783935381900000294e+01,0.000000000000000000e+00,3.783935381900000294e+01,-5.204305567200000127e+01,0.000000000000000000e+00,5.204305567200000127e+01
1.317320730700000020e+01,-3.730187606399999822e+01,0.000000000000000000e+00,3.730187606399999822e+01,-6.221966567500000167e+01,0.000000000000000000e+00,6.221966567500000167e+01
1.319322722699999950e+01,-3.603895180600000003e+01,0.000000000000000000e+00,3.603895180600000003e+01,-4.782024203200000301e+01,0.000000000000000000e+00,4.782024203200000301e+01
1.321324714700000058e+01,-3.523389317000000176e+01,0.000000000000000000e+00,3.523389317000000176e+01,-4.312791559400000097e+01,0.000000000000000000e+00,4.312791559400000097e+01
1.323326706699999988e+01,-3.417469354699999684e+01,0.000000000000000000e+00,3.417469354699999684e+01,-3.945830052800000232e+01,0.000000000000000000e+00,3.945830052800000232e+01
1.325328698699999919e+01,-3.325512345399999958e+01,0.000000000000000000e+00,3.325512345399999958e+01,-3.638699043100000097e+01,0.000000000000000000e+00,3.638699043100000097e+01
1.327330690700000027e+01,-3.235392932199999905e+01,0.000000000000000000e+00,3.235392932199999905e+01,-3.404897384699999918e+01,0.000000000000000000e+00,3.404897384699999918e+01
1.329332682699999957e+01,-3.185637735699999951e+01,0.000000000000000000e+00,3.185637735699999951e+01,-3.258324993200000108e+01,0.000000000000000000e+00,3.258324993200000108e+01
1.331334674700000065e+01,-3.169498000500000146e+01,0.000000000000000000e+00,3.169498000500000146e+01,-3.145298362899999844e+01,0.000000000000000000e+00,3.145298362899999844e+01
1.333336666699999995e+01,-3.141471445099999826e+01,0.000000000000000000e+00,3.141471445099999826e+01,-3.068970224299999927e+01,0.000000000000000000e+00,3.068970224299999927e+01
1.335338658699999925e+01,-3.134990369300000168e+01,0.000000000000000000e+00,3.134990369300000168e+01,-3.006022405599999914e+01,0.000000000000000000e+00,3.006022405599999914e+01
1.337340650700000033e+01,-3.166527306300000077e+01,0.000000000000000000e+00,3.166527306300000077e+01,-2.964783648599999921e+01,0.000000000000000000e+00,2.964783648599999921e+01
1.339342642599999955e+01,-3.182782195600000108e+01,0.000000000000000000e+00,3.182782195600000108e+01,-2.952662053799999953e+01,0.000000000000000000e+00,2.952662053799999953e+01
1.341344634600000063e+01,-3.168090030000000112e+01,0.000000000000000000e+00,3.168090030000000112e+01,-2.948960511399999973e+01,0.000000000000000000e+00,2.948960511399999973e+01
1.343346626599999993e+01,-3.160181760800000106e+01,0.000000000000000000e+00,3.160181760800000106e+01,-2.963551854199999980e+01,0.000000000000000000e+00,2.963551854199999980e+01
1.345348618599999924e+01,-3.179985525100000032e+01,0.000000000000000000e+00,3.179985525100000032e+01,-2.977532814899999991e+01,0.000000000000000000e+00,2.977532814899999991e+01
1.347350610600000032e+01,-3.195289027300000129e+01,0.000000000000000000e+00,3.195289027300000129e+01,-3.029985495000000029e+01,0.000000000000000000e+00,3.029985495000000029e+01
1.349352602599999962e+01,-3.216961896699999812e+01,0.000000000000000000e+00,3.216961896699999812e+01,-3.113547129100000177e+01,0.000000000000000000e+00,3.113547129100000177e+01
1.351354594600000070e+01,-3.261079158399999756e+01,0.000000000000000000e+00,3.261079158399999756e+01,-3.215972900199999884e+01,0.000000000000000000e+00,3.215972900199999884e+01
1.353356586600000000e+01,-3.345288076899999652e+01,0.000000000000000000e+00,3.345288076899999652e+01,-3.362079116999999684e+01,0.000000000000000000e+00,3.362079116999999684e+01
1.355358578599999930e+01,-3.437708272700000123e+01,0.000000000000000000e+00,3.437708272700000123e+01,-3.532708212899999722e+01,0.000000000000000000e+00,3.532708212899999722e+01
1.357360570600000038e+01,-3.520629182599999751e+01,0.000000000000000000e+00,3.520629182599999751e+01,-3.776286967400000094e+01,0.000000000000000000e+00,3.776286967400000094e+01
1.359362562599999968e+01,-3.572996285699999675e+01,0.000000000000000000e+00,3.572996285699999675e+01,-4.036173403099999746e+01,0.000000000000000000e+00,4.036173403099999746e+01
1.361364554600000076e+01,-3.539470751399999671e+01,0.000000000000000000e+00,3.539470751399999671e+01,-3.993769481999999726e+01,0.000000000000000000e+00,3.993769481999999726e+01
1.363366546499999998e+01,-3.541675921000000216e+01,0.000000000000000000e+00,3.541675921000000216e+01,-3.696206973999999690e+01,0.000000000000000000e+00,3.696206973999999690e+01
1.365368538499999929e+01,-3.574770871799999838e+01,0.000000000000000000e+00,3.574770871799999838e+01,-3.487157312499999762e+01,0.000000000000000000e+00,3.487157312499999762e+01
1.367370530500000037e+01,-3.648334584599999886e+01,0.000000000000000000e+00,3.648334584599999886e+01,-3.368725226800000172e+01,0.000000000000000000e+00,3.368725226800000172e+01
1.369372522499999967e+01,-3.671607725799999855e+01,0.000000000000000000e+00,3.671607725799999855e+01,-3.288531855499999779e+01,0.000000000000000000e+00,3.288531855499999779e+01
1.371374514500000075e+01,-3.627023727099999917e+01,0.000000000000000000e+00,3.627023727099999917e+01,-3.185323462499999891e+01,0.000000000000000000e+00,3.185323462499999891e+01
1.373376506500000005e+01,-3.520425140399999719e+01,0.000000000000000000e+00,3.520425140399999719e+01,-3.101951598899999851e+01,0.000000000000000000e+00,3.101951598899999851e+01
1.375378498499999935e+01,-3.477064779700000230e+01,0.000000000000000000e+00,3.477064779700000230e+01,-3.068848642200000043e+01,0.000000000000000000e+00,3.068848642200000043e+01
1.377380490500000043e+01,-3.488075749000000059e+01,0.000000000000000000e+00,3.488075749000000059e+01,-3.048051212900000095e+01,0.000000000000000000e+00,3.048051212900000095e+01
1.379382482499999973e+01,-3.487190108600000116e+01,0.000000000000000000e+00,3.487190108600000116e+01,-3.059863248399999947e+01,0.000000000000000000e+00,3.059863248399999947e+01
1.381384474500000081e+01,-3.505526716399999998e+01,0.000000000000000000e+00,3.505526716399999998e+01,-3.140136332799999863e+01,0.000000000000000000e+00,3.140136332799999863e+01
1.383386466500000012e+01,-3.552630410799999794e+01,0.000000000000000000e+00,3.552630410799999794e+01,-3.249987909499999716e+01,0.000000000000000000e+00,3.249987909499999716e+01
1.385388458499999942e+01,-3.598465329700000126e+01,0.000000000000000000e+00,3.598465329700000126e+01,-3.340562654800000075e+01,0.000000000000000000e+00,3.340562654800000075e+01
1.387390450500000050e+01,-3.566019090000000347e+01,0.000000000000000000e+00,3.566019090000000347e+01,-3.433954952900000279e+01,0.000000000000000000e+00,3.433954952900000279e+01
1.389392442399999972e+01,-3.560286624199999750e+01,0.000000000000000000e+00,3.560286624199999750e+01,-3.513001647299999775e+01,0.000000000000000000e+00,3.513001647299999775e+01
1.391394434400000080e+01,-3.568851206099999729e+01,0.000000000000000000e+00,3.568851206099999729e+01,-3.614563186899999891e+01,0.000000000000000000e+00,3.614563186899999891e+01
1.393396426400000010e+01,-3.586953049000000249e+01,0.000000000000000000e+00,3.586953049000000249e+01,-3.767524214000000171e+01,0.000000000000000000e+00,3.767524214000000171e+01
1.395398418399999940e+01,-3.625183445799999760e+01,0.000000000000000000e+00,3.625183445799999760e+01,-3.938802092699999946e+01,0.000000000000000000e+00,3.938802092699999946e+01
1.397400410400000048e+01,-3.651823637300000058e+01,0.000000000000000000e+00,3.651823637300000058e+01,-4.130659525600000137e+01,0.000000000000000000e+00,4.130659525600000137e+01
1.399402402399999978e+01,-3.705029050699999971e+01,0.000000000000000000e+00,3.705029050699999971e+01,-4.422453301000000181e+01,0.000000000000000000e+00,4.422453301000000181e+01
1.401404394400000086e+01,-3.755124833499999681e+01,0.000000000000000000e+00,3.755124833499999681e+01,-4.796660580799999707e+01,0.000000000000000000e+00,4.796660580799999707e+01
1.403406386400000017e+01,-3.744497564600000317e+01,0.000000000000000000e+00,3.744497564600000317e+01,-5.614288949899999892e+01,0.000000000000000000e+00,5.614288949899999892e+01
1.405408378399999947e+01,-3.769921268899999944e+01,0.000000000000000000e+00,3.769921268899999944e+01,-6.044830787699999775e+01,0.000000000000000000e+00,6.044830787699999775e+01
1.407410370400000055e+01,-3.820114753099999660e+01,0.000000000000000000e+00,3.820114753099999660e+01,-5.317332110299999925e+01,0.000000000000000000e+00,5.317332110299999925e+01
1.409412362399999985e+01,-3.781838867900000167e+01,0.000000000000000000e+00,3.781838867900000167e+01,-4.884215155900000127e+01,0.000000000000000000e+00,4.884215155900000127e+01
1.411414354399999915e+01,-3.770999442299999771e+01,0.000000000000000000e+00,3.770999442299999771e+01,-4.617504294599999781e+01,0.000000000000000000e+00,4.617504294599999781e+01
1.413416346300000015e+01,-3.713219699199999724e+01,0.000000000000000000e+00,3.713219699199999724e+01,-4.486988012999999853e+01,0.000000000000000000e+00,4.486988012999999853e+01
1.415418338299999945e+01,-3.770070251799999994e+01,0.000000000000000000e+00,3.770070251799999994e+01,-4.357231854500000168e+01,0.000000000000000000e+00,4.357231854500000168e+01
1.417420330300000053e+01,-3.830212068299999828e+01,0.000000000000000000e+00,3.830212068299999828e+01,-4.237073498699999874e+01,0.000000000000000000e+00,4.237073498699999874e+01
1.419422322299999983e+01,-3.826959533899999855e+01,0.000000000000000000e+00,3.826959533899999855e+01,-4.101975117899999645e+01,0.000000000000000000e+00,4.101975117899999645e+01
1.421424314299999914e+01,-3.815524594899999755e+01,0.000000000000000000e+00,3.815524594899999755e+01,-3.937772449599999902e+01,0.000000000000000000e+00,3.937772449599999902e+01
1.423426306300000022e+01,-3.838353911400000129e+01,0.000000000000000000e+00,3.838353911400000129e+01,-3.883472987999999759e+01,0.000000000000000000e+00,3.883472987999999759e+01
1.425428298299999952e+01,-3.891801021599999899e+01,0.000000000000000000e+00,3.891801021599999899e+01,-3.836528736199999656e+01,0.000000000000000000e+00,3.836528736199999656e+01
1.427430290300000060e+01,-3.906825859599999973e+01,0.000000000000000000e+00,3.906825859599999973e+01,-3.732263505400000270e+01,0.000000000000000000e+00,3.732263505400000270e+01
1.429432282299999990e+01,-3.970751438500000319e+01,0.000000000000000000e+00,3.970751438500000319e+01,-3.653097219299999665e+01,0.000000000000000000e+00,3.653097219299999665e+01
1.431434274299999920e+01,-4.062267033100000191e+01,0.000000000000000000e+00,4.062267033100000191e+01,-3.611756676299999924e+01,0.000000000000000000e+00,3.611756676299999924e+01
1.433436266300000028e+01,-4.141270577600000280e+01,0.000000000000000000e+00,4.141270577600000280e+01,-3.568170779300000106e+01,0.000000000000000000e+00,3.568170779300000106e+01
1.435438258299999958e+01,-4.284094179400000257e+01,0.000000000000000000e+00,4.284094179400000257e+01,-3.499045404099999956e+01,0.000000000000000000e+00,3.499045404099999956e+01
1.437440250300000066e+01,-4.524794811000000294e+01,0.000000000000000000e+00,4.524794811000000294e+01,-3.473571213000000313e+01,0.000000000000000000e+00,3.473571213000000313e+01
1.439442242199999988e+01,-4.757685673600000342e+01,0.000000000000000000e+00,4.757685673600000342e+01,-3.475227721299999928e+01,0.000000000000000000e+00,3.475227721299999928e+01
1.441444234199999919e+01,-5.030299009200000171e+01,0.000000000000000000e+00,5.030299009200000171e+01,-3.489920969100000292e+01,0.000000000000000000e+00,3.489920969100000292e+01
1.443446226200000027e+01,-5.117866449200000289e+01,0.000000000000000000e+00,5.117866449200000289e+01,-3.506789886699999670e+01,0.000000000000000000e+00,3.506789886699999670e+01
1.445448218199999957e+01,-5.523777090899999820e+01,0.000000000000000000e+00,5.523777090899999820e+01,-3.530743668600000262e+01,0.000000000000000000e+00,3.530743668600000262e+01
1.447450210200000065e+01,-5.666879176300000154e+01,0.000000000000000000e+00,5.666879176300000154e+01,-3.568616129200000131e+01,0.000000000000000000e+00,3.568616129200000131e+01
1.449452202199999995e+01,-5.175257311899999735e+01,0.000000000000000000e+00,5.175257311899999735e+01,-3.644451391599999823e+01,0.000000000000000000e+00,3.644451391599999823e+01
1.451454194199999925e+01,-4.934366176200000353e+01,0.000000000000000000e+00,4.934366176200000353e+01,-3.703506696000000176e+01,0.000000000000000000e+00,3.703506696000000176e+01
1.453456186200000033e+01,-4.692666675499999940e+01,0.000000000000000000e+00,4.692666675499999940e+01,-3.710717428299999909e+01,0.000000000000000000e+00,3.710717428299999909e+01
1.455458178199999963e+01,-4.462426309100000310e+01,0.000000000000000000e+00,4.462426309100000310e+01,-3.747110402599999901e+01,0.000000000000000000e+00,3.747110402599999901e+01
1.457460170200000071e+01,-4.305320315400000197e+01,0.000000000000000000e+00,4.305320315400000197e+01,-3.775768962800000139e+01,0.000000000000000000e+00,3.775768962800000139e+01
1.459462162200000002e+01,-4.236168696000000011e+01,0.000000000000000000e+00,4.236168696000000011e+01,-3.767576317099999983e+01,0.000000000000000000e+00,3.767576317099999983e+01
1.461464154199999932e+01,-4.132724924200000061e+01,0.000000000000000000e+00,4.132724924200000061e+01,-3.744877424700000290e+01,0.000000000000000000e+00,3.744877424700000290e+01
1.463466146100000032e+01,-4.142012153600000346e+01,0.000000000000000000e+00,4.142012153600000346e+01,-3.700187971199999737e+01,0.000000000000000000e+00,3.700187971199999737e+01
1.465468138099999962e+01,-4.038253696700000006e+01,0.000000000000000000e+00,4.038253696700000006e+01,-3.633444671400000203e+01,0.000000000000000000e+00,3.633444671400000203e+01
1.467470130100000070e+01,-3.949028286899999785e+01,0.000000000000000000e+00,3.949028286899999785e+01,-3.530036269699999707e+01,0.000000000000000000e+00,3.530036269699999707e+01
1.469472122100000000e+01,-3.937335850899999912e+01,0.000000000000000000e+00,3.937335850899999912e+01,-3.433720006600000119e+01,0.000000000000000000e+00,3.433720006600000119e+01
1.471474114099999930e+01,-3.955803865200000047e+01,0.000000000000000000e+00,3.955803865200000047e+01,-3.364119997299999909e+01,0.000000000000000000e+00,3.364119997299999909e+01
1.473476106100000038e+01,-3.929812772300000034e+01,0.000000000000000000e+00,3.929812772300000034e+01,-3.298249450299999808e+01,0.000000000000000000e+00,3.298249450299999808e+01
1.475478098099999968e+01,-3.941249390699999822e+01,0.000000000000000000e+00,3.941249390699999822e+01,-3.245331601200000193e+01,0.000000000000000000e+00,3.245331601200000193e+01
1.477480090100000076e+01,-3.972803138900000164e+01,0.000000000000000000e+00,3.972803138900000164e+01,-3.221063497400000131e+01,0.000000000000000000e+00,3.221063497400000131e+01
1.479482082100000007e+01,-4.062528326000000334e+01,0.000000000000000000e+00,4.062528326000000334e+01,-3.186298147100000122e+01,0.000000000000000000e+00,3.186298147100000122e+01
1.481484074099999937e+01,-4.075545494299999660e+01,0.000000000000000000e+00,4.075545494299999660e+01,-3.160598596099999824e+01,0.000000000000000000e+00,3.160598596099999824e+01
1.483486066100000045e+01,-4.171448291400000130e+01,0.000000000000000000e+00,4.171448291400000130e+01,-3.152929990299999830e+01,0.000000000000000000e+00,3.152929990299999830e+01
1.485488058099999975e+01,-4.257091850500000163e+01,0.000000000000000000e+00,4.257091850500000163e+01,-3.157172168600000006e+01,0.000000000000000000e+00,3.157172168600000006e+01
1.487490050100000083e+01,-4.267806753299999656e+01,0.000000000000000000e+00,4.267806753299999656e+01,-3.144019954799999894e+01,0.000000000000000000e+00,3.144019954799999894e+01
1.489492042000000005e+01,-4.391034505999999737e+01,0.000000000000000000e+00,4.391034505999999737e+01,-3.140786436599999831e+01,0.000000000000000000e+00,3.140786436599999831e+01
1.491494033999999935e+01,-4.555191812399999662e+01,0.000000000000000000e+00,4.555191812399999662e+01,-3.131366726999999983e+01,0.000000000000000000e+00,3.131366726999999983e+01
1.493496026000000043e+01,-4.604084143200000057e+01,0.000000000000000000e+00,4.604084143200000057e+01,-3.135731455299999837e+01,0.000000000000000000e+00,3.135731455299999837e+01
1.495498017999999973e+01,-4.737435247300000185e+01,0.000000000000000000e+00,4.737435247300000185e+01,-3.134407528099999851e+01,0.000000000000000000e+00,3.134407528099999851e+01
1.497500010000000081e+01,-5.074181872399999804e+01,0.000000000000000000e+00,5.074181872399999804e+01,-3.153935303400000123e+01,0.000000000000000000e+00,3.153935303400000123e+01
1.499502002000000012e+01,-5.391601716499999952e+01,0.000000000000000000e+00,5.391601716499999952e+01,-3.167062251999999845e+01,0.000000000000000000e+00,3.167062251999999845e+01
1.501503993999999942e+01,-5.607893402999999921e+01,0.000000000000000000e+00,5.607893402999999921e+01,-3.201366516699999920e+01,0.000000000000000000e+00,3.201366516699999920e+01
1.503505986000000050e+01,-5.587714782199999775e+01,0.000000000000000000e+00,5.587714782199999775e+01,-3.232236682300000297e+01,0.000000000000000000e+00,3.232236682300000297e+01
1.505507977999999980e+01,-5.094730855000000247e+01,0.000000000000000000e+00,5.094730855000000247e+01,-3.260813639999999936e+01,0.000000000000000000e+00,3.260813639999999936e+01
1.507509970000000088e+01,-4.771474526400000116e+01,0.000000000000000000e+00,4.771474526400000116e+01,-3.300444861199999735e+01,0.000000000000000000e+00,3.300444861199999735e+01
1.509511962000000018e+01,-4.523330475499999892e+01,0.000000000000000000e+00,4.523330475499999892e+01,-3.313856950000000268e+01,0.000000000000000000e+00,3.313856950000000268e+01
1.511513953999999949e+01,-4.350529795500000318e+01,0.000000000000000000e+00,4.350529795500000318e+01,-3.344998823499999929e+01,0.000000000000000000e+00,3.344998823499999929e+01
1.513515945900000048e+01,-4.241525670299999717e+01,0.000000000000000000e+00,4.241525670299999717e+01,-3.382617027900000295e+01,0.000000000000000000e+00,3.382617027900000295e+01
1.515517937899999978e+01,-4.170195578900000299e+01,0.000000000000000000e+00,4.170195578900000299e+01,-3.400708671799999649e+01,0.000000000000000000e+00,3.400708671799999649e+01
1.517519929900000086e+01,-4.144916052800000017e+01,0.000000000000000000e+00,4.144916052800000017e+01,-3.428902694199999956e+01,0.000000000000000000e+00,3.428902694199999956e+01
1.519521921900000017e+01,-4.217006828200000257e+01,0.000000000000000000e+00,4.217006828200000257e+01,-3.456645342099999851e+01,0.000000000000000000e+00,3.456645342099999851e+01
1.521523913899999947e+01,-4.265668860800000317e+01,0.000000000000000000e+00,4.265668860800000317e+01,-3.502892723600000124e+01,0.000000000000000000e+00,3.502892723600000124e+01
1.523525905900000055e+01,-4.320222407699999678e+01,0.000000000000000000e+00,4.320222407699999678e+01,-3.528292184400000053e+01,0.000000000000000000e+00,3.528292184400000053e+01
1.525527897899999985e+01,-4.495139467599999961e+01,0.000000000000000000e+00,4.495139467599999961e+01,-3.577608685500000263e+01,0.000000000000000000e+00,3.577608685500000263e+01
1.527529889899999915e+01,-4.609448398800000035e+01,0.000000000000000000e+00,4.609448398800000035e+01,-3.625479048399999726e+01,0.000000000000000000e+00,3.625479048399999726e+01
1.529531881900000023e+01,-4.606098760599999764e+01,0.000000000000000000e+00,4.606098760599999764e+01,-3.656351361800000177e+01,0.000000000000000000e+00,3.656351361800000177e+01
1.531533873899999953e+01,-4.375712019800000263e+01,0.000000000000000000e+00,4.375712019800000263e+01,-3.640534032299999723e+01,0.000000000000000000e+00,3.640534032299999723e+01
1.533535865900000061e+01,-4.181360043400000137e+01,0.000000000000000000e+00,4.181360043400000137e+01,-3.623584042200000255e+01,0.000000000000000000e+00,3.623584042200000255e+01
1.535537857899999992e+01,-3.992437969400000242e+01,0.000000000000000000e+00,3.992437969400000242e+01,-3.559709511599999843e+01,0.000000000000000000e+00,3.559709511599999843e+01
1.537539849799999914e+01,-3.800802800400000336e+01,0.000000000000000000e+00,3.800802800400000336e+01,-3.438321275300000224e+01,0.000000000000000000e+00,3.438321275300000224e+01
1.539541841800000022e+01,-3.644897108499999661e+01,0.000000000000000000e+00,3.644897108499999661e+01,-3.301322328199999845e+01,0.000000000000000000e+00,3.301322328199999845e+01
1.541543833799999952e+01,-3.559394600299999922e+01,0.000000000000000000e+00,3.559394600299999922e+01,-3.189619377500000041e+01,0.000000000000000000e+00,3.189619377500000041e+01
1.543545825800000060e+01,-3.486681462800000020e+01,0.000000000000000000e+00,3.486681462800000020e+01,-3.091120758499999965e+01,0.000000000000000000e+00,3.091120758499999965e+01
1.545547817799999990e+01,-3.415765195499999862e+01,0.000000000000000000e+00,3.415765195499999862e+01,-3.007362313799999853e+01,0.000000000000000000e+00,3.007362313799999853e+01
1.547549809799999920e+01,-3.332827984400000076e+01,0.000000000000000000e+00,3.332827984400000076e+01,-2.904328326299999929e+01,0.000000000000000000e+00,2.904328326299999929e+01
1.549551801800000028e+01,-3.305118359299999753e+01,0.000000000000000000e+00,3.305118359299999753e+01,-2.849912683899999877e+01,0.000000000000000000e+00,2.849912683899999877e+01
1.551553793799999958e+01,-3.284696287599999920e+01,0.000000000000000000e+00,3.284696287599999920e+01,-2.814177675899999898e+01,0.000000000000000000e+00,2.814177675899999898e+01
1.553555785800000066e+01,-3.221684775599999995e+01,0.000000000000000000e+00,3.221684775599999995e+01,-2.778748744700000017e+01,0.000000000000000000e+00,2.778748744700000017e+01
1.555557777799999997e+01,-3.179957057600000070e+01,0.000000000000000000e+00,3.179957057600000070e+01,-2.751547927200000032e+01,0.000000000000000000e+00,2.751547927200000032e+01
1.557559769799999927e+01,-3.156887983900000094e+01,0.000000000000000000e+00,3.156887983900000094e+01,-2.753483688800000095e+01,0.000000000000000000e+00,2.753483688800000095e+01
1.559561761800000035e+01,-3.110189131499999959e+01,0.000000000000000000e+00,3.110189131499999959e+01,-2.765031318400000160e+01,0.000000000000000000e+00,2.765031318400000160e+01
1.561563753799999965e+01,-3.071847795000000048e+01,0.000000000000000000e+00,3.071847795000000048e+01,-2.759867183600000118e+01,0.000000000000000000e+00,2.759867183600000118e+01
1.563565745700000065e+01,-3.041167548099999962e+01,0.000000000000000000e+00,3.041167548099999962e+01,-2.779486492799999908e+01,0.000000000000000000e+00,2.779486492799999908e+01
1.565567737699999995e+01,-3.026631901000000013e+01,0.000000000000000000e+00,3.026631901000000013e+01,-2.810508999600000024e+01,0.000000000000000000e+00,2.810508999600000024e+01
1.567569729699999925e+01,-3.018462382299999902e+01,0.000000000000000000e+00,3.018462382299999902e+01,-2.817200036499999882e+01,0.000000000000000000e+00,2.817200036499999882e+01
1.569571721700000033e+01,-3.001792476299999990e+01,0.000000000000000000e+00,3.001792476299999990e+01,-2.848087939199999852e+01,0.000000000000000000e+00,2.848087939199999852e+01
1.571573713699999963e+01,-3.000061308000000082e+01,0.000000000000000000e+00,3.000061308000000082e+01,-2.860088324899999890e+01,0.000000000000000000e+00,2.860088324899999890e+01
1.573575705700000071e+01,-3.023885612000000123e+01,0.000000000000000000e+00,3.023885612000000123e+01,-2.850900065700000141e+01,0.000000000000000000e+00,2.850900065700000141e+01
1.575577697700000002e+01,-3.061758083200000158e+01,0.000000000000000000e+00,3.061758083200000158e+01,-2.833241855900000061e+01,0.000000000000000000e+00,2.833241855900000061e+01
1.577579689699999932e+01,-3.073114597900000078e+01,0.000000000000000000e+00,3.073114597900000078e+01,-2.811395142099999944e+01,0.000000000000000000e+00,2.811395142099999944e+01
1.579581681700000040e+01,-3.087530598000000026e+01,0.000000000000000000e+00,3.087530598000000026e+01,-2.776787020700000141e+01,0.000000000000000000e+00,2.776787020700000141e+01
1.581583673699999970e+01,-3.170986809600000100e+01,0.000000000000000000e+00,3.170986809600000100e+01,-2.753629992000000115e+01,0.000000000000000000e+00,2.753629992000000115e+01
1.583585665700000078e+01,-3.191059751199999894e+01,0.000000000000000000e+00,3.191059751199999894e+01,-2.740831824300000008e+01,0.000000000000000000e+00,2.740831824300000008e+01
1.585587657700000008e+01,-3.196822369899999927e+01,0.000000000000000000e+00,3.196822369899999927e+01,-2.750005999600000095e+01,0.000000000000000000e+00,2.750005999600000095e+01
1.587589649599999930e+01,-3.196688047099999963e+01,0.000000000000000000e+00,3.196688047099999963e+01,-2.767981583099999909e+01,0.000000000000000000e+00,2.767981583099999909e+01
1.589591641600000038e+01,-3.201193622400000294e+01,0.000000000000000000e+00,3.201193622400000294e+01,-2.798808383200000094e+01,0.000000000000000000e+00,2.798808383200000094e+01
1.591593633599999968e+01,-3.162571542199999897e+01,0.000000000000000000e+00,3.162571542199999897e+01,-2.821252733400000068e+01,0.000000000000000000e+00,2.821252733400000068e+01
1.593595625600000076e+01,-3.130894321499999933e+01,0.000000000000000000e+00,3.130894321499999933e+01,-2.863942417699999865e+01,0.000000000000000000e+00,2.863942417699999865e+01
1.595597617600000007e+01,-3.122252273000000145e+01,0.000000000000000000e+00,3.122252273000000145e+01,-2.910467677899999828e+01,0.000000000000000000e+00,2.910467677899999828e+01
1.597599609599999937e+01,-3.116315171300000131e+01,0.000000000000000000e+00,3.116315171300000131e+01,-2.936815286599999908e+01,0.000000000000000000e+00,2.936815286599999908e+01
1.599601601600000045e+01,-3.124184320299999840e+01,0.000000000000000000e+00,3.124184320299999840e+01,-2.969120576499999942e+01,0.000000000000000000e+00,2.969120576499999942e+01
1.601603593600000153e+01,-3.122006139999999874e+01,0.000000000000000000e+00,3.122006139999999874e+01,-2.997925590699999887e+01,0.000000000000000000e+00,2.997925590699999887e+01
1.603605585600000083e+01,-3.112401588599999869e+01,0.000000000000000000e+00,3.112401588599999869e+01,-2.999239219100000042e+01,0.000000000000000000e+00,2.999239219100000042e+01
1.605607577600000013e+01,-3.097567765699999853e+01,0.000000000000000000e+00,3.097567765699999853e+01,-2.972583508399999985e+01,0.000000000000000000e+00,2.972583508399999985e+01
1.607609569599999944e+01,-3.066801678599999903e+01,0.000000000000000000e+00,3.066801678599999903e+01,-2.952288520500000146e+01,0.000000000000000000e+00,2.952288520500000146e+01
1.609611561599999874e+01,-3.005120956300000046e+01,0.000000000000000000e+00,3.005120956300000046e+01,-2.918468708400000011e+01,0.000000000000000000e+00,2.918468708400000011e+01
1.611613553600000159e+01,-2.946498719599999916e+01,0.000000000000000000e+00,2.946498719599999916e+01,-2.884320055099999891e+01,0.000000000000000000e+00,2.884320055099999891e+01
1.613615545500000081e+01,-2.904903670799999915e+01,0.000000000000000000e+00,2.904903670799999915e+01,-2.862850778299999988e+01,0.000000000000000000e+00,2.862850778299999988e+01
1.615617537500000012e+01,-2.860554377700000117e+01,0.000000000000000000e+00,2.860554377700000117e+01,-2.831999516000000128e+01,0.000000000000000000e+00,2.831999516000000128e+01
1.617619529499999942e+01,-2.825994738600000034e+01,0.000000000000000000e+00,2.825994738600000034e+01,-2.797236599300000037e+01,0.000000000000000000e+00,2.797236599300000037e+01
1.619621521499999872e+01,-2.806607387700000089e+01,0.000000000000000000e+00,2.806607387700000089e+01,-2.781504083800000160e+01,0.000000000000000000e+00,2.781504083800000160e+01
1.621623513500000158e+01,-2.787463106899999943e+01,0.000000000000000000e+00,2.787463106899999943e+01,-2.753592600500000032e+01,0.000000000000000000e+00,2.753592600500000032e+01
1.623625505500000088e+01,-2.784554171199999928e+01,0.000000000000000000e+00,2.784554171199999928e+01,-2.730571840800000061e+01,0.000000000000000000e+00,2.730571840800000061e+01
1.625627497500000018e+01,-2.797726859100000141e+01,0.000000000000000000e+00,2.797726859100000141e+01,-2.724349499299999877e+01,0.000000000000000000e+00,2.724349499299999877e+01
1.627629489499999949e+01,-2.824375549000000163e+01,0.000000000000000000e+00,2.824375549000000163e+01,-2.730352025899999902e+01,0.000000000000000000e+00,2.730352025899999902e+01
1.629631481499999879e+01,-2.899921891199999990e+01,0.000000000000000000e+00,2.899921891199999990e+01,-2.790217734399999827e+01,0.000000000000000000e+00,2.790217734399999827e+01
1.631633473500000164e+01,-3.077414293900000075e+01,0.000000000000000000e+00,3.077414293900000075e+01,-3.020085382099999904e+01,0.000000000000000000e+00,3.020085382099999904e+01
1.633635465500000095e+01,-3.215418553899999665e+01,0.000000000000000000e+00,3.215418553899999665e+01,-3.383736107400000037e+01,0.000000000000000000e+00,3.383736107400000037e+01
1.635637457500000025e+01,-3.169917556200000064e+01,0.000000000000000000e+00,3.169917556200000064e+01,-3.433242988500000337e+01,0.000000000000000000e+00,3.433242988500000337e+01
1.637639449399999947e+01,-3.133483274099999960e+01,0.000000000000000000e+00,3.133483274099999960e+01,-3.405402491099999907e+01,0.000000000000000000e+00,3.405402491099999907e+01
1.639641441399999877e+01,-3.113355557699999920e+01,0.000000000000000000e+00,3.113355557699999920e+01,-3.314200009099999988e+01,0.000000000000000000e+00,3.314200009099999988e+01
1.641643433400000163e+01,-3.080030005400000093e+01,0.000000000000000000e+00,3.080030005400000093e+01,-3.230134519300000306e+01,0.000000000000000000e+00,3.230134519300000306e+01
1.643645425400000093e+01,-3.025327957100000020e+01,0.000000000000000000e+00,3.025327957100000020e+01,-3.103276629100000150e+01,0.000000000000000000e+00,3.103276629100000150e+01
1.645647417400000023e+01,-2.949282827700000098e+01,0.000000000000000000e+00,2.949282827700000098e+01,-2.986067066700000083e+01,0.000000000000000000e+00,2.986067066700000083e+01
1.647649409399999954e+01,-2.885585011699999924e+01,0.000000000000000000e+00,2.885585011699999924e+01,-2.906071779000000177e+01,0.000000000000000000e+00,2.906071779000000177e+01
1.649651401399999884e+01,-2.852678880899999925e+01,0.000000000000000000e+00,2.852678880899999925e+01,-2.867655090999999956e+01,0.000000000000000000e+00,2.867655090999999956e+01
1.651653393400000169e+01,-2.848545707499999935e+01,0.000000000000000000e+00,2.848545707499999935e+01,-2.872800577199999950e+01,0.000000000000000000e+00,2.872800577199999950e+01
1.653655385400000100e+01,-2.832995854099999988e+01,0.000000000000000000e+00,2.832995854099999988e+01,-2.839783201099999843e+01,0.000000000000000000e+00,2.839783201099999843e+01
1.655657377400000030e+01,-2.819269629900000140e+01,0.000000000000000000e+00,2.819269629900000140e+01,-2.741909654099999827e+01,0.000000000000000000e+00,2.741909654099999827e+01
1.657659369399999960e+01,-2.782139696999999856e+01,0.000000000000000000e+00,2.782139696999999856e+01,-2.649292121699999925e+01,0.000000000000000000e+00,2.649292121699999925e+01
1.659661361399999890e+01,-2.719318288099999847e+01,0.000000000000000000e+00,2.719318288099999847e+01,-2.546592893300000071e+01,0.000000000000000000e+00,2.546592893300000071e+01
1.661663353400000176e+01,-2.657544101699999928e+01,0.000000000000000000e+00,2.657544101699999928e+01,-2.456856035999999932e+01,0.000000000000000000e+00,2.456856035999999932e+01
1.663665345300000098e+01,-2.594339667699999907e+01,0.000000000000000000e+00,2.594339667699999907e+01,-2.407800564200000082e+01,0.000000000000000000e+00,2.407800564200000082e+01
1.665667337300000028e+01,-2.546364824799999838e+01,0.000000000000000000e+00,2.546364824799999838e+01,-2.376540093899999917e+01,0.000000000000000000e+00,2.376540093899999917e+01
1.667669329299999958e+01,-2.508755442400000035e+01,0.000000000000000000e+00,2.508755442400000035e+01,-2.356294157299999981e+01,0.000000000000000000e+00,2.356294157299999981e+01
1.669671321299999889e+01,-2.496562691400000134e+01,0.000000000000000000e+00,2.496562691400000134e+01,-2.363776046399999942e+01,0.000000000000000000e+00,2.363776046399999942e+01
1.671673313300000174e+01,-2.482332513400000096e+01,0.000000000000000000e+00,2.482332513400000096e+01,-2.386954234199999902e+01,0.000000000000000000e+00,2.386954234199999902e+01
1.673675305300000105e+01,-2.473830931899999896e+01,0.000000000000000000e+00,2.473830931899999896e+01,-2.400811638000000059e+01,0.000000000000000000e+00,2.400811638000000059e+01
1.675677297300000035e+01,-2.473442532700000029e+01,0.000000000000000000e+00,2.473442532700000029e+01,-2.413645201799999995e+01,0.000000000000000000e+00,2.413645201799999995e+01
1.677679289299999965e+01,-2.470663935299999991e+01,0.000000000000000000e+00,2.470663935299999991e+01,-2.427728827199999984e+01,0.000000000000000000e+00,2.427728827199999984e+01
1.679681281299999895e+01,-2.458655568600000052e+01,0.000000000000000000e+00,2.458655568600000052e+01,-2.430490762399999838e+01,0.000000000000000000e+00,2.430490762399999838e+01
1.681683273299999826e+01,-2.462768038899999823e+01,0.000000000000000000e+00,2.462768038899999823e+01,-2.429160859499999958e+01,0.000000000000000000e+00,2.429160859499999958e+01
1.683685265300000111e+01,-2.466935904500000021e+01,0.000000000000000000e+00,2.466935904500000021e+01,-2.423509017599999993e+01,0.000000000000000000e+00,2.423509017599999993e+01
1.685687257300000041e+01,-2.467649122999999989e+01,0.000000000000000000e+00,2.467649122999999989e+01,-2.422405370399999924e+01,0.000000000000000000e+00,2.422405370399999924e+01
1.687689249199999963e+01,-2.470094266199999922e+01,0.000000000000000000e+00,2.470094266199999922e+01,-2.409602334199999873e+01,0.000000000000000000e+00,2.409602334199999873e+01
1.689691241199999894e+01,-2.472955124499999968e+01,0.000000000000000000e+00,2.472955124499999968e+01,-2.399240911600000103e+01,0.000000000000000000e+00,2.399240911600000103e+01
1.691693233199999824e+01,-2.457071584099999839e+01,0.000000000000000000e+00,2.457071584099999839e+01,-2.372668481199999846e+01,0.000000000000000000e+00,2.372668481199999846e+01
1.693695225200000110e+01,-2.447625250200000124e+01,0.000000000000000000e+00,2.447625250200000124e+01,-2.346511197499999923e+01,0.000000000000000000e+00,2.346511197499999923e+01
1.695697217200000040e+01,-2.452195104500000156e+01,0.000000000000000000e+00,2.452195104500000156e+01,-2.328081124999999929e+01,0.000000000000000000e+00,2.328081124999999929e+01
1.697699209199999970e+01,-2.445784570100000010e+01,0.000000000000000000e+00,2.445784570100000010e+01,-2.297241356299999993e+01,0.000000000000000000e+00,2.297241356299999993e+01
1.699701201199999900e+01,-2.448565789399999915e+01,0.000000000000000000e+00,2.448565789399999915e+01,-2.280456520499999939e+01,0.000000000000000000e+00,2.280456520499999939e+01
1.701703193199999831e+01,-2.469478628799999953e+01,0.000000000000000000e+00,2.469478628799999953e+01,-2.267129736400000084e+01,0.000000000000000000e+00,2.267129736400000084e+01
1.703705185200000116e+01,-2.497304637699999930e+01,0.000000000000000000e+00,2.497304637699999930e+01,-2.259639781499999955e+01,0.000000000000000000e+00,2.259639781499999955e+01
1.705707177200000046e+01,-2.522761204900000109e+01,0.000000000000000000e+00,2.522761204900000109e+01,-2.247408233000000166e+01,0.000000000000000000e+00,2.247408233000000166e+01
1.707709169199999977e+01,-2.563340734399999832e+01,0.000000000000000000e+00,2.563340734399999832e+01,-2.253264009999999828e+01,0.000000000000000000e+00,2.253264009999999828e+01
1.709711161199999907e+01,-2.617081297800000073e+01,0.000000000000000000e+00,2.617081297800000073e+01,-2.259859145500000110e+01,0.000000000000000000e+00,2.259859145500000110e+01
1.711713153199999837e+01,-2.667931724199999977e+01,0.000000000000000000e+00,2.667931724199999977e+01,-2.260449415200000089e+01,0.000000000000000000e+00,2.260449415200000089e+01
1.713715145100000115e+01,-2.718338283199999950e+01,0.000000000000000000e+00,2.718338283199999950e+01,-2.282292350999999897e+01,0.000000000000000000e+00,2.282292350999999897e+01
1.715717137100000045e+01,-2.749046022099999931e+01,0.000000000000000000e+00,2.749046022099999931e+01,-2.302891244299999940e+01,0.000000000000000000e+00,2.302891244299999940e+01
1.717719129099999975e+01,-2.758445559900000177e+01,0.000000000000000000e+00,2.758445559900000177e+01,-2.318726745700000080e+01,0.000000000000000000e+00,2.318726745700000080e+01
1.719721121099999905e+01,-2.739975500999999980e+01,0.000000000000000000e+00,2.739975500999999980e+01,-2.338447058099999865e+01,0.000000000000000000e+00,2.338447058099999865e+01
1.721723113099999836e+01,-2.704899021399999981e+01,0.000000000000000000e+00,2.704899021399999981e+01,-2.350678582999999833e+01,0.000000000000000000e+00,2.350678582999999833e+01
1.723725105100000121e+01,-2.642923284000000095e+01,0.000000000000000000e+00,2.642923284000000095e+01,-2.356829264499999965e+01,0.000000000000000000e+00,2.356829264499999965e+01
1.725727097100000051e+01,-2.586751923799999986e+01,0.000000000000000000e+00,2.586751923799999986e+01,-2.363105490799999941e+01,0.000000000000000000e+00,2.363105490799999941e+01
1.727729089099999982e+01,-2.543795738200000045e+01,0.000000000000000000e+00,2.543795738200000045e+01,-2.370443457800000076e+01,0.000000000000000000e+00,2.370443457800000076e+01
1.729731081099999912e+01,-2.495225092700000147e+01,0.000000000000000000e+00,2.495225092700000147e+01,-2.370772314899999955e+01,0.000000000000000000e+00,2.370772314899999955e+01
1.731733073099999842e+01,-2.451426358999999877e+01,0.000000000000000000e+00,2.451426358999999877e+01,-2.375479344800000092e+01,0.000000000000000000e+00,2.375479344800000092e+01
1.733735065100000128e+01,-2.420025354199999867e+01,0.000000000000000000e+00,2.420025354199999867e+01,-2.368592753900000147e+01,0.000000000000000000e+00,2.368592753900000147e+01
1.735737057100000058e+01,-2.369669838900000158e+01,0.000000000000000000e+00,2.369669838900000158e+01,-2.351524514300000135e+01,0.000000000000000000e+00,2.351524514300000135e+01
1.737739048999999980e+01,-2.323852575700000145e+01,0.000000000000000000e+00,2.323852575700000145e+01,-2.347249745899999951e+01,0.000000000000000000e+00,2.347249745899999951e+01
1.739741040999999910e+01,-2.282917699400000089e+01,0.000000000000000000e+00,2.282917699400000089e+01,-2.335287345500000100e+01,0.000000000000000000e+00,2.335287345500000100e+01
1.741743032999999841e+01,-2.236707030799999885e+01,0.000000000000000000e+00,2.236707030799999885e+01,-2.320011570400000167e+01,0.000000000000000000e+00,2.320011570400000167e+01
1.743745025000000126e+01,-2.181020426899999975e+01,0.000000000000000000e+00,2.181020426899999975e+01,-2.288432823699999830e+01,0.000000000000000000e+00,2.288432823699999830e+01
1.745747017000000056e+01,-2.152711548799999974e+01,0.000000000000000000e+00,2.152711548799999974e+01,-2.278059055099999952e+01,0.000000000000000000e+00,2.278059055099999952e+01
1.747749008999999987e+01,-2.126529123799999965e+01,0.000000000000000000e+00,2.126529123799999965e+01,-2.252933491499999974e+01,0.000000000000000000e+00,2.252933491499999974e+01
1.749751000999999917e+01,-2.083761867799999834e+01,0.000000000000000000e+00,2.083761867799999834e+01,-2.222156143899999847e+01,0.000000000000000000e+00,2.222156143899999847e+01
1.751752992999999847e+01,-2.066438876200000152e+01,0.000000000000000000e+00,2.066438876200000152e+01,-2.194661389899999904e+01,0.000000000000000000e+00,2.194661389899999904e+01
1.753754985000000133e+01,-2.053732292600000164e+01,0.000000000000000000e+00,2.053732292600000164e+01,-2.192343061600000098e+01,0.000000000000000000e+00,2.192343061600000098e+01
1.755756977000000063e+01,-2.035575957800000069e+01,0.000000000000000000e+00,2.035575957800000069e+01,-2.173282308699999987e+01,0.000000000000000000e+00,2.173282308699999987e+01
1.757758968999999993e+01,-2.027697025599999847e+01,0.000000000000000000e+00,2.027697025599999847e+01,-2.148828934300000171e+01,0.000000000000000000e+00,2.148828934300000171e+01
1.759760960999999924e+01,-2.024324030200000024e+01,0.000000000000000000e+00,2.024324030200000024e+01,-2.140307608299999842e+01,0.000000000000000000e+00,2.140307608299999842e+01
1.761762952999999854e+01,-2.014186508199999892e+01,0.000000000000000000e+00,2.014186508199999892e+01,-2.130064087299999898e+01,0.000000000000000000e+00,2.130064087299999898e+01
1.763764944900000131e+01,-1.998622388300000097e+01,0.000000000000000000e+00,1.998622388300000097e+01,-2.114761890999999849e+01,0.000000000000000000e+00,2.114761890999999849e+01
1.765766936900000061e+01,-1.984566288899999975e+01,0.000000000000000000e+00,1.984566288899999975e+01,-2.112364279100000175e+01,0.000000000000000000e+00,2.112364279100000175e+01
1.767768928899999992e+01,-1.961574953399999899e+01,0.000000000000000000e+00,1.961574953399999899e+01,-2.119047928599999864e+01,0.000000000000000000e+00,2.119047928599999864e+01
1.769770920899999922e+01,-1.938855299800000154e+01,0.000000000000000000e+00,1.938855299800000154e+01,-2.121479599699999952e+01,0.000000000000000000e+00,2.121479599699999952e+01
1.771772912899999852e+01,-1.934905626000000112e+01,0.000000000000000000e+00,1.934905626000000112e+01,-2.144760521699999956e+01,0.000000000000000000e+00,2.144760521699999956e+01
1.773774904900000138e+01,-1.923830121299999973e+01,0.000000000000000000e+00,1.923830121299999973e+01,-2.169418204100000125e+01,0.000000000000000000e+00,2.169418204100000125e+01
1.775776896900000068e+01,-1.919429330899999897e+01,0.000000000000000000e+00,1.919429330899999897e+01,-2.187278534700000066e+01,0.000000000000000000e+00,2.187278534700000066e+01
1.777778888899999998e+01,-1.926300961300000125e+01,0.000000000000000000e+00,1.926300961300000125e+01,-2.214472097399999839e+01,0.000000000000000000e+00,2.214472097399999839e+01
1.779780880899999929e+01,-1.935141443099999847e+01,0.000000000000000000e+00,1.935141443099999847e+01,-2.240889060199999960e+01,0.000000000000000000e+00,2.240889060199999960e+01
1.781782872899999859e+01,-1.936373808300000121e+01,0.000000000000000000e+00,1.936373808300000121e+01,-2.242070511900000085e+01,0.000000000000000000e+00,2.242070511900000085e+01
1.783784864900000144e+01,-1.960975411900000154e+01,0.000000000000000000e+00,1.960975411900000154e+01,-2.256646048200000010e+01,0.000000000000000000e+00,2.256646048200000010e+01
1.785786856900000075e+01,-1.982496953400000095e+01,0.000000000000000000e+00,1.982496953400000095e+01,-2.259137266899999830e+01,0.000000000000000000e+00,2.259137266899999830e+01
1.787788848799999997e+01,-2.001084142799999910e+01,0.000000000000000000e+00,2.001084142799999910e+01,-2.259722078600000117e+01,0.000000000000000000e+00,2.259722078600000117e+01
1.789790840799999927e+01,-2.033165041000000173e+01,0.000000000000000000e+00,2.033165041000000173e+01,-2.260562517400000004e+01,0.000000000000000000e+00,2.260562517400000004e+01
1.791792832799999857e+01,-2.067626543300000108e+01,0.000000000000000000e+00,2.067626543300000108e+01,-2.275455769399999895e+01,0.000000000000000000e+00,2.275455769399999895e+01
1.793794824800000143e+01,-2.084141203800000142e+01,0.000000000000000000e+00,2.084141203800000142e+01,-2.268457556199999914e+01,0.000000000000000000e+00,2.268457556199999914e+01
1.795796816800000073e+01,-2.111126519500000143e+01,0.000000000000000000e+00,2.111126519500000143e+01,-2.276141200300000023e+01,0.000000000000000000e+00,2.276141200300000023e+01
1.797798808800000003e+01,-2.141869288299999852e+01,0.000000000000000000e+00,2.141869288299999852e+01,-2.301939811700000149e+01,0.000000000000000000e+00,2.301939811700000149e+01
1.799800800799999934e+01,-2.162371446499999905e+01,0.000000000000000000e+00,2.162371446499999905e+01,-2.320434786599999910e+01,0.000000000000000000e+00,2.320434786599999910e+01
1.801802792799999864e+01,-2.184336882699999904e+01,0.000000000000000000e+00,2.184336882699999904e+01,-2.348526879299999948e+01,0.000000000000000000e+00,2.348526879299999948e+01
1.803804784800000149e+01,-2.218488296900000023e+01,0.000000000000000000e+00,2.218488296900000023e+01,-2.385169833599999833e+01,0.000000000000000000e+00,2.385169833599999833e+01
1.805806776800000080e+01,-2.229812013100000101e+01,0.000000000000000000e+00,2.229812013100000101e+01,-2.398732702199999878e+01,0.000000000000000000e+00,2.398732702199999878e+01
1.807808768800000010e+01,-2.248547554399999981e+01,0.000000000000000000e+00,2.248547554399999981e+01,-2.409355645999999851e+01,0.000000000000000000e+00,2.409355645999999851e+01
1.809810760799999940e+01,-2.266487612999999968e+01,0.000000000000000000e+00,2.266487612999999968e+01,-2.399706023999999971e+01,0.000000000000000000e+00,2.399706023999999971e+01
1.811812752799999870e+01,-2.267323291099999949e+01,0.000000000000000000e+00,2.267323291099999949e+01,-2.382478467400000000e+01,0.000000000000000000e+00,2.382478467400000000e+01
1.813814744700000148e+01,-2.259248850799999886e+01,0.000000000000000000e+00,2.259248850799999886e+01,-2.362469966300000124e+01,0.000000000000000000e+00,2.362469966300000124e+01
1.815816736700000078e+01,-2.264835721100000043e+01,0.000000000000000000e+00,2.264835721100000043e+01,-2.351724803100000116e+01,0.000000000000000000e+00,2.351724803100000116e+01
1.817818728700000008e+01,-2.263619442099999901e+01,0.000000000000000000e+00,2.263619442099999901e+01,-2.335756846600000003e+01,0.000000000000000000e+00,2.335756846600000003e+01
1.819820720699999939e+01,-2.255364658899999952e+01,0.000000000000000000e+00,2.255364658899999952e+01,-2.332727459699999883e+01,0.000000000000000000e+00,2.332727459699999883e+01
1.821822712699999869e+01,-2.285293668899999986e+01,0.000000000000000000e+00,2.285293668899999986e+01,-2.356088831099999936e+01,0.000000000000000000e+00,2.356088831099999936e+01
1.823824704700000154e+01,-2.309006939200000019e+01,0.000000000000000000e+00,2.309006939200000019e+01,-2.378268883799999855e+01,0.000000000000000000e+00,2.378268883799999855e+01
1.825826696700000085e+01,-2.325640131500000152e+01,0.000000000000000000e+00,2.325640131500000152e+01,-2.388921726599999928e+01,0.000000000000000000e+00,2.388921726599999928e+01
1.827828688700000015e+01,-2.363074280800000082e+01,0.000000000000000000e+00,2.363074280800000082e+01,-2.412530754400000177e+01,0.000000000000000000e+00,2.412530754400000177e+01
1.829830680699999945e+01,-2.403264699800000059e+01,0.000000000000000000e+00,2.403264699800000059e+01,-2.439089853999999846e+01,0.000000000000000000e+00,2.439089853999999846e+01
1.831832672699999875e+01,-2.416617134599999872e+01,0.000000000000000000e+00,2.416617134599999872e+01,-2.453014052600000028e+01,0.000000000000000000e+00,2.453014052600000028e+01
1.833834664700000161e+01,-2.423943403000000174e+01,0.000000000000000000e+00,2.423943403000000174e+01,-2.460019323299999883e+01,0.000000000000000000e+00,2.460019323299999883e+01
1.835836656700000091e+01,-2.435815928299999911e+01,0.000000000000000000e+00,2.435815928299999911e+01,-2.490698430100000138e+01,0.000000000000000000e+00,2.490698430100000138e+01
1.837838648600000013e+01,-2.415433080100000041e+01,0.000000000000000000e+00,2.415433080100000041e+01,-2.498683394000000035e+01,0.000000000000000000e+00,2.498683394000000035e+01
1.839840640599999944e+01,-2.414233929599999939e+01,0.000000000000000000e+00,2.414233929599999939e+01,-2.493622802499999835e+01,0.000000000000000000e+00,2.493622802499999835e+01
1.841842632599999874e+01,-2.413596052600000164e+01,0.000000000000000000e+00,2.413596052600000164e+01,-2.515458524099999948e+01,0.000000000000000000e+00,2.515458524099999948e+01
1.843844624600000159e+01,-2.402722744200000093e+01,0.000000000000000000e+00,2.402722744200000093e+01,-2.530387083999999831e+01,0.000000000000000000e+00,2.530387083999999831e+01
1.845846616600000090e+01,-2.404695204600000125e+01,0.000000000000000000e+00,2.404695204600000125e+01,-2.529571731000000057e+01,0.000000000000000000e+00,2.529571731000000057e+01
1.847848608600000020e+01,-2.417008310599999987e+01,0.000000000000000000e+00,2.417008310599999987e+01,-2.550953731999999974e+01,0.000000000000000000e+00,2.550953731999999974e+01
1.849850600599999950e+01,-2.421272879800000055e+01,0.000000000000000000e+00,2.421272879800000055e+01,-2.567680024299999886e+01,0.000000000000000000e+00,2.567680024299999886e+01
1.851852592599999880e+01,-2.419952679100000026e+01,0.000000000000000000e+00,2.419952679100000026e+01,-2.566093779099999850e+01,0.000000000000000000e+00,2.566093779099999850e+01
1.853854584600000166e+01,-2.442065789100000117e+01,0.000000000000000000e+00,2.442065789100000117e+01,-2.581099655599999920e+01,0.000000000000000000e+00,2.581099655599999920e+01
1.855856576600000096e+01,-2.461537579999999892e+01,0.000000000000000000e+00,2.461537579999999892e+01,-2.590218302999999977e+01,0.000000000000000000e+00,2.590218302999999977e+01
1.857858568600000027e+01,-2.461269589500000166e+01,0.000000000000000000e+00,2.461269589500000166e+01,-2.574212950600000127e+01,0.000000000000000000e+00,2.574212950600000127e+01
1.859860560599999957e+01,-2.475146384700000013e+01,0.000000000000000000e+00,2.475146384700000013e+01,-2.573192605799999910e+01,0.000000000000000000e+00,2.573192605799999910e+01
1.861862552599999887e+01,-2.480148781799999824e+01,0.000000000000000000e+00,2.480148781799999824e+01,-2.563327941600000059e+01,0.000000000000000000e+00,2.563327941600000059e+01
1.863864544500000164e+01,-2.470891192399999881e+01,0.000000000000000000e+00,2.470891192399999881e+01,-2.546273533999999827e+01,0.000000000000000000e+00,2.546273533999999827e+01
1.865866536500000095e+01,-2.486389946099999904e+01,0.000000000000000000e+00,2.486389946099999904e+01,-2.523697876299999976e+01,0.000000000000000000e+00,2.523697876299999976e+01
1.867868528500000025e+01,-2.505227969899999962e+01,0.000000000000000000e+00,2.505227969899999962e+01,-2.490887240600000041e+01,0.000000000000000000e+00,2.490887240600000041e+01
1.869870520499999955e+01,-2.509440938799999898e+01,0.000000000000000000e+00,2.509440938799999898e+01,-2.451312234299999915e+01,0.000000000000000000e+00,2.451312234299999915e+01
1.871872512499999885e+01,-2.545087221900000074e+01,0.000000000000000000e+00,2.545087221900000074e+01,-2.426952962200000030e+01,0.000000000000000000e+00,2.426952962200000030e+01
1.873874504500000171e+01,-2.599924295199999946e+01,0.000000000000000000e+00,2.599924295199999946e+01,-2.420824790400000026e+01,0.000000000000000000e+00,2.420824790400000026e+01
1.875876496500000101e+01,-2.606777983499999962e+01,0.000000000000000000e+00,2.606777983499999962e+01,-2.394221939099999830e+01,0.000000000000000000e+00,2.394221939099999830e+01
1.877878488500000032e+01,-2.625580854800000097e+01,0.000000000000000000e+00,2.625580854800000097e+01,-2.384802651400000073e+01,0.000000000000000000e+00,2.384802651400000073e+01
1.879880480499999962e+01,-2.638460684800000067e+01,0.000000000000000000e+00,2.638460684800000067e+01,-2.413079069300000157e+01,0.000000000000000000e+00,2.413079069300000157e+01
1.881882472499999892e+01,-2.613405256400000098e+01,0.000000000000000000e+00,2.613405256400000098e+01,-2.419535162100000036e+01,0.000000000000000000e+00,2.419535162100000036e+01
1.883884464500000178e+01,-2.575712186299999829e+01,0.000000000000000000e+00,2.575712186299999829e+01,-2.412467744799999991e+01,0.000000000000000000e+00,2.412467744799999991e+01
1.885886456500000108e+01,-2.555766420100000147e+01,0.000000000000000000e+00,2.555766420100000147e+01,-2.447281874500000143e+01,0.000000000000000000e+00,2.447281874500000143e+01
1.887888448400000030e+01,-2.521479784599999974e+01,0.000000000000000000e+00,2.521479784599999974e+01,-2.487423771399999950e+01,0.000000000000000000e+00,2.487423771399999950e+01
1.889890440399999960e+01,-2.477785054099999940e+01,0.000000000000000000e+00,2.477785054099999940e+01,-2.507556724499999845e+01,0.000000000000000000e+00,2.507556724499999845e+01
1.891892432399999890e+01,-2.477942079199999981e+01,0.000000000000000000e+00,2.477942079199999981e+01,-2.555676178099999873e+01,0.000000000000000000e+00,2.555676178099999873e+01
1.893894424400000176e+01,-2.465124087799999941e+01,0.000000000000000000e+00,2.465124087799999941e+01,-2.625050465700000046e+01,0.000000000000000000e+00,2.625050465700000046e+01
1.895896416400000106e+01,-2.450883108800000088e+01,0.000000000000000000e+00,2.450883108800000088e+01,-2.696707917799999876e+01,0.000000000000000000e+00,2.696707917799999876e+01
1.897898408400000037e+01,-2.473779362799999859e+01,0.000000000000000000e+00,2.473779362799999859e+01,-2.787555556499999909e+01,0.000000000000000000e+00,2.787555556499999909e+01
1.899900400399999967e+01,-2.487393426499999904e+01,0.000000000000000000e+00,2.487393426499999904e+01,-2.898395019699999864e+01,0.000000000000000000e+00,2.898395019699999864e+01
1.901902392399999897e+01,-2.505592884800000064e+01,0.000000000000000000e+00,2.505592884800000064e+01,-3.038611698300000086e+01,0.000000000000000000e+00,3.038611698300000086e+01
1.903904384399999827e+01,-2.560252059000000102e+01,0.000000000000000000e+00,2.560252059000000102e+01,-3.212481445699999938e+01,0.000000000000000000e+00,3.212481445699999938e+01
1.905906376400000113e+01,-2.617470632499999894e+01,0.000000000000000000e+00,2.617470632499999894e+01,-3.384735395399999902e+01,0.000000000000000000e+00,3.384735395399999902e+01
1.907908368400000043e+01,-2.678016696199999913e+01,0.000000000000000000e+00,2.678016696199999913e+01,-3.570804800999999884e+01,0.000000000000000000e+00,3.570804800999999884e+01
1.909910360399999973e+01,-2.777605172599999861e+01,0.000000000000000000e+00,2.777605172599999861e+01,-3.842868334100000283e+01,0.000000000000000000e+00,3.842868334100000283e+01
1.911912352399999904e+01,-2.892750423600000076e+01,0.000000000000000000e+00,2.892750423600000076e+01,-4.012454642099999802e+01,0.000000000000000000e+00,4.012454642099999802e+01
1.913914344299999826e+01,-2.982607507699999871e+01,0.000000000000000000e+00,2.982607507699999871e+01,-4.003041704399999645e+01,0.000000000000000000e+00,4.003041704399999645e+01
1.915916336300000111e+01,-3.120483902599999837e+01,0.000000000000000000e+00,3.120483902599999837e+01,-3.881799426100000261e+01,0.000000000000000000e+00,3.881799426100000261e+01
1.917918328300000042e+01,-3.308023095400000102e+01,0.000000000000000000e+00,3.308023095400000102e+01,-3.627232065700000163e+01,0.000000000000000000e+00,3.627232065700000163e+01
1.919920320299999972e+01,-3.494619217599999672e+01,0.000000000000000000e+00,3.494619217599999672e+01,-3.381298138999999736e+01,0.000000000000000000e+00,3.381298138999999736e+01
1.921922312299999902e+01,-3.689819880299999966e+01,0.000000000000000000e+00,3.689819880299999966e+01,-3.183065565800000130e+01,0.000000000000000000e+00,3.183065565800000130e+01
1.923924304299999832e+01,-3.914221284300000292e+01,0.000000000000000000e+00,3.914221284300000292e+01,-3.066252165299999888e+01,0.000000000000000000e+00,3.066252165299999888e+01
1.925926296300000118e+01,-4.036070404699999870e+01,0.000000000000000000e+00,4.036070404699999870e+01,-2.925868815999999839e+01,0.000000000000000000e+00,2.925868815999999839e+01
1.927928288300000048e+01,-3.993973300700000095e+01,0.000000000000000000e+00,3.993973300700000095e+01,-2.812875192699999971e+01,0.000000000000000000e+00,2.812875192699999971e+01
1.929930280299999978e+01,-3.894250558099999893e+01,0.000000000000000000e+00,3.894250558099999893e+01,-2.749945782900000069e+01,0.000000000000000000e+00,2.749945782900000069e+01
1.931932272299999909e+01,-3.758127919900000080e+01,0.000000000000000000e+00,3.758127919900000080e+01,-2.694719763599999851e+01,0.000000000000000000e+00,2.694719763599999851e+01
1.933934264299999839e+01,-3.598927659200000306e+01,0.000000000000000000e+00,3.598927659200000306e+01,-2.630903400500000089e+01,0.000000000000000000e+00,2.630903400500000089e+01
1.935936256300000124e+01,-3.552230226900000076e+01,0.000000000000000000e+00,3.552230226900000076e+01,-2.611641435099999953e+01,0.000000000000000000e+00,2.611641435099999953e+01
1.937938248200000046e+01,-3.488927503000000030e+01,0.000000000000000000e+00,3.488927503000000030e+01,-2.610547581599999845e+01,0.000000000000000000e+00,2.610547581599999845e+01
1.939940240199999977e+01,-3.425855113499999760e+01,0.000000000000000000e+00,3.425855113499999760e+01,-2.591843143799999893e+01,0.000000000000000000e+00,2.591843143799999893e+01
1.941942232199999907e+01,-3.429203717899999759e+01,0.000000000000000000e+00,3.429203717899999759e+01,-2.604488856600000091e+01,0.000000000000000000e+00,2.604488856600000091e+01
1.943944224199999837e+01,-3.383454209199999951e+01,0.000000000000000000e+00,3.383454209199999951e+01,-2.619467628399999981e+01,0.000000000000000000e+00,2.619467628399999981e+01
1.945946216200000123e+01,-3.310054208199999692e+01,0.000000000000000000e+00,3.310054208199999692e+01,-2.641560389700000044e+01,0.000000000000000000e+00,2.641560389700000044e+01
1.947948208200000053e+01,-3.245521497699999713e+01,0.000000000000000000e+00,3.245521497699999713e+01,-2.687766152200000036e+01,0.000000000000000000e+00,2.687766152200000036e+01
1.949950200199999983e+01,-3.214158287699999761e+01,0.000000000000000000e+00,3.214158287699999761e+01,-2.742990181600000099e+01,0.000000000000000000e+00,2.742990181600000099e+01
1.951952192199999914e+01,-3.167335204100000112e+01,0.000000000000000000e+00,3.167335204100000112e+01,-2.772360253400000119e+01,0.000000000000000000e+00,2.772360253400000119e+01
1.953954184199999844e+01,-3.165438172800000061e+01,0.000000000000000000e+00,3.165438172800000061e+01,-2.837427819999999912e+01,0.000000000000000000e+00,2.837427819999999912e+01
1.955956176200000129e+01,-3.209326396800000225e+01,0.000000000000000000e+00,3.209326396800000225e+01,-2.908769003400000130e+01,0.000000000000000000e+00,2.908769003400000130e+01
1.957958168200000060e+01,-3.242538521499999860e+01,0.000000000000000000e+00,3.242538521499999860e+01,-2.976982149699999880e+01,0.000000000000000000e+00,2.976982149699999880e+01
1.959960160199999990e+01,-3.254554841200000226e+01,0.000000000000000000e+00,3.254554841200000226e+01,-3.029775488099999947e+01,0.000000000000000000e+00,3.029775488099999947e+01
1.961962152199999920e+01,-3.266361489799999873e+01,0.000000000000000000e+00,3.266361489799999873e+01,-3.114889356799999831e+01,0.000000000000000000e+00,3.114889356799999831e+01
1.963964144099999842e+01,-3.260526004700000158e+01,0.000000000000000000e+00,3.260526004700000158e+01,-3.118929298400000150e+01,0.000000000000000000e+00,3.118929298400000150e+01
1.965966136100000128e+01,-3.182175032700000017e+01,0.000000000000000000e+00,3.182175032700000017e+01,-3.016285797999999829e+01,0.000000000000000000e+00,3.016285797999999829e+01
1.967968128100000058e+01,-3.091210411300000160e+01,0.000000000000000000e+00,3.091210411300000160e+01,-2.939486171800000136e+01,0.000000000000000000e+00,2.939486171800000136e+01
1.969970120099999988e+01,-2.986485020499999976e+01,0.000000000000000000e+00,2.986485020499999976e+01,-2.857938778100000121e+01,0.000000000000000000e+00,2.857938778100000121e+01
1.971972112099999919e+01,-2.889838543500000156e+01,0.000000000000000000e+00,2.889838543500000156e+01,-2.786279040100000159e+01,0.000000000000000000e+00,2.786279040100000159e+01
1.973974104099999849e+01,-2.819858835400000174e+01,0.000000000000000000e+00,2.819858835400000174e+01,-2.756112759599999862e+01,0.000000000000000000e+00,2.756112759599999862e+01
1.975976096100000134e+01,-2.712430588799999853e+01,0.000000000000000000e+00,2.712430588799999853e+01,-2.746759893700000177e+01,0.000000000000000000e+00,2.746759893700000177e+01
1.977978088100000065e+01,-2.627655500899999907e+01,0.000000000000000000e+00,2.627655500899999907e+01,-2.687219559500000088e+01,0.000000000000000000e+00,2.687219559500000088e+01
1.979980080099999995e+01,-2.589981970199999850e+01,0.000000000000000000e+00,2.589981970199999850e+01,-2.628147780300000136e+01,0.000000000000000000e+00,2.628147780300000136e+01
1.981982072099999925e+01,-2.560746669699999956e+01,0.000000000000000000e+00,2.560746669699999956e+01,-2.590976068399999832e+01,0.000000000000000000e+00,2.590976068399999832e+01
1.983984064099999856e+01,-2.516187237300000135e+01,0.000000000000000000e+00,2.516187237300000135e+01,-2.515892717199999851e+01,0.000000000000000000e+00,2.515892717199999851e+01
1.985986056100000141e+01,-2.515224097600000164e+01,0.000000000000000000e+00,2.515224097600000164e+01,-2.476233224399999955e+01,0.000000000000000000e+00,2.476233224399999955e+01
1.987988048000000063e+01,-2.512194838399999952e+01,0.000000000000000000e+00,2.512194838399999952e+01,-2.452774864499999907e+01,0.000000000000000000e+00,2.452774864499999907e+01
1.989990039999999993e+01,-2.477798442399999956e+01,0.000000000000000000e+00,2.477798442399999956e+01,-2.422678342800000095e+01,0.000000000000000000e+00,2.422678342800000095e+01
1.991992031999999924e+01,-2.469162005500000134e+01,0.000000000000000000e+00,2.469162005500000134e+01,-2.410173208699999847e+01,0.000000000000000000e+00,2.410173208699999847e+01
1.993994023999999854e+01,-2.476026171000000176e+01,0.000000000000000000e+00,2.476026171000000176e+01,-2.417305650899999847e+01,0.000000000000000000e+00,2.417305650899999847e+01
1.995996016000000139e+01,-2.447797635699999930e+01,0.000000000000000000e+00,2.447797635699999930e+01,-2.418977758500000164e+01,0.000000000000000000e+00,2.418977758500000164e+01
1.997998008000000070e+01,-2.435958310799999893e+01,0.000000000000000000e+00,2.435958310799999893e+01,-2.435558453499999843e+01,0.000000000000000000e+00,2.435558453499999843e+01
2.000000000000000000e+01,-2.441824610500000148e+01,0.000000000000000000e+00,2.441824610500000148e+01,-2.472374566099999882e+01,0.000000000000000000e+00,2.472374566099999882e+01
