freq_GHz,S21_real,S21_imag,S21_mag,S31_real,S31_imag,S31_mag
1.000000000000000048e-04,-8.289689086600000678e+01,0.000000000000000000e+00,8.289689086600000678e+01,-8.020835322199999950e+01,0.000000000000000000e+00,8.020835322199999950e+01
2.011991992000000326e-02,-1.066205130099999963e+02,0.000000000000000000e+00,1.066205130099999963e+02,-9.635347276299999919e+01,0.000000000000000000e+00,9.635347276299999919e+01
4.013983984000000366e-02,-1.029315298399999961e+02,0.000000000000000000e+00,1.029315298399999961e+02,-9.505797267900000236e+01,0.000000000000000000e+00,9.505797267900000236e+01
6.015975976000000058e-02,-9.013797823100000528e+01,0.000000000000000000e+00,9.013797823100000528e+01,-9.855771292000000017e+01,0.000000000000000000e+00,9.855771292000000017e+01
8.017967968000000445e-02,-9.138724192700000515e+01,0.000000000000000000e+00,9.138724192700000515e+01,-1.019609425600000066e+02,0.000000000000000000e+00,1.019609425600000066e+02
1.001995995999999944e-01,-9.275405613200000232e+01,0.000000000000000000e+00,9.275405613200000232e+01,-9.649525282999999831e+01,0.000000000000000000e+00,9.649525282999999831e+01
1.202195195199999983e-01,-9.452302452399999311e+01,0.000000000000000000e+00,9.452302452399999311e+01,-1.082353748000000024e+02,0.000000000000000000e+00,1.082353748000000024e+02
1.402394394400000022e-01,-9.619621792300000607e+01,0.000000000000000000e+00,9.619621792300000607e+01,-8.983496278600000551e+01,0.000000000000000000e+00,8.983496278600000551e+01
1.602593593600000199e-01,-9.250162615399999311e+01,0.000000000000000000e+00,9.250162615399999311e+01,-1.007017172799999969e+02,0.000000000000000000e+00,1.007017172799999969e+02
1.802792792800000099e-01,-9.317703336900000011e+01,0.000000000000000000e+00,9.317703336900000011e+01,-9.010117292699999325e+01,0.000000000000000000e+00,9.010117292699999325e+01
2.002991991999999999e-01,-8.845884989200000348e+01,0.000000000000000000e+00,8.845884989200000348e+01,-9.706029878500000052e+01,0.000000000000000000e+00,9.706029878500000052e+01
2.203191191200000176e-01,-9.383283499600000255e+01,0.000000000000000000e+00,9.383283499600000255e+01,-9.911037297299999693e+01,0.000000000000000000e+00,9.911037297299999693e+01
2.403390390399999799e-01,-1.080215547600000008e+02,0.000000000000000000e+00,1.080215547600000008e+02,-9.676408481199999301e+01,0.000000000000000000e+00,9.676408481199999301e+01
2.603589589599999976e-01,-9.767439073100000257e+01,0.000000000000000000e+00,9.767439073100000257e+01,-9.242729715999999485e+01,0.000000000000000000e+00,9.242729715999999485e+01
2.803788788800000154e-01,-9.868950019700000098e+01,0.000000000000000000e+00,9.868950019700000098e+01,-9.417840871900000366e+01,0.000000000000000000e+00,9.417840871900000366e+01
3.003987988000000331e-01,-9.855536504900000239e+01,0.000000000000000000e+00,9.855536504900000239e+01,-1.008199924000000038e+02,0.000000000000000000e+00,1.008199924000000038e+02
3.204187187200000508e-01,-8.685203437399999871e+01,0.000000000000000000e+00,8.685203437399999871e+01,-9.834217581599999392e+01,0.000000000000000000e+00,9.834217581599999392e+01
3.404386386400000131e-01,-9.005123198299999387e+01,0.000000000000000000e+00,9.005123198299999387e+01,-9.204764886700000659e+01,0.000000000000000000e+00,9.204764886700000659e+01
3.604585585599999753e-01,-9.924712637800000437e+01,0.000000000000000000e+00,9.924712637800000437e+01,-1.006186742200000026e+02,0.000000000000000000e+00,1.006186742200000026e+02
3.804784784799999930e-01,-9.286228106900000512e+01,0.000000000000000000e+00,9.286228106900000512e+01,-9.528841062200000067e+01,0.000000000000000000e+00,9.528841062200000067e+01
4.004983983999999553e-01,-9.447599529999999390e+01,0.000000000000000000e+00,9.447599529999999390e+01,-1.074184887899999978e+02,0.000000000000000000e+00,1.074184887899999978e+02
4.205183183199999730e-01,-8.425751646400000539e+01,0.000000000000000000e+00,8.425751646400000539e+01,-9.398406053499999757e+01,0.000000000000000000e+00,9.398406053499999757e+01
4.405382382399999908e-01,-1.030794995199999988e+02,0.000000000000000000e+00,1.030794995199999988e+02,-9.727547762899999384e+01,0.000000000000000000e+00,9.727547762899999384e+01
4.605581581600000085e-01,-8.679754079900000363e+01,0.000000000000000000e+00,8.679754079900000363e+01,-8.293901995599999566e+01,0.000000000000000000e+00,8.293901995599999566e+01
4.805780780799999707e-01,-9.197225021600000616e+01,0.000000000000000000e+00,9.197225021600000616e+01,-9.449390896500000281e+01,0.000000000000000000e+00,9.449390896500000281e+01
5.005979980000000440e-01,-8.813802023799999574e+01,0.000000000000000000e+00,8.813802023799999574e+01,-1.031161714600000039e+02,0.000000000000000000e+00,1.031161714600000039e+02
5.206179179200000062e-01,-9.506241442200000336e+01,0.000000000000000000e+00,9.506241442200000336e+01,-9.012270044299999938e+01,0.000000000000000000e+00,9.012270044299999938e+01
5.406378378400000795e-01,-8.726251782600000695e+01,0.000000000000000000e+00,8.726251782600000695e+01,-8.429947343899999623e+01,0.000000000000000000e+00,8.429947343899999623e+01
5.606577577600000417e-01,-8.653570043499999542e+01,0.000000000000000000e+00,8.653570043499999542e+01,-8.546009951999999998e+01,0.000000000000000000e+00,8.546009951999999998e+01
5.806776776799998929e-01,-8.513988435000000266e+01,0.000000000000000000e+00,8.513988435000000266e+01,-8.057744978899999921e+01,0.000000000000000000e+00,8.057744978899999921e+01
6.006975976000000772e-01,-7.847336663500000498e+01,0.000000000000000000e+00,7.847336663500000498e+01,-7.958447693799999456e+01,0.000000000000000000e+00,7.958447693799999456e+01
6.207175175199999284e-01,-7.723069225899999424e+01,0.000000000000000000e+00,7.723069225899999424e+01,-7.816311051700000689e+01,0.000000000000000000e+00,7.816311051700000689e+01
6.407374374400001127e-01,-7.433124070799999572e+01,0.000000000000000000e+00,7.433124070799999572e+01,-7.479122342399999468e+01,0.000000000000000000e+00,7.479122342399999468e+01
6.607573573599999639e-01,-7.095236892200000511e+01,0.000000000000000000e+00,7.095236892200000511e+01,-7.551407615399999429e+01,0.000000000000000000e+00,7.551407615399999429e+01
6.807772772799999261e-01,-7.124413094499999488e+01,0.000000000000000000e+00,7.124413094499999488e+01,-7.025658334000000593e+01,0.000000000000000000e+00,7.025658334000000593e+01
7.007971971999999994e-01,-6.928078396200000100e+01,0.000000000000000000e+00,6.928078396200000100e+01,-6.852912440800000127e+01,0.000000000000000000e+00,6.852912440800000127e+01
7.208171171199999616e-01,-6.612409212000000025e+01,0.000000000000000000e+00,6.612409212000000025e+01,-6.541369375600000069e+01,0.000000000000000000e+00,6.541369375600000069e+01
7.408370370399999238e-01,-6.669633887400000560e+01,0.000000000000000000e+00,6.669633887400000560e+01,-6.344135052800000096e+01,0.000000000000000000e+00,6.344135052800000096e+01
7.608569569599999971e-01,-6.476197893399999828e+01,0.000000000000000000e+00,6.476197893399999828e+01,-6.184276504500000016e+01,0.000000000000000000e+00,6.184276504500000016e+01
7.808768768799999593e-01,-6.300402595399999939e+01,0.000000000000000000e+00,6.300402595399999939e+01,-6.088983935899999977e+01,0.000000000000000000e+00,6.088983935899999977e+01
8.008967967999999216e-01,-6.261563005099999657e+01,0.000000000000000000e+00,6.261563005099999657e+01,-5.975718844899999738e+01,0.000000000000000000e+00,5.975718844899999738e+01
8.209167167199999948e-01,-6.072796820599999990e+01,0.000000000000000000e+00,6.072796820599999990e+01,-5.920892311200000080e+01,0.000000000000000000e+00,5.920892311200000080e+01
8.409366366399999571e-01,-5.867707304799999690e+01,0.000000000000000000e+00,5.867707304799999690e+01,-5.778323839000000106e+01,0.000000000000000000e+00,5.778323839000000106e+01
8.609565565599999193e-01,-5.692095378999999866e+01,0.000000000000000000e+00,5.692095378999999866e+01,-5.547536937499999965e+01,0.000000000000000000e+00,5.547536937499999965e+01
8.809764764799999925e-01,-5.527546778499999647e+01,0.000000000000000000e+00,5.527546778499999647e+01,-5.334955388600000248e+01,0.000000000000000000e+00,5.334955388600000248e+01
9.009963963999999548e-01,-5.249977257900000183e+01,0.000000000000000000e+00,5.249977257900000183e+01,-5.092894132100000348e+01,0.000000000000000000e+00,5.092894132100000348e+01
9.210163163200000280e-01,-4.894744685999999945e+01,0.000000000000000000e+00,4.894744685999999945e+01,-4.914662939200000125e+01,0.000000000000000000e+00,4.914662939200000125e+01
9.410362362399999903e-01,-4.700995221099999810e+01,0.000000000000000000e+00,4.700995221099999810e+01,-4.677334368300000023e+01,0.000000000000000000e+00,4.677334368300000023e+01
9.610561561599999525e-01,-4.407955985000000254e+01,0.000000000000000000e+00,4.407955985000000254e+01,-4.349928851899999671e+01,0.000000000000000000e+00,4.349928851899999671e+01
9.810760760800000257e-01,-4.126797143299999959e+01,0.000000000000000000e+00,4.126797143299999959e+01,-4.101032875599999983e+01,0.000000000000000000e+00,4.101032875599999983e+01
1.001095996000000099e+00,-3.975954592200000093e+01,0.000000000000000000e+00,3.975954592200000093e+01,-3.921384766999999982e+01,0.000000000000000000e+00,3.921384766999999982e+01
1.021115915900000060e+00,-3.874232776099999853e+01,0.000000000000000000e+00,3.874232776099999853e+01,-3.853059420600000351e+01,0.000000000000000000e+00,3.853059420600000351e+01
1.041135835800000020e+00,-3.792761845399999743e+01,0.000000000000000000e+00,3.792761845399999743e+01,-3.739638217000000253e+01,0.000000000000000000e+00,3.739638217000000253e+01
1.061155755799999989e+00,-3.548576113099999674e+01,0.000000000000000000e+00,3.548576113099999674e+01,-3.619846158000000003e+01,0.000000000000000000e+00,3.619846158000000003e+01
1.081175675699999950e+00,-3.332083732699999956e+01,0.000000000000000000e+00,3.332083732699999956e+01,-3.423712613000000005e+01,0.000000000000000000e+00,3.423712613000000005e+01
1.101195595599999910e+00,-3.258418832600000314e+01,0.000000000000000000e+00,3.258418832600000314e+01,-3.357728065999999956e+01,0.000000000000000000e+00,3.357728065999999956e+01
1.121215515500000093e+00,-3.154805724199999872e+01,0.000000000000000000e+00,3.154805724199999872e+01,-3.244462556100000228e+01,0.000000000000000000e+00,3.244462556100000228e+01
1.141235435400000053e+00,-3.098515134999999887e+01,0.000000000000000000e+00,3.098515134999999887e+01,-3.136300760399999987e+01,0.000000000000000000e+00,3.136300760399999987e+01
1.161255355400000022e+00,-2.965806319700000060e+01,0.000000000000000000e+00,2.965806319700000060e+01,-3.057039670400000020e+01,0.000000000000000000e+00,3.057039670400000020e+01
1.181275275299999983e+00,-2.835822021999999976e+01,0.000000000000000000e+00,2.835822021999999976e+01,-2.850153757200000015e+01,0.000000000000000000e+00,2.850153757200000015e+01
1.201295195199999943e+00,-2.699456123599999913e+01,0.000000000000000000e+00,2.699456123599999913e+01,-2.758867515100000034e+01,0.000000000000000000e+00,2.758867515100000034e+01
1.221315115099999904e+00,-2.642436321599999971e+01,0.000000000000000000e+00,2.642436321599999971e+01,-2.650814624799999919e+01,0.000000000000000000e+00,2.650814624799999919e+01
1.241335035000000087e+00,-2.531472945899999871e+01,0.000000000000000000e+00,2.531472945899999871e+01,-2.645502139499999927e+01,0.000000000000000000e+00,2.645502139499999927e+01
1.261354955000000055e+00,-2.402086109200000053e+01,0.000000000000000000e+00,2.402086109200000053e+01,-2.499368202499999825e+01,0.000000000000000000e+00,2.499368202499999825e+01
1.281374874900000016e+00,-2.338165674800000104e+01,0.000000000000000000e+00,2.338165674800000104e+01,-2.442369565799999975e+01,0.000000000000000000e+00,2.442369565799999975e+01
1.301394794799999977e+00,-2.285656481599999879e+01,0.000000000000000000e+00,2.285656481599999879e+01,-2.331555181199999893e+01,0.000000000000000000e+00,2.331555181199999893e+01
1.321414714699999937e+00,-2.223777365700000175e+01,0.000000000000000000e+00,2.223777365700000175e+01,-2.133978003200000018e+01,0.000000000000000000e+00,2.133978003200000018e+01
1.341434634599999898e+00,-2.149275991900000093e+01,0.000000000000000000e+00,2.149275991900000093e+01,-2.025159080999999972e+01,0.000000000000000000e+00,2.025159080999999972e+01
1.361454554599999867e+00,-2.113577080499999994e+01,0.000000000000000000e+00,2.113577080499999994e+01,-1.970420607000000146e+01,0.000000000000000000e+00,1.970420607000000146e+01
1.381474474500000049e+00,-1.985586509499999863e+01,0.000000000000000000e+00,1.985586509499999863e+01,-1.907445681700000151e+01,0.000000000000000000e+00,1.907445681700000151e+01
1.401494394400000010e+00,-1.929110417100000063e+01,0.000000000000000000e+00,1.929110417100000063e+01,-1.798680860600000031e+01,0.000000000000000000e+00,1.798680860600000031e+01
1.421514314299999970e+00,-1.859141251400000172e+01,0.000000000000000000e+00,1.859141251400000172e+01,-1.720268363099999931e+01,0.000000000000000000e+00,1.720268363099999931e+01
1.441534234200000153e+00,-1.803511519299999932e+01,0.000000000000000000e+00,1.803511519299999932e+01,-1.732890462800000009e+01,0.000000000000000000e+00,1.732890462800000009e+01
1.461554154200000122e+00,-1.792673173700000078e+01,0.000000000000000000e+00,1.792673173700000078e+01,-1.732129920199999873e+01,0.000000000000000000e+00,1.732129920199999873e+01
1.481574074099999860e+00,-1.790060847599999860e+01,0.000000000000000000e+00,1.790060847599999860e+01,-1.705249537999999987e+01,0.000000000000000000e+00,1.705249537999999987e+01
1.501593994000000043e+00,-1.698070546699999994e+01,0.000000000000000000e+00,1.698070546699999994e+01,-1.676479720200000045e+01,0.000000000000000000e+00,1.676479720200000045e+01
1.521613913900000004e+00,-1.618518519799999922e+01,0.000000000000000000e+00,1.618518519799999922e+01,-1.722096734599999834e+01,0.000000000000000000e+00,1.722096734599999834e+01
1.541633833799999964e+00,-1.596581981299999953e+01,0.000000000000000000e+00,1.596581981299999953e+01,-1.733355459199999871e+01,0.000000000000000000e+00,1.733355459199999871e+01
1.561653753799999933e+00,-1.643773180100000175e+01,0.000000000000000000e+00,1.643773180100000175e+01,-1.749282957400000171e+01,0.000000000000000000e+00,1.749282957400000171e+01
1.581673673700000116e+00,-1.664496821499999868e+01,0.000000000000000000e+00,1.664496821499999868e+01,-1.720260399700000065e+01,0.000000000000000000e+00,1.720260399700000065e+01
1.601693593599999854e+00,-1.690041161699999961e+01,0.000000000000000000e+00,1.690041161699999961e+01,-1.762958408000000077e+01,0.000000000000000000e+00,1.762958408000000077e+01
1.621713513500000037e+00,-1.766836425700000035e+01,0.000000000000000000e+00,1.766836425700000035e+01,-1.783119236399999963e+01,0.000000000000000000e+00,1.783119236399999963e+01
1.641733433399999997e+00,-1.820613791899999967e+01,0.000000000000000000e+00,1.820613791899999967e+01,-1.698062641799999994e+01,0.000000000000000000e+00,1.698062641799999994e+01
1.661753353400000188e+00,-1.879401617699999960e+01,0.000000000000000000e+00,1.879401617699999960e+01,-1.641981097600000084e+01,0.000000000000000000e+00,1.641981097600000084e+01
1.681773273299999927e+00,-1.858064207500000009e+01,0.000000000000000000e+00,1.858064207500000009e+01,-1.618962207699999922e+01,0.000000000000000000e+00,1.618962207699999922e+01
1.701793193200000109e+00,-1.866384437700000021e+01,0.000000000000000000e+00,1.866384437700000021e+01,-1.616673368700000069e+01,0.000000000000000000e+00,1.616673368700000069e+01
1.721813113099999848e+00,-1.933161387699999878e+01,0.000000000000000000e+00,1.933161387699999878e+01,-1.522772125600000059e+01,0.000000000000000000e+00,1.522772125600000059e+01
1.741833033000000031e+00,-1.975883845099999903e+01,0.000000000000000000e+00,1.975883845099999903e+01,-1.506988915200000001e+01,0.000000000000000000e+00,1.506988915200000001e+01
1.761852952999999999e+00,-2.026083743599999920e+01,0.000000000000000000e+00,2.026083743599999920e+01,-1.491723052400000071e+01,0.000000000000000000e+00,1.491723052400000071e+01
1.781872872900000182e+00,-2.021531490499999961e+01,0.000000000000000000e+00,2.021531490499999961e+01,-1.433070267199999925e+01,0.000000000000000000e+00,1.433070267199999925e+01
1.801892792799999921e+00,-1.856261873100000059e+01,0.000000000000000000e+00,1.856261873100000059e+01,-1.358029183600000067e+01,0.000000000000000000e+00,1.358029183600000067e+01
1.821912712700000103e+00,-1.866516988900000129e+01,0.000000000000000000e+00,1.866516988900000129e+01,-1.303342464400000011e+01,0.000000000000000000e+00,1.303342464400000011e+01
1.841932632599999842e+00,-1.820006031300000160e+01,0.000000000000000000e+00,1.820006031300000160e+01,-1.259835796399999985e+01,0.000000000000000000e+00,1.259835796399999985e+01
1.861952552599999811e+00,-1.749443046700000082e+01,0.000000000000000000e+00,1.749443046700000082e+01,-1.255751663700000087e+01,0.000000000000000000e+00,1.255751663700000087e+01
1.881972472499999993e+00,-1.650818330099999898e+01,0.000000000000000000e+00,1.650818330099999898e+01,-1.261362755999999941e+01,0.000000000000000000e+00,1.261362755999999941e+01
1.901992392400000176e+00,-1.620924583200000058e+01,0.000000000000000000e+00,1.620924583200000058e+01,-1.302099987699999950e+01,0.000000000000000000e+00,1.302099987699999950e+01
1.922012312299999914e+00,-1.554220730199999956e+01,0.000000000000000000e+00,1.554220730199999956e+01,-1.302363650600000078e+01,0.000000000000000000e+00,1.302363650600000078e+01
1.942032232200000097e+00,-1.502197610700000041e+01,0.000000000000000000e+00,1.502197610700000041e+01,-1.308238579300000026e+01,0.000000000000000000e+00,1.308238579300000026e+01
1.962052152200000066e+00,-1.484861706899999945e+01,0.000000000000000000e+00,1.484861706899999945e+01,-1.330306665400000021e+01,0.000000000000000000e+00,1.330306665400000021e+01
1.982072072099999804e+00,-1.448605911499999976e+01,0.000000000000000000e+00,1.448605911499999976e+01,-1.334822281699999991e+01,0.000000000000000000e+00,1.334822281699999991e+01
2.002091991999999987e+00,-1.434944220899999934e+01,0.000000000000000000e+00,1.434944220899999934e+01,-1.350975085900000039e+01,0.000000000000000000e+00,1.350975085900000039e+01
2.022111911900000170e+00,-1.389425333299999998e+01,0.000000000000000000e+00,1.389425333299999998e+01,-1.338559156500000036e+01,0.000000000000000000e+00,1.338559156500000036e+01
2.042131831799999908e+00,-1.406681602299999945e+01,0.000000000000000000e+00,1.406681602299999945e+01,-1.346507039599999977e+01,0.000000000000000000e+00,1.346507039599999977e+01
2.062151751800000099e+00,-1.438668238099999996e+01,0.000000000000000000e+00,1.438668238099999996e+01,-1.368444653000000066e+01,0.000000000000000000e+00,1.368444653000000066e+01
2.082171671699999838e+00,-1.445306494699999966e+01,0.000000000000000000e+00,1.445306494699999966e+01,-1.330567986500000011e+01,0.000000000000000000e+00,1.330567986500000011e+01
2.102191591600000020e+00,-1.421109342499999961e+01,0.000000000000000000e+00,1.421109342499999961e+01,-1.313677799899999954e+01,0.000000000000000000e+00,1.313677799899999954e+01
2.122211511500000203e+00,-1.397003315599999951e+01,0.000000000000000000e+00,1.397003315599999951e+01,-1.326535702199999989e+01,0.000000000000000000e+00,1.326535702199999989e+01
2.142231431399999941e+00,-1.406476201399999937e+01,0.000000000000000000e+00,1.406476201399999937e+01,-1.333238318399999933e+01,0.000000000000000000e+00,1.333238318399999933e+01
2.162251351400000132e+00,-1.398610287500000027e+01,0.000000000000000000e+00,1.398610287500000027e+01,-1.332813655900000072e+01,0.000000000000000000e+00,1.332813655900000072e+01
2.182271271300000315e+00,-1.387298481600000066e+01,0.000000000000000000e+00,1.387298481600000066e+01,-1.328419144299999921e+01,0.000000000000000000e+00,1.328419144299999921e+01
2.202291191199999609e+00,-1.375782068700000060e+01,0.000000000000000000e+00,1.375782068700000060e+01,-1.335153663700000060e+01,0.000000000000000000e+00,1.335153663700000060e+01
2.222311111099999792e+00,-1.375052747800000041e+01,0.000000000000000000e+00,1.375052747800000041e+01,-1.342297538999999951e+01,0.000000000000000000e+00,1.342297538999999951e+01
2.242331030999999975e+00,-1.349182390100000006e+01,0.000000000000000000e+00,1.349182390100000006e+01,-1.336246338599999994e+01,0.000000000000000000e+00,1.336246338599999994e+01
2.262350951000000165e+00,-1.352062370800000046e+01,0.000000000000000000e+00,1.352062370800000046e+01,-1.310305450699999952e+01,0.000000000000000000e+00,1.310305450699999952e+01
2.282370870899999904e+00,-1.361625650300000068e+01,0.000000000000000000e+00,1.361625650300000068e+01,-1.289803466599999915e+01,0.000000000000000000e+00,1.289803466599999915e+01
2.302390790800000087e+00,-1.357763309599999957e+01,0.000000000000000000e+00,1.357763309599999957e+01,-1.286479898600000027e+01,0.000000000000000000e+00,1.286479898600000027e+01
2.322410710699999825e+00,-1.359671162000000066e+01,0.000000000000000000e+00,1.359671162000000066e+01,-1.282562708300000054e+01,0.000000000000000000e+00,1.282562708300000054e+01
2.342430630600000008e+00,-1.350806963299999985e+01,0.000000000000000000e+00,1.350806963299999985e+01,-1.291388534700000079e+01,0.000000000000000000e+00,1.291388534700000079e+01
2.362450550599999755e+00,-1.362408046400000039e+01,0.000000000000000000e+00,1.362408046400000039e+01,-1.292962221600000028e+01,0.000000000000000000e+00,1.292962221600000028e+01
2.382470470499999937e+00,-1.368719930700000020e+01,0.000000000000000000e+00,1.368719930700000020e+01,-1.325672376600000035e+01,0.000000000000000000e+00,1.325672376600000035e+01
2.402490390400000120e+00,-1.387100832900000036e+01,0.000000000000000000e+00,1.387100832900000036e+01,-1.346428707099999933e+01,0.000000000000000000e+00,1.346428707099999933e+01
2.422510310300000302e+00,-1.363185612200000030e+01,0.000000000000000000e+00,1.363185612200000030e+01,-1.368780639400000076e+01,0.000000000000000000e+00,1.368780639400000076e+01
2.442530230199999597e+00,-1.372953162499999991e+01,0.000000000000000000e+00,1.372953162499999991e+01,-1.413359095600000082e+01,0.000000000000000000e+00,1.413359095600000082e+01
2.462550150199999788e+00,-1.378114588599999912e+01,0.000000000000000000e+00,1.378114588599999912e+01,-1.442425915799999991e+01,0.000000000000000000e+00,1.442425915799999991e+01
2.482570070099999970e+00,-1.417895493800000040e+01,0.000000000000000000e+00,1.417895493800000040e+01,-1.484634559799999920e+01,0.000000000000000000e+00,1.484634559799999920e+01
2.502589990000000153e+00,-1.437269454700000004e+01,0.000000000000000000e+00,1.437269454700000004e+01,-1.515703864800000034e+01,0.000000000000000000e+00,1.515703864800000034e+01
2.522609909899999892e+00,-1.449297265899999942e+01,0.000000000000000000e+00,1.449297265899999942e+01,-1.572344368199999920e+01,0.000000000000000000e+00,1.572344368199999920e+01
2.542629829800000074e+00,-1.470090168900000016e+01,0.000000000000000000e+00,1.470090168900000016e+01,-1.597575626000000071e+01,0.000000000000000000e+00,1.597575626000000071e+01
2.562649749699999813e+00,-1.509364278099999979e+01,0.000000000000000000e+00,1.509364278099999979e+01,-1.643464147399999931e+01,0.000000000000000000e+00,1.643464147399999931e+01
2.582669669700000004e+00,-1.520439896499999932e+01,0.000000000000000000e+00,1.520439896499999932e+01,-1.706099854500000035e+01,0.000000000000000000e+00,1.706099854500000035e+01
2.602689589599999742e+00,-1.529479967600000023e+01,0.000000000000000000e+00,1.529479967600000023e+01,-1.765972547599999842e+01,0.000000000000000000e+00,1.765972547599999842e+01
2.622709509499999925e+00,-1.548718586799999919e+01,0.000000000000000000e+00,1.548718586799999919e+01,-1.804007219300000031e+01,0.000000000000000000e+00,1.804007219300000031e+01
2.642729429400000107e+00,-1.605927520699999889e+01,0.000000000000000000e+00,1.605927520699999889e+01,-1.838680958799999843e+01,0.000000000000000000e+00,1.838680958799999843e+01
2.662749349300000290e+00,-1.656033038700000048e+01,0.000000000000000000e+00,1.656033038700000048e+01,-1.855973633800000044e+01,0.000000000000000000e+00,1.855973633800000044e+01
2.682769269300000037e+00,-1.714142685699999902e+01,0.000000000000000000e+00,1.714142685699999902e+01,-1.871135156300000091e+01,0.000000000000000000e+00,1.871135156300000091e+01
2.702789189199999775e+00,-1.805595293100000021e+01,0.000000000000000000e+00,1.805595293100000021e+01,-1.898190308399999893e+01,0.000000000000000000e+00,1.898190308399999893e+01
2.722809109099999958e+00,-1.882903121900000087e+01,0.000000000000000000e+00,1.882903121900000087e+01,-1.917456497899999945e+01,0.000000000000000000e+00,1.917456497899999945e+01
2.742829029000000141e+00,-1.986828530100000023e+01,0.000000000000000000e+00,1.986828530100000023e+01,-1.926058199899999934e+01,0.000000000000000000e+00,1.926058199899999934e+01
2.762848948899999879e+00,-2.122985655700000152e+01,0.000000000000000000e+00,2.122985655700000152e+01,-1.880546552099999857e+01,0.000000000000000000e+00,1.880546552099999857e+01
2.782868868900000070e+00,-2.244058385299999969e+01,0.000000000000000000e+00,2.244058385299999969e+01,-1.885132786599999832e+01,0.000000000000000000e+00,1.885132786599999832e+01
2.802888788800000253e+00,-2.320930011400000126e+01,0.000000000000000000e+00,2.320930011400000126e+01,-1.850045471199999980e+01,0.000000000000000000e+00,1.850045471199999980e+01
2.822908708699999991e+00,-2.390944217099999847e+01,0.000000000000000000e+00,2.390944217099999847e+01,-1.806882532899999916e+01,0.000000000000000000e+00,1.806882532899999916e+01
2.842928628599999730e+00,-2.401231042499999901e+01,0.000000000000000000e+00,2.401231042499999901e+01,-1.793424252699999855e+01,0.000000000000000000e+00,1.793424252699999855e+01
2.862948548499999912e+00,-2.360119155299999960e+01,0.000000000000000000e+00,2.360119155299999960e+01,-1.766369152100000051e+01,0.000000000000000000e+00,1.766369152100000051e+01
2.882968468500000103e+00,-2.336157988000000074e+01,0.000000000000000000e+00,2.336157988000000074e+01,-1.737884071199999880e+01,0.000000000000000000e+00,1.737884071199999880e+01
2.902988388400000286e+00,-2.293530314599999897e+01,0.000000000000000000e+00,2.293530314599999897e+01,-1.703864374500000167e+01,0.000000000000000000e+00,1.703864374500000167e+01
2.923008308300000024e+00,-2.245059691599999852e+01,0.000000000000000000e+00,2.245059691599999852e+01,-1.680692574100000058e+01,0.000000000000000000e+00,1.680692574100000058e+01
2.943028228199999763e+00,-2.184283777999999998e+01,0.000000000000000000e+00,2.184283777999999998e+01,-1.647811005799999862e+01,0.000000000000000000e+00,1.647811005799999862e+01
2.963048148099999946e+00,-2.148228389999999877e+01,0.000000000000000000e+00,2.148228389999999877e+01,-1.630957263199999829e+01,0.000000000000000000e+00,1.630957263199999829e+01
2.983068068099999692e+00,-2.073571081600000099e+01,0.000000000000000000e+00,2.073571081600000099e+01,-1.610098975000000010e+01,0.000000000000000000e+00,1.610098975000000010e+01
3.003087987999999875e+00,-2.001718805999999873e+01,0.000000000000000000e+00,2.001718805999999873e+01,-1.576346837300000026e+01,0.000000000000000000e+00,1.576346837300000026e+01
3.023107907900000058e+00,-1.984472121299999969e+01,0.000000000000000000e+00,1.984472121299999969e+01,-1.549045905600000061e+01,0.000000000000000000e+00,1.549045905600000061e+01
3.043127827800000240e+00,-1.972268936400000072e+01,0.000000000000000000e+00,1.972268936400000072e+01,-1.550712567899999961e+01,0.000000000000000000e+00,1.550712567899999961e+01
3.063147747699999979e+00,-1.941545612099999829e+01,0.000000000000000000e+00,1.941545612099999829e+01,-1.539057174400000072e+01,0.000000000000000000e+00,1.539057174400000072e+01
3.083167667699999726e+00,-1.920162178100000006e+01,0.000000000000000000e+00,1.920162178100000006e+01,-1.545824454999999986e+01,0.000000000000000000e+00,1.545824454999999986e+01
3.103187587599999908e+00,-1.921416791300000071e+01,0.000000000000000000e+00,1.921416791300000071e+01,-1.567069464000000067e+01,0.000000000000000000e+00,1.567069464000000067e+01
3.123207507500000091e+00,-1.920242905499999964e+01,0.000000000000000000e+00,1.920242905499999964e+01,-1.585982891699999975e+01,0.000000000000000000e+00,1.585982891699999975e+01
3.143227427400000273e+00,-1.907170849199999907e+01,0.000000000000000000e+00,1.907170849199999907e+01,-1.598532105600000008e+01,0.000000000000000000e+00,1.598532105600000008e+01
3.163247347300000012e+00,-1.892259884599999964e+01,0.000000000000000000e+00,1.892259884599999964e+01,-1.613108714099999830e+01,0.000000000000000000e+00,1.613108714099999830e+01
3.183267267300000203e+00,-1.874619152900000074e+01,0.000000000000000000e+00,1.874619152900000074e+01,-1.618665334700000002e+01,0.000000000000000000e+00,1.618665334700000002e+01
3.203287187199999941e+00,-1.858302425200000130e+01,0.000000000000000000e+00,1.858302425200000130e+01,-1.617598206399999938e+01,0.000000000000000000e+00,1.617598206399999938e+01
3.223307107100000124e+00,-1.851550809600000136e+01,0.000000000000000000e+00,1.851550809600000136e+01,-1.618354010199999848e+01,0.000000000000000000e+00,1.618354010199999848e+01
3.243327026999999863e+00,-1.846823193799999885e+01,0.000000000000000000e+00,1.846823193799999885e+01,-1.624332130999999890e+01,0.000000000000000000e+00,1.624332130999999890e+01
3.263346946900000045e+00,-1.836177672199999833e+01,0.000000000000000000e+00,1.836177672199999833e+01,-1.646608344199999863e+01,0.000000000000000000e+00,1.646608344199999863e+01
3.283366866900000236e+00,-1.810311268099999893e+01,0.000000000000000000e+00,1.810311268099999893e+01,-1.646206372900000048e+01,0.000000000000000000e+00,1.646206372900000048e+01
3.303386786799999975e+00,-1.797411540099999883e+01,0.000000000000000000e+00,1.797411540099999883e+01,-1.643425706900000094e+01,0.000000000000000000e+00,1.643425706900000094e+01
3.323406706699999713e+00,-1.783370916699999853e+01,0.000000000000000000e+00,1.783370916699999853e+01,-1.655181929400000129e+01,0.000000000000000000e+00,1.655181929400000129e+01
3.343426626599999896e+00,-1.773408820999999946e+01,0.000000000000000000e+00,1.773408820999999946e+01,-1.654438153799999967e+01,0.000000000000000000e+00,1.654438153799999967e+01
3.363446546500000078e+00,-1.764862446400000096e+01,0.000000000000000000e+00,1.764862446400000096e+01,-1.679122989900000107e+01,0.000000000000000000e+00,1.679122989900000107e+01
3.383466466499999825e+00,-1.755563485600000107e+01,0.000000000000000000e+00,1.755563485600000107e+01,-1.723820559900000049e+01,0.000000000000000000e+00,1.723820559900000049e+01
3.403486386400000008e+00,-1.769725338900000011e+01,0.000000000000000000e+00,1.769725338900000011e+01,-1.759508275399999988e+01,0.000000000000000000e+00,1.759508275399999988e+01
3.423506306300000190e+00,-1.780844910200000086e+01,0.000000000000000000e+00,1.780844910200000086e+01,-1.793868308200000072e+01,0.000000000000000000e+00,1.793868308200000072e+01
3.443526226199999929e+00,-1.791740433700000068e+01,0.000000000000000000e+00,1.791740433700000068e+01,-1.826726723100000171e+01,0.000000000000000000e+00,1.826726723100000171e+01
3.463546146100000112e+00,-1.803352980400000050e+01,0.000000000000000000e+00,1.803352980400000050e+01,-1.866563774600000158e+01,0.000000000000000000e+00,1.866563774600000158e+01
3.483566066099999858e+00,-1.846221808800000019e+01,0.000000000000000000e+00,1.846221808800000019e+01,-1.894636252999999826e+01,0.000000000000000000e+00,1.894636252999999826e+01
3.503585986000000041e+00,-1.910995833400000166e+01,0.000000000000000000e+00,1.910995833400000166e+01,-1.921378152000000128e+01,0.000000000000000000e+00,1.921378152000000128e+01
3.523605905900000224e+00,-1.972964738800000006e+01,0.000000000000000000e+00,1.972964738800000006e+01,-1.953116556799999870e+01,0.000000000000000000e+00,1.953116556799999870e+01
3.543625825800000406e+00,-2.031424474900000021e+01,0.000000000000000000e+00,2.031424474900000021e+01,-1.955604399599999965e+01,0.000000000000000000e+00,1.955604399599999965e+01
3.563645745699999701e+00,-2.081386755100000130e+01,0.000000000000000000e+00,2.081386755100000130e+01,-1.941018154800000062e+01,0.000000000000000000e+00,1.941018154800000062e+01
3.583665665699999892e+00,-2.129724652999999890e+01,0.000000000000000000e+00,2.129724652999999890e+01,-1.896833110000000033e+01,0.000000000000000000e+00,1.896833110000000033e+01
3.603685585600000074e+00,-2.182338595899999945e+01,0.000000000000000000e+00,2.182338595899999945e+01,-1.876269762800000152e+01,0.000000000000000000e+00,1.876269762800000152e+01
3.623705505499999813e+00,-2.217378611899999896e+01,0.000000000000000000e+00,2.217378611899999896e+01,-1.853225950899999930e+01,0.000000000000000000e+00,1.853225950899999930e+01
3.643725425399999995e+00,-2.231094388800000061e+01,0.000000000000000000e+00,2.231094388800000061e+01,-1.842323989499999826e+01,0.000000000000000000e+00,1.842323989499999826e+01
3.663745345300000178e+00,-2.236168106599999916e+01,0.000000000000000000e+00,2.236168106599999916e+01,-1.845234273899999877e+01,0.000000000000000000e+00,1.845234273899999877e+01
3.683765265300000369e+00,-2.213535182300000059e+01,0.000000000000000000e+00,2.213535182300000059e+01,-1.842585213399999944e+01,0.000000000000000000e+00,1.842585213399999944e+01
3.703785185199999663e+00,-2.188457045999999906e+01,0.000000000000000000e+00,2.188457045999999906e+01,-1.843463456599999972e+01,0.000000000000000000e+00,1.843463456599999972e+01
3.723805105099999846e+00,-2.172757632700000130e+01,0.000000000000000000e+00,2.172757632700000130e+01,-1.862964041100000046e+01,0.000000000000000000e+00,1.862964041100000046e+01
3.743825025000000029e+00,-2.166547216900000095e+01,0.000000000000000000e+00,2.166547216900000095e+01,-1.868695819799999924e+01,0.000000000000000000e+00,1.868695819799999924e+01
3.763844944900000211e+00,-2.149308797100000135e+01,0.000000000000000000e+00,2.149308797100000135e+01,-1.887478011199999983e+01,0.000000000000000000e+00,1.887478011199999983e+01
3.783864864899999958e+00,-2.123216539199999886e+01,0.000000000000000000e+00,2.123216539199999886e+01,-1.879584250799999978e+01,0.000000000000000000e+00,1.879584250799999978e+01
3.803884784800000141e+00,-2.100289675699999847e+01,0.000000000000000000e+00,2.100289675699999847e+01,-1.884813455300000129e+01,0.000000000000000000e+00,1.884813455300000129e+01
3.823904704699999879e+00,-2.070137733400000002e+01,0.000000000000000000e+00,2.070137733400000002e+01,-1.920868525299999874e+01,0.000000000000000000e+00,1.920868525299999874e+01
3.843924624600000062e+00,-2.060962088300000161e+01,0.000000000000000000e+00,2.060962088300000161e+01,-1.936804028999999971e+01,0.000000000000000000e+00,1.936804028999999971e+01
3.863944544499999800e+00,-2.044432976299999893e+01,0.000000000000000000e+00,2.044432976299999893e+01,-1.980670177400000043e+01,0.000000000000000000e+00,1.980670177400000043e+01
3.883964464499999991e+00,-2.037500930399999888e+01,0.000000000000000000e+00,2.037500930399999888e+01,-2.041758343000000053e+01,0.000000000000000000e+00,2.041758343000000053e+01
3.903984384400000174e+00,-2.041161580600000036e+01,0.000000000000000000e+00,2.041161580600000036e+01,-2.062610320799999997e+01,0.000000000000000000e+00,2.062610320799999997e+01
3.924004304300000356e+00,-2.039427691899999928e+01,0.000000000000000000e+00,2.039427691899999928e+01,-2.098725942800000155e+01,0.000000000000000000e+00,2.098725942800000155e+01
3.944024224199999651e+00,-2.030174440300000072e+01,0.000000000000000000e+00,2.030174440300000072e+01,-2.136755066999999997e+01,0.000000000000000000e+00,2.136755066999999997e+01
3.964044144099999833e+00,-2.017249079500000164e+01,0.000000000000000000e+00,2.017249079500000164e+01,-2.159978715200000110e+01,0.000000000000000000e+00,2.159978715200000110e+01
3.984064064100000024e+00,-2.013537668300000050e+01,0.000000000000000000e+00,2.013537668300000050e+01,-2.185955193299999877e+01,0.000000000000000000e+00,2.185955193299999877e+01
4.004083984000000207e+00,-2.009035327599999832e+01,0.000000000000000000e+00,2.009035327599999832e+01,-2.220199621400000112e+01,0.000000000000000000e+00,2.220199621400000112e+01
4.024103903900000390e+00,-2.015088078499999824e+01,0.000000000000000000e+00,2.015088078499999824e+01,-2.217935186800000125e+01,0.000000000000000000e+00,2.217935186800000125e+01
4.044123823800000572e+00,-2.006096098100000091e+01,0.000000000000000000e+00,2.006096098100000091e+01,-2.201167840000000098e+01,0.000000000000000000e+00,2.201167840000000098e+01
4.064143743699999867e+00,-2.009223897500000078e+01,0.000000000000000000e+00,2.009223897500000078e+01,-2.186204696600000119e+01,0.000000000000000000e+00,2.186204696600000119e+01
4.084163663700000058e+00,-2.018671478299999933e+01,0.000000000000000000e+00,2.018671478299999933e+01,-2.161806229500000143e+01,0.000000000000000000e+00,2.161806229500000143e+01
4.104183583600000240e+00,-2.021422983900000148e+01,0.000000000000000000e+00,2.021422983900000148e+01,-2.120682678000000010e+01,0.000000000000000000e+00,2.120682678000000010e+01
4.124203503500000423e+00,-2.019266679700000111e+01,0.000000000000000000e+00,2.019266679700000111e+01,-2.102991849100000010e+01,0.000000000000000000e+00,2.102991849100000010e+01
4.144223423399999717e+00,-2.029410469400000139e+01,0.000000000000000000e+00,2.029410469400000139e+01,-2.082002907500000077e+01,0.000000000000000000e+00,2.082002907500000077e+01
4.164243343299999900e+00,-2.037091265500000148e+01,0.000000000000000000e+00,2.037091265500000148e+01,-2.056126299800000012e+01,0.000000000000000000e+00,2.056126299800000012e+01
4.184263263300000091e+00,-2.052690525199999882e+01,0.000000000000000000e+00,2.052690525199999882e+01,-2.041488251699999878e+01,0.000000000000000000e+00,2.041488251699999878e+01
4.204283183199999385e+00,-2.074336466700000159e+01,0.000000000000000000e+00,2.074336466700000159e+01,-2.039602573399999841e+01,0.000000000000000000e+00,2.039602573399999841e+01
4.224303103099999568e+00,-2.100509040400000060e+01,0.000000000000000000e+00,2.100509040400000060e+01,-2.018880372599999973e+01,0.000000000000000000e+00,2.018880372599999973e+01
4.244323022999999750e+00,-2.123837717299999994e+01,0.000000000000000000e+00,2.123837717299999994e+01,-2.015553879999999864e+01,0.000000000000000000e+00,2.015553879999999864e+01
4.264342942899999933e+00,-2.135327212400000008e+01,0.000000000000000000e+00,2.135327212400000008e+01,-2.017193613699999943e+01,0.000000000000000000e+00,2.017193613699999943e+01
4.284362862900000124e+00,-2.148490438500000010e+01,0.000000000000000000e+00,2.148490438500000010e+01,-1.996260284699999943e+01,0.000000000000000000e+00,1.996260284699999943e+01
4.304382782800000307e+00,-2.157300934399999903e+01,0.000000000000000000e+00,2.157300934399999903e+01,-1.973644927200000154e+01,0.000000000000000000e+00,1.973644927200000154e+01
4.324402702699999601e+00,-2.152016077200000055e+01,0.000000000000000000e+00,2.152016077200000055e+01,-1.960165899000000067e+01,0.000000000000000000e+00,1.960165899000000067e+01
4.344422622600000672e+00,-2.152559293999999923e+01,0.000000000000000000e+00,2.152559293999999923e+01,-1.932656145099999989e+01,0.000000000000000000e+00,1.932656145099999989e+01
4.364442542499999966e+00,-2.159435280099999943e+01,0.000000000000000000e+00,2.159435280099999943e+01,-1.907967655799999918e+01,0.000000000000000000e+00,1.907967655799999918e+01
4.384462462500000157e+00,-2.162982252100000125e+01,0.000000000000000000e+00,2.162982252100000125e+01,-1.893349028900000164e+01,0.000000000000000000e+00,1.893349028900000164e+01
4.404482382399999452e+00,-2.174934551699999830e+01,0.000000000000000000e+00,2.174934551699999830e+01,-1.874269540799999945e+01,0.000000000000000000e+00,1.874269540799999945e+01
4.424502302300000522e+00,-2.195157099600000095e+01,0.000000000000000000e+00,2.195157099600000095e+01,-1.849989918700000047e+01,0.000000000000000000e+00,1.849989918700000047e+01
4.444522222199999817e+00,-2.218516740999999826e+01,0.000000000000000000e+00,2.218516740999999826e+01,-1.850821610499999892e+01,0.000000000000000000e+00,1.850821610499999892e+01
4.464542142100000000e+00,-2.239573901500000019e+01,0.000000000000000000e+00,2.239573901500000019e+01,-1.823488402699999966e+01,0.000000000000000000e+00,1.823488402699999966e+01
4.484562062100000190e+00,-2.283008411899999857e+01,0.000000000000000000e+00,2.283008411899999857e+01,-1.820410234999999943e+01,0.000000000000000000e+00,1.820410234999999943e+01
4.504581982000000373e+00,-2.323013399199999895e+01,0.000000000000000000e+00,2.323013399199999895e+01,-1.812738836899999839e+01,0.000000000000000000e+00,1.812738836899999839e+01
4.524601901899999667e+00,-2.337781171900000032e+01,0.000000000000000000e+00,2.337781171900000032e+01,-1.814649375500000161e+01,0.000000000000000000e+00,1.814649375500000161e+01
4.544621821799999850e+00,-2.344058051400000053e+01,0.000000000000000000e+00,2.344058051400000053e+01,-1.812737812599999998e+01,0.000000000000000000e+00,1.812737812599999998e+01
4.564641741700000033e+00,-2.345666874899999854e+01,0.000000000000000000e+00,2.345666874899999854e+01,-1.828169523100000049e+01,0.000000000000000000e+00,1.828169523100000049e+01
4.584661661700000224e+00,-2.340500967999999915e+01,0.000000000000000000e+00,2.340500967999999915e+01,-1.840684639699999892e+01,0.000000000000000000e+00,1.840684639699999892e+01
4.604681581600000406e+00,-2.323142898700000103e+01,0.000000000000000000e+00,2.323142898700000103e+01,-1.844490719199999873e+01,0.000000000000000000e+00,1.844490719199999873e+01
4.624701501499999701e+00,-2.305923040400000090e+01,0.000000000000000000e+00,2.305923040400000090e+01,-1.864101160399999912e+01,0.000000000000000000e+00,1.864101160399999912e+01
4.644721421399999883e+00,-2.285662194900000088e+01,0.000000000000000000e+00,2.285662194900000088e+01,-1.869649693999999940e+01,0.000000000000000000e+00,1.869649693999999940e+01
4.664741341300000066e+00,-2.248209931299999909e+01,0.000000000000000000e+00,2.248209931299999909e+01,-1.871868466900000172e+01,0.000000000000000000e+00,1.871868466900000172e+01
4.684761261300000257e+00,-2.212793987499999915e+01,0.000000000000000000e+00,2.212793987499999915e+01,-1.858652593700000111e+01,0.000000000000000000e+00,1.858652593700000111e+01
4.704781181199999551e+00,-2.168659341300000065e+01,0.000000000000000000e+00,2.168659341300000065e+01,-1.866256091700000042e+01,0.000000000000000000e+00,1.866256091700000042e+01
4.724801101100000622e+00,-2.134885926999999839e+01,0.000000000000000000e+00,2.134885926999999839e+01,-1.846375455300000112e+01,0.000000000000000000e+00,1.846375455300000112e+01
4.744821020999999917e+00,-2.100755020900000147e+01,0.000000000000000000e+00,2.100755020900000147e+01,-1.830776632699999951e+01,0.000000000000000000e+00,1.830776632699999951e+01
4.764840940899999211e+00,-2.074419031700000104e+01,0.000000000000000000e+00,2.074419031700000104e+01,-1.829011081000000161e+01,0.000000000000000000e+00,1.829011081000000161e+01
4.784860860899999402e+00,-2.048058199900000176e+01,0.000000000000000000e+00,2.048058199900000176e+01,-1.815570944799999964e+01,0.000000000000000000e+00,1.815570944799999964e+01
4.804880780800000473e+00,-2.026597772299999889e+01,0.000000000000000000e+00,2.026597772299999889e+01,-1.798313205199999842e+01,0.000000000000000000e+00,1.798313205199999842e+01
4.824900700699999767e+00,-2.007604913400000157e+01,0.000000000000000000e+00,2.007604913400000157e+01,-1.796726964499999823e+01,0.000000000000000000e+00,1.796726964499999823e+01
4.844920620599999950e+00,-1.980322948999999966e+01,0.000000000000000000e+00,1.980322948999999966e+01,-1.776674245499999927e+01,0.000000000000000000e+00,1.776674245499999927e+01
4.864940540500000132e+00,-1.949248586199999878e+01,0.000000000000000000e+00,1.949248586199999878e+01,-1.756890584799999999e+01,0.000000000000000000e+00,1.756890584799999999e+01
4.884960460500000323e+00,-1.933076375099999922e+01,0.000000000000000000e+00,1.933076375099999922e+01,-1.734790739600000009e+01,0.000000000000000000e+00,1.734790739600000009e+01
4.904980380399999618e+00,-1.918432475599999876e+01,0.000000000000000000e+00,1.918432475599999876e+01,-1.724852836100000175e+01,0.000000000000000000e+00,1.724852836100000175e+01
4.925000300299999800e+00,-1.903578716799999881e+01,0.000000000000000000e+00,1.903578716799999881e+01,-1.709261959299999845e+01,0.000000000000000000e+00,1.709261959299999845e+01
4.945020220199999983e+00,-1.894545300900000129e+01,0.000000000000000000e+00,1.894545300900000129e+01,-1.694418174300000146e+01,0.000000000000000000e+00,1.694418174300000146e+01
4.965040140100000166e+00,-1.884522939100000016e+01,0.000000000000000000e+00,1.884522939100000016e+01,-1.681850141199999982e+01,0.000000000000000000e+00,1.681850141199999982e+01
4.985060060100000356e+00,-1.874843956200000150e+01,0.000000000000000000e+00,1.874843956200000150e+01,-1.685157845100000173e+01,0.000000000000000000e+00,1.685157845100000173e+01
5.005079979999999651e+00,-1.872510494300000161e+01,0.000000000000000000e+00,1.872510494300000161e+01,-1.684880352400000092e+01,0.000000000000000000e+00,1.684880352400000092e+01
5.025099899899999834e+00,-1.875673319399999883e+01,0.000000000000000000e+00,1.875673319399999883e+01,-1.696960507100000015e+01,0.000000000000000000e+00,1.696960507100000015e+01
5.045119819800000016e+00,-1.870945957200000009e+01,0.000000000000000000e+00,1.870945957200000009e+01,-1.730358201099999960e+01,0.000000000000000000e+00,1.730358201099999960e+01
5.065139739700000199e+00,-1.867753879500000025e+01,0.000000000000000000e+00,1.867753879500000025e+01,-1.757343494999999933e+01,0.000000000000000000e+00,1.757343494999999933e+01
5.085159659699999501e+00,-1.869055891000000003e+01,0.000000000000000000e+00,1.869055891000000003e+01,-1.784221189699999854e+01,0.000000000000000000e+00,1.784221189699999854e+01
5.105179579600000572e+00,-1.867651829800000129e+01,0.000000000000000000e+00,1.867651829800000129e+01,-1.842276764300000025e+01,0.000000000000000000e+00,1.842276764300000025e+01
5.125199499499999867e+00,-1.866004579299999833e+01,0.000000000000000000e+00,1.866004579299999833e+01,-1.869681888099999867e+01,0.000000000000000000e+00,1.869681888099999867e+01
5.145219419400000049e+00,-1.868436365000000166e+01,0.000000000000000000e+00,1.868436365000000166e+01,-1.893037033099999888e+01,0.000000000000000000e+00,1.893037033099999888e+01
5.165239339300000232e+00,-1.867384881699999966e+01,0.000000000000000000e+00,1.867384881699999966e+01,-1.960168940599999843e+01,0.000000000000000000e+00,1.960168940599999843e+01
5.185259259300000423e+00,-1.862055803200000170e+01,0.000000000000000000e+00,1.862055803200000170e+01,-2.001563178600000015e+01,0.000000000000000000e+00,2.001563178600000015e+01
5.205279179199999717e+00,-1.867220246700000175e+01,0.000000000000000000e+00,1.867220246700000175e+01,-2.021475939300000135e+01,0.000000000000000000e+00,2.021475939300000135e+01
5.225299099100000788e+00,-1.867382207900000068e+01,0.000000000000000000e+00,1.867382207900000068e+01,-2.084690546299999880e+01,0.000000000000000000e+00,2.084690546299999880e+01
5.245319019000000083e+00,-1.869485529900000031e+01,0.000000000000000000e+00,1.869485529900000031e+01,-2.120538895299999993e+01,0.000000000000000000e+00,2.120538895299999993e+01
5.265338938899999377e+00,-1.873192967800000019e+01,0.000000000000000000e+00,1.873192967800000019e+01,-2.150741166599999943e+01,0.000000000000000000e+00,2.150741166599999943e+01
5.285358858899999568e+00,-1.883676565200000042e+01,0.000000000000000000e+00,1.883676565200000042e+01,-2.192486459599999904e+01,0.000000000000000000e+00,2.192486459599999904e+01
5.305378778799999751e+00,-1.896716617399999905e+01,0.000000000000000000e+00,1.896716617399999905e+01,-2.237731856899999983e+01,0.000000000000000000e+00,2.237731856899999983e+01
5.325398698699999933e+00,-1.919349856599999882e+01,0.000000000000000000e+00,1.919349856599999882e+01,-2.271723522099999926e+01,0.000000000000000000e+00,2.271723522099999926e+01
5.345418618600000116e+00,-1.939452749499999840e+01,0.000000000000000000e+00,1.939452749499999840e+01,-2.294701862799999859e+01,0.000000000000000000e+00,2.294701862799999859e+01
5.365438538500000298e+00,-1.963474918800000069e+01,0.000000000000000000e+00,1.963474918800000069e+01,-2.296581974100000068e+01,0.000000000000000000e+00,2.296581974100000068e+01
5.385458458499999601e+00,-1.992546118699999980e+01,0.000000000000000000e+00,1.992546118699999980e+01,-2.318104769800000042e+01,0.000000000000000000e+00,2.318104769800000042e+01
5.405478378399999784e+00,-2.027805098199999989e+01,0.000000000000000000e+00,2.027805098199999989e+01,-2.348869766700000028e+01,0.000000000000000000e+00,2.348869766700000028e+01
5.425498298299999966e+00,-2.067933482300000136e+01,0.000000000000000000e+00,2.067933482300000136e+01,-2.334618925299999859e+01,0.000000000000000000e+00,2.334618925299999859e+01
5.445518218200000149e+00,-2.111755560499999973e+01,0.000000000000000000e+00,2.111755560499999973e+01,-2.347654314800000108e+01,0.000000000000000000e+00,2.347654314800000108e+01
5.465538138100000332e+00,-2.158820846300000085e+01,0.000000000000000000e+00,2.158820846300000085e+01,-2.366872345399999844e+01,0.000000000000000000e+00,2.366872345399999844e+01
5.485558058100000522e+00,-2.205245714899999854e+01,0.000000000000000000e+00,2.205245714899999854e+01,-2.354271134700000090e+01,0.000000000000000000e+00,2.354271134700000090e+01
5.505577977999999817e+00,-2.251391256599999835e+01,0.000000000000000000e+00,2.251391256599999835e+01,-2.355569355100000095e+01,0.000000000000000000e+00,2.355569355100000095e+01
5.525597897900000000e+00,-2.298472486600000053e+01,0.000000000000000000e+00,2.298472486600000053e+01,-2.384239146000000176e+01,0.000000000000000000e+00,2.384239146000000176e+01
5.545617817800000182e+00,-2.344901320900000030e+01,0.000000000000000000e+00,2.344901320900000030e+01,-2.400739084299999959e+01,0.000000000000000000e+00,2.400739084299999959e+01
5.565637737699999477e+00,-2.397051581499999884e+01,0.000000000000000000e+00,2.397051581499999884e+01,-2.397279111799999995e+01,0.000000000000000000e+00,2.397279111799999995e+01
5.585657657699999667e+00,-2.438608973099999844e+01,0.000000000000000000e+00,2.438608973099999844e+01,-2.394649103800000134e+01,0.000000000000000000e+00,2.394649103800000134e+01
5.605677577600000738e+00,-2.464003272100000075e+01,0.000000000000000000e+00,2.464003272100000075e+01,-2.427521929299999925e+01,0.000000000000000000e+00,2.427521929299999925e+01
5.625697497500000033e+00,-2.481246676199999968e+01,0.000000000000000000e+00,2.481246676199999968e+01,-2.415920552900000118e+01,0.000000000000000000e+00,2.415920552900000118e+01
5.645717417399999327e+00,-2.508530853099999902e+01,0.000000000000000000e+00,2.508530853099999902e+01,-2.374277659099999838e+01,0.000000000000000000e+00,2.374277659099999838e+01
5.665737337300000398e+00,-2.512981246700000071e+01,0.000000000000000000e+00,2.512981246700000071e+01,-2.375890138600000157e+01,0.000000000000000000e+00,2.375890138600000157e+01
5.685757257300000589e+00,-2.522986553599999837e+01,0.000000000000000000e+00,2.522986553599999837e+01,-2.367754607499999864e+01,0.000000000000000000e+00,2.367754607499999864e+01
5.705777177199999883e+00,-2.538018664499999844e+01,0.000000000000000000e+00,2.538018664499999844e+01,-2.307451072499999967e+01,0.000000000000000000e+00,2.307451072499999967e+01
5.725797097100000066e+00,-2.555515978700000090e+01,0.000000000000000000e+00,2.555515978700000090e+01,-2.255874375699999845e+01,0.000000000000000000e+00,2.255874375699999845e+01
5.745817017000000249e+00,-2.578706877799999830e+01,0.000000000000000000e+00,2.578706877799999830e+01,-2.247570574299999890e+01,0.000000000000000000e+00,2.247570574299999890e+01
5.765836936899999543e+00,-2.603471381399999984e+01,0.000000000000000000e+00,2.603471381399999984e+01,-2.210169981900000025e+01,0.000000000000000000e+00,2.210169981900000025e+01
5.785856856899999734e+00,-2.651355695299999837e+01,0.000000000000000000e+00,2.651355695299999837e+01,-2.152362869099999898e+01,0.000000000000000000e+00,2.152362869099999898e+01
5.805876776799999917e+00,-2.704859717400000108e+01,0.000000000000000000e+00,2.704859717400000108e+01,-2.140487139300000052e+01,0.000000000000000000e+00,2.140487139300000052e+01
5.825896696700000099e+00,-2.764119390999999837e+01,0.000000000000000000e+00,2.764119390999999837e+01,-2.131057388600000024e+01,0.000000000000000000e+00,2.131057388600000024e+01
5.845916616600000282e+00,-2.817423128100000085e+01,0.000000000000000000e+00,2.817423128100000085e+01,-2.092878012999999982e+01,0.000000000000000000e+00,2.092878012999999982e+01
5.865936536499999576e+00,-2.874301357199999885e+01,0.000000000000000000e+00,2.874301357199999885e+01,-2.082713785500000014e+01,0.000000000000000000e+00,2.082713785500000014e+01
5.885956456499999767e+00,-2.908071168500000070e+01,0.000000000000000000e+00,2.908071168500000070e+01,-2.100360165800000090e+01,0.000000000000000000e+00,2.100360165800000090e+01
5.905976376399999950e+00,-2.953877589000000015e+01,0.000000000000000000e+00,2.953877589000000015e+01,-2.119076595399999974e+01,0.000000000000000000e+00,2.119076595399999974e+01
5.925996296300000132e+00,-2.962337060899999841e+01,0.000000000000000000e+00,2.962337060899999841e+01,-2.127665578499999910e+01,0.000000000000000000e+00,2.127665578499999910e+01
5.946016216199999427e+00,-2.946073638200000033e+01,0.000000000000000000e+00,2.946073638200000033e+01,-2.143017181500000135e+01,0.000000000000000000e+00,2.143017181500000135e+01
5.966036136100000498e+00,-2.901433759300000048e+01,0.000000000000000000e+00,2.901433759300000048e+01,-2.144087502000000001e+01,0.000000000000000000e+00,2.144087502000000001e+01
5.986056056100000689e+00,-2.873296410400000056e+01,0.000000000000000000e+00,2.873296410400000056e+01,-2.150572494500000076e+01,0.000000000000000000e+00,2.150572494500000076e+01
6.006075975999999983e+00,-2.830719974300000175e+01,0.000000000000000000e+00,2.830719974300000175e+01,-2.154807441000000168e+01,0.000000000000000000e+00,2.154807441000000168e+01
6.026095895899999277e+00,-2.795675015300000155e+01,0.000000000000000000e+00,2.795675015300000155e+01,-2.142626877300000032e+01,0.000000000000000000e+00,2.142626877300000032e+01
6.046115815800000348e+00,-2.759215629499999878e+01,0.000000000000000000e+00,2.759215629499999878e+01,-2.146825707600000044e+01,0.000000000000000000e+00,2.146825707600000044e+01
6.066135735699999643e+00,-2.704367990500000118e+01,0.000000000000000000e+00,2.704367990500000118e+01,-2.155305935799999872e+01,0.000000000000000000e+00,2.155305935799999872e+01
6.086155655699999834e+00,-2.655565480699999981e+01,0.000000000000000000e+00,2.655565480699999981e+01,-2.155348103500000079e+01,0.000000000000000000e+00,2.155348103500000079e+01
6.106175575600000016e+00,-2.604243645500000071e+01,0.000000000000000000e+00,2.604243645500000071e+01,-2.146614965799999908e+01,0.000000000000000000e+00,2.146614965799999908e+01
6.126195495500000199e+00,-2.550773176599999914e+01,0.000000000000000000e+00,2.550773176599999914e+01,-2.147218233699999956e+01,0.000000000000000000e+00,2.147218233699999956e+01
6.146215415399999493e+00,-2.491512321900000160e+01,0.000000000000000000e+00,2.491512321900000160e+01,-2.143110055600000052e+01,0.000000000000000000e+00,2.143110055600000052e+01
6.166235335300000564e+00,-2.422589032100000139e+01,0.000000000000000000e+00,2.422589032100000139e+01,-2.131943537100000086e+01,0.000000000000000000e+00,2.131943537100000086e+01
6.186255255299999867e+00,-2.365923545300000086e+01,0.000000000000000000e+00,2.365923545300000086e+01,-2.132244822399999862e+01,0.000000000000000000e+00,2.132244822399999862e+01
6.206275175200000049e+00,-2.324697906700000161e+01,0.000000000000000000e+00,2.324697906700000161e+01,-2.143666277399999842e+01,0.000000000000000000e+00,2.143666277399999842e+01
6.226295095100000232e+00,-2.286010252599999859e+01,0.000000000000000000e+00,2.286010252599999859e+01,-2.139628657700000147e+01,0.000000000000000000e+00,2.139628657700000147e+01
6.246315015000000415e+00,-2.248355446900000132e+01,0.000000000000000000e+00,2.248355446900000132e+01,-2.149266542000000157e+01,0.000000000000000000e+00,2.149266542000000157e+01
6.266334934899999709e+00,-2.220555150699999913e+01,0.000000000000000000e+00,2.220555150699999913e+01,-2.184418967599999917e+01,0.000000000000000000e+00,2.184418967599999917e+01
6.286354854899999900e+00,-2.193639212500000113e+01,0.000000000000000000e+00,2.193639212500000113e+01,-2.208681599499999848e+01,0.000000000000000000e+00,2.208681599499999848e+01
6.306374774800000083e+00,-2.171284593100000038e+01,0.000000000000000000e+00,2.171284593100000038e+01,-2.235695906300000146e+01,0.000000000000000000e+00,2.235695906300000146e+01
6.326394694699999377e+00,-2.147927561899999915e+01,0.000000000000000000e+00,2.147927561899999915e+01,-2.271990081999999944e+01,0.000000000000000000e+00,2.271990081999999944e+01
6.346414614600000448e+00,-2.133188753700000007e+01,0.000000000000000000e+00,2.133188753700000007e+01,-2.305467206599999841e+01,0.000000000000000000e+00,2.305467206599999841e+01
6.366434534499999742e+00,-2.125832620999999989e+01,0.000000000000000000e+00,2.125832620999999989e+01,-2.343045117100000141e+01,0.000000000000000000e+00,2.343045117100000141e+01
6.386454454499999933e+00,-2.118283459099999888e+01,0.000000000000000000e+00,2.118283459099999888e+01,-2.387489811600000067e+01,0.000000000000000000e+00,2.387489811600000067e+01
6.406474374399999228e+00,-2.115339466100000010e+01,0.000000000000000000e+00,2.115339466100000010e+01,-2.432823427199999955e+01,0.000000000000000000e+00,2.432823427199999955e+01
6.426494294300000298e+00,-2.109155118199999990e+01,0.000000000000000000e+00,2.109155118199999990e+01,-2.455232462100000035e+01,0.000000000000000000e+00,2.455232462100000035e+01
6.446514214199999593e+00,-2.109061626200000106e+01,0.000000000000000000e+00,2.109061626200000106e+01,-2.493342157000000014e+01,0.000000000000000000e+00,2.493342157000000014e+01
6.466534134100000664e+00,-2.111775671399999865e+01,0.000000000000000000e+00,2.111775671399999865e+01,-2.517218233499999869e+01,0.000000000000000000e+00,2.517218233499999869e+01
6.486554054099999966e+00,-2.116444799699999990e+01,0.000000000000000000e+00,2.116444799699999990e+01,-2.529823888600000004e+01,0.000000000000000000e+00,2.529823888600000004e+01
6.506573974000000149e+00,-2.118622713299999916e+01,0.000000000000000000e+00,2.118622713299999916e+01,-2.531687092299999975e+01,0.000000000000000000e+00,2.531687092299999975e+01
6.526593893899999443e+00,-2.118636002499999904e+01,0.000000000000000000e+00,2.118636002499999904e+01,-2.520177911400000070e+01,0.000000000000000000e+00,2.520177911400000070e+01
6.546613813800000514e+00,-2.123618845500000063e+01,0.000000000000000000e+00,2.123618845500000063e+01,-2.490029446400000168e+01,0.000000000000000000e+00,2.490029446400000168e+01
6.566633733699999809e+00,-2.125054487099999889e+01,0.000000000000000000e+00,2.125054487099999889e+01,-2.464136887000000087e+01,0.000000000000000000e+00,2.464136887000000087e+01
6.586653653700000000e+00,-2.127421232300000042e+01,0.000000000000000000e+00,2.127421232300000042e+01,-2.438422250600000041e+01,0.000000000000000000e+00,2.438422250600000041e+01
6.606673573600000182e+00,-2.126579714200000026e+01,0.000000000000000000e+00,2.126579714200000026e+01,-2.418552303499999923e+01,0.000000000000000000e+00,2.418552303499999923e+01
6.626693493500000365e+00,-2.131217160299999946e+01,0.000000000000000000e+00,2.131217160299999946e+01,-2.404077240999999887e+01,0.000000000000000000e+00,2.404077240999999887e+01
6.646713413399999659e+00,-2.133396344399999833e+01,0.000000000000000000e+00,2.133396344399999833e+01,-2.401767388500000067e+01,0.000000000000000000e+00,2.401767388500000067e+01
6.666733333299999842e+00,-2.141339231799999965e+01,0.000000000000000000e+00,2.141339231799999965e+01,-2.386918979500000049e+01,0.000000000000000000e+00,2.386918979500000049e+01
6.686753253300000033e+00,-2.152730192399999964e+01,0.000000000000000000e+00,2.152730192399999964e+01,-2.383779509300000043e+01,0.000000000000000000e+00,2.383779509300000043e+01
6.706773173200000215e+00,-2.166776288999999878e+01,0.000000000000000000e+00,2.166776288999999878e+01,-2.384210158599999829e+01,0.000000000000000000e+00,2.384210158599999829e+01
6.726793093100000398e+00,-2.187478847799999926e+01,0.000000000000000000e+00,2.187478847799999926e+01,-2.390638840200000104e+01,0.000000000000000000e+00,2.390638840200000104e+01
6.746813012999999692e+00,-2.204334276699999862e+01,0.000000000000000000e+00,2.204334276699999862e+01,-2.379965116199999997e+01,0.000000000000000000e+00,2.379965116199999997e+01
6.766832932899999875e+00,-2.228750325300000057e+01,0.000000000000000000e+00,2.228750325300000057e+01,-2.381075989800000059e+01,0.000000000000000000e+00,2.381075989800000059e+01
6.786852852899999178e+00,-2.258863833699999901e+01,0.000000000000000000e+00,2.258863833699999901e+01,-2.380359519599999985e+01,0.000000000000000000e+00,2.380359519599999985e+01
6.806872772800000249e+00,-2.285800020799999999e+01,0.000000000000000000e+00,2.285800020799999999e+01,-2.384868046100000072e+01,0.000000000000000000e+00,2.384868046100000072e+01
6.826892692699999543e+00,-2.318943240999999844e+01,0.000000000000000000e+00,2.318943240999999844e+01,-2.404545535000000100e+01,0.000000000000000000e+00,2.404545535000000100e+01
6.846912612600000614e+00,-2.366875390299999893e+01,0.000000000000000000e+00,2.366875390299999893e+01,-2.399389289100000155e+01,0.000000000000000000e+00,2.399389289100000155e+01
6.866932532499999908e+00,-2.405753396100000074e+01,0.000000000000000000e+00,2.405753396100000074e+01,-2.413095292099999867e+01,0.000000000000000000e+00,2.413095292099999867e+01
6.886952452500000099e+00,-2.445230911399999840e+01,0.000000000000000000e+00,2.445230911399999840e+01,-2.409798668499999863e+01,0.000000000000000000e+00,2.409798668499999863e+01
6.906972372399999394e+00,-2.479896978600000068e+01,0.000000000000000000e+00,2.479896978600000068e+01,-2.397376554199999887e+01,0.000000000000000000e+00,2.397376554199999887e+01
6.926992292300000464e+00,-2.504746948900000092e+01,0.000000000000000000e+00,2.504746948900000092e+01,-2.377160017099999934e+01,0.000000000000000000e+00,2.377160017099999934e+01
6.947012212199999759e+00,-2.531990491999999904e+01,0.000000000000000000e+00,2.531990491999999904e+01,-2.356004089400000012e+01,0.000000000000000000e+00,2.356004089400000012e+01
6.967032132099999941e+00,-2.550984567600000119e+01,0.000000000000000000e+00,2.550984567600000119e+01,-2.325284501100000156e+01,0.000000000000000000e+00,2.325284501100000156e+01
6.987052052100000132e+00,-2.555701036399999992e+01,0.000000000000000000e+00,2.555701036399999992e+01,-2.301813464600000003e+01,0.000000000000000000e+00,2.301813464600000003e+01
7.007071972000000315e+00,-2.560207279400000147e+01,0.000000000000000000e+00,2.560207279400000147e+01,-2.285861429999999928e+01,0.000000000000000000e+00,2.285861429999999928e+01
7.027091891899999609e+00,-2.563717136600000046e+01,0.000000000000000000e+00,2.563717136600000046e+01,-2.265745387600000171e+01,0.000000000000000000e+00,2.265745387600000171e+01
7.047111811799999792e+00,-2.570548554699999855e+01,0.000000000000000000e+00,2.570548554699999855e+01,-2.259388207800000004e+01,0.000000000000000000e+00,2.259388207800000004e+01
7.067131731699999975e+00,-2.579068159299999863e+01,0.000000000000000000e+00,2.579068159299999863e+01,-2.243844530899999867e+01,0.000000000000000000e+00,2.243844530899999867e+01
7.087151651700000166e+00,-2.591039604999999924e+01,0.000000000000000000e+00,2.591039604999999924e+01,-2.236538843599999993e+01,0.000000000000000000e+00,2.236538843599999993e+01
7.107171571600000348e+00,-2.606911893899999910e+01,0.000000000000000000e+00,2.606911893899999910e+01,-2.247977790799999909e+01,0.000000000000000000e+00,2.247977790799999909e+01
7.127191491499999643e+00,-2.609524791899999840e+01,0.000000000000000000e+00,2.609524791899999840e+01,-2.245679487299999977e+01,0.000000000000000000e+00,2.245679487299999977e+01
7.147211411399999825e+00,-2.605067718900000173e+01,0.000000000000000000e+00,2.605067718900000173e+01,-2.247394866799999846e+01,0.000000000000000000e+00,2.247394866799999846e+01
7.167231331300000008e+00,-2.611607316599999962e+01,0.000000000000000000e+00,2.611607316599999962e+01,-2.261367587999999884e+01,0.000000000000000000e+00,2.261367587999999884e+01
7.187251251300000199e+00,-2.620814682399999995e+01,0.000000000000000000e+00,2.620814682399999995e+01,-2.290963605399999992e+01,0.000000000000000000e+00,2.290963605399999992e+01
7.207271171199999493e+00,-2.622167723500000136e+01,0.000000000000000000e+00,2.622167723500000136e+01,-2.301545561100000015e+01,0.000000000000000000e+00,2.301545561100000015e+01
7.227291091100000564e+00,-2.637225419700000018e+01,0.000000000000000000e+00,2.637225419700000018e+01,-2.320119943299999932e+01,0.000000000000000000e+00,2.320119943299999932e+01
7.247311010999999858e+00,-2.642751028600000041e+01,0.000000000000000000e+00,2.642751028600000041e+01,-2.355757952800000155e+01,0.000000000000000000e+00,2.355757952800000155e+01
7.267330930900000041e+00,-2.668599228900000142e+01,0.000000000000000000e+00,2.668599228900000142e+01,-2.394775184299999893e+01,0.000000000000000000e+00,2.394775184299999893e+01
7.287350850899999344e+00,-2.692404708899999832e+01,0.000000000000000000e+00,2.692404708899999832e+01,-2.413563536299999868e+01,0.000000000000000000e+00,2.413563536299999868e+01
7.307370770800000415e+00,-2.714889956300000051e+01,0.000000000000000000e+00,2.714889956300000051e+01,-2.427223011399999919e+01,0.000000000000000000e+00,2.427223011399999919e+01
7.327390690699999709e+00,-2.752157973199999930e+01,0.000000000000000000e+00,2.752157973199999930e+01,-2.460853699100000114e+01,0.000000000000000000e+00,2.460853699100000114e+01
7.347410610600000780e+00,-2.786764378499999850e+01,0.000000000000000000e+00,2.786764378499999850e+01,-2.475200591100000125e+01,0.000000000000000000e+00,2.475200591100000125e+01
7.367430530500000074e+00,-2.799548333799999966e+01,0.000000000000000000e+00,2.799548333799999966e+01,-2.479351728299999991e+01,0.000000000000000000e+00,2.479351728299999991e+01
7.387450450500000265e+00,-2.814333075000000051e+01,0.000000000000000000e+00,2.814333075000000051e+01,-2.488423179799999829e+01,0.000000000000000000e+00,2.488423179799999829e+01
7.407470370399999560e+00,-2.817027938000000020e+01,0.000000000000000000e+00,2.817027938000000020e+01,-2.500682491799999951e+01,0.000000000000000000e+00,2.500682491799999951e+01
7.427490290300000630e+00,-2.807998739800000010e+01,0.000000000000000000e+00,2.807998739800000010e+01,-2.489798115500000009e+01,0.000000000000000000e+00,2.489798115500000009e+01
7.447510210199999925e+00,-2.783345051999999953e+01,0.000000000000000000e+00,2.783345051999999953e+01,-2.479013958699999876e+01,0.000000000000000000e+00,2.479013958699999876e+01
7.467530130100000108e+00,-2.769890675799999968e+01,0.000000000000000000e+00,2.769890675799999968e+01,-2.468785565700000006e+01,0.000000000000000000e+00,2.468785565700000006e+01
7.487550050100000298e+00,-2.749925208999999882e+01,0.000000000000000000e+00,2.749925208999999882e+01,-2.473674425700000157e+01,0.000000000000000000e+00,2.473674425700000157e+01
7.507569969999999593e+00,-2.721943460600000009e+01,0.000000000000000000e+00,2.721943460600000009e+01,-2.460655961899999866e+01,0.000000000000000000e+00,2.460655961899999866e+01
7.527589889899999775e+00,-2.697337430099999978e+01,0.000000000000000000e+00,2.697337430099999978e+01,-2.448852381000000022e+01,0.000000000000000000e+00,2.448852381000000022e+01
7.547609809799999958e+00,-2.680709150199999868e+01,0.000000000000000000e+00,2.680709150199999868e+01,-2.438778061000000008e+01,0.000000000000000000e+00,2.438778061000000008e+01
7.567629729700000141e+00,-2.676785591599999847e+01,0.000000000000000000e+00,2.676785591599999847e+01,-2.434069108299999940e+01,0.000000000000000000e+00,2.434069108299999940e+01
7.587649649600000323e+00,-2.674010974400000151e+01,0.000000000000000000e+00,2.674010974400000151e+01,-2.427413004299999955e+01,0.000000000000000000e+00,2.427413004299999955e+01
7.607669569600000514e+00,-2.675115939799999865e+01,0.000000000000000000e+00,2.675115939799999865e+01,-2.432476360500000112e+01,0.000000000000000000e+00,2.432476360500000112e+01
7.627689489499999809e+00,-2.688927718700000113e+01,0.000000000000000000e+00,2.688927718700000113e+01,-2.426748959100000036e+01,0.000000000000000000e+00,2.426748959100000036e+01
7.647709409399999991e+00,-2.683450990900000122e+01,0.000000000000000000e+00,2.683450990900000122e+01,-2.446862816599999846e+01,0.000000000000000000e+00,2.446862816599999846e+01
7.667729329300000174e+00,-2.687188855200000148e+01,0.000000000000000000e+00,2.687188855200000148e+01,-2.467832882100000091e+01,0.000000000000000000e+00,2.467832882100000091e+01
7.687749249199999468e+00,-2.694189383100000157e+01,0.000000000000000000e+00,2.694189383100000157e+01,-2.471759846400000171e+01,0.000000000000000000e+00,2.471759846400000171e+01
7.707769169199999659e+00,-2.700051450799999841e+01,0.000000000000000000e+00,2.700051450799999841e+01,-2.478716907900000166e+01,0.000000000000000000e+00,2.478716907900000166e+01
7.727789089100000730e+00,-2.703185720600000153e+01,0.000000000000000000e+00,2.703185720600000153e+01,-2.497431902800000003e+01,0.000000000000000000e+00,2.497431902800000003e+01
7.747809009000000025e+00,-2.705194986900000131e+01,0.000000000000000000e+00,2.705194986900000131e+01,-2.536213896099999943e+01,0.000000000000000000e+00,2.536213896099999943e+01
7.767828928899999319e+00,-2.692422310699999954e+01,0.000000000000000000e+00,2.692422310699999954e+01,-2.555808861899999940e+01,0.000000000000000000e+00,2.555808861899999940e+01
7.787848848800000390e+00,-2.675904387499999970e+01,0.000000000000000000e+00,2.675904387499999970e+01,-2.589642965499999860e+01,0.000000000000000000e+00,2.589642965499999860e+01
7.807868768800000581e+00,-2.661827087300000017e+01,0.000000000000000000e+00,2.661827087300000017e+01,-2.626040435299999842e+01,0.000000000000000000e+00,2.626040435299999842e+01
7.827888688699999875e+00,-2.637694056799999842e+01,0.000000000000000000e+00,2.637694056799999842e+01,-2.649343015399999857e+01,0.000000000000000000e+00,2.649343015399999857e+01
7.847908608600000058e+00,-2.625875614899999988e+01,0.000000000000000000e+00,2.625875614899999988e+01,-2.646789731899999865e+01,0.000000000000000000e+00,2.646789731899999865e+01
7.867928528500000240e+00,-2.608005308799999966e+01,0.000000000000000000e+00,2.608005308799999966e+01,-2.672239046600000023e+01,0.000000000000000000e+00,2.672239046600000023e+01
7.887948448399999535e+00,-2.601977017600000153e+01,0.000000000000000000e+00,2.601977017600000153e+01,-2.698500820599999983e+01,0.000000000000000000e+00,2.698500820599999983e+01
7.907968368399999726e+00,-2.597794349600000174e+01,0.000000000000000000e+00,2.597794349600000174e+01,-2.697503895799999896e+01,0.000000000000000000e+00,2.697503895799999896e+01
7.927988288299999908e+00,-2.599530973099999898e+01,0.000000000000000000e+00,2.599530973099999898e+01,-2.728158090499999844e+01,0.000000000000000000e+00,2.728158090499999844e+01
7.948008208200000091e+00,-2.596125827899999905e+01,0.000000000000000000e+00,2.596125827899999905e+01,-2.756624932400000105e+01,0.000000000000000000e+00,2.756624932400000105e+01
7.968028128100000274e+00,-2.601969811000000021e+01,0.000000000000000000e+00,2.601969811000000021e+01,-2.759466110800000038e+01,0.000000000000000000e+00,2.759466110800000038e+01
7.988048047999999568e+00,-2.604589858699999994e+01,0.000000000000000000e+00,2.604589858699999994e+01,-2.768164617700000107e+01,0.000000000000000000e+00,2.768164617700000107e+01
8.008067968000000647e+00,-2.609620819099999878e+01,0.000000000000000000e+00,2.609620819099999878e+01,-2.790447851300000082e+01,0.000000000000000000e+00,2.790447851300000082e+01
8.028087887899999942e+00,-2.614412213499999993e+01,0.000000000000000000e+00,2.614412213499999993e+01,-2.789510477600000016e+01,0.000000000000000000e+00,2.789510477600000016e+01
8.048107807800001012e+00,-2.621703407200000058e+01,0.000000000000000000e+00,2.621703407200000058e+01,-2.777680572799999936e+01,0.000000000000000000e+00,2.777680572799999936e+01
8.068127727700000307e+00,-2.624906462799999929e+01,0.000000000000000000e+00,2.624906462799999929e+01,-2.797980439299999844e+01,0.000000000000000000e+00,2.797980439299999844e+01
8.088147647599999601e+00,-2.631873029500000172e+01,0.000000000000000000e+00,2.631873029500000172e+01,-2.815024864100000102e+01,0.000000000000000000e+00,2.815024864100000102e+01
8.108167567600000680e+00,-2.641257492900000159e+01,0.000000000000000000e+00,2.641257492900000159e+01,-2.793514963200000167e+01,0.000000000000000000e+00,2.793514963200000167e+01
8.128187487499999975e+00,-2.650604527300000157e+01,0.000000000000000000e+00,2.650604527300000157e+01,-2.816234779699999891e+01,0.000000000000000000e+00,2.816234779699999891e+01
8.148207407399999269e+00,-2.637432349199999848e+01,0.000000000000000000e+00,2.637432349199999848e+01,-2.846969187399999868e+01,0.000000000000000000e+00,2.846969187399999868e+01
8.168227327300000340e+00,-2.622633521099999854e+01,0.000000000000000000e+00,2.622633521099999854e+01,-2.846794780700000160e+01,0.000000000000000000e+00,2.846794780700000160e+01
8.188247247199999634e+00,-2.602534106499999922e+01,0.000000000000000000e+00,2.602534106499999922e+01,-2.862274751300000020e+01,0.000000000000000000e+00,2.862274751300000020e+01
8.208267167199998937e+00,-2.577713119599999914e+01,0.000000000000000000e+00,2.577713119599999914e+01,-2.889798851999999840e+01,0.000000000000000000e+00,2.889798851999999840e+01
8.228287087100000008e+00,-2.557715021099999930e+01,0.000000000000000000e+00,2.557715021099999930e+01,-2.889598705599999917e+01,0.000000000000000000e+00,2.889598705599999917e+01
8.248307006999999302e+00,-2.540078035799999867e+01,0.000000000000000000e+00,2.540078035799999867e+01,-2.898978781900000001e+01,0.000000000000000000e+00,2.898978781900000001e+01
8.268326926900000373e+00,-2.530053307400000051e+01,0.000000000000000000e+00,2.530053307400000051e+01,-2.891854911900000147e+01,0.000000000000000000e+00,2.891854911900000147e+01
8.288346846799999668e+00,-2.524975955900000102e+01,0.000000000000000000e+00,2.524975955900000102e+01,-2.910208796299999889e+01,0.000000000000000000e+00,2.910208796299999889e+01
8.308366766800000747e+00,-2.527255847700000047e+01,0.000000000000000000e+00,2.527255847700000047e+01,-2.900467721300000079e+01,0.000000000000000000e+00,2.900467721300000079e+01
8.328386686700000041e+00,-2.526279766500000079e+01,0.000000000000000000e+00,2.526279766500000079e+01,-2.885218933100000172e+01,0.000000000000000000e+00,2.885218933100000172e+01
8.348406606600001112e+00,-2.530631841699999995e+01,0.000000000000000000e+00,2.530631841699999995e+01,-2.871933595200000156e+01,0.000000000000000000e+00,2.871933595200000156e+01
8.368426526500000406e+00,-2.545940464099999900e+01,0.000000000000000000e+00,2.545940464099999900e+01,-2.832837625499999845e+01,0.000000000000000000e+00,2.832837625499999845e+01
8.388446446399999701e+00,-2.554846926999999823e+01,0.000000000000000000e+00,2.554846926999999823e+01,-2.778747843800000084e+01,0.000000000000000000e+00,2.778747843800000084e+01
8.408466366399999004e+00,-2.576365992299999874e+01,0.000000000000000000e+00,2.576365992299999874e+01,-2.745312331599999922e+01,0.000000000000000000e+00,2.745312331599999922e+01
8.428486286300000074e+00,-2.608777545699999934e+01,0.000000000000000000e+00,2.608777545699999934e+01,-2.720578343400000065e+01,0.000000000000000000e+00,2.720578343400000065e+01
8.448506206199999369e+00,-2.648104146900000089e+01,0.000000000000000000e+00,2.648104146900000089e+01,-2.695464283000000094e+01,0.000000000000000000e+00,2.695464283000000094e+01
8.468526126100000440e+00,-2.679872147700000085e+01,0.000000000000000000e+00,2.679872147700000085e+01,-2.674353260099999829e+01,0.000000000000000000e+00,2.674353260099999829e+01
8.488546045999999734e+00,-2.722755645000000158e+01,0.000000000000000000e+00,2.722755645000000158e+01,-2.653592321100000007e+01,0.000000000000000000e+00,2.653592321100000007e+01
8.508565966000000813e+00,-2.765146058499999882e+01,0.000000000000000000e+00,2.765146058499999882e+01,-2.653670635900000008e+01,0.000000000000000000e+00,2.653670635900000008e+01
8.528585885900000108e+00,-2.790966877500000010e+01,0.000000000000000000e+00,2.790966877500000010e+01,-2.646490427999999895e+01,0.000000000000000000e+00,2.646490427999999895e+01
8.548605805799999402e+00,-2.822807947100000092e+01,0.000000000000000000e+00,2.822807947100000092e+01,-2.643333317400000126e+01,0.000000000000000000e+00,2.643333317400000126e+01
8.568625725700000473e+00,-2.843980545899999868e+01,0.000000000000000000e+00,2.843980545899999868e+01,-2.646814624399999971e+01,0.000000000000000000e+00,2.646814624399999971e+01
8.588645645599999767e+00,-2.844643472699999975e+01,0.000000000000000000e+00,2.844643472699999975e+01,-2.668494319599999898e+01,0.000000000000000000e+00,2.668494319599999898e+01
8.608665565600000846e+00,-2.831969898399999863e+01,0.000000000000000000e+00,2.831969898399999863e+01,-2.699168120799999926e+01,0.000000000000000000e+00,2.699168120799999926e+01
8.628685485500000141e+00,-2.808817450600000143e+01,0.000000000000000000e+00,2.808817450600000143e+01,-2.735396863500000109e+01,0.000000000000000000e+00,2.735396863500000109e+01
8.648705405399999435e+00,-2.776893258400000164e+01,0.000000000000000000e+00,2.776893258400000164e+01,-2.761644231500000046e+01,0.000000000000000000e+00,2.761644231500000046e+01
8.668725325299998730e+00,-2.763074624000000057e+01,0.000000000000000000e+00,2.763074624000000057e+01,-2.792506080200000085e+01,0.000000000000000000e+00,2.792506080200000085e+01
8.688745245200001577e+00,-2.762100240499999870e+01,0.000000000000000000e+00,2.762100240499999870e+01,-2.831482412200000098e+01,0.000000000000000000e+00,2.831482412200000098e+01
8.708765165200000880e+00,-2.760751959599999950e+01,0.000000000000000000e+00,2.760751959599999950e+01,-2.865367999800000121e+01,0.000000000000000000e+00,2.865367999800000121e+01
8.728785085100000174e+00,-2.765205200100000127e+01,0.000000000000000000e+00,2.765205200100000127e+01,-2.877776328699999908e+01,0.000000000000000000e+00,2.877776328699999908e+01
8.748805004999999468e+00,-2.764261617600000065e+01,0.000000000000000000e+00,2.764261617600000065e+01,-2.876454005000000080e+01,0.000000000000000000e+00,2.876454005000000080e+01
8.768824924899998763e+00,-2.761869174699999974e+01,0.000000000000000000e+00,2.761869174699999974e+01,-2.884939356699999990e+01,0.000000000000000000e+00,2.884939356699999990e+01
8.788844844799999834e+00,-2.752458534200000173e+01,0.000000000000000000e+00,2.752458534200000173e+01,-2.891787211300000138e+01,0.000000000000000000e+00,2.891787211300000138e+01
8.808864764799999136e+00,-2.752005635900000158e+01,0.000000000000000000e+00,2.752005635900000158e+01,-2.866306170300000034e+01,0.000000000000000000e+00,2.866306170300000034e+01
8.828884684700000207e+00,-2.756526950599999992e+01,0.000000000000000000e+00,2.756526950599999992e+01,-2.830121224199999830e+01,0.000000000000000000e+00,2.830121224199999830e+01
8.848904604599999502e+00,-2.761810128100000128e+01,0.000000000000000000e+00,2.761810128100000128e+01,-2.807241661300000146e+01,0.000000000000000000e+00,2.807241661300000146e+01
8.868924524500000572e+00,-2.779237349299999948e+01,0.000000000000000000e+00,2.779237349299999948e+01,-2.778676446200000072e+01,0.000000000000000000e+00,2.778676446200000072e+01
8.888944444399999867e+00,-2.796306260300000091e+01,0.000000000000000000e+00,2.796306260300000091e+01,-2.715525883300000132e+01,0.000000000000000000e+00,2.715525883300000132e+01
8.908964364399999170e+00,-2.813181760499999839e+01,0.000000000000000000e+00,2.813181760499999839e+01,-2.683237470799999969e+01,0.000000000000000000e+00,2.683237470799999969e+01
8.928984284299998464e+00,-2.846609529999999921e+01,0.000000000000000000e+00,2.846609529999999921e+01,-2.660594732799999917e+01,0.000000000000000000e+00,2.660594732799999917e+01
8.949004204200001311e+00,-2.880306380400000066e+01,0.000000000000000000e+00,2.880306380400000066e+01,-2.620977631099999883e+01,0.000000000000000000e+00,2.620977631099999883e+01
8.969024124100000606e+00,-2.904295510700000094e+01,0.000000000000000000e+00,2.904295510700000094e+01,-2.588739914199999959e+01,0.000000000000000000e+00,2.588739914199999959e+01
8.989044043999999900e+00,-2.944941308299999960e+01,0.000000000000000000e+00,2.944941308299999960e+01,-2.583462632699999872e+01,0.000000000000000000e+00,2.583462632699999872e+01
9.009063963999999203e+00,-2.982057106499999932e+01,0.000000000000000000e+00,2.982057106499999932e+01,-2.577716338300000132e+01,0.000000000000000000e+00,2.577716338300000132e+01
9.029083883900000274e+00,-3.005229393999999843e+01,0.000000000000000000e+00,3.005229393999999843e+01,-2.568468736899999882e+01,0.000000000000000000e+00,2.568468736899999882e+01
9.049103803799999568e+00,-3.025465152399999980e+01,0.000000000000000000e+00,3.025465152399999980e+01,-2.573409132999999827e+01,0.000000000000000000e+00,2.573409132999999827e+01
9.069123723700000639e+00,-3.052731510699999973e+01,0.000000000000000000e+00,3.052731510699999973e+01,-2.596654204800000088e+01,0.000000000000000000e+00,2.596654204800000088e+01
9.089143643599999933e+00,-3.069027184000000119e+01,0.000000000000000000e+00,3.069027184000000119e+01,-2.600511606499999928e+01,0.000000000000000000e+00,2.600511606499999928e+01
9.109163563600001012e+00,-3.077354512899999861e+01,0.000000000000000000e+00,3.077354512899999861e+01,-2.621935747099999858e+01,0.000000000000000000e+00,2.621935747099999858e+01
9.129183483500000307e+00,-3.082649807299999978e+01,0.000000000000000000e+00,3.082649807299999978e+01,-2.651511544599999937e+01,0.000000000000000000e+00,2.651511544599999937e+01
9.149203403399999601e+00,-3.067223842699999992e+01,0.000000000000000000e+00,3.067223842699999992e+01,-2.675715449100000143e+01,0.000000000000000000e+00,2.675715449100000143e+01
9.169223323299998896e+00,-3.051911965900000112e+01,0.000000000000000000e+00,3.051911965900000112e+01,-2.684058202399999971e+01,0.000000000000000000e+00,2.684058202399999971e+01
9.189243243199999966e+00,-3.049383508400000053e+01,0.000000000000000000e+00,3.049383508400000053e+01,-2.727183014599999922e+01,0.000000000000000000e+00,2.727183014599999922e+01
9.209263163200001046e+00,-3.048214734000000092e+01,0.000000000000000000e+00,3.048214734000000092e+01,-2.758331140599999998e+01,0.000000000000000000e+00,2.758331140599999998e+01
9.229283083100000340e+00,-3.051334286499999848e+01,0.000000000000000000e+00,3.051334286499999848e+01,-2.787022732699999850e+01,0.000000000000000000e+00,2.787022732699999850e+01
9.249303002999999634e+00,-3.077647929400000137e+01,0.000000000000000000e+00,3.077647929400000137e+01,-2.825469579199999970e+01,0.000000000000000000e+00,2.825469579199999970e+01
9.269322922899998929e+00,-3.105246928300000064e+01,0.000000000000000000e+00,3.105246928300000064e+01,-2.869909805500000033e+01,0.000000000000000000e+00,2.869909805500000033e+01
9.289342842800000000e+00,-3.136116897100000145e+01,0.000000000000000000e+00,3.136116897100000145e+01,-2.934108175300000099e+01,0.000000000000000000e+00,2.934108175300000099e+01
9.309362762799999302e+00,-3.177537642800000128e+01,0.000000000000000000e+00,3.177537642800000128e+01,-2.967193721599999989e+01,0.000000000000000000e+00,2.967193721599999989e+01
9.329382682700000373e+00,-3.213086289499999992e+01,0.000000000000000000e+00,3.213086289499999992e+01,-3.019012531999999993e+01,0.000000000000000000e+00,3.019012531999999993e+01
9.349402602599999668e+00,-3.229908166900000310e+01,0.000000000000000000e+00,3.229908166900000310e+01,-3.060693838699999958e+01,0.000000000000000000e+00,3.060693838699999958e+01
9.369422522500000738e+00,-3.231373542400000076e+01,0.000000000000000000e+00,3.231373542400000076e+01,-3.078154706000000118e+01,0.000000000000000000e+00,3.078154706000000118e+01
9.389442442400000033e+00,-3.231047010000000341e+01,0.000000000000000000e+00,3.231047010000000341e+01,-3.080613878999999855e+01,0.000000000000000000e+00,3.080613878999999855e+01
9.409462362399999336e+00,-3.237214062599999664e+01,0.000000000000000000e+00,3.237214062599999664e+01,-3.090172172999999844e+01,0.000000000000000000e+00,3.090172172999999844e+01
9.429482282299998630e+00,-3.249021354399999950e+01,0.000000000000000000e+00,3.249021354399999950e+01,-3.094784452500000071e+01,0.000000000000000000e+00,3.094784452500000071e+01
9.449502202200001477e+00,-3.255179534900000249e+01,0.000000000000000000e+00,3.255179534900000249e+01,-3.082808556999999894e+01,0.000000000000000000e+00,3.082808556999999894e+01
9.469522122100000772e+00,-3.266363255000000265e+01,0.000000000000000000e+00,3.266363255000000265e+01,-3.076322975500000112e+01,0.000000000000000000e+00,3.076322975500000112e+01
9.489542042000000066e+00,-3.266064310899999867e+01,0.000000000000000000e+00,3.266064310899999867e+01,-3.070176198700000114e+01,0.000000000000000000e+00,3.070176198700000114e+01
9.509561961999999369e+00,-3.268616904400000323e+01,0.000000000000000000e+00,3.268616904400000323e+01,-3.048864804700000164e+01,0.000000000000000000e+00,3.048864804700000164e+01
9.529581881900000440e+00,-3.277730804600000170e+01,0.000000000000000000e+00,3.277730804600000170e+01,-3.029108241400000168e+01,0.000000000000000000e+00,3.029108241400000168e+01
9.549601801799999734e+00,-3.267339496599999649e+01,0.000000000000000000e+00,3.267339496599999649e+01,-3.006586530299999893e+01,0.000000000000000000e+00,3.006586530299999893e+01
9.569621721700000805e+00,-3.260283979199999749e+01,0.000000000000000000e+00,3.260283979199999749e+01,-2.992504070300000052e+01,0.000000000000000000e+00,2.992504070300000052e+01
9.589641641600000099e+00,-3.251964073599999949e+01,0.000000000000000000e+00,3.251964073599999949e+01,-2.993766915999999867e+01,0.000000000000000000e+00,2.993766915999999867e+01
9.609661561600001178e+00,-3.226563805100000337e+01,0.000000000000000000e+00,3.226563805100000337e+01,-2.983011435199999895e+01,0.000000000000000000e+00,2.983011435199999895e+01
9.629681481500000473e+00,-3.196530067400000164e+01,0.000000000000000000e+00,3.196530067400000164e+01,-2.985056367700000024e+01,0.000000000000000000e+00,2.985056367700000024e+01
9.649701401399999767e+00,-3.171967065899999838e+01,0.000000000000000000e+00,3.171967065899999838e+01,-3.014538349400000072e+01,0.000000000000000000e+00,3.014538349400000072e+01
9.669721321299999062e+00,-3.134487390500000004e+01,0.000000000000000000e+00,3.134487390500000004e+01,-3.037391689400000061e+01,0.000000000000000000e+00,3.037391689400000061e+01
9.689741241200000132e+00,-3.112125728599999874e+01,0.000000000000000000e+00,3.112125728599999874e+01,-3.061823491599999869e+01,0.000000000000000000e+00,3.061823491599999869e+01
9.709761161200001212e+00,-3.092208865899999992e+01,0.000000000000000000e+00,3.092208865899999992e+01,-3.118945706399999906e+01,0.000000000000000000e+00,3.118945706399999906e+01
9.729781081100000506e+00,-3.052453037400000113e+01,0.000000000000000000e+00,3.052453037400000113e+01,-3.182208077399999979e+01,0.000000000000000000e+00,3.182208077399999979e+01
9.749801000999999800e+00,-3.034595739599999931e+01,0.000000000000000000e+00,3.034595739599999931e+01,-3.218455892499999749e+01,0.000000000000000000e+00,3.218455892499999749e+01
9.769820920899999095e+00,-3.017631194999999877e+01,0.000000000000000000e+00,3.017631194999999877e+01,-3.277635144700000325e+01,0.000000000000000000e+00,3.277635144700000325e+01
9.789840840799998389e+00,-2.991735587599999846e+01,0.000000000000000000e+00,2.991735587599999846e+01,-3.333416457900000296e+01,0.000000000000000000e+00,3.333416457900000296e+01
9.809860760799999468e+00,-2.979788323600000055e+01,0.000000000000000000e+00,2.979788323600000055e+01,-3.379155713200000122e+01,0.000000000000000000e+00,3.379155713200000122e+01
9.829880680700000539e+00,-2.962691506499999861e+01,0.000000000000000000e+00,2.962691506499999861e+01,-3.444568536300000261e+01,0.000000000000000000e+00,3.444568536300000261e+01
9.849900600599999834e+00,-2.949586105099999855e+01,0.000000000000000000e+00,2.949586105099999855e+01,-3.513681721900000099e+01,0.000000000000000000e+00,3.513681721900000099e+01
9.869920520499999128e+00,-2.936408332499999929e+01,0.000000000000000000e+00,2.936408332499999929e+01,-3.624533383200000003e+01,0.000000000000000000e+00,3.624533383200000003e+01
9.889940440400000199e+00,-2.931345004099999940e+01,0.000000000000000000e+00,2.931345004099999940e+01,-3.734865631800000330e+01,0.000000000000000000e+00,3.734865631800000330e+01
9.909960360399999502e+00,-2.930542648200000144e+01,0.000000000000000000e+00,2.930542648200000144e+01,-3.847343415000000277e+01,0.000000000000000000e+00,3.847343415000000277e+01
9.929980280299998796e+00,-2.931894119200000048e+01,0.000000000000000000e+00,2.931894119200000048e+01,-3.971412609000000060e+01,0.000000000000000000e+00,3.971412609000000060e+01
9.950000200200001643e+00,-2.929031463600000151e+01,0.000000000000000000e+00,2.929031463600000151e+01,-4.144051594100000102e+01,0.000000000000000000e+00,4.144051594100000102e+01
9.970020120100000938e+00,-2.930409044199999968e+01,0.000000000000000000e+00,2.930409044199999968e+01,-4.263681131999999963e+01,0.000000000000000000e+00,4.263681131999999963e+01
9.990040040000000232e+00,-2.913371431299999870e+01,0.000000000000000000e+00,2.913371431299999870e+01,-4.410442051900000138e+01,0.000000000000000000e+00,4.410442051900000138e+01
1.001005995999999953e+01,-2.909170462499999843e+01,0.000000000000000000e+00,2.909170462499999843e+01,-4.366594220700000051e+01,0.000000000000000000e+00,4.366594220700000051e+01
1.003007988000000061e+01,-2.914818354599999850e+01,0.000000000000000000e+00,2.914818354599999850e+01,-4.212527759900000035e+01,0.000000000000000000e+00,4.212527759900000035e+01
1.005009979999999992e+01,-2.909445763900000159e+01,0.000000000000000000e+00,2.909445763900000159e+01,-4.096915845200000206e+01,0.000000000000000000e+00,4.096915845200000206e+01
1.007011971999999922e+01,-2.900433833399999983e+01,0.000000000000000000e+00,2.900433833399999983e+01,-3.919317605799999882e+01,0.000000000000000000e+00,3.919317605799999882e+01
1.009013964000000030e+01,-2.893909303299999891e+01,0.000000000000000000e+00,2.893909303299999891e+01,-3.811467314899999792e+01,0.000000000000000000e+00,3.811467314899999792e+01
1.011015955999999960e+01,-2.893129687200000077e+01,0.000000000000000000e+00,2.893129687200000077e+01,-3.753337301399999859e+01,0.000000000000000000e+00,3.753337301399999859e+01
1.013017947900000060e+01,-2.883062249600000015e+01,0.000000000000000000e+00,2.883062249600000015e+01,-3.630035845700000152e+01,0.000000000000000000e+00,3.630035845700000152e+01
1.015019939899999990e+01,-2.888023283700000121e+01,0.000000000000000000e+00,2.888023283700000121e+01,-3.624479792000000344e+01,0.000000000000000000e+00,3.624479792000000344e+01
1.017021931899999920e+01,-2.890869944599999997e+01,0.000000000000000000e+00,2.890869944599999997e+01,-3.601718276999999802e+01,0.000000000000000000e+00,3.601718276999999802e+01
1.019023923900000028e+01,-2.893064656499999998e+01,0.000000000000000000e+00,2.893064656499999998e+01,-3.577776410500000281e+01,0.000000000000000000e+00,3.577776410500000281e+01
1.021025915899999958e+01,-2.915064091600000040e+01,0.000000000000000000e+00,2.915064091600000040e+01,-3.628565739300000104e+01,0.000000000000000000e+00,3.628565739300000104e+01
1.023027907900000066e+01,-2.923603771899999870e+01,0.000000000000000000e+00,2.923603771899999870e+01,-3.631656468199999921e+01,0.000000000000000000e+00,3.631656468199999921e+01
1.025029899899999997e+01,-2.933058107100000100e+01,0.000000000000000000e+00,2.933058107100000100e+01,-3.666966009299999740e+01,0.000000000000000000e+00,3.666966009299999740e+01
1.027031891899999927e+01,-2.959476783399999889e+01,0.000000000000000000e+00,2.959476783399999889e+01,-3.800168820900000100e+01,0.000000000000000000e+00,3.800168820900000100e+01
1.029033883900000035e+01,-2.982482247600000136e+01,0.000000000000000000e+00,2.982482247600000136e+01,-3.824797089500000169e+01,0.000000000000000000e+00,3.824797089500000169e+01
1.031035875899999965e+01,-3.009037516100000076e+01,0.000000000000000000e+00,3.009037516100000076e+01,-3.935322598999999855e+01,0.000000000000000000e+00,3.935322598999999855e+01
1.033037867900000073e+01,-3.062295550500000019e+01,0.000000000000000000e+00,3.062295550500000019e+01,-4.184999636100000231e+01,0.000000000000000000e+00,4.184999636100000231e+01
1.035039859900000003e+01,-3.106686758500000067e+01,0.000000000000000000e+00,3.106686758500000067e+01,-4.305585228099999995e+01,0.000000000000000000e+00,4.305585228099999995e+01
1.037041851899999934e+01,-3.158568602400000103e+01,0.000000000000000000e+00,3.158568602400000103e+01,-4.596148937600000295e+01,0.000000000000000000e+00,4.596148937600000295e+01
1.039043843800000033e+01,-3.190847411200000039e+01,0.000000000000000000e+00,3.190847411200000039e+01,-5.220716177199999919e+01,0.000000000000000000e+00,5.220716177199999919e+01
1.041045835799999963e+01,-3.230386141999999694e+01,0.000000000000000000e+00,3.230386141999999694e+01,-5.663708852199999910e+01,0.000000000000000000e+00,5.663708852199999910e+01
1.043047827800000071e+01,-3.237501976600000120e+01,0.000000000000000000e+00,3.237501976600000120e+01,-4.966899278599999690e+01,0.000000000000000000e+00,4.966899278599999690e+01
1.045049819800000002e+01,-3.229328467700000260e+01,0.000000000000000000e+00,3.229328467700000260e+01,-4.484677703199999854e+01,0.000000000000000000e+00,4.484677703199999854e+01
1.047051811799999932e+01,-3.202133515100000238e+01,0.000000000000000000e+00,3.202133515100000238e+01,-4.226422710300000318e+01,0.000000000000000000e+00,4.226422710300000318e+01
1.049053803800000040e+01,-3.165989795000000129e+01,0.000000000000000000e+00,3.165989795000000129e+01,-3.989577802299999831e+01,0.000000000000000000e+00,3.989577802299999831e+01
1.051055795799999970e+01,-3.137787846100000166e+01,0.000000000000000000e+00,3.137787846100000166e+01,-3.804658822199999690e+01,0.000000000000000000e+00,3.804658822199999690e+01
1.053057787800000078e+01,-3.123832807799999856e+01,0.000000000000000000e+00,3.123832807799999856e+01,-3.690050004799999783e+01,0.000000000000000000e+00,3.690050004799999783e+01
1.055059779800000008e+01,-3.107952291899999864e+01,0.000000000000000000e+00,3.107952291899999864e+01,-3.568110332199999846e+01,0.000000000000000000e+00,3.568110332199999846e+01
1.057061771799999939e+01,-3.114239034299999886e+01,0.000000000000000000e+00,3.114239034299999886e+01,-3.471530710999999769e+01,0.000000000000000000e+00,3.471530710999999769e+01
1.059063763800000046e+01,-3.132347340100000110e+01,0.000000000000000000e+00,3.132347340100000110e+01,-3.405717391000000305e+01,0.000000000000000000e+00,3.405717391000000305e+01
1.061065755799999977e+01,-3.157850001899999981e+01,0.000000000000000000e+00,3.157850001899999981e+01,-3.329628612799999843e+01,0.000000000000000000e+00,3.329628612799999843e+01
1.063067747700000076e+01,-3.200590803699999753e+01,0.000000000000000000e+00,3.200590803699999753e+01,-3.255272997299999815e+01,0.000000000000000000e+00,3.255272997299999815e+01
1.065069739700000007e+01,-3.256788067200000114e+01,0.000000000000000000e+00,3.256788067200000114e+01,-3.234354956100000322e+01,0.000000000000000000e+00,3.234354956100000322e+01
1.067071731699999937e+01,-3.319406987100000350e+01,0.000000000000000000e+00,3.319406987100000350e+01,-3.190547065699999862e+01,0.000000000000000000e+00,3.190547065699999862e+01
1.069073723700000045e+01,-3.397441553699999872e+01,0.000000000000000000e+00,3.397441553699999872e+01,-3.141426245599999945e+01,0.000000000000000000e+00,3.141426245599999945e+01
1.071075715699999975e+01,-3.494027771199999677e+01,0.000000000000000000e+00,3.494027771199999677e+01,-3.141394925199999832e+01,0.000000000000000000e+00,3.141394925199999832e+01
1.073077707700000083e+01,-3.589816976600000231e+01,0.000000000000000000e+00,3.589816976600000231e+01,-3.123069972500000091e+01,0.000000000000000000e+00,3.123069972500000091e+01
1.075079699700000013e+01,-3.697601194199999952e+01,0.000000000000000000e+00,3.697601194199999952e+01,-3.121445087200000046e+01,0.000000000000000000e+00,3.121445087200000046e+01
1.077081691699999944e+01,-3.792612675699999869e+01,0.000000000000000000e+00,3.792612675699999869e+01,-3.120437642699999969e+01,0.000000000000000000e+00,3.120437642699999969e+01
1.079083683700000051e+01,-3.871874569199999883e+01,0.000000000000000000e+00,3.871874569199999883e+01,-3.135867774100000105e+01,0.000000000000000000e+00,3.135867774100000105e+01
1.081085675699999982e+01,-3.903973257399999852e+01,0.000000000000000000e+00,3.903973257399999852e+01,-3.148373069100000166e+01,0.000000000000000000e+00,3.148373069100000166e+01
1.083087667699999912e+01,-3.931586909300000343e+01,0.000000000000000000e+00,3.931586909300000343e+01,-3.181778241700000009e+01,0.000000000000000000e+00,3.181778241700000009e+01
1.085089659700000020e+01,-3.917257722200000103e+01,0.000000000000000000e+00,3.917257722200000103e+01,-3.238115443800000293e+01,0.000000000000000000e+00,3.238115443800000293e+01
1.087091651699999950e+01,-3.875486659199999906e+01,0.000000000000000000e+00,3.875486659199999906e+01,-3.287018768200000096e+01,0.000000000000000000e+00,3.287018768200000096e+01
1.089093643600000050e+01,-3.814251304399999754e+01,0.000000000000000000e+00,3.814251304399999754e+01,-3.375974017699999763e+01,0.000000000000000000e+00,3.375974017699999763e+01
1.091095635599999980e+01,-3.771223125000000209e+01,0.000000000000000000e+00,3.771223125000000209e+01,-3.483696279400000151e+01,0.000000000000000000e+00,3.483696279400000151e+01
1.093097627600000088e+01,-3.705283689000000180e+01,0.000000000000000000e+00,3.705283689000000180e+01,-3.592261448299999671e+01,0.000000000000000000e+00,3.592261448299999671e+01
1.095099619600000018e+01,-3.686849797800000061e+01,0.000000000000000000e+00,3.686849797800000061e+01,-3.761140544599999913e+01,0.000000000000000000e+00,3.761140544599999913e+01
1.097101611599999949e+01,-3.684274442099999902e+01,0.000000000000000000e+00,3.684274442099999902e+01,-3.959752429099999915e+01,0.000000000000000000e+00,3.959752429099999915e+01
1.099103603600000056e+01,-3.707730141100000054e+01,0.000000000000000000e+00,3.707730141100000054e+01,-4.099274845200000073e+01,0.000000000000000000e+00,4.099274845200000073e+01
1.101105595599999987e+01,-3.720025201699999684e+01,0.000000000000000000e+00,3.720025201699999684e+01,-4.343501082699999927e+01,0.000000000000000000e+00,4.343501082699999927e+01
1.103107587599999917e+01,-3.733802110500000282e+01,0.000000000000000000e+00,3.733802110500000282e+01,-4.600517502000000292e+01,0.000000000000000000e+00,4.600517502000000292e+01
1.105109579600000025e+01,-3.758494237600000076e+01,0.000000000000000000e+00,3.758494237600000076e+01,-4.647532189900000077e+01,0.000000000000000000e+00,4.647532189900000077e+01
1.107111571599999955e+01,-3.750832366899999926e+01,0.000000000000000000e+00,3.750832366899999926e+01,-4.608297604399999869e+01,0.000000000000000000e+00,4.608297604399999869e+01
1.109113563600000063e+01,-3.806005818399999896e+01,0.000000000000000000e+00,3.806005818399999896e+01,-4.422433927499999839e+01,0.000000000000000000e+00,4.422433927499999839e+01
1.111115555599999993e+01,-3.799489744299999927e+01,0.000000000000000000e+00,3.799489744299999927e+01,-4.266791489300000251e+01,0.000000000000000000e+00,4.266791489300000251e+01
1.113117547499999915e+01,-3.794998412000000343e+01,0.000000000000000000e+00,3.794998412000000343e+01,-4.115468568699999707e+01,0.000000000000000000e+00,4.115468568699999707e+01
1.115119539500000023e+01,-3.756574524399999859e+01,0.000000000000000000e+00,3.756574524399999859e+01,-4.041951714100000004e+01,0.000000000000000000e+00,4.041951714100000004e+01
1.117121531499999953e+01,-3.726590869199999645e+01,0.000000000000000000e+00,3.726590869199999645e+01,-3.970190655199999696e+01,0.000000000000000000e+00,3.970190655199999696e+01
1.119123523500000061e+01,-3.659557764299999860e+01,0.000000000000000000e+00,3.659557764299999860e+01,-3.851930770300000262e+01,0.000000000000000000e+00,3.851930770300000262e+01
1.121125515499999992e+01,-3.578578425300000276e+01,0.000000000000000000e+00,3.578578425300000276e+01,-3.802601664400000203e+01,0.000000000000000000e+00,3.802601664400000203e+01
1.123127507499999922e+01,-3.501478029999999819e+01,0.000000000000000000e+00,3.501478029999999819e+01,-3.759138496500000315e+01,0.000000000000000000e+00,3.759138496500000315e+01
1.125129499500000030e+01,-3.456188558699999902e+01,0.000000000000000000e+00,3.456188558699999902e+01,-3.706806876299999942e+01,0.000000000000000000e+00,3.706806876299999942e+01
1.127131491499999960e+01,-3.415394870800000149e+01,0.000000000000000000e+00,3.415394870800000149e+01,-3.674856365099999778e+01,0.000000000000000000e+00,3.674856365099999778e+01
1.129133483500000068e+01,-3.399097133400000104e+01,0.000000000000000000e+00,3.399097133400000104e+01,-3.707897288400000235e+01,0.000000000000000000e+00,3.707897288400000235e+01
1.131135475499999998e+01,-3.396287842400000301e+01,0.000000000000000000e+00,3.396287842400000301e+01,-3.721681316400000128e+01,0.000000000000000000e+00,3.721681316400000128e+01
1.133137467499999929e+01,-3.373426090499999930e+01,0.000000000000000000e+00,3.373426090499999930e+01,-3.776964271800000006e+01,0.000000000000000000e+00,3.776964271800000006e+01
1.135139459500000036e+01,-3.361614558200000147e+01,0.000000000000000000e+00,3.361614558200000147e+01,-3.821691426799999647e+01,0.000000000000000000e+00,3.821691426799999647e+01
1.137141451499999967e+01,-3.337520998200000122e+01,0.000000000000000000e+00,3.337520998200000122e+01,-3.901977853199999657e+01,0.000000000000000000e+00,3.901977853199999657e+01
1.139143443400000066e+01,-3.321925643299999820e+01,0.000000000000000000e+00,3.321925643299999820e+01,-3.902570065500000140e+01,0.000000000000000000e+00,3.902570065500000140e+01
1.141145435399999997e+01,-3.318823209499999649e+01,0.000000000000000000e+00,3.318823209499999649e+01,-3.875763277600000123e+01,0.000000000000000000e+00,3.875763277600000123e+01
1.143147427399999927e+01,-3.281059473399999860e+01,0.000000000000000000e+00,3.281059473399999860e+01,-3.867759900000000073e+01,0.000000000000000000e+00,3.867759900000000073e+01
1.145149419400000035e+01,-3.263642468300000132e+01,0.000000000000000000e+00,3.263642468300000132e+01,-3.782119220999999953e+01,0.000000000000000000e+00,3.782119220999999953e+01
1.147151411399999965e+01,-3.250521237600000291e+01,0.000000000000000000e+00,3.250521237600000291e+01,-3.701452051399999732e+01,0.000000000000000000e+00,3.701452051399999732e+01
1.149153403400000073e+01,-3.222386283699999865e+01,0.000000000000000000e+00,3.222386283699999865e+01,-3.619356030200000163e+01,0.000000000000000000e+00,3.619356030200000163e+01
1.151155395400000003e+01,-3.199724889299999830e+01,0.000000000000000000e+00,3.199724889299999830e+01,-3.574522452299999742e+01,0.000000000000000000e+00,3.574522452299999742e+01
1.153157387399999934e+01,-3.205300130199999842e+01,0.000000000000000000e+00,3.205300130199999842e+01,-3.499305116200000043e+01,0.000000000000000000e+00,3.499305116200000043e+01
1.155159379400000041e+01,-3.227745237500000286e+01,0.000000000000000000e+00,3.227745237500000286e+01,-3.421050250799999759e+01,0.000000000000000000e+00,3.421050250799999759e+01
1.157161371399999972e+01,-3.250448061400000199e+01,0.000000000000000000e+00,3.250448061400000199e+01,-3.332331318899999673e+01,0.000000000000000000e+00,3.332331318899999673e+01
1.159163363400000080e+01,-3.291374710499999878e+01,0.000000000000000000e+00,3.291374710499999878e+01,-3.256247124800000137e+01,0.000000000000000000e+00,3.256247124800000137e+01
1.161165355400000010e+01,-3.359130454799999654e+01,0.000000000000000000e+00,3.359130454799999654e+01,-3.164303487000000104e+01,0.000000000000000000e+00,3.164303487000000104e+01
1.163167347299999932e+01,-3.441368907500000063e+01,0.000000000000000000e+00,3.441368907500000063e+01,-3.109287712100000078e+01,0.000000000000000000e+00,3.109287712100000078e+01
1.165169339300000040e+01,-3.517588652999999965e+01,0.000000000000000000e+00,3.517588652999999965e+01,-3.081262949299999931e+01,0.000000000000000000e+00,3.081262949299999931e+01
1.167171331299999970e+01,-3.623296258900000311e+01,0.000000000000000000e+00,3.623296258900000311e+01,-3.028701689400000063e+01,0.000000000000000000e+00,3.028701689400000063e+01
1.169173323300000078e+01,-3.729488324999999804e+01,0.000000000000000000e+00,3.729488324999999804e+01,-2.976855942699999957e+01,0.000000000000000000e+00,2.976855942699999957e+01
1.171175315300000008e+01,-3.836579977899999960e+01,0.000000000000000000e+00,3.836579977899999960e+01,-2.950942342500000137e+01,0.000000000000000000e+00,2.950942342500000137e+01
1.173177307299999939e+01,-3.926254481800000207e+01,0.000000000000000000e+00,3.926254481800000207e+01,-2.943836574499999870e+01,0.000000000000000000e+00,2.943836574499999870e+01
1.175179299300000046e+01,-4.009313622100000174e+01,0.000000000000000000e+00,4.009313622100000174e+01,-2.920678969300000105e+01,0.000000000000000000e+00,2.920678969300000105e+01
1.177181291299999977e+01,-4.061499652700000240e+01,0.000000000000000000e+00,4.061499652700000240e+01,-2.924673830200000069e+01,0.000000000000000000e+00,2.924673830200000069e+01
1.179183283300000085e+01,-4.120296122300000263e+01,0.000000000000000000e+00,4.120296122300000263e+01,-2.924357074399999945e+01,0.000000000000000000e+00,2.924357074399999945e+01
1.181185275300000015e+01,-4.153140655400000014e+01,0.000000000000000000e+00,4.153140655400000014e+01,-2.914231805800000075e+01,0.000000000000000000e+00,2.914231805800000075e+01
1.183187267299999945e+01,-4.141074826700000244e+01,0.000000000000000000e+00,4.141074826700000244e+01,-2.934514496599999944e+01,0.000000000000000000e+00,2.934514496599999944e+01
1.185189259300000053e+01,-4.152201888599999791e+01,0.000000000000000000e+00,4.152201888599999791e+01,-2.958448399899999970e+01,0.000000000000000000e+00,2.958448399899999970e+01
1.187191251299999983e+01,-4.176589881000000304e+01,0.000000000000000000e+00,4.176589881000000304e+01,-2.975021795900000043e+01,0.000000000000000000e+00,2.975021795900000043e+01
1.189193243200000083e+01,-4.099377663100000291e+01,0.000000000000000000e+00,4.099377663100000291e+01,-3.010298901599999866e+01,0.000000000000000000e+00,3.010298901599999866e+01
1.191195235200000013e+01,-4.116262915499999764e+01,0.000000000000000000e+00,4.116262915499999764e+01,-3.044354513800000106e+01,0.000000000000000000e+00,3.044354513800000106e+01
1.193197227199999944e+01,-4.167084212500000007e+01,0.000000000000000000e+00,4.167084212500000007e+01,-3.067492775299999863e+01,0.000000000000000000e+00,3.067492775299999863e+01
1.195199219200000051e+01,-4.201834304599999825e+01,0.000000000000000000e+00,4.201834304599999825e+01,-3.111911128699999907e+01,0.000000000000000000e+00,3.111911128699999907e+01
1.197201211199999982e+01,-4.232202726100000234e+01,0.000000000000000000e+00,4.232202726100000234e+01,-3.170280308999999974e+01,0.000000000000000000e+00,3.170280308999999974e+01
1.199203203199999912e+01,-4.267761410199999972e+01,0.000000000000000000e+00,4.267761410199999972e+01,-3.204099426700000208e+01,0.000000000000000000e+00,3.204099426700000208e+01
1.201205195200000020e+01,-4.314130099399999807e+01,0.000000000000000000e+00,4.314130099399999807e+01,-3.260250190000000003e+01,0.000000000000000000e+00,3.260250190000000003e+01
1.203207187199999950e+01,-4.351485331500000342e+01,0.000000000000000000e+00,4.351485331500000342e+01,-3.339903407199999918e+01,0.000000000000000000e+00,3.339903407199999918e+01
1.205209179200000058e+01,-4.327021295699999826e+01,0.000000000000000000e+00,4.327021295699999826e+01,-3.469772397599999891e+01,0.000000000000000000e+00,3.469772397599999891e+01
1.207211171199999988e+01,-4.295494649999999837e+01,0.000000000000000000e+00,4.295494649999999837e+01,-3.579513189099999693e+01,0.000000000000000000e+00,3.579513189099999693e+01
1.209213163199999919e+01,-4.284062210799999804e+01,0.000000000000000000e+00,4.284062210799999804e+01,-3.647728266200000036e+01,0.000000000000000000e+00,3.647728266200000036e+01
1.211215155200000027e+01,-4.285233752399999929e+01,0.000000000000000000e+00,4.285233752399999929e+01,-3.772359464699999876e+01,0.000000000000000000e+00,3.772359464699999876e+01
1.213217147099999949e+01,-4.219469289399999923e+01,0.000000000000000000e+00,4.219469289399999923e+01,-3.918690304500000110e+01,0.000000000000000000e+00,3.918690304500000110e+01
1.215219139100000056e+01,-4.270013724399999688e+01,0.000000000000000000e+00,4.270013724399999688e+01,-3.900344845800000115e+01,0.000000000000000000e+00,3.900344845800000115e+01
1.217221131099999987e+01,-4.317618452399999995e+01,0.000000000000000000e+00,4.317618452399999995e+01,-3.880852630100000056e+01,0.000000000000000000e+00,3.880852630100000056e+01
1.219223123099999917e+01,-4.277410519899999741e+01,0.000000000000000000e+00,4.277410519899999741e+01,-3.886892101899999830e+01,0.000000000000000000e+00,3.886892101899999830e+01
1.221225115100000025e+01,-4.314329741299999910e+01,0.000000000000000000e+00,4.314329741299999910e+01,-3.824257286699999980e+01,0.000000000000000000e+00,3.824257286699999980e+01
1.223227107099999955e+01,-4.229707694799999729e+01,0.000000000000000000e+00,4.229707694799999729e+01,-3.729305288900000193e+01,0.000000000000000000e+00,3.729305288900000193e+01
1.225229099100000063e+01,-4.063046383500000047e+01,0.000000000000000000e+00,4.063046383500000047e+01,-3.726470872099999809e+01,0.000000000000000000e+00,3.726470872099999809e+01
1.227231091099999993e+01,-3.991248682799999870e+01,0.000000000000000000e+00,3.991248682799999870e+01,-3.672431982300000186e+01,0.000000000000000000e+00,3.672431982300000186e+01
1.229233083099999924e+01,-3.871721116999999879e+01,0.000000000000000000e+00,3.871721116999999879e+01,-3.605027236600000151e+01,0.000000000000000000e+00,3.605027236600000151e+01
1.231235075100000032e+01,-3.778772521100000148e+01,0.000000000000000000e+00,3.778772521100000148e+01,-3.510265620599999892e+01,0.000000000000000000e+00,3.510265620599999892e+01
1.233237067099999962e+01,-3.724446472199999647e+01,0.000000000000000000e+00,3.724446472199999647e+01,-3.480114974899999680e+01,0.000000000000000000e+00,3.480114974899999680e+01
1.235239059100000070e+01,-3.706188995099999772e+01,0.000000000000000000e+00,3.706188995099999772e+01,-3.451232947799999806e+01,0.000000000000000000e+00,3.451232947799999806e+01
1.237241051100000000e+01,-3.698659912000000105e+01,0.000000000000000000e+00,3.698659912000000105e+01,-3.400873128900000353e+01,0.000000000000000000e+00,3.400873128900000353e+01
1.239243042999999922e+01,-3.722221357400000130e+01,0.000000000000000000e+00,3.722221357400000130e+01,-3.333905596200000332e+01,0.000000000000000000e+00,3.333905596200000332e+01
1.241245035000000030e+01,-3.748494794100000149e+01,0.000000000000000000e+00,3.748494794100000149e+01,-3.328966424600000096e+01,0.000000000000000000e+00,3.328966424600000096e+01
1.243247026999999960e+01,-3.752409151999999892e+01,0.000000000000000000e+00,3.752409151999999892e+01,-3.344147304500000217e+01,0.000000000000000000e+00,3.344147304500000217e+01
1.245249019000000068e+01,-3.829845012199999843e+01,0.000000000000000000e+00,3.829845012199999843e+01,-3.313936549400000331e+01,0.000000000000000000e+00,3.313936549400000331e+01
1.247251010999999998e+01,-3.957869199000000293e+01,0.000000000000000000e+00,3.957869199000000293e+01,-3.300276960499999745e+01,0.000000000000000000e+00,3.300276960499999745e+01
1.249253002999999929e+01,-4.058877615699999808e+01,0.000000000000000000e+00,4.058877615699999808e+01,-3.338522730799999749e+01,0.000000000000000000e+00,3.338522730799999749e+01
1.251254995000000036e+01,-4.127748915699999799e+01,0.000000000000000000e+00,4.127748915699999799e+01,-3.344790592199999679e+01,0.000000000000000000e+00,3.344790592199999679e+01
1.253256986999999967e+01,-4.248627373200000079e+01,0.000000000000000000e+00,4.248627373200000079e+01,-3.365570326299999948e+01,0.000000000000000000e+00,3.365570326299999948e+01
1.255258979000000075e+01,-4.269472135600000229e+01,0.000000000000000000e+00,4.269472135600000229e+01,-3.420318651899999907e+01,0.000000000000000000e+00,3.420318651899999907e+01
1.257260971000000005e+01,-4.148877747000000227e+01,0.000000000000000000e+00,4.148877747000000227e+01,-3.472437294699999910e+01,0.000000000000000000e+00,3.472437294699999910e+01
1.259262962999999935e+01,-4.009760459799999666e+01,0.000000000000000000e+00,4.009760459799999666e+01,-3.482970916899999736e+01,0.000000000000000000e+00,3.482970916899999736e+01
1.261264955000000043e+01,-3.935997581899999886e+01,0.000000000000000000e+00,3.935997581899999886e+01,-3.484400701700000269e+01,0.000000000000000000e+00,3.484400701700000269e+01
1.263266946899999965e+01,-3.878427076700000242e+01,0.000000000000000000e+00,3.878427076700000242e+01,-3.507526681499999910e+01,0.000000000000000000e+00,3.507526681499999910e+01
1.265268938900000073e+01,-3.789227537600000062e+01,0.000000000000000000e+00,3.789227537600000062e+01,-3.556197339599999907e+01,0.000000000000000000e+00,3.556197339599999907e+01
1.267270930900000003e+01,-3.685375023499999969e+01,0.000000000000000000e+00,3.685375023499999969e+01,-3.559321411700000226e+01,0.000000000000000000e+00,3.559321411700000226e+01
1.269272922899999934e+01,-3.602784670100000142e+01,0.000000000000000000e+00,3.602784670100000142e+01,-3.578045933700000347e+01,0.000000000000000000e+00,3.578045933700000347e+01
1.271274914900000041e+01,-3.469686720600000029e+01,0.000000000000000000e+00,3.469686720600000029e+01,-3.635820157300000233e+01,0.000000000000000000e+00,3.635820157300000233e+01
1.273276906899999972e+01,-3.333426436900000311e+01,0.000000000000000000e+00,3.333426436900000311e+01,-3.690910039100000262e+01,0.000000000000000000e+00,3.690910039100000262e+01
1.275278898900000080e+01,-3.267930944199999743e+01,0.000000000000000000e+00,3.267930944199999743e+01,-3.717365055700000198e+01,0.000000000000000000e+00,3.717365055700000198e+01
1.277280890900000010e+01,-3.242201839100000171e+01,0.000000000000000000e+00,3.242201839100000171e+01,-3.717554644900000227e+01,0.000000000000000000e+00,3.717554644900000227e+01
1.279282882899999940e+01,-3.290422384000000022e+01,0.000000000000000000e+00,3.290422384000000022e+01,-3.680786390699999799e+01,0.000000000000000000e+00,3.680786390699999799e+01
1.281284874900000048e+01,-3.390054257700000306e+01,0.000000000000000000e+00,3.390054257700000306e+01,-3.617582079799999661e+01,0.000000000000000000e+00,3.617582079799999661e+01
1.283286866899999978e+01,-3.596904346699999877e+01,0.000000000000000000e+00,3.596904346699999877e+01,-3.554004788200000320e+01,0.000000000000000000e+00,3.554004788200000320e+01
1.285288858900000086e+01,-3.857643757599999645e+01,0.000000000000000000e+00,3.857643757599999645e+01,-3.498617331199999825e+01,0.000000000000000000e+00,3.498617331199999825e+01
1.287290850900000017e+01,-3.970169068799999934e+01,0.000000000000000000e+00,3.970169068799999934e+01,-3.493178348299999669e+01,0.000000000000000000e+00,3.493178348299999669e+01
1.289292842799999939e+01,-4.019285273199999864e+01,0.000000000000000000e+00,4.019285273199999864e+01,-3.475646876399999741e+01,0.000000000000000000e+00,3.475646876399999741e+01
1.291294834800000046e+01,-4.095637359399999866e+01,0.000000000000000000e+00,4.095637359399999866e+01,-3.428594092099999813e+01,0.000000000000000000e+00,3.428594092099999813e+01
1.293296826799999977e+01,-4.173441307000000222e+01,0.000000000000000000e+00,4.173441307000000222e+01,-3.403349538999999879e+01,0.000000000000000000e+00,3.403349538999999879e+01
1.295298818800000085e+01,-4.326191018000000099e+01,0.000000000000000000e+00,4.326191018000000099e+01,-3.431931017600000189e+01,0.000000000000000000e+00,3.431931017600000189e+01
1.297300810800000015e+01,-4.739690440100000046e+01,0.000000000000000000e+00,4.739690440100000046e+01,-3.472151708900000244e+01,0.000000000000000000e+00,3.472151708900000244e+01
1.299302802799999945e+01,-5.145253575200000284e+01,0.000000000000000000e+00,5.145253575200000284e+01,-3.567463932300000096e+01,0.000000000000000000e+00,3.567463932300000096e+01
1.301304794800000053e+01,-4.928140550900000250e+01,0.000000000000000000e+00,4.928140550900000250e+01,-3.636405018800000022e+01,0.000000000000000000e+00,3.636405018800000022e+01
1.303306786799999983e+01,-4.527610554599999659e+01,0.000000000000000000e+00,4.527610554599999659e+01,-3.753232614600000261e+01,0.000000000000000000e+00,3.753232614600000261e+01
1.305308778799999914e+01,-4.234816431699999839e+01,0.000000000000000000e+00,4.234816431699999839e+01,-3.927679402700000111e+01,0.000000000000000000e+00,3.927679402700000111e+01
1.307310770800000022e+01,-4.050009143399999800e+01,0.000000000000000000e+00,4.050009143399999800e+01,-4.106672499399999765e+01,0.000000000000000000e+00,4.106672499399999765e+01
1.309312762799999952e+01,-3.982057819300000290e+01,0.000000000000000000e+00,3.982057819300000290e+01,-4.331423880900000256e+01,0.000000000000000000e+00,4.331423880900000256e+01
1.311314754800000060e+01,-3.925733505699999881e+01,0.000000000000000000e+00,3.925733505699999881e+01,-4.551011221200000278e+01,0.000000000000000000e+00,4.551011221200000278e+01
1.313316746699999982e+01,-3.860941181599999794e+01,0.000000000000000000e+00,3.860941181599999794e+01,-4.780044675399999932e+01,0.000000000000000000e+00,4.780044675399999932e+01
1.315318738699999912e+01,-3.797236853500000109e+01,0.000000000000000000e+00,3.797236853500000109e+01,-5.343460074299999718e+01,0.000000000000000000e+00,5.343460074299999718e+01
1.317320730700000020e+01,-3.736853703500000279e+01,0.000000000000000000e+00,3.736853703500000279e+01,-6.063324895800000292e+01,0.000000000000000000e+00,6.063324895800000292e+01
1.319322722699999950e+01,-3.615003787500000243e+01,0.000000000000000000e+00,3.615003787500000243e+01,-4.872546457400000008e+01,0.000000000000000000e+00,4.872546457400000008e+01
1.321324714700000058e+01,-3.520446288400000157e+01,0.000000000000000000e+00,3.520446288400000157e+01,-4.317071613299999910e+01,0.000000000000000000e+00,4.317071613299999910e+01
1.323326706699999988e+01,-3.412958518599999991e+01,0.000000000000000000e+00,3.412958518599999991e+01,-3.926329855499999866e+01,0.000000000000000000e+00,3.926329855499999866e+01
1.325328698699999919e+01,-3.336390113600000262e+01,0.000000000000000000e+00,3.336390113600000262e+01,-3.638229141499999741e+01,0.000000000000000000e+00,3.638229141499999741e+01
1.327330690700000027e+01,-3.249486671700000073e+01,0.000000000000000000e+00,3.249486671700000073e+01,-3.417771557199999677e+01,0.000000000000000000e+00,3.417771557199999677e+01
1.329332682699999957e+01,-3.187179185800000170e+01,0.000000000000000000e+00,3.187179185800000170e+01,-3.262791254799999763e+01,0.000000000000000000e+00,3.262791254799999763e+01
1.331334674700000065e+01,-3.166290474499999874e+01,0.000000000000000000e+00,3.166290474499999874e+01,-3.145474782699999849e+01,0.000000000000000000e+00,3.145474782699999849e+01
1.333336666699999995e+01,-3.132662047799999883e+01,0.000000000000000000e+00,3.132662047799999883e+01,-3.064827867400000017e+01,0.000000000000000000e+00,3.064827867400000017e+01
1.335338658699999925e+01,-3.142231144200000159e+01,0.000000000000000000e+00,3.142231144200000159e+01,-3.011332300799999828e+01,0.000000000000000000e+00,3.011332300799999828e+01
1.337340650700000033e+01,-3.165579866199999870e+01,0.000000000000000000e+00,3.165579866199999870e+01,-2.978498139899999941e+01,0.000000000000000000e+00,2.978498139899999941e+01
1.339342642599999955e+01,-3.173447139700000008e+01,0.000000000000000000e+00,3.173447139700000008e+01,-2.955933614799999987e+01,0.000000000000000000e+00,2.955933614799999987e+01
1.341344634600000063e+01,-3.155037591900000038e+01,0.000000000000000000e+00,3.155037591900000038e+01,-2.944187538899999979e+01,0.000000000000000000e+00,2.944187538899999979e+01
1.343346626599999993e+01,-3.166400668500000037e+01,0.000000000000000000e+00,3.166400668500000037e+01,-2.964349228000000025e+01,0.000000000000000000e+00,2.964349228000000025e+01
1.345348618599999924e+01,-3.189358758799999904e+01,0.000000000000000000e+00,3.189358758799999904e+01,-2.990426422299999842e+01,0.000000000000000000e+00,2.990426422299999842e+01
1.347350610600000032e+01,-3.188089897500000092e+01,0.000000000000000000e+00,3.188089897500000092e+01,-3.027752494199999944e+01,0.000000000000000000e+00,3.027752494199999944e+01
1.349352602599999962e+01,-3.211020345200000037e+01,0.000000000000000000e+00,3.211020345200000037e+01,-3.105356739799999843e+01,0.000000000000000000e+00,3.105356739799999843e+01
1.351354594600000070e+01,-3.267741661400000197e+01,0.000000000000000000e+00,3.267741661400000197e+01,-3.217333068599999990e+01,0.000000000000000000e+00,3.217333068599999990e+01
1.353356586600000000e+01,-3.340907612299999840e+01,0.000000000000000000e+00,3.340907612299999840e+01,-3.369537741300000278e+01,0.000000000000000000e+00,3.369537741300000278e+01
1.355358578599999930e+01,-3.431868241000000097e+01,0.000000000000000000e+00,3.431868241000000097e+01,-3.548751814500000279e+01,0.000000000000000000e+00,3.548751814500000279e+01
1.357360570600000038e+01,-3.511921354500000092e+01,0.000000000000000000e+00,3.511921354500000092e+01,-3.790910598199999981e+01,0.000000000000000000e+00,3.790910598199999981e+01
1.359362562599999968e+01,-3.561178421299999997e+01,0.000000000000000000e+00,3.561178421299999997e+01,-4.052997909100000129e+01,0.000000000000000000e+00,4.052997909100000129e+01
1.361364554600000076e+01,-3.545545297799999673e+01,0.000000000000000000e+00,3.545545297799999673e+01,-3.965091774300000083e+01,0.000000000000000000e+00,3.965091774300000083e+01
1.363366546499999998e+01,-3.534965459400000043e+01,0.000000000000000000e+00,3.534965459400000043e+01,-3.691957373000000331e+01,0.000000000000000000e+00,3.691957373000000331e+01
1.365368538499999929e+01,-3.553222643099999800e+01,0.000000000000000000e+00,3.553222643099999800e+01,-3.489520876499999957e+01,0.000000000000000000e+00,3.489520876499999957e+01
1.367370530500000037e+01,-3.638585933899999958e+01,0.000000000000000000e+00,3.638585933899999958e+01,-3.354782694200000037e+01,0.000000000000000000e+00,3.354782694200000037e+01
1.369372522499999967e+01,-3.677152389199999760e+01,0.000000000000000000e+00,3.677152389199999760e+01,-3.289017097600000028e+01,0.000000000000000000e+00,3.289017097600000028e+01
1.371374514500000075e+01,-3.608837986199999648e+01,0.000000000000000000e+00,3.608837986199999648e+01,-3.185644190800000075e+01,0.000000000000000000e+00,3.185644190800000075e+01
1.373376506500000005e+01,-3.520887224500000201e+01,0.000000000000000000e+00,3.520887224500000201e+01,-3.107090221500000027e+01,0.000000000000000000e+00,3.107090221500000027e+01
1.375378498499999935e+01,-3.470207883700000195e+01,0.000000000000000000e+00,3.470207883700000195e+01,-3.070429274700000022e+01,0.000000000000000000e+00,3.070429274700000022e+01
1.377380490500000043e+01,-3.481241846300000020e+01,0.000000000000000000e+00,3.481241846300000020e+01,-3.055134597500000027e+01,0.000000000000000000e+00,3.055134597500000027e+01
1.379382482499999973e+01,-3.492998178700000267e+01,0.000000000000000000e+00,3.492998178700000267e+01,-3.068187004400000006e+01,0.000000000000000000e+00,3.068187004400000006e+01
1.381384474500000081e+01,-3.516319691199999653e+01,0.000000000000000000e+00,3.516319691199999653e+01,-3.140697721600000136e+01,0.000000000000000000e+00,3.140697721600000136e+01
1.383386466500000012e+01,-3.559755155399999893e+01,0.000000000000000000e+00,3.559755155399999893e+01,-3.246967674199999720e+01,0.000000000000000000e+00,3.246967674199999720e+01
1.385388458499999942e+01,-3.580033673999999877e+01,0.000000000000000000e+00,3.580033673999999877e+01,-3.325211577999999690e+01,0.000000000000000000e+00,3.325211577999999690e+01
1.387390450500000050e+01,-3.564004495900000080e+01,0.000000000000000000e+00,3.564004495900000080e+01,-3.424348031899999967e+01,0.000000000000000000e+00,3.424348031899999967e+01
1.389392442399999972e+01,-3.572887215899999802e+01,0.000000000000000000e+00,3.572887215899999802e+01,-3.509742442600000345e+01,0.000000000000000000e+00,3.509742442600000345e+01
1.391394434400000080e+01,-3.570826851300000015e+01,0.000000000000000000e+00,3.570826851300000015e+01,-3.624819387699999851e+01,0.000000000000000000e+00,3.624819387699999851e+01
1.393396426400000010e+01,-3.595876653300000214e+01,0.000000000000000000e+00,3.595876653300000214e+01,-3.757780056499999688e+01,0.000000000000000000e+00,3.757780056499999688e+01
1.395398418399999940e+01,-3.631645307000000145e+01,0.000000000000000000e+00,3.631645307000000145e+01,-3.931414787399999966e+01,0.000000000000000000e+00,3.931414787399999966e+01
1.397400410400000048e+01,-3.657572986400000303e+01,0.000000000000000000e+00,3.657572986400000303e+01,-4.115030782600000236e+01,0.000000000000000000e+00,4.115030782600000236e+01
1.399402402399999978e+01,-3.689247728200000154e+01,0.000000000000000000e+00,3.689247728200000154e+01,-4.438692046900000321e+01,0.000000000000000000e+00,4.438692046900000321e+01
1.401404394400000086e+01,-3.740187775100000067e+01,0.000000000000000000e+00,3.740187775100000067e+01,-4.854187841600000297e+01,0.000000000000000000e+00,4.854187841600000297e+01
1.403406386400000017e+01,-3.756242801500000184e+01,0.000000000000000000e+00,3.756242801500000184e+01,-5.623178798899999720e+01,0.000000000000000000e+00,5.623178798899999720e+01
1.405408378399999947e+01,-3.773244334799999677e+01,0.000000000000000000e+00,3.773244334799999677e+01,-6.327498580500000003e+01,0.000000000000000000e+00,6.327498580500000003e+01
1.407410370400000055e+01,-3.812013443899999743e+01,0.000000000000000000e+00,3.812013443899999743e+01,-5.274899482600000056e+01,0.000000000000000000e+00,5.274899482600000056e+01
1.409412362399999985e+01,-3.776999169399999801e+01,0.000000000000000000e+00,3.776999169399999801e+01,-4.885226983700000147e+01,0.000000000000000000e+00,4.885226983700000147e+01
1.411414354399999915e+01,-3.751548489200000347e+01,0.000000000000000000e+00,3.751548489200000347e+01,-4.668251774800000220e+01,0.000000000000000000e+00,4.668251774800000220e+01
1.413416346300000015e+01,-3.742151810800000078e+01,0.000000000000000000e+00,3.742151810800000078e+01,-4.526114814799999664e+01,0.000000000000000000e+00,4.526114814799999664e+01
1.415418338299999945e+01,-3.760124819300000354e+01,0.000000000000000000e+00,3.760124819300000354e+01,-4.335845468600000174e+01,0.000000000000000000e+00,4.335845468600000174e+01
1.417420330300000053e+01,-3.820892367700000136e+01,0.000000000000000000e+00,3.820892367700000136e+01,-4.206578062700000231e+01,0.000000000000000000e+00,4.206578062700000231e+01
1.419422322299999983e+01,-3.820274123299999758e+01,0.000000000000000000e+00,3.820274123299999758e+01,-4.103115739300000087e+01,0.000000000000000000e+00,4.103115739300000087e+01
1.421424314299999914e+01,-3.806599032799999804e+01,0.000000000000000000e+00,3.806599032799999804e+01,-3.954331513900000061e+01,0.000000000000000000e+00,3.954331513900000061e+01
1.423426306300000022e+01,-3.873481949399999991e+01,0.000000000000000000e+00,3.873481949399999991e+01,-3.884493562499999797e+01,0.000000000000000000e+00,3.884493562499999797e+01
1.425428298299999952e+01,-3.887503173799999701e+01,0.000000000000000000e+00,3.887503173799999701e+01,-3.823527818099999820e+01,0.000000000000000000e+00,3.823527818099999820e+01
1.427430290300000060e+01,-3.877081286899999668e+01,0.000000000000000000e+00,3.877081286899999668e+01,-3.750747942299999949e+01,0.000000000000000000e+00,3.750747942299999949e+01
1.429432282299999990e+01,-3.924253103699999912e+01,0.000000000000000000e+00,3.924253103699999912e+01,-3.673389368299999802e+01,0.000000000000000000e+00,3.673389368299999802e+01
1.431434274299999920e+01,-4.070229656200000079e+01,0.000000000000000000e+00,4.070229656200000079e+01,-3.606181045299999965e+01,0.000000000000000000e+00,3.606181045299999965e+01
1.433436266300000028e+01,-4.160969811100000015e+01,0.000000000000000000e+00,4.160969811100000015e+01,-3.546414035699999800e+01,0.000000000000000000e+00,3.546414035699999800e+01
1.435438258299999958e+01,-4.267623557900000009e+01,0.000000000000000000e+00,4.267623557900000009e+01,-3.494447085200000203e+01,0.000000000000000000e+00,3.494447085200000203e+01
1.437440250300000066e+01,-4.475854303599999895e+01,0.000000000000000000e+00,4.475854303599999895e+01,-3.482633131899999768e+01,0.000000000000000000e+00,3.482633131899999768e+01
1.439442242199999988e+01,-4.709037793699999952e+01,0.000000000000000000e+00,4.709037793699999952e+01,-3.471515531299999680e+01,0.000000000000000000e+00,3.471515531299999680e+01
1.441444234199999919e+01,-4.916274372800000236e+01,0.000000000000000000e+00,4.916274372800000236e+01,-3.484486372100000295e+01,0.000000000000000000e+00,3.484486372100000295e+01
1.443446226200000027e+01,-5.209865924399999670e+01,0.000000000000000000e+00,5.209865924399999670e+01,-3.511155323599999889e+01,0.000000000000000000e+00,3.511155323599999889e+01
1.445448218199999957e+01,-5.393278962899999840e+01,0.000000000000000000e+00,5.393278962899999840e+01,-3.539047198200000111e+01,0.000000000000000000e+00,3.539047198200000111e+01
1.447450210200000065e+01,-5.781678133599999825e+01,0.000000000000000000e+00,5.781678133599999825e+01,-3.558820831799999951e+01,0.000000000000000000e+00,3.558820831799999951e+01
1.449452202199999995e+01,-5.366513624800000315e+01,0.000000000000000000e+00,5.366513624800000315e+01,-3.627660978600000163e+01,0.000000000000000000e+00,3.627660978600000163e+01
1.451454194199999925e+01,-4.905256930400000215e+01,0.000000000000000000e+00,4.905256930400000215e+01,-3.684616767100000345e+01,0.000000000000000000e+00,3.684616767100000345e+01
1.453456186200000033e+01,-4.652188823000000184e+01,0.000000000000000000e+00,4.652188823000000184e+01,-3.693598940300000066e+01,0.000000000000000000e+00,3.693598940300000066e+01
1.455458178199999963e+01,-4.455646867899999819e+01,0.000000000000000000e+00,4.455646867899999819e+01,-3.745963080100000298e+01,0.000000000000000000e+00,3.745963080100000298e+01
1.457460170200000071e+01,-4.292480612500000348e+01,0.000000000000000000e+00,4.292480612500000348e+01,-3.766182584500000274e+01,0.000000000000000000e+00,3.766182584500000274e+01
1.459462162200000002e+01,-4.221451727200000192e+01,0.000000000000000000e+00,4.221451727200000192e+01,-3.750532940000000082e+01,0.000000000000000000e+00,3.750532940000000082e+01
1.461464154199999932e+01,-4.143064586799999915e+01,0.000000000000000000e+00,4.143064586799999915e+01,-3.733280906200000260e+01,0.000000000000000000e+00,3.733280906200000260e+01
1.463466146100000032e+01,-4.105487362600000267e+01,0.000000000000000000e+00,4.105487362600000267e+01,-3.712361228900000043e+01,0.000000000000000000e+00,3.712361228900000043e+01
1.465468138099999962e+01,-4.040165787899999827e+01,0.000000000000000000e+00,4.040165787899999827e+01,-3.630341750699999892e+01,0.000000000000000000e+00,3.630341750699999892e+01
1.467470130100000070e+01,-4.002490465999999714e+01,0.000000000000000000e+00,4.002490465999999714e+01,-3.530044573699999688e+01,0.000000000000000000e+00,3.530044573699999688e+01
1.469472122100000000e+01,-3.973487215800000172e+01,0.000000000000000000e+00,3.973487215800000172e+01,-3.440727700299999725e+01,0.000000000000000000e+00,3.440727700299999725e+01
1.471474114099999930e+01,-3.959748968499999933e+01,0.000000000000000000e+00,3.959748968499999933e+01,-3.373870349300000271e+01,0.000000000000000000e+00,3.373870349300000271e+01
1.473476106100000038e+01,-3.930802326399999913e+01,0.000000000000000000e+00,3.930802326399999913e+01,-3.296271581399999917e+01,0.000000000000000000e+00,3.296271581399999917e+01
1.475478098099999968e+01,-3.948245066399999814e+01,0.000000000000000000e+00,3.948245066399999814e+01,-3.241409920200000272e+01,0.000000000000000000e+00,3.241409920200000272e+01
1.477480090100000076e+01,-3.994196676499999654e+01,0.000000000000000000e+00,3.994196676499999654e+01,-3.212179196900000022e+01,0.000000000000000000e+00,3.212179196900000022e+01
1.479482082100000007e+01,-4.051991376699999847e+01,0.000000000000000000e+00,4.051991376699999847e+01,-3.188808631199999866e+01,0.000000000000000000e+00,3.188808631199999866e+01
1.481484074099999937e+01,-4.062552220100000255e+01,0.000000000000000000e+00,4.062552220100000255e+01,-3.155263195899999928e+01,0.000000000000000000e+00,3.155263195899999928e+01
1.483486066100000045e+01,-4.167755069300000059e+01,0.000000000000000000e+00,4.167755069300000059e+01,-3.141811967599999988e+01,0.000000000000000000e+00,3.141811967599999988e+01
1.485488058099999975e+01,-4.259208692200000002e+01,0.000000000000000000e+00,4.259208692200000002e+01,-3.156127536199999994e+01,0.000000000000000000e+00,3.156127536199999994e+01
1.487490050100000083e+01,-4.238546485300000199e+01,0.000000000000000000e+00,4.238546485300000199e+01,-3.145673283900000072e+01,0.000000000000000000e+00,3.145673283900000072e+01
1.489492042000000005e+01,-4.371111533300000218e+01,0.000000000000000000e+00,4.371111533300000218e+01,-3.140236795599999908e+01,0.000000000000000000e+00,3.140236795599999908e+01
1.491494033999999935e+01,-4.561029621400000167e+01,0.000000000000000000e+00,4.561029621400000167e+01,-3.134990107300000162e+01,0.000000000000000000e+00,3.134990107300000162e+01
1.493496026000000043e+01,-4.594952807300000330e+01,0.000000000000000000e+00,4.594952807300000330e+01,-3.138560636000000059e+01,0.000000000000000000e+00,3.138560636000000059e+01
1.495498017999999973e+01,-4.708627308399999833e+01,0.000000000000000000e+00,4.708627308399999833e+01,-3.132414428199999890e+01,0.000000000000000000e+00,3.132414428199999890e+01
1.497500010000000081e+01,-5.089545175800000010e+01,0.000000000000000000e+00,5.089545175800000010e+01,-3.159720147000000168e+01,0.000000000000000000e+00,3.159720147000000168e+01
1.499502002000000012e+01,-5.692252791399999978e+01,0.000000000000000000e+00,5.692252791399999978e+01,-3.176623661300000023e+01,0.000000000000000000e+00,3.176623661300000023e+01
1.501503993999999942e+01,-5.497370466999999650e+01,0.000000000000000000e+00,5.497370466999999650e+01,-3.193663448699999918e+01,0.000000000000000000e+00,3.193663448699999918e+01
1.503505986000000050e+01,-5.492934132599999941e+01,0.000000000000000000e+00,5.492934132599999941e+01,-3.224470185900000274e+01,0.000000000000000000e+00,3.224470185900000274e+01
1.505507977999999980e+01,-5.139201433499999894e+01,0.000000000000000000e+00,5.139201433499999894e+01,-3.266757649699999888e+01,0.000000000000000000e+00,3.266757649699999888e+01
1.507509970000000088e+01,-4.763028030000000257e+01,0.000000000000000000e+00,4.763028030000000257e+01,-3.292605748399999754e+01,0.000000000000000000e+00,3.292605748399999754e+01
1.509511962000000018e+01,-4.508778273200000086e+01,0.000000000000000000e+00,4.508778273200000086e+01,-3.319031176800000082e+01,0.000000000000000000e+00,3.319031176800000082e+01
1.511513953999999949e+01,-4.412249565399999796e+01,0.000000000000000000e+00,4.412249565399999796e+01,-3.349212066799999832e+01,0.000000000000000000e+00,3.349212066799999832e+01
1.513515945900000048e+01,-4.284569846099999779e+01,0.000000000000000000e+00,4.284569846099999779e+01,-3.393028352500000011e+01,0.000000000000000000e+00,3.393028352500000011e+01
1.515517937899999978e+01,-4.154346257899999983e+01,0.000000000000000000e+00,4.154346257899999983e+01,-3.398901168599999778e+01,0.000000000000000000e+00,3.398901168599999778e+01
1.517519929900000086e+01,-4.194424207099999791e+01,0.000000000000000000e+00,4.194424207099999791e+01,-3.419274575000000027e+01,0.000000000000000000e+00,3.419274575000000027e+01
1.519521921900000017e+01,-4.189568835899999755e+01,0.000000000000000000e+00,4.189568835899999755e+01,-3.458068952699999699e+01,0.000000000000000000e+00,3.458068952699999699e+01
1.521523913899999947e+01,-4.239006636799999939e+01,0.000000000000000000e+00,4.239006636799999939e+01,-3.506592055699999833e+01,0.000000000000000000e+00,3.506592055699999833e+01
1.523525905900000055e+01,-4.348810976800000105e+01,0.000000000000000000e+00,4.348810976800000105e+01,-3.535687231800000063e+01,0.000000000000000000e+00,3.535687231800000063e+01
1.525527897899999985e+01,-4.483729040099999708e+01,0.000000000000000000e+00,4.483729040099999708e+01,-3.576565797199999963e+01,0.000000000000000000e+00,3.576565797199999963e+01
1.527529889899999915e+01,-4.637700691100000228e+01,0.000000000000000000e+00,4.637700691100000228e+01,-3.630477026199999813e+01,0.000000000000000000e+00,3.630477026199999813e+01
1.529531881900000023e+01,-4.592115757599999881e+01,0.000000000000000000e+00,4.592115757599999881e+01,-3.664301941600000134e+01,0.000000000000000000e+00,3.664301941600000134e+01
1.531533873899999953e+01,-4.408921213600000044e+01,0.000000000000000000e+00,4.408921213600000044e+01,-3.663496352699999647e+01,0.000000000000000000e+00,3.663496352699999647e+01
1.533535865900000061e+01,-4.156922220100000231e+01,0.000000000000000000e+00,4.156922220100000231e+01,-3.619138376099999732e+01,0.000000000000000000e+00,3.619138376099999732e+01
1.535537857899999992e+01,-3.978962038000000234e+01,0.000000000000000000e+00,3.978962038000000234e+01,-3.556878017999999742e+01,0.000000000000000000e+00,3.556878017999999742e+01
1.537539849799999914e+01,-3.790694478999999717e+01,0.000000000000000000e+00,3.790694478999999717e+01,-3.420818844499999756e+01,0.000000000000000000e+00,3.420818844499999756e+01
1.539541841800000022e+01,-3.642007577599999735e+01,0.000000000000000000e+00,3.642007577599999735e+01,-3.305163423100000131e+01,0.000000000000000000e+00,3.305163423100000131e+01
1.541543833799999952e+01,-3.568846957499999917e+01,0.000000000000000000e+00,3.568846957499999917e+01,-3.182314698700000122e+01,0.000000000000000000e+00,3.182314698700000122e+01
1.543545825800000060e+01,-3.477702853499999947e+01,0.000000000000000000e+00,3.477702853499999947e+01,-3.095140075999999851e+01,0.000000000000000000e+00,3.095140075999999851e+01
1.545547817799999990e+01,-3.407194049400000324e+01,0.000000000000000000e+00,3.407194049400000324e+01,-3.003136382299999951e+01,0.000000000000000000e+00,3.003136382299999951e+01
1.547549809799999920e+01,-3.346120506399999783e+01,0.000000000000000000e+00,3.346120506399999783e+01,-2.914190100800000138e+01,0.000000000000000000e+00,2.914190100800000138e+01
1.549551801800000028e+01,-3.322437391599999756e+01,0.000000000000000000e+00,3.322437391599999756e+01,-2.850055808600000162e+01,0.000000000000000000e+00,2.850055808600000162e+01
1.551553793799999958e+01,-3.276853391499999901e+01,0.000000000000000000e+00,3.276853391499999901e+01,-2.811983837700000066e+01,0.000000000000000000e+00,2.811983837700000066e+01
1.553555785800000066e+01,-3.222092066700000146e+01,0.000000000000000000e+00,3.222092066700000146e+01,-2.773059658100000036e+01,0.000000000000000000e+00,2.773059658100000036e+01
1.555557777799999997e+01,-3.180155060999999961e+01,0.000000000000000000e+00,3.180155060999999961e+01,-2.752731314200000057e+01,0.000000000000000000e+00,2.752731314200000057e+01
1.557559769799999927e+01,-3.151100918199999867e+01,0.000000000000000000e+00,3.151100918199999867e+01,-2.755659619300000074e+01,0.000000000000000000e+00,2.755659619300000074e+01
1.559561761800000035e+01,-3.116290534999999906e+01,0.000000000000000000e+00,3.116290534999999906e+01,-2.759865212500000098e+01,0.000000000000000000e+00,2.759865212500000098e+01
1.561563753799999965e+01,-3.074003318200000123e+01,0.000000000000000000e+00,3.074003318200000123e+01,-2.752738896299999993e+01,0.000000000000000000e+00,2.752738896299999993e+01
1.563565745700000065e+01,-3.047465237799999827e+01,0.000000000000000000e+00,3.047465237799999827e+01,-2.779171615399999951e+01,0.000000000000000000e+00,2.779171615399999951e+01
1.565567737699999995e+01,-3.026596684200000098e+01,0.000000000000000000e+00,3.026596684200000098e+01,-2.802834044400000124e+01,0.000000000000000000e+00,2.802834044400000124e+01
1.567569729699999925e+01,-3.025483908700000057e+01,0.000000000000000000e+00,3.025483908700000057e+01,-2.823869296799999873e+01,0.000000000000000000e+00,2.823869296799999873e+01
1.569571721700000033e+01,-3.008057732900000047e+01,0.000000000000000000e+00,3.008057732900000047e+01,-2.845317246800000177e+01,0.000000000000000000e+00,2.845317246800000177e+01
1.571573713699999963e+01,-2.988922632699999937e+01,0.000000000000000000e+00,2.988922632699999937e+01,-2.859518765600000023e+01,0.000000000000000000e+00,2.859518765600000023e+01
1.573575705700000071e+01,-3.025913307400000107e+01,0.000000000000000000e+00,3.025913307400000107e+01,-2.855635293199999936e+01,0.000000000000000000e+00,2.855635293199999936e+01
1.575577697700000002e+01,-3.063231791100000123e+01,0.000000000000000000e+00,3.063231791100000123e+01,-2.841215011299999915e+01,0.000000000000000000e+00,2.841215011299999915e+01
1.577579689699999932e+01,-3.083796907199999993e+01,0.000000000000000000e+00,3.083796907199999993e+01,-2.814431973900000017e+01,0.000000000000000000e+00,2.814431973900000017e+01
1.579581681700000040e+01,-3.095298558300000025e+01,0.000000000000000000e+00,3.095298558300000025e+01,-2.773964264199999974e+01,0.000000000000000000e+00,2.773964264199999974e+01
1.581583673699999970e+01,-3.159985227900000027e+01,0.000000000000000000e+00,3.159985227900000027e+01,-2.752280507600000092e+01,0.000000000000000000e+00,2.752280507600000092e+01
1.583585665700000078e+01,-3.204631092900000056e+01,0.000000000000000000e+00,3.204631092900000056e+01,-2.745572198500000027e+01,0.000000000000000000e+00,2.745572198500000027e+01
1.585587657700000008e+01,-3.209222129300000148e+01,0.000000000000000000e+00,3.209222129300000148e+01,-2.746393395000000126e+01,0.000000000000000000e+00,2.746393395000000126e+01
1.587589649599999930e+01,-3.184935413499999868e+01,0.000000000000000000e+00,3.184935413499999868e+01,-2.768873001000000045e+01,0.000000000000000000e+00,2.768873001000000045e+01
1.589591641600000038e+01,-3.189003939899999907e+01,0.000000000000000000e+00,3.189003939899999907e+01,-2.805064301299999840e+01,0.000000000000000000e+00,2.805064301299999840e+01
1.591593633599999968e+01,-3.157541020900000106e+01,0.000000000000000000e+00,3.157541020900000106e+01,-2.827263654900000134e+01,0.000000000000000000e+00,2.827263654900000134e+01
1.593595625600000076e+01,-3.133009050100000081e+01,0.000000000000000000e+00,3.133009050100000081e+01,-2.856077527000000060e+01,0.000000000000000000e+00,2.856077527000000060e+01
1.595597617600000007e+01,-3.120754535200000035e+01,0.000000000000000000e+00,3.120754535200000035e+01,-2.916247566699999894e+01,0.000000000000000000e+00,2.916247566699999894e+01
1.597599609599999937e+01,-3.109947317800000022e+01,0.000000000000000000e+00,3.109947317800000022e+01,-2.939362746799999826e+01,0.000000000000000000e+00,2.939362746799999826e+01
1.599601601600000045e+01,-3.121073880399999823e+01,0.000000000000000000e+00,3.121073880399999823e+01,-2.969395112999999853e+01,0.000000000000000000e+00,2.969395112999999853e+01
1.601603593600000153e+01,-3.117956041600000106e+01,0.000000000000000000e+00,3.117956041600000106e+01,-2.999749789199999839e+01,0.000000000000000000e+00,2.999749789199999839e+01
1.603605585600000083e+01,-3.118154806300000104e+01,0.000000000000000000e+00,3.118154806300000104e+01,-2.992555343600000128e+01,0.000000000000000000e+00,2.992555343600000128e+01
1.605607577600000013e+01,-3.104220570800000090e+01,0.000000000000000000e+00,3.104220570800000090e+01,-2.974869757700000150e+01,0.000000000000000000e+00,2.974869757700000150e+01
1.607609569599999944e+01,-3.062957147899999910e+01,0.000000000000000000e+00,3.062957147899999910e+01,-2.956135118599999956e+01,0.000000000000000000e+00,2.956135118599999956e+01
1.609611561599999874e+01,-2.995289985300000168e+01,0.000000000000000000e+00,2.995289985300000168e+01,-2.925487064900000078e+01,0.000000000000000000e+00,2.925487064900000078e+01
1.611613553600000159e+01,-2.946215002199999944e+01,0.000000000000000000e+00,2.946215002199999944e+01,-2.886372171500000050e+01,0.000000000000000000e+00,2.886372171500000050e+01
1.613615545500000081e+01,-2.902710285199999873e+01,0.000000000000000000e+00,2.902710285199999873e+01,-2.864902379000000110e+01,0.000000000000000000e+00,2.864902379000000110e+01
1.615617537500000012e+01,-2.863149873500000098e+01,0.000000000000000000e+00,2.863149873500000098e+01,-2.824178950499999985e+01,0.000000000000000000e+00,2.824178950499999985e+01
1.617619529499999942e+01,-2.825081317000000070e+01,0.000000000000000000e+00,2.825081317000000070e+01,-2.797452909900000151e+01,0.000000000000000000e+00,2.797452909900000151e+01
1.619621521499999872e+01,-2.812000168599999839e+01,0.000000000000000000e+00,2.812000168599999839e+01,-2.775052377900000167e+01,0.000000000000000000e+00,2.775052377900000167e+01
1.621623513500000158e+01,-2.796732595699999990e+01,0.000000000000000000e+00,2.796732595699999990e+01,-2.753434793699999972e+01,0.000000000000000000e+00,2.753434793699999972e+01
1.623625505500000088e+01,-2.782766038200000125e+01,0.000000000000000000e+00,2.782766038200000125e+01,-2.736227747999999949e+01,0.000000000000000000e+00,2.736227747999999949e+01
1.625627497500000018e+01,-2.802253514699999926e+01,0.000000000000000000e+00,2.802253514699999926e+01,-2.728123339700000116e+01,0.000000000000000000e+00,2.728123339700000116e+01
1.627629489499999949e+01,-2.825479595099999841e+01,0.000000000000000000e+00,2.825479595099999841e+01,-2.733657276699999983e+01,0.000000000000000000e+00,2.733657276699999983e+01
1.629631481499999879e+01,-2.905184476299999830e+01,0.000000000000000000e+00,2.905184476299999830e+01,-2.792785450199999886e+01,0.000000000000000000e+00,2.792785450199999886e+01
1.631633473500000164e+01,-3.079377947100000057e+01,0.000000000000000000e+00,3.079377947100000057e+01,-3.024254327399999909e+01,0.000000000000000000e+00,3.024254327399999909e+01
1.633635465500000095e+01,-3.219227624100000185e+01,0.000000000000000000e+00,3.219227624100000185e+01,-3.381867079900000306e+01,0.000000000000000000e+00,3.381867079900000306e+01
1.635637457500000025e+01,-3.166643850499999857e+01,0.000000000000000000e+00,3.166643850499999857e+01,-3.431345279300000328e+01,0.000000000000000000e+00,3.431345279300000328e+01
1.637639449399999947e+01,-3.146133443900000159e+01,0.000000000000000000e+00,3.146133443900000159e+01,-3.393781212900000099e+01,0.000000000000000000e+00,3.393781212900000099e+01
1.639641441399999877e+01,-3.111424682899999894e+01,0.000000000000000000e+00,3.111424682899999894e+01,-3.319735120299999664e+01,0.000000000000000000e+00,3.319735120299999664e+01
1.641643433400000163e+01,-3.072618386599999951e+01,0.000000000000000000e+00,3.072618386599999951e+01,-3.229755222600000053e+01,0.000000000000000000e+00,3.229755222600000053e+01
1.643645425400000093e+01,-3.029176960199999868e+01,0.000000000000000000e+00,3.029176960199999868e+01,-3.104761951600000103e+01,0.000000000000000000e+00,3.104761951600000103e+01
1.645647417400000023e+01,-2.951013256399999918e+01,0.000000000000000000e+00,2.951013256399999918e+01,-2.981038240999999900e+01,0.000000000000000000e+00,2.981038240999999900e+01
1.647649409399999954e+01,-2.895311160299999997e+01,0.000000000000000000e+00,2.895311160299999997e+01,-2.903329130099999844e+01,0.000000000000000000e+00,2.903329130099999844e+01
1.649651401399999884e+01,-2.855358572200000111e+01,0.000000000000000000e+00,2.855358572200000111e+01,-2.868988866500000157e+01,0.000000000000000000e+00,2.868988866500000157e+01
1.651653393400000169e+01,-2.850849086599999893e+01,0.000000000000000000e+00,2.850849086599999893e+01,-2.869663270199999872e+01,0.000000000000000000e+00,2.869663270199999872e+01
1.653655385400000100e+01,-2.840047602499999968e+01,0.000000000000000000e+00,2.840047602499999968e+01,-2.842082557299999834e+01,0.000000000000000000e+00,2.842082557299999834e+01
1.655657377400000030e+01,-2.819108226099999825e+01,0.000000000000000000e+00,2.819108226099999825e+01,-2.750915877499999951e+01,0.000000000000000000e+00,2.750915877499999951e+01
1.657659369399999960e+01,-2.775804682300000081e+01,0.000000000000000000e+00,2.775804682300000081e+01,-2.650188187199999845e+01,0.000000000000000000e+00,2.650188187199999845e+01
1.659661361399999890e+01,-2.733458889399999947e+01,0.000000000000000000e+00,2.733458889399999947e+01,-2.542187870200000077e+01,0.000000000000000000e+00,2.542187870200000077e+01
1.661663353400000176e+01,-2.654451893699999943e+01,0.000000000000000000e+00,2.654451893699999943e+01,-2.455008951099999948e+01,0.000000000000000000e+00,2.455008951099999948e+01
1.663665345300000098e+01,-2.591339515900000023e+01,0.000000000000000000e+00,2.591339515900000023e+01,-2.407068713399999993e+01,0.000000000000000000e+00,2.407068713399999993e+01
1.665667337300000028e+01,-2.546822565800000149e+01,0.000000000000000000e+00,2.546822565800000149e+01,-2.377366192699999914e+01,0.000000000000000000e+00,2.377366192699999914e+01
1.667669329299999958e+01,-2.515546335200000172e+01,0.000000000000000000e+00,2.515546335200000172e+01,-2.353898351000000133e+01,0.000000000000000000e+00,2.353898351000000133e+01
1.669671321299999889e+01,-2.498127313599999866e+01,0.000000000000000000e+00,2.498127313599999866e+01,-2.360302622900000102e+01,0.000000000000000000e+00,2.360302622900000102e+01
1.671673313300000174e+01,-2.483798541599999865e+01,0.000000000000000000e+00,2.483798541599999865e+01,-2.385893278100000003e+01,0.000000000000000000e+00,2.385893278100000003e+01
1.673675305300000105e+01,-2.478045909200000096e+01,0.000000000000000000e+00,2.478045909200000096e+01,-2.396547387000000029e+01,0.000000000000000000e+00,2.396547387000000029e+01
1.675677297300000035e+01,-2.471570316800000100e+01,0.000000000000000000e+00,2.471570316800000100e+01,-2.414749966300000139e+01,0.000000000000000000e+00,2.414749966300000139e+01
1.677679289299999965e+01,-2.470817721899999952e+01,0.000000000000000000e+00,2.470817721899999952e+01,-2.429578135699999919e+01,0.000000000000000000e+00,2.429578135699999919e+01
1.679681281299999895e+01,-2.461863083100000082e+01,0.000000000000000000e+00,2.461863083100000082e+01,-2.431170601099999828e+01,0.000000000000000000e+00,2.431170601099999828e+01
1.681683273299999826e+01,-2.460501346399999889e+01,0.000000000000000000e+00,2.460501346399999889e+01,-2.428365455100000148e+01,0.000000000000000000e+00,2.428365455100000148e+01
1.683685265300000111e+01,-2.464271696599999828e+01,0.000000000000000000e+00,2.464271696599999828e+01,-2.427481551600000031e+01,0.000000000000000000e+00,2.427481551600000031e+01
1.685687257300000041e+01,-2.466843167200000053e+01,0.000000000000000000e+00,2.466843167200000053e+01,-2.419045871399999825e+01,0.000000000000000000e+00,2.419045871399999825e+01
1.687689249199999963e+01,-2.474052723300000167e+01,0.000000000000000000e+00,2.474052723300000167e+01,-2.408463912799999918e+01,0.000000000000000000e+00,2.408463912799999918e+01
1.689691241199999894e+01,-2.476155649300000050e+01,0.000000000000000000e+00,2.476155649300000050e+01,-2.395841482799999866e+01,0.000000000000000000e+00,2.395841482799999866e+01
1.691693233199999824e+01,-2.458440557799999837e+01,0.000000000000000000e+00,2.458440557799999837e+01,-2.371592532700000078e+01,0.000000000000000000e+00,2.371592532700000078e+01
1.693695225200000110e+01,-2.455893236700000060e+01,0.000000000000000000e+00,2.455893236700000060e+01,-2.346123190999999863e+01,0.000000000000000000e+00,2.346123190999999863e+01
1.695697217200000040e+01,-2.454582063000000147e+01,0.000000000000000000e+00,2.454582063000000147e+01,-2.325201134699999983e+01,0.000000000000000000e+00,2.325201134699999983e+01
1.697699209199999970e+01,-2.448837532099999947e+01,0.000000000000000000e+00,2.448837532099999947e+01,-2.300584283199999902e+01,0.000000000000000000e+00,2.300584283199999902e+01
1.699701201199999900e+01,-2.446332002300000141e+01,0.000000000000000000e+00,2.446332002300000141e+01,-2.282129681099999985e+01,0.000000000000000000e+00,2.282129681099999985e+01
1.701703193199999831e+01,-2.467968759700000092e+01,0.000000000000000000e+00,2.467968759700000092e+01,-2.268226924500000052e+01,0.000000000000000000e+00,2.268226924500000052e+01
1.703705185200000116e+01,-2.493277371599999981e+01,0.000000000000000000e+00,2.493277371599999981e+01,-2.256368373800000171e+01,0.000000000000000000e+00,2.256368373800000171e+01
1.705707177200000046e+01,-2.516516493299999979e+01,0.000000000000000000e+00,2.516516493299999979e+01,-2.251067859300000151e+01,0.000000000000000000e+00,2.251067859300000151e+01
1.707709169199999977e+01,-2.563038781599999894e+01,0.000000000000000000e+00,2.563038781599999894e+01,-2.253339859800000156e+01,0.000000000000000000e+00,2.253339859800000156e+01
1.709711161199999907e+01,-2.623090945099999871e+01,0.000000000000000000e+00,2.623090945099999871e+01,-2.260273352500000144e+01,0.000000000000000000e+00,2.260273352500000144e+01
1.711713153199999837e+01,-2.660762147499999841e+01,0.000000000000000000e+00,2.660762147499999841e+01,-2.262706625899999935e+01,0.000000000000000000e+00,2.262706625899999935e+01
1.713715145100000115e+01,-2.716812013299999862e+01,0.000000000000000000e+00,2.716812013299999862e+01,-2.283480574300000043e+01,0.000000000000000000e+00,2.283480574300000043e+01
1.715717137100000045e+01,-2.748617055300000089e+01,0.000000000000000000e+00,2.748617055300000089e+01,-2.306005458399999952e+01,0.000000000000000000e+00,2.306005458399999952e+01
1.717719129099999975e+01,-2.752139607699999857e+01,0.000000000000000000e+00,2.752139607699999857e+01,-2.317953111099999930e+01,0.000000000000000000e+00,2.317953111099999930e+01
1.719721121099999905e+01,-2.738946399399999976e+01,0.000000000000000000e+00,2.738946399399999976e+01,-2.341048716899999960e+01,0.000000000000000000e+00,2.341048716899999960e+01
1.721723113099999836e+01,-2.701855852299999938e+01,0.000000000000000000e+00,2.701855852299999938e+01,-2.355428833299999880e+01,0.000000000000000000e+00,2.355428833299999880e+01
1.723725105100000121e+01,-2.649510571200000086e+01,0.000000000000000000e+00,2.649510571200000086e+01,-2.354208066500000029e+01,0.000000000000000000e+00,2.354208066500000029e+01
1.725727097100000051e+01,-2.591610713900000107e+01,0.000000000000000000e+00,2.591610713900000107e+01,-2.364282846000000049e+01,0.000000000000000000e+00,2.364282846000000049e+01
1.727729089099999982e+01,-2.540743935700000122e+01,0.000000000000000000e+00,2.540743935700000122e+01,-2.374800704300000120e+01,0.000000000000000000e+00,2.374800704300000120e+01
1.729731081099999912e+01,-2.485667095999999887e+01,0.000000000000000000e+00,2.485667095999999887e+01,-2.372266512299999874e+01,0.000000000000000000e+00,2.372266512299999874e+01
1.731733073099999842e+01,-2.450609587099999942e+01,0.000000000000000000e+00,2.450609587099999942e+01,-2.371917044299999944e+01,0.000000000000000000e+00,2.371917044299999944e+01
1.733735065100000128e+01,-2.422261482600000093e+01,0.000000000000000000e+00,2.422261482600000093e+01,-2.372018172099999944e+01,0.000000000000000000e+00,2.372018172099999944e+01
1.735737057100000058e+01,-2.372322076100000032e+01,0.000000000000000000e+00,2.372322076100000032e+01,-2.358224655500000111e+01,0.000000000000000000e+00,2.358224655500000111e+01
1.737739048999999980e+01,-2.323226938399999852e+01,0.000000000000000000e+00,2.323226938399999852e+01,-2.346358970900000074e+01,0.000000000000000000e+00,2.346358970900000074e+01
1.739741040999999910e+01,-2.290337575099999867e+01,0.000000000000000000e+00,2.290337575099999867e+01,-2.335154980600000130e+01,0.000000000000000000e+00,2.335154980600000130e+01
1.741743032999999841e+01,-2.237346288000000172e+01,0.000000000000000000e+00,2.237346288000000172e+01,-2.322233439100000041e+01,0.000000000000000000e+00,2.322233439100000041e+01
1.743745025000000126e+01,-2.181253670599999950e+01,0.000000000000000000e+00,2.181253670599999950e+01,-2.291731327200000123e+01,0.000000000000000000e+00,2.291731327200000123e+01
1.745747017000000056e+01,-2.152651743799999906e+01,0.000000000000000000e+00,2.152651743799999906e+01,-2.276819898500000150e+01,0.000000000000000000e+00,2.276819898500000150e+01
1.747749008999999987e+01,-2.120556090999999910e+01,0.000000000000000000e+00,2.120556090999999910e+01,-2.256694196400000152e+01,0.000000000000000000e+00,2.256694196400000152e+01
1.749751000999999917e+01,-2.084728435399999924e+01,0.000000000000000000e+00,2.084728435399999924e+01,-2.222616061200000104e+01,0.000000000000000000e+00,2.222616061200000104e+01
1.751752992999999847e+01,-2.067848290499999919e+01,0.000000000000000000e+00,2.067848290499999919e+01,-2.198328185600000140e+01,0.000000000000000000e+00,2.198328185600000140e+01
1.753754985000000133e+01,-2.057245869400000160e+01,0.000000000000000000e+00,2.057245869400000160e+01,-2.187351657099999969e+01,0.000000000000000000e+00,2.187351657099999969e+01
1.755756977000000063e+01,-2.034315145000000058e+01,0.000000000000000000e+00,2.034315145000000058e+01,-2.169680923800000016e+01,0.000000000000000000e+00,2.169680923800000016e+01
1.757758968999999993e+01,-2.026429205100000175e+01,0.000000000000000000e+00,2.026429205100000175e+01,-2.148396720099999868e+01,0.000000000000000000e+00,2.148396720099999868e+01
1.759760960999999924e+01,-2.027712931699999999e+01,0.000000000000000000e+00,2.027712931699999999e+01,-2.141939985699999838e+01,0.000000000000000000e+00,2.141939985699999838e+01
1.761762952999999854e+01,-2.013705816299999896e+01,0.000000000000000000e+00,2.013705816299999896e+01,-2.128582671599999898e+01,0.000000000000000000e+00,2.128582671599999898e+01
1.763764944900000131e+01,-1.996654020000000074e+01,0.000000000000000000e+00,1.996654020000000074e+01,-2.113301282899999833e+01,0.000000000000000000e+00,2.113301282899999833e+01
1.765766936900000061e+01,-1.987821491300000076e+01,0.000000000000000000e+00,1.987821491300000076e+01,-2.114984482599999893e+01,0.000000000000000000e+00,2.114984482599999893e+01
1.767768928899999992e+01,-1.964000900499999958e+01,0.000000000000000000e+00,1.964000900499999958e+01,-2.118069660500000140e+01,0.000000000000000000e+00,2.118069660500000140e+01
1.769770920899999922e+01,-1.937279371200000000e+01,0.000000000000000000e+00,1.937279371200000000e+01,-2.121524505100000013e+01,0.000000000000000000e+00,2.121524505100000013e+01
1.771772912899999852e+01,-1.932275626599999896e+01,0.000000000000000000e+00,1.932275626599999896e+01,-2.144492078600000085e+01,0.000000000000000000e+00,2.144492078600000085e+01
1.773774904900000138e+01,-1.926370564899999849e+01,0.000000000000000000e+00,1.926370564899999849e+01,-2.169909848200000013e+01,0.000000000000000000e+00,2.169909848200000013e+01
1.775776896900000068e+01,-1.917407182499999863e+01,0.000000000000000000e+00,1.917407182499999863e+01,-2.186408721300000124e+01,0.000000000000000000e+00,2.186408721300000124e+01
1.777778888899999998e+01,-1.927834684400000143e+01,0.000000000000000000e+00,1.927834684400000143e+01,-2.213488139900000107e+01,0.000000000000000000e+00,2.213488139900000107e+01
1.779780880899999929e+01,-1.933953783600000165e+01,0.000000000000000000e+00,1.933953783600000165e+01,-2.237507490699999835e+01,0.000000000000000000e+00,2.237507490699999835e+01
1.781782872899999859e+01,-1.935037809499999995e+01,0.000000000000000000e+00,1.935037809499999995e+01,-2.239911486800000162e+01,0.000000000000000000e+00,2.239911486800000162e+01
1.783784864900000144e+01,-1.956354054099999829e+01,0.000000000000000000e+00,1.956354054099999829e+01,-2.250275428500000174e+01,0.000000000000000000e+00,2.250275428500000174e+01
1.785786856900000075e+01,-1.982013735399999987e+01,0.000000000000000000e+00,1.982013735399999987e+01,-2.262216218900000086e+01,0.000000000000000000e+00,2.262216218900000086e+01
1.787788848799999997e+01,-2.000659063499999846e+01,0.000000000000000000e+00,2.000659063499999846e+01,-2.261138671200000161e+01,0.000000000000000000e+00,2.261138671200000161e+01
1.789790840799999927e+01,-2.034972715299999990e+01,0.000000000000000000e+00,2.034972715299999990e+01,-2.259827577100000084e+01,0.000000000000000000e+00,2.259827577100000084e+01
1.791792832799999857e+01,-2.069190843000000157e+01,0.000000000000000000e+00,2.069190843000000157e+01,-2.271873798800000088e+01,0.000000000000000000e+00,2.271873798800000088e+01
1.793794824800000143e+01,-2.082785836100000054e+01,0.000000000000000000e+00,2.082785836100000054e+01,-2.271853529699999896e+01,0.000000000000000000e+00,2.271853529699999896e+01
1.795796816800000073e+01,-2.110717892399999940e+01,0.000000000000000000e+00,2.110717892399999940e+01,-2.279536204000000055e+01,0.000000000000000000e+00,2.279536204000000055e+01
1.797798808800000003e+01,-2.143212346800000034e+01,0.000000000000000000e+00,2.143212346800000034e+01,-2.303849073900000022e+01,0.000000000000000000e+00,2.303849073900000022e+01
1.799800800799999934e+01,-2.162164303200000148e+01,0.000000000000000000e+00,2.162164303200000148e+01,-2.320926445999999999e+01,0.000000000000000000e+00,2.320926445999999999e+01
1.801802792799999864e+01,-2.183931520999999876e+01,0.000000000000000000e+00,2.183931520999999876e+01,-2.351939789800000113e+01,0.000000000000000000e+00,2.351939789800000113e+01
1.803804784800000149e+01,-2.220324974000000040e+01,0.000000000000000000e+00,2.220324974000000040e+01,-2.387685959599999919e+01,0.000000000000000000e+00,2.387685959599999919e+01
1.805806776800000080e+01,-2.229568432800000011e+01,0.000000000000000000e+00,2.229568432800000011e+01,-2.396726246300000085e+01,0.000000000000000000e+00,2.396726246300000085e+01
1.807808768800000010e+01,-2.245988992699999898e+01,0.000000000000000000e+00,2.245988992699999898e+01,-2.399090364399999942e+01,0.000000000000000000e+00,2.399090364399999942e+01
1.809810760799999940e+01,-2.264953357799999978e+01,0.000000000000000000e+00,2.264953357799999978e+01,-2.404326066200000156e+01,0.000000000000000000e+00,2.404326066200000156e+01
1.811812752799999870e+01,-2.267759355000000099e+01,0.000000000000000000e+00,2.267759355000000099e+01,-2.385316702800000144e+01,0.000000000000000000e+00,2.385316702800000144e+01
1.813814744700000148e+01,-2.259820347799999851e+01,0.000000000000000000e+00,2.259820347799999851e+01,-2.361846720100000141e+01,0.000000000000000000e+00,2.361846720100000141e+01
1.815816736700000078e+01,-2.271023825199999990e+01,0.000000000000000000e+00,2.271023825199999990e+01,-2.352942747000000168e+01,0.000000000000000000e+00,2.352942747000000168e+01
1.817818728700000008e+01,-2.262926039899999964e+01,0.000000000000000000e+00,2.262926039899999964e+01,-2.338162274300000121e+01,0.000000000000000000e+00,2.338162274300000121e+01
1.819820720699999939e+01,-2.255799101099999859e+01,0.000000000000000000e+00,2.255799101099999859e+01,-2.336683283700000047e+01,0.000000000000000000e+00,2.336683283700000047e+01
1.821822712699999869e+01,-2.284147211799999866e+01,0.000000000000000000e+00,2.284147211799999866e+01,-2.354476633499999849e+01,0.000000000000000000e+00,2.354476633499999849e+01
1.823824704700000154e+01,-2.312452663699999889e+01,0.000000000000000000e+00,2.312452663699999889e+01,-2.376766619200000008e+01,0.000000000000000000e+00,2.376766619200000008e+01
1.825826696700000085e+01,-2.325267362700000007e+01,0.000000000000000000e+00,2.325267362700000007e+01,-2.392520670400000071e+01,0.000000000000000000e+00,2.392520670400000071e+01
1.827828688700000015e+01,-2.365242723000000069e+01,0.000000000000000000e+00,2.365242723000000069e+01,-2.415694652099999828e+01,0.000000000000000000e+00,2.415694652099999828e+01
1.829830680699999945e+01,-2.406952649400000155e+01,0.000000000000000000e+00,2.406952649400000155e+01,-2.437099810799999844e+01,0.000000000000000000e+00,2.437099810799999844e+01
1.831832672699999875e+01,-2.411847604800000155e+01,0.000000000000000000e+00,2.411847604800000155e+01,-2.448634299700000128e+01,0.000000000000000000e+00,2.448634299700000128e+01
1.833834664700000161e+01,-2.431502651599999965e+01,0.000000000000000000e+00,2.431502651599999965e+01,-2.466230752399999915e+01,0.000000000000000000e+00,2.466230752399999915e+01
1.835836656700000091e+01,-2.439282970700000064e+01,0.000000000000000000e+00,2.439282970700000064e+01,-2.490046866499999823e+01,0.000000000000000000e+00,2.490046866499999823e+01
1.837838648600000013e+01,-2.417949211999999903e+01,0.000000000000000000e+00,2.417949211999999903e+01,-2.493438291400000040e+01,0.000000000000000000e+00,2.493438291400000040e+01
1.839840640599999944e+01,-2.407128160099999903e+01,0.000000000000000000e+00,2.407128160099999903e+01,-2.489801736300000101e+01,0.000000000000000000e+00,2.489801736300000101e+01
1.841842632599999874e+01,-2.412654960600000109e+01,0.000000000000000000e+00,2.412654960600000109e+01,-2.516977403099999933e+01,0.000000000000000000e+00,2.516977403099999933e+01
1.843844624600000159e+01,-2.409570820500000110e+01,0.000000000000000000e+00,2.409570820500000110e+01,-2.531805836099999851e+01,0.000000000000000000e+00,2.531805836099999851e+01
1.845846616600000090e+01,-2.405737132399999822e+01,0.000000000000000000e+00,2.405737132399999822e+01,-2.526847724099999937e+01,0.000000000000000000e+00,2.526847724099999937e+01
1.847848608600000020e+01,-2.415279463599999943e+01,0.000000000000000000e+00,2.415279463599999943e+01,-2.558733399999999847e+01,0.000000000000000000e+00,2.558733399999999847e+01
1.849850600599999950e+01,-2.422080016299999983e+01,0.000000000000000000e+00,2.422080016299999983e+01,-2.569775791200000015e+01,0.000000000000000000e+00,2.569775791200000015e+01
1.851852592599999880e+01,-2.422736280499999850e+01,0.000000000000000000e+00,2.422736280499999850e+01,-2.571306675800000008e+01,0.000000000000000000e+00,2.571306675800000008e+01
1.853854584600000166e+01,-2.449194958100000008e+01,0.000000000000000000e+00,2.449194958100000008e+01,-2.579422005099999993e+01,0.000000000000000000e+00,2.579422005099999993e+01
1.855856576600000096e+01,-2.457819321799999912e+01,0.000000000000000000e+00,2.457819321799999912e+01,-2.592793278799999968e+01,0.000000000000000000e+00,2.592793278799999968e+01
1.857858568600000027e+01,-2.460679490900000133e+01,0.000000000000000000e+00,2.460679490900000133e+01,-2.579333973099999966e+01,0.000000000000000000e+00,2.579333973099999966e+01
1.859860560599999957e+01,-2.476732683499999865e+01,0.000000000000000000e+00,2.476732683499999865e+01,-2.584664141800000081e+01,0.000000000000000000e+00,2.584664141800000081e+01
1.861862552599999887e+01,-2.483735965099999987e+01,0.000000000000000000e+00,2.483735965099999987e+01,-2.566771576700000068e+01,0.000000000000000000e+00,2.566771576700000068e+01
1.863864544500000164e+01,-2.474330287500000125e+01,0.000000000000000000e+00,2.474330287500000125e+01,-2.540062344300000063e+01,0.000000000000000000e+00,2.540062344300000063e+01
1.865866536500000095e+01,-2.486857946699999999e+01,0.000000000000000000e+00,2.486857946699999999e+01,-2.524367362199999931e+01,0.000000000000000000e+00,2.524367362199999931e+01
1.867868528500000025e+01,-2.504239404300000160e+01,0.000000000000000000e+00,2.504239404300000160e+01,-2.489434263500000100e+01,0.000000000000000000e+00,2.489434263500000100e+01
1.869870520499999955e+01,-2.515275073899999825e+01,0.000000000000000000e+00,2.515275073899999825e+01,-2.449364238300000096e+01,0.000000000000000000e+00,2.449364238300000096e+01
1.871872512499999885e+01,-2.551573321000000050e+01,0.000000000000000000e+00,2.551573321000000050e+01,-2.422843901199999905e+01,0.000000000000000000e+00,2.422843901199999905e+01
1.873874504500000171e+01,-2.594768004899999880e+01,0.000000000000000000e+00,2.594768004899999880e+01,-2.422410409400000120e+01,0.000000000000000000e+00,2.422410409400000120e+01
1.875876496500000101e+01,-2.609699082799999914e+01,0.000000000000000000e+00,2.609699082799999914e+01,-2.398641132399999876e+01,0.000000000000000000e+00,2.398641132399999876e+01
1.877878488500000032e+01,-2.627019741000000153e+01,0.000000000000000000e+00,2.627019741000000153e+01,-2.381673462399999863e+01,0.000000000000000000e+00,2.381673462399999863e+01
1.879880480499999962e+01,-2.643260586999999973e+01,0.000000000000000000e+00,2.643260586999999973e+01,-2.411116925199999983e+01,0.000000000000000000e+00,2.411116925199999983e+01
1.881882472499999892e+01,-2.610934247300000166e+01,0.000000000000000000e+00,2.610934247300000166e+01,-2.423188046199999945e+01,0.000000000000000000e+00,2.423188046199999945e+01
1.883884464500000178e+01,-2.577971586900000034e+01,0.000000000000000000e+00,2.577971586900000034e+01,-2.419798435099999878e+01,0.000000000000000000e+00,2.419798435099999878e+01
1.885886456500000108e+01,-2.564321505299999870e+01,0.000000000000000000e+00,2.564321505299999870e+01,-2.449302091999999931e+01,0.000000000000000000e+00,2.449302091999999931e+01
1.887888448400000030e+01,-2.522839805999999996e+01,0.000000000000000000e+00,2.522839805999999996e+01,-2.482330657500000015e+01,0.000000000000000000e+00,2.482330657500000015e+01
1.889890440399999960e+01,-2.484134942500000065e+01,0.000000000000000000e+00,2.484134942500000065e+01,-2.508618089499999826e+01,0.000000000000000000e+00,2.508618089499999826e+01
1.891892432399999890e+01,-2.478847315399999829e+01,0.000000000000000000e+00,2.478847315399999829e+01,-2.557762301200000010e+01,0.000000000000000000e+00,2.557762301200000010e+01
1.893894424400000176e+01,-2.467485806399999859e+01,0.000000000000000000e+00,2.467485806399999859e+01,-2.623746049300000038e+01,0.000000000000000000e+00,2.623746049300000038e+01
1.895896416400000106e+01,-2.451104499099999856e+01,0.000000000000000000e+00,2.451104499099999856e+01,-2.686035731400000159e+01,0.000000000000000000e+00,2.686035731400000159e+01
1.897898408400000037e+01,-2.464218447600000061e+01,0.000000000000000000e+00,2.464218447600000061e+01,-2.792509599699999967e+01,0.000000000000000000e+00,2.792509599699999967e+01
1.899900400399999967e+01,-2.487772685799999905e+01,0.000000000000000000e+00,2.487772685799999905e+01,-2.900528859199999943e+01,0.000000000000000000e+00,2.900528859199999943e+01
1.901902392399999897e+01,-2.500883752500000057e+01,0.000000000000000000e+00,2.500883752500000057e+01,-3.019320404500000166e+01,0.000000000000000000e+00,3.019320404500000166e+01
1.903904384399999827e+01,-2.552945183599999979e+01,0.000000000000000000e+00,2.552945183599999979e+01,-3.214826205399999992e+01,0.000000000000000000e+00,3.214826205399999992e+01
1.905906376400000113e+01,-2.620959652799999873e+01,0.000000000000000000e+00,2.620959652799999873e+01,-3.389712935400000049e+01,0.000000000000000000e+00,3.389712935400000049e+01
1.907908368400000043e+01,-2.686093664499999889e+01,0.000000000000000000e+00,2.686093664499999889e+01,-3.563061852300000254e+01,0.000000000000000000e+00,3.563061852300000254e+01
1.909910360399999973e+01,-2.780861347600000144e+01,0.000000000000000000e+00,2.780861347600000144e+01,-3.831868547799999902e+01,0.000000000000000000e+00,3.831868547799999902e+01
1.911912352399999904e+01,-2.902558846999999886e+01,0.000000000000000000e+00,2.902558846999999886e+01,-4.050302993599999724e+01,0.000000000000000000e+00,4.050302993599999724e+01
1.913914344299999826e+01,-2.983792719199999866e+01,0.000000000000000000e+00,2.983792719199999866e+01,-3.984493966499999829e+01,0.000000000000000000e+00,3.984493966499999829e+01
1.915916336300000111e+01,-3.136416106000000070e+01,0.000000000000000000e+00,3.136416106000000070e+01,-3.869404474499999935e+01,0.000000000000000000e+00,3.869404474499999935e+01
1.917918328300000042e+01,-3.317965165900000102e+01,0.000000000000000000e+00,3.317965165900000102e+01,-3.638730115700000312e+01,0.000000000000000000e+00,3.638730115700000312e+01
1.919920320299999972e+01,-3.482465182499999656e+01,0.000000000000000000e+00,3.482465182499999656e+01,-3.386123313000000223e+01,0.000000000000000000e+00,3.386123313000000223e+01
1.921922312299999902e+01,-3.699965208399999739e+01,0.000000000000000000e+00,3.699965208399999739e+01,-3.191955448899999936e+01,0.000000000000000000e+00,3.191955448899999936e+01
1.923924304299999832e+01,-3.911862290199999848e+01,0.000000000000000000e+00,3.911862290199999848e+01,-3.065225459899999905e+01,0.000000000000000000e+00,3.065225459899999905e+01
1.925926296300000118e+01,-4.032423983500000020e+01,0.000000000000000000e+00,4.032423983500000020e+01,-2.926647310399999924e+01,0.000000000000000000e+00,2.926647310399999924e+01
1.927928288300000048e+01,-3.976300859399999865e+01,0.000000000000000000e+00,3.976300859399999865e+01,-2.813848747500000158e+01,0.000000000000000000e+00,2.813848747500000158e+01
1.929930280299999978e+01,-3.884545321800000295e+01,0.000000000000000000e+00,3.884545321800000295e+01,-2.747508905100000121e+01,0.000000000000000000e+00,2.747508905100000121e+01
1.931932272299999909e+01,-3.730322186200000090e+01,0.000000000000000000e+00,3.730322186200000090e+01,-2.692884699300000051e+01,0.000000000000000000e+00,2.692884699300000051e+01
1.933934264299999839e+01,-3.605755478500000066e+01,0.000000000000000000e+00,3.605755478500000066e+01,-2.624120559800000052e+01,0.000000000000000000e+00,2.624120559800000052e+01
1.935936256300000124e+01,-3.540988329700000037e+01,0.000000000000000000e+00,3.540988329700000037e+01,-2.612116515900000024e+01,0.000000000000000000e+00,2.612116515900000024e+01
1.937938248200000046e+01,-3.476105500100000256e+01,0.000000000000000000e+00,3.476105500100000256e+01,-2.603471622600000046e+01,0.000000000000000000e+00,2.603471622600000046e+01
1.939940240199999977e+01,-3.440632992199999762e+01,0.000000000000000000e+00,3.440632992199999762e+01,-2.595165100699999883e+01,0.000000000000000000e+00,2.595165100699999883e+01
1.941942232199999907e+01,-3.418445286499999725e+01,0.000000000000000000e+00,3.418445286499999725e+01,-2.601172527299999970e+01,0.000000000000000000e+00,2.601172527299999970e+01
1.943944224199999837e+01,-3.374899668399999797e+01,0.000000000000000000e+00,3.374899668399999797e+01,-2.625869971299999861e+01,0.000000000000000000e+00,2.625869971299999861e+01
1.945946216200000123e+01,-3.316521220399999947e+01,0.000000000000000000e+00,3.316521220399999947e+01,-2.637614366100000041e+01,0.000000000000000000e+00,2.637614366100000041e+01
1.947948208200000053e+01,-3.248393215000000112e+01,0.000000000000000000e+00,3.248393215000000112e+01,-2.686305414099999922e+01,0.000000000000000000e+00,2.686305414099999922e+01
1.949950200199999983e+01,-3.211871795799999774e+01,0.000000000000000000e+00,3.211871795799999774e+01,-2.745672531299999974e+01,0.000000000000000000e+00,2.745672531299999974e+01
1.951952192199999914e+01,-3.170641275899999911e+01,0.000000000000000000e+00,3.170641275899999911e+01,-2.771882249500000128e+01,0.000000000000000000e+00,2.771882249500000128e+01
1.953954184199999844e+01,-3.161926069200000100e+01,0.000000000000000000e+00,3.161926069200000100e+01,-2.833796771000000092e+01,0.000000000000000000e+00,2.833796771000000092e+01
1.955956176200000129e+01,-3.205218149400000271e+01,0.000000000000000000e+00,3.205218149400000271e+01,-2.916623747699999925e+01,0.000000000000000000e+00,2.916623747699999925e+01
1.957958168200000060e+01,-3.226292123099999998e+01,0.000000000000000000e+00,3.226292123099999998e+01,-2.972503614300000052e+01,0.000000000000000000e+00,2.972503614300000052e+01
1.959960160199999990e+01,-3.262879002100000037e+01,0.000000000000000000e+00,3.262879002100000037e+01,-3.042546253900000153e+01,0.000000000000000000e+00,3.042546253900000153e+01
1.961962152199999920e+01,-3.281915958199999750e+01,0.000000000000000000e+00,3.281915958199999750e+01,-3.125618972799999895e+01,0.000000000000000000e+00,3.125618972799999895e+01
1.963964144099999842e+01,-3.254278868200000119e+01,0.000000000000000000e+00,3.254278868200000119e+01,-3.118214721600000061e+01,0.000000000000000000e+00,3.118214721600000061e+01
1.965966136100000128e+01,-3.182749345899999938e+01,0.000000000000000000e+00,3.182749345899999938e+01,-3.012236349899999865e+01,0.000000000000000000e+00,3.012236349899999865e+01
1.967968128100000058e+01,-3.091689532999999912e+01,0.000000000000000000e+00,3.091689532999999912e+01,-2.931485532599999999e+01,0.000000000000000000e+00,2.931485532599999999e+01
1.969970120099999988e+01,-2.991085079300000160e+01,0.000000000000000000e+00,2.991085079300000160e+01,-2.869088351299999928e+01,0.000000000000000000e+00,2.869088351299999928e+01
1.971972112099999919e+01,-2.897942944200000071e+01,0.000000000000000000e+00,2.897942944200000071e+01,-2.789770019699999892e+01,0.000000000000000000e+00,2.789770019699999892e+01
1.973974104099999849e+01,-2.815743013100000169e+01,0.000000000000000000e+00,2.815743013100000169e+01,-2.762730467600000139e+01,0.000000000000000000e+00,2.762730467600000139e+01
1.975976096100000134e+01,-2.714484119600000156e+01,0.000000000000000000e+00,2.714484119600000156e+01,-2.742696757899999938e+01,0.000000000000000000e+00,2.742696757899999938e+01
1.977978088100000065e+01,-2.620153090999999890e+01,0.000000000000000000e+00,2.620153090999999890e+01,-2.687553873699999940e+01,0.000000000000000000e+00,2.687553873699999940e+01
1.979980080099999995e+01,-2.583651697799999880e+01,0.000000000000000000e+00,2.583651697799999880e+01,-2.631666518500000151e+01,0.000000000000000000e+00,2.631666518500000151e+01
1.981982072099999925e+01,-2.556482649200000168e+01,0.000000000000000000e+00,2.556482649200000168e+01,-2.588015951699999917e+01,0.000000000000000000e+00,2.588015951699999917e+01
1.983984064099999856e+01,-2.516727085599999825e+01,0.000000000000000000e+00,2.516727085599999825e+01,-2.515130924099999987e+01,0.000000000000000000e+00,2.515130924099999987e+01
1.985986056100000141e+01,-2.514914193499999939e+01,0.000000000000000000e+00,2.514914193499999939e+01,-2.474360838999999856e+01,0.000000000000000000e+00,2.474360838999999856e+01
1.987988048000000063e+01,-2.513121151500000039e+01,0.000000000000000000e+00,2.513121151500000039e+01,-2.450951704299999889e+01,0.000000000000000000e+00,2.450951704299999889e+01
1.989990039999999993e+01,-2.476673186000000015e+01,0.000000000000000000e+00,2.476673186000000015e+01,-2.422582120599999911e+01,0.000000000000000000e+00,2.422582120599999911e+01
1.991992031999999924e+01,-2.472317080599999883e+01,0.000000000000000000e+00,2.472317080599999883e+01,-2.409012012699999872e+01,0.000000000000000000e+00,2.409012012699999872e+01
1.993994023999999854e+01,-2.472211511100000081e+01,0.000000000000000000e+00,2.472211511100000081e+01,-2.417179639100000088e+01,0.000000000000000000e+00,2.417179639100000088e+01
1.995996016000000139e+01,-2.444773255100000142e+01,0.000000000000000000e+00,2.444773255100000142e+01,-2.418551632899999859e+01,0.000000000000000000e+00,2.418551632899999859e+01
1.997998008000000070e+01,-2.435610910300000143e+01,0.000000000000000000e+00,2.435610910300000143e+01,-2.432732795100000089e+01,0.000000000000000000e+00,2.432732795100000089e+01
2.000000000000000000e+01,-2.436861089299999961e+01,0.000000000000000000e+00,2.436861089299999961e+01,-2.471277779000000052e+01,0.000000000000000000e+00,2.471277779000000052e+01
