freq_GHz,S21_real,S21_imag,S21_mag,S31_real,S31_imag,S31_mag
1.000000000000000048e-04,-7.969768652700000189e+01,0.000000000000000000e+00,7.969768652700000189e+01,-8.230869325999999830e+01,0.000000000000000000e+00,8.230869325999999830e+01
2.011991992000000326e-02,-8.590700968800000226e+01,0.000000000000000000e+00,8.590700968800000226e+01,-8.550982680100000266e+01,0.000000000000000000e+00,8.550982680100000266e+01
4.013983984000000366e-02,-9.963463490499999864e+01,0.000000000000000000e+00,9.963463490499999864e+01,-9.282713418000000161e+01,0.000000000000000000e+00,9.282713418000000161e+01
6.015975976000000058e-02,-9.937808780599999636e+01,0.000000000000000000e+00,9.937808780599999636e+01,-9.517776401700000122e+01,0.000000000000000000e+00,9.517776401700000122e+01
8.017967968000000445e-02,-1.081083472400000005e+02,0.000000000000000000e+00,1.081083472400000005e+02,-9.007681419099999687e+01,0.000000000000000000e+00,9.007681419099999687e+01
1.001995995999999944e-01,-9.639383036499999946e+01,0.000000000000000000e+00,9.639383036499999946e+01,-9.093626328999999942e+01,0.000000000000000000e+00,9.093626328999999942e+01
1.202195195199999983e-01,-9.593306408300000498e+01,0.000000000000000000e+00,9.593306408300000498e+01,-9.406383349600000088e+01,0.000000000000000000e+00,9.406383349600000088e+01
1.402394394400000022e-01,-1.046422747000000015e+02,0.000000000000000000e+00,1.046422747000000015e+02,-1.073440113999999994e+02,0.000000000000000000e+00,1.073440113999999994e+02
1.602593593600000199e-01,-1.008542110599999972e+02,0.000000000000000000e+00,1.008542110599999972e+02,-1.052571877799999953e+02,0.000000000000000000e+00,1.052571877799999953e+02
1.802792792800000099e-01,-9.014139792100000648e+01,0.000000000000000000e+00,9.014139792100000648e+01,-1.041760411700000049e+02,0.000000000000000000e+00,1.041760411700000049e+02
2.002991991999999999e-01,-1.004693049400000007e+02,0.000000000000000000e+00,1.004693049400000007e+02,-9.443420969299999967e+01,0.000000000000000000e+00,9.443420969299999967e+01
2.203191191200000176e-01,-9.740749503499999662e+01,0.000000000000000000e+00,9.740749503499999662e+01,-9.701456497099999865e+01,0.000000000000000000e+00,9.701456497099999865e+01
2.403390390399999799e-01,-9.421268849599999839e+01,0.000000000000000000e+00,9.421268849599999839e+01,-9.587819617300000630e+01,0.000000000000000000e+00,9.587819617300000630e+01
2.603589589599999976e-01,-9.016087511700000334e+01,0.000000000000000000e+00,9.016087511700000334e+01,-8.968390577300000643e+01,0.000000000000000000e+00,8.968390577300000643e+01
2.803788788800000154e-01,-9.891219178800000122e+01,0.000000000000000000e+00,9.891219178800000122e+01,-1.003079210599999982e+02,0.000000000000000000e+00,1.003079210599999982e+02
3.003987988000000331e-01,-9.036956886299999780e+01,0.000000000000000000e+00,9.036956886299999780e+01,-1.021888101400000011e+02,0.000000000000000000e+00,1.021888101400000011e+02
3.204187187200000508e-01,-9.645799543799999753e+01,0.000000000000000000e+00,9.645799543799999753e+01,-9.722480459400000541e+01,0.000000000000000000e+00,9.722480459400000541e+01
3.404386386400000131e-01,-9.481156404700000451e+01,0.000000000000000000e+00,9.481156404700000451e+01,-9.564726030299999593e+01,0.000000000000000000e+00,9.564726030299999593e+01
3.604585585599999753e-01,-9.421447595200000080e+01,0.000000000000000000e+00,9.421447595200000080e+01,-9.871725865499999486e+01,0.000000000000000000e+00,9.871725865499999486e+01
3.804784784799999930e-01,-1.155740291700000029e+02,0.000000000000000000e+00,1.155740291700000029e+02,-9.388863685399999781e+01,0.000000000000000000e+00,9.388863685399999781e+01
4.004983983999999553e-01,-9.639362340099999926e+01,0.000000000000000000e+00,9.639362340099999926e+01,-9.508542088299999762e+01,0.000000000000000000e+00,9.508542088299999762e+01
4.205183183199999730e-01,-9.046235891199999912e+01,0.000000000000000000e+00,9.046235891199999912e+01,-8.992281290900000101e+01,0.000000000000000000e+00,8.992281290900000101e+01
4.405382382399999908e-01,-9.206182350999999642e+01,0.000000000000000000e+00,9.206182350999999642e+01,-8.948239657800000657e+01,0.000000000000000000e+00,8.948239657800000657e+01
4.605581581600000085e-01,-8.619061052700000403e+01,0.000000000000000000e+00,8.619061052700000403e+01,-9.418790868099999614e+01,0.000000000000000000e+00,9.418790868099999614e+01
4.805780780799999707e-01,-8.704012629599999684e+01,0.000000000000000000e+00,8.704012629599999684e+01,-9.000216621299999531e+01,0.000000000000000000e+00,9.000216621299999531e+01
5.005979980000000440e-01,-9.276642332800000190e+01,0.000000000000000000e+00,9.276642332800000190e+01,-8.468434210899999925e+01,0.000000000000000000e+00,8.468434210899999925e+01
5.206179179200000062e-01,-9.226804763100000173e+01,0.000000000000000000e+00,9.226804763100000173e+01,-8.802336530300000561e+01,0.000000000000000000e+00,8.802336530300000561e+01
5.406378378400000795e-01,-8.398659721100000297e+01,0.000000000000000000e+00,8.398659721100000297e+01,-8.735827407899999741e+01,0.000000000000000000e+00,8.735827407899999741e+01
5.606577577600000417e-01,-8.556003660300000035e+01,0.000000000000000000e+00,8.556003660300000035e+01,-8.393360687300000222e+01,0.000000000000000000e+00,8.393360687300000222e+01
5.806776776799998929e-01,-8.379535883100000149e+01,0.000000000000000000e+00,8.379535883100000149e+01,-7.837008534999999654e+01,0.000000000000000000e+00,7.837008534999999654e+01
6.006975976000000772e-01,-7.973413885099999732e+01,0.000000000000000000e+00,7.973413885099999732e+01,-7.896199172900000463e+01,0.000000000000000000e+00,7.896199172900000463e+01
6.207175175199999284e-01,-7.566464423799999395e+01,0.000000000000000000e+00,7.566464423799999395e+01,-7.723387677200000212e+01,0.000000000000000000e+00,7.723387677200000212e+01
6.407374374400001127e-01,-7.546122824600000456e+01,0.000000000000000000e+00,7.546122824600000456e+01,-7.715253540800000565e+01,0.000000000000000000e+00,7.715253540800000565e+01
6.607573573599999639e-01,-7.591730830000000196e+01,0.000000000000000000e+00,7.591730830000000196e+01,-7.369574581400000568e+01,0.000000000000000000e+00,7.369574581400000568e+01
6.807772772799999261e-01,-7.191907033399999705e+01,0.000000000000000000e+00,7.191907033399999705e+01,-7.055166302099999598e+01,0.000000000000000000e+00,7.055166302099999598e+01
7.007971971999999994e-01,-6.919830575500000691e+01,0.000000000000000000e+00,6.919830575500000691e+01,-6.843747523400000432e+01,0.000000000000000000e+00,6.843747523400000432e+01
7.208171171199999616e-01,-6.730015509400000440e+01,0.000000000000000000e+00,6.730015509400000440e+01,-6.645311482500000011e+01,0.000000000000000000e+00,6.645311482500000011e+01
7.408370370399999238e-01,-6.583952506699999674e+01,0.000000000000000000e+00,6.583952506699999674e+01,-6.344531591799999859e+01,0.000000000000000000e+00,6.344531591799999859e+01
7.608569569599999971e-01,-6.472875939499999731e+01,0.000000000000000000e+00,6.472875939499999731e+01,-6.211572394800000296e+01,0.000000000000000000e+00,6.211572394800000296e+01
7.808768768799999593e-01,-6.322517415299999755e+01,0.000000000000000000e+00,6.322517415299999755e+01,-6.090227152500000329e+01,0.000000000000000000e+00,6.090227152500000329e+01
8.008967967999999216e-01,-6.223713377499999666e+01,0.000000000000000000e+00,6.223713377499999666e+01,-5.956912943199999688e+01,0.000000000000000000e+00,5.956912943199999688e+01
8.209167167199999948e-01,-6.063562885000000335e+01,0.000000000000000000e+00,6.063562885000000335e+01,-5.906478154799999913e+01,0.000000000000000000e+00,5.906478154799999913e+01
8.409366366399999571e-01,-5.874317283300000270e+01,0.000000000000000000e+00,5.874317283300000270e+01,-5.818951261699999833e+01,0.000000000000000000e+00,5.818951261699999833e+01
8.609565565599999193e-01,-5.719411420400000168e+01,0.000000000000000000e+00,5.719411420400000168e+01,-5.569486296099999834e+01,0.000000000000000000e+00,5.569486296099999834e+01
8.809764764799999925e-01,-5.549682955899999826e+01,0.000000000000000000e+00,5.549682955899999826e+01,-5.350707650500000057e+01,0.000000000000000000e+00,5.350707650500000057e+01
9.009963963999999548e-01,-5.291269602900000280e+01,0.000000000000000000e+00,5.291269602900000280e+01,-5.097452861899999732e+01,0.000000000000000000e+00,5.097452861899999732e+01
9.210163163200000280e-01,-4.900098993799999647e+01,0.000000000000000000e+00,4.900098993799999647e+01,-4.905785158700000181e+01,0.000000000000000000e+00,4.905785158700000181e+01
9.410362362399999903e-01,-4.690371820200000030e+01,0.000000000000000000e+00,4.690371820200000030e+01,-4.668088882200000000e+01,0.000000000000000000e+00,4.668088882200000000e+01
9.610561561599999525e-01,-4.406165360600000014e+01,0.000000000000000000e+00,4.406165360600000014e+01,-4.349970752600000168e+01,0.000000000000000000e+00,4.349970752600000168e+01
9.810760760800000257e-01,-4.128787801499999688e+01,0.000000000000000000e+00,4.128787801499999688e+01,-4.105726433299999911e+01,0.000000000000000000e+00,4.105726433299999911e+01
1.001095996000000099e+00,-3.988532861099999849e+01,0.000000000000000000e+00,3.988532861099999849e+01,-3.917939851599999912e+01,0.000000000000000000e+00,3.917939851599999912e+01
1.021115915900000060e+00,-3.877533627999999766e+01,0.000000000000000000e+00,3.877533627999999766e+01,-3.844657161699999648e+01,0.000000000000000000e+00,3.844657161699999648e+01
1.041135835800000020e+00,-3.791160236099999992e+01,0.000000000000000000e+00,3.791160236099999992e+01,-3.746259661599999902e+01,0.000000000000000000e+00,3.746259661599999902e+01
1.061155755799999989e+00,-3.528329161199999930e+01,0.000000000000000000e+00,3.528329161199999930e+01,-3.615804804599999756e+01,0.000000000000000000e+00,3.615804804599999756e+01
1.081175675699999950e+00,-3.334793594300000308e+01,0.000000000000000000e+00,3.334793594300000308e+01,-3.418889888999999727e+01,0.000000000000000000e+00,3.418889888999999727e+01
1.101195595599999910e+00,-3.271956920899999943e+01,0.000000000000000000e+00,3.271956920899999943e+01,-3.362886224900000087e+01,0.000000000000000000e+00,3.362886224900000087e+01
1.121215515500000093e+00,-3.158931750300000019e+01,0.000000000000000000e+00,3.158931750300000019e+01,-3.246023937100000012e+01,0.000000000000000000e+00,3.246023937100000012e+01
1.141235435400000053e+00,-3.090355457400000105e+01,0.000000000000000000e+00,3.090355457400000105e+01,-3.128180692800000173e+01,0.000000000000000000e+00,3.128180692800000173e+01
1.161255355400000022e+00,-2.964659628800000135e+01,0.000000000000000000e+00,2.964659628800000135e+01,-3.054505220300000090e+01,0.000000000000000000e+00,3.054505220300000090e+01
1.181275275299999983e+00,-2.847605705300000167e+01,0.000000000000000000e+00,2.847605705300000167e+01,-2.854819093700000110e+01,0.000000000000000000e+00,2.854819093700000110e+01
1.201295195199999943e+00,-2.711742632099999994e+01,0.000000000000000000e+00,2.711742632099999994e+01,-2.758059890299999850e+01,0.000000000000000000e+00,2.758059890299999850e+01
1.221315115099999904e+00,-2.637841732100000058e+01,0.000000000000000000e+00,2.637841732100000058e+01,-2.664075659499999915e+01,0.000000000000000000e+00,2.664075659499999915e+01
1.241335035000000087e+00,-2.530576516700000056e+01,0.000000000000000000e+00,2.530576516700000056e+01,-2.655333379700000052e+01,0.000000000000000000e+00,2.655333379700000052e+01
1.261354955000000055e+00,-2.416327866600000007e+01,0.000000000000000000e+00,2.416327866600000007e+01,-2.500539107199999833e+01,0.000000000000000000e+00,2.500539107199999833e+01
1.281374874900000016e+00,-2.333379060400000071e+01,0.000000000000000000e+00,2.333379060400000071e+01,-2.439173140600000167e+01,0.000000000000000000e+00,2.439173140600000167e+01
1.301394794799999977e+00,-2.276228219900000127e+01,0.000000000000000000e+00,2.276228219900000127e+01,-2.301050588400000052e+01,0.000000000000000000e+00,2.301050588400000052e+01
1.321414714699999937e+00,-2.228122314200000176e+01,0.000000000000000000e+00,2.228122314200000176e+01,-2.133267212699999860e+01,0.000000000000000000e+00,2.133267212699999860e+01
1.341434634599999898e+00,-2.161073005100000088e+01,0.000000000000000000e+00,2.161073005100000088e+01,-2.038523193199999994e+01,0.000000000000000000e+00,2.038523193199999994e+01
1.361454554599999867e+00,-2.112668895699999894e+01,0.000000000000000000e+00,2.112668895699999894e+01,-1.956898036500000160e+01,0.000000000000000000e+00,1.956898036500000160e+01
1.381474474500000049e+00,-1.966393219600000108e+01,0.000000000000000000e+00,1.966393219600000108e+01,-1.889065375399999880e+01,0.000000000000000000e+00,1.889065375399999880e+01
1.401494394400000010e+00,-1.927568451300000163e+01,0.000000000000000000e+00,1.927568451300000163e+01,-1.816235679800000113e+01,0.000000000000000000e+00,1.816235679800000113e+01
1.421514314299999970e+00,-1.867095576199999840e+01,0.000000000000000000e+00,1.867095576199999840e+01,-1.733377216899999951e+01,0.000000000000000000e+00,1.733377216899999951e+01
1.441534234200000153e+00,-1.804102178300000148e+01,0.000000000000000000e+00,1.804102178300000148e+01,-1.725712318700000125e+01,0.000000000000000000e+00,1.725712318700000125e+01
1.461554154200000122e+00,-1.786937959999999848e+01,0.000000000000000000e+00,1.786937959999999848e+01,-1.731051074100000164e+01,0.000000000000000000e+00,1.731051074100000164e+01
1.481574074099999860e+00,-1.782116241900000020e+01,0.000000000000000000e+00,1.782116241900000020e+01,-1.722115867300000147e+01,0.000000000000000000e+00,1.722115867300000147e+01
1.501593994000000043e+00,-1.696721950599999928e+01,0.000000000000000000e+00,1.696721950599999928e+01,-1.678258629500000154e+01,0.000000000000000000e+00,1.678258629500000154e+01
1.521613913900000004e+00,-1.611763361299999886e+01,0.000000000000000000e+00,1.611763361299999886e+01,-1.717945183899999861e+01,0.000000000000000000e+00,1.717945183899999861e+01
1.541633833799999964e+00,-1.596001097699999960e+01,0.000000000000000000e+00,1.596001097699999960e+01,-1.740919291000000158e+01,0.000000000000000000e+00,1.740919291000000158e+01
1.561653753799999933e+00,-1.658013839799999900e+01,0.000000000000000000e+00,1.658013839799999900e+01,-1.746158799499999859e+01,0.000000000000000000e+00,1.746158799499999859e+01
1.581673673700000116e+00,-1.688139655399999839e+01,0.000000000000000000e+00,1.688139655399999839e+01,-1.712167001399999933e+01,0.000000000000000000e+00,1.712167001399999933e+01
1.601693593599999854e+00,-1.699507985500000018e+01,0.000000000000000000e+00,1.699507985500000018e+01,-1.740553146399999918e+01,0.000000000000000000e+00,1.740553146399999918e+01
1.621713513500000037e+00,-1.770415338100000113e+01,0.000000000000000000e+00,1.770415338100000113e+01,-1.776357812799999891e+01,0.000000000000000000e+00,1.776357812799999891e+01
1.641733433399999997e+00,-1.816555361300000015e+01,0.000000000000000000e+00,1.816555361300000015e+01,-1.698356775299999910e+01,0.000000000000000000e+00,1.698356775299999910e+01
1.661753353400000188e+00,-1.859295280399999939e+01,0.000000000000000000e+00,1.859295280399999939e+01,-1.661182841800000176e+01,0.000000000000000000e+00,1.661182841800000176e+01
1.681773273299999927e+00,-1.840465962900000108e+01,0.000000000000000000e+00,1.840465962900000108e+01,-1.633958433999999826e+01,0.000000000000000000e+00,1.633958433999999826e+01
1.701793193200000109e+00,-1.866623859099999905e+01,0.000000000000000000e+00,1.866623859099999905e+01,-1.611673052800000150e+01,0.000000000000000000e+00,1.611673052800000150e+01
1.721813113099999848e+00,-1.937986776199999994e+01,0.000000000000000000e+00,1.937986776199999994e+01,-1.520469205300000048e+01,0.000000000000000000e+00,1.520469205300000048e+01
1.741833033000000031e+00,-1.980770710199999840e+01,0.000000000000000000e+00,1.980770710199999840e+01,-1.515491682400000073e+01,0.000000000000000000e+00,1.515491682400000073e+01
1.761852952999999999e+00,-2.030327002299999961e+01,0.000000000000000000e+00,2.030327002299999961e+01,-1.493525660399999921e+01,0.000000000000000000e+00,1.493525660399999921e+01
1.781872872900000182e+00,-2.026299112399999913e+01,0.000000000000000000e+00,2.026299112399999913e+01,-1.419430158499999983e+01,0.000000000000000000e+00,1.419430158499999983e+01
1.801892792799999921e+00,-1.856712440300000111e+01,0.000000000000000000e+00,1.856712440300000111e+01,-1.354157713000000030e+01,0.000000000000000000e+00,1.354157713000000030e+01
1.821912712700000103e+00,-1.864075462099999925e+01,0.000000000000000000e+00,1.864075462099999925e+01,-1.306792193200000085e+01,0.000000000000000000e+00,1.306792193200000085e+01
1.841932632599999842e+00,-1.821407047299999959e+01,0.000000000000000000e+00,1.821407047299999959e+01,-1.252756768999999970e+01,0.000000000000000000e+00,1.252756768999999970e+01
1.861952552599999811e+00,-1.748531896000000074e+01,0.000000000000000000e+00,1.748531896000000074e+01,-1.256446122400000043e+01,0.000000000000000000e+00,1.256446122400000043e+01
1.881972472499999993e+00,-1.652050577800000042e+01,0.000000000000000000e+00,1.652050577800000042e+01,-1.265627537700000005e+01,0.000000000000000000e+00,1.265627537700000005e+01
1.901992392400000176e+00,-1.624594620199999895e+01,0.000000000000000000e+00,1.624594620199999895e+01,-1.303817884899999946e+01,0.000000000000000000e+00,1.303817884899999946e+01
1.922012312299999914e+00,-1.555517278700000006e+01,0.000000000000000000e+00,1.555517278700000006e+01,-1.300997512400000033e+01,0.000000000000000000e+00,1.300997512400000033e+01
1.942032232200000097e+00,-1.503222889599999945e+01,0.000000000000000000e+00,1.503222889599999945e+01,-1.307226438900000076e+01,0.000000000000000000e+00,1.307226438900000076e+01
1.962052152200000066e+00,-1.483735466499999944e+01,0.000000000000000000e+00,1.483735466499999944e+01,-1.329767449899999932e+01,0.000000000000000000e+00,1.329767449899999932e+01
1.982072072099999804e+00,-1.445901288600000001e+01,0.000000000000000000e+00,1.445901288600000001e+01,-1.335420263399999996e+01,0.000000000000000000e+00,1.335420263399999996e+01
2.002091991999999987e+00,-1.431805028199999974e+01,0.000000000000000000e+00,1.431805028199999974e+01,-1.356085078299999935e+01,0.000000000000000000e+00,1.356085078299999935e+01
2.022111911900000170e+00,-1.387036587300000079e+01,0.000000000000000000e+00,1.387036587300000079e+01,-1.340155365699999912e+01,0.000000000000000000e+00,1.340155365699999912e+01
2.042131831799999908e+00,-1.404290561100000012e+01,0.000000000000000000e+00,1.404290561100000012e+01,-1.346213000000000015e+01,0.000000000000000000e+00,1.346213000000000015e+01
2.062151751800000099e+00,-1.435934548400000033e+01,0.000000000000000000e+00,1.435934548400000033e+01,-1.366824575599999925e+01,0.000000000000000000e+00,1.366824575599999925e+01
2.082171671699999838e+00,-1.446889826900000031e+01,0.000000000000000000e+00,1.446889826900000031e+01,-1.333854396899999983e+01,0.000000000000000000e+00,1.333854396899999983e+01
2.102191591600000020e+00,-1.423107363899999989e+01,0.000000000000000000e+00,1.423107363899999989e+01,-1.314436622500000063e+01,0.000000000000000000e+00,1.314436622500000063e+01
2.122211511500000203e+00,-1.396815156599999952e+01,0.000000000000000000e+00,1.396815156599999952e+01,-1.324633810299999936e+01,0.000000000000000000e+00,1.324633810299999936e+01
2.142231431399999941e+00,-1.411109909800000040e+01,0.000000000000000000e+00,1.411109909800000040e+01,-1.321765033199999984e+01,0.000000000000000000e+00,1.321765033199999984e+01
2.162251351400000132e+00,-1.402524079900000054e+01,0.000000000000000000e+00,1.402524079900000054e+01,-1.330691573800000072e+01,0.000000000000000000e+00,1.330691573800000072e+01
2.182271271300000315e+00,-1.386516316900000056e+01,0.000000000000000000e+00,1.386516316900000056e+01,-1.333684400199999942e+01,0.000000000000000000e+00,1.333684400199999942e+01
2.202291191199999609e+00,-1.376073275100000082e+01,0.000000000000000000e+00,1.376073275100000082e+01,-1.335511541600000029e+01,0.000000000000000000e+00,1.335511541600000029e+01
2.222311111099999792e+00,-1.378462920900000022e+01,0.000000000000000000e+00,1.378462920900000022e+01,-1.342635829900000033e+01,0.000000000000000000e+00,1.342635829900000033e+01
2.242331030999999975e+00,-1.348786248000000043e+01,0.000000000000000000e+00,1.348786248000000043e+01,-1.339604379000000023e+01,0.000000000000000000e+00,1.339604379000000023e+01
2.262350951000000165e+00,-1.347875294299999993e+01,0.000000000000000000e+00,1.347875294299999993e+01,-1.312049050699999952e+01,0.000000000000000000e+00,1.312049050699999952e+01
2.282370870899999904e+00,-1.359352687099999990e+01,0.000000000000000000e+00,1.359352687099999990e+01,-1.295546381099999955e+01,0.000000000000000000e+00,1.295546381099999955e+01
2.302390790800000087e+00,-1.357094889600000087e+01,0.000000000000000000e+00,1.357094889600000087e+01,-1.286819191500000059e+01,0.000000000000000000e+00,1.286819191500000059e+01
2.322410710699999825e+00,-1.360837090699999941e+01,0.000000000000000000e+00,1.360837090699999941e+01,-1.278911346199999954e+01,0.000000000000000000e+00,1.278911346199999954e+01
2.342430630600000008e+00,-1.348802210799999912e+01,0.000000000000000000e+00,1.348802210799999912e+01,-1.293034641700000087e+01,0.000000000000000000e+00,1.293034641700000087e+01
2.362450550599999755e+00,-1.360568656799999943e+01,0.000000000000000000e+00,1.360568656799999943e+01,-1.289944144600000087e+01,0.000000000000000000e+00,1.289944144600000087e+01
2.382470470499999937e+00,-1.371590449500000020e+01,0.000000000000000000e+00,1.371590449500000020e+01,-1.317194158100000045e+01,0.000000000000000000e+00,1.317194158100000045e+01
2.402490390400000120e+00,-1.390834031099999990e+01,0.000000000000000000e+00,1.390834031099999990e+01,-1.345728569899999982e+01,0.000000000000000000e+00,1.345728569899999982e+01
2.422510310300000302e+00,-1.362916708500000063e+01,0.000000000000000000e+00,1.362916708500000063e+01,-1.368472760899999940e+01,0.000000000000000000e+00,1.368472760899999940e+01
2.442530230199999597e+00,-1.372493162700000013e+01,0.000000000000000000e+00,1.372493162700000013e+01,-1.416555432600000053e+01,0.000000000000000000e+00,1.416555432600000053e+01
2.462550150199999788e+00,-1.378198013499999952e+01,0.000000000000000000e+00,1.378198013499999952e+01,-1.449763510300000036e+01,0.000000000000000000e+00,1.449763510300000036e+01
2.482570070099999970e+00,-1.416908726299999977e+01,0.000000000000000000e+00,1.416908726299999977e+01,-1.486242629999999920e+01,0.000000000000000000e+00,1.486242629999999920e+01
2.502589990000000153e+00,-1.436730547300000005e+01,0.000000000000000000e+00,1.436730547300000005e+01,-1.514008664099999990e+01,0.000000000000000000e+00,1.514008664099999990e+01
2.522609909899999892e+00,-1.447734400599999915e+01,0.000000000000000000e+00,1.447734400599999915e+01,-1.567613418800000069e+01,0.000000000000000000e+00,1.567613418800000069e+01
2.542629829800000074e+00,-1.471142707299999941e+01,0.000000000000000000e+00,1.471142707299999941e+01,-1.592126427400000033e+01,0.000000000000000000e+00,1.592126427400000033e+01
2.562649749699999813e+00,-1.507657582000000041e+01,0.000000000000000000e+00,1.507657582000000041e+01,-1.647979324900000009e+01,0.000000000000000000e+00,1.647979324900000009e+01
2.582669669700000004e+00,-1.522521570099999977e+01,0.000000000000000000e+00,1.522521570099999977e+01,-1.706528689399999976e+01,0.000000000000000000e+00,1.706528689399999976e+01
2.602689589599999742e+00,-1.531497561399999974e+01,0.000000000000000000e+00,1.531497561399999974e+01,-1.762567864600000078e+01,0.000000000000000000e+00,1.762567864600000078e+01
2.622709509499999925e+00,-1.550151421600000035e+01,0.000000000000000000e+00,1.550151421600000035e+01,-1.805832913600000111e+01,0.000000000000000000e+00,1.805832913600000111e+01
2.642729429400000107e+00,-1.605334167199999840e+01,0.000000000000000000e+00,1.605334167199999840e+01,-1.843256716699999842e+01,0.000000000000000000e+00,1.843256716699999842e+01
2.662749349300000290e+00,-1.652916671399999871e+01,0.000000000000000000e+00,1.652916671399999871e+01,-1.856728980100000115e+01,0.000000000000000000e+00,1.856728980100000115e+01
2.682769269300000037e+00,-1.714541417099999876e+01,0.000000000000000000e+00,1.714541417099999876e+01,-1.881300637700000067e+01,0.000000000000000000e+00,1.881300637700000067e+01
2.702789189199999775e+00,-1.805634077899999923e+01,0.000000000000000000e+00,1.805634077899999923e+01,-1.894648957800000133e+01,0.000000000000000000e+00,1.894648957800000133e+01
2.722809109099999958e+00,-1.886712190200000094e+01,0.000000000000000000e+00,1.886712190200000094e+01,-1.906504575199999962e+01,0.000000000000000000e+00,1.906504575199999962e+01
2.742829029000000141e+00,-1.984955899699999904e+01,0.000000000000000000e+00,1.984955899699999904e+01,-1.920803415399999992e+01,0.000000000000000000e+00,1.920803415399999992e+01
2.762848948899999879e+00,-2.122301000799999926e+01,0.000000000000000000e+00,2.122301000799999926e+01,-1.879786102599999964e+01,0.000000000000000000e+00,1.879786102599999964e+01
2.782868868900000070e+00,-2.242862158200000167e+01,0.000000000000000000e+00,2.242862158200000167e+01,-1.885446139300000112e+01,0.000000000000000000e+00,1.885446139300000112e+01
2.802888788800000253e+00,-2.326452778299999835e+01,0.000000000000000000e+00,2.326452778299999835e+01,-1.854210664200000025e+01,0.000000000000000000e+00,1.854210664200000025e+01
2.822908708699999991e+00,-2.386204611200000159e+01,0.000000000000000000e+00,2.386204611200000159e+01,-1.810173935899999975e+01,0.000000000000000000e+00,1.810173935899999975e+01
2.842928628599999730e+00,-2.398549092500000057e+01,0.000000000000000000e+00,2.398549092500000057e+01,-1.789858098899999916e+01,0.000000000000000000e+00,1.789858098899999916e+01
2.862948548499999912e+00,-2.370955893400000036e+01,0.000000000000000000e+00,2.370955893400000036e+01,-1.771228169300000133e+01,0.000000000000000000e+00,1.771228169300000133e+01
2.882968468500000103e+00,-2.337886659600000172e+01,0.000000000000000000e+00,2.337886659600000172e+01,-1.740657995300000138e+01,0.000000000000000000e+00,1.740657995300000138e+01
2.902988388400000286e+00,-2.292458179400000162e+01,0.000000000000000000e+00,2.292458179400000162e+01,-1.702802440900000036e+01,0.000000000000000000e+00,1.702802440900000036e+01
2.923008308300000024e+00,-2.240101589700000062e+01,0.000000000000000000e+00,2.240101589700000062e+01,-1.682973456299999881e+01,0.000000000000000000e+00,1.682973456299999881e+01
2.943028228199999763e+00,-2.187222096800000060e+01,0.000000000000000000e+00,2.187222096800000060e+01,-1.653991709499999985e+01,0.000000000000000000e+00,1.653991709499999985e+01
2.963048148099999946e+00,-2.140813113900000175e+01,0.000000000000000000e+00,2.140813113900000175e+01,-1.627042315299999942e+01,0.000000000000000000e+00,1.627042315299999942e+01
2.983068068099999692e+00,-2.073319934899999950e+01,0.000000000000000000e+00,2.073319934899999950e+01,-1.604077852100000001e+01,0.000000000000000000e+00,1.604077852100000001e+01
3.003087987999999875e+00,-2.008267087100000126e+01,0.000000000000000000e+00,2.008267087100000126e+01,-1.576366671299999922e+01,0.000000000000000000e+00,1.576366671299999922e+01
3.023107907900000058e+00,-1.980419661699999878e+01,0.000000000000000000e+00,1.980419661699999878e+01,-1.546605736000000064e+01,0.000000000000000000e+00,1.546605736000000064e+01
3.043127827800000240e+00,-1.972239957800000099e+01,0.000000000000000000e+00,1.972239957800000099e+01,-1.546208092000000001e+01,0.000000000000000000e+00,1.546208092000000001e+01
3.063147747699999979e+00,-1.945021746999999834e+01,0.000000000000000000e+00,1.945021746999999834e+01,-1.535095267800000052e+01,0.000000000000000000e+00,1.535095267800000052e+01
3.083167667699999726e+00,-1.916433037399999861e+01,0.000000000000000000e+00,1.916433037399999861e+01,-1.551115867699999917e+01,0.000000000000000000e+00,1.551115867699999917e+01
3.103187587599999908e+00,-1.919532402999999832e+01,0.000000000000000000e+00,1.919532402999999832e+01,-1.569200410100000020e+01,0.000000000000000000e+00,1.569200410100000020e+01
3.123207507500000091e+00,-1.921923725499999946e+01,0.000000000000000000e+00,1.921923725499999946e+01,-1.586504625499999932e+01,0.000000000000000000e+00,1.586504625499999932e+01
3.143227427400000273e+00,-1.906786922499999903e+01,0.000000000000000000e+00,1.906786922499999903e+01,-1.603311626300000015e+01,0.000000000000000000e+00,1.603311626300000015e+01
3.163247347300000012e+00,-1.889356722999999860e+01,0.000000000000000000e+00,1.889356722999999860e+01,-1.616372679399999868e+01,0.000000000000000000e+00,1.616372679399999868e+01
3.183267267300000203e+00,-1.869906639499999912e+01,0.000000000000000000e+00,1.869906639499999912e+01,-1.619251848800000104e+01,0.000000000000000000e+00,1.619251848800000104e+01
3.203287187199999941e+00,-1.855967688899999857e+01,0.000000000000000000e+00,1.855967688899999857e+01,-1.610729055599999882e+01,0.000000000000000000e+00,1.610729055599999882e+01
3.223307107100000124e+00,-1.856615644800000098e+01,0.000000000000000000e+00,1.856615644800000098e+01,-1.615749337100000105e+01,0.000000000000000000e+00,1.615749337100000105e+01
3.243327026999999863e+00,-1.850373375899999928e+01,0.000000000000000000e+00,1.850373375899999928e+01,-1.623356257800000080e+01,0.000000000000000000e+00,1.623356257800000080e+01
3.263346946900000045e+00,-1.834266926400000131e+01,0.000000000000000000e+00,1.834266926400000131e+01,-1.648343210000000170e+01,0.000000000000000000e+00,1.648343210000000170e+01
3.283366866900000236e+00,-1.811407270500000166e+01,0.000000000000000000e+00,1.811407270500000166e+01,-1.646984740299999928e+01,0.000000000000000000e+00,1.646984740299999928e+01
3.303386786799999975e+00,-1.802441762300000150e+01,0.000000000000000000e+00,1.802441762300000150e+01,-1.641183789300000129e+01,0.000000000000000000e+00,1.641183789300000129e+01
3.323406706699999713e+00,-1.788466074000000106e+01,0.000000000000000000e+00,1.788466074000000106e+01,-1.651804566899999926e+01,0.000000000000000000e+00,1.651804566899999926e+01
3.343426626599999896e+00,-1.770949286800000166e+01,0.000000000000000000e+00,1.770949286800000166e+01,-1.655519316199999835e+01,0.000000000000000000e+00,1.655519316199999835e+01
3.363446546500000078e+00,-1.763292603300000039e+01,0.000000000000000000e+00,1.763292603300000039e+01,-1.679252664499999881e+01,0.000000000000000000e+00,1.679252664499999881e+01
3.383466466499999825e+00,-1.755402526399999985e+01,0.000000000000000000e+00,1.755402526399999985e+01,-1.719668529000000134e+01,0.000000000000000000e+00,1.719668529000000134e+01
3.403486386400000008e+00,-1.766299713100000091e+01,0.000000000000000000e+00,1.766299713100000091e+01,-1.759582593700000075e+01,0.000000000000000000e+00,1.759582593700000075e+01
3.423506306300000190e+00,-1.777335639000000000e+01,0.000000000000000000e+00,1.777335639000000000e+01,-1.798432517000000175e+01,0.000000000000000000e+00,1.798432517000000175e+01
3.443526226199999929e+00,-1.794307908000000040e+01,0.000000000000000000e+00,1.794307908000000040e+01,-1.836607277599999932e+01,0.000000000000000000e+00,1.836607277599999932e+01
3.463546146100000112e+00,-1.807732634699999963e+01,0.000000000000000000e+00,1.807732634699999963e+01,-1.861632510300000121e+01,0.000000000000000000e+00,1.861632510300000121e+01
3.483566066099999858e+00,-1.847298551300000113e+01,0.000000000000000000e+00,1.847298551300000113e+01,-1.890116973800000011e+01,0.000000000000000000e+00,1.890116973800000011e+01
3.503585986000000041e+00,-1.907721865099999903e+01,0.000000000000000000e+00,1.907721865099999903e+01,-1.924628879600000175e+01,0.000000000000000000e+00,1.924628879600000175e+01
3.523605905900000224e+00,-1.970750058300000163e+01,0.000000000000000000e+00,1.970750058300000163e+01,-1.954444731899999965e+01,0.000000000000000000e+00,1.954444731899999965e+01
3.543625825800000406e+00,-2.030154143100000041e+01,0.000000000000000000e+00,2.030154143100000041e+01,-1.952721780899999970e+01,0.000000000000000000e+00,1.952721780899999970e+01
3.563645745699999701e+00,-2.078886637300000118e+01,0.000000000000000000e+00,2.078886637300000118e+01,-1.922872799700000002e+01,0.000000000000000000e+00,1.922872799700000002e+01
3.583665665699999892e+00,-2.124393083500000046e+01,0.000000000000000000e+00,2.124393083500000046e+01,-1.899646811199999874e+01,0.000000000000000000e+00,1.899646811199999874e+01
3.603685585600000074e+00,-2.188546022799999946e+01,0.000000000000000000e+00,2.188546022799999946e+01,-1.880298967099999885e+01,0.000000000000000000e+00,1.880298967099999885e+01
3.623705505499999813e+00,-2.219752043300000111e+01,0.000000000000000000e+00,2.219752043300000111e+01,-1.849849271200000089e+01,0.000000000000000000e+00,1.849849271200000089e+01
3.643725425399999995e+00,-2.230158467100000053e+01,0.000000000000000000e+00,2.230158467100000053e+01,-1.839994694800000019e+01,0.000000000000000000e+00,1.839994694800000019e+01
3.663745345300000178e+00,-2.239058462099999858e+01,0.000000000000000000e+00,2.239058462099999858e+01,-1.854683632300000085e+01,0.000000000000000000e+00,1.854683632300000085e+01
3.683765265300000369e+00,-2.216864078100000057e+01,0.000000000000000000e+00,2.216864078100000057e+01,-1.847702023300000107e+01,0.000000000000000000e+00,1.847702023300000107e+01
3.703785185199999663e+00,-2.192795510899999911e+01,0.000000000000000000e+00,2.192795510899999911e+01,-1.842499152799999962e+01,0.000000000000000000e+00,1.842499152799999962e+01
3.723805105099999846e+00,-2.170250221999999951e+01,0.000000000000000000e+00,2.170250221999999951e+01,-1.861872760400000004e+01,0.000000000000000000e+00,1.861872760400000004e+01
3.743825025000000029e+00,-2.162360547500000152e+01,0.000000000000000000e+00,2.162360547500000152e+01,-1.872078897999999825e+01,0.000000000000000000e+00,1.872078897999999825e+01
3.763844944900000211e+00,-2.148665430000000143e+01,0.000000000000000000e+00,2.148665430000000143e+01,-1.882754490399999980e+01,0.000000000000000000e+00,1.882754490399999980e+01
3.783864864899999958e+00,-2.123081490999999943e+01,0.000000000000000000e+00,2.123081490999999943e+01,-1.873362198299999903e+01,0.000000000000000000e+00,1.873362198299999903e+01
3.803884784800000141e+00,-2.099388467600000041e+01,0.000000000000000000e+00,2.099388467600000041e+01,-1.885228902800000128e+01,0.000000000000000000e+00,1.885228902800000128e+01
3.823904704699999879e+00,-2.069879017699999935e+01,0.000000000000000000e+00,2.069879017699999935e+01,-1.921284641000000093e+01,0.000000000000000000e+00,1.921284641000000093e+01
3.843924624600000062e+00,-2.059312802000000175e+01,0.000000000000000000e+00,2.059312802000000175e+01,-1.940073542200000034e+01,0.000000000000000000e+00,1.940073542200000034e+01
3.863944544499999800e+00,-2.044789885999999868e+01,0.000000000000000000e+00,2.044789885999999868e+01,-1.976846851499999858e+01,0.000000000000000000e+00,1.976846851499999858e+01
3.883964464499999991e+00,-2.041129411700000063e+01,0.000000000000000000e+00,2.041129411700000063e+01,-2.037910417100000160e+01,0.000000000000000000e+00,2.037910417100000160e+01
3.903984384400000174e+00,-2.047818559399999927e+01,0.000000000000000000e+00,2.047818559399999927e+01,-2.064312346099999829e+01,0.000000000000000000e+00,2.064312346099999829e+01
3.924004304300000356e+00,-2.043382361100000111e+01,0.000000000000000000e+00,2.043382361100000111e+01,-2.099527462300000025e+01,0.000000000000000000e+00,2.099527462300000025e+01
3.944024224199999651e+00,-2.028543536100000111e+01,0.000000000000000000e+00,2.028543536100000111e+01,-2.139896526900000140e+01,0.000000000000000000e+00,2.139896526900000140e+01
3.964044144099999833e+00,-2.018251326100000043e+01,0.000000000000000000e+00,2.018251326100000043e+01,-2.167534801200000061e+01,0.000000000000000000e+00,2.167534801200000061e+01
3.984064064100000024e+00,-2.011357140799999854e+01,0.000000000000000000e+00,2.011357140799999854e+01,-2.189581188700000070e+01,0.000000000000000000e+00,2.189581188700000070e+01
4.004083984000000207e+00,-2.006841593900000120e+01,0.000000000000000000e+00,2.006841593900000120e+01,-2.210202788799999851e+01,0.000000000000000000e+00,2.210202788799999851e+01
4.024103903900000390e+00,-2.008812997800000133e+01,0.000000000000000000e+00,2.008812997800000133e+01,-2.216034353299999893e+01,0.000000000000000000e+00,2.216034353299999893e+01
4.044123823800000572e+00,-2.007235559200000097e+01,0.000000000000000000e+00,2.007235559200000097e+01,-2.200756459200000137e+01,0.000000000000000000e+00,2.200756459200000137e+01
4.064143743699999867e+00,-2.011897193800000139e+01,0.000000000000000000e+00,2.011897193800000139e+01,-2.184673813699999911e+01,0.000000000000000000e+00,2.184673813699999911e+01
4.084163663700000058e+00,-2.024274860599999926e+01,0.000000000000000000e+00,2.024274860599999926e+01,-2.166680988299999910e+01,0.000000000000000000e+00,2.166680988299999910e+01
4.104183583600000240e+00,-2.019927908200000033e+01,0.000000000000000000e+00,2.019927908200000033e+01,-2.115598165100000116e+01,0.000000000000000000e+00,2.115598165100000116e+01
4.124203503500000423e+00,-2.019049501299999960e+01,0.000000000000000000e+00,2.019049501299999960e+01,-2.103291513199999940e+01,0.000000000000000000e+00,2.103291513199999940e+01
4.144223423399999717e+00,-2.030178158600000060e+01,0.000000000000000000e+00,2.030178158600000060e+01,-2.086041017499999839e+01,0.000000000000000000e+00,2.086041017499999839e+01
4.164243343299999900e+00,-2.035430284199999917e+01,0.000000000000000000e+00,2.035430284199999917e+01,-2.059736145800000173e+01,0.000000000000000000e+00,2.059736145800000173e+01
4.184263263300000091e+00,-2.050363053699999938e+01,0.000000000000000000e+00,2.050363053699999938e+01,-2.038879741599999917e+01,0.000000000000000000e+00,2.038879741599999917e+01
4.204283183199999385e+00,-2.073249205400000150e+01,0.000000000000000000e+00,2.073249205400000150e+01,-2.047385228299999937e+01,0.000000000000000000e+00,2.047385228299999937e+01
4.224303103099999568e+00,-2.104639676900000111e+01,0.000000000000000000e+00,2.104639676900000111e+01,-2.017702106000000128e+01,0.000000000000000000e+00,2.017702106000000128e+01
4.244323022999999750e+00,-2.121831214599999882e+01,0.000000000000000000e+00,2.121831214599999882e+01,-2.009071058199999982e+01,0.000000000000000000e+00,2.009071058199999982e+01
4.264342942899999933e+00,-2.137289146099999826e+01,0.000000000000000000e+00,2.137289146099999826e+01,-2.018522583900000100e+01,0.000000000000000000e+00,2.018522583900000100e+01
4.284362862900000124e+00,-2.150107366800000008e+01,0.000000000000000000e+00,2.150107366800000008e+01,-1.999308807099999896e+01,0.000000000000000000e+00,1.999308807099999896e+01
4.304382782800000307e+00,-2.156570066700000154e+01,0.000000000000000000e+00,2.156570066700000154e+01,-1.971426432699999864e+01,0.000000000000000000e+00,1.971426432699999864e+01
4.324402702699999601e+00,-2.152353970800000127e+01,0.000000000000000000e+00,2.152353970800000127e+01,-1.954503779799999919e+01,0.000000000000000000e+00,1.954503779799999919e+01
4.344422622600000672e+00,-2.151264785800000112e+01,0.000000000000000000e+00,2.151264785800000112e+01,-1.934267575300000175e+01,0.000000000000000000e+00,1.934267575300000175e+01
4.364442542499999966e+00,-2.159071550999999900e+01,0.000000000000000000e+00,2.159071550999999900e+01,-1.906619961999999902e+01,0.000000000000000000e+00,1.906619961999999902e+01
4.384462462500000157e+00,-2.159321404900000019e+01,0.000000000000000000e+00,2.159321404900000019e+01,-1.892162626900000078e+01,0.000000000000000000e+00,1.892162626900000078e+01
4.404482382399999452e+00,-2.174059125899999856e+01,0.000000000000000000e+00,2.174059125899999856e+01,-1.868303377499999840e+01,0.000000000000000000e+00,1.868303377499999840e+01
4.424502302300000522e+00,-2.195927762899999891e+01,0.000000000000000000e+00,2.195927762899999891e+01,-1.849413145400000147e+01,0.000000000000000000e+00,1.849413145400000147e+01
4.444522222199999817e+00,-2.218694965699999955e+01,0.000000000000000000e+00,2.218694965699999955e+01,-1.847578156000000149e+01,0.000000000000000000e+00,1.847578156000000149e+01
4.464542142100000000e+00,-2.239397477099999989e+01,0.000000000000000000e+00,2.239397477099999989e+01,-1.830859662299999968e+01,0.000000000000000000e+00,1.830859662299999968e+01
4.484562062100000190e+00,-2.276659135199999895e+01,0.000000000000000000e+00,2.276659135199999895e+01,-1.824834984599999999e+01,0.000000000000000000e+00,1.824834984599999999e+01
4.504581982000000373e+00,-2.323887368500000150e+01,0.000000000000000000e+00,2.323887368500000150e+01,-1.818160045000000125e+01,0.000000000000000000e+00,1.818160045000000125e+01
4.524601901899999667e+00,-2.338437638099999916e+01,0.000000000000000000e+00,2.338437638099999916e+01,-1.822468418100000065e+01,0.000000000000000000e+00,1.822468418100000065e+01
4.544621821799999850e+00,-2.345587910700000123e+01,0.000000000000000000e+00,2.345587910700000123e+01,-1.816583702200000161e+01,0.000000000000000000e+00,1.816583702200000161e+01
4.564641741700000033e+00,-2.351362836399999878e+01,0.000000000000000000e+00,2.351362836399999878e+01,-1.822713502099999872e+01,0.000000000000000000e+00,1.822713502099999872e+01
4.584661661700000224e+00,-2.345466666000000089e+01,0.000000000000000000e+00,2.345466666000000089e+01,-1.833319835400000031e+01,0.000000000000000000e+00,1.833319835400000031e+01
4.604681581600000406e+00,-2.322314838799999848e+01,0.000000000000000000e+00,2.322314838799999848e+01,-1.835773472500000025e+01,0.000000000000000000e+00,1.835773472500000025e+01
4.624701501499999701e+00,-2.304088647700000081e+01,0.000000000000000000e+00,2.304088647700000081e+01,-1.859100175100000030e+01,0.000000000000000000e+00,1.859100175100000030e+01
4.644721421399999883e+00,-2.279741942000000066e+01,0.000000000000000000e+00,2.279741942000000066e+01,-1.870084152000000088e+01,0.000000000000000000e+00,1.870084152000000088e+01
4.664741341300000066e+00,-2.244684168699999915e+01,0.000000000000000000e+00,2.244684168699999915e+01,-1.868001401100000081e+01,0.000000000000000000e+00,1.868001401100000081e+01
4.684761261300000257e+00,-2.211354555599999827e+01,0.000000000000000000e+00,2.211354555599999827e+01,-1.863390431499999877e+01,0.000000000000000000e+00,1.863390431499999877e+01
4.704781181199999551e+00,-2.169155422600000094e+01,0.000000000000000000e+00,2.169155422600000094e+01,-1.871556762199999824e+01,0.000000000000000000e+00,1.871556762199999824e+01
4.724801101100000622e+00,-2.131204039500000036e+01,0.000000000000000000e+00,2.131204039500000036e+01,-1.849420702700000163e+01,0.000000000000000000e+00,1.849420702700000163e+01
4.744821020999999917e+00,-2.100757253000000091e+01,0.000000000000000000e+00,2.100757253000000091e+01,-1.840228533899999874e+01,0.000000000000000000e+00,1.840228533899999874e+01
4.764840940899999211e+00,-2.078873808899999887e+01,0.000000000000000000e+00,2.078873808899999887e+01,-1.829536916200000007e+01,0.000000000000000000e+00,1.829536916200000007e+01
4.784860860899999402e+00,-2.049092737400000175e+01,0.000000000000000000e+00,2.049092737400000175e+01,-1.809125372500000140e+01,0.000000000000000000e+00,1.809125372500000140e+01
4.804880780800000473e+00,-2.027224992100000023e+01,0.000000000000000000e+00,2.027224992100000023e+01,-1.796494355100000107e+01,0.000000000000000000e+00,1.796494355100000107e+01
4.824900700699999767e+00,-2.008732185099999867e+01,0.000000000000000000e+00,2.008732185099999867e+01,-1.798686373399999994e+01,0.000000000000000000e+00,1.798686373399999994e+01
4.844920620599999950e+00,-1.980101649899999927e+01,0.000000000000000000e+00,1.980101649899999927e+01,-1.768202068500000124e+01,0.000000000000000000e+00,1.768202068500000124e+01
4.864940540500000132e+00,-1.948998979299999945e+01,0.000000000000000000e+00,1.948998979299999945e+01,-1.750933385300000111e+01,0.000000000000000000e+00,1.750933385300000111e+01
4.884960460500000323e+00,-1.929600948099999869e+01,0.000000000000000000e+00,1.929600948099999869e+01,-1.736575099799999933e+01,0.000000000000000000e+00,1.736575099799999933e+01
4.904980380399999618e+00,-1.916468030100000064e+01,0.000000000000000000e+00,1.916468030100000064e+01,-1.726842537599999972e+01,0.000000000000000000e+00,1.726842537599999972e+01
4.925000300299999800e+00,-1.901907212800000124e+01,0.000000000000000000e+00,1.901907212800000124e+01,-1.709486372199999948e+01,0.000000000000000000e+00,1.709486372199999948e+01
4.945020220199999983e+00,-1.893560730700000150e+01,0.000000000000000000e+00,1.893560730700000150e+01,-1.695985860100000053e+01,0.000000000000000000e+00,1.695985860100000053e+01
4.965040140100000166e+00,-1.886942102900000151e+01,0.000000000000000000e+00,1.886942102900000151e+01,-1.682725530000000091e+01,0.000000000000000000e+00,1.682725530000000091e+01
4.985060060100000356e+00,-1.876169759300000095e+01,0.000000000000000000e+00,1.876169759300000095e+01,-1.689577254599999989e+01,0.000000000000000000e+00,1.689577254599999989e+01
5.005079979999999651e+00,-1.874730088600000144e+01,0.000000000000000000e+00,1.874730088600000144e+01,-1.689329993300000154e+01,0.000000000000000000e+00,1.689329993300000154e+01
5.025099899899999834e+00,-1.870875809200000006e+01,0.000000000000000000e+00,1.870875809200000006e+01,-1.696350867800000017e+01,0.000000000000000000e+00,1.696350867800000017e+01
5.045119819800000016e+00,-1.872292375800000030e+01,0.000000000000000000e+00,1.872292375800000030e+01,-1.726497045900000060e+01,0.000000000000000000e+00,1.726497045900000060e+01
5.065139739700000199e+00,-1.869234252800000107e+01,0.000000000000000000e+00,1.869234252800000107e+01,-1.752508716199999839e+01,0.000000000000000000e+00,1.752508716199999839e+01
5.085159659699999501e+00,-1.869127111599999935e+01,0.000000000000000000e+00,1.869127111599999935e+01,-1.784080263299999913e+01,0.000000000000000000e+00,1.784080263299999913e+01
5.105179579600000572e+00,-1.867242872599999970e+01,0.000000000000000000e+00,1.867242872599999970e+01,-1.832220684900000052e+01,0.000000000000000000e+00,1.832220684900000052e+01
5.125199499499999867e+00,-1.867344226399999840e+01,0.000000000000000000e+00,1.867344226399999840e+01,-1.866213602299999863e+01,0.000000000000000000e+00,1.866213602299999863e+01
5.145219419400000049e+00,-1.871804004000000177e+01,0.000000000000000000e+00,1.871804004000000177e+01,-1.905176530099999965e+01,0.000000000000000000e+00,1.905176530099999965e+01
5.165239339300000232e+00,-1.863424074699999977e+01,0.000000000000000000e+00,1.863424074699999977e+01,-1.959275338400000166e+01,0.000000000000000000e+00,1.959275338400000166e+01
5.185259259300000423e+00,-1.860012474499999868e+01,0.000000000000000000e+00,1.860012474499999868e+01,-2.003000377700000101e+01,0.000000000000000000e+00,2.003000377700000101e+01
5.205279179199999717e+00,-1.863567448699999929e+01,0.000000000000000000e+00,1.863567448699999929e+01,-2.025697479800000167e+01,0.000000000000000000e+00,2.025697479800000167e+01
5.225299099100000788e+00,-1.864494069099999862e+01,0.000000000000000000e+00,1.864494069099999862e+01,-2.090937420799999913e+01,0.000000000000000000e+00,2.090937420799999913e+01
5.245319019000000083e+00,-1.868886955900000046e+01,0.000000000000000000e+00,1.868886955900000046e+01,-2.121037987800000124e+01,0.000000000000000000e+00,2.121037987800000124e+01
5.265338938899999377e+00,-1.874081896999999941e+01,0.000000000000000000e+00,1.874081896999999941e+01,-2.157720477000000159e+01,0.000000000000000000e+00,2.157720477000000159e+01
5.285358858899999568e+00,-1.882460752300000095e+01,0.000000000000000000e+00,1.882460752300000095e+01,-2.189633617300000168e+01,0.000000000000000000e+00,2.189633617300000168e+01
5.305378778799999751e+00,-1.898476890999999966e+01,0.000000000000000000e+00,1.898476890999999966e+01,-2.227412732699999864e+01,0.000000000000000000e+00,2.227412732699999864e+01
5.325398698699999933e+00,-1.920803253200000071e+01,0.000000000000000000e+00,1.920803253200000071e+01,-2.268329185900000056e+01,0.000000000000000000e+00,2.268329185900000056e+01
5.345418618600000116e+00,-1.936741318199999995e+01,0.000000000000000000e+00,1.936741318199999995e+01,-2.289440513399999944e+01,0.000000000000000000e+00,2.289440513399999944e+01
5.365438538500000298e+00,-1.962555933399999830e+01,0.000000000000000000e+00,1.962555933399999830e+01,-2.302793379899999948e+01,0.000000000000000000e+00,2.302793379899999948e+01
5.385458458499999601e+00,-1.994567803900000058e+01,0.000000000000000000e+00,1.994567803900000058e+01,-2.323863289000000165e+01,0.000000000000000000e+00,2.323863289000000165e+01
5.405478378399999784e+00,-2.023927355700000064e+01,0.000000000000000000e+00,2.023927355700000064e+01,-2.344722974000000093e+01,0.000000000000000000e+00,2.344722974000000093e+01
5.425498298299999966e+00,-2.064583516200000091e+01,0.000000000000000000e+00,2.064583516200000091e+01,-2.339571157399999990e+01,0.000000000000000000e+00,2.339571157399999990e+01
5.445518218200000149e+00,-2.109946137300000046e+01,0.000000000000000000e+00,2.109946137300000046e+01,-2.355076399100000017e+01,0.000000000000000000e+00,2.355076399100000017e+01
5.465538138100000332e+00,-2.158407366300000163e+01,0.000000000000000000e+00,2.158407366300000163e+01,-2.358461543399999982e+01,0.000000000000000000e+00,2.358461543399999982e+01
5.485558058100000522e+00,-2.203022143200000116e+01,0.000000000000000000e+00,2.203022143200000116e+01,-2.347335498400000020e+01,0.000000000000000000e+00,2.347335498400000020e+01
5.505577977999999817e+00,-2.252362337099999934e+01,0.000000000000000000e+00,2.252362337099999934e+01,-2.361528507199999893e+01,0.000000000000000000e+00,2.361528507199999893e+01
5.525597897900000000e+00,-2.302055652700000010e+01,0.000000000000000000e+00,2.302055652700000010e+01,-2.384278032699999983e+01,0.000000000000000000e+00,2.384278032699999983e+01
5.545617817800000182e+00,-2.343065585200000100e+01,0.000000000000000000e+00,2.343065585200000100e+01,-2.397427478099999831e+01,0.000000000000000000e+00,2.397427478099999831e+01
5.565637737699999477e+00,-2.391606489300000149e+01,0.000000000000000000e+00,2.391606489300000149e+01,-2.389185108199999874e+01,0.000000000000000000e+00,2.389185108199999874e+01
5.585657657699999667e+00,-2.440291939400000132e+01,0.000000000000000000e+00,2.440291939400000132e+01,-2.401760417899999922e+01,0.000000000000000000e+00,2.401760417899999922e+01
5.605677577600000738e+00,-2.462240421999999995e+01,0.000000000000000000e+00,2.462240421999999995e+01,-2.434433916000000053e+01,0.000000000000000000e+00,2.434433916000000053e+01
5.625697497500000033e+00,-2.481657468499999908e+01,0.000000000000000000e+00,2.481657468499999908e+01,-2.419070384899999837e+01,0.000000000000000000e+00,2.419070384899999837e+01
5.645717417399999327e+00,-2.509214093399999967e+01,0.000000000000000000e+00,2.509214093399999967e+01,-2.384403394099999929e+01,0.000000000000000000e+00,2.384403394099999929e+01
5.665737337300000398e+00,-2.516310128499999976e+01,0.000000000000000000e+00,2.516310128499999976e+01,-2.378930656600000049e+01,0.000000000000000000e+00,2.378930656600000049e+01
5.685757257300000589e+00,-2.525036817799999866e+01,0.000000000000000000e+00,2.525036817799999866e+01,-2.362437501899999859e+01,0.000000000000000000e+00,2.362437501899999859e+01
5.705777177199999883e+00,-2.539113711299999920e+01,0.000000000000000000e+00,2.539113711299999920e+01,-2.299333929599999848e+01,0.000000000000000000e+00,2.299333929599999848e+01
5.725797097100000066e+00,-2.555342504600000098e+01,0.000000000000000000e+00,2.555342504600000098e+01,-2.253192435200000077e+01,0.000000000000000000e+00,2.253192435200000077e+01
5.745817017000000249e+00,-2.575423156100000099e+01,0.000000000000000000e+00,2.575423156100000099e+01,-2.239175819300000114e+01,0.000000000000000000e+00,2.239175819300000114e+01
5.765836936899999543e+00,-2.602492125599999895e+01,0.000000000000000000e+00,2.602492125599999895e+01,-2.210963210199999907e+01,0.000000000000000000e+00,2.210963210199999907e+01
5.785856856899999734e+00,-2.649733643400000105e+01,0.000000000000000000e+00,2.649733643400000105e+01,-2.156245152900000051e+01,0.000000000000000000e+00,2.156245152900000051e+01
5.805876776799999917e+00,-2.706212345300000166e+01,0.000000000000000000e+00,2.706212345300000166e+01,-2.148719601100000176e+01,0.000000000000000000e+00,2.148719601100000176e+01
5.825896696700000099e+00,-2.757626393500000006e+01,0.000000000000000000e+00,2.757626393500000006e+01,-2.132862405999999922e+01,0.000000000000000000e+00,2.132862405999999922e+01
5.845916616600000282e+00,-2.811654300000000006e+01,0.000000000000000000e+00,2.811654300000000006e+01,-2.098567511899999971e+01,0.000000000000000000e+00,2.098567511899999971e+01
5.865936536499999576e+00,-2.874998733099999981e+01,0.000000000000000000e+00,2.874998733099999981e+01,-2.082253269099999926e+01,0.000000000000000000e+00,2.082253269099999926e+01
5.885956456499999767e+00,-2.906334343500000017e+01,0.000000000000000000e+00,2.906334343500000017e+01,-2.098122401799999892e+01,0.000000000000000000e+00,2.098122401799999892e+01
5.905976376399999950e+00,-2.941142546500000066e+01,0.000000000000000000e+00,2.941142546500000066e+01,-2.112831225200000063e+01,0.000000000000000000e+00,2.112831225200000063e+01
5.925996296300000132e+00,-2.963442746000000128e+01,0.000000000000000000e+00,2.963442746000000128e+01,-2.122570791200000073e+01,0.000000000000000000e+00,2.122570791200000073e+01
5.946016216199999427e+00,-2.945741510899999938e+01,0.000000000000000000e+00,2.945741510899999938e+01,-2.139986838200000108e+01,0.000000000000000000e+00,2.139986838200000108e+01
5.966036136100000498e+00,-2.903070307699999830e+01,0.000000000000000000e+00,2.903070307699999830e+01,-2.143374044600000161e+01,0.000000000000000000e+00,2.143374044600000161e+01
5.986056056100000689e+00,-2.870829275199999842e+01,0.000000000000000000e+00,2.870829275199999842e+01,-2.150824920499999848e+01,0.000000000000000000e+00,2.150824920499999848e+01
6.006075975999999983e+00,-2.834020678899999979e+01,0.000000000000000000e+00,2.834020678899999979e+01,-2.155944582900000128e+01,0.000000000000000000e+00,2.155944582900000128e+01
6.026095895899999277e+00,-2.788625644300000062e+01,0.000000000000000000e+00,2.788625644300000062e+01,-2.148024557800000167e+01,0.000000000000000000e+00,2.148024557800000167e+01
6.046115815800000348e+00,-2.761559331500000170e+01,0.000000000000000000e+00,2.761559331500000170e+01,-2.153967151699999860e+01,0.000000000000000000e+00,2.153967151699999860e+01
6.066135735699999643e+00,-2.702205643899999998e+01,0.000000000000000000e+00,2.702205643899999998e+01,-2.154279832299999953e+01,0.000000000000000000e+00,2.154279832299999953e+01
6.086155655699999834e+00,-2.650009694999999965e+01,0.000000000000000000e+00,2.650009694999999965e+01,-2.148791770700000114e+01,0.000000000000000000e+00,2.148791770700000114e+01
6.106175575600000016e+00,-2.606555731199999926e+01,0.000000000000000000e+00,2.606555731199999926e+01,-2.146044836300000114e+01,0.000000000000000000e+00,2.146044836300000114e+01
6.126195495500000199e+00,-2.549302743100000157e+01,0.000000000000000000e+00,2.549302743100000157e+01,-2.146248627199999959e+01,0.000000000000000000e+00,2.146248627199999959e+01
6.146215415399999493e+00,-2.489538450499999911e+01,0.000000000000000000e+00,2.489538450499999911e+01,-2.140143433300000098e+01,0.000000000000000000e+00,2.140143433300000098e+01
6.166235335300000564e+00,-2.422427656400000018e+01,0.000000000000000000e+00,2.422427656400000018e+01,-2.131664195800000172e+01,0.000000000000000000e+00,2.131664195800000172e+01
6.186255255299999867e+00,-2.367447882500000134e+01,0.000000000000000000e+00,2.367447882500000134e+01,-2.135518967000000146e+01,0.000000000000000000e+00,2.135518967000000146e+01
6.206275175200000049e+00,-2.325311798399999930e+01,0.000000000000000000e+00,2.325311798399999930e+01,-2.143882908899999862e+01,0.000000000000000000e+00,2.143882908899999862e+01
6.226295095100000232e+00,-2.284641932299999922e+01,0.000000000000000000e+00,2.284641932299999922e+01,-2.144724065000000124e+01,0.000000000000000000e+00,2.144724065000000124e+01
6.246315015000000415e+00,-2.247330073299999853e+01,0.000000000000000000e+00,2.247330073299999853e+01,-2.153728247999999823e+01,0.000000000000000000e+00,2.153728247999999823e+01
6.266334934899999709e+00,-2.218397338600000168e+01,0.000000000000000000e+00,2.218397338600000168e+01,-2.180530325899999866e+01,0.000000000000000000e+00,2.180530325899999866e+01
6.286354854899999900e+00,-2.191101121699999865e+01,0.000000000000000000e+00,2.191101121699999865e+01,-2.208085839199999967e+01,0.000000000000000000e+00,2.208085839199999967e+01
6.306374774800000083e+00,-2.168343708400000125e+01,0.000000000000000000e+00,2.168343708400000125e+01,-2.233297115299999902e+01,0.000000000000000000e+00,2.233297115299999902e+01
6.326394694699999377e+00,-2.146926981500000053e+01,0.000000000000000000e+00,2.146926981500000053e+01,-2.268879270600000098e+01,0.000000000000000000e+00,2.268879270600000098e+01
6.346414614600000448e+00,-2.135325450099999856e+01,0.000000000000000000e+00,2.135325450099999856e+01,-2.300734804900000086e+01,0.000000000000000000e+00,2.300734804900000086e+01
6.366434534499999742e+00,-2.125868219699999884e+01,0.000000000000000000e+00,2.125868219699999884e+01,-2.348655777700000158e+01,0.000000000000000000e+00,2.348655777700000158e+01
6.386454454499999933e+00,-2.120570329599999937e+01,0.000000000000000000e+00,2.120570329599999937e+01,-2.387023821600000062e+01,0.000000000000000000e+00,2.387023821600000062e+01
6.406474374399999228e+00,-2.115754870099999962e+01,0.000000000000000000e+00,2.115754870099999962e+01,-2.433378080800000021e+01,0.000000000000000000e+00,2.433378080800000021e+01
6.426494294300000298e+00,-2.109582637000000105e+01,0.000000000000000000e+00,2.109582637000000105e+01,-2.461415249799999927e+01,0.000000000000000000e+00,2.461415249799999927e+01
6.446514214199999593e+00,-2.111607035300000135e+01,0.000000000000000000e+00,2.111607035300000135e+01,-2.487839385399999870e+01,0.000000000000000000e+00,2.487839385399999870e+01
6.466534134100000664e+00,-2.110641158600000011e+01,0.000000000000000000e+00,2.110641158600000011e+01,-2.520701799200000082e+01,0.000000000000000000e+00,2.520701799200000082e+01
6.486554054099999966e+00,-2.113975884099999902e+01,0.000000000000000000e+00,2.113975884099999902e+01,-2.531885318599999835e+01,0.000000000000000000e+00,2.531885318599999835e+01
6.506573974000000149e+00,-2.118469874699999878e+01,0.000000000000000000e+00,2.118469874699999878e+01,-2.528023789799999932e+01,0.000000000000000000e+00,2.528023789799999932e+01
6.526593893899999443e+00,-2.120729301100000086e+01,0.000000000000000000e+00,2.120729301100000086e+01,-2.516828580299999985e+01,0.000000000000000000e+00,2.516828580299999985e+01
6.546613813800000514e+00,-2.122271191000000101e+01,0.000000000000000000e+00,2.122271191000000101e+01,-2.499345025499999906e+01,0.000000000000000000e+00,2.499345025499999906e+01
6.566633733699999809e+00,-2.125031000099999900e+01,0.000000000000000000e+00,2.125031000099999900e+01,-2.462406706200000173e+01,0.000000000000000000e+00,2.462406706200000173e+01
6.586653653700000000e+00,-2.129153359200000040e+01,0.000000000000000000e+00,2.129153359200000040e+01,-2.440427002599999895e+01,0.000000000000000000e+00,2.440427002599999895e+01
6.606673573600000182e+00,-2.127054443400000139e+01,0.000000000000000000e+00,2.127054443400000139e+01,-2.420628545699999989e+01,0.000000000000000000e+00,2.420628545699999989e+01
6.626693493500000365e+00,-2.132997685999999860e+01,0.000000000000000000e+00,2.132997685999999860e+01,-2.409343273400000029e+01,0.000000000000000000e+00,2.409343273400000029e+01
6.646713413399999659e+00,-2.134605458300000080e+01,0.000000000000000000e+00,2.134605458300000080e+01,-2.395229197900000173e+01,0.000000000000000000e+00,2.395229197900000173e+01
6.666733333299999842e+00,-2.141563175599999980e+01,0.000000000000000000e+00,2.141563175599999980e+01,-2.386547077399999850e+01,0.000000000000000000e+00,2.386547077399999850e+01
6.686753253300000033e+00,-2.153663032300000069e+01,0.000000000000000000e+00,2.153663032300000069e+01,-2.381767302400000119e+01,0.000000000000000000e+00,2.381767302400000119e+01
6.706773173200000215e+00,-2.166129581499999901e+01,0.000000000000000000e+00,2.166129581499999901e+01,-2.387263833800000157e+01,0.000000000000000000e+00,2.387263833800000157e+01
6.726793093100000398e+00,-2.187919993599999913e+01,0.000000000000000000e+00,2.187919993599999913e+01,-2.393557078199999921e+01,0.000000000000000000e+00,2.393557078199999921e+01
6.746813012999999692e+00,-2.203502618799999979e+01,0.000000000000000000e+00,2.203502618799999979e+01,-2.382298200900000040e+01,0.000000000000000000e+00,2.382298200900000040e+01
6.766832932899999875e+00,-2.228735140499999900e+01,0.000000000000000000e+00,2.228735140499999900e+01,-2.387000502900000143e+01,0.000000000000000000e+00,2.387000502900000143e+01
6.786852852899999178e+00,-2.256993922699999899e+01,0.000000000000000000e+00,2.256993922699999899e+01,-2.381006211700000108e+01,0.000000000000000000e+00,2.381006211700000108e+01
6.806872772800000249e+00,-2.284287106000000023e+01,0.000000000000000000e+00,2.284287106000000023e+01,-2.390613158400000060e+01,0.000000000000000000e+00,2.390613158400000060e+01
6.826892692699999543e+00,-2.318072716400000033e+01,0.000000000000000000e+00,2.318072716400000033e+01,-2.401265497300000007e+01,0.000000000000000000e+00,2.401265497300000007e+01
6.846912612600000614e+00,-2.366720735499999861e+01,0.000000000000000000e+00,2.366720735499999861e+01,-2.395357445599999835e+01,0.000000000000000000e+00,2.395357445599999835e+01
6.866932532499999908e+00,-2.404459580099999982e+01,0.000000000000000000e+00,2.404459580099999982e+01,-2.408267292400000059e+01,0.000000000000000000e+00,2.408267292400000059e+01
6.886952452500000099e+00,-2.448239407799999867e+01,0.000000000000000000e+00,2.448239407799999867e+01,-2.411464837500000158e+01,0.000000000000000000e+00,2.411464837500000158e+01
6.906972372399999394e+00,-2.482181089999999912e+01,0.000000000000000000e+00,2.482181089999999912e+01,-2.394566433099999969e+01,0.000000000000000000e+00,2.394566433099999969e+01
6.926992292300000464e+00,-2.507448353199999858e+01,0.000000000000000000e+00,2.507448353199999858e+01,-2.382071610299999875e+01,0.000000000000000000e+00,2.382071610299999875e+01
6.947012212199999759e+00,-2.532049220100000042e+01,0.000000000000000000e+00,2.532049220100000042e+01,-2.362549080499999832e+01,0.000000000000000000e+00,2.362549080499999832e+01
6.967032132099999941e+00,-2.549388237699999848e+01,0.000000000000000000e+00,2.549388237699999848e+01,-2.326129041700000144e+01,0.000000000000000000e+00,2.326129041700000144e+01
6.987052052100000132e+00,-2.554022921400000001e+01,0.000000000000000000e+00,2.554022921400000001e+01,-2.303339307399999925e+01,0.000000000000000000e+00,2.303339307399999925e+01
7.007071972000000315e+00,-2.557097857700000176e+01,0.000000000000000000e+00,2.557097857700000176e+01,-2.284192046400000109e+01,0.000000000000000000e+00,2.284192046400000109e+01
7.027091891899999609e+00,-2.566909307499999926e+01,0.000000000000000000e+00,2.566909307499999926e+01,-2.264313508700000099e+01,0.000000000000000000e+00,2.264313508700000099e+01
7.047111811799999792e+00,-2.572966948899999906e+01,0.000000000000000000e+00,2.572966948899999906e+01,-2.258170752999999920e+01,0.000000000000000000e+00,2.258170752999999920e+01
7.067131731699999975e+00,-2.578182660699999929e+01,0.000000000000000000e+00,2.578182660699999929e+01,-2.238666838600000020e+01,0.000000000000000000e+00,2.238666838600000020e+01
7.087151651700000166e+00,-2.590220963100000162e+01,0.000000000000000000e+00,2.590220963100000162e+01,-2.231628753600000081e+01,0.000000000000000000e+00,2.231628753600000081e+01
7.107171571600000348e+00,-2.609411372699999987e+01,0.000000000000000000e+00,2.609411372699999987e+01,-2.249999984700000155e+01,0.000000000000000000e+00,2.249999984700000155e+01
7.127191491499999643e+00,-2.608386429300000131e+01,0.000000000000000000e+00,2.608386429300000131e+01,-2.245886830999999972e+01,0.000000000000000000e+00,2.245886830999999972e+01
7.147211411399999825e+00,-2.603656348499999851e+01,0.000000000000000000e+00,2.603656348499999851e+01,-2.251237159400000110e+01,0.000000000000000000e+00,2.251237159400000110e+01
7.167231331300000008e+00,-2.610508065400000177e+01,0.000000000000000000e+00,2.610508065400000177e+01,-2.264094698399999928e+01,0.000000000000000000e+00,2.264094698399999928e+01
7.187251251300000199e+00,-2.619551308300000159e+01,0.000000000000000000e+00,2.619551308300000159e+01,-2.290283858900000169e+01,0.000000000000000000e+00,2.290283858900000169e+01
7.207271171199999493e+00,-2.623143436399999828e+01,0.000000000000000000e+00,2.623143436399999828e+01,-2.301993110400000120e+01,0.000000000000000000e+00,2.301993110400000120e+01
7.227291091100000564e+00,-2.633614599099999865e+01,0.000000000000000000e+00,2.633614599099999865e+01,-2.319927489899999884e+01,0.000000000000000000e+00,2.319927489899999884e+01
7.247311010999999858e+00,-2.644781386300000037e+01,0.000000000000000000e+00,2.644781386300000037e+01,-2.350300376099999866e+01,0.000000000000000000e+00,2.350300376099999866e+01
7.267330930900000041e+00,-2.667781786300000135e+01,0.000000000000000000e+00,2.667781786300000135e+01,-2.393440048400000109e+01,0.000000000000000000e+00,2.393440048400000109e+01
7.287350850899999344e+00,-2.690031199399999906e+01,0.000000000000000000e+00,2.690031199399999906e+01,-2.413769143900000103e+01,0.000000000000000000e+00,2.413769143900000103e+01
7.307370770800000415e+00,-2.709780793099999840e+01,0.000000000000000000e+00,2.709780793099999840e+01,-2.430335308100000091e+01,0.000000000000000000e+00,2.430335308100000091e+01
7.327390690699999709e+00,-2.752463678000000158e+01,0.000000000000000000e+00,2.752463678000000158e+01,-2.462228357700000103e+01,0.000000000000000000e+00,2.462228357700000103e+01
7.347410610600000780e+00,-2.785914660799999965e+01,0.000000000000000000e+00,2.785914660799999965e+01,-2.476776569700000152e+01,0.000000000000000000e+00,2.476776569700000152e+01
7.367430530500000074e+00,-2.797497620100000049e+01,0.000000000000000000e+00,2.797497620100000049e+01,-2.482262562200000033e+01,0.000000000000000000e+00,2.482262562200000033e+01
7.387450450500000265e+00,-2.812561663900000042e+01,0.000000000000000000e+00,2.812561663900000042e+01,-2.482395556599999864e+01,0.000000000000000000e+00,2.482395556599999864e+01
7.407470370399999560e+00,-2.818908073000000059e+01,0.000000000000000000e+00,2.818908073000000059e+01,-2.501512186600000121e+01,0.000000000000000000e+00,2.501512186600000121e+01
7.427490290300000630e+00,-2.805884039700000088e+01,0.000000000000000000e+00,2.805884039700000088e+01,-2.488252713400000005e+01,0.000000000000000000e+00,2.488252713400000005e+01
7.447510210199999925e+00,-2.783363752600000041e+01,0.000000000000000000e+00,2.783363752600000041e+01,-2.478420676200000017e+01,0.000000000000000000e+00,2.478420676200000017e+01
7.467530130100000108e+00,-2.766710359600000046e+01,0.000000000000000000e+00,2.766710359600000046e+01,-2.470655391400000056e+01,0.000000000000000000e+00,2.470655391400000056e+01
7.487550050100000298e+00,-2.748016807999999855e+01,0.000000000000000000e+00,2.748016807999999855e+01,-2.475903890900000093e+01,0.000000000000000000e+00,2.475903890900000093e+01
7.507569969999999593e+00,-2.720932834999999983e+01,0.000000000000000000e+00,2.720932834999999983e+01,-2.464959983399999999e+01,0.000000000000000000e+00,2.464959983399999999e+01
7.527589889899999775e+00,-2.695111132099999907e+01,0.000000000000000000e+00,2.695111132099999907e+01,-2.448059662300000028e+01,0.000000000000000000e+00,2.448059662300000028e+01
7.547609809799999958e+00,-2.677193594199999893e+01,0.000000000000000000e+00,2.677193594199999893e+01,-2.440563686699999835e+01,0.000000000000000000e+00,2.440563686699999835e+01
7.567629729700000141e+00,-2.676261925700000077e+01,0.000000000000000000e+00,2.676261925700000077e+01,-2.435360883899999962e+01,0.000000000000000000e+00,2.435360883899999962e+01
7.587649649600000323e+00,-2.673111949600000159e+01,0.000000000000000000e+00,2.673111949600000159e+01,-2.423342893099999884e+01,0.000000000000000000e+00,2.423342893099999884e+01
7.607669569600000514e+00,-2.670645061400000131e+01,0.000000000000000000e+00,2.670645061400000131e+01,-2.431159837099999876e+01,0.000000000000000000e+00,2.431159837099999876e+01
7.627689489499999809e+00,-2.683235511999999900e+01,0.000000000000000000e+00,2.683235511999999900e+01,-2.424514832499999883e+01,0.000000000000000000e+00,2.424514832499999883e+01
7.647709409399999991e+00,-2.681498742500000176e+01,0.000000000000000000e+00,2.681498742500000176e+01,-2.450102118199999879e+01,0.000000000000000000e+00,2.450102118199999879e+01
7.667729329300000174e+00,-2.688622261200000096e+01,0.000000000000000000e+00,2.688622261200000096e+01,-2.468562473400000101e+01,0.000000000000000000e+00,2.468562473400000101e+01
7.687749249199999468e+00,-2.692296807500000000e+01,0.000000000000000000e+00,2.692296807500000000e+01,-2.476024122400000138e+01,0.000000000000000000e+00,2.476024122400000138e+01
7.707769169199999659e+00,-2.696422631200000097e+01,0.000000000000000000e+00,2.696422631200000097e+01,-2.481321389500000052e+01,0.000000000000000000e+00,2.481321389500000052e+01
7.727789089100000730e+00,-2.700211989099999954e+01,0.000000000000000000e+00,2.700211989099999954e+01,-2.501049392699999885e+01,0.000000000000000000e+00,2.501049392699999885e+01
7.747809009000000025e+00,-2.698310416099999998e+01,0.000000000000000000e+00,2.698310416099999998e+01,-2.538608421800000059e+01,0.000000000000000000e+00,2.538608421800000059e+01
7.767828928899999319e+00,-2.691878693399999989e+01,0.000000000000000000e+00,2.691878693399999989e+01,-2.551856750199999979e+01,0.000000000000000000e+00,2.551856750199999979e+01
7.787848848800000390e+00,-2.673559128000000129e+01,0.000000000000000000e+00,2.673559128000000129e+01,-2.586468140999999932e+01,0.000000000000000000e+00,2.586468140999999932e+01
7.807868768800000581e+00,-2.659456272999999982e+01,0.000000000000000000e+00,2.659456272999999982e+01,-2.624049541700000177e+01,0.000000000000000000e+00,2.624049541700000177e+01
7.827888688699999875e+00,-2.635965097900000131e+01,0.000000000000000000e+00,2.635965097900000131e+01,-2.646171396200000103e+01,0.000000000000000000e+00,2.646171396200000103e+01
7.847908608600000058e+00,-2.625476081200000067e+01,0.000000000000000000e+00,2.625476081200000067e+01,-2.645825654200000088e+01,0.000000000000000000e+00,2.645825654200000088e+01
7.867928528500000240e+00,-2.608870689500000140e+01,0.000000000000000000e+00,2.608870689500000140e+01,-2.672193722000000093e+01,0.000000000000000000e+00,2.672193722000000093e+01
7.887948448399999535e+00,-2.597501885000000144e+01,0.000000000000000000e+00,2.597501885000000144e+01,-2.707157092899999995e+01,0.000000000000000000e+00,2.707157092899999995e+01
7.907968368399999726e+00,-2.594235131699999997e+01,0.000000000000000000e+00,2.594235131699999997e+01,-2.702666694499999878e+01,0.000000000000000000e+00,2.702666694499999878e+01
7.927988288299999908e+00,-2.600752406999999877e+01,0.000000000000000000e+00,2.600752406999999877e+01,-2.731929543600000088e+01,0.000000000000000000e+00,2.731929543600000088e+01
7.948008208200000091e+00,-2.595615249000000091e+01,0.000000000000000000e+00,2.595615249000000091e+01,-2.756362323999999830e+01,0.000000000000000000e+00,2.756362323999999830e+01
7.968028128100000274e+00,-2.598637585499999858e+01,0.000000000000000000e+00,2.598637585499999858e+01,-2.758839002999999934e+01,0.000000000000000000e+00,2.758839002999999934e+01
7.988048047999999568e+00,-2.602081324599999945e+01,0.000000000000000000e+00,2.602081324599999945e+01,-2.767380772499999964e+01,0.000000000000000000e+00,2.767380772499999964e+01
8.008067968000000647e+00,-2.610850516900000073e+01,0.000000000000000000e+00,2.610850516900000073e+01,-2.786236244399999862e+01,0.000000000000000000e+00,2.786236244399999862e+01
8.028087887899999942e+00,-2.615358670599999869e+01,0.000000000000000000e+00,2.615358670599999869e+01,-2.786280154199999970e+01,0.000000000000000000e+00,2.786280154199999970e+01
8.048107807800001012e+00,-2.619662251700000155e+01,0.000000000000000000e+00,2.619662251700000155e+01,-2.774164139699999865e+01,0.000000000000000000e+00,2.774164139699999865e+01
8.068127727700000307e+00,-2.622600566599999894e+01,0.000000000000000000e+00,2.622600566599999894e+01,-2.797149153299999824e+01,0.000000000000000000e+00,2.797149153299999824e+01
8.088147647599999601e+00,-2.629988145200000105e+01,0.000000000000000000e+00,2.629988145200000105e+01,-2.815555514300000084e+01,0.000000000000000000e+00,2.815555514300000084e+01
8.108167567600000680e+00,-2.640843751799999950e+01,0.000000000000000000e+00,2.640843751799999950e+01,-2.797012404000000174e+01,0.000000000000000000e+00,2.797012404000000174e+01
8.128187487499999975e+00,-2.651026620800000089e+01,0.000000000000000000e+00,2.651026620800000089e+01,-2.818085543600000165e+01,0.000000000000000000e+00,2.818085543600000165e+01
8.148207407399999269e+00,-2.637019442100000077e+01,0.000000000000000000e+00,2.637019442100000077e+01,-2.852698653999999934e+01,0.000000000000000000e+00,2.852698653999999934e+01
8.168227327300000340e+00,-2.622455993999999890e+01,0.000000000000000000e+00,2.622455993999999890e+01,-2.850344166500000043e+01,0.000000000000000000e+00,2.850344166500000043e+01
8.188247247199999634e+00,-2.599505152300000077e+01,0.000000000000000000e+00,2.599505152300000077e+01,-2.859819696099999931e+01,0.000000000000000000e+00,2.859819696099999931e+01
8.208267167199998937e+00,-2.573246557499999909e+01,0.000000000000000000e+00,2.573246557499999909e+01,-2.888277217399999941e+01,0.000000000000000000e+00,2.888277217399999941e+01
8.228287087100000008e+00,-2.557161552299999840e+01,0.000000000000000000e+00,2.557161552299999840e+01,-2.890522630599999943e+01,0.000000000000000000e+00,2.890522630599999943e+01
8.248307006999999302e+00,-2.541450208799999899e+01,0.000000000000000000e+00,2.541450208799999899e+01,-2.896499414999999900e+01,0.000000000000000000e+00,2.896499414999999900e+01
8.268326926900000373e+00,-2.526677339200000105e+01,0.000000000000000000e+00,2.526677339200000105e+01,-2.891559870800000098e+01,0.000000000000000000e+00,2.891559870800000098e+01
8.288346846799999668e+00,-2.522337125299999983e+01,0.000000000000000000e+00,2.522337125299999983e+01,-2.904218838899999966e+01,0.000000000000000000e+00,2.904218838899999966e+01
8.308366766800000747e+00,-2.525324983599999840e+01,0.000000000000000000e+00,2.525324983599999840e+01,-2.905446667800000071e+01,0.000000000000000000e+00,2.905446667800000071e+01
8.328386686700000041e+00,-2.524721784799999824e+01,0.000000000000000000e+00,2.524721784799999824e+01,-2.889019719899999927e+01,0.000000000000000000e+00,2.889019719899999927e+01
8.348406606600001112e+00,-2.529796235799999948e+01,0.000000000000000000e+00,2.529796235799999948e+01,-2.877356877500000110e+01,0.000000000000000000e+00,2.877356877500000110e+01
8.368426526500000406e+00,-2.542106095800000176e+01,0.000000000000000000e+00,2.542106095800000176e+01,-2.842261648399999885e+01,0.000000000000000000e+00,2.842261648399999885e+01
8.388446446399999701e+00,-2.552320752800000037e+01,0.000000000000000000e+00,2.552320752800000037e+01,-2.782530538800000031e+01,0.000000000000000000e+00,2.782530538800000031e+01
8.408466366399999004e+00,-2.573322025499999910e+01,0.000000000000000000e+00,2.573322025499999910e+01,-2.741657321199999942e+01,0.000000000000000000e+00,2.741657321199999942e+01
8.428486286300000074e+00,-2.607169518799999963e+01,0.000000000000000000e+00,2.607169518799999963e+01,-2.724836465899999993e+01,0.000000000000000000e+00,2.724836465899999993e+01
8.448506206199999369e+00,-2.646499075999999917e+01,0.000000000000000000e+00,2.646499075999999917e+01,-2.694503269899999864e+01,0.000000000000000000e+00,2.694503269899999864e+01
8.468526126100000440e+00,-2.681539527199999995e+01,0.000000000000000000e+00,2.681539527199999995e+01,-2.667798893200000165e+01,0.000000000000000000e+00,2.667798893200000165e+01
8.488546045999999734e+00,-2.721731114600000012e+01,0.000000000000000000e+00,2.721731114600000012e+01,-2.654299833900000039e+01,0.000000000000000000e+00,2.654299833900000039e+01
8.508565966000000813e+00,-2.763656569799999829e+01,0.000000000000000000e+00,2.763656569799999829e+01,-2.654663911000000098e+01,0.000000000000000000e+00,2.654663911000000098e+01
8.528585885900000108e+00,-2.797015524100000050e+01,0.000000000000000000e+00,2.797015524100000050e+01,-2.640440962599999963e+01,0.000000000000000000e+00,2.640440962599999963e+01
8.548605805799999402e+00,-2.813392936800000044e+01,0.000000000000000000e+00,2.813392936800000044e+01,-2.640285271899999842e+01,0.000000000000000000e+00,2.640285271899999842e+01
8.568625725700000473e+00,-2.833277113400000147e+01,0.000000000000000000e+00,2.833277113400000147e+01,-2.650493635200000142e+01,0.000000000000000000e+00,2.650493635200000142e+01
8.588645645599999767e+00,-2.842436415699999941e+01,0.000000000000000000e+00,2.842436415699999941e+01,-2.673729836200000065e+01,0.000000000000000000e+00,2.673729836200000065e+01
8.608665565600000846e+00,-2.831979968699999972e+01,0.000000000000000000e+00,2.831979968699999972e+01,-2.700158133000000049e+01,0.000000000000000000e+00,2.700158133000000049e+01
8.628685485500000141e+00,-2.805350917699999869e+01,0.000000000000000000e+00,2.805350917699999869e+01,-2.739779005899999831e+01,0.000000000000000000e+00,2.739779005899999831e+01
8.648705405399999435e+00,-2.776340149900000043e+01,0.000000000000000000e+00,2.776340149900000043e+01,-2.766142934799999864e+01,0.000000000000000000e+00,2.766142934799999864e+01
8.668725325299998730e+00,-2.762989884899999993e+01,0.000000000000000000e+00,2.762989884899999993e+01,-2.790951957300000075e+01,0.000000000000000000e+00,2.790951957300000075e+01
8.688745245200001577e+00,-2.763611803499999908e+01,0.000000000000000000e+00,2.763611803499999908e+01,-2.829509652400000164e+01,0.000000000000000000e+00,2.829509652400000164e+01
8.708765165200000880e+00,-2.758366364300000129e+01,0.000000000000000000e+00,2.758366364300000129e+01,-2.863787038599999946e+01,0.000000000000000000e+00,2.863787038599999946e+01
8.728785085100000174e+00,-2.755342101200000116e+01,0.000000000000000000e+00,2.755342101200000116e+01,-2.875771502199999929e+01,0.000000000000000000e+00,2.875771502199999929e+01
8.748805004999999468e+00,-2.766394379400000147e+01,0.000000000000000000e+00,2.766394379400000147e+01,-2.874525220499999989e+01,0.000000000000000000e+00,2.874525220499999989e+01
8.768824924899998763e+00,-2.760363853000000134e+01,0.000000000000000000e+00,2.760363853000000134e+01,-2.891463470900000132e+01,0.000000000000000000e+00,2.891463470900000132e+01
8.788844844799999834e+00,-2.747467066100000110e+01,0.000000000000000000e+00,2.747467066100000110e+01,-2.896135989100000074e+01,0.000000000000000000e+00,2.896135989100000074e+01
8.808864764799999136e+00,-2.750933312200000103e+01,0.000000000000000000e+00,2.750933312200000103e+01,-2.874991376499999873e+01,0.000000000000000000e+00,2.874991376499999873e+01
8.828884684700000207e+00,-2.759627094800000080e+01,0.000000000000000000e+00,2.759627094800000080e+01,-2.837540857100000125e+01,0.000000000000000000e+00,2.837540857100000125e+01
8.848904604599999502e+00,-2.762458503599999915e+01,0.000000000000000000e+00,2.762458503599999915e+01,-2.808938919399999889e+01,0.000000000000000000e+00,2.808938919399999889e+01
8.868924524500000572e+00,-2.777581076499999924e+01,0.000000000000000000e+00,2.777581076499999924e+01,-2.778741941799999893e+01,0.000000000000000000e+00,2.778741941799999893e+01
8.888944444399999867e+00,-2.790703034599999910e+01,0.000000000000000000e+00,2.790703034599999910e+01,-2.716458777500000110e+01,0.000000000000000000e+00,2.716458777500000110e+01
8.908964364399999170e+00,-2.810971487799999835e+01,0.000000000000000000e+00,2.810971487799999835e+01,-2.681203121800000133e+01,0.000000000000000000e+00,2.681203121800000133e+01
8.928984284299998464e+00,-2.841149048000000121e+01,0.000000000000000000e+00,2.841149048000000121e+01,-2.658802220700000163e+01,0.000000000000000000e+00,2.658802220700000163e+01
8.949004204200001311e+00,-2.875937000300000079e+01,0.000000000000000000e+00,2.875937000300000079e+01,-2.623807772800000038e+01,0.000000000000000000e+00,2.623807772800000038e+01
8.969024124100000606e+00,-2.905334594400000015e+01,0.000000000000000000e+00,2.905334594400000015e+01,-2.589642536399999884e+01,0.000000000000000000e+00,2.589642536399999884e+01
8.989044043999999900e+00,-2.941276083800000052e+01,0.000000000000000000e+00,2.941276083800000052e+01,-2.585528114899999963e+01,0.000000000000000000e+00,2.585528114899999963e+01
9.009063963999999203e+00,-2.975200351100000162e+01,0.000000000000000000e+00,2.975200351100000162e+01,-2.578172754499999897e+01,0.000000000000000000e+00,2.578172754499999897e+01
9.029083883900000274e+00,-3.004433182700000060e+01,0.000000000000000000e+00,3.004433182700000060e+01,-2.568062663099999909e+01,0.000000000000000000e+00,2.568062663099999909e+01
9.049103803799999568e+00,-3.020964738600000032e+01,0.000000000000000000e+00,3.020964738600000032e+01,-2.573447509100000019e+01,0.000000000000000000e+00,2.573447509100000019e+01
9.069123723700000639e+00,-3.048022426700000054e+01,0.000000000000000000e+00,3.048022426700000054e+01,-2.595272050599999858e+01,0.000000000000000000e+00,2.595272050599999858e+01
9.089143643599999933e+00,-3.061494097299999950e+01,0.000000000000000000e+00,3.061494097299999950e+01,-2.595671353099999834e+01,0.000000000000000000e+00,2.595671353099999834e+01
9.109163563600001012e+00,-3.071498861199999908e+01,0.000000000000000000e+00,3.071498861199999908e+01,-2.620537225200000009e+01,0.000000000000000000e+00,2.620537225200000009e+01
9.129183483500000307e+00,-3.076945379600000052e+01,0.000000000000000000e+00,3.076945379600000052e+01,-2.650509939399999837e+01,0.000000000000000000e+00,2.650509939399999837e+01
9.149203403399999601e+00,-3.066579252800000077e+01,0.000000000000000000e+00,3.066579252800000077e+01,-2.679827469499999992e+01,0.000000000000000000e+00,2.679827469499999992e+01
9.169223323299998896e+00,-3.055001560399999860e+01,0.000000000000000000e+00,3.055001560399999860e+01,-2.685570637700000063e+01,0.000000000000000000e+00,2.685570637700000063e+01
9.189243243199999966e+00,-3.050196005900000173e+01,0.000000000000000000e+00,3.050196005900000173e+01,-2.729213304600000001e+01,0.000000000000000000e+00,2.729213304600000001e+01
9.209263163200001046e+00,-3.042161245999999863e+01,0.000000000000000000e+00,3.042161245999999863e+01,-2.759639022500000038e+01,0.000000000000000000e+00,2.759639022500000038e+01
9.229283083100000340e+00,-3.044893365500000115e+01,0.000000000000000000e+00,3.044893365500000115e+01,-2.784884957299999897e+01,0.000000000000000000e+00,2.784884957299999897e+01
9.249303002999999634e+00,-3.070534876099999977e+01,0.000000000000000000e+00,3.070534876099999977e+01,-2.822940774499999961e+01,0.000000000000000000e+00,2.822940774499999961e+01
9.269322922899998929e+00,-3.099223000599999978e+01,0.000000000000000000e+00,3.099223000599999978e+01,-2.868861696700000152e+01,0.000000000000000000e+00,2.868861696700000152e+01
9.289342842800000000e+00,-3.130150863700000130e+01,0.000000000000000000e+00,3.130150863700000130e+01,-2.928509516500000132e+01,0.000000000000000000e+00,2.928509516500000132e+01
9.309362762799999302e+00,-3.173722727599999871e+01,0.000000000000000000e+00,3.173722727599999871e+01,-2.964439614699999836e+01,0.000000000000000000e+00,2.964439614699999836e+01
9.329382682700000373e+00,-3.216086285200000106e+01,0.000000000000000000e+00,3.216086285200000106e+01,-3.020268074799999880e+01,0.000000000000000000e+00,3.020268074799999880e+01
9.349402602599999668e+00,-3.225638532899999689e+01,0.000000000000000000e+00,3.225638532899999689e+01,-3.064532126599999984e+01,0.000000000000000000e+00,3.064532126599999984e+01
9.369422522500000738e+00,-3.232599310999999886e+01,0.000000000000000000e+00,3.232599310999999886e+01,-3.077341593499999917e+01,0.000000000000000000e+00,3.077341593499999917e+01
9.389442442400000033e+00,-3.239800860700000129e+01,0.000000000000000000e+00,3.239800860700000129e+01,-3.081205981600000143e+01,0.000000000000000000e+00,3.081205981600000143e+01
9.409462362399999336e+00,-3.231241934999999899e+01,0.000000000000000000e+00,3.231241934999999899e+01,-3.088117401199999890e+01,0.000000000000000000e+00,3.088117401199999890e+01
9.429482282299998630e+00,-3.242926778799999710e+01,0.000000000000000000e+00,3.242926778799999710e+01,-3.093950786699999966e+01,0.000000000000000000e+00,3.093950786699999966e+01
9.449502202200001477e+00,-3.259480772700000273e+01,0.000000000000000000e+00,3.259480772700000273e+01,-3.077245209899999878e+01,0.000000000000000000e+00,3.077245209899999878e+01
9.469522122100000772e+00,-3.259880251799999940e+01,0.000000000000000000e+00,3.259880251799999940e+01,-3.076720614899999973e+01,0.000000000000000000e+00,3.076720614899999973e+01
9.489542042000000066e+00,-3.252940445099999778e+01,0.000000000000000000e+00,3.252940445099999778e+01,-3.077420888400000010e+01,0.000000000000000000e+00,3.077420888400000010e+01
9.509561961999999369e+00,-3.268970548299999734e+01,0.000000000000000000e+00,3.268970548299999734e+01,-3.051579166100000151e+01,0.000000000000000000e+00,3.051579166100000151e+01
9.529581881900000440e+00,-3.270503419199999939e+01,0.000000000000000000e+00,3.270503419199999939e+01,-3.034066262800000047e+01,0.000000000000000000e+00,3.034066262800000047e+01
9.549601801799999734e+00,-3.266584671300000053e+01,0.000000000000000000e+00,3.266584671300000053e+01,-3.015357230200000060e+01,0.000000000000000000e+00,3.015357230200000060e+01
9.569621721700000805e+00,-3.268502494799999880e+01,0.000000000000000000e+00,3.268502494799999880e+01,-2.996082065799999938e+01,0.000000000000000000e+00,2.996082065799999938e+01
9.589641641600000099e+00,-3.247858868899999862e+01,0.000000000000000000e+00,3.247858868899999862e+01,-2.992853773799999928e+01,0.000000000000000000e+00,2.992853773799999928e+01
9.609661561600001178e+00,-3.228722321899999770e+01,0.000000000000000000e+00,3.228722321899999770e+01,-2.976562523300000151e+01,0.000000000000000000e+00,2.976562523300000151e+01
9.629681481500000473e+00,-3.199783789099999964e+01,0.000000000000000000e+00,3.199783789099999964e+01,-2.984208993700000079e+01,0.000000000000000000e+00,2.984208993700000079e+01
9.649701401399999767e+00,-3.164740135899999984e+01,0.000000000000000000e+00,3.164740135899999984e+01,-3.014050272800000130e+01,0.000000000000000000e+00,3.014050272800000130e+01
9.669721321299999062e+00,-3.133040908499999944e+01,0.000000000000000000e+00,3.133040908499999944e+01,-3.035412396699999960e+01,0.000000000000000000e+00,3.035412396699999960e+01
9.689741241200000132e+00,-3.110263305599999839e+01,0.000000000000000000e+00,3.110263305599999839e+01,-3.064113774300000159e+01,0.000000000000000000e+00,3.064113774300000159e+01
9.709761161200001212e+00,-3.081557757999999936e+01,0.000000000000000000e+00,3.081557757999999936e+01,-3.125376904799999878e+01,0.000000000000000000e+00,3.125376904799999878e+01
9.729781081100000506e+00,-3.053294500200000172e+01,0.000000000000000000e+00,3.053294500200000172e+01,-3.178243231300000105e+01,0.000000000000000000e+00,3.178243231300000105e+01
9.749801000999999800e+00,-3.034661371900000049e+01,0.000000000000000000e+00,3.034661371900000049e+01,-3.219583244799999733e+01,0.000000000000000000e+00,3.219583244799999733e+01
9.769820920899999095e+00,-3.017645906399999944e+01,0.000000000000000000e+00,3.017645906399999944e+01,-3.276210842900000131e+01,0.000000000000000000e+00,3.276210842900000131e+01
9.789840840799998389e+00,-2.995820403400000131e+01,0.000000000000000000e+00,2.995820403400000131e+01,-3.334250935899999746e+01,0.000000000000000000e+00,3.334250935899999746e+01
9.809860760799999468e+00,-2.977479015500000159e+01,0.000000000000000000e+00,2.977479015500000159e+01,-3.376893516799999873e+01,0.000000000000000000e+00,3.376893516799999873e+01
9.829880680700000539e+00,-2.959032554899999923e+01,0.000000000000000000e+00,2.959032554899999923e+01,-3.444481133000000028e+01,0.000000000000000000e+00,3.444481133000000028e+01
9.849900600599999834e+00,-2.948931743200000000e+01,0.000000000000000000e+00,2.948931743200000000e+01,-3.521323791399999692e+01,0.000000000000000000e+00,3.521323791399999692e+01
9.869920520499999128e+00,-2.938757121400000116e+01,0.000000000000000000e+00,2.938757121400000116e+01,-3.615340953999999840e+01,0.000000000000000000e+00,3.615340953999999840e+01
9.889940440400000199e+00,-2.934325380399999972e+01,0.000000000000000000e+00,2.934325380399999972e+01,-3.705477660300000053e+01,0.000000000000000000e+00,3.705477660300000053e+01
9.909960360399999502e+00,-2.928290939700000095e+01,0.000000000000000000e+00,2.928290939700000095e+01,-3.833996527699999746e+01,0.000000000000000000e+00,3.833996527699999746e+01
9.929980280299998796e+00,-2.930605387700000009e+01,0.000000000000000000e+00,2.930605387700000009e+01,-3.966217132199999895e+01,0.000000000000000000e+00,3.966217132199999895e+01
9.950000200200001643e+00,-2.926453558900000118e+01,0.000000000000000000e+00,2.926453558900000118e+01,-4.134314919599999882e+01,0.000000000000000000e+00,4.134314919599999882e+01
9.970020120100000938e+00,-2.931279833900000042e+01,0.000000000000000000e+00,2.931279833900000042e+01,-4.288241938000000175e+01,0.000000000000000000e+00,4.288241938000000175e+01
9.990040040000000232e+00,-2.912482943299999860e+01,0.000000000000000000e+00,2.912482943299999860e+01,-4.437541131500000091e+01,0.000000000000000000e+00,4.437541131500000091e+01
1.001005995999999953e+01,-2.908126801299999897e+01,0.000000000000000000e+00,2.908126801299999897e+01,-4.374906791299999753e+01,0.000000000000000000e+00,4.374906791299999753e+01
1.003007988000000061e+01,-2.914157523700000141e+01,0.000000000000000000e+00,2.914157523700000141e+01,-4.211187012199999913e+01,0.000000000000000000e+00,4.211187012199999913e+01
1.005009979999999992e+01,-2.912785594600000039e+01,0.000000000000000000e+00,2.912785594600000039e+01,-4.089677515799999696e+01,0.000000000000000000e+00,4.089677515799999696e+01
1.007011971999999922e+01,-2.904304871800000143e+01,0.000000000000000000e+00,2.904304871800000143e+01,-3.915274436899999699e+01,0.000000000000000000e+00,3.915274436899999699e+01
1.009013964000000030e+01,-2.900140550400000095e+01,0.000000000000000000e+00,2.900140550400000095e+01,-3.811969529000000279e+01,0.000000000000000000e+00,3.811969529000000279e+01
1.011015955999999960e+01,-2.884579030500000130e+01,0.000000000000000000e+00,2.884579030500000130e+01,-3.763838385799999742e+01,0.000000000000000000e+00,3.763838385799999742e+01
1.013017947900000060e+01,-2.883774603099999823e+01,0.000000000000000000e+00,2.883774603099999823e+01,-3.655039657399999697e+01,0.000000000000000000e+00,3.655039657399999697e+01
1.015019939899999990e+01,-2.888547550699999888e+01,0.000000000000000000e+00,2.888547550699999888e+01,-3.630895402299999830e+01,0.000000000000000000e+00,3.630895402299999830e+01
1.017021931899999920e+01,-2.890125275000000116e+01,0.000000000000000000e+00,2.890125275000000116e+01,-3.606014459000000016e+01,0.000000000000000000e+00,3.606014459000000016e+01
1.019023923900000028e+01,-2.897439022900000083e+01,0.000000000000000000e+00,2.897439022900000083e+01,-3.577361988300000206e+01,0.000000000000000000e+00,3.577361988300000206e+01
1.021025915899999958e+01,-2.916220962999999955e+01,0.000000000000000000e+00,2.916220962999999955e+01,-3.632823736499999967e+01,0.000000000000000000e+00,3.632823736499999967e+01
1.023027907900000066e+01,-2.926263817199999906e+01,0.000000000000000000e+00,2.926263817199999906e+01,-3.632622621800000218e+01,0.000000000000000000e+00,3.632622621800000218e+01
1.025029899899999997e+01,-2.941180016899999927e+01,0.000000000000000000e+00,2.941180016899999927e+01,-3.666716951699999782e+01,0.000000000000000000e+00,3.666716951699999782e+01
1.027031891899999927e+01,-2.959851226099999977e+01,0.000000000000000000e+00,2.959851226099999977e+01,-3.798678697799999782e+01,0.000000000000000000e+00,3.798678697799999782e+01
1.029033883900000035e+01,-2.983023547999999892e+01,0.000000000000000000e+00,2.983023547999999892e+01,-3.832170295600000287e+01,0.000000000000000000e+00,3.832170295600000287e+01
1.031035875899999965e+01,-3.010646047699999883e+01,0.000000000000000000e+00,3.010646047699999883e+01,-3.940769388799999717e+01,0.000000000000000000e+00,3.940769388799999717e+01
1.033037867900000073e+01,-3.068933389000000034e+01,0.000000000000000000e+00,3.068933389000000034e+01,-4.177837310700000018e+01,0.000000000000000000e+00,4.177837310700000018e+01
1.035039859900000003e+01,-3.110955201799999870e+01,0.000000000000000000e+00,3.110955201799999870e+01,-4.329263043099999919e+01,0.000000000000000000e+00,4.329263043099999919e+01
1.037041851899999934e+01,-3.151406127099999921e+01,0.000000000000000000e+00,3.151406127099999921e+01,-4.633875963799999909e+01,0.000000000000000000e+00,4.633875963799999909e+01
1.039043843800000033e+01,-3.198281728399999935e+01,0.000000000000000000e+00,3.198281728399999935e+01,-5.228569363500000122e+01,0.000000000000000000e+00,5.228569363500000122e+01
1.041045835799999963e+01,-3.235179879300000039e+01,0.000000000000000000e+00,3.235179879300000039e+01,-5.631777072700000275e+01,0.000000000000000000e+00,5.631777072700000275e+01
1.043047827800000071e+01,-3.250418145799999792e+01,0.000000000000000000e+00,3.250418145799999792e+01,-4.954548013200000156e+01,0.000000000000000000e+00,4.954548013200000156e+01
1.045049819800000002e+01,-3.232129296800000162e+01,0.000000000000000000e+00,3.232129296800000162e+01,-4.490862500000000068e+01,0.000000000000000000e+00,4.490862500000000068e+01
1.047051811799999932e+01,-3.205667086900000129e+01,0.000000000000000000e+00,3.205667086900000129e+01,-4.232522726500000232e+01,0.000000000000000000e+00,4.232522726500000232e+01
1.049053803800000040e+01,-3.173136441899999838e+01,0.000000000000000000e+00,3.173136441899999838e+01,-3.994190348699999760e+01,0.000000000000000000e+00,3.994190348699999760e+01
1.051055795799999970e+01,-3.139744360699999959e+01,0.000000000000000000e+00,3.139744360699999959e+01,-3.799573596300000133e+01,0.000000000000000000e+00,3.799573596300000133e+01
1.053057787800000078e+01,-3.126019352699999843e+01,0.000000000000000000e+00,3.126019352699999843e+01,-3.681463773200000134e+01,0.000000000000000000e+00,3.681463773200000134e+01
1.055059779800000008e+01,-3.108360603799999922e+01,0.000000000000000000e+00,3.108360603799999922e+01,-3.551820196900000326e+01,0.000000000000000000e+00,3.551820196900000326e+01
1.057061771799999939e+01,-3.114143317199999927e+01,0.000000000000000000e+00,3.114143317199999927e+01,-3.463811093799999696e+01,0.000000000000000000e+00,3.463811093799999696e+01
1.059063763800000046e+01,-3.134357177600000099e+01,0.000000000000000000e+00,3.134357177600000099e+01,-3.396978624799999835e+01,0.000000000000000000e+00,3.396978624799999835e+01
1.061065755799999977e+01,-3.164599869999999981e+01,0.000000000000000000e+00,3.164599869999999981e+01,-3.336421583500000310e+01,0.000000000000000000e+00,3.336421583500000310e+01
1.063067747700000076e+01,-3.199255326700000168e+01,0.000000000000000000e+00,3.199255326700000168e+01,-3.258106674599999764e+01,0.000000000000000000e+00,3.258106674599999764e+01
1.065069739700000007e+01,-3.252858803600000215e+01,0.000000000000000000e+00,3.252858803600000215e+01,-3.244896812599999691e+01,0.000000000000000000e+00,3.244896812599999691e+01
1.067071731699999937e+01,-3.324563401799999696e+01,0.000000000000000000e+00,3.324563401799999696e+01,-3.203782832200000286e+01,0.000000000000000000e+00,3.203782832200000286e+01
1.069073723700000045e+01,-3.401416057699999840e+01,0.000000000000000000e+00,3.401416057699999840e+01,-3.146221793599999828e+01,0.000000000000000000e+00,3.146221793599999828e+01
1.071075715699999975e+01,-3.495519006399999995e+01,0.000000000000000000e+00,3.495519006399999995e+01,-3.141334613100000084e+01,0.000000000000000000e+00,3.141334613100000084e+01
1.073077707700000083e+01,-3.594962151200000022e+01,0.000000000000000000e+00,3.594962151200000022e+01,-3.131091063699999921e+01,0.000000000000000000e+00,3.131091063699999921e+01
1.075079699700000013e+01,-3.689822834000000285e+01,0.000000000000000000e+00,3.689822834000000285e+01,-3.123099798399999827e+01,0.000000000000000000e+00,3.123099798399999827e+01
1.077081691699999944e+01,-3.787538475400000237e+01,0.000000000000000000e+00,3.787538475400000237e+01,-3.107832650699999988e+01,0.000000000000000000e+00,3.107832650699999988e+01
1.079083683700000051e+01,-3.883639406999999721e+01,0.000000000000000000e+00,3.883639406999999721e+01,-3.131277838999999830e+01,0.000000000000000000e+00,3.131277838999999830e+01
1.081085675699999982e+01,-3.932097508300000044e+01,0.000000000000000000e+00,3.932097508300000044e+01,-3.139414196499999932e+01,0.000000000000000000e+00,3.139414196499999932e+01
1.083087667699999912e+01,-3.935665846700000259e+01,0.000000000000000000e+00,3.935665846700000259e+01,-3.174703487100000032e+01,0.000000000000000000e+00,3.174703487100000032e+01
1.085089659700000020e+01,-3.944268105999999818e+01,0.000000000000000000e+00,3.944268105999999818e+01,-3.236527092200000055e+01,0.000000000000000000e+00,3.236527092200000055e+01
1.087091651699999950e+01,-3.880356067299999978e+01,0.000000000000000000e+00,3.880356067299999978e+01,-3.286486956400000281e+01,0.000000000000000000e+00,3.286486956400000281e+01
1.089093643600000050e+01,-3.832852773700000171e+01,0.000000000000000000e+00,3.832852773700000171e+01,-3.382226838700000116e+01,0.000000000000000000e+00,3.382226838700000116e+01
1.091095635599999980e+01,-3.794513104100000334e+01,0.000000000000000000e+00,3.794513104100000334e+01,-3.489410259999999653e+01,0.000000000000000000e+00,3.489410259999999653e+01
1.093097627600000088e+01,-3.712212092299999711e+01,0.000000000000000000e+00,3.712212092299999711e+01,-3.588416997400000241e+01,0.000000000000000000e+00,3.588416997400000241e+01
1.095099619600000018e+01,-3.690670212500000247e+01,0.000000000000000000e+00,3.690670212500000247e+01,-3.756743448600000335e+01,0.000000000000000000e+00,3.756743448600000335e+01
1.097101611599999949e+01,-3.691504595399999999e+01,0.000000000000000000e+00,3.691504595399999999e+01,-3.962445745299999800e+01,0.000000000000000000e+00,3.962445745299999800e+01
1.099103603600000056e+01,-3.700079887300000081e+01,0.000000000000000000e+00,3.700079887300000081e+01,-4.104395678899999922e+01,0.000000000000000000e+00,4.104395678899999922e+01
1.101105595599999987e+01,-3.712379034700000346e+01,0.000000000000000000e+00,3.712379034700000346e+01,-4.340862413499999661e+01,0.000000000000000000e+00,4.340862413499999661e+01
1.103107587599999917e+01,-3.742161715299999969e+01,0.000000000000000000e+00,3.742161715299999969e+01,-4.606597133799999710e+01,0.000000000000000000e+00,4.606597133799999710e+01
1.105109579600000025e+01,-3.746653578600000145e+01,0.000000000000000000e+00,3.746653578600000145e+01,-4.642210421299999723e+01,0.000000000000000000e+00,4.642210421299999723e+01
1.107111571599999955e+01,-3.770453801699999730e+01,0.000000000000000000e+00,3.770453801699999730e+01,-4.632344133899999861e+01,0.000000000000000000e+00,4.632344133899999861e+01
1.109113563600000063e+01,-3.798726973800000195e+01,0.000000000000000000e+00,3.798726973800000195e+01,-4.444860791299999647e+01,0.000000000000000000e+00,4.444860791299999647e+01
1.111115555599999993e+01,-3.795805949900000087e+01,0.000000000000000000e+00,3.795805949900000087e+01,-4.323877333099999731e+01,0.000000000000000000e+00,4.323877333099999731e+01
1.113117547499999915e+01,-3.790686764400000186e+01,0.000000000000000000e+00,3.790686764400000186e+01,-4.117225538699999987e+01,0.000000000000000000e+00,4.117225538699999987e+01
1.115119539500000023e+01,-3.754063676100000180e+01,0.000000000000000000e+00,3.754063676100000180e+01,-4.063111473800000084e+01,0.000000000000000000e+00,4.063111473800000084e+01
1.117121531499999953e+01,-3.716184850500000181e+01,0.000000000000000000e+00,3.716184850500000181e+01,-3.964579011800000075e+01,0.000000000000000000e+00,3.964579011800000075e+01
1.119123523500000061e+01,-3.661353713599999793e+01,0.000000000000000000e+00,3.661353713599999793e+01,-3.841361769000000237e+01,0.000000000000000000e+00,3.841361769000000237e+01
1.121125515499999992e+01,-3.573197414799999905e+01,0.000000000000000000e+00,3.573197414799999905e+01,-3.791803920800000327e+01,0.000000000000000000e+00,3.791803920800000327e+01
1.123127507499999922e+01,-3.503491403999999676e+01,0.000000000000000000e+00,3.503491403999999676e+01,-3.761232263099999784e+01,0.000000000000000000e+00,3.761232263099999784e+01
1.125129499500000030e+01,-3.445749260099999844e+01,0.000000000000000000e+00,3.445749260099999844e+01,-3.715189464099999839e+01,0.000000000000000000e+00,3.715189464099999839e+01
1.127131491499999960e+01,-3.411842951900000287e+01,0.000000000000000000e+00,3.411842951900000287e+01,-3.683775210999999672e+01,0.000000000000000000e+00,3.683775210999999672e+01
1.129133483500000068e+01,-3.405850983199999860e+01,0.000000000000000000e+00,3.405850983199999860e+01,-3.704898006100000174e+01,0.000000000000000000e+00,3.704898006100000174e+01
1.131135475499999998e+01,-3.378831712600000259e+01,0.000000000000000000e+00,3.378831712600000259e+01,-3.736515983500000004e+01,0.000000000000000000e+00,3.736515983500000004e+01
1.133137467499999929e+01,-3.372862201899999945e+01,0.000000000000000000e+00,3.372862201899999945e+01,-3.788375153900000214e+01,0.000000000000000000e+00,3.788375153900000214e+01
1.135139459500000036e+01,-3.358061183499999913e+01,0.000000000000000000e+00,3.358061183499999913e+01,-3.823517174399999874e+01,0.000000000000000000e+00,3.823517174399999874e+01
1.137141451499999967e+01,-3.334956408200000055e+01,0.000000000000000000e+00,3.334956408200000055e+01,-3.902728929199999897e+01,0.000000000000000000e+00,3.902728929199999897e+01
1.139143443400000066e+01,-3.313900834999999745e+01,0.000000000000000000e+00,3.313900834999999745e+01,-3.910740630299999765e+01,0.000000000000000000e+00,3.910740630299999765e+01
1.141145435399999997e+01,-3.307412471300000334e+01,0.000000000000000000e+00,3.307412471300000334e+01,-3.865879339800000025e+01,0.000000000000000000e+00,3.865879339800000025e+01
1.143147427399999927e+01,-3.283799291100000062e+01,0.000000000000000000e+00,3.283799291100000062e+01,-3.867208207400000219e+01,0.000000000000000000e+00,3.867208207400000219e+01
1.145149419400000035e+01,-3.270202750699999683e+01,0.000000000000000000e+00,3.270202750699999683e+01,-3.782613840799999849e+01,0.000000000000000000e+00,3.782613840799999849e+01
1.147151411399999965e+01,-3.251723046800000105e+01,0.000000000000000000e+00,3.251723046800000105e+01,-3.707549696600000289e+01,0.000000000000000000e+00,3.707549696600000289e+01
1.149153403400000073e+01,-3.226537877100000173e+01,0.000000000000000000e+00,3.226537877100000173e+01,-3.638409437300000349e+01,0.000000000000000000e+00,3.638409437300000349e+01
1.151155395400000003e+01,-3.202341793800000147e+01,0.000000000000000000e+00,3.202341793800000147e+01,-3.577930822399999755e+01,0.000000000000000000e+00,3.577930822399999755e+01
1.153157387399999934e+01,-3.208436543500000226e+01,0.000000000000000000e+00,3.208436543500000226e+01,-3.504393225799999811e+01,0.000000000000000000e+00,3.504393225799999811e+01
1.155159379400000041e+01,-3.223789700900000099e+01,0.000000000000000000e+00,3.223789700900000099e+01,-3.422540554100000065e+01,0.000000000000000000e+00,3.422540554100000065e+01
1.157161371399999972e+01,-3.240450767299999768e+01,0.000000000000000000e+00,3.240450767299999768e+01,-3.334364224099999774e+01,0.000000000000000000e+00,3.334364224099999774e+01
1.159163363400000080e+01,-3.285426419499999895e+01,0.000000000000000000e+00,3.285426419499999895e+01,-3.262167176599999863e+01,0.000000000000000000e+00,3.262167176599999863e+01
1.161165355400000010e+01,-3.355027001900000272e+01,0.000000000000000000e+00,3.355027001900000272e+01,-3.166137204900000057e+01,0.000000000000000000e+00,3.166137204900000057e+01
1.163167347299999932e+01,-3.432436548399999765e+01,0.000000000000000000e+00,3.432436548399999765e+01,-3.111306519600000087e+01,0.000000000000000000e+00,3.111306519600000087e+01
1.165169339300000040e+01,-3.518850452899999937e+01,0.000000000000000000e+00,3.518850452899999937e+01,-3.078915517800000146e+01,0.000000000000000000e+00,3.078915517800000146e+01
1.167171331299999970e+01,-3.642244663400000348e+01,0.000000000000000000e+00,3.642244663400000348e+01,-3.025899079799999924e+01,0.000000000000000000e+00,3.025899079799999924e+01
1.169173323300000078e+01,-3.734245455599999985e+01,0.000000000000000000e+00,3.734245455599999985e+01,-2.977839458700000108e+01,0.000000000000000000e+00,2.977839458700000108e+01
1.171175315300000008e+01,-3.839846080000000228e+01,0.000000000000000000e+00,3.839846080000000228e+01,-2.953128709499999971e+01,0.000000000000000000e+00,2.953128709499999971e+01
1.173177307299999939e+01,-3.933417002200000212e+01,0.000000000000000000e+00,3.933417002200000212e+01,-2.941611098199999930e+01,0.000000000000000000e+00,2.941611098199999930e+01
1.175179299300000046e+01,-4.011119981899999942e+01,0.000000000000000000e+00,4.011119981899999942e+01,-2.922782730699999831e+01,0.000000000000000000e+00,2.922782730699999831e+01
1.177181291299999977e+01,-4.064499407600000325e+01,0.000000000000000000e+00,4.064499407600000325e+01,-2.926428323900000095e+01,0.000000000000000000e+00,2.926428323900000095e+01
1.179183283300000085e+01,-4.128965566099999762e+01,0.000000000000000000e+00,4.128965566099999762e+01,-2.928069897399999988e+01,0.000000000000000000e+00,2.928069897399999988e+01
1.181185275300000015e+01,-4.128885733999999985e+01,0.000000000000000000e+00,4.128885733999999985e+01,-2.913363211000000064e+01,0.000000000000000000e+00,2.913363211000000064e+01
1.183187267299999945e+01,-4.131725278999999773e+01,0.000000000000000000e+00,4.131725278999999773e+01,-2.931325956999999960e+01,0.000000000000000000e+00,2.931325956999999960e+01
1.185189259300000053e+01,-4.182839300300000218e+01,0.000000000000000000e+00,4.182839300300000218e+01,-2.956843120599999963e+01,0.000000000000000000e+00,2.956843120599999963e+01
1.187191251299999983e+01,-4.177212538300000233e+01,0.000000000000000000e+00,4.177212538300000233e+01,-2.980063136100000065e+01,0.000000000000000000e+00,2.980063136100000065e+01
1.189193243200000083e+01,-4.132586473199999944e+01,0.000000000000000000e+00,4.132586473199999944e+01,-3.006593529599999925e+01,0.000000000000000000e+00,3.006593529599999925e+01
1.191195235200000013e+01,-4.150629151100000058e+01,0.000000000000000000e+00,4.150629151100000058e+01,-3.046765897299999892e+01,0.000000000000000000e+00,3.046765897299999892e+01
1.193197227199999944e+01,-4.154788754500000181e+01,0.000000000000000000e+00,4.154788754500000181e+01,-3.065429687199999975e+01,0.000000000000000000e+00,3.065429687199999975e+01
1.195199219200000051e+01,-4.194225159399999825e+01,0.000000000000000000e+00,4.194225159399999825e+01,-3.107074118499999926e+01,0.000000000000000000e+00,3.107074118499999926e+01
1.197201211199999982e+01,-4.257928660900000040e+01,0.000000000000000000e+00,4.257928660900000040e+01,-3.162957456599999873e+01,0.000000000000000000e+00,3.162957456599999873e+01
1.199203203199999912e+01,-4.290984539899999817e+01,0.000000000000000000e+00,4.290984539899999817e+01,-3.197159034699999935e+01,0.000000000000000000e+00,3.197159034699999935e+01
1.201205195200000020e+01,-4.314957869199999863e+01,0.000000000000000000e+00,4.314957869199999863e+01,-3.259629527799999948e+01,0.000000000000000000e+00,3.259629527799999948e+01
1.203207187199999950e+01,-4.351105529699999863e+01,0.000000000000000000e+00,4.351105529699999863e+01,-3.347236804500000318e+01,0.000000000000000000e+00,3.347236804500000318e+01
1.205209179200000058e+01,-4.358235075599999675e+01,0.000000000000000000e+00,4.358235075599999675e+01,-3.452211929900000342e+01,0.000000000000000000e+00,3.452211929900000342e+01
1.207211171199999988e+01,-4.296775646399999715e+01,0.000000000000000000e+00,4.296775646399999715e+01,-3.586642740399999951e+01,0.000000000000000000e+00,3.586642740399999951e+01
1.209213163199999919e+01,-4.326045385399999788e+01,0.000000000000000000e+00,4.326045385399999788e+01,-3.648122634300000300e+01,0.000000000000000000e+00,3.648122634300000300e+01
1.211215155200000027e+01,-4.270591790600000337e+01,0.000000000000000000e+00,4.270591790600000337e+01,-3.769813843899999739e+01,0.000000000000000000e+00,3.769813843899999739e+01
1.213217147099999949e+01,-4.233069959000000182e+01,0.000000000000000000e+00,4.233069959000000182e+01,-3.913707200700000044e+01,0.000000000000000000e+00,3.913707200700000044e+01
1.215219139100000056e+01,-4.264686214299999989e+01,0.000000000000000000e+00,4.264686214299999989e+01,-3.897435314199999823e+01,0.000000000000000000e+00,3.897435314199999823e+01
1.217221131099999987e+01,-4.319791344099999719e+01,0.000000000000000000e+00,4.319791344099999719e+01,-3.856855211399999916e+01,0.000000000000000000e+00,3.856855211399999916e+01
1.219223123099999917e+01,-4.273470498999999734e+01,0.000000000000000000e+00,4.273470498999999734e+01,-3.895576029299999732e+01,0.000000000000000000e+00,3.895576029299999732e+01
1.221225115100000025e+01,-4.286443885999999992e+01,0.000000000000000000e+00,4.286443885999999992e+01,-3.814871951599999989e+01,0.000000000000000000e+00,3.814871951599999989e+01
1.223227107099999955e+01,-4.247853173899999746e+01,0.000000000000000000e+00,4.247853173899999746e+01,-3.735492230399999869e+01,0.000000000000000000e+00,3.735492230399999869e+01
1.225229099100000063e+01,-4.069386640500000141e+01,0.000000000000000000e+00,4.069386640500000141e+01,-3.718708556800000053e+01,0.000000000000000000e+00,3.718708556800000053e+01
1.227231091099999993e+01,-3.984677827699999852e+01,0.000000000000000000e+00,3.984677827699999852e+01,-3.688559718900000206e+01,0.000000000000000000e+00,3.688559718900000206e+01
1.229233083099999924e+01,-3.887425641699999801e+01,0.000000000000000000e+00,3.887425641699999801e+01,-3.612730704799999870e+01,0.000000000000000000e+00,3.612730704799999870e+01
1.231235075100000032e+01,-3.793385657500000008e+01,0.000000000000000000e+00,3.793385657500000008e+01,-3.505063648899999862e+01,0.000000000000000000e+00,3.505063648899999862e+01
1.233237067099999962e+01,-3.714276505200000145e+01,0.000000000000000000e+00,3.714276505200000145e+01,-3.477371064500000131e+01,0.000000000000000000e+00,3.477371064500000131e+01
1.235239059100000070e+01,-3.692228757600000222e+01,0.000000000000000000e+00,3.692228757600000222e+01,-3.449260139500000122e+01,0.000000000000000000e+00,3.449260139500000122e+01
1.237241051100000000e+01,-3.683745660200000316e+01,0.000000000000000000e+00,3.683745660200000316e+01,-3.386490764199999859e+01,0.000000000000000000e+00,3.386490764199999859e+01
1.239243042999999922e+01,-3.706423466999999761e+01,0.000000000000000000e+00,3.706423466999999761e+01,-3.330714543100000213e+01,0.000000000000000000e+00,3.330714543100000213e+01
1.241245035000000030e+01,-3.753460231599999730e+01,0.000000000000000000e+00,3.753460231599999730e+01,-3.331953215000000057e+01,0.000000000000000000e+00,3.331953215000000057e+01
1.243247026999999960e+01,-3.760385817699999933e+01,0.000000000000000000e+00,3.760385817699999933e+01,-3.335651996099999650e+01,0.000000000000000000e+00,3.335651996099999650e+01
1.245249019000000068e+01,-3.810755549900000005e+01,0.000000000000000000e+00,3.810755549900000005e+01,-3.312367839800000269e+01,0.000000000000000000e+00,3.312367839800000269e+01
1.247251010999999998e+01,-3.979060015200000322e+01,0.000000000000000000e+00,3.979060015200000322e+01,-3.303291781699999774e+01,0.000000000000000000e+00,3.303291781699999774e+01
1.249253002999999929e+01,-4.061795316500000297e+01,0.000000000000000000e+00,4.061795316500000297e+01,-3.352761741999999856e+01,0.000000000000000000e+00,3.352761741999999856e+01
1.251254995000000036e+01,-4.124382052499999674e+01,0.000000000000000000e+00,4.124382052499999674e+01,-3.346044852100000355e+01,0.000000000000000000e+00,3.346044852100000355e+01
1.253256986999999967e+01,-4.237511004099999923e+01,0.000000000000000000e+00,4.237511004099999923e+01,-3.366929270600000024e+01,0.000000000000000000e+00,3.366929270600000024e+01
1.255258979000000075e+01,-4.256564226700000120e+01,0.000000000000000000e+00,4.256564226700000120e+01,-3.409942890300000329e+01,0.000000000000000000e+00,3.409942890300000329e+01
1.257260971000000005e+01,-4.155283667399999814e+01,0.000000000000000000e+00,4.155283667399999814e+01,-3.459670792699999708e+01,0.000000000000000000e+00,3.459670792699999708e+01
1.259262962999999935e+01,-4.024747672699999868e+01,0.000000000000000000e+00,4.024747672699999868e+01,-3.470765096600000277e+01,0.000000000000000000e+00,3.470765096600000277e+01
1.261264955000000043e+01,-3.968783091200000257e+01,0.000000000000000000e+00,3.968783091200000257e+01,-3.475567088300000052e+01,0.000000000000000000e+00,3.475567088300000052e+01
1.263266946899999965e+01,-3.899553662800000353e+01,0.000000000000000000e+00,3.899553662800000353e+01,-3.494689161699999858e+01,0.000000000000000000e+00,3.494689161699999858e+01
1.265268938900000073e+01,-3.795187974600000302e+01,0.000000000000000000e+00,3.795187974600000302e+01,-3.548561222800000081e+01,0.000000000000000000e+00,3.548561222800000081e+01
1.267270930900000003e+01,-3.712090408299999922e+01,0.000000000000000000e+00,3.712090408299999922e+01,-3.574037680800000061e+01,0.000000000000000000e+00,3.574037680800000061e+01
1.269272922899999934e+01,-3.624296035599999755e+01,0.000000000000000000e+00,3.624296035599999755e+01,-3.577990521800000323e+01,0.000000000000000000e+00,3.577990521800000323e+01
1.271274914900000041e+01,-3.471184020700000161e+01,0.000000000000000000e+00,3.471184020700000161e+01,-3.633659350599999982e+01,0.000000000000000000e+00,3.633659350599999982e+01
1.273276906899999972e+01,-3.331513594700000169e+01,0.000000000000000000e+00,3.331513594700000169e+01,-3.701664462200000116e+01,0.000000000000000000e+00,3.701664462200000116e+01
1.275278898900000080e+01,-3.288430823499999889e+01,0.000000000000000000e+00,3.288430823499999889e+01,-3.736037823299999872e+01,0.000000000000000000e+00,3.736037823299999872e+01
1.277280890900000010e+01,-3.255364879799999756e+01,0.000000000000000000e+00,3.255364879799999756e+01,-3.729154484099999678e+01,0.000000000000000000e+00,3.729154484099999678e+01
1.279282882899999940e+01,-3.290697959999999966e+01,0.000000000000000000e+00,3.290697959999999966e+01,-3.683079698000000235e+01,0.000000000000000000e+00,3.683079698000000235e+01
1.281284874900000048e+01,-3.389830830199999667e+01,0.000000000000000000e+00,3.389830830199999667e+01,-3.630869781799999885e+01,0.000000000000000000e+00,3.630869781799999885e+01
1.283286866899999978e+01,-3.579377770899999689e+01,0.000000000000000000e+00,3.579377770899999689e+01,-3.554806976199999724e+01,0.000000000000000000e+00,3.554806976199999724e+01
1.285288858900000086e+01,-3.867576013899999765e+01,0.000000000000000000e+00,3.867576013899999765e+01,-3.496793390999999929e+01,0.000000000000000000e+00,3.496793390999999929e+01
1.287290850900000017e+01,-4.012314847300000054e+01,0.000000000000000000e+00,4.012314847300000054e+01,-3.510361680500000148e+01,0.000000000000000000e+00,3.510361680500000148e+01
1.289292842799999939e+01,-4.055308498299999798e+01,0.000000000000000000e+00,4.055308498299999798e+01,-3.455646533200000192e+01,0.000000000000000000e+00,3.455646533200000192e+01
1.291294834800000046e+01,-4.095086153199999757e+01,0.000000000000000000e+00,4.095086153199999757e+01,-3.435655247100000054e+01,0.000000000000000000e+00,3.435655247100000054e+01
1.293296826799999977e+01,-4.189339314299999728e+01,0.000000000000000000e+00,4.189339314299999728e+01,-3.418489867899999979e+01,0.000000000000000000e+00,3.418489867899999979e+01
1.295298818800000085e+01,-4.380083875399999727e+01,0.000000000000000000e+00,4.380083875399999727e+01,-3.437552491200000304e+01,0.000000000000000000e+00,3.437552491200000304e+01
1.297300810800000015e+01,-4.744834323900000328e+01,0.000000000000000000e+00,4.744834323900000328e+01,-3.465271537499999965e+01,0.000000000000000000e+00,3.465271537499999965e+01
1.299302802799999945e+01,-5.129703899599999772e+01,0.000000000000000000e+00,5.129703899599999772e+01,-3.546122282200000342e+01,0.000000000000000000e+00,3.546122282200000342e+01
1.301304794800000053e+01,-5.007163924500000007e+01,0.000000000000000000e+00,5.007163924500000007e+01,-3.641176336899999910e+01,0.000000000000000000e+00,3.641176336899999910e+01
1.303306786799999983e+01,-4.533931917700000014e+01,0.000000000000000000e+00,4.533931917700000014e+01,-3.744169317699999766e+01,0.000000000000000000e+00,3.744169317699999766e+01
1.305308778799999914e+01,-4.251133610699999821e+01,0.000000000000000000e+00,4.251133610699999821e+01,-3.896370634099999819e+01,0.000000000000000000e+00,3.896370634099999819e+01
1.307310770800000022e+01,-4.061132133200000283e+01,0.000000000000000000e+00,4.061132133200000283e+01,-4.096544067800000022e+01,0.000000000000000000e+00,4.096544067800000022e+01
1.309312762799999952e+01,-3.977306184700000102e+01,0.000000000000000000e+00,3.977306184700000102e+01,-4.281858729599999691e+01,0.000000000000000000e+00,4.281858729599999691e+01
1.311314754800000060e+01,-3.936728200499999986e+01,0.000000000000000000e+00,3.936728200499999986e+01,-4.558939513100000340e+01,0.000000000000000000e+00,4.558939513100000340e+01
1.313316746699999982e+01,-3.871617905800000159e+01,0.000000000000000000e+00,3.871617905800000159e+01,-4.722511186799999905e+01,0.000000000000000000e+00,4.722511186799999905e+01
1.315318738699999912e+01,-3.783667379500000294e+01,0.000000000000000000e+00,3.783667379500000294e+01,-5.218147753299999891e+01,0.000000000000000000e+00,5.218147753299999891e+01
1.317320730700000020e+01,-3.710404160400000251e+01,0.000000000000000000e+00,3.710404160400000251e+01,-6.435688396700000169e+01,0.000000000000000000e+00,6.435688396700000169e+01
1.319322722699999950e+01,-3.598220300500000235e+01,0.000000000000000000e+00,3.598220300500000235e+01,-4.842706078300000172e+01,0.000000000000000000e+00,4.842706078300000172e+01
1.321324714700000058e+01,-3.520587151400000181e+01,0.000000000000000000e+00,3.520587151400000181e+01,-4.301798094600000155e+01,0.000000000000000000e+00,4.301798094600000155e+01
1.323326706699999988e+01,-3.411142407300000201e+01,0.000000000000000000e+00,3.411142407300000201e+01,-3.952681794299999751e+01,0.000000000000000000e+00,3.952681794299999751e+01
1.325328698699999919e+01,-3.329313835399999988e+01,0.000000000000000000e+00,3.329313835399999988e+01,-3.657746115599999825e+01,0.000000000000000000e+00,3.657746115599999825e+01
1.327330690700000027e+01,-3.229765997399999833e+01,0.000000000000000000e+00,3.229765997399999833e+01,-3.417169897200000150e+01,0.000000000000000000e+00,3.417169897200000150e+01
1.329332682699999957e+01,-3.186139499700000144e+01,0.000000000000000000e+00,3.186139499700000144e+01,-3.252908902299999738e+01,0.000000000000000000e+00,3.252908902299999738e+01
1.331334674700000065e+01,-3.169870650200000028e+01,0.000000000000000000e+00,3.169870650200000028e+01,-3.144899386799999874e+01,0.000000000000000000e+00,3.144899386799999874e+01
1.333336666699999995e+01,-3.130718411200000162e+01,0.000000000000000000e+00,3.130718411200000162e+01,-3.065531851100000083e+01,0.000000000000000000e+00,3.065531851100000083e+01
1.335338658699999925e+01,-3.136569593000000111e+01,0.000000000000000000e+00,3.136569593000000111e+01,-3.004060424100000048e+01,0.000000000000000000e+00,3.004060424100000048e+01
1.337340650700000033e+01,-3.158926089999999931e+01,0.000000000000000000e+00,3.158926089999999931e+01,-2.971864970800000094e+01,0.000000000000000000e+00,2.971864970800000094e+01
1.339342642599999955e+01,-3.172473306899999912e+01,0.000000000000000000e+00,3.172473306899999912e+01,-2.950747646900000021e+01,0.000000000000000000e+00,2.950747646900000021e+01
1.341344634600000063e+01,-3.151336643999999865e+01,0.000000000000000000e+00,3.151336643999999865e+01,-2.950508695599999953e+01,0.000000000000000000e+00,2.950508695599999953e+01
1.343346626599999993e+01,-3.161275296000000168e+01,0.000000000000000000e+00,3.161275296000000168e+01,-2.964092374100000171e+01,0.000000000000000000e+00,2.964092374100000171e+01
1.345348618599999924e+01,-3.174906536900000020e+01,0.000000000000000000e+00,3.174906536900000020e+01,-2.976795429499999912e+01,0.000000000000000000e+00,2.976795429499999912e+01
1.347350610600000032e+01,-3.198548291699999879e+01,0.000000000000000000e+00,3.198548291699999879e+01,-3.031071318500000089e+01,0.000000000000000000e+00,3.031071318500000089e+01
1.349352602599999962e+01,-3.221214855200000216e+01,0.000000000000000000e+00,3.221214855200000216e+01,-3.112132025600000063e+01,0.000000000000000000e+00,3.112132025600000063e+01
1.351354594600000070e+01,-3.259936868300000157e+01,0.000000000000000000e+00,3.259936868300000157e+01,-3.213394027300000033e+01,0.000000000000000000e+00,3.213394027300000033e+01
1.353356586600000000e+01,-3.334187452399999785e+01,0.000000000000000000e+00,3.334187452399999785e+01,-3.357799765000000036e+01,0.000000000000000000e+00,3.357799765000000036e+01
1.355358578599999930e+01,-3.423081017300000184e+01,0.000000000000000000e+00,3.423081017300000184e+01,-3.539601951299999882e+01,0.000000000000000000e+00,3.539601951299999882e+01
1.357360570600000038e+01,-3.527998130200000304e+01,0.000000000000000000e+00,3.527998130200000304e+01,-3.777535583200000247e+01,0.000000000000000000e+00,3.777535583200000247e+01
1.359362562599999968e+01,-3.572963473800000145e+01,0.000000000000000000e+00,3.572963473800000145e+01,-4.042768899299999674e+01,0.000000000000000000e+00,4.042768899299999674e+01
1.361364554600000076e+01,-3.558674216299999671e+01,0.000000000000000000e+00,3.558674216299999671e+01,-4.000724290200000155e+01,0.000000000000000000e+00,4.000724290200000155e+01
1.363366546499999998e+01,-3.536964622200000008e+01,0.000000000000000000e+00,3.536964622200000008e+01,-3.685922687699999756e+01,0.000000000000000000e+00,3.685922687699999756e+01
1.365368538499999929e+01,-3.574076174300000019e+01,0.000000000000000000e+00,3.574076174300000019e+01,-3.484384881599999773e+01,0.000000000000000000e+00,3.484384881599999773e+01
1.367370530500000037e+01,-3.632919209300000318e+01,0.000000000000000000e+00,3.632919209300000318e+01,-3.373020860199999760e+01,0.000000000000000000e+00,3.373020860199999760e+01
1.369372522499999967e+01,-3.668709407099999709e+01,0.000000000000000000e+00,3.668709407099999709e+01,-3.287536293499999829e+01,0.000000000000000000e+00,3.287536293499999829e+01
1.371374514500000075e+01,-3.616944492900000085e+01,0.000000000000000000e+00,3.616944492900000085e+01,-3.195002549000000158e+01,0.000000000000000000e+00,3.195002549000000158e+01
1.373376506500000005e+01,-3.524335576800000069e+01,0.000000000000000000e+00,3.524335576800000069e+01,-3.107591068500000020e+01,0.000000000000000000e+00,3.107591068500000020e+01
1.375378498499999935e+01,-3.464649066900000207e+01,0.000000000000000000e+00,3.464649066900000207e+01,-3.067368860999999924e+01,0.000000000000000000e+00,3.067368860999999924e+01
1.377380490500000043e+01,-3.481567114199999935e+01,0.000000000000000000e+00,3.481567114199999935e+01,-3.044179785100000046e+01,0.000000000000000000e+00,3.044179785100000046e+01
1.379382482499999973e+01,-3.490733768500000167e+01,0.000000000000000000e+00,3.490733768500000167e+01,-3.065572000499999916e+01,0.000000000000000000e+00,3.065572000499999916e+01
1.381384474500000081e+01,-3.504998824599999807e+01,0.000000000000000000e+00,3.504998824599999807e+01,-3.143333596300000110e+01,0.000000000000000000e+00,3.143333596300000110e+01
1.383386466500000012e+01,-3.562224305800000224e+01,0.000000000000000000e+00,3.562224305800000224e+01,-3.240181559100000186e+01,0.000000000000000000e+00,3.240181559100000186e+01
1.385388458499999942e+01,-3.591160533899999763e+01,0.000000000000000000e+00,3.591160533899999763e+01,-3.335906863299999969e+01,0.000000000000000000e+00,3.335906863299999969e+01
1.387390450500000050e+01,-3.581245568800000001e+01,0.000000000000000000e+00,3.581245568800000001e+01,-3.422669492400000024e+01,0.000000000000000000e+00,3.422669492400000024e+01
1.389392442399999972e+01,-3.558539685000000219e+01,0.000000000000000000e+00,3.558539685000000219e+01,-3.508387745400000313e+01,0.000000000000000000e+00,3.508387745400000313e+01
1.391394434400000080e+01,-3.564018766699999929e+01,0.000000000000000000e+00,3.564018766699999929e+01,-3.618434113899999716e+01,0.000000000000000000e+00,3.618434113899999716e+01
1.393396426400000010e+01,-3.595701097900000320e+01,0.000000000000000000e+00,3.595701097900000320e+01,-3.754505133400000005e+01,0.000000000000000000e+00,3.754505133400000005e+01
1.395398418399999940e+01,-3.621261448999999999e+01,0.000000000000000000e+00,3.621261448999999999e+01,-3.920821764200000104e+01,0.000000000000000000e+00,3.920821764200000104e+01
1.397400410400000048e+01,-3.652948643500000259e+01,0.000000000000000000e+00,3.652948643500000259e+01,-4.159920935400000275e+01,0.000000000000000000e+00,4.159920935400000275e+01
1.399402402399999978e+01,-3.701134547200000213e+01,0.000000000000000000e+00,3.701134547200000213e+01,-4.436429340800000176e+01,0.000000000000000000e+00,4.436429340800000176e+01
1.401404394400000086e+01,-3.741503394600000121e+01,0.000000000000000000e+00,3.741503394600000121e+01,-4.757185182199999929e+01,0.000000000000000000e+00,4.757185182199999929e+01
1.403406386400000017e+01,-3.765163035100000144e+01,0.000000000000000000e+00,3.765163035100000144e+01,-5.554862646299999795e+01,0.000000000000000000e+00,5.554862646299999795e+01
1.405408378399999947e+01,-3.787113835600000300e+01,0.000000000000000000e+00,3.787113835600000300e+01,-6.171687799299999710e+01,0.000000000000000000e+00,6.171687799299999710e+01
1.407410370400000055e+01,-3.806299480799999913e+01,0.000000000000000000e+00,3.806299480799999913e+01,-5.346395866799999652e+01,0.000000000000000000e+00,5.346395866799999652e+01
1.409412362399999985e+01,-3.771445476899999960e+01,0.000000000000000000e+00,3.771445476899999960e+01,-4.879706482000000278e+01,0.000000000000000000e+00,4.879706482000000278e+01
1.411414354399999915e+01,-3.766389381700000172e+01,0.000000000000000000e+00,3.766389381700000172e+01,-4.629277846899999815e+01,0.000000000000000000e+00,4.629277846899999815e+01
1.413416346300000015e+01,-3.723703071199999926e+01,0.000000000000000000e+00,3.723703071199999926e+01,-4.515943020099999927e+01,0.000000000000000000e+00,4.515943020099999927e+01
1.415418338299999945e+01,-3.760991338099999837e+01,0.000000000000000000e+00,3.760991338099999837e+01,-4.356533203299999712e+01,0.000000000000000000e+00,4.356533203299999712e+01
1.417420330300000053e+01,-3.830303238900000196e+01,0.000000000000000000e+00,3.830303238900000196e+01,-4.236687770099999994e+01,0.000000000000000000e+00,4.236687770099999994e+01
1.419422322299999983e+01,-3.824960432700000013e+01,0.000000000000000000e+00,3.824960432700000013e+01,-4.115762980899999945e+01,0.000000000000000000e+00,4.115762980899999945e+01
1.421424314299999914e+01,-3.839062135999999725e+01,0.000000000000000000e+00,3.839062135999999725e+01,-3.942632990100000256e+01,0.000000000000000000e+00,3.942632990100000256e+01
1.423426306300000022e+01,-3.860940667900000278e+01,0.000000000000000000e+00,3.860940667900000278e+01,-3.875243472500000053e+01,0.000000000000000000e+00,3.875243472500000053e+01
1.425428298299999952e+01,-3.896471163900000079e+01,0.000000000000000000e+00,3.896471163900000079e+01,-3.827131340399999715e+01,0.000000000000000000e+00,3.827131340399999715e+01
1.427430290300000060e+01,-3.921982619999999997e+01,0.000000000000000000e+00,3.921982619999999997e+01,-3.733039260299999995e+01,0.000000000000000000e+00,3.733039260299999995e+01
1.429432282299999990e+01,-3.984161767199999815e+01,0.000000000000000000e+00,3.984161767199999815e+01,-3.647343029999999686e+01,0.000000000000000000e+00,3.647343029999999686e+01
1.431434274299999920e+01,-4.096767880400000195e+01,0.000000000000000000e+00,4.096767880400000195e+01,-3.611090029599999696e+01,0.000000000000000000e+00,3.611090029599999696e+01
1.433436266300000028e+01,-4.147002269699999744e+01,0.000000000000000000e+00,4.147002269699999744e+01,-3.566803436499999691e+01,0.000000000000000000e+00,3.566803436499999691e+01
1.435438258299999958e+01,-4.272452419500000076e+01,0.000000000000000000e+00,4.272452419500000076e+01,-3.496967256899999654e+01,0.000000000000000000e+00,3.496967256899999654e+01
1.437440250300000066e+01,-4.478794081600000254e+01,0.000000000000000000e+00,4.478794081600000254e+01,-3.468427238499999987e+01,0.000000000000000000e+00,3.468427238499999987e+01
1.439442242199999988e+01,-4.796606940600000257e+01,0.000000000000000000e+00,4.796606940600000257e+01,-3.488906887499999954e+01,0.000000000000000000e+00,3.488906887499999954e+01
1.441444234199999919e+01,-4.928624317100000241e+01,0.000000000000000000e+00,4.928624317100000241e+01,-3.498878830200000323e+01,0.000000000000000000e+00,3.498878830200000323e+01
1.443446226200000027e+01,-5.091613484900000230e+01,0.000000000000000000e+00,5.091613484900000230e+01,-3.513264266499999877e+01,0.000000000000000000e+00,3.513264266499999877e+01
1.445448218199999957e+01,-5.551759986100000077e+01,0.000000000000000000e+00,5.551759986100000077e+01,-3.537710332500000021e+01,0.000000000000000000e+00,3.537710332500000021e+01
1.447450210200000065e+01,-5.757910654300000175e+01,0.000000000000000000e+00,5.757910654300000175e+01,-3.569629323800000265e+01,0.000000000000000000e+00,3.569629323800000265e+01
1.449452202199999995e+01,-5.186927021799999693e+01,0.000000000000000000e+00,5.186927021799999693e+01,-3.639907639500000158e+01,0.000000000000000000e+00,3.639907639500000158e+01
1.451454194199999925e+01,-4.887152552900000302e+01,0.000000000000000000e+00,4.887152552900000302e+01,-3.683757719300000133e+01,0.000000000000000000e+00,3.683757719300000133e+01
1.453456186200000033e+01,-4.716813961700000135e+01,0.000000000000000000e+00,4.716813961700000135e+01,-3.705239129000000275e+01,0.000000000000000000e+00,3.705239129000000275e+01
1.455458178199999963e+01,-4.457801749499999744e+01,0.000000000000000000e+00,4.457801749499999744e+01,-3.736670201500000132e+01,0.000000000000000000e+00,3.736670201500000132e+01
1.457460170200000071e+01,-4.331733573799999704e+01,0.000000000000000000e+00,4.331733573799999704e+01,-3.801224050599999771e+01,0.000000000000000000e+00,3.801224050599999771e+01
1.459462162200000002e+01,-4.250239748100000270e+01,0.000000000000000000e+00,4.250239748100000270e+01,-3.751747411800000265e+01,0.000000000000000000e+00,3.751747411800000265e+01
1.461464154199999932e+01,-4.166263018200000090e+01,0.000000000000000000e+00,4.166263018200000090e+01,-3.739888692699999950e+01,0.000000000000000000e+00,3.739888692699999950e+01
1.463466146100000032e+01,-4.092963017699999995e+01,0.000000000000000000e+00,4.092963017699999995e+01,-3.703541117099999980e+01,0.000000000000000000e+00,3.703541117099999980e+01
1.465468138099999962e+01,-4.034349485700000315e+01,0.000000000000000000e+00,4.034349485700000315e+01,-3.630528409499999754e+01,0.000000000000000000e+00,3.630528409499999754e+01
1.467470130100000070e+01,-3.966618532399999708e+01,0.000000000000000000e+00,3.966618532399999708e+01,-3.545440540799999951e+01,0.000000000000000000e+00,3.545440540799999951e+01
1.469472122100000000e+01,-3.959853815000000310e+01,0.000000000000000000e+00,3.959853815000000310e+01,-3.438383969200000223e+01,0.000000000000000000e+00,3.438383969200000223e+01
1.471474114099999930e+01,-3.950370324299999680e+01,0.000000000000000000e+00,3.950370324299999680e+01,-3.363675726499999996e+01,0.000000000000000000e+00,3.363675726499999996e+01
1.473476106100000038e+01,-3.949977155799999906e+01,0.000000000000000000e+00,3.949977155799999906e+01,-3.305536282999999997e+01,0.000000000000000000e+00,3.305536282999999997e+01
1.475478098099999968e+01,-3.941734577999999800e+01,0.000000000000000000e+00,3.941734577999999800e+01,-3.243573469700000089e+01,0.000000000000000000e+00,3.243573469700000089e+01
1.477480090100000076e+01,-4.000328146500000059e+01,0.000000000000000000e+00,4.000328146500000059e+01,-3.209696322700000337e+01,0.000000000000000000e+00,3.209696322700000337e+01
1.479482082100000007e+01,-4.053067769799999809e+01,0.000000000000000000e+00,4.053067769799999809e+01,-3.178379879399999908e+01,0.000000000000000000e+00,3.178379879399999908e+01
1.481484074099999937e+01,-4.098475160899999992e+01,0.000000000000000000e+00,4.098475160899999992e+01,-3.160934262399999994e+01,0.000000000000000000e+00,3.160934262399999994e+01
1.483486066100000045e+01,-4.128594659800000244e+01,0.000000000000000000e+00,4.128594659800000244e+01,-3.155829755099999900e+01,0.000000000000000000e+00,3.155829755099999900e+01
1.485488058099999975e+01,-4.245751894299999663e+01,0.000000000000000000e+00,4.245751894299999663e+01,-3.152509689500000079e+01,0.000000000000000000e+00,3.152509689500000079e+01
1.487490050100000083e+01,-4.254715710600000023e+01,0.000000000000000000e+00,4.254715710600000023e+01,-3.137646374499999880e+01,0.000000000000000000e+00,3.137646374499999880e+01
1.489492042000000005e+01,-4.381354279199999979e+01,0.000000000000000000e+00,4.381354279199999979e+01,-3.144062166699999850e+01,0.000000000000000000e+00,3.144062166699999850e+01
1.491494033999999935e+01,-4.563300050400000174e+01,0.000000000000000000e+00,4.563300050400000174e+01,-3.137314293900000095e+01,0.000000000000000000e+00,3.137314293900000095e+01
1.493496026000000043e+01,-4.609283069399999988e+01,0.000000000000000000e+00,4.609283069399999988e+01,-3.133923976799999878e+01,0.000000000000000000e+00,3.133923976799999878e+01
1.495498017999999973e+01,-4.770903266700000245e+01,0.000000000000000000e+00,4.770903266700000245e+01,-3.131590644899999987e+01,0.000000000000000000e+00,3.131590644899999987e+01
1.497500010000000081e+01,-5.118449258300000082e+01,0.000000000000000000e+00,5.118449258300000082e+01,-3.159321593499999992e+01,0.000000000000000000e+00,3.159321593499999992e+01
1.499502002000000012e+01,-5.522383860600000105e+01,0.000000000000000000e+00,5.522383860600000105e+01,-3.167981066899999831e+01,0.000000000000000000e+00,3.167981066899999831e+01
1.501503993999999942e+01,-5.493616061800000239e+01,0.000000000000000000e+00,5.493616061800000239e+01,-3.205302072500000321e+01,0.000000000000000000e+00,3.205302072500000321e+01
1.503505986000000050e+01,-5.501168520600000278e+01,0.000000000000000000e+00,5.501168520600000278e+01,-3.228598496400000073e+01,0.000000000000000000e+00,3.228598496400000073e+01
1.505507977999999980e+01,-5.219691241600000353e+01,0.000000000000000000e+00,5.219691241600000353e+01,-3.261220526599999658e+01,0.000000000000000000e+00,3.261220526599999658e+01
1.507509970000000088e+01,-4.753758562800000220e+01,0.000000000000000000e+00,4.753758562800000220e+01,-3.290019215200000247e+01,0.000000000000000000e+00,3.290019215200000247e+01
1.509511962000000018e+01,-4.518539219499999859e+01,0.000000000000000000e+00,4.518539219499999859e+01,-3.320071300099999689e+01,0.000000000000000000e+00,3.320071300099999689e+01
1.511513953999999949e+01,-4.417791872499999783e+01,0.000000000000000000e+00,4.417791872499999783e+01,-3.352238770299999970e+01,0.000000000000000000e+00,3.352238770299999970e+01
1.513515945900000048e+01,-4.242104823700000082e+01,0.000000000000000000e+00,4.242104823700000082e+01,-3.380951245699999674e+01,0.000000000000000000e+00,3.380951245699999674e+01
1.515517937899999978e+01,-4.164638559299999798e+01,0.000000000000000000e+00,4.164638559299999798e+01,-3.399997982499999694e+01,0.000000000000000000e+00,3.399997982499999694e+01
1.517519929900000086e+01,-4.144878473600000035e+01,0.000000000000000000e+00,4.144878473600000035e+01,-3.415702191799999810e+01,0.000000000000000000e+00,3.415702191799999810e+01
1.519521921900000017e+01,-4.230948394400000012e+01,0.000000000000000000e+00,4.230948394400000012e+01,-3.453491234999999904e+01,0.000000000000000000e+00,3.453491234999999904e+01
1.521523913899999947e+01,-4.240342349099999808e+01,0.000000000000000000e+00,4.240342349099999808e+01,-3.498560831999999721e+01,0.000000000000000000e+00,3.498560831999999721e+01
1.523525905900000055e+01,-4.325101228500000161e+01,0.000000000000000000e+00,4.325101228500000161e+01,-3.526137733600000246e+01,0.000000000000000000e+00,3.526137733600000246e+01
1.525527897899999985e+01,-4.491994574999999656e+01,0.000000000000000000e+00,4.491994574999999656e+01,-3.569563301800000232e+01,0.000000000000000000e+00,3.569563301800000232e+01
1.527529889899999915e+01,-4.660410476999999929e+01,0.000000000000000000e+00,4.660410476999999929e+01,-3.625090358300000304e+01,0.000000000000000000e+00,3.625090358300000304e+01
1.529531881900000023e+01,-4.584445287500000177e+01,0.000000000000000000e+00,4.584445287500000177e+01,-3.649177809900000113e+01,0.000000000000000000e+00,3.649177809900000113e+01
1.531533873899999953e+01,-4.357429814700000037e+01,0.000000000000000000e+00,4.357429814700000037e+01,-3.656910481300000271e+01,0.000000000000000000e+00,3.656910481300000271e+01
1.533535865900000061e+01,-4.159950441099999807e+01,0.000000000000000000e+00,4.159950441099999807e+01,-3.615595129300000110e+01,0.000000000000000000e+00,3.615595129300000110e+01
1.535537857899999992e+01,-3.942408132199999926e+01,0.000000000000000000e+00,3.942408132199999926e+01,-3.566292949399999657e+01,0.000000000000000000e+00,3.566292949399999657e+01
1.537539849799999914e+01,-3.785840021599999972e+01,0.000000000000000000e+00,3.785840021599999972e+01,-3.443571080200000267e+01,0.000000000000000000e+00,3.443571080200000267e+01
1.539541841800000022e+01,-3.628659711499999929e+01,0.000000000000000000e+00,3.628659711499999929e+01,-3.294105577799999907e+01,0.000000000000000000e+00,3.294105577799999907e+01
1.541543833799999952e+01,-3.554229460300000198e+01,0.000000000000000000e+00,3.554229460300000198e+01,-3.191978502299999931e+01,0.000000000000000000e+00,3.191978502299999931e+01
1.543545825800000060e+01,-3.475052351000000073e+01,0.000000000000000000e+00,3.475052351000000073e+01,-3.097106844900000056e+01,0.000000000000000000e+00,3.097106844900000056e+01
1.545547817799999990e+01,-3.404372016800000011e+01,0.000000000000000000e+00,3.404372016800000011e+01,-3.009538863199999881e+01,0.000000000000000000e+00,3.009538863199999881e+01
1.547549809799999920e+01,-3.332667271799999753e+01,0.000000000000000000e+00,3.332667271799999753e+01,-2.916584093699999869e+01,0.000000000000000000e+00,2.916584093699999869e+01
1.549551801800000028e+01,-3.304375304799999924e+01,0.000000000000000000e+00,3.304375304799999924e+01,-2.857505275100000119e+01,0.000000000000000000e+00,2.857505275100000119e+01
1.551553793799999958e+01,-3.279985734899999983e+01,0.000000000000000000e+00,3.279985734899999983e+01,-2.818053105199999919e+01,0.000000000000000000e+00,2.818053105199999919e+01
1.553555785800000066e+01,-3.217749634300000139e+01,0.000000000000000000e+00,3.217749634300000139e+01,-2.781453512099999870e+01,0.000000000000000000e+00,2.781453512099999870e+01
1.555557777799999997e+01,-3.164867652499999906e+01,0.000000000000000000e+00,3.164867652499999906e+01,-2.751435940300000027e+01,0.000000000000000000e+00,2.751435940300000027e+01
1.557559769799999927e+01,-3.156916619500000110e+01,0.000000000000000000e+00,3.156916619500000110e+01,-2.758278828099999913e+01,0.000000000000000000e+00,2.758278828099999913e+01
1.559561761800000035e+01,-3.110722564599999984e+01,0.000000000000000000e+00,3.110722564599999984e+01,-2.761939528799999977e+01,0.000000000000000000e+00,2.761939528799999977e+01
1.561563753799999965e+01,-3.070170480699999871e+01,0.000000000000000000e+00,3.070170480699999871e+01,-2.757543735499999826e+01,0.000000000000000000e+00,2.757543735499999826e+01
1.563565745700000065e+01,-3.039526582199999893e+01,0.000000000000000000e+00,3.039526582199999893e+01,-2.771812565400000139e+01,0.000000000000000000e+00,2.771812565400000139e+01
1.565567737699999995e+01,-3.022348394799999838e+01,0.000000000000000000e+00,3.022348394799999838e+01,-2.807221072700000164e+01,0.000000000000000000e+00,2.807221072700000164e+01
1.567569729699999925e+01,-3.023380244499999847e+01,0.000000000000000000e+00,3.023380244499999847e+01,-2.822874828599999830e+01,0.000000000000000000e+00,2.822874828599999830e+01
1.569571721700000033e+01,-3.001620750200000032e+01,0.000000000000000000e+00,3.001620750200000032e+01,-2.846214988499999876e+01,0.000000000000000000e+00,2.846214988499999876e+01
1.571573713699999963e+01,-2.994762404200000105e+01,0.000000000000000000e+00,2.994762404200000105e+01,-2.860268906099999953e+01,0.000000000000000000e+00,2.860268906099999953e+01
1.573575705700000071e+01,-3.007849152100000012e+01,0.000000000000000000e+00,3.007849152100000012e+01,-2.855232929399999975e+01,0.000000000000000000e+00,2.855232929399999975e+01
1.575577697700000002e+01,-3.048871069799999844e+01,0.000000000000000000e+00,3.048871069799999844e+01,-2.830781119899999965e+01,0.000000000000000000e+00,2.830781119899999965e+01
1.577579689699999932e+01,-3.067082559500000016e+01,0.000000000000000000e+00,3.067082559500000016e+01,-2.810247419599999930e+01,0.000000000000000000e+00,2.810247419599999930e+01
1.579581681700000040e+01,-3.092902610300000177e+01,0.000000000000000000e+00,3.092902610300000177e+01,-2.769707380399999863e+01,0.000000000000000000e+00,2.769707380399999863e+01
1.581583673699999970e+01,-3.165977837100000158e+01,0.000000000000000000e+00,3.165977837100000158e+01,-2.746420295400000100e+01,0.000000000000000000e+00,2.746420295400000100e+01
1.583585665700000078e+01,-3.199288941800000075e+01,0.000000000000000000e+00,3.199288941800000075e+01,-2.743283358300000074e+01,0.000000000000000000e+00,2.743283358300000074e+01
1.585587657700000008e+01,-3.196849955700000123e+01,0.000000000000000000e+00,3.196849955700000123e+01,-2.747344908899999893e+01,0.000000000000000000e+00,2.747344908899999893e+01
1.587589649599999930e+01,-3.196516849600000043e+01,0.000000000000000000e+00,3.196516849600000043e+01,-2.767781097800000012e+01,0.000000000000000000e+00,2.767781097800000012e+01
1.589591641600000038e+01,-3.206290433000000206e+01,0.000000000000000000e+00,3.206290433000000206e+01,-2.798319738700000059e+01,0.000000000000000000e+00,2.798319738700000059e+01
1.591593633599999968e+01,-3.158154784899999967e+01,0.000000000000000000e+00,3.158154784899999967e+01,-2.818710119900000066e+01,0.000000000000000000e+00,2.818710119900000066e+01
1.593595625600000076e+01,-3.122067227999999872e+01,0.000000000000000000e+00,3.122067227999999872e+01,-2.862099653299999957e+01,0.000000000000000000e+00,2.862099653299999957e+01
1.595597617600000007e+01,-3.112851102899999844e+01,0.000000000000000000e+00,3.112851102899999844e+01,-2.912810877400000109e+01,0.000000000000000000e+00,2.912810877400000109e+01
1.597599609599999937e+01,-3.113592364000000146e+01,0.000000000000000000e+00,3.113592364000000146e+01,-2.935234530399999997e+01,0.000000000000000000e+00,2.935234530399999997e+01
1.599601601600000045e+01,-3.119338103300000142e+01,0.000000000000000000e+00,3.119338103300000142e+01,-2.965467954500000047e+01,0.000000000000000000e+00,2.965467954500000047e+01
1.601603593600000153e+01,-3.122009622299999876e+01,0.000000000000000000e+00,3.122009622299999876e+01,-2.998896965200000153e+01,0.000000000000000000e+00,2.998896965200000153e+01
1.603605585600000083e+01,-3.117583026399999824e+01,0.000000000000000000e+00,3.117583026399999824e+01,-2.993796210600000052e+01,0.000000000000000000e+00,2.993796210600000052e+01
1.605607577600000013e+01,-3.108340507300000155e+01,0.000000000000000000e+00,3.108340507300000155e+01,-2.966303031300000015e+01,0.000000000000000000e+00,2.966303031300000015e+01
1.607609569599999944e+01,-3.064895372699999854e+01,0.000000000000000000e+00,3.064895372699999854e+01,-2.962987621299999930e+01,0.000000000000000000e+00,2.962987621299999930e+01
1.609611561599999874e+01,-3.008308664300000146e+01,0.000000000000000000e+00,3.008308664300000146e+01,-2.926397947999999971e+01,0.000000000000000000e+00,2.926397947999999971e+01
1.611613553600000159e+01,-2.946615738699999909e+01,0.000000000000000000e+00,2.946615738699999909e+01,-2.884335848699999971e+01,0.000000000000000000e+00,2.884335848699999971e+01
1.613615545500000081e+01,-2.898327264999999997e+01,0.000000000000000000e+00,2.898327264999999997e+01,-2.866058973799999876e+01,0.000000000000000000e+00,2.866058973799999876e+01
1.615617537500000012e+01,-2.867861896300000168e+01,0.000000000000000000e+00,2.867861896300000168e+01,-2.829891700700000001e+01,0.000000000000000000e+00,2.829891700700000001e+01
1.617619529499999942e+01,-2.828687568499999827e+01,0.000000000000000000e+00,2.828687568499999827e+01,-2.800591284400000092e+01,0.000000000000000000e+00,2.800591284400000092e+01
1.619621521499999872e+01,-2.803956106800000114e+01,0.000000000000000000e+00,2.803956106800000114e+01,-2.777716002300000042e+01,0.000000000000000000e+00,2.777716002300000042e+01
1.621623513500000158e+01,-2.787913504100000139e+01,0.000000000000000000e+00,2.787913504100000139e+01,-2.752868225699999982e+01,0.000000000000000000e+00,2.752868225699999982e+01
1.623625505500000088e+01,-2.781169698900000142e+01,0.000000000000000000e+00,2.781169698900000142e+01,-2.733575869099999878e+01,0.000000000000000000e+00,2.733575869099999878e+01
1.625627497500000018e+01,-2.794735206300000030e+01,0.000000000000000000e+00,2.794735206300000030e+01,-2.730135807699999972e+01,0.000000000000000000e+00,2.730135807699999972e+01
1.627629489499999949e+01,-2.825286532899999870e+01,0.000000000000000000e+00,2.825286532899999870e+01,-2.731782926500000031e+01,0.000000000000000000e+00,2.731782926500000031e+01
1.629631481499999879e+01,-2.894332140999999936e+01,0.000000000000000000e+00,2.894332140999999936e+01,-2.790332685399999946e+01,0.000000000000000000e+00,2.790332685399999946e+01
1.631633473500000164e+01,-3.072274473299999897e+01,0.000000000000000000e+00,3.072274473299999897e+01,-3.015542351199999871e+01,0.000000000000000000e+00,3.015542351199999871e+01
1.633635465500000095e+01,-3.211805600099999936e+01,0.000000000000000000e+00,3.211805600099999936e+01,-3.367909151799999989e+01,0.000000000000000000e+00,3.367909151799999989e+01
1.635637457500000025e+01,-3.168422062799999850e+01,0.000000000000000000e+00,3.168422062799999850e+01,-3.427368600500000184e+01,0.000000000000000000e+00,3.427368600500000184e+01
1.637639449399999947e+01,-3.134701003700000044e+01,0.000000000000000000e+00,3.134701003700000044e+01,-3.404475109300000213e+01,0.000000000000000000e+00,3.404475109300000213e+01
1.639641441399999877e+01,-3.111780238000000054e+01,0.000000000000000000e+00,3.111780238000000054e+01,-3.321863305800000177e+01,0.000000000000000000e+00,3.321863305800000177e+01
1.641643433400000163e+01,-3.074939555699999971e+01,0.000000000000000000e+00,3.074939555699999971e+01,-3.234666378699999711e+01,0.000000000000000000e+00,3.234666378699999711e+01
1.643645425400000093e+01,-3.030783355200000173e+01,0.000000000000000000e+00,3.030783355200000173e+01,-3.105513928599999929e+01,0.000000000000000000e+00,3.105513928599999929e+01
1.645647417400000023e+01,-2.946707970799999998e+01,0.000000000000000000e+00,2.946707970799999998e+01,-2.992605548399999904e+01,0.000000000000000000e+00,2.992605548399999904e+01
1.647649409399999954e+01,-2.881988662699999892e+01,0.000000000000000000e+00,2.881988662699999892e+01,-2.906281764199999884e+01,0.000000000000000000e+00,2.906281764199999884e+01
1.649651401399999884e+01,-2.844971685100000158e+01,0.000000000000000000e+00,2.844971685100000158e+01,-2.862320927200000042e+01,0.000000000000000000e+00,2.862320927200000042e+01
1.651653393400000169e+01,-2.840487859999999998e+01,0.000000000000000000e+00,2.840487859999999998e+01,-2.875365283500000047e+01,0.000000000000000000e+00,2.875365283500000047e+01
1.653655385400000100e+01,-2.842173187599999906e+01,0.000000000000000000e+00,2.842173187599999906e+01,-2.844600882199999958e+01,0.000000000000000000e+00,2.844600882199999958e+01
1.655657377400000030e+01,-2.818272113700000148e+01,0.000000000000000000e+00,2.818272113700000148e+01,-2.745364229400000156e+01,0.000000000000000000e+00,2.745364229400000156e+01
1.657659369399999960e+01,-2.780437931999999890e+01,0.000000000000000000e+00,2.780437931999999890e+01,-2.654055731900000126e+01,0.000000000000000000e+00,2.654055731900000126e+01
1.659661361399999890e+01,-2.722727363499999953e+01,0.000000000000000000e+00,2.722727363499999953e+01,-2.551006885600000018e+01,0.000000000000000000e+00,2.551006885600000018e+01
1.661663353400000176e+01,-2.657778675100000143e+01,0.000000000000000000e+00,2.657778675100000143e+01,-2.459332515099999839e+01,0.000000000000000000e+00,2.459332515099999839e+01
1.663665345300000098e+01,-2.593069273500000094e+01,0.000000000000000000e+00,2.593069273500000094e+01,-2.408087750700000029e+01,0.000000000000000000e+00,2.408087750700000029e+01
1.665667337300000028e+01,-2.541293771799999845e+01,0.000000000000000000e+00,2.541293771799999845e+01,-2.382299608599999985e+01,0.000000000000000000e+00,2.382299608599999985e+01
1.667669329299999958e+01,-2.511273873700000081e+01,0.000000000000000000e+00,2.511273873700000081e+01,-2.360448223999999939e+01,0.000000000000000000e+00,2.360448223999999939e+01
1.669671321299999889e+01,-2.493564621200000175e+01,0.000000000000000000e+00,2.493564621200000175e+01,-2.365850514099999913e+01,0.000000000000000000e+00,2.365850514099999913e+01
1.671673313300000174e+01,-2.479756744399999846e+01,0.000000000000000000e+00,2.479756744399999846e+01,-2.385856597600000129e+01,0.000000000000000000e+00,2.385856597600000129e+01
1.673675305300000105e+01,-2.473450167000000022e+01,0.000000000000000000e+00,2.473450167000000022e+01,-2.400412979500000077e+01,0.000000000000000000e+00,2.400412979500000077e+01
1.675677297300000035e+01,-2.476439105100000049e+01,0.000000000000000000e+00,2.476439105100000049e+01,-2.415132972600000016e+01,0.000000000000000000e+00,2.415132972600000016e+01
1.677679289299999965e+01,-2.469837112000000090e+01,0.000000000000000000e+00,2.469837112000000090e+01,-2.430843830099999892e+01,0.000000000000000000e+00,2.430843830099999892e+01
1.679681281299999895e+01,-2.460869134800000069e+01,0.000000000000000000e+00,2.460869134800000069e+01,-2.430531882900000085e+01,0.000000000000000000e+00,2.430531882900000085e+01
1.681683273299999826e+01,-2.460613271600000118e+01,0.000000000000000000e+00,2.460613271600000118e+01,-2.426652310900000131e+01,0.000000000000000000e+00,2.426652310900000131e+01
1.683685265300000111e+01,-2.466977080499999886e+01,0.000000000000000000e+00,2.466977080499999886e+01,-2.424544345700000036e+01,0.000000000000000000e+00,2.424544345700000036e+01
1.685687257300000041e+01,-2.465302699300000100e+01,0.000000000000000000e+00,2.465302699300000100e+01,-2.420371615199999837e+01,0.000000000000000000e+00,2.420371615199999837e+01
1.687689249199999963e+01,-2.471802851800000056e+01,0.000000000000000000e+00,2.471802851800000056e+01,-2.407715684600000117e+01,0.000000000000000000e+00,2.407715684600000117e+01
1.689691241199999894e+01,-2.472486567300000004e+01,0.000000000000000000e+00,2.472486567300000004e+01,-2.394006613599999866e+01,0.000000000000000000e+00,2.394006613599999866e+01
1.691693233199999824e+01,-2.458604558600000090e+01,0.000000000000000000e+00,2.458604558600000090e+01,-2.367215726799999942e+01,0.000000000000000000e+00,2.367215726799999942e+01
1.693695225200000110e+01,-2.448112667399999864e+01,0.000000000000000000e+00,2.448112667399999864e+01,-2.344910671799999946e+01,0.000000000000000000e+00,2.344910671799999946e+01
1.695697217200000040e+01,-2.451907255600000113e+01,0.000000000000000000e+00,2.451907255600000113e+01,-2.330293945700000080e+01,0.000000000000000000e+00,2.330293945700000080e+01
1.697699209199999970e+01,-2.451344854799999951e+01,0.000000000000000000e+00,2.451344854799999951e+01,-2.296260521099999963e+01,0.000000000000000000e+00,2.296260521099999963e+01
1.699701201199999900e+01,-2.446940351800000002e+01,0.000000000000000000e+00,2.446940351800000002e+01,-2.278119947100000076e+01,0.000000000000000000e+00,2.278119947100000076e+01
1.701703193199999831e+01,-2.467555892800000095e+01,0.000000000000000000e+00,2.467555892800000095e+01,-2.268916801399999983e+01,0.000000000000000000e+00,2.268916801399999983e+01
1.703705185200000116e+01,-2.495710876800000122e+01,0.000000000000000000e+00,2.495710876800000122e+01,-2.260073208900000097e+01,0.000000000000000000e+00,2.260073208900000097e+01
1.705707177200000046e+01,-2.519968121300000163e+01,0.000000000000000000e+00,2.519968121300000163e+01,-2.247168716199999849e+01,0.000000000000000000e+00,2.247168716199999849e+01
1.707709169199999977e+01,-2.565017089899999903e+01,0.000000000000000000e+00,2.565017089899999903e+01,-2.254837575399999849e+01,0.000000000000000000e+00,2.254837575399999849e+01
1.709711161199999907e+01,-2.616741813300000175e+01,0.000000000000000000e+00,2.616741813300000175e+01,-2.264998192999999915e+01,0.000000000000000000e+00,2.264998192999999915e+01
1.711713153199999837e+01,-2.660547008700000049e+01,0.000000000000000000e+00,2.660547008700000049e+01,-2.262167378299999854e+01,0.000000000000000000e+00,2.262167378299999854e+01
1.713715145100000115e+01,-2.711590832299999931e+01,0.000000000000000000e+00,2.711590832299999931e+01,-2.283224339499999900e+01,0.000000000000000000e+00,2.283224339499999900e+01
1.715717137100000045e+01,-2.746243735199999847e+01,0.000000000000000000e+00,2.746243735199999847e+01,-2.300935528100000127e+01,0.000000000000000000e+00,2.300935528100000127e+01
1.717719129099999975e+01,-2.755596628199999998e+01,0.000000000000000000e+00,2.755596628199999998e+01,-2.319458507399999903e+01,0.000000000000000000e+00,2.319458507399999903e+01
1.719721121099999905e+01,-2.737012621999999951e+01,0.000000000000000000e+00,2.737012621999999951e+01,-2.341144475600000163e+01,0.000000000000000000e+00,2.341144475600000163e+01
1.721723113099999836e+01,-2.703141963099999856e+01,0.000000000000000000e+00,2.703141963099999856e+01,-2.351496916400000003e+01,0.000000000000000000e+00,2.351496916400000003e+01
1.723725105100000121e+01,-2.647340311800000023e+01,0.000000000000000000e+00,2.647340311800000023e+01,-2.354957791900000075e+01,0.000000000000000000e+00,2.354957791900000075e+01
1.725727097100000051e+01,-2.587722405099999889e+01,0.000000000000000000e+00,2.587722405099999889e+01,-2.366030727700000114e+01,0.000000000000000000e+00,2.366030727700000114e+01
1.727729089099999982e+01,-2.545192054500000012e+01,0.000000000000000000e+00,2.545192054500000012e+01,-2.367151126799999972e+01,0.000000000000000000e+00,2.367151126799999972e+01
1.729731081099999912e+01,-2.492270469400000010e+01,0.000000000000000000e+00,2.492270469400000010e+01,-2.371237430600000096e+01,0.000000000000000000e+00,2.371237430600000096e+01
1.731733073099999842e+01,-2.448104300800000033e+01,0.000000000000000000e+00,2.448104300800000033e+01,-2.374720682699999941e+01,0.000000000000000000e+00,2.374720682699999941e+01
1.733735065100000128e+01,-2.419623888099999931e+01,0.000000000000000000e+00,2.419623888099999931e+01,-2.371378444699999832e+01,0.000000000000000000e+00,2.371378444699999832e+01
1.735737057100000058e+01,-2.372148104900000121e+01,0.000000000000000000e+00,2.372148104900000121e+01,-2.354416781600000164e+01,0.000000000000000000e+00,2.354416781600000164e+01
1.737739048999999980e+01,-2.324652261600000003e+01,0.000000000000000000e+00,2.324652261600000003e+01,-2.346287157200000095e+01,0.000000000000000000e+00,2.346287157200000095e+01
1.739741040999999910e+01,-2.287234954299999856e+01,0.000000000000000000e+00,2.287234954299999856e+01,-2.332619124500000041e+01,0.000000000000000000e+00,2.332619124500000041e+01
1.741743032999999841e+01,-2.235088868400000095e+01,0.000000000000000000e+00,2.235088868400000095e+01,-2.318283520800000019e+01,0.000000000000000000e+00,2.318283520800000019e+01
1.743745025000000126e+01,-2.181101535899999888e+01,0.000000000000000000e+00,2.181101535899999888e+01,-2.288884577900000039e+01,0.000000000000000000e+00,2.288884577900000039e+01
1.745747017000000056e+01,-2.151458456800000008e+01,0.000000000000000000e+00,2.151458456800000008e+01,-2.281121610099999941e+01,0.000000000000000000e+00,2.281121610099999941e+01
1.747749008999999987e+01,-2.123913158799999934e+01,0.000000000000000000e+00,2.123913158799999934e+01,-2.258230361300000055e+01,0.000000000000000000e+00,2.258230361300000055e+01
1.749751000999999917e+01,-2.084370535000000046e+01,0.000000000000000000e+00,2.084370535000000046e+01,-2.224546512599999915e+01,0.000000000000000000e+00,2.224546512599999915e+01
1.751752992999999847e+01,-2.066866668100000126e+01,0.000000000000000000e+00,2.066866668100000126e+01,-2.196769350900000006e+01,0.000000000000000000e+00,2.196769350900000006e+01
1.753754985000000133e+01,-2.053446562199999903e+01,0.000000000000000000e+00,2.053446562199999903e+01,-2.190857949899999824e+01,0.000000000000000000e+00,2.190857949899999824e+01
1.755756977000000063e+01,-2.032651776899999874e+01,0.000000000000000000e+00,2.032651776899999874e+01,-2.175098597999999939e+01,0.000000000000000000e+00,2.175098597999999939e+01
1.757758968999999993e+01,-2.024810160699999884e+01,0.000000000000000000e+00,2.024810160699999884e+01,-2.149929194299999935e+01,0.000000000000000000e+00,2.149929194299999935e+01
1.759760960999999924e+01,-2.025333815400000148e+01,0.000000000000000000e+00,2.025333815400000148e+01,-2.141549720600000128e+01,0.000000000000000000e+00,2.141549720600000128e+01
1.761762952999999854e+01,-2.013853920400000064e+01,0.000000000000000000e+00,2.013853920400000064e+01,-2.134900819799999994e+01,0.000000000000000000e+00,2.134900819799999994e+01
1.763764944900000131e+01,-1.995772950399999957e+01,0.000000000000000000e+00,1.995772950399999957e+01,-2.116340924700000059e+01,0.000000000000000000e+00,2.116340924700000059e+01
1.765766936900000061e+01,-1.983705966100000140e+01,0.000000000000000000e+00,1.983705966100000140e+01,-2.116491025899999912e+01,0.000000000000000000e+00,2.116491025899999912e+01
1.767768928899999992e+01,-1.960307884899999920e+01,0.000000000000000000e+00,1.960307884899999920e+01,-2.120028027600000087e+01,0.000000000000000000e+00,2.120028027600000087e+01
1.769770920899999922e+01,-1.936007674100000031e+01,0.000000000000000000e+00,1.936007674100000031e+01,-2.125234524400000069e+01,0.000000000000000000e+00,2.125234524400000069e+01
1.771772912899999852e+01,-1.932693415500000000e+01,0.000000000000000000e+00,1.932693415500000000e+01,-2.146516307299999937e+01,0.000000000000000000e+00,2.146516307299999937e+01
1.773774904900000138e+01,-1.926234967399999931e+01,0.000000000000000000e+00,1.926234967399999931e+01,-2.173054164199999860e+01,0.000000000000000000e+00,2.173054164199999860e+01
1.775776896900000068e+01,-1.916499642100000145e+01,0.000000000000000000e+00,1.916499642100000145e+01,-2.189071532399999853e+01,0.000000000000000000e+00,2.189071532399999853e+01
1.777778888899999998e+01,-1.928942226899999923e+01,0.000000000000000000e+00,1.928942226899999923e+01,-2.215052650599999851e+01,0.000000000000000000e+00,2.215052650599999851e+01
1.779780880899999929e+01,-1.934257153800000140e+01,0.000000000000000000e+00,1.934257153800000140e+01,-2.240016190300000076e+01,0.000000000000000000e+00,2.240016190300000076e+01
1.781782872899999859e+01,-1.935401734199999879e+01,0.000000000000000000e+00,1.935401734199999879e+01,-2.242094410700000040e+01,0.000000000000000000e+00,2.242094410700000040e+01
1.783784864900000144e+01,-1.955164486500000010e+01,0.000000000000000000e+00,1.955164486500000010e+01,-2.249482526599999943e+01,0.000000000000000000e+00,2.249482526599999943e+01
1.785786856900000075e+01,-1.979747938999999946e+01,0.000000000000000000e+00,1.979747938999999946e+01,-2.260491216000000136e+01,0.000000000000000000e+00,2.260491216000000136e+01
1.787788848799999997e+01,-2.000859725400000144e+01,0.000000000000000000e+00,2.000859725400000144e+01,-2.260948935900000123e+01,0.000000000000000000e+00,2.260948935900000123e+01
1.789790840799999927e+01,-2.029209763500000108e+01,0.000000000000000000e+00,2.029209763500000108e+01,-2.263869420800000043e+01,0.000000000000000000e+00,2.263869420800000043e+01
1.791792832799999857e+01,-2.065133695999999830e+01,0.000000000000000000e+00,2.065133695999999830e+01,-2.275758532500000086e+01,0.000000000000000000e+00,2.275758532500000086e+01
1.793794824800000143e+01,-2.083091368999999915e+01,0.000000000000000000e+00,2.083091368999999915e+01,-2.274536068400000133e+01,0.000000000000000000e+00,2.274536068400000133e+01
1.795796816800000073e+01,-2.111648060999999998e+01,0.000000000000000000e+00,2.111648060999999998e+01,-2.279496291199999902e+01,0.000000000000000000e+00,2.279496291199999902e+01
1.797798808800000003e+01,-2.142166767100000158e+01,0.000000000000000000e+00,2.142166767100000158e+01,-2.302578465999999935e+01,0.000000000000000000e+00,2.302578465999999935e+01
1.799800800799999934e+01,-2.157973947800000047e+01,0.000000000000000000e+00,2.157973947800000047e+01,-2.322400304299999974e+01,0.000000000000000000e+00,2.322400304299999974e+01
1.801802792799999864e+01,-2.187580135500000011e+01,0.000000000000000000e+00,2.187580135500000011e+01,-2.351064765599999973e+01,0.000000000000000000e+00,2.351064765599999973e+01
1.803804784800000149e+01,-2.218012715300000082e+01,0.000000000000000000e+00,2.218012715300000082e+01,-2.381686276699999993e+01,0.000000000000000000e+00,2.381686276699999993e+01
1.805806776800000080e+01,-2.226425178799999927e+01,0.000000000000000000e+00,2.226425178799999927e+01,-2.399184899899999834e+01,0.000000000000000000e+00,2.399184899899999834e+01
1.807808768800000010e+01,-2.248483471200000139e+01,0.000000000000000000e+00,2.248483471200000139e+01,-2.403249241199999986e+01,0.000000000000000000e+00,2.403249241199999986e+01
1.809810760799999940e+01,-2.261858639600000132e+01,0.000000000000000000e+00,2.261858639600000132e+01,-2.402279044100000149e+01,0.000000000000000000e+00,2.402279044100000149e+01
1.811812752799999870e+01,-2.264980244399999876e+01,0.000000000000000000e+00,2.264980244399999876e+01,-2.387664646300000015e+01,0.000000000000000000e+00,2.387664646300000015e+01
1.813814744700000148e+01,-2.256774679000000106e+01,0.000000000000000000e+00,2.256774679000000106e+01,-2.360747748400000035e+01,0.000000000000000000e+00,2.360747748400000035e+01
1.815816736700000078e+01,-2.267237477100000120e+01,0.000000000000000000e+00,2.267237477100000120e+01,-2.354894279999999895e+01,0.000000000000000000e+00,2.354894279999999895e+01
1.817818728700000008e+01,-2.262296785399999877e+01,0.000000000000000000e+00,2.262296785399999877e+01,-2.337351189299999987e+01,0.000000000000000000e+00,2.337351189299999987e+01
1.819820720699999939e+01,-2.256127160400000164e+01,0.000000000000000000e+00,2.256127160400000164e+01,-2.333606657300000009e+01,0.000000000000000000e+00,2.333606657300000009e+01
1.821822712699999869e+01,-2.281240452200000135e+01,0.000000000000000000e+00,2.281240452200000135e+01,-2.357130790500000117e+01,0.000000000000000000e+00,2.357130790500000117e+01
1.823824704700000154e+01,-2.305243800799999931e+01,0.000000000000000000e+00,2.305243800799999931e+01,-2.380490033899999958e+01,0.000000000000000000e+00,2.380490033899999958e+01
1.825826696700000085e+01,-2.320910821100000021e+01,0.000000000000000000e+00,2.320910821100000021e+01,-2.386566898599999931e+01,0.000000000000000000e+00,2.386566898599999931e+01
1.827828688700000015e+01,-2.365149463099999849e+01,0.000000000000000000e+00,2.365149463099999849e+01,-2.410001845400000065e+01,0.000000000000000000e+00,2.410001845400000065e+01
1.829830680699999945e+01,-2.403869435600000060e+01,0.000000000000000000e+00,2.403869435600000060e+01,-2.443389573099999978e+01,0.000000000000000000e+00,2.443389573099999978e+01
1.831832672699999875e+01,-2.412997695800000031e+01,0.000000000000000000e+00,2.412997695800000031e+01,-2.448373398000000023e+01,0.000000000000000000e+00,2.448373398000000023e+01
1.833834664700000161e+01,-2.424367535100000026e+01,0.000000000000000000e+00,2.424367535100000026e+01,-2.460426106399999924e+01,0.000000000000000000e+00,2.460426106399999924e+01
1.835836656700000091e+01,-2.432248020400000144e+01,0.000000000000000000e+00,2.432248020400000144e+01,-2.492115898100000138e+01,0.000000000000000000e+00,2.492115898100000138e+01
1.837838648600000013e+01,-2.419982988800000001e+01,0.000000000000000000e+00,2.419982988800000001e+01,-2.499344825400000047e+01,0.000000000000000000e+00,2.499344825400000047e+01
1.839840640599999944e+01,-2.412769533599999860e+01,0.000000000000000000e+00,2.412769533599999860e+01,-2.489873090000000033e+01,0.000000000000000000e+00,2.489873090000000033e+01
1.841842632599999874e+01,-2.412016568299999975e+01,0.000000000000000000e+00,2.412016568299999975e+01,-2.523232996200000144e+01,0.000000000000000000e+00,2.523232996200000144e+01
1.843844624600000159e+01,-2.393003273400000097e+01,0.000000000000000000e+00,2.393003273400000097e+01,-2.532894384800000154e+01,0.000000000000000000e+00,2.532894384800000154e+01
1.845846616600000090e+01,-2.406277000600000093e+01,0.000000000000000000e+00,2.406277000600000093e+01,-2.530448899299999965e+01,0.000000000000000000e+00,2.530448899299999965e+01
1.847848608600000020e+01,-2.416964299700000041e+01,0.000000000000000000e+00,2.416964299700000041e+01,-2.554127092999999959e+01,0.000000000000000000e+00,2.554127092999999959e+01
1.849850600599999950e+01,-2.420083688900000141e+01,0.000000000000000000e+00,2.420083688900000141e+01,-2.573066686800000014e+01,0.000000000000000000e+00,2.573066686800000014e+01
1.851852592599999880e+01,-2.416239398200000110e+01,0.000000000000000000e+00,2.416239398200000110e+01,-2.574896526299999877e+01,0.000000000000000000e+00,2.574896526299999877e+01
1.853854584600000166e+01,-2.440588038299999951e+01,0.000000000000000000e+00,2.440588038299999951e+01,-2.580042389600000163e+01,0.000000000000000000e+00,2.580042389600000163e+01
1.855856576600000096e+01,-2.463463840100000013e+01,0.000000000000000000e+00,2.463463840100000013e+01,-2.589501830700000085e+01,0.000000000000000000e+00,2.589501830700000085e+01
1.857858568600000027e+01,-2.455053704299999850e+01,0.000000000000000000e+00,2.455053704299999850e+01,-2.579303238600000014e+01,0.000000000000000000e+00,2.579303238600000014e+01
1.859860560599999957e+01,-2.473929398199999952e+01,0.000000000000000000e+00,2.473929398199999952e+01,-2.573075871900000067e+01,0.000000000000000000e+00,2.573075871900000067e+01
1.861862552599999887e+01,-2.482239704599999897e+01,0.000000000000000000e+00,2.482239704599999897e+01,-2.564881162200000020e+01,0.000000000000000000e+00,2.564881162200000020e+01
1.863864544500000164e+01,-2.469524130900000003e+01,0.000000000000000000e+00,2.469524130900000003e+01,-2.541370855699999964e+01,0.000000000000000000e+00,2.541370855699999964e+01
1.865866536500000095e+01,-2.486481374099999897e+01,0.000000000000000000e+00,2.486481374099999897e+01,-2.520476805299999867e+01,0.000000000000000000e+00,2.520476805299999867e+01
1.867868528500000025e+01,-2.504226797100000113e+01,0.000000000000000000e+00,2.504226797100000113e+01,-2.488824339900000027e+01,0.000000000000000000e+00,2.488824339900000027e+01
1.869870520499999955e+01,-2.507253755500000025e+01,0.000000000000000000e+00,2.507253755500000025e+01,-2.449561515999999983e+01,0.000000000000000000e+00,2.449561515999999983e+01
1.871872512499999885e+01,-2.548135799199999951e+01,0.000000000000000000e+00,2.548135799199999951e+01,-2.429804242499999845e+01,0.000000000000000000e+00,2.429804242499999845e+01
1.873874504500000171e+01,-2.594848812100000046e+01,0.000000000000000000e+00,2.594848812100000046e+01,-2.423056729400000009e+01,0.000000000000000000e+00,2.423056729400000009e+01
1.875876496500000101e+01,-2.608396505199999993e+01,0.000000000000000000e+00,2.608396505199999993e+01,-2.395907707199999948e+01,0.000000000000000000e+00,2.395907707199999948e+01
1.877878488500000032e+01,-2.612493932499999971e+01,0.000000000000000000e+00,2.612493932499999971e+01,-2.385179690200000024e+01,0.000000000000000000e+00,2.385179690200000024e+01
1.879880480499999962e+01,-2.632047421800000109e+01,0.000000000000000000e+00,2.632047421800000109e+01,-2.410724643500000042e+01,0.000000000000000000e+00,2.410724643500000042e+01
1.881882472499999892e+01,-2.612238836599999914e+01,0.000000000000000000e+00,2.612238836599999914e+01,-2.422179256000000080e+01,0.000000000000000000e+00,2.422179256000000080e+01
1.883884464500000178e+01,-2.571399819199999826e+01,0.000000000000000000e+00,2.571399819199999826e+01,-2.414713366100000158e+01,0.000000000000000000e+00,2.414713366100000158e+01
1.885886456500000108e+01,-2.560365549000000129e+01,0.000000000000000000e+00,2.560365549000000129e+01,-2.451999349100000103e+01,0.000000000000000000e+00,2.451999349100000103e+01
1.887888448400000030e+01,-2.519879494799999975e+01,0.000000000000000000e+00,2.519879494799999975e+01,-2.484405588399999942e+01,0.000000000000000000e+00,2.484405588399999942e+01
1.889890440399999960e+01,-2.477596299300000027e+01,0.000000000000000000e+00,2.477596299300000027e+01,-2.509287717000000129e+01,0.000000000000000000e+00,2.509287717000000129e+01
1.891892432399999890e+01,-2.482508956199999872e+01,0.000000000000000000e+00,2.482508956199999872e+01,-2.555178087499999862e+01,0.000000000000000000e+00,2.555178087499999862e+01
1.893894424400000176e+01,-2.463095699000000138e+01,0.000000000000000000e+00,2.463095699000000138e+01,-2.623598173699999947e+01,0.000000000000000000e+00,2.623598173699999947e+01
1.895896416400000106e+01,-2.446137333600000119e+01,0.000000000000000000e+00,2.446137333600000119e+01,-2.697750714100000025e+01,0.000000000000000000e+00,2.697750714100000025e+01
1.897898408400000037e+01,-2.471603775299999839e+01,0.000000000000000000e+00,2.471603775299999839e+01,-2.794266017300000016e+01,0.000000000000000000e+00,2.794266017300000016e+01
1.899900400399999967e+01,-2.483506566699999851e+01,0.000000000000000000e+00,2.483506566699999851e+01,-2.898409717999999913e+01,0.000000000000000000e+00,2.898409717999999913e+01
1.901902392399999897e+01,-2.499508137300000143e+01,0.000000000000000000e+00,2.499508137300000143e+01,-3.033954936599999996e+01,0.000000000000000000e+00,3.033954936599999996e+01
1.903904384399999827e+01,-2.551184604499999864e+01,0.000000000000000000e+00,2.551184604499999864e+01,-3.211647102399999909e+01,0.000000000000000000e+00,3.211647102399999909e+01
1.905906376400000113e+01,-2.618989720300000101e+01,0.000000000000000000e+00,2.618989720300000101e+01,-3.382086773399999657e+01,0.000000000000000000e+00,3.382086773399999657e+01
1.907908368400000043e+01,-2.678249897099999899e+01,0.000000000000000000e+00,2.678249897099999899e+01,-3.580229433099999881e+01,0.000000000000000000e+00,3.580229433099999881e+01
1.909910360399999973e+01,-2.772140567299999958e+01,0.000000000000000000e+00,2.772140567299999958e+01,-3.844855818700000327e+01,0.000000000000000000e+00,3.844855818700000327e+01
1.911912352399999904e+01,-2.895820863999999872e+01,0.000000000000000000e+00,2.895820863999999872e+01,-4.021227240599999675e+01,0.000000000000000000e+00,4.021227240599999675e+01
1.913914344299999826e+01,-2.985100288299999960e+01,0.000000000000000000e+00,2.985100288299999960e+01,-4.007933961999999894e+01,0.000000000000000000e+00,4.007933961999999894e+01
1.915916336300000111e+01,-3.123366210500000051e+01,0.000000000000000000e+00,3.123366210500000051e+01,-3.878468866699999751e+01,0.000000000000000000e+00,3.878468866699999751e+01
1.917918328300000042e+01,-3.324158011400000134e+01,0.000000000000000000e+00,3.324158011400000134e+01,-3.637884560399999856e+01,0.000000000000000000e+00,3.637884560399999856e+01
1.919920320299999972e+01,-3.483624784799999929e+01,0.000000000000000000e+00,3.483624784799999929e+01,-3.377839984999999956e+01,0.000000000000000000e+00,3.377839984999999956e+01
1.921922312299999902e+01,-3.680708876199999935e+01,0.000000000000000000e+00,3.680708876199999935e+01,-3.191718756899999931e+01,0.000000000000000000e+00,3.191718756899999931e+01
1.923924304299999832e+01,-3.901328511399999854e+01,0.000000000000000000e+00,3.901328511399999854e+01,-3.073957221299999887e+01,0.000000000000000000e+00,3.073957221299999887e+01
1.925926296300000118e+01,-4.035032135600000203e+01,0.000000000000000000e+00,4.035032135600000203e+01,-2.931929100900000051e+01,0.000000000000000000e+00,2.931929100900000051e+01
1.927928288300000048e+01,-3.996516428000000332e+01,0.000000000000000000e+00,3.996516428000000332e+01,-2.805169500899999946e+01,0.000000000000000000e+00,2.805169500899999946e+01
1.929930280299999978e+01,-3.921198290800000308e+01,0.000000000000000000e+00,3.921198290800000308e+01,-2.745490381200000130e+01,0.000000000000000000e+00,2.745490381200000130e+01
1.931932272299999909e+01,-3.754461910999999930e+01,0.000000000000000000e+00,3.754461910999999930e+01,-2.686441696900000053e+01,0.000000000000000000e+00,2.686441696900000053e+01
1.933934264299999839e+01,-3.611539290999999707e+01,0.000000000000000000e+00,3.611539290999999707e+01,-2.625811666799999955e+01,0.000000000000000000e+00,2.625811666799999955e+01
1.935936256300000124e+01,-3.534136269900000116e+01,0.000000000000000000e+00,3.534136269900000116e+01,-2.611237982600000151e+01,0.000000000000000000e+00,2.611237982600000151e+01
1.937938248200000046e+01,-3.500872641400000163e+01,0.000000000000000000e+00,3.500872641400000163e+01,-2.607800081899999967e+01,0.000000000000000000e+00,2.607800081899999967e+01
1.939940240199999977e+01,-3.427931534399999691e+01,0.000000000000000000e+00,3.427931534399999691e+01,-2.592076119200000051e+01,0.000000000000000000e+00,2.592076119200000051e+01
1.941942232199999907e+01,-3.423247249399999959e+01,0.000000000000000000e+00,3.423247249399999959e+01,-2.598028411499999990e+01,0.000000000000000000e+00,2.598028411499999990e+01
1.943944224199999837e+01,-3.395285350599999674e+01,0.000000000000000000e+00,3.395285350599999674e+01,-2.615908021099999914e+01,0.000000000000000000e+00,2.615908021099999914e+01
1.945946216200000123e+01,-3.316462937400000044e+01,0.000000000000000000e+00,3.316462937400000044e+01,-2.633056430099999901e+01,0.000000000000000000e+00,2.633056430099999901e+01
1.947948208200000053e+01,-3.267976000400000203e+01,0.000000000000000000e+00,3.267976000400000203e+01,-2.679612866900000157e+01,0.000000000000000000e+00,2.679612866900000157e+01
1.949950200199999983e+01,-3.215682953900000030e+01,0.000000000000000000e+00,3.215682953900000030e+01,-2.738755748499999854e+01,0.000000000000000000e+00,2.738755748499999854e+01
1.951952192199999914e+01,-3.155349984300000088e+01,0.000000000000000000e+00,3.155349984300000088e+01,-2.773154230999999825e+01,0.000000000000000000e+00,2.773154230999999825e+01
1.953954184199999844e+01,-3.174645882900000160e+01,0.000000000000000000e+00,3.174645882900000160e+01,-2.833981480399999953e+01,0.000000000000000000e+00,2.833981480399999953e+01
1.955956176200000129e+01,-3.214663189099999840e+01,0.000000000000000000e+00,3.214663189099999840e+01,-2.906784249100000039e+01,0.000000000000000000e+00,2.906784249100000039e+01
1.957958168200000060e+01,-3.236252988599999725e+01,0.000000000000000000e+00,3.236252988599999725e+01,-2.971440361399999830e+01,0.000000000000000000e+00,2.971440361399999830e+01
1.959960160199999990e+01,-3.246939999300000324e+01,0.000000000000000000e+00,3.246939999300000324e+01,-3.024382419599999849e+01,0.000000000000000000e+00,3.024382419599999849e+01
1.961962152199999920e+01,-3.270644318899999803e+01,0.000000000000000000e+00,3.270644318899999803e+01,-3.115734124500000135e+01,0.000000000000000000e+00,3.115734124500000135e+01
1.963964144099999842e+01,-3.255700635800000242e+01,0.000000000000000000e+00,3.255700635800000242e+01,-3.111116951700000044e+01,0.000000000000000000e+00,3.111116951700000044e+01
1.965966136100000128e+01,-3.183091206199999945e+01,0.000000000000000000e+00,3.183091206199999945e+01,-3.017951911700000167e+01,0.000000000000000000e+00,3.017951911700000167e+01
1.967968128100000058e+01,-3.097220589899999865e+01,0.000000000000000000e+00,3.097220589899999865e+01,-2.936440251100000154e+01,0.000000000000000000e+00,2.936440251100000154e+01
1.969970120099999988e+01,-2.999223317999999949e+01,0.000000000000000000e+00,2.999223317999999949e+01,-2.862211483900000175e+01,0.000000000000000000e+00,2.862211483900000175e+01
1.971972112099999919e+01,-2.893329561399999861e+01,0.000000000000000000e+00,2.893329561399999861e+01,-2.792012519800000092e+01,0.000000000000000000e+00,2.792012519800000092e+01
1.973974104099999849e+01,-2.812155783300000067e+01,0.000000000000000000e+00,2.812155783300000067e+01,-2.767604413400000141e+01,0.000000000000000000e+00,2.767604413400000141e+01
1.975976096100000134e+01,-2.717140758000000034e+01,0.000000000000000000e+00,2.717140758000000034e+01,-2.750216075399999838e+01,0.000000000000000000e+00,2.750216075399999838e+01
1.977978088100000065e+01,-2.631721301099999977e+01,0.000000000000000000e+00,2.631721301099999977e+01,-2.686422720299999867e+01,0.000000000000000000e+00,2.686422720299999867e+01
1.979980080099999995e+01,-2.591528388600000099e+01,0.000000000000000000e+00,2.591528388600000099e+01,-2.628991220200000001e+01,0.000000000000000000e+00,2.628991220200000001e+01
1.981982072099999925e+01,-2.558437298300000151e+01,0.000000000000000000e+00,2.558437298300000151e+01,-2.585938016400000095e+01,0.000000000000000000e+00,2.585938016400000095e+01
1.983984064099999856e+01,-2.520451817100000014e+01,0.000000000000000000e+00,2.520451817100000014e+01,-2.518534328599999839e+01,0.000000000000000000e+00,2.518534328599999839e+01
1.985986056100000141e+01,-2.510095966400000123e+01,0.000000000000000000e+00,2.510095966400000123e+01,-2.478018905200000077e+01,0.000000000000000000e+00,2.478018905200000077e+01
1.987988048000000063e+01,-2.510089296599999997e+01,0.000000000000000000e+00,2.510089296599999997e+01,-2.450064719499999910e+01,0.000000000000000000e+00,2.450064719499999910e+01
1.989990039999999993e+01,-2.477814497399999993e+01,0.000000000000000000e+00,2.477814497399999993e+01,-2.419382555500000009e+01,0.000000000000000000e+00,2.419382555500000009e+01
1.991992031999999924e+01,-2.472964547200000140e+01,0.000000000000000000e+00,2.472964547200000140e+01,-2.407180225800000173e+01,0.000000000000000000e+00,2.407180225800000173e+01
1.993994023999999854e+01,-2.474849108100000095e+01,0.000000000000000000e+00,2.474849108100000095e+01,-2.414842614999999881e+01,0.000000000000000000e+00,2.414842614999999881e+01
1.995996016000000139e+01,-2.445414580899999990e+01,0.000000000000000000e+00,2.445414580899999990e+01,-2.420011173700000029e+01,0.000000000000000000e+00,2.420011173700000029e+01
1.997998008000000070e+01,-2.436677609599999883e+01,0.000000000000000000e+00,2.436677609599999883e+01,-2.438600271500000005e+01,0.000000000000000000e+00,2.438600271500000005e+01
2.000000000000000000e+01,-2.435433615099999827e+01,0.000000000000000000e+00,2.435433615099999827e+01,-2.471300998499999935e+01,0.000000000000000000e+00,2.471300998499999935e+01
