freq_GHz,S21_real,S21_imag,S21_mag,S31_real,S31_imag,S31_mag
1.000000000000000048e-04,-8.290169162799999469e+01,0.000000000000000000e+00,8.290169162799999469e+01,-7.700959814899999856e+01,0.000000000000000000e+00,7.700959814899999856e+01
2.011991992000000326e-02,-8.716991000500000553e+01,0.000000000000000000e+00,8.716991000500000553e+01,-9.706109749200000181e+01,0.000000000000000000e+00,9.706109749200000181e+01
4.013983984000000366e-02,-1.000532013199999994e+02,0.000000000000000000e+00,1.000532013199999994e+02,-9.423517171599999642e+01,0.000000000000000000e+00,9.423517171599999642e+01
6.015975976000000058e-02,-9.180729457200000354e+01,0.000000000000000000e+00,9.180729457200000354e+01,-8.968164429200000143e+01,0.000000000000000000e+00,8.968164429200000143e+01
8.017967968000000445e-02,-1.032599951400000009e+02,0.000000000000000000e+00,1.032599951400000009e+02,-9.538647629999999822e+01,0.000000000000000000e+00,9.538647629999999822e+01
1.001995995999999944e-01,-9.083864516600000627e+01,0.000000000000000000e+00,9.083864516600000627e+01,-9.204472607799999651e+01,0.000000000000000000e+00,9.204472607799999651e+01
1.202195195199999983e-01,-1.010774385899999999e+02,0.000000000000000000e+00,1.010774385899999999e+02,-1.008608354999999932e+02,0.000000000000000000e+00,1.008608354999999932e+02
1.402394394400000022e-01,-9.145166652599999679e+01,0.000000000000000000e+00,9.145166652599999679e+01,-9.428487919100000170e+01,0.000000000000000000e+00,9.428487919100000170e+01
1.602593593600000199e-01,-9.813287355900000364e+01,0.000000000000000000e+00,9.813287355900000364e+01,-1.018349919500000027e+02,0.000000000000000000e+00,1.018349919500000027e+02
1.802792792800000099e-01,-8.918595691400000192e+01,0.000000000000000000e+00,8.918595691400000192e+01,-9.984121308999999655e+01,0.000000000000000000e+00,9.984121308999999655e+01
2.002991991999999999e-01,-1.017339050399999962e+02,0.000000000000000000e+00,1.017339050399999962e+02,-1.030608744900000033e+02,0.000000000000000000e+00,1.030608744900000033e+02
2.203191191200000176e-01,-1.001258535999999992e+02,0.000000000000000000e+00,1.001258535999999992e+02,-1.049258256699999947e+02,0.000000000000000000e+00,1.049258256699999947e+02
2.403390390399999799e-01,-9.567015646100000481e+01,0.000000000000000000e+00,9.567015646100000481e+01,-9.491299259800000243e+01,0.000000000000000000e+00,9.491299259800000243e+01
2.603589589599999976e-01,-1.016397484900000023e+02,0.000000000000000000e+00,1.016397484900000023e+02,-9.227690941900000610e+01,0.000000000000000000e+00,9.227690941900000610e+01
2.803788788800000154e-01,-9.607172919299999592e+01,0.000000000000000000e+00,9.607172919299999592e+01,-1.057390994999999947e+02,0.000000000000000000e+00,1.057390994999999947e+02
3.003987988000000331e-01,-1.074948586900000009e+02,0.000000000000000000e+00,1.074948586900000009e+02,-1.082057950300000044e+02,0.000000000000000000e+00,1.082057950300000044e+02
3.204187187200000508e-01,-9.700845483899999522e+01,0.000000000000000000e+00,9.700845483899999522e+01,-1.013364734099999964e+02,0.000000000000000000e+00,1.013364734099999964e+02
3.404386386400000131e-01,-1.069749063099999944e+02,0.000000000000000000e+00,1.069749063099999944e+02,-8.645576868199999865e+01,0.000000000000000000e+00,8.645576868199999865e+01
3.604585585599999753e-01,-9.185825513100000705e+01,0.000000000000000000e+00,9.185825513100000705e+01,-9.311153114900000105e+01,0.000000000000000000e+00,9.311153114900000105e+01
3.804784784799999930e-01,-1.027497103700000025e+02,0.000000000000000000e+00,1.027497103700000025e+02,-8.719213409699999318e+01,0.000000000000000000e+00,8.719213409699999318e+01
4.004983983999999553e-01,-9.765978679299999499e+01,0.000000000000000000e+00,9.765978679299999499e+01,-9.594185040399999309e+01,0.000000000000000000e+00,9.594185040399999309e+01
4.205183183199999730e-01,-1.045804860599999984e+02,0.000000000000000000e+00,1.045804860599999984e+02,-8.991613457799999765e+01,0.000000000000000000e+00,8.991613457799999765e+01
4.405382382399999908e-01,-9.890036266100000262e+01,0.000000000000000000e+00,9.890036266100000262e+01,-8.225525563399999385e+01,0.000000000000000000e+00,8.225525563399999385e+01
4.605581581600000085e-01,-8.489557048499999325e+01,0.000000000000000000e+00,8.489557048499999325e+01,-9.262161343299999317e+01,0.000000000000000000e+00,9.262161343299999317e+01
4.805780780799999707e-01,-8.530170434800000123e+01,0.000000000000000000e+00,8.530170434800000123e+01,-8.798259285400000351e+01,0.000000000000000000e+00,8.798259285400000351e+01
5.005979980000000440e-01,-9.269103349899999955e+01,0.000000000000000000e+00,9.269103349899999955e+01,-9.169113238500000307e+01,0.000000000000000000e+00,9.169113238500000307e+01
5.206179179200000062e-01,-8.603105570900000032e+01,0.000000000000000000e+00,8.603105570900000032e+01,-8.791467589699999508e+01,0.000000000000000000e+00,8.791467589699999508e+01
5.406378378400000795e-01,-8.257326743100000499e+01,0.000000000000000000e+00,8.257326743100000499e+01,-8.352479311599999789e+01,0.000000000000000000e+00,8.352479311599999789e+01
5.606577577600000417e-01,-8.279213137399999312e+01,0.000000000000000000e+00,8.279213137399999312e+01,-8.689815985399999931e+01,0.000000000000000000e+00,8.689815985399999931e+01
5.806776776799998929e-01,-7.888879575500000385e+01,0.000000000000000000e+00,7.888879575500000385e+01,-8.603950550000000419e+01,0.000000000000000000e+00,8.603950550000000419e+01
6.006975976000000772e-01,-8.059651871600000561e+01,0.000000000000000000e+00,8.059651871600000561e+01,-8.188635882699999513e+01,0.000000000000000000e+00,8.188635882699999513e+01
6.207175175199999284e-01,-7.710077357199999426e+01,0.000000000000000000e+00,7.710077357199999426e+01,-7.984751908900000217e+01,0.000000000000000000e+00,7.984751908900000217e+01
6.407374374400001127e-01,-7.575235075300000176e+01,0.000000000000000000e+00,7.575235075300000176e+01,-7.422348786599999926e+01,0.000000000000000000e+00,7.422348786599999926e+01
6.607573573599999639e-01,-7.538222537999999417e+01,0.000000000000000000e+00,7.538222537999999417e+01,-7.285445515000000682e+01,0.000000000000000000e+00,7.285445515000000682e+01
6.807772772799999261e-01,-6.940705079999999327e+01,0.000000000000000000e+00,6.940705079999999327e+01,-7.070610964399999432e+01,0.000000000000000000e+00,7.070610964399999432e+01
7.007971971999999994e-01,-6.809170088899999485e+01,0.000000000000000000e+00,6.809170088899999485e+01,-6.899786533699999325e+01,0.000000000000000000e+00,6.899786533699999325e+01
7.208171171199999616e-01,-6.674913067800000022e+01,0.000000000000000000e+00,6.674913067800000022e+01,-6.711848962999999912e+01,0.000000000000000000e+00,6.711848962999999912e+01
7.408370370399999238e-01,-6.359368888600000247e+01,0.000000000000000000e+00,6.359368888600000247e+01,-6.463788167799999940e+01,0.000000000000000000e+00,6.463788167799999940e+01
7.608569569599999971e-01,-6.202019914899999975e+01,0.000000000000000000e+00,6.202019914899999975e+01,-6.500370653699999934e+01,0.000000000000000000e+00,6.500370653699999934e+01
7.808768768799999593e-01,-6.151360334900000026e+01,0.000000000000000000e+00,6.151360334900000026e+01,-6.305092081600000142e+01,0.000000000000000000e+00,6.305092081600000142e+01
8.008967967999999216e-01,-6.036494029499999669e+01,0.000000000000000000e+00,6.036494029499999669e+01,-6.196648228600000152e+01,0.000000000000000000e+00,6.196648228600000152e+01
8.209167167199999948e-01,-5.899332400200000137e+01,0.000000000000000000e+00,5.899332400200000137e+01,-6.032346058499999941e+01,0.000000000000000000e+00,6.032346058499999941e+01
8.409366366399999571e-01,-5.748907033399999733e+01,0.000000000000000000e+00,5.748907033399999733e+01,-5.846421235599999733e+01,0.000000000000000000e+00,5.846421235599999733e+01
8.609565565599999193e-01,-5.502401105599999909e+01,0.000000000000000000e+00,5.502401105599999909e+01,-5.690796242599999744e+01,0.000000000000000000e+00,5.690796242599999744e+01
8.809764764799999925e-01,-5.323530389199999746e+01,0.000000000000000000e+00,5.323530389199999746e+01,-5.515315127400000250e+01,0.000000000000000000e+00,5.515315127400000250e+01
9.009963963999999548e-01,-5.082612720699999898e+01,0.000000000000000000e+00,5.082612720699999898e+01,-5.254919248800000275e+01,0.000000000000000000e+00,5.254919248800000275e+01
9.210163163200000280e-01,-4.873977347799999649e+01,0.000000000000000000e+00,4.873977347799999649e+01,-4.894440042200000107e+01,0.000000000000000000e+00,4.894440042200000107e+01
9.410362362399999903e-01,-4.655249954599999995e+01,0.000000000000000000e+00,4.655249954599999995e+01,-4.658811923700000079e+01,0.000000000000000000e+00,4.658811923700000079e+01
9.610561561599999525e-01,-4.343003660899999829e+01,0.000000000000000000e+00,4.343003660899999829e+01,-4.397699617100000324e+01,0.000000000000000000e+00,4.397699617100000324e+01
9.810760760800000257e-01,-4.076743984899999873e+01,0.000000000000000000e+00,4.076743984899999873e+01,-4.099293658799999918e+01,0.000000000000000000e+00,4.099293658799999918e+01
1.001095996000000099e+00,-3.893271314999999788e+01,0.000000000000000000e+00,3.893271314999999788e+01,-3.961731346900000261e+01,0.000000000000000000e+00,3.961731346900000261e+01
1.021115915900000060e+00,-3.800322326999999945e+01,0.000000000000000000e+00,3.800322326999999945e+01,-3.873097641799999735e+01,0.000000000000000000e+00,3.873097641799999735e+01
1.041135835800000020e+00,-3.694626547600000066e+01,0.000000000000000000e+00,3.694626547600000066e+01,-3.767942745700000273e+01,0.000000000000000000e+00,3.767942745700000273e+01
1.061155755799999989e+00,-3.570559718799999871e+01,0.000000000000000000e+00,3.570559718799999871e+01,-3.545413485600000314e+01,0.000000000000000000e+00,3.545413485600000314e+01
1.081175675699999950e+00,-3.427059703700000171e+01,0.000000000000000000e+00,3.427059703700000171e+01,-3.367666536699999824e+01,0.000000000000000000e+00,3.367666536699999824e+01
1.101195595599999910e+00,-3.376324752099999671e+01,0.000000000000000000e+00,3.376324752099999671e+01,-3.291574624599999765e+01,0.000000000000000000e+00,3.291574624599999765e+01
1.121215515500000093e+00,-3.286691629700000306e+01,0.000000000000000000e+00,3.286691629700000306e+01,-3.174134042300000047e+01,0.000000000000000000e+00,3.174134042300000047e+01
1.141235435400000053e+00,-3.146522428100000113e+01,0.000000000000000000e+00,3.146522428100000113e+01,-3.096073092399999993e+01,0.000000000000000000e+00,3.096073092399999993e+01
1.161255355400000022e+00,-3.080221599100000063e+01,0.000000000000000000e+00,3.080221599100000063e+01,-2.954077796300000003e+01,0.000000000000000000e+00,2.954077796300000003e+01
1.181275275299999983e+00,-2.863747072900000035e+01,0.000000000000000000e+00,2.863747072900000035e+01,-2.853450709999999901e+01,0.000000000000000000e+00,2.853450709999999901e+01
1.201295195199999943e+00,-2.772621086999999918e+01,0.000000000000000000e+00,2.772621086999999918e+01,-2.741706366700000075e+01,0.000000000000000000e+00,2.741706366700000075e+01
1.221315115099999904e+00,-2.692860901399999918e+01,0.000000000000000000e+00,2.692860901399999918e+01,-2.691014820099999838e+01,0.000000000000000000e+00,2.691014820099999838e+01
1.241335035000000087e+00,-2.635303371499999869e+01,0.000000000000000000e+00,2.635303371499999869e+01,-2.566244967800000154e+01,0.000000000000000000e+00,2.566244967800000154e+01
1.261354955000000055e+00,-2.456509358499999962e+01,0.000000000000000000e+00,2.456509358499999962e+01,-2.427783260800000065e+01,0.000000000000000000e+00,2.427783260800000065e+01
1.281374874900000016e+00,-2.363931883900000130e+01,0.000000000000000000e+00,2.363931883900000130e+01,-2.327225575699999993e+01,0.000000000000000000e+00,2.327225575699999993e+01
1.301394794799999977e+00,-2.243077790999999976e+01,0.000000000000000000e+00,2.243077790999999976e+01,-2.302784625299999988e+01,0.000000000000000000e+00,2.302784625299999988e+01
1.321414714699999937e+00,-2.102610323100000045e+01,0.000000000000000000e+00,2.102610323100000045e+01,-2.254178624000000042e+01,0.000000000000000000e+00,2.254178624000000042e+01
1.341434634599999898e+00,-1.980376486100000122e+01,0.000000000000000000e+00,1.980376486100000122e+01,-2.155791416499999968e+01,0.000000000000000000e+00,2.155791416499999968e+01
1.361454554599999867e+00,-1.925622171299999863e+01,0.000000000000000000e+00,1.925622171299999863e+01,-2.079792254299999854e+01,0.000000000000000000e+00,2.079792254299999854e+01
1.381474474500000049e+00,-1.900964497600000058e+01,0.000000000000000000e+00,1.900964497600000058e+01,-1.944894817999999859e+01,0.000000000000000000e+00,1.944894817999999859e+01
1.401494394400000010e+00,-1.817400722700000060e+01,0.000000000000000000e+00,1.817400722700000060e+01,-1.896060111299999917e+01,0.000000000000000000e+00,1.896060111299999917e+01
1.421514314299999970e+00,-1.730930248700000007e+01,0.000000000000000000e+00,1.730930248700000007e+01,-1.816500586500000125e+01,0.000000000000000000e+00,1.816500586500000125e+01
1.441534234200000153e+00,-1.749811623900000157e+01,0.000000000000000000e+00,1.749811623900000157e+01,-1.756424537599999880e+01,0.000000000000000000e+00,1.756424537599999880e+01
1.461554154200000122e+00,-1.766797060000000030e+01,0.000000000000000000e+00,1.766797060000000030e+01,-1.740201835999999957e+01,0.000000000000000000e+00,1.740201835999999957e+01
1.481574074099999860e+00,-1.722684572900000077e+01,0.000000000000000000e+00,1.722684572900000077e+01,-1.748023552300000105e+01,0.000000000000000000e+00,1.748023552300000105e+01
1.501593994000000043e+00,-1.675904845299999835e+01,0.000000000000000000e+00,1.675904845299999835e+01,-1.673016388699999979e+01,0.000000000000000000e+00,1.673016388699999979e+01
1.521613913900000004e+00,-1.736165229699999912e+01,0.000000000000000000e+00,1.736165229699999912e+01,-1.612302322800000098e+01,0.000000000000000000e+00,1.612302322800000098e+01
1.541633833799999964e+00,-1.749069411500000015e+01,0.000000000000000000e+00,1.749069411500000015e+01,-1.607998001099999996e+01,0.000000000000000000e+00,1.607998001099999996e+01
1.561653753799999933e+00,-1.763273328900000081e+01,0.000000000000000000e+00,1.763273328900000081e+01,-1.650046272200000175e+01,0.000000000000000000e+00,1.650046272200000175e+01
1.581673673700000116e+00,-1.734683292400000099e+01,0.000000000000000000e+00,1.734683292400000099e+01,-1.687527011799999954e+01,0.000000000000000000e+00,1.687527011799999954e+01
1.601693593599999854e+00,-1.701867077500000036e+01,0.000000000000000000e+00,1.701867077500000036e+01,-1.721221937900000043e+01,0.000000000000000000e+00,1.721221937900000043e+01
1.621713513500000037e+00,-1.740030344799999895e+01,0.000000000000000000e+00,1.740030344799999895e+01,-1.749326090199999939e+01,0.000000000000000000e+00,1.749326090199999939e+01
1.641733433399999997e+00,-1.673757204800000054e+01,0.000000000000000000e+00,1.673757204800000054e+01,-1.830670075200000113e+01,0.000000000000000000e+00,1.830670075200000113e+01
1.661753353400000188e+00,-1.637740282600000086e+01,0.000000000000000000e+00,1.637740282600000086e+01,-1.884706447299999965e+01,0.000000000000000000e+00,1.884706447299999965e+01
1.681773273299999927e+00,-1.582171120499999972e+01,0.000000000000000000e+00,1.582171120499999972e+01,-1.837028021000000066e+01,0.000000000000000000e+00,1.837028021000000066e+01
1.701793193200000109e+00,-1.552521239100000017e+01,0.000000000000000000e+00,1.552521239100000017e+01,-1.833134192099999993e+01,0.000000000000000000e+00,1.833134192099999993e+01
1.721813113099999848e+00,-1.491595125999999993e+01,0.000000000000000000e+00,1.491595125999999993e+01,-1.871208516000000088e+01,0.000000000000000000e+00,1.871208516000000088e+01
1.741833033000000031e+00,-1.487992646000000008e+01,0.000000000000000000e+00,1.487992646000000008e+01,-1.913313112899999879e+01,0.000000000000000000e+00,1.913313112899999879e+01
1.761852952999999999e+00,-1.472551562900000022e+01,0.000000000000000000e+00,1.472551562900000022e+01,-2.001720116199999921e+01,0.000000000000000000e+00,2.001720116199999921e+01
1.781872872900000182e+00,-1.421903411199999923e+01,0.000000000000000000e+00,1.421903411199999923e+01,-2.002463043499999884e+01,0.000000000000000000e+00,2.002463043499999884e+01
1.801892792799999921e+00,-1.368853878300000027e+01,0.000000000000000000e+00,1.368853878300000027e+01,-1.850817412600000011e+01,0.000000000000000000e+00,1.850817412600000011e+01
1.821912712700000103e+00,-1.323761573100000000e+01,0.000000000000000000e+00,1.323761573100000000e+01,-1.851470642700000013e+01,0.000000000000000000e+00,1.851470642700000013e+01
1.841932632599999842e+00,-1.274575757300000056e+01,0.000000000000000000e+00,1.274575757300000056e+01,-1.813928906900000015e+01,0.000000000000000000e+00,1.813928906900000015e+01
1.861952552599999811e+00,-1.260179954900000077e+01,0.000000000000000000e+00,1.260179954900000077e+01,-1.765945019799999827e+01,0.000000000000000000e+00,1.765945019799999827e+01
1.881972472499999993e+00,-1.271045173199999923e+01,0.000000000000000000e+00,1.271045173199999923e+01,-1.680814128400000129e+01,0.000000000000000000e+00,1.680814128400000129e+01
1.901992392400000176e+00,-1.299205131899999976e+01,0.000000000000000000e+00,1.299205131899999976e+01,-1.615983890200000062e+01,0.000000000000000000e+00,1.615983890200000062e+01
1.922012312299999914e+00,-1.302743927999999940e+01,0.000000000000000000e+00,1.302743927999999940e+01,-1.539033688299999980e+01,0.000000000000000000e+00,1.539033688299999980e+01
1.942032232200000097e+00,-1.316026762599999955e+01,0.000000000000000000e+00,1.316026762599999955e+01,-1.483042323399999951e+01,0.000000000000000000e+00,1.483042323399999951e+01
1.962052152200000066e+00,-1.340929605400000035e+01,0.000000000000000000e+00,1.340929605400000035e+01,-1.468263176299999984e+01,0.000000000000000000e+00,1.468263176299999984e+01
1.982072072099999804e+00,-1.337970922000000051e+01,0.000000000000000000e+00,1.337970922000000051e+01,-1.434621114099999950e+01,0.000000000000000000e+00,1.434621114099999950e+01
2.002091991999999987e+00,-1.346175506400000010e+01,0.000000000000000000e+00,1.346175506400000010e+01,-1.423346878899999979e+01,0.000000000000000000e+00,1.423346878899999979e+01
2.022111911900000170e+00,-1.329370860200000060e+01,0.000000000000000000e+00,1.329370860200000060e+01,-1.380015500600000067e+01,0.000000000000000000e+00,1.380015500600000067e+01
2.042131831799999908e+00,-1.332722537199999913e+01,0.000000000000000000e+00,1.332722537199999913e+01,-1.392260463899999934e+01,0.000000000000000000e+00,1.392260463899999934e+01
2.062151751800000099e+00,-1.364687812700000080e+01,0.000000000000000000e+00,1.364687812700000080e+01,-1.433230418199999967e+01,0.000000000000000000e+00,1.433230418199999967e+01
2.082171671699999838e+00,-1.333984781999999925e+01,0.000000000000000000e+00,1.333984781999999925e+01,-1.454885405399999954e+01,0.000000000000000000e+00,1.454885405399999954e+01
2.102191591600000020e+00,-1.309650444999999941e+01,0.000000000000000000e+00,1.309650444999999941e+01,-1.424498332900000008e+01,0.000000000000000000e+00,1.424498332900000008e+01
2.122211511500000203e+00,-1.316085651999999939e+01,0.000000000000000000e+00,1.316085651999999939e+01,-1.400298714999999916e+01,0.000000000000000000e+00,1.400298714999999916e+01
2.142231431399999941e+00,-1.319650952299999958e+01,0.000000000000000000e+00,1.319650952299999958e+01,-1.408438313299999933e+01,0.000000000000000000e+00,1.408438313299999933e+01
2.162251351400000132e+00,-1.323064314500000016e+01,0.000000000000000000e+00,1.323064314500000016e+01,-1.405514327799999919e+01,0.000000000000000000e+00,1.405514327799999919e+01
2.182271271300000315e+00,-1.319956627700000062e+01,0.000000000000000000e+00,1.319956627700000062e+01,-1.393753276500000027e+01,0.000000000000000000e+00,1.393753276500000027e+01
2.202291191199999609e+00,-1.327634856699999943e+01,0.000000000000000000e+00,1.327634856699999943e+01,-1.386400281599999929e+01,0.000000000000000000e+00,1.386400281599999929e+01
2.222311111099999792e+00,-1.338247928600000058e+01,0.000000000000000000e+00,1.338247928600000058e+01,-1.397208686299999947e+01,0.000000000000000000e+00,1.397208686299999947e+01
2.242331030999999975e+00,-1.336473818700000038e+01,0.000000000000000000e+00,1.336473818700000038e+01,-1.377941206100000038e+01,0.000000000000000000e+00,1.377941206100000038e+01
2.262350951000000165e+00,-1.318793353999999951e+01,0.000000000000000000e+00,1.318793353999999951e+01,-1.377722806400000088e+01,0.000000000000000000e+00,1.377722806400000088e+01
2.282370870899999904e+00,-1.322256425800000024e+01,0.000000000000000000e+00,1.322256425800000024e+01,-1.388756868299999958e+01,0.000000000000000000e+00,1.388756868299999958e+01
2.302390790800000087e+00,-1.321946362000000086e+01,0.000000000000000000e+00,1.321946362000000086e+01,-1.380912715100000021e+01,0.000000000000000000e+00,1.380912715100000021e+01
2.322410710699999825e+00,-1.323116505199999970e+01,0.000000000000000000e+00,1.323116505199999970e+01,-1.381980412200000075e+01,0.000000000000000000e+00,1.381980412200000075e+01
2.342430630600000008e+00,-1.320455635799999961e+01,0.000000000000000000e+00,1.320455635799999961e+01,-1.367688232699999951e+01,0.000000000000000000e+00,1.367688232699999951e+01
2.362450550599999755e+00,-1.321889784999999939e+01,0.000000000000000000e+00,1.321889784999999939e+01,-1.376775539399999992e+01,0.000000000000000000e+00,1.376775539399999992e+01
2.382470470499999937e+00,-1.333434383200000006e+01,0.000000000000000000e+00,1.333434383200000006e+01,-1.387256952999999982e+01,0.000000000000000000e+00,1.387256952999999982e+01
2.402490390400000120e+00,-1.360390270799999968e+01,0.000000000000000000e+00,1.360390270799999968e+01,-1.404166494500000084e+01,0.000000000000000000e+00,1.404166494500000084e+01
2.422510310300000302e+00,-1.394711296900000086e+01,0.000000000000000000e+00,1.394711296900000086e+01,-1.383556012899999921e+01,0.000000000000000000e+00,1.383556012899999921e+01
2.442530230199999597e+00,-1.424358747299999983e+01,0.000000000000000000e+00,1.424358747299999983e+01,-1.394289585199999948e+01,0.000000000000000000e+00,1.394289585199999948e+01
2.462550150199999788e+00,-1.436433472300000069e+01,0.000000000000000000e+00,1.436433472300000069e+01,-1.406232304199999916e+01,0.000000000000000000e+00,1.406232304199999916e+01
2.482570070099999970e+00,-1.471036174500000016e+01,0.000000000000000000e+00,1.471036174500000016e+01,-1.440120709900000051e+01,0.000000000000000000e+00,1.440120709900000051e+01
2.502589990000000153e+00,-1.489237539900000051e+01,0.000000000000000000e+00,1.489237539900000051e+01,-1.451011033600000033e+01,0.000000000000000000e+00,1.451011033600000033e+01
2.522609909899999892e+00,-1.554201461000000073e+01,0.000000000000000000e+00,1.554201461000000073e+01,-1.459200790699999928e+01,0.000000000000000000e+00,1.459200790699999928e+01
2.542629829800000074e+00,-1.591208908599999994e+01,0.000000000000000000e+00,1.591208908599999994e+01,-1.474979624300000047e+01,0.000000000000000000e+00,1.474979624300000047e+01
2.562649749699999813e+00,-1.645215839100000110e+01,0.000000000000000000e+00,1.645215839100000110e+01,-1.511857772399999966e+01,0.000000000000000000e+00,1.511857772399999966e+01
2.582669669700000004e+00,-1.708767837799999967e+01,0.000000000000000000e+00,1.708767837799999967e+01,-1.526270218600000028e+01,0.000000000000000000e+00,1.526270218600000028e+01
2.602689589599999742e+00,-1.774767227999999974e+01,0.000000000000000000e+00,1.774767227999999974e+01,-1.544721448700000010e+01,0.000000000000000000e+00,1.544721448700000010e+01
2.622709509499999925e+00,-1.813747152199999846e+01,0.000000000000000000e+00,1.813747152199999846e+01,-1.559493516000000035e+01,0.000000000000000000e+00,1.559493516000000035e+01
2.642729429400000107e+00,-1.844845624399999906e+01,0.000000000000000000e+00,1.844845624399999906e+01,-1.612046767800000069e+01,0.000000000000000000e+00,1.612046767800000069e+01
2.662749349300000290e+00,-1.858103757800000011e+01,0.000000000000000000e+00,1.858103757800000011e+01,-1.654753339499999854e+01,0.000000000000000000e+00,1.654753339499999854e+01
2.682769269300000037e+00,-1.872414143600000003e+01,0.000000000000000000e+00,1.872414143600000003e+01,-1.706593283999999855e+01,0.000000000000000000e+00,1.706593283999999855e+01
2.702789189199999775e+00,-1.883617710600000095e+01,0.000000000000000000e+00,1.883617710600000095e+01,-1.798421545000000066e+01,0.000000000000000000e+00,1.798421545000000066e+01
2.722809109099999958e+00,-1.896933721399999939e+01,0.000000000000000000e+00,1.896933721399999939e+01,-1.880316762400000030e+01,0.000000000000000000e+00,1.880316762400000030e+01
2.742829029000000141e+00,-1.923817450900000026e+01,0.000000000000000000e+00,1.923817450900000026e+01,-1.966249084100000033e+01,0.000000000000000000e+00,1.966249084100000033e+01
2.762848948899999879e+00,-1.889453429399999962e+01,0.000000000000000000e+00,1.889453429399999962e+01,-2.084490637300000060e+01,0.000000000000000000e+00,2.084490637300000060e+01
2.782868868900000070e+00,-1.866203931400000116e+01,0.000000000000000000e+00,1.866203931400000116e+01,-2.209773551099999978e+01,0.000000000000000000e+00,2.209773551099999978e+01
2.802888788800000253e+00,-1.839120626100000067e+01,0.000000000000000000e+00,1.839120626100000067e+01,-2.288409577899999903e+01,0.000000000000000000e+00,2.288409577899999903e+01
2.822908708699999991e+00,-1.783961343600000049e+01,0.000000000000000000e+00,1.783961343600000049e+01,-2.356424419500000056e+01,0.000000000000000000e+00,2.356424419500000056e+01
2.842928628599999730e+00,-1.771262844299999983e+01,0.000000000000000000e+00,1.771262844299999983e+01,-2.376080313299999958e+01,0.000000000000000000e+00,2.376080313299999958e+01
2.862948548499999912e+00,-1.756818895800000035e+01,0.000000000000000000e+00,1.756818895800000035e+01,-2.339013096500000088e+01,0.000000000000000000e+00,2.339013096500000088e+01
2.882968468500000103e+00,-1.728731881099999868e+01,0.000000000000000000e+00,1.728731881099999868e+01,-2.299290656200000171e+01,0.000000000000000000e+00,2.299290656200000171e+01
2.902988388400000286e+00,-1.697398666599999828e+01,0.000000000000000000e+00,1.697398666599999828e+01,-2.296127694799999830e+01,0.000000000000000000e+00,2.296127694799999830e+01
2.923008308300000024e+00,-1.669347876000000142e+01,0.000000000000000000e+00,1.669347876000000142e+01,-2.264256991099999894e+01,0.000000000000000000e+00,2.264256991099999894e+01
2.943028228199999763e+00,-1.629810380099999989e+01,0.000000000000000000e+00,1.629810380099999989e+01,-2.189614120799999952e+01,0.000000000000000000e+00,2.189614120799999952e+01
2.963048148099999946e+00,-1.605887440900000129e+01,0.000000000000000000e+00,1.605887440900000129e+01,-2.126941676099999867e+01,0.000000000000000000e+00,2.126941676099999867e+01
2.983068068099999692e+00,-1.588978420199999952e+01,0.000000000000000000e+00,1.588978420199999952e+01,-2.053661243499999856e+01,0.000000000000000000e+00,2.053661243499999856e+01
3.003087987999999875e+00,-1.571605068699999919e+01,0.000000000000000000e+00,1.571605068699999919e+01,-1.973448618899999829e+01,0.000000000000000000e+00,1.973448618899999829e+01
3.023107907900000058e+00,-1.547139374600000039e+01,0.000000000000000000e+00,1.547139374600000039e+01,-1.951800171200000023e+01,0.000000000000000000e+00,1.951800171200000023e+01
3.043127827800000240e+00,-1.532858412300000062e+01,0.000000000000000000e+00,1.532858412300000062e+01,-1.945549545700000138e+01,0.000000000000000000e+00,1.945549545700000138e+01
3.063147747699999979e+00,-1.535284025099999994e+01,0.000000000000000000e+00,1.535284025099999994e+01,-1.919925114799999832e+01,0.000000000000000000e+00,1.919925114799999832e+01
3.083167667699999726e+00,-1.541377474699999972e+01,0.000000000000000000e+00,1.541377474699999972e+01,-1.901394773499999857e+01,0.000000000000000000e+00,1.901394773499999857e+01
3.103187587599999908e+00,-1.551904835500000068e+01,0.000000000000000000e+00,1.551904835500000068e+01,-1.907429768300000106e+01,0.000000000000000000e+00,1.907429768300000106e+01
3.123207507500000091e+00,-1.582004989400000028e+01,0.000000000000000000e+00,1.582004989400000028e+01,-1.903616945799999982e+01,0.000000000000000000e+00,1.903616945799999982e+01
3.143227427400000273e+00,-1.596734905799999993e+01,0.000000000000000000e+00,1.596734905799999993e+01,-1.889394075599999923e+01,0.000000000000000000e+00,1.889394075599999923e+01
3.163247347300000012e+00,-1.598672610999999932e+01,0.000000000000000000e+00,1.598672610999999932e+01,-1.876670783400000175e+01,0.000000000000000000e+00,1.876670783400000175e+01
3.183267267300000203e+00,-1.608038279100000167e+01,0.000000000000000000e+00,1.608038279100000167e+01,-1.855783461700000103e+01,0.000000000000000000e+00,1.855783461700000103e+01
3.203287187199999941e+00,-1.609568922700000115e+01,0.000000000000000000e+00,1.609568922700000115e+01,-1.841069779400000073e+01,0.000000000000000000e+00,1.841069779400000073e+01
3.223307107100000124e+00,-1.615475821200000084e+01,0.000000000000000000e+00,1.615475821200000084e+01,-1.837142847100000154e+01,0.000000000000000000e+00,1.837142847100000154e+01
3.243327026999999863e+00,-1.614686937000000100e+01,0.000000000000000000e+00,1.614686937000000100e+01,-1.834503633299999947e+01,0.000000000000000000e+00,1.834503633299999947e+01
3.263346946900000045e+00,-1.614612077099999965e+01,0.000000000000000000e+00,1.614612077099999965e+01,-1.824886284400000136e+01,0.000000000000000000e+00,1.824886284400000136e+01
3.283366866900000236e+00,-1.631077811200000127e+01,0.000000000000000000e+00,1.631077811200000127e+01,-1.800581767299999925e+01,0.000000000000000000e+00,1.800581767299999925e+01
3.303386786799999975e+00,-1.641613940799999938e+01,0.000000000000000000e+00,1.641613940799999938e+01,-1.792309423600000073e+01,0.000000000000000000e+00,1.792309423600000073e+01
3.323406706699999713e+00,-1.649777451399999961e+01,0.000000000000000000e+00,1.649777451399999961e+01,-1.784995117500000106e+01,0.000000000000000000e+00,1.784995117500000106e+01
3.343426626599999896e+00,-1.677144103799999897e+01,0.000000000000000000e+00,1.677144103799999897e+01,-1.771437873400000029e+01,0.000000000000000000e+00,1.771437873400000029e+01
3.363446546500000078e+00,-1.702526331400000004e+01,0.000000000000000000e+00,1.702526331400000004e+01,-1.763627914399999952e+01,0.000000000000000000e+00,1.763627914399999952e+01
3.383466466499999825e+00,-1.729724998800000080e+01,0.000000000000000000e+00,1.729724998800000080e+01,-1.763861160200000100e+01,0.000000000000000000e+00,1.763861160200000100e+01
3.403486386400000008e+00,-1.751769987000000128e+01,0.000000000000000000e+00,1.751769987000000128e+01,-1.780455988699999992e+01,0.000000000000000000e+00,1.780455988699999992e+01
3.423506306300000190e+00,-1.786492646199999967e+01,0.000000000000000000e+00,1.786492646199999967e+01,-1.791216666100000054e+01,0.000000000000000000e+00,1.791216666100000054e+01
3.443526226199999929e+00,-1.824484752000000043e+01,0.000000000000000000e+00,1.824484752000000043e+01,-1.801779834699999938e+01,0.000000000000000000e+00,1.801779834699999938e+01
3.463546146100000112e+00,-1.864368807099999970e+01,0.000000000000000000e+00,1.864368807099999970e+01,-1.817652824800000033e+01,0.000000000000000000e+00,1.817652824800000033e+01
3.483566066099999858e+00,-1.887928124100000105e+01,0.000000000000000000e+00,1.887928124100000105e+01,-1.864288809099999966e+01,0.000000000000000000e+00,1.864288809099999966e+01
3.503585986000000041e+00,-1.907902351499999938e+01,0.000000000000000000e+00,1.907902351499999938e+01,-1.925688971299999963e+01,0.000000000000000000e+00,1.925688971299999963e+01
3.523605905900000224e+00,-1.922986934500000089e+01,0.000000000000000000e+00,1.922986934500000089e+01,-1.991976010799999841e+01,0.000000000000000000e+00,1.991976010799999841e+01
3.543625825800000406e+00,-1.914023309999999967e+01,0.000000000000000000e+00,1.914023309999999967e+01,-2.060688077100000015e+01,0.000000000000000000e+00,2.060688077100000015e+01
3.563645745699999701e+00,-1.908283293399999891e+01,0.000000000000000000e+00,1.908283293399999891e+01,-2.102101988100000085e+01,0.000000000000000000e+00,2.102101988100000085e+01
3.583665665699999892e+00,-1.907717535100000106e+01,0.000000000000000000e+00,1.907717535100000106e+01,-2.142149422099999967e+01,0.000000000000000000e+00,2.142149422099999967e+01
3.603685585600000074e+00,-1.882368115299999900e+01,0.000000000000000000e+00,1.882368115299999900e+01,-2.198411373400000102e+01,0.000000000000000000e+00,2.198411373400000102e+01
3.623705505499999813e+00,-1.852985547600000160e+01,0.000000000000000000e+00,1.852985547600000160e+01,-2.236973940300000052e+01,0.000000000000000000e+00,2.236973940300000052e+01
3.643725425399999995e+00,-1.845514298000000153e+01,0.000000000000000000e+00,1.845514298000000153e+01,-2.248130454800000066e+01,0.000000000000000000e+00,2.248130454800000066e+01
3.663745345300000178e+00,-1.845363925399999872e+01,0.000000000000000000e+00,1.845363925399999872e+01,-2.264139303400000003e+01,0.000000000000000000e+00,2.264139303400000003e+01
3.683765265300000369e+00,-1.849813551200000106e+01,0.000000000000000000e+00,1.849813551200000106e+01,-2.244772246300000162e+01,0.000000000000000000e+00,2.244772246300000162e+01
3.703785185199999663e+00,-1.845781466400000070e+01,0.000000000000000000e+00,1.845781466400000070e+01,-2.216448965200000032e+01,0.000000000000000000e+00,2.216448965200000032e+01
3.723805105099999846e+00,-1.853689066300000121e+01,0.000000000000000000e+00,1.853689066300000121e+01,-2.191063724500000021e+01,0.000000000000000000e+00,2.191063724500000021e+01
3.743825025000000029e+00,-1.867817311299999972e+01,0.000000000000000000e+00,1.867817311299999972e+01,-2.182205162200000004e+01,0.000000000000000000e+00,2.182205162200000004e+01
3.763844944900000211e+00,-1.873752115899999993e+01,0.000000000000000000e+00,1.873752115899999993e+01,-2.167615946400000126e+01,0.000000000000000000e+00,2.167615946400000126e+01
3.783864864899999958e+00,-1.864846903400000144e+01,0.000000000000000000e+00,1.864846903400000144e+01,-2.136089009100000169e+01,0.000000000000000000e+00,2.136089009100000169e+01
3.803884784800000141e+00,-1.876527327499999842e+01,0.000000000000000000e+00,1.876527327499999842e+01,-2.110681792200000118e+01,0.000000000000000000e+00,2.110681792200000118e+01
3.823904704699999879e+00,-1.898204623000000169e+01,0.000000000000000000e+00,1.898204623000000169e+01,-2.081033741199999909e+01,0.000000000000000000e+00,2.081033741199999909e+01
3.843924624600000062e+00,-1.927772619299999945e+01,0.000000000000000000e+00,1.927772619299999945e+01,-2.063149597800000024e+01,0.000000000000000000e+00,2.063149597800000024e+01
3.863944544499999800e+00,-1.961606430599999840e+01,0.000000000000000000e+00,1.961606430599999840e+01,-2.045618838800000105e+01,0.000000000000000000e+00,2.045618838800000105e+01
3.883964464499999991e+00,-2.019565730500000100e+01,0.000000000000000000e+00,2.019565730500000100e+01,-2.040963057200000108e+01,0.000000000000000000e+00,2.040963057200000108e+01
3.903984384400000174e+00,-2.058906675200000080e+01,0.000000000000000000e+00,2.058906675200000080e+01,-2.053516160699999915e+01,0.000000000000000000e+00,2.053516160699999915e+01
3.924004304300000356e+00,-2.078648811800000118e+01,0.000000000000000000e+00,2.078648811800000118e+01,-2.045352655199999958e+01,0.000000000000000000e+00,2.045352655199999958e+01
3.944024224199999651e+00,-2.112930171700000059e+01,0.000000000000000000e+00,2.112930171700000059e+01,-2.032674106300000005e+01,0.000000000000000000e+00,2.032674106300000005e+01
3.964044144099999833e+00,-2.147985862999999895e+01,0.000000000000000000e+00,2.147985862999999895e+01,-2.016317653899999840e+01,0.000000000000000000e+00,2.016317653899999840e+01
3.984064064100000024e+00,-2.171944484200000147e+01,0.000000000000000000e+00,2.171944484200000147e+01,-2.017139606699999987e+01,0.000000000000000000e+00,2.017139606699999987e+01
4.004083984000000207e+00,-2.193828790599999934e+01,0.000000000000000000e+00,2.193828790599999934e+01,-2.011951279000000170e+01,0.000000000000000000e+00,2.011951279000000170e+01
4.024103903900000390e+00,-2.192909832699999839e+01,0.000000000000000000e+00,2.192909832699999839e+01,-2.013440322199999954e+01,0.000000000000000000e+00,2.013440322199999954e+01
4.044123823800000572e+00,-2.180540545799999919e+01,0.000000000000000000e+00,2.180540545799999919e+01,-2.005084009500000164e+01,0.000000000000000000e+00,2.005084009500000164e+01
4.064143743699999867e+00,-2.162585384300000158e+01,0.000000000000000000e+00,2.162585384300000158e+01,-2.016635930800000054e+01,0.000000000000000000e+00,2.016635930800000054e+01
4.084163663700000058e+00,-2.129749514299999902e+01,0.000000000000000000e+00,2.129749514299999902e+01,-2.025192611800000009e+01,0.000000000000000000e+00,2.025192611800000009e+01
4.104183583600000240e+00,-2.091465130099999925e+01,0.000000000000000000e+00,2.091465130099999925e+01,-2.023948203999999862e+01,0.000000000000000000e+00,2.023948203999999862e+01
4.124203503500000423e+00,-2.080114459600000032e+01,0.000000000000000000e+00,2.080114459600000032e+01,-2.027140361000000013e+01,0.000000000000000000e+00,2.027140361000000013e+01
4.144223423399999717e+00,-2.063671542599999853e+01,0.000000000000000000e+00,2.063671542599999853e+01,-2.037254622000000026e+01,0.000000000000000000e+00,2.037254622000000026e+01
4.164243343299999900e+00,-2.043545564700000128e+01,0.000000000000000000e+00,2.043545564700000128e+01,-2.040132462100000055e+01,0.000000000000000000e+00,2.040132462100000055e+01
4.184263263300000091e+00,-2.025843276399999837e+01,0.000000000000000000e+00,2.025843276399999837e+01,-2.054647231399999896e+01,0.000000000000000000e+00,2.054647231399999896e+01
4.204283183199999385e+00,-2.021156897299999855e+01,0.000000000000000000e+00,2.021156897299999855e+01,-2.070898343400000030e+01,0.000000000000000000e+00,2.070898343400000030e+01
4.224303103099999568e+00,-1.993099409299999891e+01,0.000000000000000000e+00,1.993099409299999891e+01,-2.091995333899999920e+01,0.000000000000000000e+00,2.091995333899999920e+01
4.244323022999999750e+00,-1.985361176600000022e+01,0.000000000000000000e+00,1.985361176600000022e+01,-2.111461825800000014e+01,0.000000000000000000e+00,2.111461825800000014e+01
4.264342942899999933e+00,-1.988304133200000123e+01,0.000000000000000000e+00,1.988304133200000123e+01,-2.124744214000000042e+01,0.000000000000000000e+00,2.124744214000000042e+01
4.284362862900000124e+00,-1.984975980899999826e+01,0.000000000000000000e+00,1.984975980899999826e+01,-2.147381863700000082e+01,0.000000000000000000e+00,2.147381863700000082e+01
4.304382782800000307e+00,-1.955858996499999947e+01,0.000000000000000000e+00,1.955858996499999947e+01,-2.149862555900000061e+01,0.000000000000000000e+00,2.149862555900000061e+01
4.324402702699999601e+00,-1.934940115499999891e+01,0.000000000000000000e+00,1.934940115499999891e+01,-2.141527985300000125e+01,0.000000000000000000e+00,2.141527985300000125e+01
4.344422622600000672e+00,-1.918445150100000163e+01,0.000000000000000000e+00,1.918445150100000163e+01,-2.147428891199999867e+01,0.000000000000000000e+00,2.147428891199999867e+01
4.364442542499999966e+00,-1.897958939400000133e+01,0.000000000000000000e+00,1.897958939400000133e+01,-2.158967986500000080e+01,0.000000000000000000e+00,2.158967986500000080e+01
4.384462462500000157e+00,-1.874446694599999930e+01,0.000000000000000000e+00,1.874446694599999930e+01,-2.165418192199999936e+01,0.000000000000000000e+00,2.165418192199999936e+01
4.404482382399999452e+00,-1.856367874800000095e+01,0.000000000000000000e+00,1.856367874800000095e+01,-2.179698970700000160e+01,0.000000000000000000e+00,2.179698970700000160e+01
4.424502302300000522e+00,-1.839792462000000128e+01,0.000000000000000000e+00,1.839792462000000128e+01,-2.195856042000000130e+01,0.000000000000000000e+00,2.195856042000000130e+01
4.444522222199999817e+00,-1.833303416600000091e+01,0.000000000000000000e+00,1.833303416600000091e+01,-2.213143301899999926e+01,0.000000000000000000e+00,2.213143301899999926e+01
4.464542142100000000e+00,-1.819258285200000103e+01,0.000000000000000000e+00,1.819258285200000103e+01,-2.237579400499999949e+01,0.000000000000000000e+00,2.237579400499999949e+01
4.484562062100000190e+00,-1.813160167999999928e+01,0.000000000000000000e+00,1.813160167999999928e+01,-2.280431739599999830e+01,0.000000000000000000e+00,2.280431739599999830e+01
4.504581982000000373e+00,-1.806787736500000108e+01,0.000000000000000000e+00,1.806787736500000108e+01,-2.323023689400000080e+01,0.000000000000000000e+00,2.323023689400000080e+01
4.524601901899999667e+00,-1.807882984000000093e+01,0.000000000000000000e+00,1.807882984000000093e+01,-2.335146451499999998e+01,0.000000000000000000e+00,2.335146451499999998e+01
4.544621821799999850e+00,-1.808187653299999909e+01,0.000000000000000000e+00,1.808187653299999909e+01,-2.349197343000000160e+01,0.000000000000000000e+00,2.349197343000000160e+01
4.564641741700000033e+00,-1.815480699000000087e+01,0.000000000000000000e+00,1.815480699000000087e+01,-2.364713149900000033e+01,0.000000000000000000e+00,2.364713149900000033e+01
4.584661661700000224e+00,-1.821987316499999920e+01,0.000000000000000000e+00,1.821987316499999920e+01,-2.353429509600000102e+01,0.000000000000000000e+00,2.353429509600000102e+01
4.604681581600000406e+00,-1.826958053999999976e+01,0.000000000000000000e+00,1.826958053999999976e+01,-2.331573339899999908e+01,0.000000000000000000e+00,2.331573339899999908e+01
4.624701501499999701e+00,-1.842097563300000118e+01,0.000000000000000000e+00,1.842097563300000118e+01,-2.322590270899999965e+01,0.000000000000000000e+00,2.322590270899999965e+01
4.644721421399999883e+00,-1.846820558499999976e+01,0.000000000000000000e+00,1.846820558499999976e+01,-2.302284866100000116e+01,0.000000000000000000e+00,2.302284866100000116e+01
4.664741341300000066e+00,-1.860585334499999988e+01,0.000000000000000000e+00,1.860585334499999988e+01,-2.260054213200000106e+01,0.000000000000000000e+00,2.260054213200000106e+01
4.684761261300000257e+00,-1.853186330000000126e+01,0.000000000000000000e+00,1.853186330000000126e+01,-2.218655843399999839e+01,0.000000000000000000e+00,2.218655843399999839e+01
4.704781181199999551e+00,-1.848201559700000018e+01,0.000000000000000000e+00,1.848201559700000018e+01,-2.178043356899999949e+01,0.000000000000000000e+00,2.178043356899999949e+01
4.724801101100000622e+00,-1.834614211599999933e+01,0.000000000000000000e+00,1.834614211599999933e+01,-2.139615633100000025e+01,0.000000000000000000e+00,2.139615633100000025e+01
4.744821020999999917e+00,-1.826635738099999884e+01,0.000000000000000000e+00,1.826635738099999884e+01,-2.101712386199999827e+01,0.000000000000000000e+00,2.101712386199999827e+01
4.764840940899999211e+00,-1.811632446599999824e+01,0.000000000000000000e+00,1.811632446599999824e+01,-2.073758691300000123e+01,0.000000000000000000e+00,2.073758691300000123e+01
4.784860860899999402e+00,-1.807430621700000017e+01,0.000000000000000000e+00,1.807430621700000017e+01,-2.048175589399999907e+01,0.000000000000000000e+00,2.048175589399999907e+01
4.804880780800000473e+00,-1.788650593099999853e+01,0.000000000000000000e+00,1.788650593099999853e+01,-2.028685949799999833e+01,0.000000000000000000e+00,2.028685949799999833e+01
4.824900700699999767e+00,-1.781534882200000069e+01,0.000000000000000000e+00,1.781534882200000069e+01,-2.011579473400000140e+01,0.000000000000000000e+00,2.011579473400000140e+01
4.844920620599999950e+00,-1.764057759199999964e+01,0.000000000000000000e+00,1.764057759199999964e+01,-1.987980640900000040e+01,0.000000000000000000e+00,1.987980640900000040e+01
4.864940540500000132e+00,-1.744769248400000095e+01,0.000000000000000000e+00,1.744769248400000095e+01,-1.959551166700000024e+01,0.000000000000000000e+00,1.959551166700000024e+01
4.884960460500000323e+00,-1.731620670899999936e+01,0.000000000000000000e+00,1.731620670899999936e+01,-1.939321165100000144e+01,0.000000000000000000e+00,1.939321165100000144e+01
4.904980380399999618e+00,-1.732067087800000138e+01,0.000000000000000000e+00,1.732067087800000138e+01,-1.924685503099999906e+01,0.000000000000000000e+00,1.924685503099999906e+01
4.925000300299999800e+00,-1.710981048300000040e+01,0.000000000000000000e+00,1.710981048300000040e+01,-1.910865870900000019e+01,0.000000000000000000e+00,1.910865870900000019e+01
4.945020220199999983e+00,-1.692161072200000049e+01,0.000000000000000000e+00,1.692161072200000049e+01,-1.894939757399999891e+01,0.000000000000000000e+00,1.894939757399999891e+01
4.965040140100000166e+00,-1.688199939900000146e+01,0.000000000000000000e+00,1.688199939900000146e+01,-1.884100774299999870e+01,0.000000000000000000e+00,1.884100774299999870e+01
4.985060060100000356e+00,-1.690980200599999961e+01,0.000000000000000000e+00,1.690980200599999961e+01,-1.876881424700000167e+01,0.000000000000000000e+00,1.876881424700000167e+01
5.005079979999999651e+00,-1.690823112800000061e+01,0.000000000000000000e+00,1.690823112800000061e+01,-1.870705219299999911e+01,0.000000000000000000e+00,1.870705219299999911e+01
5.025099899899999834e+00,-1.698988610900000040e+01,0.000000000000000000e+00,1.698988610900000040e+01,-1.865124579600000132e+01,0.000000000000000000e+00,1.865124579600000132e+01
5.045119819800000016e+00,-1.729852486700000114e+01,0.000000000000000000e+00,1.729852486700000114e+01,-1.865372872700000073e+01,0.000000000000000000e+00,1.865372872700000073e+01
5.065139739700000199e+00,-1.754876799399999854e+01,0.000000000000000000e+00,1.754876799399999854e+01,-1.853304911500000074e+01,0.000000000000000000e+00,1.853304911500000074e+01
5.085159659699999501e+00,-1.787425698299999866e+01,0.000000000000000000e+00,1.787425698299999866e+01,-1.854540331000000108e+01,0.000000000000000000e+00,1.854540331000000108e+01
5.105179579600000572e+00,-1.821045288799999895e+01,0.000000000000000000e+00,1.821045288799999895e+01,-1.851011906400000129e+01,0.000000000000000000e+00,1.851011906400000129e+01
5.125199499499999867e+00,-1.862820652499999952e+01,0.000000000000000000e+00,1.862820652499999952e+01,-1.856800001899999941e+01,0.000000000000000000e+00,1.856800001899999941e+01
5.145219419400000049e+00,-1.910682127000000108e+01,0.000000000000000000e+00,1.910682127000000108e+01,-1.868337052500000084e+01,0.000000000000000000e+00,1.868337052500000084e+01
5.165239339300000232e+00,-1.949959103600000176e+01,0.000000000000000000e+00,1.949959103600000176e+01,-1.867270491800000087e+01,0.000000000000000000e+00,1.867270491800000087e+01
5.185259259300000423e+00,-1.987671233100000023e+01,0.000000000000000000e+00,1.987671233100000023e+01,-1.867874965200000048e+01,0.000000000000000000e+00,1.867874965200000048e+01
5.205279179199999717e+00,-2.026773276200000140e+01,0.000000000000000000e+00,2.026773276200000140e+01,-1.873613325999999901e+01,0.000000000000000000e+00,1.873613325999999901e+01
5.225299099100000788e+00,-2.075472025099999840e+01,0.000000000000000000e+00,2.075472025099999840e+01,-1.875572649800000136e+01,0.000000000000000000e+00,1.875572649800000136e+01
5.245319019000000083e+00,-2.103782701500000130e+01,0.000000000000000000e+00,2.103782701500000130e+01,-1.879602631099999854e+01,0.000000000000000000e+00,1.879602631099999854e+01
5.265338938899999377e+00,-2.134926554500000151e+01,0.000000000000000000e+00,2.134926554500000151e+01,-1.883741213200000075e+01,0.000000000000000000e+00,1.883741213200000075e+01
5.285358858899999568e+00,-2.172804789499999956e+01,0.000000000000000000e+00,2.172804789499999956e+01,-1.890346463999999926e+01,0.000000000000000000e+00,1.890346463999999926e+01
5.305378778799999751e+00,-2.214677174599999887e+01,0.000000000000000000e+00,2.214677174599999887e+01,-1.905398796800000127e+01,0.000000000000000000e+00,1.905398796800000127e+01
5.325398698699999933e+00,-2.245230547899999962e+01,0.000000000000000000e+00,2.245230547899999962e+01,-1.928602680299999861e+01,0.000000000000000000e+00,1.928602680299999861e+01
5.345418618600000116e+00,-2.270835636800000046e+01,0.000000000000000000e+00,2.270835636800000046e+01,-1.945649201000000161e+01,0.000000000000000000e+00,1.945649201000000161e+01
5.365438538500000298e+00,-2.298179302699999838e+01,0.000000000000000000e+00,2.298179302699999838e+01,-1.971304895100000110e+01,0.000000000000000000e+00,1.971304895100000110e+01
5.385458458499999601e+00,-2.315920719400000038e+01,0.000000000000000000e+00,2.315920719400000038e+01,-2.002687790999999962e+01,0.000000000000000000e+00,2.002687790999999962e+01
5.405478378399999784e+00,-2.342027630700000174e+01,0.000000000000000000e+00,2.342027630700000174e+01,-2.043761260799999846e+01,0.000000000000000000e+00,2.043761260799999846e+01
5.425498298299999966e+00,-2.340902350500000040e+01,0.000000000000000000e+00,2.340902350500000040e+01,-2.087328304600000095e+01,0.000000000000000000e+00,2.087328304600000095e+01
5.445518218200000149e+00,-2.348062031099999913e+01,0.000000000000000000e+00,2.348062031099999913e+01,-2.133324577000000133e+01,0.000000000000000000e+00,2.133324577000000133e+01
5.465538138100000332e+00,-2.366584504600000116e+01,0.000000000000000000e+00,2.366584504600000116e+01,-2.187801987900000000e+01,0.000000000000000000e+00,2.187801987900000000e+01
5.485558058100000522e+00,-2.373901536400000012e+01,0.000000000000000000e+00,2.373901536400000012e+01,-2.240289319000000035e+01,0.000000000000000000e+00,2.240289319000000035e+01
5.505577977999999817e+00,-2.368933963599999970e+01,0.000000000000000000e+00,2.368933963599999970e+01,-2.288415884899999853e+01,0.000000000000000000e+00,2.288415884899999853e+01
5.525597897900000000e+00,-2.379638309299999932e+01,0.000000000000000000e+00,2.379638309299999932e+01,-2.335959981699999943e+01,0.000000000000000000e+00,2.335959981699999943e+01
5.545617817800000182e+00,-2.397963550800000121e+01,0.000000000000000000e+00,2.397963550800000121e+01,-2.390066940000000173e+01,0.000000000000000000e+00,2.390066940000000173e+01
5.565637737699999477e+00,-2.415161424700000126e+01,0.000000000000000000e+00,2.415161424700000126e+01,-2.441915530099999998e+01,0.000000000000000000e+00,2.441915530099999998e+01
5.585657657699999667e+00,-2.419007339799999912e+01,0.000000000000000000e+00,2.419007339799999912e+01,-2.482182941199999959e+01,0.000000000000000000e+00,2.482182941199999959e+01
5.605677577600000738e+00,-2.427167307899999926e+01,0.000000000000000000e+00,2.427167307899999926e+01,-2.507975758899999974e+01,0.000000000000000000e+00,2.507975758899999974e+01
5.625697497500000033e+00,-2.435430640799999935e+01,0.000000000000000000e+00,2.435430640799999935e+01,-2.530411277600000020e+01,0.000000000000000000e+00,2.530411277600000020e+01
5.645717417399999327e+00,-2.415767881400000050e+01,0.000000000000000000e+00,2.415767881400000050e+01,-2.553862180499999823e+01,0.000000000000000000e+00,2.553862180499999823e+01
5.665737337300000398e+00,-2.389379625400000151e+01,0.000000000000000000e+00,2.389379625400000151e+01,-2.564735965999999934e+01,0.000000000000000000e+00,2.564735965999999934e+01
5.685757257300000589e+00,-2.366286429899999888e+01,0.000000000000000000e+00,2.366286429899999888e+01,-2.568879347400000057e+01,0.000000000000000000e+00,2.568879347400000057e+01
5.705777177199999883e+00,-2.330023926300000170e+01,0.000000000000000000e+00,2.330023926300000170e+01,-2.577025147599999855e+01,0.000000000000000000e+00,2.577025147599999855e+01
5.725797097100000066e+00,-2.281091721900000024e+01,0.000000000000000000e+00,2.281091721900000024e+01,-2.578428155900000007e+01,0.000000000000000000e+00,2.578428155900000007e+01
5.745817017000000249e+00,-2.245299636200000037e+01,0.000000000000000000e+00,2.245299636200000037e+01,-2.589544930199999939e+01,0.000000000000000000e+00,2.589544930199999939e+01
5.765836936899999543e+00,-2.221940539299999884e+01,0.000000000000000000e+00,2.221940539299999884e+01,-2.612467241299999898e+01,0.000000000000000000e+00,2.612467241299999898e+01
5.785856856899999734e+00,-2.191917084199999977e+01,0.000000000000000000e+00,2.191917084199999977e+01,-2.653720741300000086e+01,0.000000000000000000e+00,2.653720741300000086e+01
5.805876776799999917e+00,-2.167611862000000045e+01,0.000000000000000000e+00,2.167611862000000045e+01,-2.709824647599999992e+01,0.000000000000000000e+00,2.709824647599999992e+01
5.825896696700000099e+00,-2.135145377899999986e+01,0.000000000000000000e+00,2.135145377899999986e+01,-2.758011144800000025e+01,0.000000000000000000e+00,2.758011144800000025e+01
5.845916616600000282e+00,-2.102457894799999849e+01,0.000000000000000000e+00,2.102457894799999849e+01,-2.805945346500000070e+01,0.000000000000000000e+00,2.805945346500000070e+01
5.865936536499999576e+00,-2.095977617599999832e+01,0.000000000000000000e+00,2.095977617599999832e+01,-2.842306925700000164e+01,0.000000000000000000e+00,2.842306925700000164e+01
5.885956456499999767e+00,-2.095632508099999924e+01,0.000000000000000000e+00,2.095632508099999924e+01,-2.857346355700000018e+01,0.000000000000000000e+00,2.857346355700000018e+01
5.905976376399999950e+00,-2.102609817800000158e+01,0.000000000000000000e+00,2.102609817800000158e+01,-2.884544182200000151e+01,0.000000000000000000e+00,2.884544182200000151e+01
5.925996296300000132e+00,-2.119034918599999884e+01,0.000000000000000000e+00,2.119034918599999884e+01,-2.901046133099999835e+01,0.000000000000000000e+00,2.901046133099999835e+01
5.946016216199999427e+00,-2.133098598699999826e+01,0.000000000000000000e+00,2.133098598699999826e+01,-2.892331109599999905e+01,0.000000000000000000e+00,2.892331109599999905e+01
5.966036136100000498e+00,-2.134878727099999907e+01,0.000000000000000000e+00,2.134878727099999907e+01,-2.849315897500000005e+01,0.000000000000000000e+00,2.849315897500000005e+01
5.986056056100000689e+00,-2.133908702500000132e+01,0.000000000000000000e+00,2.133908702500000132e+01,-2.813989729000000040e+01,0.000000000000000000e+00,2.813989729000000040e+01
6.006075975999999983e+00,-2.148181880499999963e+01,0.000000000000000000e+00,2.148181880499999963e+01,-2.771378170599999891e+01,0.000000000000000000e+00,2.771378170599999891e+01
6.026095895899999277e+00,-2.145935208299999886e+01,0.000000000000000000e+00,2.145935208299999886e+01,-2.727542648400000047e+01,0.000000000000000000e+00,2.727542648400000047e+01
6.046115815800000348e+00,-2.143271432699999934e+01,0.000000000000000000e+00,2.143271432699999934e+01,-2.701435946899999863e+01,0.000000000000000000e+00,2.701435946899999863e+01
6.066135735699999643e+00,-2.139489728199999874e+01,0.000000000000000000e+00,2.139489728199999874e+01,-2.650708480500000164e+01,0.000000000000000000e+00,2.650708480500000164e+01
6.086155655699999834e+00,-2.134809351199999838e+01,0.000000000000000000e+00,2.134809351199999838e+01,-2.609349861300000128e+01,0.000000000000000000e+00,2.609349861300000128e+01
6.106175575600000016e+00,-2.126677075399999950e+01,0.000000000000000000e+00,2.126677075399999950e+01,-2.568459667400000157e+01,0.000000000000000000e+00,2.568459667400000157e+01
6.126195495500000199e+00,-2.121912290099999865e+01,0.000000000000000000e+00,2.121912290099999865e+01,-2.520985732999999840e+01,0.000000000000000000e+00,2.520985732999999840e+01
6.146215415399999493e+00,-2.129452722199999926e+01,0.000000000000000000e+00,2.129452722199999926e+01,-2.471640558900000073e+01,0.000000000000000000e+00,2.471640558900000073e+01
6.166235335300000564e+00,-2.131745758099999932e+01,0.000000000000000000e+00,2.131745758099999932e+01,-2.412135268999999838e+01,0.000000000000000000e+00,2.412135268999999838e+01
6.186255255299999867e+00,-2.128362971700000017e+01,0.000000000000000000e+00,2.128362971700000017e+01,-2.356358719900000054e+01,0.000000000000000000e+00,2.356358719900000054e+01
6.206275175200000049e+00,-2.132783192000000128e+01,0.000000000000000000e+00,2.132783192000000128e+01,-2.315709063299999926e+01,0.000000000000000000e+00,2.315709063299999926e+01
6.226295095100000232e+00,-2.138682257399999997e+01,0.000000000000000000e+00,2.138682257399999997e+01,-2.273727102000000144e+01,0.000000000000000000e+00,2.273727102000000144e+01
6.246315015000000415e+00,-2.140642852499999904e+01,0.000000000000000000e+00,2.140642852499999904e+01,-2.238870112500000076e+01,0.000000000000000000e+00,2.238870112500000076e+01
6.266334934899999709e+00,-2.156078171800000121e+01,0.000000000000000000e+00,2.156078171800000121e+01,-2.211446888100000052e+01,0.000000000000000000e+00,2.211446888100000052e+01
6.286354854899999900e+00,-2.185769714099999916e+01,0.000000000000000000e+00,2.185769714099999916e+01,-2.185681999999999903e+01,0.000000000000000000e+00,2.185681999999999903e+01
6.306374774800000083e+00,-2.216054814299999975e+01,0.000000000000000000e+00,2.216054814299999975e+01,-2.163202729200000007e+01,0.000000000000000000e+00,2.163202729200000007e+01
6.326394694699999377e+00,-2.249210150400000074e+01,0.000000000000000000e+00,2.249210150400000074e+01,-2.148131283700000083e+01,0.000000000000000000e+00,2.148131283700000083e+01
6.346414614600000448e+00,-2.278614877200000066e+01,0.000000000000000000e+00,2.278614877200000066e+01,-2.135346150899999884e+01,0.000000000000000000e+00,2.135346150899999884e+01
6.366434534499999742e+00,-2.321893729399999984e+01,0.000000000000000000e+00,2.321893729399999984e+01,-2.121529250500000074e+01,0.000000000000000000e+00,2.121529250500000074e+01
6.386454454499999933e+00,-2.377097167699999858e+01,0.000000000000000000e+00,2.377097167699999858e+01,-2.113129218599999959e+01,0.000000000000000000e+00,2.113129218599999959e+01
6.406474374399999228e+00,-2.418424856300000059e+01,0.000000000000000000e+00,2.418424856300000059e+01,-2.109810415899999825e+01,0.000000000000000000e+00,2.109810415899999825e+01
6.426494294300000298e+00,-2.442254754200000022e+01,0.000000000000000000e+00,2.442254754200000022e+01,-2.106170546499999929e+01,0.000000000000000000e+00,2.106170546499999929e+01
6.446514214199999593e+00,-2.478880249299999861e+01,0.000000000000000000e+00,2.478880249299999861e+01,-2.102823596900000069e+01,0.000000000000000000e+00,2.102823596900000069e+01
6.466534134100000664e+00,-2.501061526999999884e+01,0.000000000000000000e+00,2.501061526999999884e+01,-2.110969245700000130e+01,0.000000000000000000e+00,2.110969245700000130e+01
6.486554054099999966e+00,-2.498495110600000046e+01,0.000000000000000000e+00,2.498495110600000046e+01,-2.115459348099999914e+01,0.000000000000000000e+00,2.115459348099999914e+01
6.506573974000000149e+00,-2.504608202500000047e+01,0.000000000000000000e+00,2.504608202500000047e+01,-2.116865166099999840e+01,0.000000000000000000e+00,2.116865166099999840e+01
6.526593893899999443e+00,-2.486809459699999891e+01,0.000000000000000000e+00,2.486809459699999891e+01,-2.117017088300000083e+01,0.000000000000000000e+00,2.117017088300000083e+01
6.546613813800000514e+00,-2.466357426900000149e+01,0.000000000000000000e+00,2.466357426900000149e+01,-2.113619334999999921e+01,0.000000000000000000e+00,2.113619334999999921e+01
6.566633733699999809e+00,-2.439673213400000051e+01,0.000000000000000000e+00,2.439673213400000051e+01,-2.114925785399999825e+01,0.000000000000000000e+00,2.114925785399999825e+01
6.586653653700000000e+00,-2.417124223400000105e+01,0.000000000000000000e+00,2.417124223400000105e+01,-2.116103078200000098e+01,0.000000000000000000e+00,2.116103078200000098e+01
6.606673573600000182e+00,-2.403205734899999868e+01,0.000000000000000000e+00,2.403205734899999868e+01,-2.117635552799999843e+01,0.000000000000000000e+00,2.117635552799999843e+01
6.626693493500000365e+00,-2.391691910600000170e+01,0.000000000000000000e+00,2.391691910600000170e+01,-2.122548439399999864e+01,0.000000000000000000e+00,2.122548439399999864e+01
6.646713413399999659e+00,-2.374839199599999873e+01,0.000000000000000000e+00,2.374839199599999873e+01,-2.135202699499999923e+01,0.000000000000000000e+00,2.135202699499999923e+01
6.666733333299999842e+00,-2.365717598499999852e+01,0.000000000000000000e+00,2.365717598499999852e+01,-2.148088790099999912e+01,0.000000000000000000e+00,2.148088790099999912e+01
6.686753253300000033e+00,-2.363685011400000135e+01,0.000000000000000000e+00,2.363685011400000135e+01,-2.159232065599999828e+01,0.000000000000000000e+00,2.159232065599999828e+01
6.706773173200000215e+00,-2.347992385099999879e+01,0.000000000000000000e+00,2.347992385099999879e+01,-2.172613491499999938e+01,0.000000000000000000e+00,2.172613491499999938e+01
6.726793093100000398e+00,-2.347855338000000103e+01,0.000000000000000000e+00,2.347855338000000103e+01,-2.197526278000000133e+01,0.000000000000000000e+00,2.197526278000000133e+01
6.746813012999999692e+00,-2.346624354500000109e+01,0.000000000000000000e+00,2.346624354500000109e+01,-2.218675959300000144e+01,0.000000000000000000e+00,2.218675959300000144e+01
6.766832932899999875e+00,-2.353873479199999963e+01,0.000000000000000000e+00,2.353873479199999963e+01,-2.244369213699999932e+01,0.000000000000000000e+00,2.244369213699999932e+01
6.786852852899999178e+00,-2.361066863199999943e+01,0.000000000000000000e+00,2.361066863199999943e+01,-2.273695872700000109e+01,0.000000000000000000e+00,2.273695872700000109e+01
6.806872772800000249e+00,-2.360821829700000052e+01,0.000000000000000000e+00,2.360821829700000052e+01,-2.301104824200000110e+01,0.000000000000000000e+00,2.301104824200000110e+01
6.826892692699999543e+00,-2.371587514799999852e+01,0.000000000000000000e+00,2.371587514799999852e+01,-2.336654409799999854e+01,0.000000000000000000e+00,2.336654409799999854e+01
6.846912612600000614e+00,-2.384105376400000154e+01,0.000000000000000000e+00,2.384105376400000154e+01,-2.375203420400000098e+01,0.000000000000000000e+00,2.375203420400000098e+01
6.866932532499999908e+00,-2.383018829699999941e+01,0.000000000000000000e+00,2.383018829699999941e+01,-2.409237913300000145e+01,0.000000000000000000e+00,2.409237913300000145e+01
6.886952452500000099e+00,-2.378356575400000139e+01,0.000000000000000000e+00,2.378356575400000139e+01,-2.448480412700000031e+01,0.000000000000000000e+00,2.448480412700000031e+01
6.906972372399999394e+00,-2.375764247300000065e+01,0.000000000000000000e+00,2.375764247300000065e+01,-2.495174213399999985e+01,0.000000000000000000e+00,2.495174213399999985e+01
6.926992292300000464e+00,-2.360659702699999940e+01,0.000000000000000000e+00,2.360659702699999940e+01,-2.519552136100000084e+01,0.000000000000000000e+00,2.519552136100000084e+01
6.947012212199999759e+00,-2.337889142699999923e+01,0.000000000000000000e+00,2.337889142699999923e+01,-2.534568082299999858e+01,0.000000000000000000e+00,2.534568082299999858e+01
6.967032132099999941e+00,-2.318422100500000127e+01,0.000000000000000000e+00,2.318422100500000127e+01,-2.552170277000000098e+01,0.000000000000000000e+00,2.552170277000000098e+01
6.987052052100000132e+00,-2.301388129300000074e+01,0.000000000000000000e+00,2.301388129300000074e+01,-2.555467614200000170e+01,0.000000000000000000e+00,2.555467614200000170e+01
7.007071972000000315e+00,-2.285270435600000027e+01,0.000000000000000000e+00,2.285270435600000027e+01,-2.558350207999999881e+01,0.000000000000000000e+00,2.558350207999999881e+01
7.027091891899999609e+00,-2.273321229900000162e+01,0.000000000000000000e+00,2.273321229900000162e+01,-2.565871882800000137e+01,0.000000000000000000e+00,2.565871882800000137e+01
7.047111811799999792e+00,-2.265540539799999920e+01,0.000000000000000000e+00,2.265540539799999920e+01,-2.576598445899999845e+01,0.000000000000000000e+00,2.576598445899999845e+01
7.067131731699999975e+00,-2.258839861899999946e+01,0.000000000000000000e+00,2.258839861899999946e+01,-2.585666228199999850e+01,0.000000000000000000e+00,2.585666228199999850e+01
7.087151651700000166e+00,-2.252393907800000150e+01,0.000000000000000000e+00,2.252393907800000150e+01,-2.586016582299999911e+01,0.000000000000000000e+00,2.586016582299999911e+01
7.107171571600000348e+00,-2.248622671400000073e+01,0.000000000000000000e+00,2.248622671400000073e+01,-2.588920386599999901e+01,0.000000000000000000e+00,2.588920386599999901e+01
7.127191491499999643e+00,-2.253714144799999985e+01,0.000000000000000000e+00,2.253714144799999985e+01,-2.588196380600000168e+01,0.000000000000000000e+00,2.588196380600000168e+01
7.147211411399999825e+00,-2.266761817800000145e+01,0.000000000000000000e+00,2.266761817800000145e+01,-2.583359898799999854e+01,0.000000000000000000e+00,2.583359898799999854e+01
7.167231331300000008e+00,-2.285708169799999823e+01,0.000000000000000000e+00,2.285708169799999823e+01,-2.579335844599999916e+01,0.000000000000000000e+00,2.579335844599999916e+01
7.187251251300000199e+00,-2.305850514400000151e+01,0.000000000000000000e+00,2.305850514400000151e+01,-2.582909662000000139e+01,0.000000000000000000e+00,2.582909662000000139e+01
7.207271171199999493e+00,-2.315861593700000043e+01,0.000000000000000000e+00,2.315861593700000043e+01,-2.592980266800000066e+01,0.000000000000000000e+00,2.592980266800000066e+01
7.227291091100000564e+00,-2.335897972900000141e+01,0.000000000000000000e+00,2.335897972900000141e+01,-2.606632642099999941e+01,0.000000000000000000e+00,2.606632642099999941e+01
7.247311010999999858e+00,-2.359648018600000086e+01,0.000000000000000000e+00,2.359648018600000086e+01,-2.617467137799999932e+01,0.000000000000000000e+00,2.617467137799999932e+01
7.267330930900000041e+00,-2.381989561800000033e+01,0.000000000000000000e+00,2.381989561800000033e+01,-2.642484575099999944e+01,0.000000000000000000e+00,2.642484575099999944e+01
7.287350850899999344e+00,-2.401222424999999916e+01,0.000000000000000000e+00,2.401222424999999916e+01,-2.666047381999999999e+01,0.000000000000000000e+00,2.666047381999999999e+01
7.307370770800000415e+00,-2.424924001100000126e+01,0.000000000000000000e+00,2.424924001100000126e+01,-2.692920834199999902e+01,0.000000000000000000e+00,2.692920834199999902e+01
7.327390690699999709e+00,-2.446083834599999918e+01,0.000000000000000000e+00,2.446083834599999918e+01,-2.720327000099999992e+01,0.000000000000000000e+00,2.720327000099999992e+01
7.347410610600000780e+00,-2.464970160800000087e+01,0.000000000000000000e+00,2.464970160800000087e+01,-2.741244839100000164e+01,0.000000000000000000e+00,2.741244839100000164e+01
7.367430530500000074e+00,-2.480710224299999922e+01,0.000000000000000000e+00,2.480710224299999922e+01,-2.751873609400000120e+01,0.000000000000000000e+00,2.751873609400000120e+01
7.387450450500000265e+00,-2.500478337299999865e+01,0.000000000000000000e+00,2.500478337299999865e+01,-2.766082442300000110e+01,0.000000000000000000e+00,2.766082442300000110e+01
7.407470370399999560e+00,-2.506982824299999990e+01,0.000000000000000000e+00,2.506982824299999990e+01,-2.758627805400000099e+01,0.000000000000000000e+00,2.758627805400000099e+01
7.427490290300000630e+00,-2.506436834799999858e+01,0.000000000000000000e+00,2.506436834799999858e+01,-2.746373433400000152e+01,0.000000000000000000e+00,2.746373433400000152e+01
7.447510210199999925e+00,-2.502383343199999999e+01,0.000000000000000000e+00,2.502383343199999999e+01,-2.734926295300000021e+01,0.000000000000000000e+00,2.734926295300000021e+01
7.467530130100000108e+00,-2.504707017899999855e+01,0.000000000000000000e+00,2.504707017899999855e+01,-2.719403060300000163e+01,0.000000000000000000e+00,2.719403060300000163e+01
7.487550050100000298e+00,-2.496240231199999826e+01,0.000000000000000000e+00,2.496240231199999826e+01,-2.709752875499999902e+01,0.000000000000000000e+00,2.709752875499999902e+01
7.507569969999999593e+00,-2.477577874500000021e+01,0.000000000000000000e+00,2.477577874500000021e+01,-2.693561393999999964e+01,0.000000000000000000e+00,2.693561393999999964e+01
7.527589889899999775e+00,-2.454839324599999983e+01,0.000000000000000000e+00,2.454839324599999983e+01,-2.683749353400000004e+01,0.000000000000000000e+00,2.683749353400000004e+01
7.547609809799999958e+00,-2.447309927099999882e+01,0.000000000000000000e+00,2.447309927099999882e+01,-2.673482680500000086e+01,0.000000000000000000e+00,2.673482680500000086e+01
7.567629729700000141e+00,-2.445744950899999992e+01,0.000000000000000000e+00,2.445744950899999992e+01,-2.669107480299999935e+01,0.000000000000000000e+00,2.669107480299999935e+01
7.587649649600000323e+00,-2.438360951800000009e+01,0.000000000000000000e+00,2.438360951800000009e+01,-2.667038333500000036e+01,0.000000000000000000e+00,2.667038333500000036e+01
7.607669569600000514e+00,-2.434370682500000171e+01,0.000000000000000000e+00,2.434370682500000171e+01,-2.664212108699999959e+01,0.000000000000000000e+00,2.664212108699999959e+01
7.627689489499999809e+00,-2.444205092700000037e+01,0.000000000000000000e+00,2.444205092700000037e+01,-2.661532119900000026e+01,0.000000000000000000e+00,2.661532119900000026e+01
7.647709409399999991e+00,-2.457069615400000018e+01,0.000000000000000000e+00,2.457069615400000018e+01,-2.664255903800000169e+01,0.000000000000000000e+00,2.664255903800000169e+01
7.667729329300000174e+00,-2.464545056200000062e+01,0.000000000000000000e+00,2.464545056200000062e+01,-2.671247331700000061e+01,0.000000000000000000e+00,2.671247331700000061e+01
7.687749249199999468e+00,-2.470813423899999961e+01,0.000000000000000000e+00,2.470813423899999961e+01,-2.673340052800000066e+01,0.000000000000000000e+00,2.673340052800000066e+01
7.707769169199999659e+00,-2.479669308600000122e+01,0.000000000000000000e+00,2.479669308600000122e+01,-2.673522296599999848e+01,0.000000000000000000e+00,2.673522296599999848e+01
7.727789089100000730e+00,-2.487353393500000109e+01,0.000000000000000000e+00,2.487353393500000109e+01,-2.675706801000000112e+01,0.000000000000000000e+00,2.675706801000000112e+01
7.747809009000000025e+00,-2.496750440499999968e+01,0.000000000000000000e+00,2.496750440499999968e+01,-2.673196920799999887e+01,0.000000000000000000e+00,2.673196920799999887e+01
7.767828928899999319e+00,-2.515301897699999856e+01,0.000000000000000000e+00,2.515301897699999856e+01,-2.657834536600000064e+01,0.000000000000000000e+00,2.657834536600000064e+01
7.787848848800000390e+00,-2.543943696599999882e+01,0.000000000000000000e+00,2.543943696599999882e+01,-2.639891196900000025e+01,0.000000000000000000e+00,2.639891196900000025e+01
7.807868768800000581e+00,-2.572210830699999917e+01,0.000000000000000000e+00,2.572210830699999917e+01,-2.622906149599999992e+01,0.000000000000000000e+00,2.622906149599999992e+01
7.827888688699999875e+00,-2.586824338899999987e+01,0.000000000000000000e+00,2.586824338899999987e+01,-2.601302933399999873e+01,0.000000000000000000e+00,2.601302933399999873e+01
7.847908608600000058e+00,-2.618884075800000133e+01,0.000000000000000000e+00,2.618884075800000133e+01,-2.591148275999999839e+01,0.000000000000000000e+00,2.591148275999999839e+01
7.867928528500000240e+00,-2.660049175900000051e+01,0.000000000000000000e+00,2.660049175900000051e+01,-2.579864892000000154e+01,0.000000000000000000e+00,2.579864892000000154e+01
7.887948448399999535e+00,-2.683953884299999970e+01,0.000000000000000000e+00,2.683953884299999970e+01,-2.577471176699999944e+01,0.000000000000000000e+00,2.577471176699999944e+01
7.907968368399999726e+00,-2.697252620600000128e+01,0.000000000000000000e+00,2.697252620600000128e+01,-2.578576306300000098e+01,0.000000000000000000e+00,2.578576306300000098e+01
7.927988288299999908e+00,-2.718756296100000114e+01,0.000000000000000000e+00,2.718756296100000114e+01,-2.586241327899999831e+01,0.000000000000000000e+00,2.586241327899999831e+01
7.948008208200000091e+00,-2.736857801500000065e+01,0.000000000000000000e+00,2.736857801500000065e+01,-2.585036084600000095e+01,0.000000000000000000e+00,2.585036084600000095e+01
7.968028128100000274e+00,-2.730085904499999927e+01,0.000000000000000000e+00,2.730085904499999927e+01,-2.591760779699999873e+01,0.000000000000000000e+00,2.591760779699999873e+01
7.988048047999999568e+00,-2.729157588400000023e+01,0.000000000000000000e+00,2.729157588400000023e+01,-2.602596042000000054e+01,0.000000000000000000e+00,2.602596042000000054e+01
8.008067968000000647e+00,-2.736363536400000029e+01,0.000000000000000000e+00,2.736363536400000029e+01,-2.614076136599999955e+01,0.000000000000000000e+00,2.614076136599999955e+01
8.028087887899999942e+00,-2.741553116400000079e+01,0.000000000000000000e+00,2.741553116400000079e+01,-2.613771107999999899e+01,0.000000000000000000e+00,2.613771107999999899e+01
8.048107807800001012e+00,-2.743918020699999971e+01,0.000000000000000000e+00,2.743918020699999971e+01,-2.618796209499999961e+01,0.000000000000000000e+00,2.618796209499999961e+01
8.068127727700000307e+00,-2.752890552999999940e+01,0.000000000000000000e+00,2.752890552999999940e+01,-2.632487659699999938e+01,0.000000000000000000e+00,2.632487659699999938e+01
8.088147647599999601e+00,-2.770821719299999941e+01,0.000000000000000000e+00,2.770821719299999941e+01,-2.632929375300000174e+01,0.000000000000000000e+00,2.632929375300000174e+01
8.108167567600000680e+00,-2.796166502000000165e+01,0.000000000000000000e+00,2.796166502000000165e+01,-2.628263459700000126e+01,0.000000000000000000e+00,2.628263459700000126e+01
8.128187487499999975e+00,-2.815991245700000079e+01,0.000000000000000000e+00,2.815991245700000079e+01,-2.628118178400000104e+01,0.000000000000000000e+00,2.628118178400000104e+01
8.148207407399999269e+00,-2.829855588299999880e+01,0.000000000000000000e+00,2.829855588299999880e+01,-2.620084420299999906e+01,0.000000000000000000e+00,2.620084420299999906e+01
8.168227327300000340e+00,-2.849406658099999845e+01,0.000000000000000000e+00,2.849406658099999845e+01,-2.595814572600000147e+01,0.000000000000000000e+00,2.595814572600000147e+01
8.188247247199999634e+00,-2.875215806299999954e+01,0.000000000000000000e+00,2.875215806299999954e+01,-2.572280638100000161e+01,0.000000000000000000e+00,2.572280638100000161e+01
8.208267167199998937e+00,-2.884812223300000156e+01,0.000000000000000000e+00,2.884812223300000156e+01,-2.547823080599999912e+01,0.000000000000000000e+00,2.547823080599999912e+01
8.228287087100000008e+00,-2.894697226399999934e+01,0.000000000000000000e+00,2.894697226399999934e+01,-2.527388640999999936e+01,0.000000000000000000e+00,2.527388640999999936e+01
8.248307006999999302e+00,-2.920546300599999867e+01,0.000000000000000000e+00,2.920546300599999867e+01,-2.516219845699999880e+01,0.000000000000000000e+00,2.516219845699999880e+01
8.268326926900000373e+00,-2.931120945600000027e+01,0.000000000000000000e+00,2.931120945600000027e+01,-2.501370044500000134e+01,0.000000000000000000e+00,2.501370044500000134e+01
8.288346846799999668e+00,-2.918223013600000115e+01,0.000000000000000000e+00,2.918223013600000115e+01,-2.498326528000000124e+01,0.000000000000000000e+00,2.498326528000000124e+01
8.308366766800000747e+00,-2.898587396299999952e+01,0.000000000000000000e+00,2.898587396299999952e+01,-2.497783259899999919e+01,0.000000000000000000e+00,2.497783259899999919e+01
8.328386686700000041e+00,-2.878645598399999983e+01,0.000000000000000000e+00,2.878645598399999983e+01,-2.496405474299999838e+01,0.000000000000000000e+00,2.496405474299999838e+01
8.348406606600001112e+00,-2.844472340800000154e+01,0.000000000000000000e+00,2.844472340800000154e+01,-2.495326029099999943e+01,0.000000000000000000e+00,2.495326029099999943e+01
8.368426526500000406e+00,-2.816638615200000118e+01,0.000000000000000000e+00,2.816638615200000118e+01,-2.507993297100000163e+01,0.000000000000000000e+00,2.507993297100000163e+01
8.388446446399999701e+00,-2.771409282500000160e+01,0.000000000000000000e+00,2.771409282500000160e+01,-2.521083549100000099e+01,0.000000000000000000e+00,2.521083549100000099e+01
8.408466366399999004e+00,-2.739024496400000075e+01,0.000000000000000000e+00,2.739024496400000075e+01,-2.549514257299999898e+01,0.000000000000000000e+00,2.549514257299999898e+01
8.428486286300000074e+00,-2.701637466700000090e+01,0.000000000000000000e+00,2.701637466700000090e+01,-2.581415890299999916e+01,0.000000000000000000e+00,2.581415890299999916e+01
8.448506206199999369e+00,-2.679549730900000171e+01,0.000000000000000000e+00,2.679549730900000171e+01,-2.622744863899999856e+01,0.000000000000000000e+00,2.622744863899999856e+01
8.468526126100000440e+00,-2.665536572799999959e+01,0.000000000000000000e+00,2.665536572799999959e+01,-2.657655969500000026e+01,0.000000000000000000e+00,2.657655969500000026e+01
8.488546045999999734e+00,-2.655775871399999843e+01,0.000000000000000000e+00,2.655775871399999843e+01,-2.703551073099999869e+01,0.000000000000000000e+00,2.703551073099999869e+01
8.508565966000000813e+00,-2.650540754200000038e+01,0.000000000000000000e+00,2.650540754200000038e+01,-2.739622813400000112e+01,0.000000000000000000e+00,2.739622813400000112e+01
8.528585885900000108e+00,-2.644204812899999979e+01,0.000000000000000000e+00,2.644204812899999979e+01,-2.770134832700000160e+01,0.000000000000000000e+00,2.770134832700000160e+01
8.548605805799999402e+00,-2.651234650500000001e+01,0.000000000000000000e+00,2.651234650500000001e+01,-2.780703877799999901e+01,0.000000000000000000e+00,2.780703877799999901e+01
8.568625725700000473e+00,-2.663348457800000091e+01,0.000000000000000000e+00,2.663348457800000091e+01,-2.798934901699999855e+01,0.000000000000000000e+00,2.798934901699999855e+01
8.588645645599999767e+00,-2.674481819600000065e+01,0.000000000000000000e+00,2.674481819600000065e+01,-2.815789463999999853e+01,0.000000000000000000e+00,2.815789463999999853e+01
8.608665565600000846e+00,-2.698232039299999840e+01,0.000000000000000000e+00,2.698232039299999840e+01,-2.807941805600000151e+01,0.000000000000000000e+00,2.807941805600000151e+01
8.628685485500000141e+00,-2.727161205000000166e+01,0.000000000000000000e+00,2.727161205000000166e+01,-2.797313952800000081e+01,0.000000000000000000e+00,2.797313952800000081e+01
8.648705405399999435e+00,-2.746953163599999925e+01,0.000000000000000000e+00,2.746953163599999925e+01,-2.783988236800000138e+01,0.000000000000000000e+00,2.783988236800000138e+01
8.668725325299998730e+00,-2.777341954699999960e+01,0.000000000000000000e+00,2.777341954699999960e+01,-2.771439367099999984e+01,0.000000000000000000e+00,2.771439367099999984e+01
8.688745245200001577e+00,-2.807106265299999848e+01,0.000000000000000000e+00,2.807106265299999848e+01,-2.768093358100000145e+01,0.000000000000000000e+00,2.768093358100000145e+01
8.708765165200000880e+00,-2.828185588899999914e+01,0.000000000000000000e+00,2.828185588899999914e+01,-2.758121987299999844e+01,0.000000000000000000e+00,2.758121987299999844e+01
8.728785085100000174e+00,-2.842955892499999848e+01,0.000000000000000000e+00,2.842955892499999848e+01,-2.758072775200000137e+01,0.000000000000000000e+00,2.758072775200000137e+01
8.748805004999999468e+00,-2.860199196099999952e+01,0.000000000000000000e+00,2.860199196099999952e+01,-2.767801413100000119e+01,0.000000000000000000e+00,2.767801413100000119e+01
8.768824924899998763e+00,-2.874512435100000118e+01,0.000000000000000000e+00,2.874512435100000118e+01,-2.767433778099999842e+01,0.000000000000000000e+00,2.767433778099999842e+01
8.788844844799999834e+00,-2.868740651499999927e+01,0.000000000000000000e+00,2.868740651499999927e+01,-2.754578457399999891e+01,0.000000000000000000e+00,2.754578457399999891e+01
8.808864764799999136e+00,-2.854790123400000112e+01,0.000000000000000000e+00,2.854790123400000112e+01,-2.759770992700000036e+01,0.000000000000000000e+00,2.759770992700000036e+01
8.828884684700000207e+00,-2.831185081900000000e+01,0.000000000000000000e+00,2.831185081900000000e+01,-2.767872300799999863e+01,0.000000000000000000e+00,2.767872300799999863e+01
8.848904604599999502e+00,-2.796890977199999995e+01,0.000000000000000000e+00,2.796890977199999995e+01,-2.772983014600000118e+01,0.000000000000000000e+00,2.772983014600000118e+01
8.868924524500000572e+00,-2.759232732599999949e+01,0.000000000000000000e+00,2.759232732599999949e+01,-2.790976559199999940e+01,0.000000000000000000e+00,2.790976559199999940e+01
8.888944444399999867e+00,-2.707910488599999965e+01,0.000000000000000000e+00,2.707910488599999965e+01,-2.801865645499999857e+01,0.000000000000000000e+00,2.801865645499999857e+01
8.908964364399999170e+00,-2.668971152199999963e+01,0.000000000000000000e+00,2.668971152199999963e+01,-2.813163769499999844e+01,0.000000000000000000e+00,2.813163769499999844e+01
8.928984284299998464e+00,-2.646075860099999844e+01,0.000000000000000000e+00,2.646075860099999844e+01,-2.837431290900000036e+01,0.000000000000000000e+00,2.837431290900000036e+01
8.949004204200001311e+00,-2.618992057899999892e+01,0.000000000000000000e+00,2.618992057899999892e+01,-2.874437332200000128e+01,0.000000000000000000e+00,2.874437332200000128e+01
8.969024124100000606e+00,-2.592921895399999954e+01,0.000000000000000000e+00,2.592921895399999954e+01,-2.908272629800000075e+01,0.000000000000000000e+00,2.908272629800000075e+01
8.989044043999999900e+00,-2.593837858399999874e+01,0.000000000000000000e+00,2.593837858399999874e+01,-2.940166937400000080e+01,0.000000000000000000e+00,2.940166937400000080e+01
9.009063963999999203e+00,-2.584689615799999984e+01,0.000000000000000000e+00,2.584689615799999984e+01,-2.970071094600000094e+01,0.000000000000000000e+00,2.970071094600000094e+01
9.029083883900000274e+00,-2.586202303800000024e+01,0.000000000000000000e+00,2.586202303800000024e+01,-2.992877046099999916e+01,0.000000000000000000e+00,2.992877046099999916e+01
9.049103803799999568e+00,-2.595776441699999992e+01,0.000000000000000000e+00,2.595776441699999992e+01,-3.001974066800000074e+01,0.000000000000000000e+00,3.001974066800000074e+01
9.069123723700000639e+00,-2.616275749800000128e+01,0.000000000000000000e+00,2.616275749800000128e+01,-3.012864367399999921e+01,0.000000000000000000e+00,3.012864367399999921e+01
9.089143643599999933e+00,-2.621396464700000095e+01,0.000000000000000000e+00,2.621396464700000095e+01,-3.009099498499999825e+01,0.000000000000000000e+00,3.009099498499999825e+01
9.109163563600001012e+00,-2.627031486799999982e+01,0.000000000000000000e+00,2.627031486799999982e+01,-3.009855488399999857e+01,0.000000000000000000e+00,3.009855488399999857e+01
9.129183483500000307e+00,-2.649678828000000053e+01,0.000000000000000000e+00,2.649678828000000053e+01,-3.009599552299999914e+01,0.000000000000000000e+00,3.009599552299999914e+01
9.149203403399999601e+00,-2.669241695899999911e+01,0.000000000000000000e+00,2.669241695899999911e+01,-2.996734465600000163e+01,0.000000000000000000e+00,2.996734465600000163e+01
9.169223323299998896e+00,-2.690014856399999843e+01,0.000000000000000000e+00,2.690014856399999843e+01,-2.989217479599999905e+01,0.000000000000000000e+00,2.989217479599999905e+01
9.189243243199999966e+00,-2.718141894800000102e+01,0.000000000000000000e+00,2.718141894800000102e+01,-2.988470609499999853e+01,0.000000000000000000e+00,2.988470609499999853e+01
9.209263163200001046e+00,-2.749536541699999859e+01,0.000000000000000000e+00,2.749536541699999859e+01,-2.988555136700000148e+01,0.000000000000000000e+00,2.988555136700000148e+01
9.229283083100000340e+00,-2.780686263500000166e+01,0.000000000000000000e+00,2.780686263500000166e+01,-2.994819074100000122e+01,0.000000000000000000e+00,2.994819074100000122e+01
9.249303002999999634e+00,-2.826600821299999922e+01,0.000000000000000000e+00,2.826600821299999922e+01,-3.014424818899999892e+01,0.000000000000000000e+00,3.014424818899999892e+01
9.269322922899998929e+00,-2.871436466300000134e+01,0.000000000000000000e+00,2.871436466300000134e+01,-3.039467373800000161e+01,0.000000000000000000e+00,3.039467373800000161e+01
9.289342842800000000e+00,-2.928808090800000130e+01,0.000000000000000000e+00,2.928808090800000130e+01,-3.076582027999999980e+01,0.000000000000000000e+00,3.076582027999999980e+01
9.309362762799999302e+00,-2.981542369099999945e+01,0.000000000000000000e+00,2.981542369099999945e+01,-3.120825918299999913e+01,0.000000000000000000e+00,3.120825918299999913e+01
9.329382682700000373e+00,-3.034200969999999842e+01,0.000000000000000000e+00,3.034200969999999842e+01,-3.179532249900000096e+01,0.000000000000000000e+00,3.179532249900000096e+01
9.349402602599999668e+00,-3.078242967699999966e+01,0.000000000000000000e+00,3.078242967699999966e+01,-3.202176103800000107e+01,0.000000000000000000e+00,3.202176103800000107e+01
9.369422522500000738e+00,-3.095198822100000058e+01,0.000000000000000000e+00,3.095198822100000058e+01,-3.213064975300000015e+01,0.000000000000000000e+00,3.213064975300000015e+01
9.389442442400000033e+00,-3.103876193600000022e+01,0.000000000000000000e+00,3.103876193600000022e+01,-3.232415152400000125e+01,0.000000000000000000e+00,3.232415152400000125e+01
9.409462362399999336e+00,-3.105553774299999858e+01,0.000000000000000000e+00,3.105553774299999858e+01,-3.224389751799999715e+01,0.000000000000000000e+00,3.224389751799999715e+01
9.429482282299998630e+00,-3.095015801599999961e+01,0.000000000000000000e+00,3.095015801599999961e+01,-3.223223384700000338e+01,0.000000000000000000e+00,3.223223384700000338e+01
9.449502202200001477e+00,-3.098618560199999905e+01,0.000000000000000000e+00,3.098618560199999905e+01,-3.234496457299999861e+01,0.000000000000000000e+00,3.234496457299999861e+01
9.469522122100000772e+00,-3.082786622000000065e+01,0.000000000000000000e+00,3.082786622000000065e+01,-3.224169578099999711e+01,0.000000000000000000e+00,3.224169578099999711e+01
9.489542042000000066e+00,-3.052921535200000136e+01,0.000000000000000000e+00,3.052921535200000136e+01,-3.221115399499999654e+01,0.000000000000000000e+00,3.221115399499999654e+01
9.509561961999999369e+00,-3.027498919399999977e+01,0.000000000000000000e+00,3.027498919399999977e+01,-3.234597326000000095e+01,0.000000000000000000e+00,3.234597326000000095e+01
9.529581881900000440e+00,-3.001697189100000074e+01,0.000000000000000000e+00,3.001697189100000074e+01,-3.224776730699999661e+01,0.000000000000000000e+00,3.224776730699999661e+01
9.549601801799999734e+00,-2.981296919200000062e+01,0.000000000000000000e+00,2.981296919200000062e+01,-3.223024880599999875e+01,0.000000000000000000e+00,3.223024880599999875e+01
9.569621721700000805e+00,-2.963190906999999896e+01,0.000000000000000000e+00,2.963190906999999896e+01,-3.214653301900000315e+01,0.000000000000000000e+00,3.214653301900000315e+01
9.589641641600000099e+00,-2.945032045199999970e+01,0.000000000000000000e+00,2.945032045199999970e+01,-3.203317227000000145e+01,0.000000000000000000e+00,3.203317227000000145e+01
9.609661561600001178e+00,-2.925868865500000027e+01,0.000000000000000000e+00,2.925868865500000027e+01,-3.176454652199999984e+01,0.000000000000000000e+00,3.176454652199999984e+01
9.629681481500000473e+00,-2.928689090499999992e+01,0.000000000000000000e+00,2.928689090499999992e+01,-3.142805790099999896e+01,0.000000000000000000e+00,3.142805790099999896e+01
9.649701401399999767e+00,-2.952682851899999861e+01,0.000000000000000000e+00,2.952682851899999861e+01,-3.121124839699999853e+01,0.000000000000000000e+00,3.121124839699999853e+01
9.669721321299999062e+00,-2.983645111099999880e+01,0.000000000000000000e+00,2.983645111099999880e+01,-3.093214179900000005e+01,0.000000000000000000e+00,3.093214179900000005e+01
9.689741241200000132e+00,-3.032502831000000043e+01,0.000000000000000000e+00,3.032502831000000043e+01,-3.066000219000000016e+01,0.000000000000000000e+00,3.066000219000000016e+01
9.709761161200001212e+00,-3.085336371100000008e+01,0.000000000000000000e+00,3.085336371100000008e+01,-3.038829965200000061e+01,0.000000000000000000e+00,3.038829965200000061e+01
9.729781081100000506e+00,-3.126702602199999959e+01,0.000000000000000000e+00,3.126702602199999959e+01,-3.011117504199999928e+01,0.000000000000000000e+00,3.011117504199999928e+01
9.749801000999999800e+00,-3.192802763499999941e+01,0.000000000000000000e+00,3.192802763499999941e+01,-2.986350765699999954e+01,0.000000000000000000e+00,2.986350765699999954e+01
9.769820920899999095e+00,-3.253107389899999902e+01,0.000000000000000000e+00,3.253107389899999902e+01,-2.969928350800000061e+01,0.000000000000000000e+00,2.969928350800000061e+01
9.789840840799998389e+00,-3.327465991799999756e+01,0.000000000000000000e+00,3.327465991799999756e+01,-2.951417753300000157e+01,0.000000000000000000e+00,2.951417753300000157e+01
9.809860760799999468e+00,-3.410341438799999736e+01,0.000000000000000000e+00,3.410341438799999736e+01,-2.934570282900000038e+01,0.000000000000000000e+00,2.934570282900000038e+01
9.829880680700000539e+00,-3.487687775900000275e+01,0.000000000000000000e+00,3.487687775900000275e+01,-2.926321483499999943e+01,0.000000000000000000e+00,2.926321483499999943e+01
9.849900600599999834e+00,-3.545461096500000053e+01,0.000000000000000000e+00,3.545461096500000053e+01,-2.911163219100000177e+01,0.000000000000000000e+00,2.911163219100000177e+01
9.869920520499999128e+00,-3.626612337400000285e+01,0.000000000000000000e+00,3.626612337400000285e+01,-2.904153157700000065e+01,0.000000000000000000e+00,2.904153157700000065e+01
9.889940440400000199e+00,-3.725907988200000176e+01,0.000000000000000000e+00,3.725907988200000176e+01,-2.903607094099999841e+01,0.000000000000000000e+00,2.903607094099999841e+01
9.909960360399999502e+00,-3.877833779099999845e+01,0.000000000000000000e+00,3.877833779099999845e+01,-2.895415874900000119e+01,0.000000000000000000e+00,2.895415874900000119e+01
9.929980280299998796e+00,-3.988784387500000150e+01,0.000000000000000000e+00,3.988784387500000150e+01,-2.892783302999999862e+01,0.000000000000000000e+00,2.892783302999999862e+01
9.950000200200001643e+00,-4.138226257600000224e+01,0.000000000000000000e+00,4.138226257600000224e+01,-2.900459494200000066e+01,0.000000000000000000e+00,2.900459494200000066e+01
9.970020120100000938e+00,-4.285631821999999858e+01,0.000000000000000000e+00,4.285631821999999858e+01,-2.904903096700000020e+01,0.000000000000000000e+00,2.904903096700000020e+01
9.990040040000000232e+00,-4.379826804399999673e+01,0.000000000000000000e+00,4.379826804399999673e+01,-2.893192292599999860e+01,0.000000000000000000e+00,2.893192292599999860e+01
1.001005995999999953e+01,-4.377468089199999923e+01,0.000000000000000000e+00,4.377468089199999923e+01,-2.910025214799999915e+01,0.000000000000000000e+00,2.910025214799999915e+01
1.003007988000000061e+01,-4.306503322799999722e+01,0.000000000000000000e+00,4.306503322799999722e+01,-2.921599104199999886e+01,0.000000000000000000e+00,2.921599104199999886e+01
1.005009979999999992e+01,-4.171151127899999977e+01,0.000000000000000000e+00,4.171151127899999977e+01,-2.924953159200000030e+01,0.000000000000000000e+00,2.924953159200000030e+01
1.007011971999999922e+01,-4.025455562900000217e+01,0.000000000000000000e+00,4.025455562900000217e+01,-2.924983695699999942e+01,0.000000000000000000e+00,2.924983695699999942e+01
1.009013964000000030e+01,-3.910547944999999714e+01,0.000000000000000000e+00,3.910547944999999714e+01,-2.929805009100000035e+01,0.000000000000000000e+00,2.929805009100000035e+01
1.011015955999999960e+01,-3.840761167499999829e+01,0.000000000000000000e+00,3.840761167499999829e+01,-2.923693481999999833e+01,0.000000000000000000e+00,2.923693481999999833e+01
1.013017947900000060e+01,-3.796689114299999801e+01,0.000000000000000000e+00,3.796689114299999801e+01,-2.928210119799999944e+01,0.000000000000000000e+00,2.928210119799999944e+01
1.015019939899999990e+01,-3.769409185399999984e+01,0.000000000000000000e+00,3.769409185399999984e+01,-2.940116410499999944e+01,0.000000000000000000e+00,2.940116410499999944e+01
1.017021931899999920e+01,-3.726022223900000085e+01,0.000000000000000000e+00,3.726022223900000085e+01,-2.932402089500000031e+01,0.000000000000000000e+00,2.932402089500000031e+01
1.019023923900000028e+01,-3.702656316099999856e+01,0.000000000000000000e+00,3.702656316099999856e+01,-2.935786414200000038e+01,0.000000000000000000e+00,2.935786414200000038e+01
1.021025915899999958e+01,-3.721183485299999916e+01,0.000000000000000000e+00,3.721183485299999916e+01,-2.938341359300000022e+01,0.000000000000000000e+00,2.938341359300000022e+01
1.023027907900000066e+01,-3.781542397599999816e+01,0.000000000000000000e+00,3.781542397599999816e+01,-2.945453638900000115e+01,0.000000000000000000e+00,2.945453638900000115e+01
1.025029899899999997e+01,-3.826178758799999713e+01,0.000000000000000000e+00,3.826178758799999713e+01,-2.960003690099999929e+01,0.000000000000000000e+00,2.960003690099999929e+01
1.027031891899999927e+01,-3.920804234999999949e+01,0.000000000000000000e+00,3.920804234999999949e+01,-2.972860264199999847e+01,0.000000000000000000e+00,2.972860264199999847e+01
1.029033883900000035e+01,-4.030965367700000002e+01,0.000000000000000000e+00,4.030965367700000002e+01,-2.991541863400000167e+01,0.000000000000000000e+00,2.991541863400000167e+01
1.031035875899999965e+01,-4.164942312499999844e+01,0.000000000000000000e+00,4.164942312499999844e+01,-3.012731355100000030e+01,0.000000000000000000e+00,3.012731355100000030e+01
1.033037867900000073e+01,-4.388533732700000201e+01,0.000000000000000000e+00,4.388533732700000201e+01,-3.062904604599999914e+01,0.000000000000000000e+00,3.062904604599999914e+01
1.035039859900000003e+01,-4.669900566199999759e+01,0.000000000000000000e+00,4.669900566199999759e+01,-3.095300033099999837e+01,0.000000000000000000e+00,3.095300033099999837e+01
1.037041851899999934e+01,-5.129422064599999942e+01,0.000000000000000000e+00,5.129422064599999942e+01,-3.136023578000000001e+01,0.000000000000000000e+00,3.136023578000000001e+01
1.039043843800000033e+01,-5.690978212299999939e+01,0.000000000000000000e+00,5.690978212299999939e+01,-3.169338674800000177e+01,0.000000000000000000e+00,3.169338674800000177e+01
1.041045835799999963e+01,-5.131768022899999693e+01,0.000000000000000000e+00,5.131768022899999693e+01,-3.197828981299999995e+01,0.000000000000000000e+00,3.197828981299999995e+01
1.043047827800000071e+01,-4.683722137099999827e+01,0.000000000000000000e+00,4.683722137099999827e+01,-3.200616520799999876e+01,0.000000000000000000e+00,3.200616520799999876e+01
1.045049819800000002e+01,-4.321336129600000220e+01,0.000000000000000000e+00,4.321336129600000220e+01,-3.192822826500000133e+01,0.000000000000000000e+00,3.192822826500000133e+01
1.047051811799999932e+01,-4.056456390900000031e+01,0.000000000000000000e+00,4.056456390900000031e+01,-3.166426692099999940e+01,0.000000000000000000e+00,3.166426692099999940e+01
1.049053803800000040e+01,-3.880775524900000306e+01,0.000000000000000000e+00,3.880775524900000306e+01,-3.141565240599999953e+01,0.000000000000000000e+00,3.141565240599999953e+01
1.051055795799999970e+01,-3.732213539800000035e+01,0.000000000000000000e+00,3.732213539800000035e+01,-3.117911976699999954e+01,0.000000000000000000e+00,3.117911976699999954e+01
1.053057787800000078e+01,-3.618976157899999890e+01,0.000000000000000000e+00,3.618976157899999890e+01,-3.104501971899999901e+01,0.000000000000000000e+00,3.104501971899999901e+01
1.055059779800000008e+01,-3.523629560300000207e+01,0.000000000000000000e+00,3.523629560300000207e+01,-3.090588944499999968e+01,0.000000000000000000e+00,3.090588944499999968e+01
1.057061771799999939e+01,-3.438994557299999855e+01,0.000000000000000000e+00,3.438994557299999855e+01,-3.096440446600000129e+01,0.000000000000000000e+00,3.096440446600000129e+01
1.059063763800000046e+01,-3.362921650500000226e+01,0.000000000000000000e+00,3.362921650500000226e+01,-3.118366816400000019e+01,0.000000000000000000e+00,3.118366816400000019e+01
1.061065755799999977e+01,-3.300281625699999921e+01,0.000000000000000000e+00,3.300281625699999921e+01,-3.151890248899999847e+01,0.000000000000000000e+00,3.151890248899999847e+01
1.063067747700000076e+01,-3.252294400499999938e+01,0.000000000000000000e+00,3.252294400499999938e+01,-3.180437633500000061e+01,0.000000000000000000e+00,3.180437633500000061e+01
1.065069739700000007e+01,-3.206252464899999666e+01,0.000000000000000000e+00,3.206252464899999666e+01,-3.235724916299999876e+01,0.000000000000000000e+00,3.235724916299999876e+01
1.067071731699999937e+01,-3.164435708399999925e+01,0.000000000000000000e+00,3.164435708399999925e+01,-3.301081885499999657e+01,0.000000000000000000e+00,3.301081885499999657e+01
1.069073723700000045e+01,-3.140607338899999945e+01,0.000000000000000000e+00,3.140607338899999945e+01,-3.394538701599999797e+01,0.000000000000000000e+00,3.394538701599999797e+01
1.071075715699999975e+01,-3.129293820599999876e+01,0.000000000000000000e+00,3.129293820599999876e+01,-3.473855020199999899e+01,0.000000000000000000e+00,3.473855020199999899e+01
1.073077707700000083e+01,-3.118663177000000175e+01,0.000000000000000000e+00,3.118663177000000175e+01,-3.538843341700000167e+01,0.000000000000000000e+00,3.538843341700000167e+01
1.075079699700000013e+01,-3.103237381799999994e+01,0.000000000000000000e+00,3.103237381799999994e+01,-3.626114598699999902e+01,0.000000000000000000e+00,3.626114598699999902e+01
1.077081691699999944e+01,-3.117044240099999897e+01,0.000000000000000000e+00,3.117044240099999897e+01,-3.704287739800000168e+01,0.000000000000000000e+00,3.704287739800000168e+01
1.079083683700000051e+01,-3.133028350200000034e+01,0.000000000000000000e+00,3.133028350200000034e+01,-3.763852443599999731e+01,0.000000000000000000e+00,3.763852443599999731e+01
1.081085675699999982e+01,-3.155945528399999844e+01,0.000000000000000000e+00,3.155945528399999844e+01,-3.833914016699999650e+01,0.000000000000000000e+00,3.833914016699999650e+01
1.083087667699999912e+01,-3.183408285599999843e+01,0.000000000000000000e+00,3.183408285599999843e+01,-3.878184236700000298e+01,0.000000000000000000e+00,3.878184236700000298e+01
1.085089659700000020e+01,-3.233801385099999948e+01,0.000000000000000000e+00,3.233801385099999948e+01,-3.863992748100000085e+01,0.000000000000000000e+00,3.863992748100000085e+01
1.087091651699999950e+01,-3.304524438699999678e+01,0.000000000000000000e+00,3.304524438699999678e+01,-3.849163575499999723e+01,0.000000000000000000e+00,3.849163575499999723e+01
1.089093643600000050e+01,-3.384981033599999733e+01,0.000000000000000000e+00,3.384981033599999733e+01,-3.785547002199999866e+01,0.000000000000000000e+00,3.785547002199999866e+01
1.091095635599999980e+01,-3.496844291200000043e+01,0.000000000000000000e+00,3.496844291200000043e+01,-3.754313361399999849e+01,0.000000000000000000e+00,3.754313361399999849e+01
1.093097627600000088e+01,-3.621522670600000282e+01,0.000000000000000000e+00,3.621522670600000282e+01,-3.693684506200000328e+01,0.000000000000000000e+00,3.693684506200000328e+01
1.095099619600000018e+01,-3.781452567200000203e+01,0.000000000000000000e+00,3.781452567200000203e+01,-3.684368711199999780e+01,0.000000000000000000e+00,3.684368711199999780e+01
1.097101611599999949e+01,-3.975837277499999800e+01,0.000000000000000000e+00,3.975837277499999800e+01,-3.661705999699999836e+01,0.000000000000000000e+00,3.661705999699999836e+01
1.099103603600000056e+01,-4.215732723499999679e+01,0.000000000000000000e+00,4.215732723499999679e+01,-3.656277311200000213e+01,0.000000000000000000e+00,3.656277311200000213e+01
1.101105595599999987e+01,-4.462060321500000271e+01,0.000000000000000000e+00,4.462060321500000271e+01,-3.659136843200000300e+01,0.000000000000000000e+00,3.659136843200000300e+01
1.103107587599999917e+01,-4.783830333600000273e+01,0.000000000000000000e+00,4.783830333600000273e+01,-3.670826980399999684e+01,0.000000000000000000e+00,3.670826980399999684e+01
1.105109579600000025e+01,-4.961043042000000014e+01,0.000000000000000000e+00,4.961043042000000014e+01,-3.673291418400000197e+01,0.000000000000000000e+00,3.673291418400000197e+01
1.107111571599999955e+01,-4.730761245200000076e+01,0.000000000000000000e+00,4.730761245200000076e+01,-3.709230401899999663e+01,0.000000000000000000e+00,3.709230401899999663e+01
1.109113563600000063e+01,-4.574780603399999990e+01,0.000000000000000000e+00,4.574780603399999990e+01,-3.723222625199999669e+01,0.000000000000000000e+00,3.723222625199999669e+01
1.111115555599999993e+01,-4.327836880000000264e+01,0.000000000000000000e+00,4.327836880000000264e+01,-3.739541304899999830e+01,0.000000000000000000e+00,3.739541304899999830e+01
1.113117547499999915e+01,-4.190961257400000051e+01,0.000000000000000000e+00,4.190961257400000051e+01,-3.764679205899999914e+01,0.000000000000000000e+00,3.764679205899999914e+01
1.115119539500000023e+01,-4.121719579799999877e+01,0.000000000000000000e+00,4.121719579799999877e+01,-3.773311923299999648e+01,0.000000000000000000e+00,3.773311923299999648e+01
1.117121531499999953e+01,-4.007056952800000005e+01,0.000000000000000000e+00,4.007056952800000005e+01,-3.770614277399999992e+01,0.000000000000000000e+00,3.770614277399999992e+01
1.119123523500000061e+01,-3.943622438300000255e+01,0.000000000000000000e+00,3.943622438300000255e+01,-3.760290530900000050e+01,0.000000000000000000e+00,3.760290530900000050e+01
1.121125515499999992e+01,-3.868791020199999764e+01,0.000000000000000000e+00,3.868791020199999764e+01,-3.676893139599999927e+01,0.000000000000000000e+00,3.676893139599999927e+01
1.123127507499999922e+01,-3.813436566400000061e+01,0.000000000000000000e+00,3.813436566400000061e+01,-3.622852602500000074e+01,0.000000000000000000e+00,3.622852602500000074e+01
1.125129499500000030e+01,-3.809462220300000013e+01,0.000000000000000000e+00,3.809462220300000013e+01,-3.568776387399999805e+01,0.000000000000000000e+00,3.568776387399999805e+01
1.127131491499999960e+01,-3.815563778100000292e+01,0.000000000000000000e+00,3.815563778100000292e+01,-3.525151343099999934e+01,0.000000000000000000e+00,3.525151343099999934e+01
1.129133483500000068e+01,-3.845609802799999954e+01,0.000000000000000000e+00,3.845609802799999954e+01,-3.497787174599999815e+01,0.000000000000000000e+00,3.497787174599999815e+01
1.131135475499999998e+01,-3.880624848000000071e+01,0.000000000000000000e+00,3.880624848000000071e+01,-3.478649443999999846e+01,0.000000000000000000e+00,3.478649443999999846e+01
1.133137467499999929e+01,-3.919607070099999646e+01,0.000000000000000000e+00,3.919607070099999646e+01,-3.459832204500000330e+01,0.000000000000000000e+00,3.459832204500000330e+01
1.135139459500000036e+01,-3.945533820600000041e+01,0.000000000000000000e+00,3.945533820600000041e+01,-3.440336045000000098e+01,0.000000000000000000e+00,3.440336045000000098e+01
1.137141451499999967e+01,-3.951210059200000302e+01,0.000000000000000000e+00,3.951210059200000302e+01,-3.408847729499999701e+01,0.000000000000000000e+00,3.408847729499999701e+01
1.139143443400000066e+01,-3.919800308699999647e+01,0.000000000000000000e+00,3.919800308699999647e+01,-3.379938931699999927e+01,0.000000000000000000e+00,3.379938931699999927e+01
1.141145435399999997e+01,-3.885946438799999925e+01,0.000000000000000000e+00,3.885946438799999925e+01,-3.358610285599999656e+01,0.000000000000000000e+00,3.358610285599999656e+01
1.143147427399999927e+01,-3.816851145999999773e+01,0.000000000000000000e+00,3.816851145999999773e+01,-3.332137619000000228e+01,0.000000000000000000e+00,3.332137619000000228e+01
1.145149419400000035e+01,-3.756310231300000169e+01,0.000000000000000000e+00,3.756310231300000169e+01,-3.316934683099999859e+01,0.000000000000000000e+00,3.316934683099999859e+01
1.147151411399999965e+01,-3.675108743199999850e+01,0.000000000000000000e+00,3.675108743199999850e+01,-3.314884696499999706e+01,0.000000000000000000e+00,3.314884696499999706e+01
1.149153403400000073e+01,-3.589592791500000146e+01,0.000000000000000000e+00,3.589592791500000146e+01,-3.319866596899999678e+01,0.000000000000000000e+00,3.319866596899999678e+01
1.151155395400000003e+01,-3.505642709600000018e+01,0.000000000000000000e+00,3.505642709600000018e+01,-3.322597497400000321e+01,0.000000000000000000e+00,3.322597497400000321e+01
1.153157387399999934e+01,-3.431512733900000001e+01,0.000000000000000000e+00,3.431512733900000001e+01,-3.351770501299999694e+01,0.000000000000000000e+00,3.351770501299999694e+01
1.155159379400000041e+01,-3.337304020300000218e+01,0.000000000000000000e+00,3.337304020300000218e+01,-3.376316523999999930e+01,0.000000000000000000e+00,3.376316523999999930e+01
1.157161371399999972e+01,-3.244919732200000340e+01,0.000000000000000000e+00,3.244919732200000340e+01,-3.425043980299999902e+01,0.000000000000000000e+00,3.425043980299999902e+01
1.159163363400000080e+01,-3.166284480399999879e+01,0.000000000000000000e+00,3.166284480399999879e+01,-3.508140086000000224e+01,0.000000000000000000e+00,3.508140086000000224e+01
1.161165355400000010e+01,-3.106265736799999999e+01,0.000000000000000000e+00,3.106265736799999999e+01,-3.572145885900000195e+01,0.000000000000000000e+00,3.572145885900000195e+01
1.163167347299999932e+01,-3.050141188399999947e+01,0.000000000000000000e+00,3.050141188399999947e+01,-3.663479610499999950e+01,0.000000000000000000e+00,3.663479610499999950e+01
1.165169339300000040e+01,-3.009696241500000014e+01,0.000000000000000000e+00,3.009696241500000014e+01,-3.799243587699999836e+01,0.000000000000000000e+00,3.799243587699999836e+01
1.167171331299999970e+01,-2.985388753999999878e+01,0.000000000000000000e+00,2.985388753999999878e+01,-3.936836876600000323e+01,0.000000000000000000e+00,3.936836876600000323e+01
1.169173323300000078e+01,-2.958835222800000153e+01,0.000000000000000000e+00,2.958835222800000153e+01,-4.066645484699999713e+01,0.000000000000000000e+00,4.066645484699999713e+01
1.171175315300000008e+01,-2.932588318799999882e+01,0.000000000000000000e+00,2.932588318799999882e+01,-4.224094750500000117e+01,0.000000000000000000e+00,4.224094750500000117e+01
1.173177307299999939e+01,-2.922714175300000150e+01,0.000000000000000000e+00,2.922714175300000150e+01,-4.447185276399999765e+01,0.000000000000000000e+00,4.447185276399999765e+01
1.175179299300000046e+01,-2.916076176400000008e+01,0.000000000000000000e+00,2.916076176400000008e+01,-4.550322021099999859e+01,0.000000000000000000e+00,4.550322021099999859e+01
1.177181291299999977e+01,-2.909067846199999963e+01,0.000000000000000000e+00,2.909067846199999963e+01,-4.628693138399999896e+01,0.000000000000000000e+00,4.628693138399999896e+01
1.179183283300000085e+01,-2.912373014299999952e+01,0.000000000000000000e+00,2.912373014299999952e+01,-4.589188197800000069e+01,0.000000000000000000e+00,4.589188197800000069e+01
1.181185275300000015e+01,-2.917374352399999893e+01,0.000000000000000000e+00,2.917374352399999893e+01,-4.514494077700000219e+01,0.000000000000000000e+00,4.514494077700000219e+01
1.183187267299999945e+01,-2.924328817500000000e+01,0.000000000000000000e+00,2.924328817500000000e+01,-4.497645763300000255e+01,0.000000000000000000e+00,4.497645763300000255e+01
1.185189259300000053e+01,-2.946730743899999894e+01,0.000000000000000000e+00,2.946730743899999894e+01,-4.441818662800000084e+01,0.000000000000000000e+00,4.441818662800000084e+01
1.187191251299999983e+01,-2.971396577999999877e+01,0.000000000000000000e+00,2.971396577999999877e+01,-4.388332954999999913e+01,0.000000000000000000e+00,4.388332954999999913e+01
1.189193243200000083e+01,-2.998638684399999832e+01,0.000000000000000000e+00,2.998638684399999832e+01,-4.358970535499999954e+01,0.000000000000000000e+00,4.358970535499999954e+01
1.191195235200000013e+01,-3.030983129299999845e+01,0.000000000000000000e+00,3.030983129299999845e+01,-4.403198821400000185e+01,0.000000000000000000e+00,4.403198821400000185e+01
1.193197227199999944e+01,-3.077780337600000138e+01,0.000000000000000000e+00,3.077780337600000138e+01,-4.395690283900000139e+01,0.000000000000000000e+00,4.395690283900000139e+01
1.195199219200000051e+01,-3.120913512399999945e+01,0.000000000000000000e+00,3.120913512399999945e+01,-4.367215330399999829e+01,0.000000000000000000e+00,4.367215330399999829e+01
1.197201211199999982e+01,-3.169024817000000027e+01,0.000000000000000000e+00,3.169024817000000027e+01,-4.368192562200000140e+01,0.000000000000000000e+00,4.368192562200000140e+01
1.199203203199999912e+01,-3.236369360300000153e+01,0.000000000000000000e+00,3.236369360300000153e+01,-4.319077459399999697e+01,0.000000000000000000e+00,4.319077459399999697e+01
1.201205195200000020e+01,-3.311305870500000026e+01,0.000000000000000000e+00,3.311305870500000026e+01,-4.269385795499999858e+01,0.000000000000000000e+00,4.269385795499999858e+01
1.203207187199999950e+01,-3.396569513200000046e+01,0.000000000000000000e+00,3.396569513200000046e+01,-4.244942423900000250e+01,0.000000000000000000e+00,4.244942423900000250e+01
1.205209179200000058e+01,-3.503445658599999746e+01,0.000000000000000000e+00,3.503445658599999746e+01,-4.193593765899999681e+01,0.000000000000000000e+00,4.193593765899999681e+01
1.207211171199999988e+01,-3.580116648100000276e+01,0.000000000000000000e+00,3.580116648100000276e+01,-4.123221196699999780e+01,0.000000000000000000e+00,4.123221196699999780e+01
1.209213163199999919e+01,-3.655708357400000352e+01,0.000000000000000000e+00,3.655708357400000352e+01,-4.076310106700000091e+01,0.000000000000000000e+00,4.076310106700000091e+01
1.211215155200000027e+01,-3.729239949800000176e+01,0.000000000000000000e+00,3.729239949800000176e+01,-4.075973157500000355e+01,0.000000000000000000e+00,4.075973157500000355e+01
1.213217147099999949e+01,-3.774755136099999930e+01,0.000000000000000000e+00,3.774755136099999930e+01,-4.048161885199999688e+01,0.000000000000000000e+00,4.048161885199999688e+01
1.215219139100000056e+01,-3.763189729100000136e+01,0.000000000000000000e+00,3.763189729100000136e+01,-4.052376729499999897e+01,0.000000000000000000e+00,4.052376729499999897e+01
1.217221131099999987e+01,-3.719159024500000044e+01,0.000000000000000000e+00,3.719159024500000044e+01,-4.017793468699999693e+01,0.000000000000000000e+00,4.017793468699999693e+01
1.219223123099999917e+01,-3.698846680399999798e+01,0.000000000000000000e+00,3.698846680399999798e+01,-3.956719264000000180e+01,0.000000000000000000e+00,3.956719264000000180e+01
1.221225115100000025e+01,-3.649788085099999790e+01,0.000000000000000000e+00,3.649788085099999790e+01,-3.902997325999999845e+01,0.000000000000000000e+00,3.902997325999999845e+01
1.223227107099999955e+01,-3.608408362899999844e+01,0.000000000000000000e+00,3.608408362899999844e+01,-3.806264530800000045e+01,0.000000000000000000e+00,3.806264530800000045e+01
1.225229099100000063e+01,-3.555438701500000320e+01,0.000000000000000000e+00,3.555438701500000320e+01,-3.725319231099999939e+01,0.000000000000000000e+00,3.725319231099999939e+01
1.227231091099999993e+01,-3.488214262599999671e+01,0.000000000000000000e+00,3.488214262599999671e+01,-3.640148162199999859e+01,0.000000000000000000e+00,3.640148162199999859e+01
1.229233083099999924e+01,-3.421445804500000065e+01,0.000000000000000000e+00,3.421445804500000065e+01,-3.590309107499999897e+01,0.000000000000000000e+00,3.590309107499999897e+01
1.231235075100000032e+01,-3.358048087600000287e+01,0.000000000000000000e+00,3.358048087600000287e+01,-3.566122674799999714e+01,0.000000000000000000e+00,3.566122674799999714e+01
1.233237067099999962e+01,-3.332829636499999992e+01,0.000000000000000000e+00,3.332829636499999992e+01,-3.559303395199999898e+01,0.000000000000000000e+00,3.559303395199999898e+01
1.235239059100000070e+01,-3.304767922500000310e+01,0.000000000000000000e+00,3.304767922500000310e+01,-3.572719319400000160e+01,0.000000000000000000e+00,3.572719319400000160e+01
1.237241051100000000e+01,-3.298764005599999649e+01,0.000000000000000000e+00,3.298764005599999649e+01,-3.616134044399999681e+01,0.000000000000000000e+00,3.616134044399999681e+01
1.239243042999999922e+01,-3.273458571300000131e+01,0.000000000000000000e+00,3.273458571300000131e+01,-3.691406901799999929e+01,0.000000000000000000e+00,3.691406901799999929e+01
1.241245035000000030e+01,-3.271760552199999950e+01,0.000000000000000000e+00,3.271760552199999950e+01,-3.786469302999999798e+01,0.000000000000000000e+00,3.786469302999999798e+01
1.243247026999999960e+01,-3.285293859200000099e+01,0.000000000000000000e+00,3.285293859200000099e+01,-3.865751516600000315e+01,0.000000000000000000e+00,3.865751516600000315e+01
1.245249019000000068e+01,-3.296905442100000272e+01,0.000000000000000000e+00,3.296905442100000272e+01,-3.994638353500000250e+01,0.000000000000000000e+00,3.994638353500000250e+01
1.247251010999999998e+01,-3.308491362800000246e+01,0.000000000000000000e+00,3.308491362800000246e+01,-4.114199352800000042e+01,0.000000000000000000e+00,4.114199352800000042e+01
1.249253002999999929e+01,-3.360661431700000179e+01,0.000000000000000000e+00,3.360661431700000179e+01,-4.300078041399999762e+01,0.000000000000000000e+00,4.300078041399999762e+01
1.251254995000000036e+01,-3.397330090999999896e+01,0.000000000000000000e+00,3.397330090999999896e+01,-4.317819776999999704e+01,0.000000000000000000e+00,4.317819776999999704e+01
1.253256986999999967e+01,-3.454842801299999877e+01,0.000000000000000000e+00,3.454842801299999877e+01,-4.258558763199999930e+01,0.000000000000000000e+00,4.258558763199999930e+01
1.255258979000000075e+01,-3.502435037400000084e+01,0.000000000000000000e+00,3.502435037400000084e+01,-4.157111557000000346e+01,0.000000000000000000e+00,4.157111557000000346e+01
1.257260971000000005e+01,-3.543790532300000251e+01,0.000000000000000000e+00,3.543790532300000251e+01,-3.971704090600000114e+01,0.000000000000000000e+00,3.971704090600000114e+01
1.259262962999999935e+01,-3.549855406999999730e+01,0.000000000000000000e+00,3.549855406999999730e+01,-3.804562379600000099e+01,0.000000000000000000e+00,3.804562379600000099e+01
1.261264955000000043e+01,-3.574294582899999995e+01,0.000000000000000000e+00,3.574294582899999995e+01,-3.685892795499999863e+01,0.000000000000000000e+00,3.685892795499999863e+01
1.263266946899999965e+01,-3.591424561899999901e+01,0.000000000000000000e+00,3.591424561899999901e+01,-3.581900012399999866e+01,0.000000000000000000e+00,3.581900012399999866e+01
1.265268938900000073e+01,-3.606099516500000135e+01,0.000000000000000000e+00,3.606099516500000135e+01,-3.466812199000000305e+01,0.000000000000000000e+00,3.466812199000000305e+01
1.267270930900000003e+01,-3.608596202799999730e+01,0.000000000000000000e+00,3.608596202799999730e+01,-3.369360098399999970e+01,0.000000000000000000e+00,3.369360098399999970e+01
1.269272922899999934e+01,-3.587366835800000331e+01,0.000000000000000000e+00,3.587366835800000331e+01,-3.270964502599999690e+01,0.000000000000000000e+00,3.270964502599999690e+01
1.271274914900000041e+01,-3.549939673499999770e+01,0.000000000000000000e+00,3.549939673499999770e+01,-3.208986431200000311e+01,0.000000000000000000e+00,3.208986431200000311e+01
1.273276906899999972e+01,-3.484348341599999799e+01,0.000000000000000000e+00,3.484348341599999799e+01,-3.212808287099999660e+01,0.000000000000000000e+00,3.212808287099999660e+01
1.275278898900000080e+01,-3.406221316199999904e+01,0.000000000000000000e+00,3.406221316199999904e+01,-3.252220575199999786e+01,0.000000000000000000e+00,3.252220575199999786e+01
1.277280890900000010e+01,-3.343173372399999721e+01,0.000000000000000000e+00,3.343173372399999721e+01,-3.360113247999999686e+01,0.000000000000000000e+00,3.360113247999999686e+01
1.279282882899999940e+01,-3.316597621399999696e+01,0.000000000000000000e+00,3.316597621399999696e+01,-3.546986817500000200e+01,0.000000000000000000e+00,3.546986817500000200e+01
1.281284874900000048e+01,-3.327004743599999870e+01,0.000000000000000000e+00,3.327004743599999870e+01,-3.733390421000000003e+01,0.000000000000000000e+00,3.733390421000000003e+01
1.283286866899999978e+01,-3.332534426000000138e+01,0.000000000000000000e+00,3.332534426000000138e+01,-3.816621454500000254e+01,0.000000000000000000e+00,3.816621454500000254e+01
1.285288858900000086e+01,-3.318079270900000211e+01,0.000000000000000000e+00,3.318079270900000211e+01,-3.895015628899999882e+01,0.000000000000000000e+00,3.895015628899999882e+01
1.287290850900000017e+01,-3.296857192600000275e+01,0.000000000000000000e+00,3.296857192600000275e+01,-4.037396966000000020e+01,0.000000000000000000e+00,4.037396966000000020e+01
1.289292842799999939e+01,-3.268573936800000013e+01,0.000000000000000000e+00,3.268573936800000013e+01,-4.265257751200000058e+01,0.000000000000000000e+00,4.265257751200000058e+01
1.291294834800000046e+01,-3.276587391599999677e+01,0.000000000000000000e+00,3.276587391599999677e+01,-4.553233729800000162e+01,0.000000000000000000e+00,4.553233729800000162e+01
1.293296826799999977e+01,-3.302084978500000290e+01,0.000000000000000000e+00,3.302084978500000290e+01,-4.784024825800000258e+01,0.000000000000000000e+00,4.784024825800000258e+01
1.295298818800000085e+01,-3.323965447900000214e+01,0.000000000000000000e+00,3.323965447900000214e+01,-5.499366056200000230e+01,0.000000000000000000e+00,5.499366056200000230e+01
1.297300810800000015e+01,-3.359778394100000298e+01,0.000000000000000000e+00,3.359778394100000298e+01,-6.045028206399999959e+01,0.000000000000000000e+00,6.045028206399999959e+01
1.299302802799999945e+01,-3.442244843099999940e+01,0.000000000000000000e+00,3.442244843099999940e+01,-5.294229029000000253e+01,0.000000000000000000e+00,5.294229029000000253e+01
1.301304794800000053e+01,-3.533031156999999922e+01,0.000000000000000000e+00,3.533031156999999922e+01,-4.829977079599999712e+01,0.000000000000000000e+00,4.829977079599999712e+01
1.303306786799999983e+01,-3.623624425399999893e+01,0.000000000000000000e+00,3.623624425399999893e+01,-4.603670801900000242e+01,0.000000000000000000e+00,4.603670801900000242e+01
1.305308778799999914e+01,-3.715814746099999866e+01,0.000000000000000000e+00,3.715814746099999866e+01,-4.347407432800000038e+01,0.000000000000000000e+00,4.347407432800000038e+01
1.307310770800000022e+01,-3.812473004600000337e+01,0.000000000000000000e+00,3.812473004600000337e+01,-4.134798690400000254e+01,0.000000000000000000e+00,4.134798690400000254e+01
1.309312762799999952e+01,-3.985231375800000109e+01,0.000000000000000000e+00,3.985231375800000109e+01,-3.987510772200000275e+01,0.000000000000000000e+00,3.987510772200000275e+01
1.311314754800000060e+01,-4.202079755799999816e+01,0.000000000000000000e+00,4.202079755799999816e+01,-3.838233685099999803e+01,0.000000000000000000e+00,3.838233685099999803e+01
1.313316746699999982e+01,-4.609216372800000272e+01,0.000000000000000000e+00,4.609216372800000272e+01,-3.769159335999999882e+01,0.000000000000000000e+00,3.769159335999999882e+01
1.315318738699999912e+01,-5.228527303199999920e+01,0.000000000000000000e+00,5.228527303199999920e+01,-3.655453345299999768e+01,0.000000000000000000e+00,3.655453345299999768e+01
1.317320730700000020e+01,-4.986738725600000066e+01,0.000000000000000000e+00,4.986738725600000066e+01,-3.557718595299999720e+01,0.000000000000000000e+00,3.557718595299999720e+01
1.319322722699999950e+01,-4.440248731799999860e+01,0.000000000000000000e+00,4.440248731799999860e+01,-3.476450348200000207e+01,0.000000000000000000e+00,3.476450348200000207e+01
1.321324714700000058e+01,-4.058134480700000069e+01,0.000000000000000000e+00,4.058134480700000069e+01,-3.407545375600000170e+01,0.000000000000000000e+00,3.407545375600000170e+01
1.323326706699999988e+01,-3.758422838999999982e+01,0.000000000000000000e+00,3.758422838999999982e+01,-3.324575256800000034e+01,0.000000000000000000e+00,3.324575256800000034e+01
1.325328698699999919e+01,-3.563892374000000274e+01,0.000000000000000000e+00,3.563892374000000274e+01,-3.284951668299999739e+01,0.000000000000000000e+00,3.284951668299999739e+01
1.327330690700000027e+01,-3.419974244000000141e+01,0.000000000000000000e+00,3.419974244000000141e+01,-3.267297656299999886e+01,0.000000000000000000e+00,3.267297656299999886e+01
1.329332682699999957e+01,-3.302182850900000233e+01,0.000000000000000000e+00,3.302182850900000233e+01,-3.245233857400000232e+01,0.000000000000000000e+00,3.245233857400000232e+01
1.331334674700000065e+01,-3.244908833899999934e+01,0.000000000000000000e+00,3.244908833899999934e+01,-3.255175990699999744e+01,0.000000000000000000e+00,3.255175990699999744e+01
1.333336666699999995e+01,-3.181769801900000161e+01,0.000000000000000000e+00,3.181769801900000161e+01,-3.258639971699999904e+01,0.000000000000000000e+00,3.258639971699999904e+01
1.335338658699999925e+01,-3.144875238199999856e+01,0.000000000000000000e+00,3.144875238199999856e+01,-3.238663269399999933e+01,0.000000000000000000e+00,3.238663269399999933e+01
1.337340650700000033e+01,-3.113991385099999931e+01,0.000000000000000000e+00,3.113991385099999931e+01,-3.253542177900000354e+01,0.000000000000000000e+00,3.253542177900000354e+01
1.339342642599999955e+01,-3.102779108000000008e+01,0.000000000000000000e+00,3.102779108000000008e+01,-3.256363403200000306e+01,0.000000000000000000e+00,3.256363403200000306e+01
1.341344634600000063e+01,-3.122838689199999962e+01,0.000000000000000000e+00,3.122838689199999962e+01,-3.267123667100000262e+01,0.000000000000000000e+00,3.267123667100000262e+01
1.343346626599999993e+01,-3.166692965600000065e+01,0.000000000000000000e+00,3.166692965600000065e+01,-3.294107401699999826e+01,0.000000000000000000e+00,3.294107401699999826e+01
1.345348618599999924e+01,-3.215299219300000289e+01,0.000000000000000000e+00,3.215299219300000289e+01,-3.330030483699999877e+01,0.000000000000000000e+00,3.330030483699999877e+01
1.347350610600000032e+01,-3.302607204800000318e+01,0.000000000000000000e+00,3.302607204800000318e+01,-3.392346601300000231e+01,0.000000000000000000e+00,3.392346601300000231e+01
1.349352602599999962e+01,-3.439082488399999704e+01,0.000000000000000000e+00,3.439082488399999704e+01,-3.465006817199999745e+01,0.000000000000000000e+00,3.465006817199999745e+01
1.351354594600000070e+01,-3.564949098799999661e+01,0.000000000000000000e+00,3.564949098799999661e+01,-3.560538992600000086e+01,0.000000000000000000e+00,3.560538992600000086e+01
1.353356586600000000e+01,-3.779509297500000287e+01,0.000000000000000000e+00,3.779509297500000287e+01,-3.649452971800000256e+01,0.000000000000000000e+00,3.649452971800000256e+01
1.355358578599999930e+01,-4.059481276999999722e+01,0.000000000000000000e+00,4.059481276999999722e+01,-3.642915220799999787e+01,0.000000000000000000e+00,3.642915220799999787e+01
1.357360570600000038e+01,-4.217518674699999792e+01,0.000000000000000000e+00,4.217518674699999792e+01,-3.575859769099999852e+01,0.000000000000000000e+00,3.575859769099999852e+01
1.359362562599999968e+01,-3.936243273899999906e+01,0.000000000000000000e+00,3.936243273899999906e+01,-3.521059639799999985e+01,0.000000000000000000e+00,3.521059639799999985e+01
1.361364554600000076e+01,-3.712516783600000281e+01,0.000000000000000000e+00,3.712516783600000281e+01,-3.516877773000000218e+01,0.000000000000000000e+00,3.516877773000000218e+01
1.363366546499999998e+01,-3.616117682200000161e+01,0.000000000000000000e+00,3.616117682200000161e+01,-3.584286515899999870e+01,0.000000000000000000e+00,3.584286515899999870e+01
1.365368538499999929e+01,-3.472454076999999728e+01,0.000000000000000000e+00,3.472454076999999728e+01,-3.595020454099999796e+01,0.000000000000000000e+00,3.595020454099999796e+01
1.367370530500000037e+01,-3.321075872400000151e+01,0.000000000000000000e+00,3.321075872400000151e+01,-3.565150707099999750e+01,0.000000000000000000e+00,3.565150707099999750e+01
1.369372522499999967e+01,-3.202529956699999758e+01,0.000000000000000000e+00,3.202529956699999758e+01,-3.534904007400000125e+01,0.000000000000000000e+00,3.534904007400000125e+01
1.371374514500000075e+01,-3.145795193900000086e+01,0.000000000000000000e+00,3.145795193900000086e+01,-3.518512106600000067e+01,0.000000000000000000e+00,3.518512106600000067e+01
1.373376506500000005e+01,-3.127587551099999885e+01,0.000000000000000000e+00,3.127587551099999885e+01,-3.505785568900000015e+01,0.000000000000000000e+00,3.505785568900000015e+01
1.375378498499999935e+01,-3.146591991700000079e+01,0.000000000000000000e+00,3.146591991700000079e+01,-3.518024208100000294e+01,0.000000000000000000e+00,3.518024208100000294e+01
1.377380490500000043e+01,-3.170754908500000013e+01,0.000000000000000000e+00,3.170754908500000013e+01,-3.553967232400000142e+01,0.000000000000000000e+00,3.553967232400000142e+01
1.379382482499999973e+01,-3.202061150200000128e+01,0.000000000000000000e+00,3.202061150200000128e+01,-3.554225281000000081e+01,0.000000000000000000e+00,3.554225281000000081e+01
1.381384474500000081e+01,-3.251534809000000337e+01,0.000000000000000000e+00,3.251534809000000337e+01,-3.554509484300000111e+01,0.000000000000000000e+00,3.554509484300000111e+01
1.383386466500000012e+01,-3.313472135699999654e+01,0.000000000000000000e+00,3.313472135699999654e+01,-3.570453060700000236e+01,0.000000000000000000e+00,3.570453060700000236e+01
1.385388458499999942e+01,-3.381084794200000232e+01,0.000000000000000000e+00,3.381084794200000232e+01,-3.556459491500000070e+01,0.000000000000000000e+00,3.556459491500000070e+01
1.387390450500000050e+01,-3.475770060100000336e+01,0.000000000000000000e+00,3.475770060100000336e+01,-3.560607569900000158e+01,0.000000000000000000e+00,3.560607569900000158e+01
1.389392442399999972e+01,-3.610152335499999765e+01,0.000000000000000000e+00,3.610152335499999765e+01,-3.611809556299999713e+01,0.000000000000000000e+00,3.611809556299999713e+01
1.391394434400000080e+01,-3.758499780700000059e+01,0.000000000000000000e+00,3.758499780700000059e+01,-3.647080293100000148e+01,0.000000000000000000e+00,3.647080293100000148e+01
1.393396426400000010e+01,-3.938804426400000125e+01,0.000000000000000000e+00,3.938804426400000125e+01,-3.657684006099999863e+01,0.000000000000000000e+00,3.657684006099999863e+01
1.395398418399999940e+01,-4.131174914099999995e+01,0.000000000000000000e+00,4.131174914099999995e+01,-3.684714650200000108e+01,0.000000000000000000e+00,3.684714650200000108e+01
1.397400410400000048e+01,-4.386469594500000113e+01,0.000000000000000000e+00,4.386469594500000113e+01,-3.737046443999999923e+01,0.000000000000000000e+00,3.737046443999999923e+01
1.399402402399999978e+01,-4.603463424200000276e+01,0.000000000000000000e+00,4.603463424200000276e+01,-3.735200216900000214e+01,0.000000000000000000e+00,3.735200216900000214e+01
1.401404394400000086e+01,-4.892869850499999984e+01,0.000000000000000000e+00,4.892869850499999984e+01,-3.748174768900000231e+01,0.000000000000000000e+00,3.748174768900000231e+01
1.403406386400000017e+01,-5.228869436099999746e+01,0.000000000000000000e+00,5.228869436099999746e+01,-3.746196082200000177e+01,0.000000000000000000e+00,3.746196082200000177e+01
1.405408378399999947e+01,-5.413811794899999796e+01,0.000000000000000000e+00,5.413811794899999796e+01,-3.699586647099999936e+01,0.000000000000000000e+00,3.699586647099999936e+01
1.407410370400000055e+01,-5.252316715799999969e+01,0.000000000000000000e+00,5.252316715799999969e+01,-3.671033943199999783e+01,0.000000000000000000e+00,3.671033943199999783e+01
1.409412362399999985e+01,-4.852170702600000141e+01,0.000000000000000000e+00,4.852170702600000141e+01,-3.665041892499999676e+01,0.000000000000000000e+00,3.665041892499999676e+01
1.411414354399999915e+01,-4.560007881899999660e+01,0.000000000000000000e+00,4.560007881899999660e+01,-3.714260479200000020e+01,0.000000000000000000e+00,3.714260479200000020e+01
1.413416346300000015e+01,-4.288396011700000088e+01,0.000000000000000000e+00,4.288396011700000088e+01,-3.769591088399999990e+01,0.000000000000000000e+00,3.769591088399999990e+01
1.415418338299999945e+01,-4.126951929500000205e+01,0.000000000000000000e+00,4.126951929500000205e+01,-3.822451884800000244e+01,0.000000000000000000e+00,3.822451884800000244e+01
1.417420330300000053e+01,-3.962921638200000274e+01,0.000000000000000000e+00,3.962921638200000274e+01,-3.887456367099999710e+01,0.000000000000000000e+00,3.887456367099999710e+01
1.419422322299999983e+01,-3.862353529399999985e+01,0.000000000000000000e+00,3.862353529399999985e+01,-3.993739700199999731e+01,0.000000000000000000e+00,3.993739700199999731e+01
1.421424314299999914e+01,-3.815008115900000263e+01,0.000000000000000000e+00,3.815008115900000263e+01,-4.026062336799999741e+01,0.000000000000000000e+00,4.026062336799999741e+01
1.423426306300000022e+01,-3.755753349199999747e+01,0.000000000000000000e+00,3.755753349199999747e+01,-4.036077916200000004e+01,0.000000000000000000e+00,4.036077916200000004e+01
1.425428298299999952e+01,-3.730890038999999803e+01,0.000000000000000000e+00,3.730890038999999803e+01,-4.105757072099999760e+01,0.000000000000000000e+00,4.105757072099999760e+01
1.427430290300000060e+01,-3.685905559100000062e+01,0.000000000000000000e+00,3.685905559100000062e+01,-4.186824277699999897e+01,0.000000000000000000e+00,4.186824277699999897e+01
1.429432282299999990e+01,-3.633699545999999714e+01,0.000000000000000000e+00,3.633699545999999714e+01,-4.235470439299999867e+01,0.000000000000000000e+00,4.235470439299999867e+01
1.431434274299999920e+01,-3.591301356200000328e+01,0.000000000000000000e+00,3.591301356200000328e+01,-4.319436722999999745e+01,0.000000000000000000e+00,4.319436722999999745e+01
1.433436266300000028e+01,-3.563340861399999682e+01,0.000000000000000000e+00,3.563340861399999682e+01,-4.511501695799999823e+01,0.000000000000000000e+00,4.511501695799999823e+01
1.435438258299999958e+01,-3.542517350699999668e+01,0.000000000000000000e+00,3.542517350699999668e+01,-4.738194570999999655e+01,0.000000000000000000e+00,4.738194570999999655e+01
1.437440250300000066e+01,-3.551667665499999771e+01,0.000000000000000000e+00,3.551667665499999771e+01,-4.880958089399999977e+01,0.000000000000000000e+00,4.880958089399999977e+01
1.439442242199999988e+01,-3.569847453900000289e+01,0.000000000000000000e+00,3.569847453900000289e+01,-5.181251687900000036e+01,0.000000000000000000e+00,5.181251687900000036e+01
1.441444234199999919e+01,-3.575146627400000199e+01,0.000000000000000000e+00,3.575146627400000199e+01,-5.046557012299999911e+01,0.000000000000000000e+00,5.046557012299999911e+01
1.443446226200000027e+01,-3.587654581500000006e+01,0.000000000000000000e+00,3.587654581500000006e+01,-5.036031307300000037e+01,0.000000000000000000e+00,5.036031307300000037e+01
1.445448218199999957e+01,-3.598794155800000283e+01,0.000000000000000000e+00,3.598794155800000283e+01,-4.966301806999999968e+01,0.000000000000000000e+00,4.966301806999999968e+01
1.447450210200000065e+01,-3.621296611599999693e+01,0.000000000000000000e+00,3.621296611599999693e+01,-4.792353936399999981e+01,0.000000000000000000e+00,4.792353936399999981e+01
1.449452202199999995e+01,-3.654920067799999828e+01,0.000000000000000000e+00,3.654920067799999828e+01,-4.578437442999999973e+01,0.000000000000000000e+00,4.578437442999999973e+01
1.451454194199999925e+01,-3.675993018199999796e+01,0.000000000000000000e+00,3.675993018199999796e+01,-4.523200524699999647e+01,0.000000000000000000e+00,4.523200524699999647e+01
1.453456186200000033e+01,-3.677490806200000151e+01,0.000000000000000000e+00,3.677490806200000151e+01,-4.388538072400000090e+01,0.000000000000000000e+00,4.388538072400000090e+01
1.455458178199999963e+01,-3.714543176299999772e+01,0.000000000000000000e+00,3.714543176299999772e+01,-4.240667039200000232e+01,0.000000000000000000e+00,4.240667039200000232e+01
1.457460170200000071e+01,-3.703493596900000284e+01,0.000000000000000000e+00,3.703493596900000284e+01,-4.158996861499999653e+01,0.000000000000000000e+00,4.158996861499999653e+01
1.459462162200000002e+01,-3.712716631299999648e+01,0.000000000000000000e+00,3.712716631299999648e+01,-4.092150793799999775e+01,0.000000000000000000e+00,4.092150793799999775e+01
1.461464154199999932e+01,-3.684542386900000110e+01,0.000000000000000000e+00,3.684542386900000110e+01,-4.065515335399999941e+01,0.000000000000000000e+00,4.065515335399999941e+01
1.463466146100000032e+01,-3.639284898100000021e+01,0.000000000000000000e+00,3.639284898100000021e+01,-4.045251980799999814e+01,0.000000000000000000e+00,4.045251980799999814e+01
1.465468138099999962e+01,-3.552928412100000344e+01,0.000000000000000000e+00,3.552928412100000344e+01,-3.969669814600000279e+01,0.000000000000000000e+00,3.969669814600000279e+01
1.467470130100000070e+01,-3.471905863599999975e+01,0.000000000000000000e+00,3.471905863599999975e+01,-3.947361436599999962e+01,0.000000000000000000e+00,3.947361436599999962e+01
1.469472122100000000e+01,-3.384210895900000082e+01,0.000000000000000000e+00,3.384210895900000082e+01,-3.959261108300000132e+01,0.000000000000000000e+00,3.959261108300000132e+01
1.471474114099999930e+01,-3.311510459499999826e+01,0.000000000000000000e+00,3.311510459499999826e+01,-3.971759108700000240e+01,0.000000000000000000e+00,3.971759108700000240e+01
1.473476106100000038e+01,-3.229262787700000104e+01,0.000000000000000000e+00,3.229262787700000104e+01,-3.954501511699999838e+01,0.000000000000000000e+00,3.954501511699999838e+01
1.475478098099999968e+01,-3.166469740599999838e+01,0.000000000000000000e+00,3.166469740599999838e+01,-4.004253934100000123e+01,0.000000000000000000e+00,4.004253934100000123e+01
1.477480090100000076e+01,-3.115280969399999833e+01,0.000000000000000000e+00,3.115280969399999833e+01,-4.048546751699999646e+01,0.000000000000000000e+00,4.048546751699999646e+01
1.479482082100000007e+01,-3.082436277800000113e+01,0.000000000000000000e+00,3.082436277800000113e+01,-4.129991173300000185e+01,0.000000000000000000e+00,4.129991173300000185e+01
1.481484074099999937e+01,-3.060311629599999961e+01,0.000000000000000000e+00,3.060311629599999961e+01,-4.221645302200000316e+01,0.000000000000000000e+00,4.221645302200000316e+01
1.483486066100000045e+01,-3.031766015899999900e+01,0.000000000000000000e+00,3.031766015899999900e+01,-4.295315725100000037e+01,0.000000000000000000e+00,4.295315725100000037e+01
1.485488058099999975e+01,-3.013497812199999970e+01,0.000000000000000000e+00,3.013497812199999970e+01,-4.350849591499999747e+01,0.000000000000000000e+00,4.350849591499999747e+01
1.487490050100000083e+01,-3.006952259799999894e+01,0.000000000000000000e+00,3.006952259799999894e+01,-4.415724030700000213e+01,0.000000000000000000e+00,4.415724030700000213e+01
1.489492042000000005e+01,-3.002832860699999884e+01,0.000000000000000000e+00,3.002832860699999884e+01,-4.561430497900000347e+01,0.000000000000000000e+00,4.561430497900000347e+01
1.491494033999999935e+01,-3.000379107899999909e+01,0.000000000000000000e+00,3.000379107899999909e+01,-4.756329148399999696e+01,0.000000000000000000e+00,4.756329148399999696e+01
1.493496026000000043e+01,-3.004169276800000077e+01,0.000000000000000000e+00,3.004169276800000077e+01,-4.884035381700000045e+01,0.000000000000000000e+00,4.884035381700000045e+01
1.495498017999999973e+01,-3.006841909999999984e+01,0.000000000000000000e+00,3.006841909999999984e+01,-5.123712773599999792e+01,0.000000000000000000e+00,5.123712773599999792e+01
1.497500010000000081e+01,-3.014137547200000000e+01,0.000000000000000000e+00,3.014137547200000000e+01,-5.281834425600000316e+01,0.000000000000000000e+00,5.281834425600000316e+01
1.499502002000000012e+01,-3.037744725700000004e+01,0.000000000000000000e+00,3.037744725700000004e+01,-5.138658689300000049e+01,0.000000000000000000e+00,5.138658689300000049e+01
1.501503993999999942e+01,-3.065352137800000065e+01,0.000000000000000000e+00,3.065352137800000065e+01,-4.962380970499999933e+01,0.000000000000000000e+00,4.962380970499999933e+01
1.503505986000000050e+01,-3.095924083399999915e+01,0.000000000000000000e+00,3.095924083399999915e+01,-4.711278501900000037e+01,0.000000000000000000e+00,4.711278501900000037e+01
1.505507977999999980e+01,-3.121059621599999900e+01,0.000000000000000000e+00,3.121059621599999900e+01,-4.527426028899999721e+01,0.000000000000000000e+00,4.527426028899999721e+01
1.507509970000000088e+01,-3.138301425399999900e+01,0.000000000000000000e+00,3.138301425399999900e+01,-4.335816657000000163e+01,0.000000000000000000e+00,4.335816657000000163e+01
1.509511962000000018e+01,-3.180835503100000139e+01,0.000000000000000000e+00,3.180835503100000139e+01,-4.197784035000000102e+01,0.000000000000000000e+00,4.197784035000000102e+01
1.511513953999999949e+01,-3.195180571699999916e+01,0.000000000000000000e+00,3.195180571699999916e+01,-4.093113205800000287e+01,0.000000000000000000e+00,4.093113205800000287e+01
1.513515945900000048e+01,-3.219463428299999919e+01,0.000000000000000000e+00,3.219463428299999919e+01,-3.990481991200000067e+01,0.000000000000000000e+00,3.990481991200000067e+01
1.515517937899999978e+01,-3.236356335499999659e+01,0.000000000000000000e+00,3.236356335499999659e+01,-3.945622383599999949e+01,0.000000000000000000e+00,3.945622383599999949e+01
1.517519929900000086e+01,-3.276252087099999954e+01,0.000000000000000000e+00,3.276252087099999954e+01,-3.972849541200000090e+01,0.000000000000000000e+00,3.972849541200000090e+01
1.519521921900000017e+01,-3.288085544599999821e+01,0.000000000000000000e+00,3.288085544599999821e+01,-4.013354590400000177e+01,0.000000000000000000e+00,4.013354590400000177e+01
1.521523913899999947e+01,-3.340599509900000186e+01,0.000000000000000000e+00,3.340599509900000186e+01,-4.139399664900000175e+01,0.000000000000000000e+00,4.139399664900000175e+01
1.523525905900000055e+01,-3.386513187999999985e+01,0.000000000000000000e+00,3.386513187999999985e+01,-4.265942117800000233e+01,0.000000000000000000e+00,4.265942117800000233e+01
1.525527897899999985e+01,-3.448383696199999804e+01,0.000000000000000000e+00,3.448383696199999804e+01,-4.462231788100000074e+01,0.000000000000000000e+00,4.462231788100000074e+01
1.527529889899999915e+01,-3.519638763900000100e+01,0.000000000000000000e+00,3.519638763900000100e+01,-4.648319002200000227e+01,0.000000000000000000e+00,4.648319002200000227e+01
1.529531881900000023e+01,-3.610145371000000125e+01,0.000000000000000000e+00,3.610145371000000125e+01,-4.673630343899999673e+01,0.000000000000000000e+00,4.673630343899999673e+01
1.531533873899999953e+01,-3.680647676499999932e+01,0.000000000000000000e+00,3.680647676499999932e+01,-4.409905133600000227e+01,0.000000000000000000e+00,4.409905133600000227e+01
1.533535865900000061e+01,-3.736391843999999907e+01,0.000000000000000000e+00,3.736391843999999907e+01,-4.187526329199999964e+01,0.000000000000000000e+00,4.187526329199999964e+01
1.535537857899999992e+01,-3.708245786300000191e+01,0.000000000000000000e+00,3.708245786300000191e+01,-3.961537551899999698e+01,0.000000000000000000e+00,3.961537551899999698e+01
1.537539849799999914e+01,-3.587952272300000089e+01,0.000000000000000000e+00,3.587952272300000089e+01,-3.789287465400000343e+01,0.000000000000000000e+00,3.789287465400000343e+01
1.539541841800000022e+01,-3.482531951400000025e+01,0.000000000000000000e+00,3.482531951400000025e+01,-3.654454659900000024e+01,0.000000000000000000e+00,3.654454659900000024e+01
1.541543833799999952e+01,-3.359566533800000343e+01,0.000000000000000000e+00,3.359566533800000343e+01,-3.563168678899999975e+01,0.000000000000000000e+00,3.563168678899999975e+01
1.543545825800000060e+01,-3.238971371600000282e+01,0.000000000000000000e+00,3.238971371600000282e+01,-3.494496612799999724e+01,0.000000000000000000e+00,3.494496612799999724e+01
1.545547817799999990e+01,-3.142019178199999985e+01,0.000000000000000000e+00,3.142019178199999985e+01,-3.432057651699999923e+01,0.000000000000000000e+00,3.432057651699999923e+01
1.547549809799999920e+01,-3.055323607100000061e+01,0.000000000000000000e+00,3.055323607100000061e+01,-3.373445109400000064e+01,0.000000000000000000e+00,3.373445109400000064e+01
1.549551801800000028e+01,-2.991834374600000146e+01,0.000000000000000000e+00,2.991834374600000146e+01,-3.330411891400000002e+01,0.000000000000000000e+00,3.330411891400000002e+01
1.551553793799999958e+01,-2.935701553799999886e+01,0.000000000000000000e+00,2.935701553799999886e+01,-3.304849809899999968e+01,0.000000000000000000e+00,3.304849809899999968e+01
1.553555785800000066e+01,-2.895393621699999898e+01,0.000000000000000000e+00,2.895393621699999898e+01,-3.242037532300000180e+01,0.000000000000000000e+00,3.242037532300000180e+01
1.555557777799999997e+01,-2.868823980799999873e+01,0.000000000000000000e+00,2.868823980799999873e+01,-3.168783443999999960e+01,0.000000000000000000e+00,3.168783443999999960e+01
1.557559769799999927e+01,-2.858688970100000049e+01,0.000000000000000000e+00,2.858688970100000049e+01,-3.128483279099999947e+01,0.000000000000000000e+00,3.128483279099999947e+01
1.559561761800000035e+01,-2.848929743800000125e+01,0.000000000000000000e+00,2.848929743800000125e+01,-3.093577376600000051e+01,0.000000000000000000e+00,3.093577376600000051e+01
1.561563753799999965e+01,-2.817504500600000128e+01,0.000000000000000000e+00,2.817504500600000128e+01,-3.064402500599999968e+01,0.000000000000000000e+00,3.064402500599999968e+01
1.563565745700000065e+01,-2.800175547999999992e+01,0.000000000000000000e+00,2.800175547999999992e+01,-3.034432138800000089e+01,0.000000000000000000e+00,3.034432138800000089e+01
1.565567737699999995e+01,-2.784709758099999988e+01,0.000000000000000000e+00,2.784709758099999988e+01,-3.025223251599999941e+01,0.000000000000000000e+00,3.025223251599999941e+01
1.567569729699999925e+01,-2.757006023900000002e+01,0.000000000000000000e+00,2.757006023900000002e+01,-3.024529100899999889e+01,0.000000000000000000e+00,3.024529100899999889e+01
1.569571721700000033e+01,-2.741962742600000169e+01,0.000000000000000000e+00,2.741962742600000169e+01,-3.025332566999999884e+01,0.000000000000000000e+00,3.025332566999999884e+01
1.571573713699999963e+01,-2.714151392400000162e+01,0.000000000000000000e+00,2.714151392400000162e+01,-3.028922364800000011e+01,0.000000000000000000e+00,3.028922364800000011e+01
1.573575705700000071e+01,-2.667437362000000078e+01,0.000000000000000000e+00,2.667437362000000078e+01,-3.051676168399999867e+01,0.000000000000000000e+00,3.051676168399999867e+01
1.575577697700000002e+01,-2.649240302500000155e+01,0.000000000000000000e+00,2.649240302500000155e+01,-3.101159772100000112e+01,0.000000000000000000e+00,3.101159772100000112e+01
1.577579689699999932e+01,-2.637354657499999888e+01,0.000000000000000000e+00,2.637354657499999888e+01,-3.141117433300000172e+01,0.000000000000000000e+00,3.141117433300000172e+01
1.579581681700000040e+01,-2.620134309099999825e+01,0.000000000000000000e+00,2.620134309099999825e+01,-3.174878444699999847e+01,0.000000000000000000e+00,3.174878444699999847e+01
1.581583673699999970e+01,-2.624638189999999938e+01,0.000000000000000000e+00,2.624638189999999938e+01,-3.211125464300000232e+01,0.000000000000000000e+00,3.211125464300000232e+01
1.583585665700000078e+01,-2.654281253699999965e+01,0.000000000000000000e+00,2.654281253699999965e+01,-3.202154945400000230e+01,0.000000000000000000e+00,3.202154945400000230e+01
1.585587657700000008e+01,-2.680460684299999841e+01,0.000000000000000000e+00,2.680460684299999841e+01,-3.185447463399999890e+01,0.000000000000000000e+00,3.185447463399999890e+01
1.587589649599999930e+01,-2.719261745200000036e+01,0.000000000000000000e+00,2.719261745200000036e+01,-3.142038760000000153e+01,0.000000000000000000e+00,3.142038760000000153e+01
1.589591641600000038e+01,-2.766081257400000126e+01,0.000000000000000000e+00,2.766081257400000126e+01,-3.096471346699999927e+01,0.000000000000000000e+00,3.096471346699999927e+01
1.591593633599999968e+01,-2.806731700299999943e+01,0.000000000000000000e+00,2.806731700299999943e+01,-3.066557585199999991e+01,0.000000000000000000e+00,3.066557585199999991e+01
1.593595625600000076e+01,-2.842137540299999898e+01,0.000000000000000000e+00,2.842137540299999898e+01,-3.059400666999999885e+01,0.000000000000000000e+00,3.059400666999999885e+01
1.595597617600000007e+01,-2.881857570700000082e+01,0.000000000000000000e+00,2.881857570700000082e+01,-3.041908999300000005e+01,0.000000000000000000e+00,3.041908999300000005e+01
1.597599609599999937e+01,-2.905585135500000149e+01,0.000000000000000000e+00,2.905585135500000149e+01,-3.044262458500000079e+01,0.000000000000000000e+00,3.044262458500000079e+01
1.599601601600000045e+01,-2.931876851699999875e+01,0.000000000000000000e+00,2.931876851699999875e+01,-3.050518738499999927e+01,0.000000000000000000e+00,3.050518738499999927e+01
1.601603593600000153e+01,-2.935896193900000029e+01,0.000000000000000000e+00,2.935896193900000029e+01,-3.049213678499999958e+01,0.000000000000000000e+00,3.049213678499999958e+01
1.603605585600000083e+01,-2.930420668100000015e+01,0.000000000000000000e+00,2.930420668100000015e+01,-3.027430501199999924e+01,0.000000000000000000e+00,3.027430501199999924e+01
1.605607577600000013e+01,-2.923328320499999933e+01,0.000000000000000000e+00,2.923328320499999933e+01,-3.009437999300000044e+01,0.000000000000000000e+00,3.009437999300000044e+01
1.607609569599999944e+01,-2.931871885600000027e+01,0.000000000000000000e+00,2.931871885600000027e+01,-2.978169359299999996e+01,0.000000000000000000e+00,2.978169359299999996e+01
1.609611561599999874e+01,-2.927007161399999902e+01,0.000000000000000000e+00,2.927007161399999902e+01,-2.929508857700000135e+01,0.000000000000000000e+00,2.929508857700000135e+01
1.611613553600000159e+01,-2.918319060800000031e+01,0.000000000000000000e+00,2.918319060800000031e+01,-2.901355736800000074e+01,0.000000000000000000e+00,2.901355736800000074e+01
1.613615545500000081e+01,-2.913541548599999942e+01,0.000000000000000000e+00,2.913541548599999942e+01,-2.878718926799999878e+01,0.000000000000000000e+00,2.878718926799999878e+01
1.615617537500000012e+01,-2.901464938000000160e+01,0.000000000000000000e+00,2.901464938000000160e+01,-2.876102251300000034e+01,0.000000000000000000e+00,2.876102251300000034e+01
1.617619529499999942e+01,-2.899995659300000028e+01,0.000000000000000000e+00,2.899995659300000028e+01,-2.883535347799999826e+01,0.000000000000000000e+00,2.883535347799999826e+01
1.619621521499999872e+01,-2.929361070099999864e+01,0.000000000000000000e+00,2.929361070099999864e+01,-2.923948061500000151e+01,0.000000000000000000e+00,2.923948061500000151e+01
1.621623513500000158e+01,-3.004489838699999993e+01,0.000000000000000000e+00,3.004489838699999993e+01,-2.979443398500000129e+01,0.000000000000000000e+00,2.979443398500000129e+01
1.623625505500000088e+01,-3.185597778300000016e+01,0.000000000000000000e+00,3.185597778300000016e+01,-3.079782527200000075e+01,0.000000000000000000e+00,3.079782527200000075e+01
1.625627497500000018e+01,-3.598867748199999994e+01,0.000000000000000000e+00,3.598867748199999994e+01,-3.217229945799999768e+01,0.000000000000000000e+00,3.217229945799999768e+01
1.627629489499999949e+01,-3.701940176699999796e+01,0.000000000000000000e+00,3.701940176699999796e+01,-3.230320416899999714e+01,0.000000000000000000e+00,3.230320416899999714e+01
1.629631481499999879e+01,-3.508883223400000162e+01,0.000000000000000000e+00,3.508883223400000162e+01,-3.191761461100000119e+01,0.000000000000000000e+00,3.191761461100000119e+01
1.631633473500000164e+01,-3.498218741499999851e+01,0.000000000000000000e+00,3.498218741499999851e+01,-3.228592239299999989e+01,0.000000000000000000e+00,3.228592239299999989e+01
1.633635465500000095e+01,-3.393861398500000348e+01,0.000000000000000000e+00,3.393861398500000348e+01,-3.212054117000000275e+01,0.000000000000000000e+00,3.212054117000000275e+01
1.635637457500000025e+01,-3.150512486899999942e+01,0.000000000000000000e+00,3.150512486899999942e+01,-3.124200283400000089e+01,0.000000000000000000e+00,3.124200283400000089e+01
1.637639449399999947e+01,-2.997833608299999852e+01,0.000000000000000000e+00,2.997833608299999852e+01,-3.052098721500000167e+01,0.000000000000000000e+00,3.052098721500000167e+01
1.639641441399999877e+01,-2.896925444200000044e+01,0.000000000000000000e+00,2.896925444200000044e+01,-2.988806666199999995e+01,0.000000000000000000e+00,2.988806666199999995e+01
1.641643433400000163e+01,-2.825802125599999925e+01,0.000000000000000000e+00,2.825802125599999925e+01,-2.931297626399999956e+01,0.000000000000000000e+00,2.931297626399999956e+01
1.643645425400000093e+01,-2.774353120099999970e+01,0.000000000000000000e+00,2.774353120099999970e+01,-2.909077170000000123e+01,0.000000000000000000e+00,2.909077170000000123e+01
1.645647417400000023e+01,-2.703355810100000056e+01,0.000000000000000000e+00,2.703355810100000056e+01,-2.877365601400000017e+01,0.000000000000000000e+00,2.877365601400000017e+01
1.647649409399999954e+01,-2.605927076900000117e+01,0.000000000000000000e+00,2.605927076900000117e+01,-2.834353572899999918e+01,0.000000000000000000e+00,2.834353572899999918e+01
1.649651401399999884e+01,-2.527011760999999979e+01,0.000000000000000000e+00,2.527011760999999979e+01,-2.780500905399999922e+01,0.000000000000000000e+00,2.780500905399999922e+01
1.651653393400000169e+01,-2.488250165299999850e+01,0.000000000000000000e+00,2.488250165299999850e+01,-2.742152301799999847e+01,0.000000000000000000e+00,2.742152301799999847e+01
1.653655385400000100e+01,-2.443365594500000171e+01,0.000000000000000000e+00,2.443365594500000171e+01,-2.716800477500000000e+01,0.000000000000000000e+00,2.716800477500000000e+01
1.655657377400000030e+01,-2.400206105399999856e+01,0.000000000000000000e+00,2.400206105399999856e+01,-2.666901762999999903e+01,0.000000000000000000e+00,2.666901762999999903e+01
1.657659369399999960e+01,-2.376793435500000129e+01,0.000000000000000000e+00,2.376793435500000129e+01,-2.593005995900000116e+01,0.000000000000000000e+00,2.593005995900000116e+01
1.659661361399999890e+01,-2.351387870199999952e+01,0.000000000000000000e+00,2.351387870199999952e+01,-2.533620503999999940e+01,0.000000000000000000e+00,2.533620503999999940e+01
1.661663353400000176e+01,-2.329500860599999967e+01,0.000000000000000000e+00,2.329500860599999967e+01,-2.482478842100000094e+01,0.000000000000000000e+00,2.482478842100000094e+01
1.663665345300000098e+01,-2.324875071399999982e+01,0.000000000000000000e+00,2.324875071399999982e+01,-2.454417912899999976e+01,0.000000000000000000e+00,2.454417912899999976e+01
1.665667337300000028e+01,-2.318400531700000045e+01,0.000000000000000000e+00,2.318400531700000045e+01,-2.428603779199999835e+01,0.000000000000000000e+00,2.428603779199999835e+01
1.667669329299999958e+01,-2.320658320700000132e+01,0.000000000000000000e+00,2.320658320700000132e+01,-2.402923323499999952e+01,0.000000000000000000e+00,2.402923323499999952e+01
1.669671321299999889e+01,-2.345348954500000005e+01,0.000000000000000000e+00,2.345348954500000005e+01,-2.409429488399999997e+01,0.000000000000000000e+00,2.409429488399999997e+01
1.671673313300000174e+01,-2.370669618299999826e+01,0.000000000000000000e+00,2.370669618299999826e+01,-2.397303433900000158e+01,0.000000000000000000e+00,2.397303433900000158e+01
1.673675305300000105e+01,-2.397837243300000054e+01,0.000000000000000000e+00,2.397837243300000054e+01,-2.400419034200000112e+01,0.000000000000000000e+00,2.400419034200000112e+01
1.675677297300000035e+01,-2.430429736500000004e+01,0.000000000000000000e+00,2.430429736500000004e+01,-2.406302635000000123e+01,0.000000000000000000e+00,2.406302635000000123e+01
1.677679289299999965e+01,-2.456065742499999871e+01,0.000000000000000000e+00,2.456065742499999871e+01,-2.416604330599999884e+01,0.000000000000000000e+00,2.416604330599999884e+01
1.679681281299999895e+01,-2.472462349999999986e+01,0.000000000000000000e+00,2.472462349999999986e+01,-2.413802751900000132e+01,0.000000000000000000e+00,2.413802751900000132e+01
1.681683273299999826e+01,-2.483096446900000132e+01,0.000000000000000000e+00,2.483096446900000132e+01,-2.420938290999999865e+01,0.000000000000000000e+00,2.420938290999999865e+01
1.683685265300000111e+01,-2.494758281600000061e+01,0.000000000000000000e+00,2.494758281600000061e+01,-2.415317128999999952e+01,0.000000000000000000e+00,2.415317128999999952e+01
1.685687257300000041e+01,-2.489958952499999967e+01,0.000000000000000000e+00,2.489958952499999967e+01,-2.411743593299999944e+01,0.000000000000000000e+00,2.411743593299999944e+01
1.687689249199999963e+01,-2.479173059200000040e+01,0.000000000000000000e+00,2.479173059200000040e+01,-2.404094734599999938e+01,0.000000000000000000e+00,2.404094734599999938e+01
1.689691241199999894e+01,-2.463074613599999907e+01,0.000000000000000000e+00,2.463074613599999907e+01,-2.405766519399999837e+01,0.000000000000000000e+00,2.405766519399999837e+01
1.691693233199999824e+01,-2.438501969600000052e+01,0.000000000000000000e+00,2.438501969600000052e+01,-2.397280354400000135e+01,0.000000000000000000e+00,2.397280354400000135e+01
1.693695225200000110e+01,-2.419211580800000050e+01,0.000000000000000000e+00,2.419211580800000050e+01,-2.397363472900000048e+01,0.000000000000000000e+00,2.397363472900000048e+01
1.695697217200000040e+01,-2.407514155899999864e+01,0.000000000000000000e+00,2.407514155899999864e+01,-2.415504272100000094e+01,0.000000000000000000e+00,2.415504272100000094e+01
1.697699209199999970e+01,-2.389764890000000008e+01,0.000000000000000000e+00,2.389764890000000008e+01,-2.431012268799999987e+01,0.000000000000000000e+00,2.431012268799999987e+01
1.699701201199999900e+01,-2.372450734399999916e+01,0.000000000000000000e+00,2.372450734399999916e+01,-2.457830005299999954e+01,0.000000000000000000e+00,2.457830005299999954e+01
1.701703193199999831e+01,-2.371279970499999834e+01,0.000000000000000000e+00,2.371279970499999834e+01,-2.483720711400000170e+01,0.000000000000000000e+00,2.483720711400000170e+01
1.703705185200000116e+01,-2.362230514599999864e+01,0.000000000000000000e+00,2.362230514599999864e+01,-2.511523395900000111e+01,0.000000000000000000e+00,2.511523395900000111e+01
1.705707177200000046e+01,-2.354769808200000014e+01,0.000000000000000000e+00,2.354769808200000014e+01,-2.535069306999999839e+01,0.000000000000000000e+00,2.535069306999999839e+01
1.707709169199999977e+01,-2.351165435900000134e+01,0.000000000000000000e+00,2.351165435900000134e+01,-2.565384375300000031e+01,0.000000000000000000e+00,2.565384375300000031e+01
1.709711161199999907e+01,-2.349184818699999866e+01,0.000000000000000000e+00,2.349184818699999866e+01,-2.584055932700000113e+01,0.000000000000000000e+00,2.584055932700000113e+01
1.711713153199999837e+01,-2.335479412400000143e+01,0.000000000000000000e+00,2.335479412400000143e+01,-2.593970587500000136e+01,0.000000000000000000e+00,2.593970587500000136e+01
1.713715145100000115e+01,-2.332187679200000119e+01,0.000000000000000000e+00,2.332187679200000119e+01,-2.597171473599999914e+01,0.000000000000000000e+00,2.597171473599999914e+01
1.715717137100000045e+01,-2.328482903100000101e+01,0.000000000000000000e+00,2.328482903100000101e+01,-2.600875105700000134e+01,0.000000000000000000e+00,2.600875105700000134e+01
1.717719129099999975e+01,-2.313115351500000116e+01,0.000000000000000000e+00,2.313115351500000116e+01,-2.595104194099999972e+01,0.000000000000000000e+00,2.595104194099999972e+01
1.719721121099999905e+01,-2.311062281199999902e+01,0.000000000000000000e+00,2.311062281199999902e+01,-2.582532652200000101e+01,0.000000000000000000e+00,2.582532652200000101e+01
1.721723113099999836e+01,-2.308133652900000143e+01,0.000000000000000000e+00,2.308133652900000143e+01,-2.572929646600000098e+01,0.000000000000000000e+00,2.572929646600000098e+01
1.723725105100000121e+01,-2.311225023600000128e+01,0.000000000000000000e+00,2.311225023600000128e+01,-2.541878922200000090e+01,0.000000000000000000e+00,2.541878922200000090e+01
1.725727097100000051e+01,-2.308585636400000141e+01,0.000000000000000000e+00,2.308585636400000141e+01,-2.498940048300000072e+01,0.000000000000000000e+00,2.498940048300000072e+01
1.727729089099999982e+01,-2.308640827600000023e+01,0.000000000000000000e+00,2.308640827600000023e+01,-2.473554866599999968e+01,0.000000000000000000e+00,2.473554866599999968e+01
1.729731081099999912e+01,-2.308608614499999945e+01,0.000000000000000000e+00,2.308608614499999945e+01,-2.432821062600000062e+01,0.000000000000000000e+00,2.432821062600000062e+01
1.731733073099999842e+01,-2.301221598000000057e+01,0.000000000000000000e+00,2.301221598000000057e+01,-2.394294791800000155e+01,0.000000000000000000e+00,2.394294791800000155e+01
1.733735065100000128e+01,-2.288177136899999908e+01,0.000000000000000000e+00,2.288177136899999908e+01,-2.359730850000000046e+01,0.000000000000000000e+00,2.359730850000000046e+01
1.735737057100000058e+01,-2.262794781299999869e+01,0.000000000000000000e+00,2.262794781299999869e+01,-2.313936913499999903e+01,0.000000000000000000e+00,2.313936913499999903e+01
1.737739048999999980e+01,-2.248162754000000163e+01,0.000000000000000000e+00,2.248162754000000163e+01,-2.264604236299999940e+01,0.000000000000000000e+00,2.264604236299999940e+01
1.739741040999999910e+01,-2.233266733199999976e+01,0.000000000000000000e+00,2.233266733199999976e+01,-2.231764062399999915e+01,0.000000000000000000e+00,2.231764062399999915e+01
1.741743032999999841e+01,-2.212042522899999852e+01,0.000000000000000000e+00,2.212042522899999852e+01,-2.180821935399999845e+01,0.000000000000000000e+00,2.180821935399999845e+01
1.743745025000000126e+01,-2.187363223499999876e+01,0.000000000000000000e+00,2.187363223499999876e+01,-2.131582011800000132e+01,0.000000000000000000e+00,2.131582011800000132e+01
1.745747017000000056e+01,-2.176304105399999855e+01,0.000000000000000000e+00,2.176304105399999855e+01,-2.097387012900000158e+01,0.000000000000000000e+00,2.097387012900000158e+01
1.747749008999999987e+01,-2.169742193800000152e+01,0.000000000000000000e+00,2.169742193800000152e+01,-2.061933052799999899e+01,0.000000000000000000e+00,2.061933052799999899e+01
1.749751000999999917e+01,-2.145508998400000067e+01,0.000000000000000000e+00,2.145508998400000067e+01,-2.024619056499999914e+01,0.000000000000000000e+00,2.024619056499999914e+01
1.751752992999999847e+01,-2.130288013699999894e+01,0.000000000000000000e+00,2.130288013699999894e+01,-2.003488627899999841e+01,0.000000000000000000e+00,2.003488627899999841e+01
1.753754985000000133e+01,-2.127344967499999839e+01,0.000000000000000000e+00,2.127344967499999839e+01,-1.987798759000000004e+01,0.000000000000000000e+00,1.987798759000000004e+01
1.755756977000000063e+01,-2.111395897899999952e+01,0.000000000000000000e+00,2.111395897899999952e+01,-1.973350875299999885e+01,0.000000000000000000e+00,1.973350875299999885e+01
1.757758968999999993e+01,-2.099189941599999898e+01,0.000000000000000000e+00,2.099189941599999898e+01,-1.960478586700000037e+01,0.000000000000000000e+00,1.960478586700000037e+01
1.759760960999999924e+01,-2.088429213499999904e+01,0.000000000000000000e+00,2.088429213499999904e+01,-1.956552788699999823e+01,0.000000000000000000e+00,1.956552788699999823e+01
1.761762952999999854e+01,-2.089058421300000035e+01,0.000000000000000000e+00,2.089058421300000035e+01,-1.947290271099999970e+01,0.000000000000000000e+00,1.947290271099999970e+01
1.763764944900000131e+01,-2.081266295300000024e+01,0.000000000000000000e+00,2.081266295300000024e+01,-1.929964722300000091e+01,0.000000000000000000e+00,1.929964722300000091e+01
1.765766936900000061e+01,-2.082088327600000000e+01,0.000000000000000000e+00,2.082088327600000000e+01,-1.922239016300000003e+01,0.000000000000000000e+00,1.922239016300000003e+01
1.767768928899999992e+01,-2.088524726700000045e+01,0.000000000000000000e+00,2.088524726700000045e+01,-1.911709632999999897e+01,0.000000000000000000e+00,1.911709632999999897e+01
1.769770920899999922e+01,-2.092107267300000117e+01,0.000000000000000000e+00,2.092107267300000117e+01,-1.898838772699999922e+01,0.000000000000000000e+00,1.898838772699999922e+01
1.771772912899999852e+01,-2.117418070900000160e+01,0.000000000000000000e+00,2.117418070900000160e+01,-1.901266712900000044e+01,0.000000000000000000e+00,1.901266712900000044e+01
1.773774904900000138e+01,-2.134937966400000064e+01,0.000000000000000000e+00,2.134937966400000064e+01,-1.900191256200000112e+01,0.000000000000000000e+00,1.900191256200000112e+01
1.775776896900000068e+01,-2.155469757399999864e+01,0.000000000000000000e+00,2.155469757399999864e+01,-1.902350137299999844e+01,0.000000000000000000e+00,1.902350137299999844e+01
1.777778888899999998e+01,-2.182311583499999941e+01,0.000000000000000000e+00,2.182311583499999941e+01,-1.917659257800000105e+01,0.000000000000000000e+00,1.917659257800000105e+01
1.779780880899999929e+01,-2.212406839300000172e+01,0.000000000000000000e+00,2.212406839300000172e+01,-1.929368338300000119e+01,0.000000000000000000e+00,1.929368338300000119e+01
1.781782872899999859e+01,-2.220713081699999947e+01,0.000000000000000000e+00,2.220713081699999947e+01,-1.937604117700000117e+01,0.000000000000000000e+00,1.937604117700000117e+01
1.783784864900000144e+01,-2.243751443600000073e+01,0.000000000000000000e+00,2.243751443600000073e+01,-1.959559326000000112e+01,0.000000000000000000e+00,1.959559326000000112e+01
1.785786856900000075e+01,-2.258406683600000164e+01,0.000000000000000000e+00,2.258406683600000164e+01,-1.988459296799999976e+01,0.000000000000000000e+00,1.988459296799999976e+01
1.787788848799999997e+01,-2.268894297800000004e+01,0.000000000000000000e+00,2.268894297800000004e+01,-2.007145896800000173e+01,0.000000000000000000e+00,2.007145896800000173e+01
1.789790840799999927e+01,-2.278947470900000027e+01,0.000000000000000000e+00,2.278947470900000027e+01,-2.037920792899999967e+01,0.000000000000000000e+00,2.037920792899999967e+01
1.791792832799999857e+01,-2.292016176599999966e+01,0.000000000000000000e+00,2.292016176599999966e+01,-2.071318784500000021e+01,0.000000000000000000e+00,2.071318784500000021e+01
1.793794824800000143e+01,-2.289438352799999876e+01,0.000000000000000000e+00,2.289438352799999876e+01,-2.089755669299999852e+01,0.000000000000000000e+00,2.089755669299999852e+01
1.795796816800000073e+01,-2.300879636399999839e+01,0.000000000000000000e+00,2.300879636399999839e+01,-2.121110402000000050e+01,0.000000000000000000e+00,2.121110402000000050e+01
1.797798808800000003e+01,-2.325439482599999863e+01,0.000000000000000000e+00,2.325439482599999863e+01,-2.159074987700000037e+01,0.000000000000000000e+00,2.159074987700000037e+01
1.799800800799999934e+01,-2.333112154299999830e+01,0.000000000000000000e+00,2.333112154299999830e+01,-2.176987249700000149e+01,0.000000000000000000e+00,2.176987249700000149e+01
1.801802792799999864e+01,-2.345472049600000020e+01,0.000000000000000000e+00,2.345472049600000020e+01,-2.202582371900000169e+01,0.000000000000000000e+00,2.202582371900000169e+01
1.803804784800000149e+01,-2.366890265099999979e+01,0.000000000000000000e+00,2.366890265099999979e+01,-2.227988268100000013e+01,0.000000000000000000e+00,2.227988268100000013e+01
1.805806776800000080e+01,-2.368953377300000085e+01,0.000000000000000000e+00,2.368953377300000085e+01,-2.239129255599999979e+01,0.000000000000000000e+00,2.239129255599999979e+01
1.807808768800000010e+01,-2.350163614199999884e+01,0.000000000000000000e+00,2.350163614199999884e+01,-2.238262383100000008e+01,0.000000000000000000e+00,2.238262383100000008e+01
1.809810760799999940e+01,-2.343499343499999910e+01,0.000000000000000000e+00,2.343499343499999910e+01,-2.246905572900000081e+01,0.000000000000000000e+00,2.246905572900000081e+01
1.811812752799999870e+01,-2.320927264599999873e+01,0.000000000000000000e+00,2.320927264599999873e+01,-2.239737784300000101e+01,0.000000000000000000e+00,2.239737784300000101e+01
1.813814744700000148e+01,-2.297947866299999831e+01,0.000000000000000000e+00,2.297947866299999831e+01,-2.228358591499999974e+01,0.000000000000000000e+00,2.228358591499999974e+01
1.815816736700000078e+01,-2.297794514799999988e+01,0.000000000000000000e+00,2.297794514799999988e+01,-2.235017176799999916e+01,0.000000000000000000e+00,2.235017176799999916e+01
1.817818728700000008e+01,-2.295700311099999880e+01,0.000000000000000000e+00,2.295700311099999880e+01,-2.233490790400000137e+01,0.000000000000000000e+00,2.233490790400000137e+01
1.819820720699999939e+01,-2.289273912899999885e+01,0.000000000000000000e+00,2.289273912899999885e+01,-2.237651496599999845e+01,0.000000000000000000e+00,2.237651496599999845e+01
1.821822712699999869e+01,-2.315264083399999961e+01,0.000000000000000000e+00,2.315264083399999961e+01,-2.264127331899999973e+01,0.000000000000000000e+00,2.264127331899999973e+01
1.823824704700000154e+01,-2.334362654199999909e+01,0.000000000000000000e+00,2.334362654199999909e+01,-2.292345673199999823e+01,0.000000000000000000e+00,2.292345673199999823e+01
1.825826696700000085e+01,-2.351428971099999998e+01,0.000000000000000000e+00,2.351428971099999998e+01,-2.315695232699999906e+01,0.000000000000000000e+00,2.315695232699999906e+01
1.827828688700000015e+01,-2.379395932599999952e+01,0.000000000000000000e+00,2.379395932599999952e+01,-2.354758869999999860e+01,0.000000000000000000e+00,2.354758869999999860e+01
1.829830680699999945e+01,-2.414476898399999882e+01,0.000000000000000000e+00,2.414476898399999882e+01,-2.389943122900000105e+01,0.000000000000000000e+00,2.389943122900000105e+01
1.831832672699999875e+01,-2.422494111500000002e+01,0.000000000000000000e+00,2.422494111500000002e+01,-2.399394700099999866e+01,0.000000000000000000e+00,2.399394700099999866e+01
1.833834664700000161e+01,-2.442641378400000107e+01,0.000000000000000000e+00,2.442641378400000107e+01,-2.410898797500000157e+01,0.000000000000000000e+00,2.410898797500000157e+01
1.835836656700000091e+01,-2.464482845499999897e+01,0.000000000000000000e+00,2.464482845499999897e+01,-2.415526584899999918e+01,0.000000000000000000e+00,2.415526584899999918e+01
1.837838648600000013e+01,-2.470141157000000121e+01,0.000000000000000000e+00,2.470141157000000121e+01,-2.396480675899999824e+01,0.000000000000000000e+00,2.396480675899999824e+01
1.839840640599999944e+01,-2.478437304099999849e+01,0.000000000000000000e+00,2.478437304099999849e+01,-2.391007204099999939e+01,0.000000000000000000e+00,2.391007204099999939e+01
1.841842632599999874e+01,-2.502278965300000024e+01,0.000000000000000000e+00,2.502278965300000024e+01,-2.374032233100000155e+01,0.000000000000000000e+00,2.374032233100000155e+01
1.843844624600000159e+01,-2.506203022900000121e+01,0.000000000000000000e+00,2.506203022900000121e+01,-2.351933168300000077e+01,0.000000000000000000e+00,2.351933168300000077e+01
1.845846616600000090e+01,-2.509465432300000032e+01,0.000000000000000000e+00,2.509465432300000032e+01,-2.352789006800000138e+01,0.000000000000000000e+00,2.352789006800000138e+01
1.847848608600000020e+01,-2.532789263100000099e+01,0.000000000000000000e+00,2.532789263100000099e+01,-2.362604742499999944e+01,0.000000000000000000e+00,2.362604742499999944e+01
1.849850600599999950e+01,-2.540392661799999985e+01,0.000000000000000000e+00,2.540392661799999985e+01,-2.362040586899999894e+01,0.000000000000000000e+00,2.362040586899999894e+01
1.851852592599999880e+01,-2.545655426800000143e+01,0.000000000000000000e+00,2.545655426800000143e+01,-2.357414894900000135e+01,0.000000000000000000e+00,2.357414894900000135e+01
1.853854584600000166e+01,-2.568996007599999842e+01,0.000000000000000000e+00,2.568996007599999842e+01,-2.384784668400000029e+01,0.000000000000000000e+00,2.384784668400000029e+01
1.855856576600000096e+01,-2.564247453300000146e+01,0.000000000000000000e+00,2.564247453300000146e+01,-2.400223748699999859e+01,0.000000000000000000e+00,2.400223748699999859e+01
1.857858568600000027e+01,-2.542905253500000029e+01,0.000000000000000000e+00,2.542905253500000029e+01,-2.394373694700000144e+01,0.000000000000000000e+00,2.394373694700000144e+01
1.859860560599999957e+01,-2.535000250899999941e+01,0.000000000000000000e+00,2.535000250899999941e+01,-2.415060220000000157e+01,0.000000000000000000e+00,2.415060220000000157e+01
1.861862552599999887e+01,-2.518815520300000088e+01,0.000000000000000000e+00,2.518815520300000088e+01,-2.429521535800000009e+01,0.000000000000000000e+00,2.429521535800000009e+01
1.863864544500000164e+01,-2.486121175099999903e+01,0.000000000000000000e+00,2.486121175099999903e+01,-2.420701891399999894e+01,0.000000000000000000e+00,2.420701891399999894e+01
1.865866536500000095e+01,-2.462893549500000034e+01,0.000000000000000000e+00,2.462893549500000034e+01,-2.430076277199999879e+01,0.000000000000000000e+00,2.430076277199999879e+01
1.867868528500000025e+01,-2.441815828400000044e+01,0.000000000000000000e+00,2.441815828400000044e+01,-2.447109685999999940e+01,0.000000000000000000e+00,2.447109685999999940e+01
1.869870520499999955e+01,-2.425133784000000148e+01,0.000000000000000000e+00,2.425133784000000148e+01,-2.456294281199999929e+01,0.000000000000000000e+00,2.456294281199999929e+01
1.871872512499999885e+01,-2.416973002199999954e+01,0.000000000000000000e+00,2.416973002199999954e+01,-2.481933594999999926e+01,0.000000000000000000e+00,2.481933594999999926e+01
1.873874504500000171e+01,-2.435097832599999990e+01,0.000000000000000000e+00,2.435097832599999990e+01,-2.515439145199999871e+01,0.000000000000000000e+00,2.515439145199999871e+01
1.875876496500000101e+01,-2.438495519299999970e+01,0.000000000000000000e+00,2.438495519299999970e+01,-2.520823676599999885e+01,0.000000000000000000e+00,2.520823676599999885e+01
1.877878488500000032e+01,-2.449495267600000048e+01,0.000000000000000000e+00,2.449495267600000048e+01,-2.542405148399999959e+01,0.000000000000000000e+00,2.542405148399999959e+01
1.879880480499999962e+01,-2.481317328300000113e+01,0.000000000000000000e+00,2.481317328300000113e+01,-2.560274292100000082e+01,0.000000000000000000e+00,2.560274292100000082e+01
1.881882472499999892e+01,-2.501539117100000098e+01,0.000000000000000000e+00,2.501539117100000098e+01,-2.549996611499999943e+01,0.000000000000000000e+00,2.549996611499999943e+01
1.883884464500000178e+01,-2.517793418799999827e+01,0.000000000000000000e+00,2.517793418799999827e+01,-2.542833541899999972e+01,0.000000000000000000e+00,2.542833541899999972e+01
1.885886456500000108e+01,-2.561262461999999829e+01,0.000000000000000000e+00,2.561262461999999829e+01,-2.546677393899999942e+01,0.000000000000000000e+00,2.546677393899999942e+01
1.887888448400000030e+01,-2.609505575400000055e+01,0.000000000000000000e+00,2.609505575400000055e+01,-2.536438387300000130e+01,0.000000000000000000e+00,2.536438387300000130e+01
1.889890440399999960e+01,-2.645282714000000013e+01,0.000000000000000000e+00,2.645282714000000013e+01,-2.524081408700000040e+01,0.000000000000000000e+00,2.524081408700000040e+01
1.891892432399999890e+01,-2.722429080599999907e+01,0.000000000000000000e+00,2.722429080599999907e+01,-2.544549642200000150e+01,0.000000000000000000e+00,2.544549642200000150e+01
1.893894424400000176e+01,-2.796851894899999991e+01,0.000000000000000000e+00,2.796851894899999991e+01,-2.551878751099999931e+01,0.000000000000000000e+00,2.551878751099999931e+01
1.895896416400000106e+01,-2.859294623999999985e+01,0.000000000000000000e+00,2.859294623999999985e+01,-2.542060956699999963e+01,0.000000000000000000e+00,2.542060956699999963e+01
1.897898408400000037e+01,-2.981073788599999830e+01,0.000000000000000000e+00,2.981073788599999830e+01,-2.582295595600000127e+01,0.000000000000000000e+00,2.582295595600000127e+01
1.899900400399999967e+01,-3.130816256399999986e+01,0.000000000000000000e+00,3.130816256399999986e+01,-2.608991592900000001e+01,0.000000000000000000e+00,2.608991592900000001e+01
1.901902392399999897e+01,-3.290158743199999947e+01,0.000000000000000000e+00,3.290158743199999947e+01,-2.648625191900000075e+01,0.000000000000000000e+00,2.648625191900000075e+01
1.903904384399999827e+01,-3.468823399600000101e+01,0.000000000000000000e+00,3.468823399600000101e+01,-2.723113114999999951e+01,0.000000000000000000e+00,2.723113114999999951e+01
1.905906376400000113e+01,-3.741543396800000210e+01,0.000000000000000000e+00,3.741543396800000210e+01,-2.814917432200000036e+01,0.000000000000000000e+00,2.814917432200000036e+01
1.907908368400000043e+01,-4.014997037300000216e+01,0.000000000000000000e+00,4.014997037300000216e+01,-2.899418844299999876e+01,0.000000000000000000e+00,2.899418844299999876e+01
1.909910360399999973e+01,-4.110269367499999760e+01,0.000000000000000000e+00,4.110269367499999760e+01,-3.030102688699999902e+01,0.000000000000000000e+00,3.030102688699999902e+01
1.911912352399999904e+01,-4.014715980300000098e+01,0.000000000000000000e+00,4.014715980300000098e+01,-3.212656369700000170e+01,0.000000000000000000e+00,3.212656369700000170e+01
1.913914344299999826e+01,-3.726033490700000073e+01,0.000000000000000000e+00,3.726033490700000073e+01,-3.335492389899999921e+01,0.000000000000000000e+00,3.335492389899999921e+01
1.915916336300000111e+01,-3.425226409999999788e+01,0.000000000000000000e+00,3.425226409999999788e+01,-3.559845611600000126e+01,0.000000000000000000e+00,3.559845611600000126e+01
1.917918328300000042e+01,-3.220649042000000151e+01,0.000000000000000000e+00,3.220649042000000151e+01,-3.862678050899999960e+01,0.000000000000000000e+00,3.862678050899999960e+01
1.919920320299999972e+01,-3.034325061399999868e+01,0.000000000000000000e+00,3.034325061399999868e+01,-4.030405482700000164e+01,0.000000000000000000e+00,4.030405482700000164e+01
1.921922312299999902e+01,-2.885061987399999950e+01,0.000000000000000000e+00,2.885061987399999950e+01,-3.940093500799999759e+01,0.000000000000000000e+00,3.940093500799999759e+01
1.923924304299999832e+01,-2.788371322400000096e+01,0.000000000000000000e+00,2.788371322400000096e+01,-3.785082525899999695e+01,0.000000000000000000e+00,3.785082525899999695e+01
1.925926296300000118e+01,-2.686341614299999847e+01,0.000000000000000000e+00,2.686341614299999847e+01,-3.536482644800000230e+01,0.000000000000000000e+00,3.536482644800000230e+01
1.927928288300000048e+01,-2.602440605199999979e+01,0.000000000000000000e+00,2.602440605199999979e+01,-3.361662220899999909e+01,0.000000000000000000e+00,3.361662220899999909e+01
1.929930280299999978e+01,-2.579376508600000051e+01,0.000000000000000000e+00,2.579376508600000051e+01,-3.285444651499999935e+01,0.000000000000000000e+00,3.285444651499999935e+01
1.931932272299999909e+01,-2.540664580700000030e+01,0.000000000000000000e+00,2.540664580700000030e+01,-3.206941049899999996e+01,0.000000000000000000e+00,3.206941049899999996e+01
1.933934264299999839e+01,-2.514234540900000070e+01,0.000000000000000000e+00,2.514234540900000070e+01,-3.131410703499999926e+01,0.000000000000000000e+00,3.131410703499999926e+01
1.935936256300000124e+01,-2.528871549799999841e+01,0.000000000000000000e+00,2.528871549799999841e+01,-3.119777265800000166e+01,0.000000000000000000e+00,3.119777265800000166e+01
1.937938248200000046e+01,-2.546754613399999911e+01,0.000000000000000000e+00,2.546754613399999911e+01,-3.099958721000000139e+01,0.000000000000000000e+00,3.099958721000000139e+01
1.939940240199999977e+01,-2.550043820899999858e+01,0.000000000000000000e+00,2.550043820899999858e+01,-3.095879938099999862e+01,0.000000000000000000e+00,3.095879938099999862e+01
1.941942232199999907e+01,-2.593665419899999947e+01,0.000000000000000000e+00,2.593665419899999947e+01,-3.095364345200000145e+01,0.000000000000000000e+00,3.095364345200000145e+01
1.943944224199999837e+01,-2.641238795299999964e+01,0.000000000000000000e+00,2.641238795299999964e+01,-3.081041910400000106e+01,0.000000000000000000e+00,3.081041910400000106e+01
1.945946216200000123e+01,-2.666333845000000125e+01,0.000000000000000000e+00,2.666333845000000125e+01,-3.053464441299999876e+01,0.000000000000000000e+00,3.053464441299999876e+01
1.947948208200000053e+01,-2.718620081099999908e+01,0.000000000000000000e+00,2.718620081099999908e+01,-3.057039833099999981e+01,0.000000000000000000e+00,3.057039833099999981e+01
1.949950200199999983e+01,-2.781029107799999878e+01,0.000000000000000000e+00,2.781029107799999878e+01,-3.093241630300000011e+01,0.000000000000000000e+00,3.093241630300000011e+01
1.951952192199999914e+01,-2.829226095900000004e+01,0.000000000000000000e+00,2.829226095900000004e+01,-3.107771683600000046e+01,0.000000000000000000e+00,3.107771683600000046e+01
1.953954184199999844e+01,-2.910922028599999933e+01,0.000000000000000000e+00,2.910922028599999933e+01,-3.151321684399999867e+01,0.000000000000000000e+00,3.151321684399999867e+01
1.955956176200000129e+01,-3.009755090599999861e+01,0.000000000000000000e+00,3.009755090599999861e+01,-3.236901251100000110e+01,0.000000000000000000e+00,3.236901251100000110e+01
1.957958168200000060e+01,-3.114759441100000004e+01,0.000000000000000000e+00,3.114759441100000004e+01,-3.276981049500000154e+01,0.000000000000000000e+00,3.276981049500000154e+01
1.959960160199999990e+01,-3.136763896200000090e+01,0.000000000000000000e+00,3.136763896200000090e+01,-3.241650642300000129e+01,0.000000000000000000e+00,3.241650642300000129e+01
1.961962152199999920e+01,-3.084453120199999887e+01,0.000000000000000000e+00,3.084453120199999887e+01,-3.192214019500000077e+01,0.000000000000000000e+00,3.192214019500000077e+01
1.963964144099999842e+01,-2.952033356900000172e+01,0.000000000000000000e+00,2.952033356900000172e+01,-3.088053788799999921e+01,0.000000000000000000e+00,3.088053788799999921e+01
1.965966136100000128e+01,-2.826360647699999973e+01,0.000000000000000000e+00,2.826360647699999973e+01,-2.996844121299999841e+01,0.000000000000000000e+00,2.996844121299999841e+01
1.967968128100000058e+01,-2.779449417700000069e+01,0.000000000000000000e+00,2.779449417700000069e+01,-2.942513592199999906e+01,0.000000000000000000e+00,2.942513592199999906e+01
1.969970120099999988e+01,-2.744069375200000138e+01,0.000000000000000000e+00,2.744069375200000138e+01,-2.878853063900000109e+01,0.000000000000000000e+00,2.878853063900000109e+01
1.971972112099999919e+01,-2.723323007999999845e+01,0.000000000000000000e+00,2.723323007999999845e+01,-2.795031073299999846e+01,0.000000000000000000e+00,2.795031073299999846e+01
1.973974104099999849e+01,-2.739517560399999851e+01,0.000000000000000000e+00,2.739517560399999851e+01,-2.720112164900000096e+01,0.000000000000000000e+00,2.720112164900000096e+01
1.975976096100000134e+01,-2.728988624300000154e+01,0.000000000000000000e+00,2.728988624300000154e+01,-2.658337853700000153e+01,0.000000000000000000e+00,2.658337853700000153e+01
1.977978088100000065e+01,-2.681443947100000003e+01,0.000000000000000000e+00,2.681443947100000003e+01,-2.601005322099999972e+01,0.000000000000000000e+00,2.601005322099999972e+01
1.979980080099999995e+01,-2.652934341699999976e+01,0.000000000000000000e+00,2.652934341699999976e+01,-2.575064795300000142e+01,0.000000000000000000e+00,2.575064795300000142e+01
1.981982072099999925e+01,-2.618978578600000162e+01,0.000000000000000000e+00,2.618978578600000162e+01,-2.541787021600000074e+01,0.000000000000000000e+00,2.541787021600000074e+01
1.983984064099999856e+01,-2.574630297199999873e+01,0.000000000000000000e+00,2.574630297199999873e+01,-2.509812661000000134e+01,0.000000000000000000e+00,2.509812661000000134e+01
1.985986056100000141e+01,-2.548782154099999886e+01,0.000000000000000000e+00,2.548782154099999886e+01,-2.498178449199999918e+01,0.000000000000000000e+00,2.498178449199999918e+01
1.987988048000000063e+01,-2.540944252799999958e+01,0.000000000000000000e+00,2.540944252799999958e+01,-2.495579111500000025e+01,0.000000000000000000e+00,2.495579111500000025e+01
1.989990039999999993e+01,-2.518184583500000073e+01,0.000000000000000000e+00,2.518184583500000073e+01,-2.475610789399999945e+01,0.000000000000000000e+00,2.475610789399999945e+01
1.991992031999999924e+01,-2.510937959500000005e+01,0.000000000000000000e+00,2.510937959500000005e+01,-2.456492981999999969e+01,0.000000000000000000e+00,2.456492981999999969e+01
1.993994023999999854e+01,-2.537630407199999993e+01,0.000000000000000000e+00,2.537630407199999993e+01,-2.463729987199999982e+01,0.000000000000000000e+00,2.463729987199999982e+01
1.995996016000000139e+01,-2.540922417100000175e+01,0.000000000000000000e+00,2.540922417100000175e+01,-2.447184977699999919e+01,0.000000000000000000e+00,2.447184977699999919e+01
1.997998008000000070e+01,-2.559990532300000154e+01,0.000000000000000000e+00,2.559990532300000154e+01,-2.443588493500000070e+01,0.000000000000000000e+00,2.443588493500000070e+01
2.000000000000000000e+01,-2.600874883599999876e+01,0.000000000000000000e+00,2.600874883599999876e+01,-2.451169600400000093e+01,0.000000000000000000e+00,2.451169600400000093e+01
