freq_GHz,S21_real,S21_imag,S21_mag,S31_real,S31_imag,S31_mag
1.000000000000000048e-04,-8.528402668299999334e+01,0.000000000000000000e+00,8.528402668299999334e+01,-8.571545562800000084e+01,0.000000000000000000e+00,8.571545562800000084e+01
2.011991992000000326e-02,-8.413048051299999486e+01,0.000000000000000000e+00,8.413048051299999486e+01,-9.195418570299999317e+01,0.000000000000000000e+00,9.195418570299999317e+01
4.013983984000000366e-02,-9.857125705999999354e+01,0.000000000000000000e+00,9.857125705999999354e+01,-9.368315778199999500e+01,0.000000000000000000e+00,9.368315778199999500e+01
6.015975976000000058e-02,-1.016635009200000042e+02,0.000000000000000000e+00,1.016635009200000042e+02,-1.089081043399999942e+02,0.000000000000000000e+00,1.089081043399999942e+02
8.017967968000000445e-02,-1.009745447199999973e+02,0.000000000000000000e+00,1.009745447199999973e+02,-9.813470517800000437e+01,0.000000000000000000e+00,9.813470517800000437e+01
1.001995995999999944e-01,-9.762540303900000538e+01,0.000000000000000000e+00,9.762540303900000538e+01,-1.102177038500000066e+02,0.000000000000000000e+00,1.102177038500000066e+02
1.202195195199999983e-01,-9.636133018699999297e+01,0.000000000000000000e+00,9.636133018699999297e+01,-8.987014554900000007e+01,0.000000000000000000e+00,8.987014554900000007e+01
1.402394394400000022e-01,-9.442712990399999740e+01,0.000000000000000000e+00,9.442712990399999740e+01,-1.107414324700000066e+02,0.000000000000000000e+00,1.107414324700000066e+02
1.602593593600000199e-01,-9.007164327099999923e+01,0.000000000000000000e+00,9.007164327099999923e+01,-9.021362093700000173e+01,0.000000000000000000e+00,9.021362093700000173e+01
1.802792792800000099e-01,-9.999040961000000038e+01,0.000000000000000000e+00,9.999040961000000038e+01,-9.416235084299999869e+01,0.000000000000000000e+00,9.416235084299999869e+01
2.002991991999999999e-01,-1.042424373099999997e+02,0.000000000000000000e+00,1.042424373099999997e+02,-9.764846614299999317e+01,0.000000000000000000e+00,9.764846614299999317e+01
2.203191191200000176e-01,-9.216691004899999484e+01,0.000000000000000000e+00,9.216691004899999484e+01,-9.904870004900000424e+01,0.000000000000000000e+00,9.904870004900000424e+01
2.403390390399999799e-01,-1.040596052199999946e+02,0.000000000000000000e+00,1.040596052199999946e+02,-9.893117924000000585e+01,0.000000000000000000e+00,9.893117924000000585e+01
2.603589589599999976e-01,-9.870400881899999490e+01,0.000000000000000000e+00,9.870400881899999490e+01,-9.142476715899999817e+01,0.000000000000000000e+00,9.142476715899999817e+01
2.803788788800000154e-01,-9.146286898699999313e+01,0.000000000000000000e+00,9.146286898699999313e+01,-9.566148465199999862e+01,0.000000000000000000e+00,9.566148465199999862e+01
3.003987988000000331e-01,-9.918176537600000131e+01,0.000000000000000000e+00,9.918176537600000131e+01,-9.237543649299999515e+01,0.000000000000000000e+00,9.237543649299999515e+01
3.204187187200000508e-01,-9.058975715399999729e+01,0.000000000000000000e+00,9.058975715399999729e+01,-9.785450264099999629e+01,0.000000000000000000e+00,9.785450264099999629e+01
3.404386386400000131e-01,-9.982739535400000364e+01,0.000000000000000000e+00,9.982739535400000364e+01,-8.968981994600000007e+01,0.000000000000000000e+00,8.968981994600000007e+01
3.604585585599999753e-01,-9.514535620600000243e+01,0.000000000000000000e+00,9.514535620600000243e+01,-9.773196601899999791e+01,0.000000000000000000e+00,9.773196601899999791e+01
3.804784784799999930e-01,-1.020820262200000030e+02,0.000000000000000000e+00,1.020820262200000030e+02,-1.017774937800000004e+02,0.000000000000000000e+00,1.017774937800000004e+02
4.004983983999999553e-01,-9.868466431800000294e+01,0.000000000000000000e+00,9.868466431800000294e+01,-8.974014829099999702e+01,0.000000000000000000e+00,8.974014829099999702e+01
4.205183183199999730e-01,-1.140129850800000071e+02,0.000000000000000000e+00,1.140129850800000071e+02,-9.211420845000000668e+01,0.000000000000000000e+00,9.211420845000000668e+01
4.405382382399999908e-01,-8.961315365800000166e+01,0.000000000000000000e+00,8.961315365800000166e+01,-9.052522134599999504e+01,0.000000000000000000e+00,9.052522134599999504e+01
4.605581581600000085e-01,-8.340899341300000458e+01,0.000000000000000000e+00,8.340899341300000458e+01,-8.952891435099999740e+01,0.000000000000000000e+00,8.952891435099999740e+01
4.805780780799999707e-01,-9.361355408100000375e+01,0.000000000000000000e+00,9.361355408100000375e+01,-9.499773609499999338e+01,0.000000000000000000e+00,9.499773609499999338e+01
5.005979980000000440e-01,-8.736010430299999996e+01,0.000000000000000000e+00,8.736010430299999996e+01,-8.650678219399999591e+01,0.000000000000000000e+00,8.650678219399999591e+01
5.206179179200000062e-01,-8.539953220499999986e+01,0.000000000000000000e+00,8.539953220499999986e+01,-9.964536575399999663e+01,0.000000000000000000e+00,9.964536575399999663e+01
5.406378378400000795e-01,-8.615573563200000251e+01,0.000000000000000000e+00,8.615573563200000251e+01,-8.326929706699999656e+01,0.000000000000000000e+00,8.326929706699999656e+01
5.606577577600000417e-01,-8.357612724000000526e+01,0.000000000000000000e+00,8.357612724000000526e+01,-8.375794670700000211e+01,0.000000000000000000e+00,8.375794670700000211e+01
5.806776776799998929e-01,-8.182185790900000200e+01,0.000000000000000000e+00,8.182185790900000200e+01,-8.386948409299999696e+01,0.000000000000000000e+00,8.386948409299999696e+01
6.006975976000000772e-01,-8.070128540599999667e+01,0.000000000000000000e+00,8.070128540599999667e+01,-8.016303285499999731e+01,0.000000000000000000e+00,8.016303285499999731e+01
6.207175175199999284e-01,-7.786755111499999771e+01,0.000000000000000000e+00,7.786755111499999771e+01,-7.844541855500000338e+01,0.000000000000000000e+00,7.844541855500000338e+01
6.407374374400001127e-01,-7.260563176399999463e+01,0.000000000000000000e+00,7.260563176399999463e+01,-7.411499847999999702e+01,0.000000000000000000e+00,7.411499847999999702e+01
6.607573573599999639e-01,-7.323164840299999412e+01,0.000000000000000000e+00,7.323164840299999412e+01,-7.440813393599999870e+01,0.000000000000000000e+00,7.440813393599999870e+01
6.807772772799999261e-01,-7.247784392100000161e+01,0.000000000000000000e+00,7.247784392100000161e+01,-6.922638157400000125e+01,0.000000000000000000e+00,6.922638157400000125e+01
7.007971971999999994e-01,-6.995428557300000705e+01,0.000000000000000000e+00,6.995428557300000705e+01,-6.843803467300000420e+01,0.000000000000000000e+00,6.843803467300000420e+01
7.208171171199999616e-01,-6.730599689999999669e+01,0.000000000000000000e+00,6.730599689999999669e+01,-6.605729212200000688e+01,0.000000000000000000e+00,6.605729212200000688e+01
7.408370370399999238e-01,-6.577495311699999547e+01,0.000000000000000000e+00,6.577495311699999547e+01,-6.353841615599999670e+01,0.000000000000000000e+00,6.353841615599999670e+01
7.608569569599999971e-01,-6.411140285999999833e+01,0.000000000000000000e+00,6.411140285999999833e+01,-6.227753186099999994e+01,0.000000000000000000e+00,6.227753186099999994e+01
7.808768768799999593e-01,-6.259530612700000063e+01,0.000000000000000000e+00,6.259530612700000063e+01,-6.114910005099999779e+01,0.000000000000000000e+00,6.114910005099999779e+01
8.008967967999999216e-01,-6.152005987900000150e+01,0.000000000000000000e+00,6.152005987900000150e+01,-5.983027316900000159e+01,0.000000000000000000e+00,5.983027316900000159e+01
8.209167167199999948e-01,-6.006424509200000017e+01,0.000000000000000000e+00,6.006424509200000017e+01,-5.888695292700000294e+01,0.000000000000000000e+00,5.888695292700000294e+01
8.409366366399999571e-01,-5.856028859700000311e+01,0.000000000000000000e+00,5.856028859700000311e+01,-5.777266935000000103e+01,0.000000000000000000e+00,5.777266935000000103e+01
8.609565565599999193e-01,-5.723899542899999915e+01,0.000000000000000000e+00,5.723899542899999915e+01,-5.551598579600000249e+01,0.000000000000000000e+00,5.551598579600000249e+01
8.809764764799999925e-01,-5.559561446499999704e+01,0.000000000000000000e+00,5.559561446499999704e+01,-5.342694245100000217e+01,0.000000000000000000e+00,5.342694245100000217e+01
9.009963963999999548e-01,-5.335383156799999682e+01,0.000000000000000000e+00,5.335383156799999682e+01,-5.088411356200000313e+01,0.000000000000000000e+00,5.088411356200000313e+01
9.210163163200000280e-01,-4.924093715699999763e+01,0.000000000000000000e+00,4.924093715699999763e+01,-4.912167774400000297e+01,0.000000000000000000e+00,4.912167774400000297e+01
9.410362362399999903e-01,-4.715356557799999848e+01,0.000000000000000000e+00,4.715356557799999848e+01,-4.684947785699999656e+01,0.000000000000000000e+00,4.684947785699999656e+01
9.610561561599999525e-01,-4.413433606299999923e+01,0.000000000000000000e+00,4.413433606299999923e+01,-4.374272439899999654e+01,0.000000000000000000e+00,4.374272439899999654e+01
9.810760760800000257e-01,-4.134947491999999869e+01,0.000000000000000000e+00,4.134947491999999869e+01,-4.120963952999999691e+01,0.000000000000000000e+00,4.120963952999999691e+01
1.001095996000000099e+00,-3.983798472600000196e+01,0.000000000000000000e+00,3.983798472600000196e+01,-3.946479149599999658e+01,0.000000000000000000e+00,3.946479149599999658e+01
1.021115915900000060e+00,-3.854381946800000236e+01,0.000000000000000000e+00,3.854381946800000236e+01,-3.845380277200000307e+01,0.000000000000000000e+00,3.845380277200000307e+01
1.041135835800000020e+00,-3.765635715399999839e+01,0.000000000000000000e+00,3.765635715399999839e+01,-3.722767584799999696e+01,0.000000000000000000e+00,3.722767584799999696e+01
1.061155755799999989e+00,-3.506290743899999995e+01,0.000000000000000000e+00,3.506290743899999995e+01,-3.585973530399999731e+01,0.000000000000000000e+00,3.585973530399999731e+01
1.081175675699999950e+00,-3.327409406200000319e+01,0.000000000000000000e+00,3.327409406200000319e+01,-3.405032685999999842e+01,0.000000000000000000e+00,3.405032685999999842e+01
1.101195595599999910e+00,-3.272454586900000351e+01,0.000000000000000000e+00,3.272454586900000351e+01,-3.365332531800000027e+01,0.000000000000000000e+00,3.365332531800000027e+01
1.121215515500000093e+00,-3.173073585499999893e+01,0.000000000000000000e+00,3.173073585499999893e+01,-3.255998353199999684e+01,0.000000000000000000e+00,3.255998353199999684e+01
1.141235435400000053e+00,-3.094451524400000153e+01,0.000000000000000000e+00,3.094451524400000153e+01,-3.130657117799999867e+01,0.000000000000000000e+00,3.130657117799999867e+01
1.161255355400000022e+00,-2.966974910600000115e+01,0.000000000000000000e+00,2.966974910600000115e+01,-3.061229986500000066e+01,0.000000000000000000e+00,3.061229986500000066e+01
1.181275275299999983e+00,-2.851246535699999995e+01,0.000000000000000000e+00,2.851246535699999995e+01,-2.853650109699999859e+01,0.000000000000000000e+00,2.853650109699999859e+01
1.201295195199999943e+00,-2.709709088900000040e+01,0.000000000000000000e+00,2.709709088900000040e+01,-2.755680965799999882e+01,0.000000000000000000e+00,2.755680965799999882e+01
1.221315115099999904e+00,-2.645477341400000171e+01,0.000000000000000000e+00,2.645477341400000171e+01,-2.676988383999999854e+01,0.000000000000000000e+00,2.676988383999999854e+01
1.241335035000000087e+00,-2.534518502499999926e+01,0.000000000000000000e+00,2.534518502499999926e+01,-2.652218440800000110e+01,0.000000000000000000e+00,2.652218440800000110e+01
1.261354955000000055e+00,-2.413109002299999872e+01,0.000000000000000000e+00,2.413109002299999872e+01,-2.498111498999999824e+01,0.000000000000000000e+00,2.498111498999999824e+01
1.281374874900000016e+00,-2.329125473599999907e+01,0.000000000000000000e+00,2.329125473599999907e+01,-2.433323565299999913e+01,0.000000000000000000e+00,2.433323565299999913e+01
1.301394794799999977e+00,-2.278512273500000163e+01,0.000000000000000000e+00,2.278512273500000163e+01,-2.297273325600000149e+01,0.000000000000000000e+00,2.297273325600000149e+01
1.321414714699999937e+00,-2.226725910600000091e+01,0.000000000000000000e+00,2.226725910600000091e+01,-2.138003490799999895e+01,0.000000000000000000e+00,2.138003490799999895e+01
1.341434634599999898e+00,-2.158596057300000126e+01,0.000000000000000000e+00,2.158596057300000126e+01,-2.040485535899999903e+01,0.000000000000000000e+00,2.040485535899999903e+01
1.361454554599999867e+00,-2.112209027300000130e+01,0.000000000000000000e+00,2.112209027300000130e+01,-1.950416378299999920e+01,0.000000000000000000e+00,1.950416378299999920e+01
1.381474474500000049e+00,-1.971586780899999880e+01,0.000000000000000000e+00,1.971586780899999880e+01,-1.898146499499999962e+01,0.000000000000000000e+00,1.898146499499999962e+01
1.401494394400000010e+00,-1.919041995399999934e+01,0.000000000000000000e+00,1.919041995399999934e+01,-1.814627530199999939e+01,0.000000000000000000e+00,1.814627530199999939e+01
1.421514314299999970e+00,-1.852734899600000062e+01,0.000000000000000000e+00,1.852734899600000062e+01,-1.734790533900000042e+01,0.000000000000000000e+00,1.734790533900000042e+01
1.441534234200000153e+00,-1.802243555700000144e+01,0.000000000000000000e+00,1.802243555700000144e+01,-1.725194164899999905e+01,0.000000000000000000e+00,1.725194164899999905e+01
1.461554154200000122e+00,-1.788878295099999960e+01,0.000000000000000000e+00,1.788878295099999960e+01,-1.737280020700000094e+01,0.000000000000000000e+00,1.737280020700000094e+01
1.481574074099999860e+00,-1.791002698300000162e+01,0.000000000000000000e+00,1.791002698300000162e+01,-1.719526467700000083e+01,0.000000000000000000e+00,1.719526467700000083e+01
1.501593994000000043e+00,-1.701763881600000161e+01,0.000000000000000000e+00,1.701763881600000161e+01,-1.667451734300000155e+01,0.000000000000000000e+00,1.667451734300000155e+01
1.521613913900000004e+00,-1.624124286400000017e+01,0.000000000000000000e+00,1.624124286400000017e+01,-1.721887203500000041e+01,0.000000000000000000e+00,1.721887203500000041e+01
1.541633833799999964e+00,-1.613964507800000092e+01,0.000000000000000000e+00,1.613964507800000092e+01,-1.740373977999999866e+01,0.000000000000000000e+00,1.740373977999999866e+01
1.561653753799999933e+00,-1.665495908700000172e+01,0.000000000000000000e+00,1.665495908700000172e+01,-1.747885825799999893e+01,0.000000000000000000e+00,1.747885825799999893e+01
1.581673673700000116e+00,-1.675028772299999957e+01,0.000000000000000000e+00,1.675028772299999957e+01,-1.720991514500000008e+01,0.000000000000000000e+00,1.720991514500000008e+01
1.601693593599999854e+00,-1.691782010900000088e+01,0.000000000000000000e+00,1.691782010900000088e+01,-1.746468453099999962e+01,0.000000000000000000e+00,1.746468453099999962e+01
1.621713513500000037e+00,-1.753299666399999879e+01,0.000000000000000000e+00,1.753299666399999879e+01,-1.768946282599999975e+01,0.000000000000000000e+00,1.768946282599999975e+01
1.641733433399999997e+00,-1.796899216199999927e+01,0.000000000000000000e+00,1.796899216199999927e+01,-1.705380427700000112e+01,0.000000000000000000e+00,1.705380427700000112e+01
1.661753353400000188e+00,-1.858197730999999919e+01,0.000000000000000000e+00,1.858197730999999919e+01,-1.660208684499999876e+01,0.000000000000000000e+00,1.660208684499999876e+01
1.681773273299999927e+00,-1.854938229300000074e+01,0.000000000000000000e+00,1.854938229300000074e+01,-1.631597619200000082e+01,0.000000000000000000e+00,1.631597619200000082e+01
1.701793193200000109e+00,-1.884899528400000079e+01,0.000000000000000000e+00,1.884899528400000079e+01,-1.614893145299999944e+01,0.000000000000000000e+00,1.614893145299999944e+01
1.721813113099999848e+00,-1.956528509400000004e+01,0.000000000000000000e+00,1.956528509400000004e+01,-1.523836572699999969e+01,0.000000000000000000e+00,1.523836572699999969e+01
1.741833033000000031e+00,-1.987904202300000023e+01,0.000000000000000000e+00,1.987904202300000023e+01,-1.512135231599999940e+01,0.000000000000000000e+00,1.512135231599999940e+01
1.761852952999999999e+00,-2.027531142799999841e+01,0.000000000000000000e+00,2.027531142799999841e+01,-1.488650971000000034e+01,0.000000000000000000e+00,1.488650971000000034e+01
1.781872872900000182e+00,-2.015168610799999982e+01,0.000000000000000000e+00,2.015168610799999982e+01,-1.421071677299999969e+01,0.000000000000000000e+00,1.421071677299999969e+01
1.801892792799999921e+00,-1.851681814200000176e+01,0.000000000000000000e+00,1.851681814200000176e+01,-1.359647154900000032e+01,0.000000000000000000e+00,1.359647154900000032e+01
1.821912712700000103e+00,-1.862849032700000151e+01,0.000000000000000000e+00,1.862849032700000151e+01,-1.310862531799999964e+01,0.000000000000000000e+00,1.310862531799999964e+01
1.841932632599999842e+00,-1.820495927900000055e+01,0.000000000000000000e+00,1.820495927900000055e+01,-1.255343292899999952e+01,0.000000000000000000e+00,1.255343292899999952e+01
1.861952552599999811e+00,-1.748788126699999879e+01,0.000000000000000000e+00,1.748788126699999879e+01,-1.258354860400000064e+01,0.000000000000000000e+00,1.258354860400000064e+01
1.881972472499999993e+00,-1.652210992899999908e+01,0.000000000000000000e+00,1.652210992899999908e+01,-1.263193725300000025e+01,0.000000000000000000e+00,1.263193725300000025e+01
1.901992392400000176e+00,-1.623095562600000008e+01,0.000000000000000000e+00,1.623095562600000008e+01,-1.301137727599999927e+01,0.000000000000000000e+00,1.301137727599999927e+01
1.922012312299999914e+00,-1.552685169499999951e+01,0.000000000000000000e+00,1.552685169499999951e+01,-1.303736311399999970e+01,0.000000000000000000e+00,1.303736311399999970e+01
1.942032232200000097e+00,-1.502705850100000085e+01,0.000000000000000000e+00,1.502705850100000085e+01,-1.307187988399999945e+01,0.000000000000000000e+00,1.307187988399999945e+01
1.962052152200000066e+00,-1.482550711999999926e+01,0.000000000000000000e+00,1.482550711999999926e+01,-1.325791304900000078e+01,0.000000000000000000e+00,1.325791304900000078e+01
1.982072072099999804e+00,-1.446074942199999924e+01,0.000000000000000000e+00,1.446074942199999924e+01,-1.335076215399999988e+01,0.000000000000000000e+00,1.335076215399999988e+01
2.002091991999999987e+00,-1.432083308099999996e+01,0.000000000000000000e+00,1.432083308099999996e+01,-1.357927615600000060e+01,0.000000000000000000e+00,1.357927615600000060e+01
2.022111911900000170e+00,-1.389670835299999929e+01,0.000000000000000000e+00,1.389670835299999929e+01,-1.342121170200000080e+01,0.000000000000000000e+00,1.342121170200000080e+01
2.042131831799999908e+00,-1.409681810400000046e+01,0.000000000000000000e+00,1.409681810400000046e+01,-1.347544840700000002e+01,0.000000000000000000e+00,1.347544840700000002e+01
2.062151751800000099e+00,-1.436553289799999966e+01,0.000000000000000000e+00,1.436553289799999966e+01,-1.364386985600000024e+01,0.000000000000000000e+00,1.364386985600000024e+01
2.082171671699999838e+00,-1.445182191199999977e+01,0.000000000000000000e+00,1.445182191199999977e+01,-1.332217684299999938e+01,0.000000000000000000e+00,1.332217684299999938e+01
2.102191591600000020e+00,-1.421901815100000022e+01,0.000000000000000000e+00,1.421901815100000022e+01,-1.312555907800000021e+01,0.000000000000000000e+00,1.312555907800000021e+01
2.122211511500000203e+00,-1.396093231300000070e+01,0.000000000000000000e+00,1.396093231300000070e+01,-1.326269941099999983e+01,0.000000000000000000e+00,1.326269941099999983e+01
2.142231431399999941e+00,-1.408341753300000043e+01,0.000000000000000000e+00,1.408341753300000043e+01,-1.323515560399999913e+01,0.000000000000000000e+00,1.323515560399999913e+01
2.162251351400000132e+00,-1.400508795100000015e+01,0.000000000000000000e+00,1.400508795100000015e+01,-1.332342476300000023e+01,0.000000000000000000e+00,1.332342476300000023e+01
2.182271271300000315e+00,-1.385150093899999924e+01,0.000000000000000000e+00,1.385150093899999924e+01,-1.333713121299999926e+01,0.000000000000000000e+00,1.333713121299999926e+01
2.202291191199999609e+00,-1.374089216700000016e+01,0.000000000000000000e+00,1.374089216700000016e+01,-1.336250461700000081e+01,0.000000000000000000e+00,1.336250461700000081e+01
2.222311111099999792e+00,-1.376923546299999934e+01,0.000000000000000000e+00,1.376923546299999934e+01,-1.339482115000000029e+01,0.000000000000000000e+00,1.339482115000000029e+01
2.242331030999999975e+00,-1.348692987999999993e+01,0.000000000000000000e+00,1.348692987999999993e+01,-1.337814204500000059e+01,0.000000000000000000e+00,1.337814204500000059e+01
2.262350951000000165e+00,-1.350974843400000047e+01,0.000000000000000000e+00,1.350974843400000047e+01,-1.313722407799999914e+01,0.000000000000000000e+00,1.313722407799999914e+01
2.282370870899999904e+00,-1.361747628600000048e+01,0.000000000000000000e+00,1.361747628600000048e+01,-1.293691343499999924e+01,0.000000000000000000e+00,1.293691343499999924e+01
2.302390790800000087e+00,-1.356378735100000021e+01,0.000000000000000000e+00,1.356378735100000021e+01,-1.279462413100000084e+01,0.000000000000000000e+00,1.279462413100000084e+01
2.322410710699999825e+00,-1.360664523300000006e+01,0.000000000000000000e+00,1.360664523300000006e+01,-1.277547507999999965e+01,0.000000000000000000e+00,1.277547507999999965e+01
2.342430630600000008e+00,-1.348909809699999940e+01,0.000000000000000000e+00,1.348909809699999940e+01,-1.298805862500000075e+01,0.000000000000000000e+00,1.298805862500000075e+01
2.362450550599999755e+00,-1.360123319000000031e+01,0.000000000000000000e+00,1.360123319000000031e+01,-1.286734108799999987e+01,0.000000000000000000e+00,1.286734108799999987e+01
2.382470470499999937e+00,-1.369664280900000009e+01,0.000000000000000000e+00,1.369664280900000009e+01,-1.318735032899999915e+01,0.000000000000000000e+00,1.318735032899999915e+01
2.402490390400000120e+00,-1.386670553599999955e+01,0.000000000000000000e+00,1.386670553599999955e+01,-1.354925996300000079e+01,0.000000000000000000e+00,1.354925996300000079e+01
2.422510310300000302e+00,-1.361534716299999914e+01,0.000000000000000000e+00,1.361534716299999914e+01,-1.368082316299999945e+01,0.000000000000000000e+00,1.368082316299999945e+01
2.442530230199999597e+00,-1.372534105399999937e+01,0.000000000000000000e+00,1.372534105399999937e+01,-1.404170020699999988e+01,0.000000000000000000e+00,1.404170020699999988e+01
2.462550150199999788e+00,-1.376534062100000000e+01,0.000000000000000000e+00,1.376534062100000000e+01,-1.441587171199999950e+01,0.000000000000000000e+00,1.441587171199999950e+01
2.482570070099999970e+00,-1.417171128899999921e+01,0.000000000000000000e+00,1.417171128899999921e+01,-1.493642665600000008e+01,0.000000000000000000e+00,1.493642665600000008e+01
2.502589990000000153e+00,-1.437496908399999995e+01,0.000000000000000000e+00,1.437496908399999995e+01,-1.516535394699999983e+01,0.000000000000000000e+00,1.516535394699999983e+01
2.522609909899999892e+00,-1.450048529300000055e+01,0.000000000000000000e+00,1.450048529300000055e+01,-1.568079328399999994e+01,0.000000000000000000e+00,1.568079328399999994e+01
2.542629829800000074e+00,-1.472330589200000084e+01,0.000000000000000000e+00,1.472330589200000084e+01,-1.590157638700000042e+01,0.000000000000000000e+00,1.590157638700000042e+01
2.562649749699999813e+00,-1.505756572800000015e+01,0.000000000000000000e+00,1.505756572800000015e+01,-1.650620590000000121e+01,0.000000000000000000e+00,1.650620590000000121e+01
2.582669669700000004e+00,-1.515572895500000072e+01,0.000000000000000000e+00,1.515572895500000072e+01,-1.697483276799999885e+01,0.000000000000000000e+00,1.697483276799999885e+01
2.602689589599999742e+00,-1.527281591899999924e+01,0.000000000000000000e+00,1.527281591899999924e+01,-1.759928040499999824e+01,0.000000000000000000e+00,1.759928040499999824e+01
2.622709509499999925e+00,-1.549590046700000023e+01,0.000000000000000000e+00,1.549590046700000023e+01,-1.806004091399999822e+01,0.000000000000000000e+00,1.806004091399999822e+01
2.642729429400000107e+00,-1.608000547800000035e+01,0.000000000000000000e+00,1.608000547800000035e+01,-1.840817188000000115e+01,0.000000000000000000e+00,1.840817188000000115e+01
2.662749349300000290e+00,-1.656293817899999965e+01,0.000000000000000000e+00,1.656293817899999965e+01,-1.856602497500000126e+01,0.000000000000000000e+00,1.856602497500000126e+01
2.682769269300000037e+00,-1.712331980600000136e+01,0.000000000000000000e+00,1.712331980600000136e+01,-1.881497232099999906e+01,0.000000000000000000e+00,1.881497232099999906e+01
2.702789189199999775e+00,-1.804752591000000095e+01,0.000000000000000000e+00,1.804752591000000095e+01,-1.898727700999999968e+01,0.000000000000000000e+00,1.898727700999999968e+01
2.722809109099999958e+00,-1.886550084199999944e+01,0.000000000000000000e+00,1.886550084199999944e+01,-1.903514327699999953e+01,0.000000000000000000e+00,1.903514327699999953e+01
2.742829029000000141e+00,-1.985607714400000035e+01,0.000000000000000000e+00,1.985607714400000035e+01,-1.920789011999999829e+01,0.000000000000000000e+00,1.920789011999999829e+01
2.762848948899999879e+00,-2.119324331600000022e+01,0.000000000000000000e+00,2.119324331600000022e+01,-1.881499801900000080e+01,0.000000000000000000e+00,1.881499801900000080e+01
2.782868868900000070e+00,-2.249269776799999931e+01,0.000000000000000000e+00,2.249269776799999931e+01,-1.879834006100000110e+01,0.000000000000000000e+00,1.879834006100000110e+01
2.802888788800000253e+00,-2.335098364199999921e+01,0.000000000000000000e+00,2.335098364199999921e+01,-1.846238548699999882e+01,0.000000000000000000e+00,1.846238548699999882e+01
2.822908708699999991e+00,-2.387025435600000023e+01,0.000000000000000000e+00,2.387025435600000023e+01,-1.808412865000000025e+01,0.000000000000000000e+00,1.808412865000000025e+01
2.842928628599999730e+00,-2.397962321299999999e+01,0.000000000000000000e+00,2.397962321299999999e+01,-1.794912908599999923e+01,0.000000000000000000e+00,1.794912908599999923e+01
2.862948548499999912e+00,-2.363039466200000049e+01,0.000000000000000000e+00,2.363039466200000049e+01,-1.775410575300000104e+01,0.000000000000000000e+00,1.775410575300000104e+01
2.882968468500000103e+00,-2.329101094099999969e+01,0.000000000000000000e+00,2.329101094099999969e+01,-1.740161215299999853e+01,0.000000000000000000e+00,1.740161215299999853e+01
2.902988388400000286e+00,-2.290970099000000104e+01,0.000000000000000000e+00,2.290970099000000104e+01,-1.702660807499999862e+01,0.000000000000000000e+00,1.702660807499999862e+01
2.923008308300000024e+00,-2.241846155500000037e+01,0.000000000000000000e+00,2.241846155500000037e+01,-1.679397677900000119e+01,0.000000000000000000e+00,1.679397677900000119e+01
2.943028228199999763e+00,-2.188775410599999915e+01,0.000000000000000000e+00,2.188775410599999915e+01,-1.649569972999999834e+01,0.000000000000000000e+00,1.649569972999999834e+01
2.963048148099999946e+00,-2.144078917899999936e+01,0.000000000000000000e+00,2.144078917899999936e+01,-1.623833479800000035e+01,0.000000000000000000e+00,1.623833479800000035e+01
2.983068068099999692e+00,-2.077402425700000066e+01,0.000000000000000000e+00,2.077402425700000066e+01,-1.607363010099999912e+01,0.000000000000000000e+00,1.607363010099999912e+01
3.003087987999999875e+00,-2.009049659100000085e+01,0.000000000000000000e+00,2.009049659100000085e+01,-1.582170951800000047e+01,0.000000000000000000e+00,1.582170951800000047e+01
3.023107907900000058e+00,-1.982319761400000147e+01,0.000000000000000000e+00,1.982319761400000147e+01,-1.547027408199999954e+01,0.000000000000000000e+00,1.547027408199999954e+01
3.043127827800000240e+00,-1.969314841799999982e+01,0.000000000000000000e+00,1.969314841799999982e+01,-1.542213126200000062e+01,0.000000000000000000e+00,1.542213126200000062e+01
3.063147747699999979e+00,-1.943503004100000098e+01,0.000000000000000000e+00,1.943503004100000098e+01,-1.532577497299999969e+01,0.000000000000000000e+00,1.532577497299999969e+01
3.083167667699999726e+00,-1.920801825199999868e+01,0.000000000000000000e+00,1.920801825199999868e+01,-1.552673775799999945e+01,0.000000000000000000e+00,1.552673775799999945e+01
3.103187587599999908e+00,-1.919515644000000165e+01,0.000000000000000000e+00,1.919515644000000165e+01,-1.568934457900000012e+01,0.000000000000000000e+00,1.568934457900000012e+01
3.123207507500000091e+00,-1.920329388400000070e+01,0.000000000000000000e+00,1.920329388400000070e+01,-1.590374172900000005e+01,0.000000000000000000e+00,1.590374172900000005e+01
3.143227427400000273e+00,-1.905367094800000061e+01,0.000000000000000000e+00,1.905367094800000061e+01,-1.606664174599999839e+01,0.000000000000000000e+00,1.606664174599999839e+01
3.163247347300000012e+00,-1.891175065999999916e+01,0.000000000000000000e+00,1.891175065999999916e+01,-1.621262211399999842e+01,0.000000000000000000e+00,1.621262211399999842e+01
3.183267267300000203e+00,-1.868239241399999884e+01,0.000000000000000000e+00,1.868239241399999884e+01,-1.616360838800000010e+01,0.000000000000000000e+00,1.616360838800000010e+01
3.203287187199999941e+00,-1.856011170700000079e+01,0.000000000000000000e+00,1.856011170700000079e+01,-1.607081911899999938e+01,0.000000000000000000e+00,1.607081911899999938e+01
3.223307107100000124e+00,-1.856877066299999868e+01,0.000000000000000000e+00,1.856877066299999868e+01,-1.614669635399999947e+01,0.000000000000000000e+00,1.614669635399999947e+01
3.243327026999999863e+00,-1.852585539800000092e+01,0.000000000000000000e+00,1.852585539800000092e+01,-1.619775476199999886e+01,0.000000000000000000e+00,1.619775476199999886e+01
3.263346946900000045e+00,-1.834482093700000149e+01,0.000000000000000000e+00,1.834482093700000149e+01,-1.647170540899999835e+01,0.000000000000000000e+00,1.647170540899999835e+01
3.283366866900000236e+00,-1.808597787600000117e+01,0.000000000000000000e+00,1.808597787600000117e+01,-1.647678285799999998e+01,0.000000000000000000e+00,1.647678285799999998e+01
3.303386786799999975e+00,-1.798156582900000089e+01,0.000000000000000000e+00,1.798156582900000089e+01,-1.640573418299999986e+01,0.000000000000000000e+00,1.640573418299999986e+01
3.323406706699999713e+00,-1.786717456299999895e+01,0.000000000000000000e+00,1.786717456299999895e+01,-1.651373299799999828e+01,0.000000000000000000e+00,1.651373299799999828e+01
3.343426626599999896e+00,-1.769476279199999880e+01,0.000000000000000000e+00,1.769476279199999880e+01,-1.659593719700000136e+01,0.000000000000000000e+00,1.659593719700000136e+01
3.363446546500000078e+00,-1.763106295500000087e+01,0.000000000000000000e+00,1.763106295500000087e+01,-1.681893352100000172e+01,0.000000000000000000e+00,1.681893352100000172e+01
3.383466466499999825e+00,-1.756758495600000103e+01,0.000000000000000000e+00,1.756758495600000103e+01,-1.721994860099999869e+01,0.000000000000000000e+00,1.721994860099999869e+01
3.403486386400000008e+00,-1.768358133299999935e+01,0.000000000000000000e+00,1.768358133299999935e+01,-1.762760073500000146e+01,0.000000000000000000e+00,1.762760073500000146e+01
3.423506306300000190e+00,-1.777598523500000027e+01,0.000000000000000000e+00,1.777598523500000027e+01,-1.796001485200000047e+01,0.000000000000000000e+00,1.796001485200000047e+01
3.443526226199999929e+00,-1.791887450600000165e+01,0.000000000000000000e+00,1.791887450600000165e+01,-1.830111282900000091e+01,0.000000000000000000e+00,1.830111282900000091e+01
3.463546146100000112e+00,-1.806473248200000015e+01,0.000000000000000000e+00,1.806473248200000015e+01,-1.858096245699999827e+01,0.000000000000000000e+00,1.858096245699999827e+01
3.483566066099999858e+00,-1.846788552900000013e+01,0.000000000000000000e+00,1.846788552900000013e+01,-1.883469602699999967e+01,0.000000000000000000e+00,1.883469602699999967e+01
3.503585986000000041e+00,-1.909292451399999990e+01,0.000000000000000000e+00,1.909292451399999990e+01,-1.924954930399999853e+01,0.000000000000000000e+00,1.924954930399999853e+01
3.523605905900000224e+00,-1.970235841999999948e+01,0.000000000000000000e+00,1.970235841999999948e+01,-1.959534721400000024e+01,0.000000000000000000e+00,1.959534721400000024e+01
3.543625825800000406e+00,-2.033161183700000052e+01,0.000000000000000000e+00,2.033161183700000052e+01,-1.956662487999999911e+01,0.000000000000000000e+00,1.956662487999999911e+01
3.563645745699999701e+00,-2.078547104500000131e+01,0.000000000000000000e+00,2.078547104500000131e+01,-1.926397010000000165e+01,0.000000000000000000e+00,1.926397010000000165e+01
3.583665665699999892e+00,-2.123933479000000091e+01,0.000000000000000000e+00,2.123933479000000091e+01,-1.901720240999999945e+01,0.000000000000000000e+00,1.901720240999999945e+01
3.603685585600000074e+00,-2.186601563800000037e+01,0.000000000000000000e+00,2.186601563800000037e+01,-1.878434205399999968e+01,0.000000000000000000e+00,1.878434205399999968e+01
3.623705505499999813e+00,-2.221033607000000032e+01,0.000000000000000000e+00,2.221033607000000032e+01,-1.847454332999999949e+01,0.000000000000000000e+00,1.847454332999999949e+01
3.643725425399999995e+00,-2.225928214300000008e+01,0.000000000000000000e+00,2.225928214300000008e+01,-1.840929107199999848e+01,0.000000000000000000e+00,1.840929107199999848e+01
3.663745345300000178e+00,-2.239819548099999835e+01,0.000000000000000000e+00,2.239819548099999835e+01,-1.855517487299999857e+01,0.000000000000000000e+00,1.855517487299999857e+01
3.683765265300000369e+00,-2.218837463099999852e+01,0.000000000000000000e+00,2.218837463099999852e+01,-1.844953780799999876e+01,0.000000000000000000e+00,1.844953780799999876e+01
3.703785185199999663e+00,-2.187217569399999917e+01,0.000000000000000000e+00,2.187217569399999917e+01,-1.842633991399999971e+01,0.000000000000000000e+00,1.842633991399999971e+01
3.723805105099999846e+00,-2.170387665899999874e+01,0.000000000000000000e+00,2.170387665899999874e+01,-1.863829506200000097e+01,0.000000000000000000e+00,1.863829506200000097e+01
3.743825025000000029e+00,-2.164915727200000006e+01,0.000000000000000000e+00,2.164915727200000006e+01,-1.864910456300000163e+01,0.000000000000000000e+00,1.864910456300000163e+01
3.763844944900000211e+00,-2.152482094499999832e+01,0.000000000000000000e+00,2.152482094499999832e+01,-1.883654762899999824e+01,0.000000000000000000e+00,1.883654762899999824e+01
3.783864864899999958e+00,-2.122368461399999973e+01,0.000000000000000000e+00,2.122368461399999973e+01,-1.876038557900000114e+01,0.000000000000000000e+00,1.876038557900000114e+01
3.803884784800000141e+00,-2.099116812800000176e+01,0.000000000000000000e+00,2.099116812800000176e+01,-1.885294242399999831e+01,0.000000000000000000e+00,1.885294242399999831e+01
3.823904704699999879e+00,-2.073326862400000081e+01,0.000000000000000000e+00,2.073326862400000081e+01,-1.916317631700000135e+01,0.000000000000000000e+00,1.916317631700000135e+01
3.843924624600000062e+00,-2.063077753900000033e+01,0.000000000000000000e+00,2.063077753900000033e+01,-1.947573061499999980e+01,0.000000000000000000e+00,1.947573061499999980e+01
3.863944544499999800e+00,-2.044095653100000121e+01,0.000000000000000000e+00,2.044095653100000121e+01,-1.979652780900000053e+01,0.000000000000000000e+00,1.979652780900000053e+01
3.883964464499999991e+00,-2.037192521500000097e+01,0.000000000000000000e+00,2.037192521500000097e+01,-2.022512851000000111e+01,0.000000000000000000e+00,2.022512851000000111e+01
3.903984384400000174e+00,-2.044755390199999923e+01,0.000000000000000000e+00,2.044755390199999923e+01,-2.066271084399999935e+01,0.000000000000000000e+00,2.066271084399999935e+01
3.924004304300000356e+00,-2.041500738999999953e+01,0.000000000000000000e+00,2.041500738999999953e+01,-2.104867052999999899e+01,0.000000000000000000e+00,2.104867052999999899e+01
3.944024224199999651e+00,-2.030080160400000011e+01,0.000000000000000000e+00,2.030080160400000011e+01,-2.122927070000000072e+01,0.000000000000000000e+00,2.122927070000000072e+01
3.964044144099999833e+00,-2.017185004499999934e+01,0.000000000000000000e+00,2.017185004499999934e+01,-2.166729036099999917e+01,0.000000000000000000e+00,2.166729036099999917e+01
3.984064064100000024e+00,-2.014833305399999830e+01,0.000000000000000000e+00,2.014833305399999830e+01,-2.209487199999999874e+01,0.000000000000000000e+00,2.209487199999999874e+01
4.004083984000000207e+00,-2.010278464900000017e+01,0.000000000000000000e+00,2.010278464900000017e+01,-2.210164588700000010e+01,0.000000000000000000e+00,2.210164588700000010e+01
4.024103903900000390e+00,-2.006216427400000057e+01,0.000000000000000000e+00,2.006216427400000057e+01,-2.204218816899999922e+01,0.000000000000000000e+00,2.204218816899999922e+01
4.044123823800000572e+00,-2.005424903799999825e+01,0.000000000000000000e+00,2.005424903799999825e+01,-2.220912876399999902e+01,0.000000000000000000e+00,2.220912876399999902e+01
4.064143743699999867e+00,-2.013408216599999889e+01,0.000000000000000000e+00,2.013408216599999889e+01,-2.182171689100000123e+01,0.000000000000000000e+00,2.182171689100000123e+01
4.084163663700000058e+00,-2.018444306099999963e+01,0.000000000000000000e+00,2.018444306099999963e+01,-2.147805914599999966e+01,0.000000000000000000e+00,2.147805914599999966e+01
4.104183583600000240e+00,-2.020774650599999944e+01,0.000000000000000000e+00,2.020774650599999944e+01,-2.117736443500000121e+01,0.000000000000000000e+00,2.117736443500000121e+01
4.124203503500000423e+00,-2.021583773300000075e+01,0.000000000000000000e+00,2.021583773300000075e+01,-2.113273759799999851e+01,0.000000000000000000e+00,2.113273759799999851e+01
4.144223423399999717e+00,-2.031743956500000081e+01,0.000000000000000000e+00,2.031743956500000081e+01,-2.078517155999999844e+01,0.000000000000000000e+00,2.078517155999999844e+01
4.164243343299999900e+00,-2.036711288700000111e+01,0.000000000000000000e+00,2.036711288700000111e+01,-2.055986768300000023e+01,0.000000000000000000e+00,2.055986768300000023e+01
4.184263263300000091e+00,-2.053096979300000058e+01,0.000000000000000000e+00,2.053096979300000058e+01,-2.059043695700000143e+01,0.000000000000000000e+00,2.059043695700000143e+01
4.204283183199999385e+00,-2.075561062199999895e+01,0.000000000000000000e+00,2.075561062199999895e+01,-2.045330569200000070e+01,0.000000000000000000e+00,2.045330569200000070e+01
4.224303103099999568e+00,-2.103975098900000162e+01,0.000000000000000000e+00,2.103975098900000162e+01,-2.013231140199999913e+01,0.000000000000000000e+00,2.013231140199999913e+01
4.244323022999999750e+00,-2.121688819299999906e+01,0.000000000000000000e+00,2.121688819299999906e+01,-2.020184591699999999e+01,0.000000000000000000e+00,2.020184591699999999e+01
4.264342942899999933e+00,-2.133104699500000123e+01,0.000000000000000000e+00,2.133104699500000123e+01,-2.017461183300000016e+01,0.000000000000000000e+00,2.017461183300000016e+01
4.284362862900000124e+00,-2.147851291399999951e+01,0.000000000000000000e+00,2.147851291399999951e+01,-1.989071191600000077e+01,0.000000000000000000e+00,1.989071191600000077e+01
4.304382782800000307e+00,-2.157215851599999823e+01,0.000000000000000000e+00,2.157215851599999823e+01,-1.976467251300000072e+01,0.000000000000000000e+00,1.976467251300000072e+01
4.324402702699999601e+00,-2.152404529200000027e+01,0.000000000000000000e+00,2.152404529200000027e+01,-1.959161462499999828e+01,0.000000000000000000e+00,1.959161462499999828e+01
4.344422622600000672e+00,-2.153098698799999866e+01,0.000000000000000000e+00,2.153098698799999866e+01,-1.929215780599999874e+01,0.000000000000000000e+00,1.929215780599999874e+01
4.364442542499999966e+00,-2.164670338199999833e+01,0.000000000000000000e+00,2.164670338199999833e+01,-1.906452148500000021e+01,0.000000000000000000e+00,1.906452148500000021e+01
4.384462462500000157e+00,-2.163797479000000124e+01,0.000000000000000000e+00,2.163797479000000124e+01,-1.899113440400000030e+01,0.000000000000000000e+00,1.899113440400000030e+01
4.404482382399999452e+00,-2.175155520999999936e+01,0.000000000000000000e+00,2.175155520999999936e+01,-1.872786158099999909e+01,0.000000000000000000e+00,1.872786158099999909e+01
4.424502302300000522e+00,-2.198509959200000097e+01,0.000000000000000000e+00,2.198509959200000097e+01,-1.850987658500000066e+01,0.000000000000000000e+00,1.850987658500000066e+01
4.444522222199999817e+00,-2.221327818199999982e+01,0.000000000000000000e+00,2.221327818199999982e+01,-1.845411000900000076e+01,0.000000000000000000e+00,1.845411000900000076e+01
4.464542142100000000e+00,-2.238047227599999900e+01,0.000000000000000000e+00,2.238047227599999900e+01,-1.829943575800000133e+01,0.000000000000000000e+00,1.829943575800000133e+01
4.484562062100000190e+00,-2.274749235999999897e+01,0.000000000000000000e+00,2.274749235999999897e+01,-1.823829011100000130e+01,0.000000000000000000e+00,1.823829011100000130e+01
4.504581982000000373e+00,-2.318334661300000121e+01,0.000000000000000000e+00,2.318334661300000121e+01,-1.810077246199999834e+01,0.000000000000000000e+00,1.810077246199999834e+01
4.524601901899999667e+00,-2.332960481699999988e+01,0.000000000000000000e+00,2.332960481699999988e+01,-1.823664541600000177e+01,0.000000000000000000e+00,1.823664541600000177e+01
4.544621821799999850e+00,-2.336052227200000075e+01,0.000000000000000000e+00,2.336052227200000075e+01,-1.821538159700000037e+01,0.000000000000000000e+00,1.821538159700000037e+01
4.564641741700000033e+00,-2.347733081299999824e+01,0.000000000000000000e+00,2.347733081299999824e+01,-1.820452862599999833e+01,0.000000000000000000e+00,1.820452862599999833e+01
4.584661661700000224e+00,-2.346693049399999964e+01,0.000000000000000000e+00,2.346693049399999964e+01,-1.832753576700000053e+01,0.000000000000000000e+00,1.832753576700000053e+01
4.604681581600000406e+00,-2.329900444000000093e+01,0.000000000000000000e+00,2.329900444000000093e+01,-1.844937928999999954e+01,0.000000000000000000e+00,1.844937928999999954e+01
4.624701501499999701e+00,-2.311099818499999969e+01,0.000000000000000000e+00,2.311099818499999969e+01,-1.859815519300000020e+01,0.000000000000000000e+00,1.859815519300000020e+01
4.644721421399999883e+00,-2.286148739800000129e+01,0.000000000000000000e+00,2.286148739800000129e+01,-1.869164119099999866e+01,0.000000000000000000e+00,1.869164119099999866e+01
4.664741341300000066e+00,-2.250668958800000041e+01,0.000000000000000000e+00,2.250668958800000041e+01,-1.866372253999999842e+01,0.000000000000000000e+00,1.866372253999999842e+01
4.684761261300000257e+00,-2.209029888099999894e+01,0.000000000000000000e+00,2.209029888099999894e+01,-1.861976549199999909e+01,0.000000000000000000e+00,1.861976549199999909e+01
4.704781181199999551e+00,-2.161151717699999963e+01,0.000000000000000000e+00,2.161151717699999963e+01,-1.872230524700000132e+01,0.000000000000000000e+00,1.872230524700000132e+01
4.724801101100000622e+00,-2.128602042099999991e+01,0.000000000000000000e+00,2.128602042099999991e+01,-1.840371334299999972e+01,0.000000000000000000e+00,1.840371334299999972e+01
4.744821020999999917e+00,-2.095642062499999980e+01,0.000000000000000000e+00,2.095642062499999980e+01,-1.841266196500000163e+01,0.000000000000000000e+00,1.841266196500000163e+01
4.764840940899999211e+00,-2.072654390499999977e+01,0.000000000000000000e+00,2.072654390499999977e+01,-1.834886455799999894e+01,0.000000000000000000e+00,1.834886455799999894e+01
4.784860860899999402e+00,-2.046520825800000054e+01,0.000000000000000000e+00,2.046520825800000054e+01,-1.810093895700000033e+01,0.000000000000000000e+00,1.810093895700000033e+01
4.804880780800000473e+00,-2.027260257100000018e+01,0.000000000000000000e+00,2.027260257100000018e+01,-1.794068033199999945e+01,0.000000000000000000e+00,1.794068033199999945e+01
4.824900700699999767e+00,-2.008645271500000007e+01,0.000000000000000000e+00,2.008645271500000007e+01,-1.800089747399999851e+01,0.000000000000000000e+00,1.800089747399999851e+01
4.844920620599999950e+00,-1.982981530900000067e+01,0.000000000000000000e+00,1.982981530900000067e+01,-1.772373780499999896e+01,0.000000000000000000e+00,1.772373780499999896e+01
4.864940540500000132e+00,-1.952640950500000017e+01,0.000000000000000000e+00,1.952640950500000017e+01,-1.744988300500000022e+01,0.000000000000000000e+00,1.744988300500000022e+01
4.884960460500000323e+00,-1.933014476600000009e+01,0.000000000000000000e+00,1.933014476600000009e+01,-1.730383251099999953e+01,0.000000000000000000e+00,1.730383251099999953e+01
4.904980380399999618e+00,-1.917997116800000157e+01,0.000000000000000000e+00,1.917997116800000157e+01,-1.728431055100000080e+01,0.000000000000000000e+00,1.728431055100000080e+01
4.925000300299999800e+00,-1.901156905999999935e+01,0.000000000000000000e+00,1.901156905999999935e+01,-1.712824238700000024e+01,0.000000000000000000e+00,1.712824238700000024e+01
4.945020220199999983e+00,-1.891423179299999902e+01,0.000000000000000000e+00,1.891423179299999902e+01,-1.688517501700000167e+01,0.000000000000000000e+00,1.688517501700000167e+01
4.965040140100000166e+00,-1.883546456999999918e+01,0.000000000000000000e+00,1.883546456999999918e+01,-1.682824264199999931e+01,0.000000000000000000e+00,1.682824264199999931e+01
4.985060060100000356e+00,-1.873726993600000057e+01,0.000000000000000000e+00,1.873726993600000057e+01,-1.699277311499999854e+01,0.000000000000000000e+00,1.699277311499999854e+01
5.005079979999999651e+00,-1.871717563800000050e+01,0.000000000000000000e+00,1.871717563800000050e+01,-1.689858219899999980e+01,0.000000000000000000e+00,1.689858219899999980e+01
5.025099899899999834e+00,-1.869219975800000100e+01,0.000000000000000000e+00,1.869219975800000100e+01,-1.693137017600000149e+01,0.000000000000000000e+00,1.693137017600000149e+01
5.045119819800000016e+00,-1.872338676300000060e+01,0.000000000000000000e+00,1.872338676300000060e+01,-1.731303455600000163e+01,0.000000000000000000e+00,1.731303455600000163e+01
5.065139739700000199e+00,-1.866348409000000075e+01,0.000000000000000000e+00,1.866348409000000075e+01,-1.755048444000000174e+01,0.000000000000000000e+00,1.755048444000000174e+01
5.085159659699999501e+00,-1.865394531000000100e+01,0.000000000000000000e+00,1.865394531000000100e+01,-1.773039226599999907e+01,0.000000000000000000e+00,1.773039226599999907e+01
5.105179579600000572e+00,-1.862803367500000107e+01,0.000000000000000000e+00,1.862803367500000107e+01,-1.828674513800000057e+01,0.000000000000000000e+00,1.828674513800000057e+01
5.125199499499999867e+00,-1.864955134499999900e+01,0.000000000000000000e+00,1.864955134499999900e+01,-1.865770650300000000e+01,0.000000000000000000e+00,1.865770650300000000e+01
5.145219419400000049e+00,-1.870732440600000146e+01,0.000000000000000000e+00,1.870732440600000146e+01,-1.901206733100000079e+01,0.000000000000000000e+00,1.901206733100000079e+01
5.165239339300000232e+00,-1.864678470799999843e+01,0.000000000000000000e+00,1.864678470799999843e+01,-1.955163528599999978e+01,0.000000000000000000e+00,1.955163528599999978e+01
5.185259259300000423e+00,-1.859766057599999911e+01,0.000000000000000000e+00,1.859766057599999911e+01,-2.006201891699999962e+01,0.000000000000000000e+00,2.006201891699999962e+01
5.205279179199999717e+00,-1.866258074699999980e+01,0.000000000000000000e+00,1.866258074699999980e+01,-2.032278334100000095e+01,0.000000000000000000e+00,2.032278334100000095e+01
5.225299099100000788e+00,-1.870565351699999823e+01,0.000000000000000000e+00,1.870565351699999823e+01,-2.081753969700000084e+01,0.000000000000000000e+00,2.081753969700000084e+01
5.245319019000000083e+00,-1.871681132999999875e+01,0.000000000000000000e+00,1.871681132999999875e+01,-2.123154368899999866e+01,0.000000000000000000e+00,2.123154368899999866e+01
5.265338938899999377e+00,-1.874403408799999937e+01,0.000000000000000000e+00,1.874403408799999937e+01,-2.162670554400000000e+01,0.000000000000000000e+00,2.162670554400000000e+01
5.285358858899999568e+00,-1.881644193800000053e+01,0.000000000000000000e+00,1.881644193800000053e+01,-2.180206492599999990e+01,0.000000000000000000e+00,2.180206492599999990e+01
5.305378778799999751e+00,-1.896398690199999848e+01,0.000000000000000000e+00,1.896398690199999848e+01,-2.225463302100000007e+01,0.000000000000000000e+00,2.225463302100000007e+01
5.325398698699999933e+00,-1.917836382500000170e+01,0.000000000000000000e+00,1.917836382500000170e+01,-2.275241928399999836e+01,0.000000000000000000e+00,2.275241928399999836e+01
5.345418618600000116e+00,-1.934475918900000124e+01,0.000000000000000000e+00,1.934475918900000124e+01,-2.292281121199999916e+01,0.000000000000000000e+00,2.292281121199999916e+01
5.365438538500000298e+00,-1.960639644200000120e+01,0.000000000000000000e+00,1.960639644200000120e+01,-2.302448096999999905e+01,0.000000000000000000e+00,2.302448096999999905e+01
5.385458458499999601e+00,-1.992766729299999895e+01,0.000000000000000000e+00,1.992766729299999895e+01,-2.330530762300000092e+01,0.000000000000000000e+00,2.330530762300000092e+01
5.405478378399999784e+00,-2.025430665900000093e+01,0.000000000000000000e+00,2.025430665900000093e+01,-2.346012915200000037e+01,0.000000000000000000e+00,2.346012915200000037e+01
5.425498298299999966e+00,-2.064386013100000028e+01,0.000000000000000000e+00,2.064386013100000028e+01,-2.337406124600000012e+01,0.000000000000000000e+00,2.337406124600000012e+01
5.445518218200000149e+00,-2.111742183899999858e+01,0.000000000000000000e+00,2.111742183899999858e+01,-2.358656466600000101e+01,0.000000000000000000e+00,2.358656466600000101e+01
5.465538138100000332e+00,-2.159162750599999825e+01,0.000000000000000000e+00,2.159162750599999825e+01,-2.361159570699999932e+01,0.000000000000000000e+00,2.361159570699999932e+01
5.485558058100000522e+00,-2.203524789800000150e+01,0.000000000000000000e+00,2.203524789800000150e+01,-2.349920859399999884e+01,0.000000000000000000e+00,2.349920859399999884e+01
5.505577977999999817e+00,-2.252191503199999900e+01,0.000000000000000000e+00,2.252191503199999900e+01,-2.363103405700000081e+01,0.000000000000000000e+00,2.363103405700000081e+01
5.525597897900000000e+00,-2.302028466899999870e+01,0.000000000000000000e+00,2.302028466899999870e+01,-2.384648779300000143e+01,0.000000000000000000e+00,2.384648779300000143e+01
5.545617817800000182e+00,-2.344402486999999979e+01,0.000000000000000000e+00,2.344402486999999979e+01,-2.395977613299999831e+01,0.000000000000000000e+00,2.395977613299999831e+01
5.565637737699999477e+00,-2.394543261999999828e+01,0.000000000000000000e+00,2.394543261999999828e+01,-2.391633167499999857e+01,0.000000000000000000e+00,2.391633167499999857e+01
5.585657657699999667e+00,-2.440223192499999882e+01,0.000000000000000000e+00,2.440223192499999882e+01,-2.406509911199999863e+01,0.000000000000000000e+00,2.406509911199999863e+01
5.605677577600000738e+00,-2.461987854299999867e+01,0.000000000000000000e+00,2.461987854299999867e+01,-2.426344845699999908e+01,0.000000000000000000e+00,2.426344845699999908e+01
5.625697497500000033e+00,-2.477987053000000017e+01,0.000000000000000000e+00,2.477987053000000017e+01,-2.422354573000000144e+01,0.000000000000000000e+00,2.422354573000000144e+01
5.645717417399999327e+00,-2.500835863300000028e+01,0.000000000000000000e+00,2.500835863300000028e+01,-2.390146192899999988e+01,0.000000000000000000e+00,2.390146192899999988e+01
5.665737337300000398e+00,-2.513508475000000075e+01,0.000000000000000000e+00,2.513508475000000075e+01,-2.374502271300000089e+01,0.000000000000000000e+00,2.374502271300000089e+01
5.685757257300000589e+00,-2.524139705500000019e+01,0.000000000000000000e+00,2.524139705500000019e+01,-2.358074311100000031e+01,0.000000000000000000e+00,2.358074311100000031e+01
5.705777177199999883e+00,-2.534401099000000102e+01,0.000000000000000000e+00,2.534401099000000102e+01,-2.303075922200000036e+01,0.000000000000000000e+00,2.303075922200000036e+01
5.725797097100000066e+00,-2.547659387299999878e+01,0.000000000000000000e+00,2.547659387299999878e+01,-2.255231925300000029e+01,0.000000000000000000e+00,2.255231925300000029e+01
5.745817017000000249e+00,-2.579392322500000034e+01,0.000000000000000000e+00,2.579392322500000034e+01,-2.232435908600000118e+01,0.000000000000000000e+00,2.232435908600000118e+01
5.765836936899999543e+00,-2.600232229699999920e+01,0.000000000000000000e+00,2.600232229699999920e+01,-2.218661383399999920e+01,0.000000000000000000e+00,2.218661383399999920e+01
5.785856856899999734e+00,-2.651908902399999945e+01,0.000000000000000000e+00,2.651908902399999945e+01,-2.163624288500000148e+01,0.000000000000000000e+00,2.163624288500000148e+01
5.805876776799999917e+00,-2.707846374700000069e+01,0.000000000000000000e+00,2.707846374700000069e+01,-2.138866158100000092e+01,0.000000000000000000e+00,2.138866158100000092e+01
5.825896696700000099e+00,-2.759872885800000120e+01,0.000000000000000000e+00,2.759872885800000120e+01,-2.127318105799999870e+01,0.000000000000000000e+00,2.127318105799999870e+01
5.845916616600000282e+00,-2.803545671099999836e+01,0.000000000000000000e+00,2.803545671099999836e+01,-2.100481129399999958e+01,0.000000000000000000e+00,2.100481129399999958e+01
5.865936536499999576e+00,-2.869055515499999842e+01,0.000000000000000000e+00,2.869055515499999842e+01,-2.081609945399999972e+01,0.000000000000000000e+00,2.081609945399999972e+01
5.885956456499999767e+00,-2.904763072700000137e+01,0.000000000000000000e+00,2.904763072700000137e+01,-2.093506375100000128e+01,0.000000000000000000e+00,2.093506375100000128e+01
5.905976376399999950e+00,-2.931325738500000000e+01,0.000000000000000000e+00,2.931325738500000000e+01,-2.117995028800000057e+01,0.000000000000000000e+00,2.117995028800000057e+01
5.925996296300000132e+00,-2.959432874599999863e+01,0.000000000000000000e+00,2.959432874599999863e+01,-2.128914864300000076e+01,0.000000000000000000e+00,2.128914864300000076e+01
5.946016216199999427e+00,-2.941198863099999983e+01,0.000000000000000000e+00,2.941198863099999983e+01,-2.137151115200000007e+01,0.000000000000000000e+00,2.137151115200000007e+01
5.966036136100000498e+00,-2.892363903600000086e+01,0.000000000000000000e+00,2.892363903600000086e+01,-2.142858361500000086e+01,0.000000000000000000e+00,2.142858361500000086e+01
5.986056056100000689e+00,-2.870239762399999961e+01,0.000000000000000000e+00,2.870239762399999961e+01,-2.153218706899999901e+01,0.000000000000000000e+00,2.153218706899999901e+01
6.006075975999999983e+00,-2.832197433500000017e+01,0.000000000000000000e+00,2.832197433500000017e+01,-2.151313864200000125e+01,0.000000000000000000e+00,2.151313864200000125e+01
6.026095895899999277e+00,-2.785856767900000008e+01,0.000000000000000000e+00,2.785856767900000008e+01,-2.146413384499999921e+01,0.000000000000000000e+00,2.146413384499999921e+01
6.046115815800000348e+00,-2.757898296500000157e+01,0.000000000000000000e+00,2.757898296500000157e+01,-2.157744056800000010e+01,0.000000000000000000e+00,2.157744056800000010e+01
6.066135735699999643e+00,-2.700654753699999944e+01,0.000000000000000000e+00,2.700654753699999944e+01,-2.157423112800000098e+01,0.000000000000000000e+00,2.157423112800000098e+01
6.086155655699999834e+00,-2.648282191399999874e+01,0.000000000000000000e+00,2.648282191399999874e+01,-2.147102529600000054e+01,0.000000000000000000e+00,2.147102529600000054e+01
6.106175575600000016e+00,-2.602287752799999865e+01,0.000000000000000000e+00,2.602287752799999865e+01,-2.145789274099999844e+01,0.000000000000000000e+00,2.145789274099999844e+01
6.126195495500000199e+00,-2.548627442100000096e+01,0.000000000000000000e+00,2.548627442100000096e+01,-2.148299503799999854e+01,0.000000000000000000e+00,2.148299503799999854e+01
6.146215415399999493e+00,-2.488927384300000156e+01,0.000000000000000000e+00,2.488927384300000156e+01,-2.138966482600000063e+01,0.000000000000000000e+00,2.138966482600000063e+01
6.166235335300000564e+00,-2.420642894499999898e+01,0.000000000000000000e+00,2.420642894499999898e+01,-2.130357901100000007e+01,0.000000000000000000e+00,2.130357901100000007e+01
6.186255255299999867e+00,-2.361365508600000140e+01,0.000000000000000000e+00,2.361365508600000140e+01,-2.136993104300000113e+01,0.000000000000000000e+00,2.136993104300000113e+01
6.206275175200000049e+00,-2.320940228899999980e+01,0.000000000000000000e+00,2.320940228899999980e+01,-2.143714577300000101e+01,0.000000000000000000e+00,2.143714577300000101e+01
6.226295095100000232e+00,-2.281059098200000079e+01,0.000000000000000000e+00,2.281059098200000079e+01,-2.139237229300000109e+01,0.000000000000000000e+00,2.139237229300000109e+01
6.246315015000000415e+00,-2.244890074799999979e+01,0.000000000000000000e+00,2.244890074799999979e+01,-2.152818825399999980e+01,0.000000000000000000e+00,2.152818825399999980e+01
6.266334934899999709e+00,-2.218339771000000127e+01,0.000000000000000000e+00,2.218339771000000127e+01,-2.182653094100000146e+01,0.000000000000000000e+00,2.182653094100000146e+01
6.286354854899999900e+00,-2.192835971699999931e+01,0.000000000000000000e+00,2.192835971699999931e+01,-2.205768429600000147e+01,0.000000000000000000e+00,2.205768429600000147e+01
6.306374774800000083e+00,-2.166549191600000057e+01,0.000000000000000000e+00,2.166549191600000057e+01,-2.233790311899999992e+01,0.000000000000000000e+00,2.233790311899999992e+01
6.326394694699999377e+00,-2.143596679299999863e+01,0.000000000000000000e+00,2.143596679299999863e+01,-2.274056913000000080e+01,0.000000000000000000e+00,2.274056913000000080e+01
6.346414614600000448e+00,-2.133742824999999854e+01,0.000000000000000000e+00,2.133742824999999854e+01,-2.303052906499999963e+01,0.000000000000000000e+00,2.303052906499999963e+01
6.366434534499999742e+00,-2.124226494299999857e+01,0.000000000000000000e+00,2.124226494299999857e+01,-2.344524352999999905e+01,0.000000000000000000e+00,2.344524352999999905e+01
6.386454454499999933e+00,-2.118197147300000083e+01,0.000000000000000000e+00,2.118197147300000083e+01,-2.387547172500000059e+01,0.000000000000000000e+00,2.387547172500000059e+01
6.406474374399999228e+00,-2.115517394900000170e+01,0.000000000000000000e+00,2.115517394900000170e+01,-2.434948229800000163e+01,0.000000000000000000e+00,2.434948229800000163e+01
6.426494294300000298e+00,-2.110751120000000114e+01,0.000000000000000000e+00,2.110751120000000114e+01,-2.459640971900000039e+01,0.000000000000000000e+00,2.459640971900000039e+01
6.446514214199999593e+00,-2.110840636900000078e+01,0.000000000000000000e+00,2.110840636900000078e+01,-2.491558816399999898e+01,0.000000000000000000e+00,2.491558816399999898e+01
6.466534134100000664e+00,-2.111374870699999917e+01,0.000000000000000000e+00,2.111374870699999917e+01,-2.523948965299999969e+01,0.000000000000000000e+00,2.523948965299999969e+01
6.486554054099999966e+00,-2.116310446299999981e+01,0.000000000000000000e+00,2.116310446299999981e+01,-2.530144695099999907e+01,0.000000000000000000e+00,2.530144695099999907e+01
6.506573974000000149e+00,-2.118682026300000132e+01,0.000000000000000000e+00,2.118682026300000132e+01,-2.530850922400000158e+01,0.000000000000000000e+00,2.530850922400000158e+01
6.526593893899999443e+00,-2.121089970099999888e+01,0.000000000000000000e+00,2.121089970099999888e+01,-2.516645769200000160e+01,0.000000000000000000e+00,2.516645769200000160e+01
6.546613813800000514e+00,-2.120769274899999957e+01,0.000000000000000000e+00,2.120769274899999957e+01,-2.499301467100000096e+01,0.000000000000000000e+00,2.499301467100000096e+01
6.566633733699999809e+00,-2.123643583000000135e+01,0.000000000000000000e+00,2.123643583000000135e+01,-2.464096687600000024e+01,0.000000000000000000e+00,2.464096687600000024e+01
6.586653653700000000e+00,-2.128310132400000043e+01,0.000000000000000000e+00,2.128310132400000043e+01,-2.444780782400000163e+01,0.000000000000000000e+00,2.444780782400000163e+01
6.606673573600000182e+00,-2.127472161500000070e+01,0.000000000000000000e+00,2.127472161500000070e+01,-2.422050838599999878e+01,0.000000000000000000e+00,2.422050838599999878e+01
6.626693493500000365e+00,-2.133492198100000081e+01,0.000000000000000000e+00,2.133492198100000081e+01,-2.409731866699999969e+01,0.000000000000000000e+00,2.409731866699999969e+01
6.646713413399999659e+00,-2.135611018199999833e+01,0.000000000000000000e+00,2.135611018199999833e+01,-2.398427009299999924e+01,0.000000000000000000e+00,2.398427009299999924e+01
6.666733333299999842e+00,-2.142667323699999926e+01,0.000000000000000000e+00,2.142667323699999926e+01,-2.388420295699999940e+01,0.000000000000000000e+00,2.388420295699999940e+01
6.686753253300000033e+00,-2.154025567600000102e+01,0.000000000000000000e+00,2.154025567600000102e+01,-2.381644192099999913e+01,0.000000000000000000e+00,2.381644192099999913e+01
6.706773173200000215e+00,-2.167534893799999907e+01,0.000000000000000000e+00,2.167534893799999907e+01,-2.391286746999999835e+01,0.000000000000000000e+00,2.391286746999999835e+01
6.726793093100000398e+00,-2.186963110599999993e+01,0.000000000000000000e+00,2.186963110599999993e+01,-2.396407311800000173e+01,0.000000000000000000e+00,2.396407311800000173e+01
6.746813012999999692e+00,-2.207187202600000120e+01,0.000000000000000000e+00,2.207187202600000120e+01,-2.379505867199999969e+01,0.000000000000000000e+00,2.379505867199999969e+01
6.766832932899999875e+00,-2.229641587500000099e+01,0.000000000000000000e+00,2.229641587500000099e+01,-2.392188330500000149e+01,0.000000000000000000e+00,2.392188330500000149e+01
6.786852852899999178e+00,-2.259875645199999994e+01,0.000000000000000000e+00,2.259875645199999994e+01,-2.380707352900000018e+01,0.000000000000000000e+00,2.380707352900000018e+01
6.806872772800000249e+00,-2.286824737499999927e+01,0.000000000000000000e+00,2.286824737499999927e+01,-2.390691981999999882e+01,0.000000000000000000e+00,2.390691981999999882e+01
6.826892692699999543e+00,-2.318645624799999894e+01,0.000000000000000000e+00,2.318645624799999894e+01,-2.401600129799999905e+01,0.000000000000000000e+00,2.401600129799999905e+01
6.846912612600000614e+00,-2.367218240000000051e+01,0.000000000000000000e+00,2.367218240000000051e+01,-2.396500532900000024e+01,0.000000000000000000e+00,2.396500532900000024e+01
6.866932532499999908e+00,-2.405841873700000022e+01,0.000000000000000000e+00,2.405841873700000022e+01,-2.408146416499999987e+01,0.000000000000000000e+00,2.408146416499999987e+01
6.886952452500000099e+00,-2.450096969399999836e+01,0.000000000000000000e+00,2.450096969399999836e+01,-2.412707514999999958e+01,0.000000000000000000e+00,2.412707514999999958e+01
6.906972372399999394e+00,-2.482753552999999869e+01,0.000000000000000000e+00,2.482753552999999869e+01,-2.393351034000000155e+01,0.000000000000000000e+00,2.393351034000000155e+01
6.926992292300000464e+00,-2.506178287699999885e+01,0.000000000000000000e+00,2.506178287699999885e+01,-2.380783214299999884e+01,0.000000000000000000e+00,2.380783214299999884e+01
6.947012212199999759e+00,-2.534154035199999910e+01,0.000000000000000000e+00,2.534154035199999910e+01,-2.360825139199999967e+01,0.000000000000000000e+00,2.360825139199999967e+01
6.967032132099999941e+00,-2.550146065499999892e+01,0.000000000000000000e+00,2.550146065499999892e+01,-2.326495280099999974e+01,0.000000000000000000e+00,2.326495280099999974e+01
6.987052052100000132e+00,-2.556084335899999971e+01,0.000000000000000000e+00,2.556084335899999971e+01,-2.304163969300000048e+01,0.000000000000000000e+00,2.304163969300000048e+01
7.007071972000000315e+00,-2.556471731399999925e+01,0.000000000000000000e+00,2.556471731399999925e+01,-2.283170409999999961e+01,0.000000000000000000e+00,2.283170409999999961e+01
7.027091891899999609e+00,-2.566406644499999956e+01,0.000000000000000000e+00,2.566406644499999956e+01,-2.264184193599999873e+01,0.000000000000000000e+00,2.264184193599999873e+01
7.047111811799999792e+00,-2.573622841699999952e+01,0.000000000000000000e+00,2.573622841699999952e+01,-2.258053344100000004e+01,0.000000000000000000e+00,2.258053344100000004e+01
7.067131731699999975e+00,-2.581392200899999878e+01,0.000000000000000000e+00,2.581392200899999878e+01,-2.237329548900000020e+01,0.000000000000000000e+00,2.237329548900000020e+01
7.087151651700000166e+00,-2.590252730599999964e+01,0.000000000000000000e+00,2.590252730599999964e+01,-2.232464699100000161e+01,0.000000000000000000e+00,2.232464699100000161e+01
7.107171571600000348e+00,-2.606499280299999910e+01,0.000000000000000000e+00,2.606499280299999910e+01,-2.250404466999999897e+01,0.000000000000000000e+00,2.250404466999999897e+01
7.127191491499999643e+00,-2.608043101999999891e+01,0.000000000000000000e+00,2.608043101999999891e+01,-2.246354855199999889e+01,0.000000000000000000e+00,2.246354855199999889e+01
7.147211411399999825e+00,-2.602232427699999917e+01,0.000000000000000000e+00,2.602232427699999917e+01,-2.251911359099999999e+01,0.000000000000000000e+00,2.251911359099999999e+01
7.167231331300000008e+00,-2.608010384600000009e+01,0.000000000000000000e+00,2.608010384600000009e+01,-2.265105539900000053e+01,0.000000000000000000e+00,2.265105539900000053e+01
7.187251251300000199e+00,-2.623564559400000107e+01,0.000000000000000000e+00,2.623564559400000107e+01,-2.291394411499999961e+01,0.000000000000000000e+00,2.291394411499999961e+01
7.207271171199999493e+00,-2.623597160199999934e+01,0.000000000000000000e+00,2.623597160199999934e+01,-2.303761455100000077e+01,0.000000000000000000e+00,2.303761455100000077e+01
7.227291091100000564e+00,-2.635034546099999986e+01,0.000000000000000000e+00,2.635034546099999986e+01,-2.319160138399999838e+01,0.000000000000000000e+00,2.319160138399999838e+01
7.247311010999999858e+00,-2.647458022300000025e+01,0.000000000000000000e+00,2.647458022300000025e+01,-2.351594318300000097e+01,0.000000000000000000e+00,2.351594318300000097e+01
7.267330930900000041e+00,-2.670269959000000171e+01,0.000000000000000000e+00,2.670269959000000171e+01,-2.393082244100000011e+01,0.000000000000000000e+00,2.393082244100000011e+01
7.287350850899999344e+00,-2.690586835599999915e+01,0.000000000000000000e+00,2.690586835599999915e+01,-2.414166824500000175e+01,0.000000000000000000e+00,2.414166824500000175e+01
7.307370770800000415e+00,-2.708913850500000109e+01,0.000000000000000000e+00,2.708913850500000109e+01,-2.429918090500000005e+01,0.000000000000000000e+00,2.429918090500000005e+01
7.327390690699999709e+00,-2.751533388900000077e+01,0.000000000000000000e+00,2.751533388900000077e+01,-2.461699212499999945e+01,0.000000000000000000e+00,2.461699212499999945e+01
7.347410610600000780e+00,-2.788218236899999880e+01,0.000000000000000000e+00,2.788218236899999880e+01,-2.476446130700000126e+01,0.000000000000000000e+00,2.476446130700000126e+01
7.367430530500000074e+00,-2.796700548500000139e+01,0.000000000000000000e+00,2.796700548500000139e+01,-2.485014184899999989e+01,0.000000000000000000e+00,2.485014184899999989e+01
7.387450450500000265e+00,-2.813034289100000152e+01,0.000000000000000000e+00,2.813034289100000152e+01,-2.483449928699999987e+01,0.000000000000000000e+00,2.483449928699999987e+01
7.407470370399999560e+00,-2.817692715100000100e+01,0.000000000000000000e+00,2.817692715100000100e+01,-2.501831440100000137e+01,0.000000000000000000e+00,2.501831440100000137e+01
7.427490290300000630e+00,-2.801830036999999862e+01,0.000000000000000000e+00,2.801830036999999862e+01,-2.488587774399999830e+01,0.000000000000000000e+00,2.488587774399999830e+01
7.447510210199999925e+00,-2.778519056800000087e+01,0.000000000000000000e+00,2.778519056800000087e+01,-2.478233324600000032e+01,0.000000000000000000e+00,2.478233324600000032e+01
7.467530130100000108e+00,-2.762106209899999953e+01,0.000000000000000000e+00,2.762106209899999953e+01,-2.467242439700000034e+01,0.000000000000000000e+00,2.467242439700000034e+01
7.487550050100000298e+00,-2.744998069800000096e+01,0.000000000000000000e+00,2.744998069800000096e+01,-2.473888036800000023e+01,0.000000000000000000e+00,2.473888036800000023e+01
7.507569969999999593e+00,-2.718072743800000168e+01,0.000000000000000000e+00,2.718072743800000168e+01,-2.464498751900000073e+01,0.000000000000000000e+00,2.464498751900000073e+01
7.527589889899999775e+00,-2.692336120499999907e+01,0.000000000000000000e+00,2.692336120499999907e+01,-2.448769526999999968e+01,0.000000000000000000e+00,2.448769526999999968e+01
7.547609809799999958e+00,-2.673468624099999857e+01,0.000000000000000000e+00,2.673468624099999857e+01,-2.439332715899999826e+01,0.000000000000000000e+00,2.439332715899999826e+01
7.567629729700000141e+00,-2.674814023400000096e+01,0.000000000000000000e+00,2.674814023400000096e+01,-2.438800918100000104e+01,0.000000000000000000e+00,2.438800918100000104e+01
7.587649649600000323e+00,-2.669384435499999952e+01,0.000000000000000000e+00,2.669384435499999952e+01,-2.425787744799999857e+01,0.000000000000000000e+00,2.425787744799999857e+01
7.607669569600000514e+00,-2.665394768899999889e+01,0.000000000000000000e+00,2.665394768899999889e+01,-2.427755476500000142e+01,0.000000000000000000e+00,2.427755476500000142e+01
7.627689489499999809e+00,-2.677989106500000105e+01,0.000000000000000000e+00,2.677989106500000105e+01,-2.422352449999999990e+01,0.000000000000000000e+00,2.422352449999999990e+01
7.647709409399999991e+00,-2.677850754199999983e+01,0.000000000000000000e+00,2.677850754199999983e+01,-2.450463971699999988e+01,0.000000000000000000e+00,2.450463971699999988e+01
7.667729329300000174e+00,-2.680513057199999949e+01,0.000000000000000000e+00,2.680513057199999949e+01,-2.468346615200000116e+01,0.000000000000000000e+00,2.468346615200000116e+01
7.687749249199999468e+00,-2.688563999599999832e+01,0.000000000000000000e+00,2.688563999599999832e+01,-2.472940050300000081e+01,0.000000000000000000e+00,2.472940050300000081e+01
7.707769169199999659e+00,-2.695447732399999907e+01,0.000000000000000000e+00,2.695447732399999907e+01,-2.482386966500000014e+01,0.000000000000000000e+00,2.482386966500000014e+01
7.727789089100000730e+00,-2.696431424400000054e+01,0.000000000000000000e+00,2.696431424400000054e+01,-2.504163584499999828e+01,0.000000000000000000e+00,2.504163584499999828e+01
7.747809009000000025e+00,-2.695265558099999836e+01,0.000000000000000000e+00,2.695265558099999836e+01,-2.539022100600000087e+01,0.000000000000000000e+00,2.539022100600000087e+01
7.767828928899999319e+00,-2.685709374900000057e+01,0.000000000000000000e+00,2.685709374900000057e+01,-2.552183661500000156e+01,0.000000000000000000e+00,2.552183661500000156e+01
7.787848848800000390e+00,-2.666388748700000022e+01,0.000000000000000000e+00,2.666388748700000022e+01,-2.585739700499999927e+01,0.000000000000000000e+00,2.585739700499999927e+01
7.807868768800000581e+00,-2.652212253600000125e+01,0.000000000000000000e+00,2.652212253600000125e+01,-2.624106915699999831e+01,0.000000000000000000e+00,2.624106915699999831e+01
7.827888688699999875e+00,-2.630182793199999836e+01,0.000000000000000000e+00,2.630182793199999836e+01,-2.645824106499999928e+01,0.000000000000000000e+00,2.645824106499999928e+01
7.847908608600000058e+00,-2.622512731500000172e+01,0.000000000000000000e+00,2.622512731500000172e+01,-2.645739404500000092e+01,0.000000000000000000e+00,2.645739404500000092e+01
7.867928528500000240e+00,-2.605804522700000092e+01,0.000000000000000000e+00,2.605804522700000092e+01,-2.671964250899999982e+01,0.000000000000000000e+00,2.671964250899999982e+01
7.887948448399999535e+00,-2.595338496600000155e+01,0.000000000000000000e+00,2.595338496600000155e+01,-2.703122233599999902e+01,0.000000000000000000e+00,2.703122233599999902e+01
7.907968368399999726e+00,-2.591588373400000123e+01,0.000000000000000000e+00,2.591588373400000123e+01,-2.704597919600000111e+01,0.000000000000000000e+00,2.704597919600000111e+01
7.927988288299999908e+00,-2.593744580599999949e+01,0.000000000000000000e+00,2.593744580599999949e+01,-2.731676457100000022e+01,0.000000000000000000e+00,2.731676457100000022e+01
7.948008208200000091e+00,-2.590422890900000041e+01,0.000000000000000000e+00,2.590422890900000041e+01,-2.755973733700000139e+01,0.000000000000000000e+00,2.755973733700000139e+01
7.968028128100000274e+00,-2.592260874999999842e+01,0.000000000000000000e+00,2.592260874999999842e+01,-2.761401673499999987e+01,0.000000000000000000e+00,2.761401673499999987e+01
7.988048047999999568e+00,-2.596455932900000008e+01,0.000000000000000000e+00,2.596455932900000008e+01,-2.769463296400000019e+01,0.000000000000000000e+00,2.769463296400000019e+01
8.008067968000000647e+00,-2.605869254499999954e+01,0.000000000000000000e+00,2.605869254499999954e+01,-2.787043554699999959e+01,0.000000000000000000e+00,2.787043554699999959e+01
8.028087887899999942e+00,-2.609874888199999887e+01,0.000000000000000000e+00,2.609874888199999887e+01,-2.787088621299999858e+01,0.000000000000000000e+00,2.787088621299999858e+01
8.048107807800001012e+00,-2.614917671699999957e+01,0.000000000000000000e+00,2.614917671699999957e+01,-2.780871217900000048e+01,0.000000000000000000e+00,2.780871217900000048e+01
8.068127727700000307e+00,-2.620019421599999987e+01,0.000000000000000000e+00,2.620019421599999987e+01,-2.795633376800000036e+01,0.000000000000000000e+00,2.795633376800000036e+01
8.088147647599999601e+00,-2.627025688399999837e+01,0.000000000000000000e+00,2.627025688399999837e+01,-2.813162395899999879e+01,0.000000000000000000e+00,2.813162395899999879e+01
8.108167567600000680e+00,-2.636287750700000032e+01,0.000000000000000000e+00,2.636287750700000032e+01,-2.799721794099999883e+01,0.000000000000000000e+00,2.799721794099999883e+01
8.128187487499999975e+00,-2.643600064199999977e+01,0.000000000000000000e+00,2.643600064199999977e+01,-2.816938706199999842e+01,0.000000000000000000e+00,2.816938706199999842e+01
8.148207407399999269e+00,-2.631356952799999860e+01,0.000000000000000000e+00,2.631356952799999860e+01,-2.849548181799999824e+01,0.000000000000000000e+00,2.849548181799999824e+01
8.168227327300000340e+00,-2.617736730400000056e+01,0.000000000000000000e+00,2.617736730400000056e+01,-2.849633628300000154e+01,0.000000000000000000e+00,2.849633628300000154e+01
8.188247247199999634e+00,-2.595733401400000062e+01,0.000000000000000000e+00,2.595733401400000062e+01,-2.861108192500000058e+01,0.000000000000000000e+00,2.861108192500000058e+01
8.208267167199998937e+00,-2.568036989000000148e+01,0.000000000000000000e+00,2.568036989000000148e+01,-2.884425505300000125e+01,0.000000000000000000e+00,2.884425505300000125e+01
8.228287087100000008e+00,-2.552013224099999888e+01,0.000000000000000000e+00,2.552013224099999888e+01,-2.887617551499999990e+01,0.000000000000000000e+00,2.887617551499999990e+01
8.248307006999999302e+00,-2.535547847500000174e+01,0.000000000000000000e+00,2.535547847500000174e+01,-2.898825888100000014e+01,0.000000000000000000e+00,2.898825888100000014e+01
8.268326926900000373e+00,-2.524407838200000143e+01,0.000000000000000000e+00,2.524407838200000143e+01,-2.891581661400000058e+01,0.000000000000000000e+00,2.891581661400000058e+01
8.288346846799999668e+00,-2.517452830199999880e+01,0.000000000000000000e+00,2.517452830199999880e+01,-2.902747553600000074e+01,0.000000000000000000e+00,2.902747553600000074e+01
8.308366766800000747e+00,-2.518365074600000142e+01,0.000000000000000000e+00,2.518365074600000142e+01,-2.906258867600000073e+01,0.000000000000000000e+00,2.906258867600000073e+01
8.328386686700000041e+00,-2.521021021399999995e+01,0.000000000000000000e+00,2.521021021399999995e+01,-2.887453285799999847e+01,0.000000000000000000e+00,2.887453285799999847e+01
8.348406606600001112e+00,-2.526604732399999875e+01,0.000000000000000000e+00,2.526604732399999875e+01,-2.869674112099999874e+01,0.000000000000000000e+00,2.869674112099999874e+01
8.368426526500000406e+00,-2.538099460500000148e+01,0.000000000000000000e+00,2.538099460500000148e+01,-2.845714637600000074e+01,0.000000000000000000e+00,2.845714637600000074e+01
8.388446446399999701e+00,-2.549145600599999995e+01,0.000000000000000000e+00,2.549145600599999995e+01,-2.782839113800000064e+01,0.000000000000000000e+00,2.782839113800000064e+01
8.408466366399999004e+00,-2.571826818099999912e+01,0.000000000000000000e+00,2.571826818099999912e+01,-2.742723297699999918e+01,0.000000000000000000e+00,2.742723297699999918e+01
8.428486286300000074e+00,-2.602613988499999920e+01,0.000000000000000000e+00,2.602613988499999920e+01,-2.729882514199999832e+01,0.000000000000000000e+00,2.729882514199999832e+01
8.448506206199999369e+00,-2.641047369099999997e+01,0.000000000000000000e+00,2.641047369099999997e+01,-2.697313372099999995e+01,0.000000000000000000e+00,2.697313372099999995e+01
8.468526126100000440e+00,-2.674652095700000132e+01,0.000000000000000000e+00,2.674652095700000132e+01,-2.664532145200000102e+01,0.000000000000000000e+00,2.664532145200000102e+01
8.488546045999999734e+00,-2.715966115000000158e+01,0.000000000000000000e+00,2.715966115000000158e+01,-2.654258453799999984e+01,0.000000000000000000e+00,2.654258453799999984e+01
8.508565966000000813e+00,-2.759376979800000029e+01,0.000000000000000000e+00,2.759376979800000029e+01,-2.656719804700000154e+01,0.000000000000000000e+00,2.656719804700000154e+01
8.528585885900000108e+00,-2.795957191999999836e+01,0.000000000000000000e+00,2.795957191999999836e+01,-2.642871617899999848e+01,0.000000000000000000e+00,2.642871617899999848e+01
8.548605805799999402e+00,-2.812293434100000056e+01,0.000000000000000000e+00,2.812293434100000056e+01,-2.640005875199999963e+01,0.000000000000000000e+00,2.640005875199999963e+01
8.568625725700000473e+00,-2.833912328899999977e+01,0.000000000000000000e+00,2.833912328899999977e+01,-2.655532383399999929e+01,0.000000000000000000e+00,2.655532383399999929e+01
8.588645645599999767e+00,-2.841253094700000048e+01,0.000000000000000000e+00,2.841253094700000048e+01,-2.674429131799999837e+01,0.000000000000000000e+00,2.674429131799999837e+01
8.608665565600000846e+00,-2.824211187299999892e+01,0.000000000000000000e+00,2.824211187299999892e+01,-2.702719010699999913e+01,0.000000000000000000e+00,2.702719010699999913e+01
8.628685485500000141e+00,-2.800807497599999962e+01,0.000000000000000000e+00,2.800807497599999962e+01,-2.741213340999999915e+01,0.000000000000000000e+00,2.741213340999999915e+01
8.648705405399999435e+00,-2.769745657500000036e+01,0.000000000000000000e+00,2.769745657500000036e+01,-2.765308659700000149e+01,0.000000000000000000e+00,2.765308659700000149e+01
8.668725325299998730e+00,-2.756947676100000066e+01,0.000000000000000000e+00,2.756947676100000066e+01,-2.791984473000000122e+01,0.000000000000000000e+00,2.791984473000000122e+01
8.688745245200001577e+00,-2.759866541799999951e+01,0.000000000000000000e+00,2.759866541799999951e+01,-2.835556260499999937e+01,0.000000000000000000e+00,2.835556260499999937e+01
8.708765165200000880e+00,-2.753179967100000169e+01,0.000000000000000000e+00,2.753179967100000169e+01,-2.869565736899999919e+01,0.000000000000000000e+00,2.869565736899999919e+01
8.728785085100000174e+00,-2.753146381299999845e+01,0.000000000000000000e+00,2.753146381299999845e+01,-2.877187991199999928e+01,0.000000000000000000e+00,2.877187991199999928e+01
8.748805004999999468e+00,-2.764413289999999890e+01,0.000000000000000000e+00,2.764413289999999890e+01,-2.876410360499999896e+01,0.000000000000000000e+00,2.876410360499999896e+01
8.768824924899998763e+00,-2.757676701500000149e+01,0.000000000000000000e+00,2.757676701500000149e+01,-2.897694485699999944e+01,0.000000000000000000e+00,2.897694485699999944e+01
8.788844844799999834e+00,-2.742241096800000122e+01,0.000000000000000000e+00,2.742241096800000122e+01,-2.901301002199999957e+01,0.000000000000000000e+00,2.901301002199999957e+01
8.808864764799999136e+00,-2.748629905299999976e+01,0.000000000000000000e+00,2.748629905299999976e+01,-2.875465819200000084e+01,0.000000000000000000e+00,2.875465819200000084e+01
8.828884684700000207e+00,-2.749908338199999847e+01,0.000000000000000000e+00,2.749908338199999847e+01,-2.845701371799999890e+01,0.000000000000000000e+00,2.845701371799999890e+01
8.848904604599999502e+00,-2.752929035800000079e+01,0.000000000000000000e+00,2.752929035800000079e+01,-2.811173442500000164e+01,0.000000000000000000e+00,2.811173442500000164e+01
8.868924524500000572e+00,-2.770256041000000025e+01,0.000000000000000000e+00,2.770256041000000025e+01,-2.778827117100000166e+01,0.000000000000000000e+00,2.778827117100000166e+01
8.888944444399999867e+00,-2.788989126899999960e+01,0.000000000000000000e+00,2.788989126899999960e+01,-2.717907846299999974e+01,0.000000000000000000e+00,2.717907846299999974e+01
8.908964364399999170e+00,-2.809840231200000105e+01,0.000000000000000000e+00,2.809840231200000105e+01,-2.684546117700000067e+01,0.000000000000000000e+00,2.684546117700000067e+01
8.928984284299998464e+00,-2.839265190600000111e+01,0.000000000000000000e+00,2.839265190600000111e+01,-2.660816715400000021e+01,0.000000000000000000e+00,2.660816715400000021e+01
8.949004204200001311e+00,-2.872598206099999985e+01,0.000000000000000000e+00,2.872598206099999985e+01,-2.625469516400000103e+01,0.000000000000000000e+00,2.625469516400000103e+01
8.969024124100000606e+00,-2.903669194200000092e+01,0.000000000000000000e+00,2.903669194200000092e+01,-2.592844742500000166e+01,0.000000000000000000e+00,2.592844742500000166e+01
8.989044043999999900e+00,-2.934568119100000061e+01,0.000000000000000000e+00,2.934568119100000061e+01,-2.587582530199999908e+01,0.000000000000000000e+00,2.587582530199999908e+01
9.009063963999999203e+00,-2.973271564999999939e+01,0.000000000000000000e+00,2.973271564999999939e+01,-2.580856048900000133e+01,0.000000000000000000e+00,2.580856048900000133e+01
9.029083883900000274e+00,-2.993957889200000011e+01,0.000000000000000000e+00,2.993957889200000011e+01,-2.569108257799999961e+01,0.000000000000000000e+00,2.569108257799999961e+01
9.049103803799999568e+00,-3.009006220999999925e+01,0.000000000000000000e+00,3.009006220999999925e+01,-2.574162761099999841e+01,0.000000000000000000e+00,2.574162761099999841e+01
9.069123723700000639e+00,-3.036835856500000119e+01,0.000000000000000000e+00,3.036835856500000119e+01,-2.594138647899999839e+01,0.000000000000000000e+00,2.594138647899999839e+01
9.089143643599999933e+00,-3.050456545500000161e+01,0.000000000000000000e+00,3.050456545500000161e+01,-2.597432585900000035e+01,0.000000000000000000e+00,2.597432585900000035e+01
9.109163563600001012e+00,-3.063425063600000087e+01,0.000000000000000000e+00,3.063425063600000087e+01,-2.615291977500000087e+01,0.000000000000000000e+00,2.615291977500000087e+01
9.129183483500000307e+00,-3.072340839099999954e+01,0.000000000000000000e+00,3.072340839099999954e+01,-2.649970540500000027e+01,0.000000000000000000e+00,2.649970540500000027e+01
9.149203403399999601e+00,-3.058396688899999916e+01,0.000000000000000000e+00,3.058396688899999916e+01,-2.677359500800000092e+01,0.000000000000000000e+00,2.677359500800000092e+01
9.169223323299998896e+00,-3.054415792300000021e+01,0.000000000000000000e+00,3.054415792300000021e+01,-2.683452970100000101e+01,0.000000000000000000e+00,2.683452970100000101e+01
9.189243243199999966e+00,-3.041640771499999829e+01,0.000000000000000000e+00,3.041640771499999829e+01,-2.725222814600000021e+01,0.000000000000000000e+00,2.725222814600000021e+01
9.209263163200001046e+00,-3.037697300299999981e+01,0.000000000000000000e+00,3.037697300299999981e+01,-2.763381269199999934e+01,0.000000000000000000e+00,2.763381269199999934e+01
9.229283083100000340e+00,-3.041221007100000051e+01,0.000000000000000000e+00,3.041221007100000051e+01,-2.784016195699999940e+01,0.000000000000000000e+00,2.784016195699999940e+01
9.249303002999999634e+00,-3.068660072500000169e+01,0.000000000000000000e+00,3.068660072500000169e+01,-2.823150680099999832e+01,0.000000000000000000e+00,2.823150680099999832e+01
9.269322922899998929e+00,-3.088765337099999897e+01,0.000000000000000000e+00,3.088765337099999897e+01,-2.867058143499999900e+01,0.000000000000000000e+00,2.867058143499999900e+01
9.289342842800000000e+00,-3.121784834500000017e+01,0.000000000000000000e+00,3.121784834500000017e+01,-2.924967071300000043e+01,0.000000000000000000e+00,2.924967071300000043e+01
9.309362762799999302e+00,-3.164036124800000138e+01,0.000000000000000000e+00,3.164036124800000138e+01,-2.961536260999999826e+01,0.000000000000000000e+00,2.961536260999999826e+01
9.329382682700000373e+00,-3.204597635900000085e+01,0.000000000000000000e+00,3.204597635900000085e+01,-3.016841622000000100e+01,0.000000000000000000e+00,3.016841622000000100e+01
9.349402602599999668e+00,-3.215836388099999965e+01,0.000000000000000000e+00,3.215836388099999965e+01,-3.063086090299999853e+01,0.000000000000000000e+00,3.063086090299999853e+01
9.369422522500000738e+00,-3.221984111900000158e+01,0.000000000000000000e+00,3.221984111900000158e+01,-3.072730395099999967e+01,0.000000000000000000e+00,3.072730395099999967e+01
9.389442442400000033e+00,-3.234489860099999703e+01,0.000000000000000000e+00,3.234489860099999703e+01,-3.079614355500000045e+01,0.000000000000000000e+00,3.079614355500000045e+01
9.409462362399999336e+00,-3.231718760199999707e+01,0.000000000000000000e+00,3.231718760199999707e+01,-3.090231752100000051e+01,0.000000000000000000e+00,3.090231752100000051e+01
9.429482282299998630e+00,-3.235827462499999996e+01,0.000000000000000000e+00,3.235827462499999996e+01,-3.094963493699999901e+01,0.000000000000000000e+00,3.094963493699999901e+01
9.449502202200001477e+00,-3.255751018899999849e+01,0.000000000000000000e+00,3.255751018899999849e+01,-3.075289790600000117e+01,0.000000000000000000e+00,3.075289790600000117e+01
9.469522122100000772e+00,-3.258659188699999731e+01,0.000000000000000000e+00,3.258659188699999731e+01,-3.075472893799999952e+01,0.000000000000000000e+00,3.075472893799999952e+01
9.489542042000000066e+00,-3.249105705899999919e+01,0.000000000000000000e+00,3.249105705899999919e+01,-3.075236867099999927e+01,0.000000000000000000e+00,3.075236867099999927e+01
9.509561961999999369e+00,-3.260868842899999720e+01,0.000000000000000000e+00,3.260868842899999720e+01,-3.049111190300000018e+01,0.000000000000000000e+00,3.049111190300000018e+01
9.529581881900000440e+00,-3.270719887300000295e+01,0.000000000000000000e+00,3.270719887300000295e+01,-3.029915605700000114e+01,0.000000000000000000e+00,3.029915605700000114e+01
9.549601801799999734e+00,-3.267953730199999995e+01,0.000000000000000000e+00,3.267953730199999995e+01,-3.012654931999999874e+01,0.000000000000000000e+00,3.012654931999999874e+01
9.569621721700000805e+00,-3.263764623800000209e+01,0.000000000000000000e+00,3.263764623800000209e+01,-2.992521289700000153e+01,0.000000000000000000e+00,2.992521289700000153e+01
9.589641641600000099e+00,-3.249689067300000289e+01,0.000000000000000000e+00,3.249689067300000289e+01,-2.992236206000000109e+01,0.000000000000000000e+00,2.992236206000000109e+01
9.609661561600001178e+00,-3.229120744099999740e+01,0.000000000000000000e+00,3.229120744099999740e+01,-2.975783042600000172e+01,0.000000000000000000e+00,2.975783042600000172e+01
9.629681481500000473e+00,-3.191467163500000126e+01,0.000000000000000000e+00,3.191467163500000126e+01,-2.985478399799999849e+01,0.000000000000000000e+00,2.985478399799999849e+01
9.649701401399999767e+00,-3.160633079500000164e+01,0.000000000000000000e+00,3.160633079500000164e+01,-3.012497950399999880e+01,0.000000000000000000e+00,3.012497950399999880e+01
9.669721321299999062e+00,-3.130973997099999906e+01,0.000000000000000000e+00,3.130973997099999906e+01,-3.037378427899999878e+01,0.000000000000000000e+00,3.037378427899999878e+01
9.689741241200000132e+00,-3.105444581200000087e+01,0.000000000000000000e+00,3.105444581200000087e+01,-3.062099291599999873e+01,0.000000000000000000e+00,3.062099291599999873e+01
9.709761161200001212e+00,-3.083186427500000093e+01,0.000000000000000000e+00,3.083186427500000093e+01,-3.124495820199999940e+01,0.000000000000000000e+00,3.124495820199999940e+01
9.729781081100000506e+00,-3.054395515599999911e+01,0.000000000000000000e+00,3.054395515599999911e+01,-3.167961786800000112e+01,0.000000000000000000e+00,3.167961786800000112e+01
9.749801000999999800e+00,-3.031972607699999855e+01,0.000000000000000000e+00,3.031972607699999855e+01,-3.209345021800000097e+01,0.000000000000000000e+00,3.209345021800000097e+01
9.769820920899999095e+00,-3.011197535000000158e+01,0.000000000000000000e+00,3.011197535000000158e+01,-3.274074982399999811e+01,0.000000000000000000e+00,3.274074982399999811e+01
9.789840840799998389e+00,-2.993234540799999976e+01,0.000000000000000000e+00,2.993234540799999976e+01,-3.322434246899999977e+01,0.000000000000000000e+00,3.322434246899999977e+01
9.809860760799999468e+00,-2.979212289199999830e+01,0.000000000000000000e+00,2.979212289199999830e+01,-3.364504831299999665e+01,0.000000000000000000e+00,3.364504831299999665e+01
9.829880680700000539e+00,-2.957544695400000023e+01,0.000000000000000000e+00,2.957544695400000023e+01,-3.441214668500000329e+01,0.000000000000000000e+00,3.441214668500000329e+01
9.849900600599999834e+00,-2.945626318400000088e+01,0.000000000000000000e+00,2.945626318400000088e+01,-3.518362493899999777e+01,0.000000000000000000e+00,3.518362493899999777e+01
9.869920520499999128e+00,-2.934264609799999945e+01,0.000000000000000000e+00,2.934264609799999945e+01,-3.604964710200000155e+01,0.000000000000000000e+00,3.604964710200000155e+01
9.889940440400000199e+00,-2.931659227999999828e+01,0.000000000000000000e+00,2.931659227999999828e+01,-3.693294130499999994e+01,0.000000000000000000e+00,3.693294130499999994e+01
9.909960360399999502e+00,-2.927689938800000036e+01,0.000000000000000000e+00,2.927689938800000036e+01,-3.834696840899999870e+01,0.000000000000000000e+00,3.834696840899999870e+01
9.929980280299998796e+00,-2.924848123800000010e+01,0.000000000000000000e+00,2.924848123800000010e+01,-3.960145282199999883e+01,0.000000000000000000e+00,3.960145282199999883e+01
9.950000200200001643e+00,-2.925783158899999847e+01,0.000000000000000000e+00,2.925783158899999847e+01,-4.120623473599999897e+01,0.000000000000000000e+00,4.120623473599999897e+01
9.970020120100000938e+00,-2.928670123899999922e+01,0.000000000000000000e+00,2.928670123899999922e+01,-4.273725080999999903e+01,0.000000000000000000e+00,4.273725080999999903e+01
9.990040040000000232e+00,-2.910540662700000070e+01,0.000000000000000000e+00,2.910540662700000070e+01,-4.428407484299999908e+01,0.000000000000000000e+00,4.428407484299999908e+01
1.001005995999999953e+01,-2.907468064900000115e+01,0.000000000000000000e+00,2.907468064900000115e+01,-4.383527498600000172e+01,0.000000000000000000e+00,4.383527498600000172e+01
1.003007988000000061e+01,-2.916372440499999996e+01,0.000000000000000000e+00,2.916372440499999996e+01,-4.242434861099999921e+01,0.000000000000000000e+00,4.242434861099999921e+01
1.005009979999999992e+01,-2.911269711399999949e+01,0.000000000000000000e+00,2.911269711399999949e+01,-4.105966020799999683e+01,0.000000000000000000e+00,4.105966020799999683e+01
1.007011971999999922e+01,-2.902166633199999879e+01,0.000000000000000000e+00,2.902166633199999879e+01,-3.934442050999999907e+01,0.000000000000000000e+00,3.934442050999999907e+01
1.009013964000000030e+01,-2.894089620800000162e+01,0.000000000000000000e+00,2.894089620800000162e+01,-3.825338388800000189e+01,0.000000000000000000e+00,3.825338388800000189e+01
1.011015955999999960e+01,-2.893836490500000025e+01,0.000000000000000000e+00,2.893836490500000025e+01,-3.765776721000000293e+01,0.000000000000000000e+00,3.765776721000000293e+01
1.013017947900000060e+01,-2.882866194800000059e+01,0.000000000000000000e+00,2.882866194800000059e+01,-3.657520715799999778e+01,0.000000000000000000e+00,3.657520715799999778e+01
1.015019939899999990e+01,-2.890658372200000059e+01,0.000000000000000000e+00,2.890658372200000059e+01,-3.645807210200000270e+01,0.000000000000000000e+00,3.645807210200000270e+01
1.017021931899999920e+01,-2.888773966200000132e+01,0.000000000000000000e+00,2.888773966200000132e+01,-3.619407529000000068e+01,0.000000000000000000e+00,3.619407529000000068e+01
1.019023923900000028e+01,-2.901903962100000101e+01,0.000000000000000000e+00,2.901903962100000101e+01,-3.581846392300000304e+01,0.000000000000000000e+00,3.581846392300000304e+01
1.021025915899999958e+01,-2.917053372899999886e+01,0.000000000000000000e+00,2.917053372899999886e+01,-3.630567492299999799e+01,0.000000000000000000e+00,3.630567492299999799e+01
1.023027907900000066e+01,-2.926327805400000059e+01,0.000000000000000000e+00,2.926327805400000059e+01,-3.646252514700000091e+01,0.000000000000000000e+00,3.646252514700000091e+01
1.025029899899999997e+01,-2.938273389500000121e+01,0.000000000000000000e+00,2.938273389500000121e+01,-3.673203934299999673e+01,0.000000000000000000e+00,3.673203934299999673e+01
1.027031891899999927e+01,-2.959049691899999956e+01,0.000000000000000000e+00,2.959049691899999956e+01,-3.807978227200000276e+01,0.000000000000000000e+00,3.807978227200000276e+01
1.029033883900000035e+01,-2.985875927500000060e+01,0.000000000000000000e+00,2.985875927500000060e+01,-3.845923223599999830e+01,0.000000000000000000e+00,3.845923223599999830e+01
1.031035875899999965e+01,-3.020327688100000074e+01,0.000000000000000000e+00,3.020327688100000074e+01,-3.957207303799999920e+01,0.000000000000000000e+00,3.957207303799999920e+01
1.033037867900000073e+01,-3.068957638299999857e+01,0.000000000000000000e+00,3.068957638299999857e+01,-4.218949032799999799e+01,0.000000000000000000e+00,4.218949032799999799e+01
1.035039859900000003e+01,-3.112102204199999989e+01,0.000000000000000000e+00,3.112102204199999989e+01,-4.325778571899999747e+01,0.000000000000000000e+00,4.325778571899999747e+01
1.037041851899999934e+01,-3.154391934099999872e+01,0.000000000000000000e+00,3.154391934099999872e+01,-4.678125248300000294e+01,0.000000000000000000e+00,4.678125248300000294e+01
1.039043843800000033e+01,-3.200929308300000287e+01,0.000000000000000000e+00,3.200929308300000287e+01,-5.408320219899999870e+01,0.000000000000000000e+00,5.408320219899999870e+01
1.041045835799999963e+01,-3.236175431000000202e+01,0.000000000000000000e+00,3.236175431000000202e+01,-5.645924642699999652e+01,0.000000000000000000e+00,5.645924642699999652e+01
1.043047827800000071e+01,-3.243261689199999864e+01,0.000000000000000000e+00,3.243261689199999864e+01,-4.949289725300000242e+01,0.000000000000000000e+00,4.949289725300000242e+01
1.045049819800000002e+01,-3.235172995300000309e+01,0.000000000000000000e+00,3.235172995300000309e+01,-4.461416980999999993e+01,0.000000000000000000e+00,4.461416980999999993e+01
1.047051811799999932e+01,-3.208054661599999946e+01,0.000000000000000000e+00,3.208054661599999946e+01,-4.230222180300000190e+01,0.000000000000000000e+00,4.230222180300000190e+01
1.049053803800000040e+01,-3.176730533399999956e+01,0.000000000000000000e+00,3.176730533399999956e+01,-3.990679947999999655e+01,0.000000000000000000e+00,3.990679947999999655e+01
1.051055795799999970e+01,-3.142082505400000159e+01,0.000000000000000000e+00,3.142082505400000159e+01,-3.802327662199999736e+01,0.000000000000000000e+00,3.802327662199999736e+01
1.053057787800000078e+01,-3.126659385399999991e+01,0.000000000000000000e+00,3.126659385399999991e+01,-3.681883721599999859e+01,0.000000000000000000e+00,3.681883721599999859e+01
1.055059779800000008e+01,-3.113298903800000161e+01,0.000000000000000000e+00,3.113298903800000161e+01,-3.552548656399999771e+01,0.000000000000000000e+00,3.552548656399999771e+01
1.057061771799999939e+01,-3.116567315600000043e+01,0.000000000000000000e+00,3.116567315600000043e+01,-3.452546463699999890e+01,0.000000000000000000e+00,3.452546463699999890e+01
1.059063763800000046e+01,-3.131134442899999826e+01,0.000000000000000000e+00,3.131134442899999826e+01,-3.392856730199999760e+01,0.000000000000000000e+00,3.392856730199999760e+01
1.061065755799999977e+01,-3.160463194700000145e+01,0.000000000000000000e+00,3.160463194700000145e+01,-3.330905866100000168e+01,0.000000000000000000e+00,3.330905866100000168e+01
1.063067747700000076e+01,-3.193717753800000025e+01,0.000000000000000000e+00,3.193717753800000025e+01,-3.254530412700000142e+01,0.000000000000000000e+00,3.254530412700000142e+01
1.065069739700000007e+01,-3.258094755300000145e+01,0.000000000000000000e+00,3.258094755300000145e+01,-3.237418445200000150e+01,0.000000000000000000e+00,3.237418445200000150e+01
1.067071731699999937e+01,-3.321792452599999734e+01,0.000000000000000000e+00,3.321792452599999734e+01,-3.197295864499999851e+01,0.000000000000000000e+00,3.197295864499999851e+01
1.069073723700000045e+01,-3.398571167000000059e+01,0.000000000000000000e+00,3.398571167000000059e+01,-3.141672534799999994e+01,0.000000000000000000e+00,3.141672534799999994e+01
1.071075715699999975e+01,-3.483709544300000260e+01,0.000000000000000000e+00,3.483709544300000260e+01,-3.136962423599999994e+01,0.000000000000000000e+00,3.136962423599999994e+01
1.073077707700000083e+01,-3.591799530400000151e+01,0.000000000000000000e+00,3.591799530400000151e+01,-3.123812394699999828e+01,0.000000000000000000e+00,3.123812394699999828e+01
1.075079699700000013e+01,-3.676961040500000166e+01,0.000000000000000000e+00,3.676961040500000166e+01,-3.120838533799999936e+01,0.000000000000000000e+00,3.120838533799999936e+01
1.077081691699999944e+01,-3.779742333899999807e+01,0.000000000000000000e+00,3.779742333899999807e+01,-3.109991891499999994e+01,0.000000000000000000e+00,3.109991891499999994e+01
1.079083683700000051e+01,-3.881267891400000281e+01,0.000000000000000000e+00,3.881267891400000281e+01,-3.129115866400000101e+01,0.000000000000000000e+00,3.129115866400000101e+01
1.081085675699999982e+01,-3.916772194299999654e+01,0.000000000000000000e+00,3.916772194299999654e+01,-3.141494437000000062e+01,0.000000000000000000e+00,3.141494437000000062e+01
1.083087667699999912e+01,-3.942745191899999924e+01,0.000000000000000000e+00,3.942745191899999924e+01,-3.179677201499999839e+01,0.000000000000000000e+00,3.179677201499999839e+01
1.085089659700000020e+01,-3.930836492899999968e+01,0.000000000000000000e+00,3.930836492899999968e+01,-3.232275938499999768e+01,0.000000000000000000e+00,3.232275938499999768e+01
1.087091651699999950e+01,-3.886515236900000048e+01,0.000000000000000000e+00,3.886515236900000048e+01,-3.275660787099999993e+01,0.000000000000000000e+00,3.275660787099999993e+01
1.089093643600000050e+01,-3.829059576800000286e+01,0.000000000000000000e+00,3.829059576800000286e+01,-3.373600680999999923e+01,0.000000000000000000e+00,3.373600680999999923e+01
1.091095635599999980e+01,-3.766542858900000112e+01,0.000000000000000000e+00,3.766542858900000112e+01,-3.480835383200000166e+01,0.000000000000000000e+00,3.480835383200000166e+01
1.093097627600000088e+01,-3.704234986800000229e+01,0.000000000000000000e+00,3.704234986800000229e+01,-3.579028090100000270e+01,0.000000000000000000e+00,3.579028090100000270e+01
1.095099619600000018e+01,-3.690511094400000047e+01,0.000000000000000000e+00,3.690511094400000047e+01,-3.749456346299999865e+01,0.000000000000000000e+00,3.749456346299999865e+01
1.097101611599999949e+01,-3.685428029100000202e+01,0.000000000000000000e+00,3.685428029100000202e+01,-3.950921238699999805e+01,0.000000000000000000e+00,3.950921238699999805e+01
1.099103603600000056e+01,-3.692140596499999816e+01,0.000000000000000000e+00,3.692140596499999816e+01,-4.102865806900000223e+01,0.000000000000000000e+00,4.102865806900000223e+01
1.101105595599999987e+01,-3.708728187500000217e+01,0.000000000000000000e+00,3.708728187500000217e+01,-4.325212039600000224e+01,0.000000000000000000e+00,4.325212039600000224e+01
1.103107587599999917e+01,-3.729248612100000315e+01,0.000000000000000000e+00,3.729248612100000315e+01,-4.605561567899999886e+01,0.000000000000000000e+00,4.605561567899999886e+01
1.105109579600000025e+01,-3.747975983599999950e+01,0.000000000000000000e+00,3.747975983599999950e+01,-4.647668482000000267e+01,0.000000000000000000e+00,4.647668482000000267e+01
1.107111571599999955e+01,-3.767657077199999804e+01,0.000000000000000000e+00,3.767657077199999804e+01,-4.664726091899999716e+01,0.000000000000000000e+00,4.664726091899999716e+01
1.109113563600000063e+01,-3.793025353400000199e+01,0.000000000000000000e+00,3.793025353400000199e+01,-4.465572587999999854e+01,0.000000000000000000e+00,4.465572587999999854e+01
1.111115555599999993e+01,-3.784239739899999933e+01,0.000000000000000000e+00,3.784239739899999933e+01,-4.325319531600000289e+01,0.000000000000000000e+00,4.325319531600000289e+01
1.113117547499999915e+01,-3.783333477299999714e+01,0.000000000000000000e+00,3.783333477299999714e+01,-4.141463233999999716e+01,0.000000000000000000e+00,4.141463233999999716e+01
1.115119539500000023e+01,-3.737077697899999862e+01,0.000000000000000000e+00,3.737077697899999862e+01,-4.083441211299999907e+01,0.000000000000000000e+00,4.083441211299999907e+01
1.117121531499999953e+01,-3.700345152799999937e+01,0.000000000000000000e+00,3.700345152799999937e+01,-3.970623364499999752e+01,0.000000000000000000e+00,3.970623364499999752e+01
1.119123523500000061e+01,-3.635249127000000158e+01,0.000000000000000000e+00,3.635249127000000158e+01,-3.846514324200000345e+01,0.000000000000000000e+00,3.846514324200000345e+01
1.121125515499999992e+01,-3.561371068799999762e+01,0.000000000000000000e+00,3.561371068799999762e+01,-3.805706436900000256e+01,0.000000000000000000e+00,3.805706436900000256e+01
1.123127507499999922e+01,-3.495445699799999772e+01,0.000000000000000000e+00,3.495445699799999772e+01,-3.759081320300000328e+01,0.000000000000000000e+00,3.759081320300000328e+01
1.125129499500000030e+01,-3.444116291299999943e+01,0.000000000000000000e+00,3.444116291299999943e+01,-3.700486822900000305e+01,0.000000000000000000e+00,3.700486822900000305e+01
1.127131491499999960e+01,-3.402257078699999937e+01,0.000000000000000000e+00,3.402257078699999937e+01,-3.691182189700000293e+01,0.000000000000000000e+00,3.691182189700000293e+01
1.129133483500000068e+01,-3.392045347799999888e+01,0.000000000000000000e+00,3.392045347799999888e+01,-3.700732773899999728e+01,0.000000000000000000e+00,3.700732773899999728e+01
1.131135475499999998e+01,-3.370788134600000063e+01,0.000000000000000000e+00,3.370788134600000063e+01,-3.723201859000000269e+01,0.000000000000000000e+00,3.723201859000000269e+01
1.133137467499999929e+01,-3.364854514299999977e+01,0.000000000000000000e+00,3.364854514299999977e+01,-3.783485942499999766e+01,0.000000000000000000e+00,3.783485942499999766e+01
1.135139459500000036e+01,-3.352478190899999788e+01,0.000000000000000000e+00,3.352478190899999788e+01,-3.807307958999999897e+01,0.000000000000000000e+00,3.807307958999999897e+01
1.137141451499999967e+01,-3.325096961100000215e+01,0.000000000000000000e+00,3.325096961100000215e+01,-3.909681470499999989e+01,0.000000000000000000e+00,3.909681470499999989e+01
1.139143443400000066e+01,-3.302810739099999893e+01,0.000000000000000000e+00,3.302810739099999893e+01,-3.886530070700000294e+01,0.000000000000000000e+00,3.886530070700000294e+01
1.141145435399999997e+01,-3.300854056699999717e+01,0.000000000000000000e+00,3.300854056699999717e+01,-3.862986408500000124e+01,0.000000000000000000e+00,3.862986408500000124e+01
1.143147427399999927e+01,-3.273400806499999760e+01,0.000000000000000000e+00,3.273400806499999760e+01,-3.852354074000000139e+01,0.000000000000000000e+00,3.852354074000000139e+01
1.145149419400000035e+01,-3.266462235800000258e+01,0.000000000000000000e+00,3.266462235800000258e+01,-3.765955378499999995e+01,0.000000000000000000e+00,3.765955378499999995e+01
1.147151411399999965e+01,-3.246380724099999782e+01,0.000000000000000000e+00,3.246380724099999782e+01,-3.686379282600000096e+01,0.000000000000000000e+00,3.686379282600000096e+01
1.149153403400000073e+01,-3.225240553799999788e+01,0.000000000000000000e+00,3.225240553799999788e+01,-3.630631498200000351e+01,0.000000000000000000e+00,3.630631498200000351e+01
1.151155395400000003e+01,-3.199342163200000044e+01,0.000000000000000000e+00,3.199342163200000044e+01,-3.558833533300000340e+01,0.000000000000000000e+00,3.558833533300000340e+01
1.153157387399999934e+01,-3.200627649900000193e+01,0.000000000000000000e+00,3.200627649900000193e+01,-3.486909265300000271e+01,0.000000000000000000e+00,3.486909265300000271e+01
1.155159379400000041e+01,-3.218411027599999841e+01,0.000000000000000000e+00,3.218411027599999841e+01,-3.416855171499999955e+01,0.000000000000000000e+00,3.416855171499999955e+01
1.157161371399999972e+01,-3.235837059199999999e+01,0.000000000000000000e+00,3.235837059199999999e+01,-3.334053019899999981e+01,0.000000000000000000e+00,3.334053019899999981e+01
1.159163363400000080e+01,-3.284107269300000098e+01,0.000000000000000000e+00,3.284107269300000098e+01,-3.260872965499999765e+01,0.000000000000000000e+00,3.260872965499999765e+01
1.161165355400000010e+01,-3.340708484900000030e+01,0.000000000000000000e+00,3.340708484900000030e+01,-3.164378034099999937e+01,0.000000000000000000e+00,3.164378034099999937e+01
1.163167347299999932e+01,-3.418053431100000239e+01,0.000000000000000000e+00,3.418053431100000239e+01,-3.112086133200000049e+01,0.000000000000000000e+00,3.112086133200000049e+01
1.165169339300000040e+01,-3.517467902599999974e+01,0.000000000000000000e+00,3.517467902599999974e+01,-3.080249735599999994e+01,0.000000000000000000e+00,3.080249735599999994e+01
1.167171331299999970e+01,-3.628601448700000276e+01,0.000000000000000000e+00,3.628601448700000276e+01,-3.027333198699999883e+01,0.000000000000000000e+00,3.027333198699999883e+01
1.169173323300000078e+01,-3.729581752899999714e+01,0.000000000000000000e+00,3.729581752899999714e+01,-2.969830836699999921e+01,0.000000000000000000e+00,2.969830836699999921e+01
1.171175315300000008e+01,-3.833615211099999698e+01,0.000000000000000000e+00,3.833615211099999698e+01,-2.949943325599999966e+01,0.000000000000000000e+00,2.949943325599999966e+01
1.173177307299999939e+01,-3.943255299100000144e+01,0.000000000000000000e+00,3.943255299100000144e+01,-2.936163394700000140e+01,0.000000000000000000e+00,2.936163394700000140e+01
1.175179299300000046e+01,-3.995543899700000168e+01,0.000000000000000000e+00,3.995543899700000168e+01,-2.923420737600000052e+01,0.000000000000000000e+00,2.923420737600000052e+01
1.177181291299999977e+01,-4.070926517299999858e+01,0.000000000000000000e+00,4.070926517299999858e+01,-2.923355692399999839e+01,0.000000000000000000e+00,2.923355692399999839e+01
1.179183283300000085e+01,-4.119856644200000062e+01,0.000000000000000000e+00,4.119856644200000062e+01,-2.922787319400000072e+01,0.000000000000000000e+00,2.922787319400000072e+01
1.181185275300000015e+01,-4.113856711199999694e+01,0.000000000000000000e+00,4.113856711199999694e+01,-2.914819430800000077e+01,0.000000000000000000e+00,2.914819430800000077e+01
1.183187267299999945e+01,-4.112789251699999937e+01,0.000000000000000000e+00,4.112789251699999937e+01,-2.935350074799999831e+01,0.000000000000000000e+00,2.935350074799999831e+01
1.185189259300000053e+01,-4.161514433100000332e+01,0.000000000000000000e+00,4.161514433100000332e+01,-2.963770646800000108e+01,0.000000000000000000e+00,2.963770646800000108e+01
1.187191251299999983e+01,-4.173021341700000164e+01,0.000000000000000000e+00,4.173021341700000164e+01,-2.977802699000000075e+01,0.000000000000000000e+00,2.977802699000000075e+01
1.189193243200000083e+01,-4.113342553599999718e+01,0.000000000000000000e+00,4.113342553599999718e+01,-3.003465207800000059e+01,0.000000000000000000e+00,3.003465207800000059e+01
1.191195235200000013e+01,-4.148194335600000215e+01,0.000000000000000000e+00,4.148194335600000215e+01,-3.042901567399999863e+01,0.000000000000000000e+00,3.042901567399999863e+01
1.193197227199999944e+01,-4.189594511300000335e+01,0.000000000000000000e+00,4.189594511300000335e+01,-3.068503621300000006e+01,0.000000000000000000e+00,3.068503621300000006e+01
1.195199219200000051e+01,-4.206313082399999814e+01,0.000000000000000000e+00,4.206313082399999814e+01,-3.108228148799999957e+01,0.000000000000000000e+00,3.108228148799999957e+01
1.197201211199999982e+01,-4.230264201800000023e+01,0.000000000000000000e+00,4.230264201800000023e+01,-3.159905512899999991e+01,0.000000000000000000e+00,3.159905512899999991e+01
1.199203203199999912e+01,-4.275787130500000188e+01,0.000000000000000000e+00,4.275787130500000188e+01,-3.199704570800000170e+01,0.000000000000000000e+00,3.199704570800000170e+01
1.201205195200000020e+01,-4.321393527800000101e+01,0.000000000000000000e+00,4.321393527800000101e+01,-3.251720661600000284e+01,0.000000000000000000e+00,3.251720661600000284e+01
1.203207187199999950e+01,-4.355429031199999912e+01,0.000000000000000000e+00,4.355429031199999912e+01,-3.340009218699999849e+01,0.000000000000000000e+00,3.340009218699999849e+01
1.205209179200000058e+01,-4.325227881200000013e+01,0.000000000000000000e+00,4.325227881200000013e+01,-3.462673673900000182e+01,0.000000000000000000e+00,3.462673673900000182e+01
1.207211171199999988e+01,-4.271000454600000040e+01,0.000000000000000000e+00,4.271000454600000040e+01,-3.567812388299999782e+01,0.000000000000000000e+00,3.567812388299999782e+01
1.209213163199999919e+01,-4.270539623100000171e+01,0.000000000000000000e+00,4.270539623100000171e+01,-3.658492348499999736e+01,0.000000000000000000e+00,3.658492348499999736e+01
1.211215155200000027e+01,-4.272842590500000171e+01,0.000000000000000000e+00,4.272842590500000171e+01,-3.771877719599999779e+01,0.000000000000000000e+00,3.771877719599999779e+01
1.213217147099999949e+01,-4.229624520000000132e+01,0.000000000000000000e+00,4.229624520000000132e+01,-3.911508100900000073e+01,0.000000000000000000e+00,3.911508100900000073e+01
1.215219139100000056e+01,-4.248183736699999713e+01,0.000000000000000000e+00,4.248183736699999713e+01,-3.894754888199999954e+01,0.000000000000000000e+00,3.894754888199999954e+01
1.217221131099999987e+01,-4.301986632399999877e+01,0.000000000000000000e+00,4.301986632399999877e+01,-3.865228621100000339e+01,0.000000000000000000e+00,3.865228621100000339e+01
1.219223123099999917e+01,-4.268311065299999996e+01,0.000000000000000000e+00,4.268311065299999996e+01,-3.884852537399999761e+01,0.000000000000000000e+00,3.884852537399999761e+01
1.221225115100000025e+01,-4.304170807100000218e+01,0.000000000000000000e+00,4.304170807100000218e+01,-3.820133335700000288e+01,0.000000000000000000e+00,3.820133335700000288e+01
1.223227107099999955e+01,-4.222104737699999788e+01,0.000000000000000000e+00,4.222104737699999788e+01,-3.739760464700000142e+01,0.000000000000000000e+00,3.739760464700000142e+01
1.225229099100000063e+01,-4.071299031200000229e+01,0.000000000000000000e+00,4.071299031200000229e+01,-3.729021644200000196e+01,0.000000000000000000e+00,3.729021644200000196e+01
1.227231091099999993e+01,-3.950801389499999772e+01,0.000000000000000000e+00,3.950801389499999772e+01,-3.684303792499999730e+01,0.000000000000000000e+00,3.684303792499999730e+01
1.229233083099999924e+01,-3.850345245500000146e+01,0.000000000000000000e+00,3.850345245500000146e+01,-3.613867110900000057e+01,0.000000000000000000e+00,3.613867110900000057e+01
1.231235075100000032e+01,-3.774645018700000065e+01,0.000000000000000000e+00,3.774645018700000065e+01,-3.508053947199999811e+01,0.000000000000000000e+00,3.508053947199999811e+01
1.233237067099999962e+01,-3.723399092599999705e+01,0.000000000000000000e+00,3.723399092599999705e+01,-3.492361002900000244e+01,0.000000000000000000e+00,3.492361002900000244e+01
1.235239059100000070e+01,-3.681792699799999724e+01,0.000000000000000000e+00,3.681792699799999724e+01,-3.466661809099999658e+01,0.000000000000000000e+00,3.466661809099999658e+01
1.237241051100000000e+01,-3.682971538700000025e+01,0.000000000000000000e+00,3.682971538700000025e+01,-3.386284292999999934e+01,0.000000000000000000e+00,3.386284292999999934e+01
1.239243042999999922e+01,-3.694021067900000332e+01,0.000000000000000000e+00,3.694021067900000332e+01,-3.327874798700000269e+01,0.000000000000000000e+00,3.327874798700000269e+01
1.241245035000000030e+01,-3.726521178200000151e+01,0.000000000000000000e+00,3.726521178200000151e+01,-3.319793288999999703e+01,0.000000000000000000e+00,3.319793288999999703e+01
1.243247026999999960e+01,-3.725148717599999770e+01,0.000000000000000000e+00,3.725148717599999770e+01,-3.336749425000000002e+01,0.000000000000000000e+00,3.336749425000000002e+01
1.245249019000000068e+01,-3.785978166299999970e+01,0.000000000000000000e+00,3.785978166299999970e+01,-3.309363366400000217e+01,0.000000000000000000e+00,3.309363366400000217e+01
1.247251010999999998e+01,-3.948016848799999678e+01,0.000000000000000000e+00,3.948016848799999678e+01,-3.293816553100000277e+01,0.000000000000000000e+00,3.293816553100000277e+01
1.249253002999999929e+01,-4.035873538100000246e+01,0.000000000000000000e+00,4.035873538100000246e+01,-3.337625557500000184e+01,0.000000000000000000e+00,3.337625557500000184e+01
1.251254995000000036e+01,-4.085767804200000342e+01,0.000000000000000000e+00,4.085767804200000342e+01,-3.353137956999999858e+01,0.000000000000000000e+00,3.353137956999999858e+01
1.253256986999999967e+01,-4.200690842299999872e+01,0.000000000000000000e+00,4.200690842299999872e+01,-3.360450773200000185e+01,0.000000000000000000e+00,3.360450773200000185e+01
1.255258979000000075e+01,-4.299430919499999959e+01,0.000000000000000000e+00,4.299430919499999959e+01,-3.411871174499999881e+01,0.000000000000000000e+00,3.411871174499999881e+01
1.257260971000000005e+01,-4.161536717500000293e+01,0.000000000000000000e+00,4.161536717500000293e+01,-3.458361674700000066e+01,0.000000000000000000e+00,3.458361674700000066e+01
1.259262962999999935e+01,-4.011838448000000312e+01,0.000000000000000000e+00,4.011838448000000312e+01,-3.481675298799999752e+01,0.000000000000000000e+00,3.481675298799999752e+01
1.261264955000000043e+01,-3.952135911199999896e+01,0.000000000000000000e+00,3.952135911199999896e+01,-3.472173832699999707e+01,0.000000000000000000e+00,3.472173832699999707e+01
1.263266946899999965e+01,-3.907641046399999851e+01,0.000000000000000000e+00,3.907641046399999851e+01,-3.496452071699999919e+01,0.000000000000000000e+00,3.496452071699999919e+01
1.265268938900000073e+01,-3.809254772300000269e+01,0.000000000000000000e+00,3.809254772300000269e+01,-3.548735540999999927e+01,0.000000000000000000e+00,3.548735540999999927e+01
1.267270930900000003e+01,-3.721780714399999823e+01,0.000000000000000000e+00,3.721780714399999823e+01,-3.582445460200000298e+01,0.000000000000000000e+00,3.582445460200000298e+01
1.269272922899999934e+01,-3.630113016899999678e+01,0.000000000000000000e+00,3.630113016899999678e+01,-3.584497661599999674e+01,0.000000000000000000e+00,3.584497661599999674e+01
1.271274914900000041e+01,-3.500372595399999653e+01,0.000000000000000000e+00,3.500372595399999653e+01,-3.625634030199999813e+01,0.000000000000000000e+00,3.625634030199999813e+01
1.273276906899999972e+01,-3.357408623999999975e+01,0.000000000000000000e+00,3.357408623999999975e+01,-3.698944282800000138e+01,0.000000000000000000e+00,3.698944282800000138e+01
1.275278898900000080e+01,-3.295909537000000000e+01,0.000000000000000000e+00,3.295909537000000000e+01,-3.731827561200000076e+01,0.000000000000000000e+00,3.731827561200000076e+01
1.277280890900000010e+01,-3.260771493099999674e+01,0.000000000000000000e+00,3.260771493099999674e+01,-3.722559024299999919e+01,0.000000000000000000e+00,3.722559024299999919e+01
1.279282882899999940e+01,-3.298191812200000328e+01,0.000000000000000000e+00,3.298191812200000328e+01,-3.686299642600000226e+01,0.000000000000000000e+00,3.686299642600000226e+01
1.281284874900000048e+01,-3.394185502999999926e+01,0.000000000000000000e+00,3.394185502999999926e+01,-3.632395249000000348e+01,0.000000000000000000e+00,3.632395249000000348e+01
1.283286866899999978e+01,-3.598037970600000079e+01,0.000000000000000000e+00,3.598037970600000079e+01,-3.571654691399999848e+01,0.000000000000000000e+00,3.571654691399999848e+01
1.285288858900000086e+01,-3.868749652700000041e+01,0.000000000000000000e+00,3.868749652700000041e+01,-3.510552333300000072e+01,0.000000000000000000e+00,3.510552333300000072e+01
1.287290850900000017e+01,-4.011309534000000099e+01,0.000000000000000000e+00,4.011309534000000099e+01,-3.496730961899999812e+01,0.000000000000000000e+00,3.496730961899999812e+01
1.289292842799999939e+01,-4.051446473800000092e+01,0.000000000000000000e+00,4.051446473800000092e+01,-3.450485553499999725e+01,0.000000000000000000e+00,3.450485553499999725e+01
1.291294834800000046e+01,-4.101674433699999867e+01,0.000000000000000000e+00,4.101674433699999867e+01,-3.441231627599999854e+01,0.000000000000000000e+00,3.441231627599999854e+01
1.293296826799999977e+01,-4.187725805299999848e+01,0.000000000000000000e+00,4.187725805299999848e+01,-3.416521349899999649e+01,0.000000000000000000e+00,3.416521349899999649e+01
1.295298818800000085e+01,-4.405344886200000332e+01,0.000000000000000000e+00,4.405344886200000332e+01,-3.433154192100000301e+01,0.000000000000000000e+00,3.433154192100000301e+01
1.297300810800000015e+01,-4.800658752599999701e+01,0.000000000000000000e+00,4.800658752599999701e+01,-3.462212660499999828e+01,0.000000000000000000e+00,3.462212660499999828e+01
1.299302802799999945e+01,-5.152648739199999994e+01,0.000000000000000000e+00,5.152648739199999994e+01,-3.531435340699999870e+01,0.000000000000000000e+00,3.531435340699999870e+01
1.301304794800000053e+01,-4.968140706199999812e+01,0.000000000000000000e+00,4.968140706199999812e+01,-3.623143768300000289e+01,0.000000000000000000e+00,3.623143768300000289e+01
1.303306786799999983e+01,-4.573514741000000328e+01,0.000000000000000000e+00,4.573514741000000328e+01,-3.737720244100000144e+01,0.000000000000000000e+00,3.737720244100000144e+01
1.305308778799999914e+01,-4.238005316600000327e+01,0.000000000000000000e+00,4.238005316600000327e+01,-3.890569029899999975e+01,0.000000000000000000e+00,3.890569029899999975e+01
1.307310770800000022e+01,-4.052385383099999672e+01,0.000000000000000000e+00,4.052385383099999672e+01,-4.070240992499999777e+01,0.000000000000000000e+00,4.070240992499999777e+01
1.309312762799999952e+01,-3.973946749400000300e+01,0.000000000000000000e+00,3.973946749400000300e+01,-4.296584739400000075e+01,0.000000000000000000e+00,4.296584739400000075e+01
1.311314754800000060e+01,-3.934658160099999691e+01,0.000000000000000000e+00,3.934658160099999691e+01,-4.565107493699999708e+01,0.000000000000000000e+00,4.565107493699999708e+01
1.313316746699999982e+01,-3.898303253099999921e+01,0.000000000000000000e+00,3.898303253099999921e+01,-4.780619601400000107e+01,0.000000000000000000e+00,4.780619601400000107e+01
1.315318738699999912e+01,-3.786225359800000234e+01,0.000000000000000000e+00,3.786225359800000234e+01,-5.276229087099999759e+01,0.000000000000000000e+00,5.276229087099999759e+01
1.317320730700000020e+01,-3.710482820299999673e+01,0.000000000000000000e+00,3.710482820299999673e+01,-6.373925675099999921e+01,0.000000000000000000e+00,6.373925675099999921e+01
1.319322722699999950e+01,-3.597553527299999843e+01,0.000000000000000000e+00,3.597553527299999843e+01,-4.809759703000000286e+01,0.000000000000000000e+00,4.809759703000000286e+01
1.321324714700000058e+01,-3.501055074199999950e+01,0.000000000000000000e+00,3.501055074199999950e+01,-4.327537185100000272e+01,0.000000000000000000e+00,4.327537185100000272e+01
1.323326706699999988e+01,-3.396504493900000199e+01,0.000000000000000000e+00,3.396504493900000199e+01,-3.940915131199999877e+01,0.000000000000000000e+00,3.940915131199999877e+01
1.325328698699999919e+01,-3.319718484599999897e+01,0.000000000000000000e+00,3.319718484599999897e+01,-3.641031851500000016e+01,0.000000000000000000e+00,3.641031851500000016e+01
1.327330690700000027e+01,-3.229542732899999891e+01,0.000000000000000000e+00,3.229542732899999891e+01,-3.405548950800000085e+01,0.000000000000000000e+00,3.405548950800000085e+01
1.329332682699999957e+01,-3.181423445900000146e+01,0.000000000000000000e+00,3.181423445900000146e+01,-3.250945890199999866e+01,0.000000000000000000e+00,3.250945890199999866e+01
1.331334674700000065e+01,-3.172766281799999888e+01,0.000000000000000000e+00,3.172766281799999888e+01,-3.145632863699999859e+01,0.000000000000000000e+00,3.145632863699999859e+01
1.333336666699999995e+01,-3.132377321999999964e+01,0.000000000000000000e+00,3.132377321999999964e+01,-3.065222685299999839e+01,0.000000000000000000e+00,3.065222685299999839e+01
1.335338658699999925e+01,-3.133191221599999920e+01,0.000000000000000000e+00,3.133191221599999920e+01,-3.002844369800000024e+01,0.000000000000000000e+00,3.002844369800000024e+01
1.337340650700000033e+01,-3.155504291900000169e+01,0.000000000000000000e+00,3.155504291900000169e+01,-2.965284478499999921e+01,0.000000000000000000e+00,2.965284478499999921e+01
1.339342642599999955e+01,-3.178957564499999933e+01,0.000000000000000000e+00,3.178957564499999933e+01,-2.947424710700000006e+01,0.000000000000000000e+00,2.947424710700000006e+01
1.341344634600000063e+01,-3.143094642999999877e+01,0.000000000000000000e+00,3.143094642999999877e+01,-2.942707704500000077e+01,0.000000000000000000e+00,2.942707704500000077e+01
1.343346626599999993e+01,-3.141040700699999988e+01,0.000000000000000000e+00,3.141040700699999988e+01,-2.961890505999999945e+01,0.000000000000000000e+00,2.961890505999999945e+01
1.345348618599999924e+01,-3.173363648000000126e+01,0.000000000000000000e+00,3.173363648000000126e+01,-2.977541185000000112e+01,0.000000000000000000e+00,2.977541185000000112e+01
1.347350610600000032e+01,-3.189780389099999880e+01,0.000000000000000000e+00,3.189780389099999880e+01,-3.017738760800000009e+01,0.000000000000000000e+00,3.017738760800000009e+01
1.349352602599999962e+01,-3.206774783899999903e+01,0.000000000000000000e+00,3.206774783899999903e+01,-3.113129591199999879e+01,0.000000000000000000e+00,3.113129591199999879e+01
1.351354594600000070e+01,-3.247395765699999970e+01,0.000000000000000000e+00,3.247395765699999970e+01,-3.201062275799999668e+01,0.000000000000000000e+00,3.201062275799999668e+01
1.353356586600000000e+01,-3.317737564600000155e+01,0.000000000000000000e+00,3.317737564600000155e+01,-3.349684671400000013e+01,0.000000000000000000e+00,3.349684671400000013e+01
1.355358578599999930e+01,-3.413405873500000354e+01,0.000000000000000000e+00,3.413405873500000354e+01,-3.515009412199999872e+01,0.000000000000000000e+00,3.515009412199999872e+01
1.357360570600000038e+01,-3.505739725899999826e+01,0.000000000000000000e+00,3.505739725899999826e+01,-3.761040349999999677e+01,0.000000000000000000e+00,3.761040349999999677e+01
1.359362562599999968e+01,-3.594694767200000030e+01,0.000000000000000000e+00,3.594694767200000030e+01,-4.026213168299999978e+01,0.000000000000000000e+00,4.026213168299999978e+01
1.361364554600000076e+01,-3.560367344299999814e+01,0.000000000000000000e+00,3.560367344299999814e+01,-3.988451680800000076e+01,0.000000000000000000e+00,3.988451680800000076e+01
1.363366546499999998e+01,-3.550942752000000269e+01,0.000000000000000000e+00,3.550942752000000269e+01,-3.693394651799999906e+01,0.000000000000000000e+00,3.693394651799999906e+01
1.365368538499999929e+01,-3.580741877199999834e+01,0.000000000000000000e+00,3.580741877199999834e+01,-3.493633292900000242e+01,0.000000000000000000e+00,3.493633292900000242e+01
1.367370530500000037e+01,-3.627227062899999765e+01,0.000000000000000000e+00,3.627227062899999765e+01,-3.373183251399999705e+01,0.000000000000000000e+00,3.373183251399999705e+01
1.369372522499999967e+01,-3.659797234500000229e+01,0.000000000000000000e+00,3.659797234500000229e+01,-3.305058592500000003e+01,0.000000000000000000e+00,3.305058592500000003e+01
1.371374514500000075e+01,-3.609049713800000347e+01,0.000000000000000000e+00,3.609049713800000347e+01,-3.193202396199999882e+01,0.000000000000000000e+00,3.193202396199999882e+01
1.373376506500000005e+01,-3.516714814200000205e+01,0.000000000000000000e+00,3.516714814200000205e+01,-3.117997561399999995e+01,0.000000000000000000e+00,3.117997561399999995e+01
1.375378498499999935e+01,-3.488074981100000116e+01,0.000000000000000000e+00,3.488074981100000116e+01,-3.068939480299999900e+01,0.000000000000000000e+00,3.068939480299999900e+01
1.377380490500000043e+01,-3.497630998099999999e+01,0.000000000000000000e+00,3.497630998099999999e+01,-3.053937104999999974e+01,0.000000000000000000e+00,3.053937104999999974e+01
1.379382482499999973e+01,-3.484942298400000027e+01,0.000000000000000000e+00,3.484942298400000027e+01,-3.062076897000000031e+01,0.000000000000000000e+00,3.062076897000000031e+01
1.381384474500000081e+01,-3.514253261199999656e+01,0.000000000000000000e+00,3.514253261199999656e+01,-3.134660307500000087e+01,0.000000000000000000e+00,3.134660307500000087e+01
1.383386466500000012e+01,-3.569920734200000112e+01,0.000000000000000000e+00,3.569920734200000112e+01,-3.247005740499999860e+01,0.000000000000000000e+00,3.247005740499999860e+01
1.385388458499999942e+01,-3.587250680999999730e+01,0.000000000000000000e+00,3.587250680999999730e+01,-3.334955958900000184e+01,0.000000000000000000e+00,3.334955958900000184e+01
1.387390450500000050e+01,-3.593316872300000142e+01,0.000000000000000000e+00,3.593316872300000142e+01,-3.426007886600000063e+01,0.000000000000000000e+00,3.426007886600000063e+01
1.389392442399999972e+01,-3.555940254200000084e+01,0.000000000000000000e+00,3.555940254200000084e+01,-3.504472758800000065e+01,0.000000000000000000e+00,3.504472758800000065e+01
1.391394434400000080e+01,-3.555491431499999777e+01,0.000000000000000000e+00,3.555491431499999777e+01,-3.627326626199999993e+01,0.000000000000000000e+00,3.627326626199999993e+01
1.393396426400000010e+01,-3.587031615699999776e+01,0.000000000000000000e+00,3.587031615699999776e+01,-3.763881625199999803e+01,0.000000000000000000e+00,3.763881625199999803e+01
1.395398418399999940e+01,-3.622191125700000214e+01,0.000000000000000000e+00,3.622191125700000214e+01,-3.932138730300000162e+01,0.000000000000000000e+00,3.932138730300000162e+01
1.397400410400000048e+01,-3.650563253699999677e+01,0.000000000000000000e+00,3.650563253699999677e+01,-4.165852628700000082e+01,0.000000000000000000e+00,4.165852628700000082e+01
1.399402402399999978e+01,-3.698316729500000122e+01,0.000000000000000000e+00,3.698316729500000122e+01,-4.450813302899999968e+01,0.000000000000000000e+00,4.450813302899999968e+01
1.401404394400000086e+01,-3.745195585100000102e+01,0.000000000000000000e+00,3.745195585100000102e+01,-4.816207913699999921e+01,0.000000000000000000e+00,4.816207913699999921e+01
1.403406386400000017e+01,-3.760316473900000034e+01,0.000000000000000000e+00,3.760316473900000034e+01,-5.662797785200000078e+01,0.000000000000000000e+00,5.662797785200000078e+01
1.405408378399999947e+01,-3.808418375800000177e+01,0.000000000000000000e+00,3.808418375800000177e+01,-6.406562334299999861e+01,0.000000000000000000e+00,6.406562334299999861e+01
1.407410370400000055e+01,-3.805585073200000323e+01,0.000000000000000000e+00,3.805585073200000323e+01,-5.352417757199999926e+01,0.000000000000000000e+00,5.352417757199999926e+01
1.409412362399999985e+01,-3.779140092499999781e+01,0.000000000000000000e+00,3.779140092499999781e+01,-4.938847895100000329e+01,0.000000000000000000e+00,4.938847895100000329e+01
1.411414354399999915e+01,-3.761019201300000248e+01,0.000000000000000000e+00,3.761019201300000248e+01,-4.635109393799999822e+01,0.000000000000000000e+00,4.635109393799999822e+01
1.413416346300000015e+01,-3.740594984900000242e+01,0.000000000000000000e+00,3.740594984900000242e+01,-4.469961707400000250e+01,0.000000000000000000e+00,4.469961707400000250e+01
1.415418338299999945e+01,-3.751674308999999852e+01,0.000000000000000000e+00,3.751674308999999852e+01,-4.374674339500000286e+01,0.000000000000000000e+00,4.374674339500000286e+01
1.417420330300000053e+01,-3.814819640900000053e+01,0.000000000000000000e+00,3.814819640900000053e+01,-4.244458518900000144e+01,0.000000000000000000e+00,4.244458518900000144e+01
1.419422322299999983e+01,-3.849414371999999673e+01,0.000000000000000000e+00,3.849414371999999673e+01,-4.147652760399999750e+01,0.000000000000000000e+00,4.147652760399999750e+01
1.421424314299999914e+01,-3.831458879099999848e+01,0.000000000000000000e+00,3.831458879099999848e+01,-3.939335280899999958e+01,0.000000000000000000e+00,3.939335280899999958e+01
1.423426306300000022e+01,-3.849132231400000137e+01,0.000000000000000000e+00,3.849132231400000137e+01,-3.888331893600000200e+01,0.000000000000000000e+00,3.888331893600000200e+01
1.425428298299999952e+01,-3.896054772499999785e+01,0.000000000000000000e+00,3.896054772499999785e+01,-3.820823751999999729e+01,0.000000000000000000e+00,3.820823751999999729e+01
1.427430290300000060e+01,-3.926625021699999962e+01,0.000000000000000000e+00,3.926625021699999962e+01,-3.726119537600000342e+01,0.000000000000000000e+00,3.726119537600000342e+01
1.429432282299999990e+01,-4.000645266099999731e+01,0.000000000000000000e+00,4.000645266099999731e+01,-3.660702474699999698e+01,0.000000000000000000e+00,3.660702474699999698e+01
1.431434274299999920e+01,-4.107395985299999808e+01,0.000000000000000000e+00,4.107395985299999808e+01,-3.621260190899999998e+01,0.000000000000000000e+00,3.621260190899999998e+01
1.433436266300000028e+01,-4.195254524799999984e+01,0.000000000000000000e+00,4.195254524799999984e+01,-3.579085490899999655e+01,0.000000000000000000e+00,3.579085490899999655e+01
1.435438258299999958e+01,-4.310032475100000227e+01,0.000000000000000000e+00,4.310032475100000227e+01,-3.502331220300000325e+01,0.000000000000000000e+00,3.502331220300000325e+01
1.437440250300000066e+01,-4.505399702900000136e+01,0.000000000000000000e+00,4.505399702900000136e+01,-3.471896771899999834e+01,0.000000000000000000e+00,3.471896771899999834e+01
1.439442242199999988e+01,-4.778005028100000118e+01,0.000000000000000000e+00,4.778005028100000118e+01,-3.494779613800000106e+01,0.000000000000000000e+00,3.494779613800000106e+01
1.441444234199999919e+01,-5.057508316500000234e+01,0.000000000000000000e+00,5.057508316500000234e+01,-3.503781974200000349e+01,0.000000000000000000e+00,3.503781974200000349e+01
1.443446226200000027e+01,-5.199164068999999699e+01,0.000000000000000000e+00,5.199164068999999699e+01,-3.518217441200000195e+01,0.000000000000000000e+00,3.518217441200000195e+01
1.445448218199999957e+01,-5.587786075700000055e+01,0.000000000000000000e+00,5.587786075700000055e+01,-3.536859826599999934e+01,0.000000000000000000e+00,3.536859826599999934e+01
1.447450210200000065e+01,-5.882479154499999652e+01,0.000000000000000000e+00,5.882479154499999652e+01,-3.565374406200000124e+01,0.000000000000000000e+00,3.565374406200000124e+01
1.449452202199999995e+01,-5.124741171899999870e+01,0.000000000000000000e+00,5.124741171899999870e+01,-3.627142976300000043e+01,0.000000000000000000e+00,3.627142976300000043e+01
1.451454194199999925e+01,-4.773266845900000277e+01,0.000000000000000000e+00,4.773266845900000277e+01,-3.694180650700000257e+01,0.000000000000000000e+00,3.694180650700000257e+01
1.453456186200000033e+01,-4.691020473199999685e+01,0.000000000000000000e+00,4.691020473199999685e+01,-3.705778948199999689e+01,0.000000000000000000e+00,3.705778948199999689e+01
1.455458178199999963e+01,-4.471150476599999735e+01,0.000000000000000000e+00,4.471150476599999735e+01,-3.731835545900000284e+01,0.000000000000000000e+00,3.731835545900000284e+01
1.457460170200000071e+01,-4.290487143600000053e+01,0.000000000000000000e+00,4.290487143600000053e+01,-3.786020601300000266e+01,0.000000000000000000e+00,3.786020601300000266e+01
1.459462162200000002e+01,-4.234447882399999941e+01,0.000000000000000000e+00,4.234447882399999941e+01,-3.788641166000000027e+01,0.000000000000000000e+00,3.788641166000000027e+01
1.461464154199999932e+01,-4.148270000499999810e+01,0.000000000000000000e+00,4.148270000499999810e+01,-3.740376593300000252e+01,0.000000000000000000e+00,3.740376593300000252e+01
1.463466146100000032e+01,-4.086335902199999737e+01,0.000000000000000000e+00,4.086335902199999737e+01,-3.710021013200000084e+01,0.000000000000000000e+00,3.710021013200000084e+01
1.465468138099999962e+01,-4.049640551899999963e+01,0.000000000000000000e+00,4.049640551899999963e+01,-3.640683404600000017e+01,0.000000000000000000e+00,3.640683404600000017e+01
1.467470130100000070e+01,-3.957352542099999937e+01,0.000000000000000000e+00,3.957352542099999937e+01,-3.548105802300000278e+01,0.000000000000000000e+00,3.548105802300000278e+01
1.469472122100000000e+01,-3.954032126700000305e+01,0.000000000000000000e+00,3.954032126700000305e+01,-3.433688092900000299e+01,0.000000000000000000e+00,3.433688092900000299e+01
1.471474114099999930e+01,-3.970883609199999853e+01,0.000000000000000000e+00,3.970883609199999853e+01,-3.365836824200000166e+01,0.000000000000000000e+00,3.365836824200000166e+01
1.473476106100000038e+01,-3.963973093799999958e+01,0.000000000000000000e+00,3.963973093799999958e+01,-3.313675805500000138e+01,0.000000000000000000e+00,3.313675805500000138e+01
1.475478098099999968e+01,-3.938191813299999922e+01,0.000000000000000000e+00,3.938191813299999922e+01,-3.247375280499999661e+01,0.000000000000000000e+00,3.247375280499999661e+01
1.477480090100000076e+01,-3.985018973799999742e+01,0.000000000000000000e+00,3.985018973799999742e+01,-3.220580875699999979e+01,0.000000000000000000e+00,3.220580875699999979e+01
1.479482082100000007e+01,-4.061121631999999693e+01,0.000000000000000000e+00,4.061121631999999693e+01,-3.188312297199999890e+01,0.000000000000000000e+00,3.188312297199999890e+01
1.481484074099999937e+01,-4.064779696899999806e+01,0.000000000000000000e+00,4.064779696899999806e+01,-3.160886552499999880e+01,0.000000000000000000e+00,3.160886552499999880e+01
1.483486066100000045e+01,-4.142111060500000264e+01,0.000000000000000000e+00,4.142111060500000264e+01,-3.151699924400000086e+01,0.000000000000000000e+00,3.151699924400000086e+01
1.485488058099999975e+01,-4.229715392699999654e+01,0.000000000000000000e+00,4.229715392699999654e+01,-3.157593578799999889e+01,0.000000000000000000e+00,3.157593578799999889e+01
1.487490050100000083e+01,-4.238124198700000278e+01,0.000000000000000000e+00,4.238124198700000278e+01,-3.144007927399999858e+01,0.000000000000000000e+00,3.144007927399999858e+01
1.489492042000000005e+01,-4.370436052499999846e+01,0.000000000000000000e+00,4.370436052499999846e+01,-3.142460558599999842e+01,0.000000000000000000e+00,3.142460558599999842e+01
1.491494033999999935e+01,-4.585451175899999754e+01,0.000000000000000000e+00,4.585451175899999754e+01,-3.136532005300000137e+01,0.000000000000000000e+00,3.136532005300000137e+01
1.493496026000000043e+01,-4.620249543100000267e+01,0.000000000000000000e+00,4.620249543100000267e+01,-3.138691724699999952e+01,0.000000000000000000e+00,3.138691724699999952e+01
1.495498017999999973e+01,-4.782200371399999739e+01,0.000000000000000000e+00,4.782200371399999739e+01,-3.136171793999999835e+01,0.000000000000000000e+00,3.136171793999999835e+01
1.497500010000000081e+01,-5.214532200800000084e+01,0.000000000000000000e+00,5.214532200800000084e+01,-3.144366370499999874e+01,0.000000000000000000e+00,3.144366370499999874e+01
1.499502002000000012e+01,-5.559264065499999674e+01,0.000000000000000000e+00,5.559264065499999674e+01,-3.175032633600000054e+01,0.000000000000000000e+00,3.175032633600000054e+01
1.501503993999999942e+01,-5.599484338300000275e+01,0.000000000000000000e+00,5.599484338300000275e+01,-3.198129808499999882e+01,0.000000000000000000e+00,3.198129808499999882e+01
1.503505986000000050e+01,-5.470806359099999838e+01,0.000000000000000000e+00,5.470806359099999838e+01,-3.217717627100000044e+01,0.000000000000000000e+00,3.217717627100000044e+01
1.505507977999999980e+01,-5.127462599799999765e+01,0.000000000000000000e+00,5.127462599799999765e+01,-3.259053740800000298e+01,0.000000000000000000e+00,3.259053740800000298e+01
1.507509970000000088e+01,-4.779410451300000062e+01,0.000000000000000000e+00,4.779410451300000062e+01,-3.288634228200000109e+01,0.000000000000000000e+00,3.288634228200000109e+01
1.509511962000000018e+01,-4.482295384199999688e+01,0.000000000000000000e+00,4.482295384199999688e+01,-3.310837952199999989e+01,0.000000000000000000e+00,3.310837952199999989e+01
1.511513953999999949e+01,-4.375564586400000167e+01,0.000000000000000000e+00,4.375564586400000167e+01,-3.342296925200000146e+01,0.000000000000000000e+00,3.342296925200000146e+01
1.513515945900000048e+01,-4.251713525000000260e+01,0.000000000000000000e+00,4.251713525000000260e+01,-3.368203315000000231e+01,0.000000000000000000e+00,3.368203315000000231e+01
1.515517937899999978e+01,-4.162258434000000307e+01,0.000000000000000000e+00,4.162258434000000307e+01,-3.391254609199999948e+01,0.000000000000000000e+00,3.391254609199999948e+01
1.517519929900000086e+01,-4.155041609999999963e+01,0.000000000000000000e+00,4.155041609999999963e+01,-3.421421025600000121e+01,0.000000000000000000e+00,3.421421025600000121e+01
1.519521921900000017e+01,-4.245276331299999839e+01,0.000000000000000000e+00,4.245276331299999839e+01,-3.437217539299999913e+01,0.000000000000000000e+00,3.437217539299999913e+01
1.521523913899999947e+01,-4.277657421800000037e+01,0.000000000000000000e+00,4.277657421800000037e+01,-3.491646068400000047e+01,0.000000000000000000e+00,3.491646068400000047e+01
1.523525905900000055e+01,-4.345269426299999793e+01,0.000000000000000000e+00,4.345269426299999793e+01,-3.519612099599999766e+01,0.000000000000000000e+00,3.519612099599999766e+01
1.525527897899999985e+01,-4.485252122899999705e+01,0.000000000000000000e+00,4.485252122899999705e+01,-3.569798243099999979e+01,0.000000000000000000e+00,3.569798243099999979e+01
1.527529889899999915e+01,-4.617682757200000054e+01,0.000000000000000000e+00,4.617682757200000054e+01,-3.624223751600000298e+01,0.000000000000000000e+00,3.624223751600000298e+01
1.529531881900000023e+01,-4.518283934400000135e+01,0.000000000000000000e+00,4.518283934400000135e+01,-3.654274920000000293e+01,0.000000000000000000e+00,3.654274920000000293e+01
1.531533873899999953e+01,-4.300475283299999774e+01,0.000000000000000000e+00,4.300475283299999774e+01,-3.652241084500000312e+01,0.000000000000000000e+00,3.652241084500000312e+01
1.533535865900000061e+01,-4.169244193400000142e+01,0.000000000000000000e+00,4.169244193400000142e+01,-3.634925890899999956e+01,0.000000000000000000e+00,3.634925890899999956e+01
1.535537857899999992e+01,-3.968922547700000081e+01,0.000000000000000000e+00,3.968922547700000081e+01,-3.570313003799999763e+01,0.000000000000000000e+00,3.570313003799999763e+01
1.537539849799999914e+01,-3.780025386100000162e+01,0.000000000000000000e+00,3.780025386100000162e+01,-3.452715509400000116e+01,0.000000000000000000e+00,3.452715509400000116e+01
1.539541841800000022e+01,-3.638761539000000056e+01,0.000000000000000000e+00,3.638761539000000056e+01,-3.315464759500000014e+01,0.000000000000000000e+00,3.315464759500000014e+01
1.541543833799999952e+01,-3.548101299300000022e+01,0.000000000000000000e+00,3.548101299300000022e+01,-3.196185020500000107e+01,0.000000000000000000e+00,3.196185020500000107e+01
1.543545825800000060e+01,-3.467672620700000152e+01,0.000000000000000000e+00,3.467672620700000152e+01,-3.099073786499999983e+01,0.000000000000000000e+00,3.099073786499999983e+01
1.545547817799999990e+01,-3.400509910000000247e+01,0.000000000000000000e+00,3.400509910000000247e+01,-3.015573270599999844e+01,0.000000000000000000e+00,3.015573270599999844e+01
1.547549809799999920e+01,-3.341646547300000236e+01,0.000000000000000000e+00,3.341646547300000236e+01,-2.912508120900000108e+01,0.000000000000000000e+00,2.912508120900000108e+01
1.549551801800000028e+01,-3.299479540400000133e+01,0.000000000000000000e+00,3.299479540400000133e+01,-2.854551664199999905e+01,0.000000000000000000e+00,2.854551664199999905e+01
1.551553793799999958e+01,-3.275984659099999874e+01,0.000000000000000000e+00,3.275984659099999874e+01,-2.823551923300000155e+01,0.000000000000000000e+00,2.823551923300000155e+01
1.553555785800000066e+01,-3.224352245000000039e+01,0.000000000000000000e+00,3.224352245000000039e+01,-2.783120510899999900e+01,0.000000000000000000e+00,2.783120510899999900e+01
1.555557777799999997e+01,-3.160478652400000144e+01,0.000000000000000000e+00,3.160478652400000144e+01,-2.753933989200000099e+01,0.000000000000000000e+00,2.753933989200000099e+01
1.557559769799999927e+01,-3.138295240500000105e+01,0.000000000000000000e+00,3.138295240500000105e+01,-2.758217368300000061e+01,0.000000000000000000e+00,2.758217368300000061e+01
1.559561761800000035e+01,-3.091061098799999840e+01,0.000000000000000000e+00,3.091061098799999840e+01,-2.765340277299999983e+01,0.000000000000000000e+00,2.765340277299999983e+01
1.561563753799999965e+01,-3.055830909999999889e+01,0.000000000000000000e+00,3.055830909999999889e+01,-2.756965068899999949e+01,0.000000000000000000e+00,2.756965068899999949e+01
1.563565745700000065e+01,-3.035834981400000032e+01,0.000000000000000000e+00,3.035834981400000032e+01,-2.776619658799999968e+01,0.000000000000000000e+00,2.776619658799999968e+01
1.565567737699999995e+01,-3.013783933899999923e+01,0.000000000000000000e+00,3.013783933899999923e+01,-2.807332021999999938e+01,0.000000000000000000e+00,2.807332021999999938e+01
1.567569729699999925e+01,-3.012818133600000081e+01,0.000000000000000000e+00,3.012818133600000081e+01,-2.817672375600000123e+01,0.000000000000000000e+00,2.817672375600000123e+01
1.569571721700000033e+01,-3.007541377000000082e+01,0.000000000000000000e+00,3.007541377000000082e+01,-2.853167046300000109e+01,0.000000000000000000e+00,2.853167046300000109e+01
1.571573713699999963e+01,-2.998206475099999935e+01,0.000000000000000000e+00,2.998206475099999935e+01,-2.860895190999999826e+01,0.000000000000000000e+00,2.860895190999999826e+01
1.573575705700000071e+01,-3.014841564199999979e+01,0.000000000000000000e+00,3.014841564199999979e+01,-2.850627310300000161e+01,0.000000000000000000e+00,2.850627310300000161e+01
1.575577697700000002e+01,-3.049707911100000146e+01,0.000000000000000000e+00,3.049707911100000146e+01,-2.829068944200000146e+01,0.000000000000000000e+00,2.829068944200000146e+01
1.577579689699999932e+01,-3.070220243099999990e+01,0.000000000000000000e+00,3.070220243099999990e+01,-2.808059719799999954e+01,0.000000000000000000e+00,2.808059719799999954e+01
1.579581681700000040e+01,-3.084426090899999906e+01,0.000000000000000000e+00,3.084426090899999906e+01,-2.767656527200000127e+01,0.000000000000000000e+00,2.767656527200000127e+01
1.581583673699999970e+01,-3.140945796900000175e+01,0.000000000000000000e+00,3.140945796900000175e+01,-2.750092490799999823e+01,0.000000000000000000e+00,2.750092490799999823e+01
1.583585665700000078e+01,-3.176873980099999883e+01,0.000000000000000000e+00,3.176873980099999883e+01,-2.738805138000000028e+01,0.000000000000000000e+00,2.738805138000000028e+01
1.585587657700000008e+01,-3.187529392300000097e+01,0.000000000000000000e+00,3.187529392300000097e+01,-2.739859714199999985e+01,0.000000000000000000e+00,2.739859714199999985e+01
1.587589649599999930e+01,-3.192699778100000074e+01,0.000000000000000000e+00,3.192699778100000074e+01,-2.760974543500000067e+01,0.000000000000000000e+00,2.760974543500000067e+01
1.589591641600000038e+01,-3.199609828399999856e+01,0.000000000000000000e+00,3.199609828399999856e+01,-2.792958042000000063e+01,0.000000000000000000e+00,2.792958042000000063e+01
1.591593633599999968e+01,-3.167517761199999882e+01,0.000000000000000000e+00,3.167517761199999882e+01,-2.808759404899999979e+01,0.000000000000000000e+00,2.808759404899999979e+01
1.593595625600000076e+01,-3.125697369699999939e+01,0.000000000000000000e+00,3.125697369699999939e+01,-2.852364580600000110e+01,0.000000000000000000e+00,2.852364580600000110e+01
1.595597617600000007e+01,-3.119773945900000101e+01,0.000000000000000000e+00,3.119773945900000101e+01,-2.905609194799999884e+01,0.000000000000000000e+00,2.905609194799999884e+01
1.597599609599999937e+01,-3.108007573300000104e+01,0.000000000000000000e+00,3.108007573300000104e+01,-2.926300145600000135e+01,0.000000000000000000e+00,2.926300145600000135e+01
1.599601601600000045e+01,-3.121574616299999860e+01,0.000000000000000000e+00,3.121574616299999860e+01,-2.963668002500000043e+01,0.000000000000000000e+00,2.963668002500000043e+01
1.601603593600000153e+01,-3.118617707800000005e+01,0.000000000000000000e+00,3.118617707800000005e+01,-2.995362249300000101e+01,0.000000000000000000e+00,2.995362249300000101e+01
1.603605585600000083e+01,-3.118706916600000056e+01,0.000000000000000000e+00,3.118706916600000056e+01,-2.984040940699999922e+01,0.000000000000000000e+00,2.984040940699999922e+01
1.605607577600000013e+01,-3.105785534199999987e+01,0.000000000000000000e+00,3.105785534199999987e+01,-2.968346455200000023e+01,0.000000000000000000e+00,2.968346455200000023e+01
1.607609569599999944e+01,-3.070533305700000071e+01,0.000000000000000000e+00,3.070533305700000071e+01,-2.955579842299999882e+01,0.000000000000000000e+00,2.955579842299999882e+01
1.609611561599999874e+01,-2.996744503800000103e+01,0.000000000000000000e+00,2.996744503800000103e+01,-2.920086955000000017e+01,0.000000000000000000e+00,2.920086955000000017e+01
1.611613553600000159e+01,-2.938934765899999846e+01,0.000000000000000000e+00,2.938934765899999846e+01,-2.882892196399999918e+01,0.000000000000000000e+00,2.882892196399999918e+01
1.613615545500000081e+01,-2.899043567400000043e+01,0.000000000000000000e+00,2.899043567400000043e+01,-2.858239353100000102e+01,0.000000000000000000e+00,2.858239353100000102e+01
1.615617537500000012e+01,-2.864662960800000135e+01,0.000000000000000000e+00,2.864662960800000135e+01,-2.835178765899999931e+01,0.000000000000000000e+00,2.835178765899999931e+01
1.617619529499999942e+01,-2.823963672000000003e+01,0.000000000000000000e+00,2.823963672000000003e+01,-2.802075827599999869e+01,0.000000000000000000e+00,2.802075827599999869e+01
1.619621521499999872e+01,-2.805069784100000163e+01,0.000000000000000000e+00,2.805069784100000163e+01,-2.778282126499999904e+01,0.000000000000000000e+00,2.778282126499999904e+01
1.621623513500000158e+01,-2.786914394400000106e+01,0.000000000000000000e+00,2.786914394400000106e+01,-2.756278217399999875e+01,0.000000000000000000e+00,2.756278217399999875e+01
1.623625505500000088e+01,-2.777267170900000082e+01,0.000000000000000000e+00,2.777267170900000082e+01,-2.738076428200000123e+01,0.000000000000000000e+00,2.738076428200000123e+01
1.625627497500000018e+01,-2.793090632999999912e+01,0.000000000000000000e+00,2.793090632999999912e+01,-2.727535777299999964e+01,0.000000000000000000e+00,2.727535777299999964e+01
1.627629489499999949e+01,-2.823762852200000140e+01,0.000000000000000000e+00,2.823762852200000140e+01,-2.729185137500000025e+01,0.000000000000000000e+00,2.729185137500000025e+01
1.629631481499999879e+01,-2.892736332000000132e+01,0.000000000000000000e+00,2.892736332000000132e+01,-2.783096416800000128e+01,0.000000000000000000e+00,2.783096416800000128e+01
1.631633473500000164e+01,-3.071973609000000138e+01,0.000000000000000000e+00,3.071973609000000138e+01,-3.007899685099999942e+01,0.000000000000000000e+00,3.007899685099999942e+01
1.633635465500000095e+01,-3.208582484000000079e+01,0.000000000000000000e+00,3.208582484000000079e+01,-3.367455215999999751e+01,0.000000000000000000e+00,3.367455215999999751e+01
1.635637457500000025e+01,-3.174257920200000171e+01,0.000000000000000000e+00,3.174257920200000171e+01,-3.423386180499999654e+01,0.000000000000000000e+00,3.423386180499999654e+01
1.637639449399999947e+01,-3.139586837599999924e+01,0.000000000000000000e+00,3.139586837599999924e+01,-3.409146407299999737e+01,0.000000000000000000e+00,3.409146407299999737e+01
1.639641441399999877e+01,-3.096686599899999948e+01,0.000000000000000000e+00,3.096686599899999948e+01,-3.309823502199999723e+01,0.000000000000000000e+00,3.309823502199999723e+01
1.641643433400000163e+01,-3.073863516000000118e+01,0.000000000000000000e+00,3.073863516000000118e+01,-3.222754548999999713e+01,0.000000000000000000e+00,3.222754548999999713e+01
1.643645425400000093e+01,-3.027184411800000063e+01,0.000000000000000000e+00,3.027184411800000063e+01,-3.103649660700000013e+01,0.000000000000000000e+00,3.103649660700000013e+01
1.645647417400000023e+01,-2.959960121099999952e+01,0.000000000000000000e+00,2.959960121099999952e+01,-2.990582874500000088e+01,0.000000000000000000e+00,2.990582874500000088e+01
1.647649409399999954e+01,-2.886743816599999946e+01,0.000000000000000000e+00,2.886743816599999946e+01,-2.908385524399999866e+01,0.000000000000000000e+00,2.908385524399999866e+01
1.649651401399999884e+01,-2.855827312199999923e+01,0.000000000000000000e+00,2.855827312199999923e+01,-2.861095005600000007e+01,0.000000000000000000e+00,2.861095005600000007e+01
1.651653393400000169e+01,-2.838486998400000161e+01,0.000000000000000000e+00,2.838486998400000161e+01,-2.876063691899999952e+01,0.000000000000000000e+00,2.876063691899999952e+01
1.653655385400000100e+01,-2.842371962600000046e+01,0.000000000000000000e+00,2.842371962600000046e+01,-2.836518275699999947e+01,0.000000000000000000e+00,2.836518275699999947e+01
1.655657377400000030e+01,-2.815293965200000059e+01,0.000000000000000000e+00,2.815293965200000059e+01,-2.750879944200000082e+01,0.000000000000000000e+00,2.750879944200000082e+01
1.657659369399999960e+01,-2.773837793999999946e+01,0.000000000000000000e+00,2.773837793999999946e+01,-2.652611830800000092e+01,0.000000000000000000e+00,2.652611830800000092e+01
1.659661361399999890e+01,-2.723620096699999849e+01,0.000000000000000000e+00,2.723620096699999849e+01,-2.551373577400000059e+01,0.000000000000000000e+00,2.551373577400000059e+01
1.661663353400000176e+01,-2.653281762499999985e+01,0.000000000000000000e+00,2.653281762499999985e+01,-2.461473376800000068e+01,0.000000000000000000e+00,2.461473376800000068e+01
1.663665345300000098e+01,-2.581348067000000057e+01,0.000000000000000000e+00,2.581348067000000057e+01,-2.407022062600000112e+01,0.000000000000000000e+00,2.407022062600000112e+01
1.665667337300000028e+01,-2.537706906400000051e+01,0.000000000000000000e+00,2.537706906400000051e+01,-2.381161790899999886e+01,0.000000000000000000e+00,2.381161790899999886e+01
1.667669329299999958e+01,-2.500754314199999939e+01,0.000000000000000000e+00,2.500754314199999939e+01,-2.360166665999999935e+01,0.000000000000000000e+00,2.360166665999999935e+01
1.669671321299999889e+01,-2.490882324100000034e+01,0.000000000000000000e+00,2.490882324100000034e+01,-2.367210780399999948e+01,0.000000000000000000e+00,2.367210780399999948e+01
1.671673313300000174e+01,-2.477040037600000133e+01,0.000000000000000000e+00,2.477040037600000133e+01,-2.383284055700000081e+01,0.000000000000000000e+00,2.383284055700000081e+01
1.673675305300000105e+01,-2.464014738299999863e+01,0.000000000000000000e+00,2.464014738299999863e+01,-2.404490202099999863e+01,0.000000000000000000e+00,2.404490202099999863e+01
1.675677297300000035e+01,-2.468451909399999877e+01,0.000000000000000000e+00,2.468451909399999877e+01,-2.410978830499999859e+01,0.000000000000000000e+00,2.410978830499999859e+01
1.677679289299999965e+01,-2.463321382699999873e+01,0.000000000000000000e+00,2.463321382699999873e+01,-2.428034579199999854e+01,0.000000000000000000e+00,2.428034579199999854e+01
1.679681281299999895e+01,-2.452069044699999978e+01,0.000000000000000000e+00,2.452069044699999978e+01,-2.431038970000000177e+01,0.000000000000000000e+00,2.431038970000000177e+01
1.681683273299999826e+01,-2.454560675100000111e+01,0.000000000000000000e+00,2.454560675100000111e+01,-2.431678877499999913e+01,0.000000000000000000e+00,2.431678877499999913e+01
1.683685265300000111e+01,-2.457890780399999997e+01,0.000000000000000000e+00,2.457890780399999997e+01,-2.427222715999999991e+01,0.000000000000000000e+00,2.427222715999999991e+01
1.685687257300000041e+01,-2.463899040900000159e+01,0.000000000000000000e+00,2.463899040900000159e+01,-2.419496517299999994e+01,0.000000000000000000e+00,2.419496517299999994e+01
1.687689249199999963e+01,-2.467297358300000099e+01,0.000000000000000000e+00,2.467297358300000099e+01,-2.412592859600000139e+01,0.000000000000000000e+00,2.412592859600000139e+01
1.689691241199999894e+01,-2.471199992500000064e+01,0.000000000000000000e+00,2.471199992500000064e+01,-2.398751326700000064e+01,0.000000000000000000e+00,2.398751326700000064e+01
1.691693233199999824e+01,-2.451098600799999971e+01,0.000000000000000000e+00,2.451098600799999971e+01,-2.368472081799999884e+01,0.000000000000000000e+00,2.368472081799999884e+01
1.693695225200000110e+01,-2.440454513199999909e+01,0.000000000000000000e+00,2.440454513199999909e+01,-2.346654161400000049e+01,0.000000000000000000e+00,2.346654161400000049e+01
1.695697217200000040e+01,-2.451062111599999938e+01,0.000000000000000000e+00,2.451062111599999938e+01,-2.330738069799999934e+01,0.000000000000000000e+00,2.330738069799999934e+01
1.697699209199999970e+01,-2.444908425799999918e+01,0.000000000000000000e+00,2.444908425799999918e+01,-2.297121042199999863e+01,0.000000000000000000e+00,2.297121042199999863e+01
1.699701201199999900e+01,-2.443384209599999934e+01,0.000000000000000000e+00,2.443384209599999934e+01,-2.277867592899999849e+01,0.000000000000000000e+00,2.277867592899999849e+01
1.701703193199999831e+01,-2.466168557299999975e+01,0.000000000000000000e+00,2.466168557299999975e+01,-2.264957939199999970e+01,0.000000000000000000e+00,2.264957939199999970e+01
1.703705185200000116e+01,-2.489415721700000006e+01,0.000000000000000000e+00,2.489415721700000006e+01,-2.257798857099999879e+01,0.000000000000000000e+00,2.257798857099999879e+01
1.705707177200000046e+01,-2.519254018899999892e+01,0.000000000000000000e+00,2.519254018899999892e+01,-2.246324520299999961e+01,0.000000000000000000e+00,2.246324520299999961e+01
1.707709169199999977e+01,-2.552036883999999972e+01,0.000000000000000000e+00,2.552036883999999972e+01,-2.251784510399999917e+01,0.000000000000000000e+00,2.251784510399999917e+01
1.709711161199999907e+01,-2.610039319499999877e+01,0.000000000000000000e+00,2.610039319499999877e+01,-2.261403203300000087e+01,0.000000000000000000e+00,2.261403203300000087e+01
1.711713153199999837e+01,-2.658034062899999839e+01,0.000000000000000000e+00,2.658034062899999839e+01,-2.263812607999999926e+01,0.000000000000000000e+00,2.263812607999999926e+01
1.713715145100000115e+01,-2.705488075299999906e+01,0.000000000000000000e+00,2.705488075299999906e+01,-2.281920501600000151e+01,0.000000000000000000e+00,2.281920501600000151e+01
1.715717137100000045e+01,-2.739941769900000068e+01,0.000000000000000000e+00,2.739941769900000068e+01,-2.300061542599999953e+01,0.000000000000000000e+00,2.300061542599999953e+01
1.717719129099999975e+01,-2.749518750600000061e+01,0.000000000000000000e+00,2.749518750600000061e+01,-2.321435446699999972e+01,0.000000000000000000e+00,2.321435446699999972e+01
1.719721121099999905e+01,-2.731872046100000162e+01,0.000000000000000000e+00,2.731872046100000162e+01,-2.337077594699999850e+01,0.000000000000000000e+00,2.337077594699999850e+01
1.721723113099999836e+01,-2.696221804300000002e+01,0.000000000000000000e+00,2.696221804300000002e+01,-2.353111313100000146e+01,0.000000000000000000e+00,2.353111313100000146e+01
1.723725105100000121e+01,-2.643986124199999921e+01,0.000000000000000000e+00,2.643986124199999921e+01,-2.353536585699999861e+01,0.000000000000000000e+00,2.353536585699999861e+01
1.725727097100000051e+01,-2.584240095199999843e+01,0.000000000000000000e+00,2.584240095199999843e+01,-2.359667969399999876e+01,0.000000000000000000e+00,2.359667969399999876e+01
1.727729089099999982e+01,-2.541924959500000014e+01,0.000000000000000000e+00,2.541924959500000014e+01,-2.367622581199999843e+01,0.000000000000000000e+00,2.367622581199999843e+01
1.729731081099999912e+01,-2.486604423800000063e+01,0.000000000000000000e+00,2.486604423800000063e+01,-2.370181605300000172e+01,0.000000000000000000e+00,2.370181605300000172e+01
1.731733073099999842e+01,-2.449357665100000148e+01,0.000000000000000000e+00,2.449357665100000148e+01,-2.374384597799999952e+01,0.000000000000000000e+00,2.374384597799999952e+01
1.733735065100000128e+01,-2.419658670300000125e+01,0.000000000000000000e+00,2.419658670300000125e+01,-2.369223054300000086e+01,0.000000000000000000e+00,2.369223054300000086e+01
1.735737057100000058e+01,-2.373233334300000053e+01,0.000000000000000000e+00,2.373233334300000053e+01,-2.351430823300000128e+01,0.000000000000000000e+00,2.351430823300000128e+01
1.737739048999999980e+01,-2.323676093199999926e+01,0.000000000000000000e+00,2.323676093199999926e+01,-2.343153491900000063e+01,0.000000000000000000e+00,2.343153491900000063e+01
1.739741040999999910e+01,-2.284171932199999944e+01,0.000000000000000000e+00,2.284171932199999944e+01,-2.333287089399999914e+01,0.000000000000000000e+00,2.333287089399999914e+01
1.741743032999999841e+01,-2.234034552600000012e+01,0.000000000000000000e+00,2.234034552600000012e+01,-2.317603324899999961e+01,0.000000000000000000e+00,2.317603324899999961e+01
1.743745025000000126e+01,-2.179505488899999932e+01,0.000000000000000000e+00,2.179505488899999932e+01,-2.283328103199999859e+01,0.000000000000000000e+00,2.283328103199999859e+01
1.745747017000000056e+01,-2.152896489500000143e+01,0.000000000000000000e+00,2.152896489500000143e+01,-2.273618928100000147e+01,0.000000000000000000e+00,2.273618928100000147e+01
1.747749008999999987e+01,-2.120220926600000055e+01,0.000000000000000000e+00,2.120220926600000055e+01,-2.251994699999999838e+01,0.000000000000000000e+00,2.251994699999999838e+01
1.749751000999999917e+01,-2.082526273499999903e+01,0.000000000000000000e+00,2.082526273499999903e+01,-2.221341704199999967e+01,0.000000000000000000e+00,2.221341704199999967e+01
1.751752992999999847e+01,-2.063320465500000012e+01,0.000000000000000000e+00,2.063320465500000012e+01,-2.194232780899999824e+01,0.000000000000000000e+00,2.194232780899999824e+01
1.753754985000000133e+01,-2.048317420200000072e+01,0.000000000000000000e+00,2.048317420200000072e+01,-2.193823230399999957e+01,0.000000000000000000e+00,2.193823230399999957e+01
1.755756977000000063e+01,-2.030420109299999964e+01,0.000000000000000000e+00,2.030420109299999964e+01,-2.175573811399999968e+01,0.000000000000000000e+00,2.175573811399999968e+01
1.757758968999999993e+01,-2.021601379199999826e+01,0.000000000000000000e+00,2.021601379199999826e+01,-2.152297617400000007e+01,0.000000000000000000e+00,2.152297617400000007e+01
1.759760960999999924e+01,-2.022054063499999899e+01,0.000000000000000000e+00,2.022054063499999899e+01,-2.141192651200000086e+01,0.000000000000000000e+00,2.141192651200000086e+01
1.761762952999999854e+01,-2.013891238400000105e+01,0.000000000000000000e+00,2.013891238400000105e+01,-2.132102580600000152e+01,0.000000000000000000e+00,2.132102580600000152e+01
1.763764944900000131e+01,-1.994006971299999975e+01,0.000000000000000000e+00,1.994006971299999975e+01,-2.116742230399999869e+01,0.000000000000000000e+00,2.116742230399999869e+01
1.765766936900000061e+01,-1.984839985700000042e+01,0.000000000000000000e+00,1.984839985700000042e+01,-2.119254076800000064e+01,0.000000000000000000e+00,2.119254076800000064e+01
1.767768928899999992e+01,-1.961383165799999873e+01,0.000000000000000000e+00,1.961383165799999873e+01,-2.121677381299999965e+01,0.000000000000000000e+00,2.121677381299999965e+01
1.769770920899999922e+01,-1.934246210699999935e+01,0.000000000000000000e+00,1.934246210699999935e+01,-2.127647730600000031e+01,0.000000000000000000e+00,2.127647730600000031e+01
1.771772912899999852e+01,-1.931719742399999973e+01,0.000000000000000000e+00,1.931719742399999973e+01,-2.148884394599999936e+01,0.000000000000000000e+00,2.148884394599999936e+01
1.773774904900000138e+01,-1.921941755099999938e+01,0.000000000000000000e+00,1.921941755099999938e+01,-2.172673045899999877e+01,0.000000000000000000e+00,2.172673045899999877e+01
1.775776896900000068e+01,-1.913707770299999922e+01,0.000000000000000000e+00,1.913707770299999922e+01,-2.190356868800000001e+01,0.000000000000000000e+00,2.190356868800000001e+01
1.777778888899999998e+01,-1.925676751299999978e+01,0.000000000000000000e+00,1.925676751299999978e+01,-2.214945780700000100e+01,0.000000000000000000e+00,2.214945780700000100e+01
1.779780880899999929e+01,-1.932166700999999875e+01,0.000000000000000000e+00,1.932166700999999875e+01,-2.243529494499999899e+01,0.000000000000000000e+00,2.243529494499999899e+01
1.781782872899999859e+01,-1.932275027900000097e+01,0.000000000000000000e+00,1.932275027900000097e+01,-2.241818826600000136e+01,0.000000000000000000e+00,2.241818826600000136e+01
1.783784864900000144e+01,-1.956102117000000007e+01,0.000000000000000000e+00,1.956102117000000007e+01,-2.256201642399999940e+01,0.000000000000000000e+00,2.256201642399999940e+01
1.785786856900000075e+01,-1.980811616700000144e+01,0.000000000000000000e+00,1.980811616700000144e+01,-2.262315469800000045e+01,0.000000000000000000e+00,2.262315469800000045e+01
1.787788848799999997e+01,-1.998879410600000028e+01,0.000000000000000000e+00,1.998879410600000028e+01,-2.261890358100000142e+01,0.000000000000000000e+00,2.261890358100000142e+01
1.789790840799999927e+01,-2.030417219799999984e+01,0.000000000000000000e+00,2.030417219799999984e+01,-2.266832831500000012e+01,0.000000000000000000e+00,2.266832831500000012e+01
1.791792832799999857e+01,-2.064242565500000026e+01,0.000000000000000000e+00,2.064242565500000026e+01,-2.278743722000000105e+01,0.000000000000000000e+00,2.278743722000000105e+01
1.793794824800000143e+01,-2.079266612400000014e+01,0.000000000000000000e+00,2.079266612400000014e+01,-2.273315363400000066e+01,0.000000000000000000e+00,2.273315363400000066e+01
1.795796816800000073e+01,-2.106607135000000142e+01,0.000000000000000000e+00,2.106607135000000142e+01,-2.277211964800000032e+01,0.000000000000000000e+00,2.277211964800000032e+01
1.797798808800000003e+01,-2.141077911900000075e+01,0.000000000000000000e+00,2.141077911900000075e+01,-2.302938761900000131e+01,0.000000000000000000e+00,2.302938761900000131e+01
1.799800800799999934e+01,-2.157016448399999931e+01,0.000000000000000000e+00,2.157016448399999931e+01,-2.319471358499999880e+01,0.000000000000000000e+00,2.319471358499999880e+01
1.801802792799999864e+01,-2.180451685999999967e+01,0.000000000000000000e+00,2.180451685999999967e+01,-2.349143832600000081e+01,0.000000000000000000e+00,2.349143832600000081e+01
1.803804784800000149e+01,-2.213943231400000045e+01,0.000000000000000000e+00,2.213943231400000045e+01,-2.381661667299999863e+01,0.000000000000000000e+00,2.381661667299999863e+01
1.805806776800000080e+01,-2.227585832700000168e+01,0.000000000000000000e+00,2.227585832700000168e+01,-2.393495264299999903e+01,0.000000000000000000e+00,2.393495264299999903e+01
1.807808768800000010e+01,-2.243328571099999991e+01,0.000000000000000000e+00,2.243328571099999991e+01,-2.402084471999999948e+01,0.000000000000000000e+00,2.402084471999999948e+01
1.809810760799999940e+01,-2.258281610399999906e+01,0.000000000000000000e+00,2.258281610399999906e+01,-2.400160421800000066e+01,0.000000000000000000e+00,2.400160421800000066e+01
1.811812752799999870e+01,-2.260480682900000104e+01,0.000000000000000000e+00,2.260480682900000104e+01,-2.383575040199999862e+01,0.000000000000000000e+00,2.383575040199999862e+01
1.813814744700000148e+01,-2.252750930499999882e+01,0.000000000000000000e+00,2.252750930499999882e+01,-2.360666239300000058e+01,0.000000000000000000e+00,2.360666239300000058e+01
1.815816736700000078e+01,-2.260711915799999971e+01,0.000000000000000000e+00,2.260711915799999971e+01,-2.355597399399999858e+01,0.000000000000000000e+00,2.355597399399999858e+01
1.817818728700000008e+01,-2.256204009200000016e+01,0.000000000000000000e+00,2.256204009200000016e+01,-2.339153324700000169e+01,0.000000000000000000e+00,2.339153324700000169e+01
1.819820720699999939e+01,-2.247373999299999880e+01,0.000000000000000000e+00,2.247373999299999880e+01,-2.333228746500000028e+01,0.000000000000000000e+00,2.333228746500000028e+01
1.821822712699999869e+01,-2.277859270600000130e+01,0.000000000000000000e+00,2.277859270600000130e+01,-2.359269547699999947e+01,0.000000000000000000e+00,2.359269547699999947e+01
1.823824704700000154e+01,-2.302070742900000155e+01,0.000000000000000000e+00,2.302070742900000155e+01,-2.380155739900000000e+01,0.000000000000000000e+00,2.380155739900000000e+01
1.825826696700000085e+01,-2.318084320499999862e+01,0.000000000000000000e+00,2.318084320499999862e+01,-2.388283763100000101e+01,0.000000000000000000e+00,2.388283763100000101e+01
1.827828688700000015e+01,-2.357477363799999992e+01,0.000000000000000000e+00,2.357477363799999992e+01,-2.412448436100000038e+01,0.000000000000000000e+00,2.412448436100000038e+01
1.829830680699999945e+01,-2.394315966099999926e+01,0.000000000000000000e+00,2.394315966099999926e+01,-2.446738011900000132e+01,0.000000000000000000e+00,2.446738011900000132e+01
1.831832672699999875e+01,-2.406936323200000061e+01,0.000000000000000000e+00,2.406936323200000061e+01,-2.454148438300000024e+01,0.000000000000000000e+00,2.454148438300000024e+01
1.833834664700000161e+01,-2.418142462100000145e+01,0.000000000000000000e+00,2.418142462100000145e+01,-2.465541598700000137e+01,0.000000000000000000e+00,2.465541598700000137e+01
1.835836656700000091e+01,-2.423363488700000090e+01,0.000000000000000000e+00,2.423363488700000090e+01,-2.499148050100000162e+01,0.000000000000000000e+00,2.499148050100000162e+01
1.837838648600000013e+01,-2.411834968799999857e+01,0.000000000000000000e+00,2.411834968799999857e+01,-2.499283135700000003e+01,0.000000000000000000e+00,2.499283135700000003e+01
1.839840640599999944e+01,-2.405826632500000173e+01,0.000000000000000000e+00,2.405826632500000173e+01,-2.496626578700000110e+01,0.000000000000000000e+00,2.496626578700000110e+01
1.841842632599999874e+01,-2.408005439000000081e+01,0.000000000000000000e+00,2.408005439000000081e+01,-2.522415623299999865e+01,0.000000000000000000e+00,2.522415623299999865e+01
1.843844624600000159e+01,-2.392323282399999940e+01,0.000000000000000000e+00,2.392323282399999940e+01,-2.532531436600000063e+01,0.000000000000000000e+00,2.532531436600000063e+01
1.845846616600000090e+01,-2.395580985499999827e+01,0.000000000000000000e+00,2.395580985499999827e+01,-2.529714620200000041e+01,0.000000000000000000e+00,2.529714620200000041e+01
1.847848608600000020e+01,-2.414879989900000012e+01,0.000000000000000000e+00,2.414879989900000012e+01,-2.554184369500000074e+01,0.000000000000000000e+00,2.554184369500000074e+01
1.849850600599999950e+01,-2.419789362699999913e+01,0.000000000000000000e+00,2.419789362699999913e+01,-2.566054383000000172e+01,0.000000000000000000e+00,2.566054383000000172e+01
1.851852592599999880e+01,-2.412718488599999844e+01,0.000000000000000000e+00,2.412718488599999844e+01,-2.566253876700000092e+01,0.000000000000000000e+00,2.566253876700000092e+01
1.853854584600000166e+01,-2.435017683999999960e+01,0.000000000000000000e+00,2.435017683999999960e+01,-2.575216636200000053e+01,0.000000000000000000e+00,2.575216636200000053e+01
1.855856576600000096e+01,-2.456590656199999856e+01,0.000000000000000000e+00,2.456590656199999856e+01,-2.589512193099999848e+01,0.000000000000000000e+00,2.589512193099999848e+01
1.857858568600000027e+01,-2.458806152500000053e+01,0.000000000000000000e+00,2.458806152500000053e+01,-2.577625054599999999e+01,0.000000000000000000e+00,2.577625054599999999e+01
1.859860560599999957e+01,-2.467687554100000114e+01,0.000000000000000000e+00,2.467687554100000114e+01,-2.576778635399999828e+01,0.000000000000000000e+00,2.576778635399999828e+01
1.861862552599999887e+01,-2.478946722399999913e+01,0.000000000000000000e+00,2.478946722399999913e+01,-2.558078696100000116e+01,0.000000000000000000e+00,2.558078696100000116e+01
1.863864544500000164e+01,-2.465271585600000037e+01,0.000000000000000000e+00,2.465271585600000037e+01,-2.535664987699999884e+01,0.000000000000000000e+00,2.535664987699999884e+01
1.865866536500000095e+01,-2.482260535200000007e+01,0.000000000000000000e+00,2.482260535200000007e+01,-2.515338684700000016e+01,0.000000000000000000e+00,2.515338684700000016e+01
1.867868528500000025e+01,-2.494043627900000004e+01,0.000000000000000000e+00,2.494043627900000004e+01,-2.489701896200000064e+01,0.000000000000000000e+00,2.489701896200000064e+01
1.869870520499999955e+01,-2.500317811600000084e+01,0.000000000000000000e+00,2.500317811600000084e+01,-2.446720222800000144e+01,0.000000000000000000e+00,2.446720222800000144e+01
1.871872512499999885e+01,-2.536300477900000061e+01,0.000000000000000000e+00,2.536300477900000061e+01,-2.424205682199999856e+01,0.000000000000000000e+00,2.424205682199999856e+01
1.873874504500000171e+01,-2.590976385700000151e+01,0.000000000000000000e+00,2.590976385700000151e+01,-2.424825844800000141e+01,0.000000000000000000e+00,2.424825844800000141e+01
1.875876496500000101e+01,-2.595870347900000041e+01,0.000000000000000000e+00,2.595870347900000041e+01,-2.396871750400000067e+01,0.000000000000000000e+00,2.396871750400000067e+01
1.877878488500000032e+01,-2.603812478800000108e+01,0.000000000000000000e+00,2.603812478800000108e+01,-2.382330006000000111e+01,0.000000000000000000e+00,2.382330006000000111e+01
1.879880480499999962e+01,-2.625431777400000044e+01,0.000000000000000000e+00,2.625431777400000044e+01,-2.408106958200000136e+01,0.000000000000000000e+00,2.408106958200000136e+01
1.881882472499999892e+01,-2.609219837899999916e+01,0.000000000000000000e+00,2.609219837899999916e+01,-2.418975594899999848e+01,0.000000000000000000e+00,2.418975594899999848e+01
1.883884464500000178e+01,-2.568498160500000083e+01,0.000000000000000000e+00,2.568498160500000083e+01,-2.417286914399999986e+01,0.000000000000000000e+00,2.417286914399999986e+01
1.885886456500000108e+01,-2.551098490200000057e+01,0.000000000000000000e+00,2.551098490200000057e+01,-2.449021596400000078e+01,0.000000000000000000e+00,2.449021596400000078e+01
1.887888448400000030e+01,-2.515947559199999972e+01,0.000000000000000000e+00,2.515947559199999972e+01,-2.484038035400000055e+01,0.000000000000000000e+00,2.484038035400000055e+01
1.889890440399999960e+01,-2.478822368000000154e+01,0.000000000000000000e+00,2.478822368000000154e+01,-2.502687410200000073e+01,0.000000000000000000e+00,2.502687410200000073e+01
1.891892432399999890e+01,-2.477586239500000076e+01,0.000000000000000000e+00,2.477586239500000076e+01,-2.555197138699999826e+01,0.000000000000000000e+00,2.555197138699999826e+01
1.893894424400000176e+01,-2.461916758599999966e+01,0.000000000000000000e+00,2.461916758599999966e+01,-2.625636146700000140e+01,0.000000000000000000e+00,2.625636146700000140e+01
1.895896416400000106e+01,-2.445554340500000023e+01,0.000000000000000000e+00,2.445554340500000023e+01,-2.693717095899999947e+01,0.000000000000000000e+00,2.693717095899999947e+01
1.897898408400000037e+01,-2.468958519699999954e+01,0.000000000000000000e+00,2.468958519699999954e+01,-2.785782965399999966e+01,0.000000000000000000e+00,2.785782965399999966e+01
1.899900400399999967e+01,-2.485542781299999859e+01,0.000000000000000000e+00,2.485542781299999859e+01,-2.893442937600000064e+01,0.000000000000000000e+00,2.893442937600000064e+01
1.901902392399999897e+01,-2.489819273199999827e+01,0.000000000000000000e+00,2.489819273199999827e+01,-3.033385148900000061e+01,0.000000000000000000e+00,3.033385148900000061e+01
1.903904384399999827e+01,-2.549680273699999944e+01,0.000000000000000000e+00,2.549680273699999944e+01,-3.208710720700000252e+01,0.000000000000000000e+00,3.208710720700000252e+01
1.905906376400000113e+01,-2.612116847300000089e+01,0.000000000000000000e+00,2.612116847300000089e+01,-3.392488093000000049e+01,0.000000000000000000e+00,3.392488093000000049e+01
1.907908368400000043e+01,-2.675254107499999989e+01,0.000000000000000000e+00,2.675254107499999989e+01,-3.577903976300000011e+01,0.000000000000000000e+00,3.577903976300000011e+01
1.909910360399999973e+01,-2.769540003099999836e+01,0.000000000000000000e+00,2.769540003099999836e+01,-3.852209028499999732e+01,0.000000000000000000e+00,3.852209028499999732e+01
1.911912352399999904e+01,-2.894914497599999947e+01,0.000000000000000000e+00,2.894914497599999947e+01,-4.035368913700000348e+01,0.000000000000000000e+00,4.035368913700000348e+01
1.913914344299999826e+01,-2.978630808000000130e+01,0.000000000000000000e+00,2.978630808000000130e+01,-3.981901623600000306e+01,0.000000000000000000e+00,3.981901623600000306e+01
1.915916336300000111e+01,-3.113859395500000105e+01,0.000000000000000000e+00,3.113859395500000105e+01,-3.896478385000000344e+01,0.000000000000000000e+00,3.896478385000000344e+01
1.917918328300000042e+01,-3.303035493600000194e+01,0.000000000000000000e+00,3.303035493600000194e+01,-3.634595905199999777e+01,0.000000000000000000e+00,3.634595905199999777e+01
1.919920320299999972e+01,-3.465480192700000117e+01,0.000000000000000000e+00,3.465480192700000117e+01,-3.372276284000000146e+01,0.000000000000000000e+00,3.372276284000000146e+01
1.921922312299999902e+01,-3.687581052800000236e+01,0.000000000000000000e+00,3.687581052800000236e+01,-3.182493048099999911e+01,0.000000000000000000e+00,3.182493048099999911e+01
1.923924304299999832e+01,-3.907122727400000173e+01,0.000000000000000000e+00,3.907122727400000173e+01,-3.070640458600000144e+01,0.000000000000000000e+00,3.070640458600000144e+01
1.925926296300000118e+01,-4.043012590000000017e+01,0.000000000000000000e+00,4.043012590000000017e+01,-2.920143934100000038e+01,0.000000000000000000e+00,2.920143934100000038e+01
1.927928288300000048e+01,-4.047170205500000151e+01,0.000000000000000000e+00,4.047170205500000151e+01,-2.809181511199999903e+01,0.000000000000000000e+00,2.809181511199999903e+01
1.929930280299999978e+01,-3.944360120099999989e+01,0.000000000000000000e+00,3.944360120099999989e+01,-2.743226593700000038e+01,0.000000000000000000e+00,2.743226593700000038e+01
1.931932272299999909e+01,-3.769462488599999972e+01,0.000000000000000000e+00,3.769462488599999972e+01,-2.683552363200000102e+01,0.000000000000000000e+00,2.683552363200000102e+01
1.933934264299999839e+01,-3.623055963299999860e+01,0.000000000000000000e+00,3.623055963299999860e+01,-2.615929662099999931e+01,0.000000000000000000e+00,2.615929662099999931e+01
1.935936256300000124e+01,-3.555820938800000164e+01,0.000000000000000000e+00,3.555820938800000164e+01,-2.600467960299999959e+01,0.000000000000000000e+00,2.600467960299999959e+01
1.937938248200000046e+01,-3.516066864500000122e+01,0.000000000000000000e+00,3.516066864500000122e+01,-2.591548111599999871e+01,0.000000000000000000e+00,2.591548111599999871e+01
1.939940240199999977e+01,-3.460339346500000346e+01,0.000000000000000000e+00,3.460339346500000346e+01,-2.584330384300000105e+01,0.000000000000000000e+00,2.584330384300000105e+01
1.941942232199999907e+01,-3.431143785300000104e+01,0.000000000000000000e+00,3.431143785300000104e+01,-2.590045402000000152e+01,0.000000000000000000e+00,2.590045402000000152e+01
1.943944224199999837e+01,-3.392810058599999934e+01,0.000000000000000000e+00,3.392810058599999934e+01,-2.616470372099999864e+01,0.000000000000000000e+00,2.616470372099999864e+01
1.945946216200000123e+01,-3.319083422500000324e+01,0.000000000000000000e+00,3.319083422500000324e+01,-2.633222768999999985e+01,0.000000000000000000e+00,2.633222768999999985e+01
1.947948208200000053e+01,-3.268256947599999762e+01,0.000000000000000000e+00,3.268256947599999762e+01,-2.675247899400000051e+01,0.000000000000000000e+00,2.675247899400000051e+01
1.949950200199999983e+01,-3.241039156099999730e+01,0.000000000000000000e+00,3.241039156099999730e+01,-2.729451948399999850e+01,0.000000000000000000e+00,2.729451948399999850e+01
1.951952192199999914e+01,-3.179879630399999968e+01,0.000000000000000000e+00,3.179879630399999968e+01,-2.757956525199999831e+01,0.000000000000000000e+00,2.757956525199999831e+01
1.953954184199999844e+01,-3.179856228599999923e+01,0.000000000000000000e+00,3.179856228599999923e+01,-2.819875542799999835e+01,0.000000000000000000e+00,2.819875542799999835e+01
1.955956176200000129e+01,-3.224575530100000265e+01,0.000000000000000000e+00,3.224575530100000265e+01,-2.893185828700000073e+01,0.000000000000000000e+00,2.893185828700000073e+01
1.957958168200000060e+01,-3.244485081300000218e+01,0.000000000000000000e+00,3.244485081300000218e+01,-2.949326832899999928e+01,0.000000000000000000e+00,2.949326832899999928e+01
1.959960160199999990e+01,-3.247415722299999885e+01,0.000000000000000000e+00,3.247415722299999885e+01,-3.012366933499999888e+01,0.000000000000000000e+00,3.012366933499999888e+01
1.961962152199999920e+01,-3.274814362600000095e+01,0.000000000000000000e+00,3.274814362600000095e+01,-3.117336099499999946e+01,0.000000000000000000e+00,3.117336099499999946e+01
1.963964144099999842e+01,-3.268004197500000174e+01,0.000000000000000000e+00,3.268004197500000174e+01,-3.104398450100000062e+01,0.000000000000000000e+00,3.104398450100000062e+01
1.965966136100000128e+01,-3.192008938000000029e+01,0.000000000000000000e+00,3.192008938000000029e+01,-3.025992333599999995e+01,0.000000000000000000e+00,3.025992333599999995e+01
1.967968128100000058e+01,-3.102172128699999831e+01,0.000000000000000000e+00,3.102172128699999831e+01,-2.930749110300000027e+01,0.000000000000000000e+00,2.930749110300000027e+01
1.969970120099999988e+01,-3.004069623499999864e+01,0.000000000000000000e+00,3.004069623499999864e+01,-2.859718246199999925e+01,0.000000000000000000e+00,2.859718246199999925e+01
1.971972112099999919e+01,-2.902400464000000113e+01,0.000000000000000000e+00,2.902400464000000113e+01,-2.785804253399999908e+01,0.000000000000000000e+00,2.785804253399999908e+01
1.973974104099999849e+01,-2.808273922900000130e+01,0.000000000000000000e+00,2.808273922900000130e+01,-2.761573585100000017e+01,0.000000000000000000e+00,2.761573585100000017e+01
1.975976096100000134e+01,-2.716165872499999878e+01,0.000000000000000000e+00,2.716165872499999878e+01,-2.739312518399999874e+01,0.000000000000000000e+00,2.739312518399999874e+01
1.977978088100000065e+01,-2.630216741899999988e+01,0.000000000000000000e+00,2.630216741899999988e+01,-2.679946682899999999e+01,0.000000000000000000e+00,2.679946682899999999e+01
1.979980080099999995e+01,-2.593842003099999971e+01,0.000000000000000000e+00,2.593842003099999971e+01,-2.625012966899999967e+01,0.000000000000000000e+00,2.625012966899999967e+01
1.981982072099999925e+01,-2.560713988799999896e+01,0.000000000000000000e+00,2.560713988799999896e+01,-2.583968849000000034e+01,0.000000000000000000e+00,2.583968849000000034e+01
1.983984064099999856e+01,-2.524894981799999982e+01,0.000000000000000000e+00,2.524894981799999982e+01,-2.508855344799999898e+01,0.000000000000000000e+00,2.508855344799999898e+01
1.985986056100000141e+01,-2.521092794899999845e+01,0.000000000000000000e+00,2.521092794899999845e+01,-2.472165963100000141e+01,0.000000000000000000e+00,2.472165963100000141e+01
1.987988048000000063e+01,-2.515811341299999881e+01,0.000000000000000000e+00,2.515811341299999881e+01,-2.451626074700000046e+01,0.000000000000000000e+00,2.451626074700000046e+01
1.989990039999999993e+01,-2.478616101300000096e+01,0.000000000000000000e+00,2.478616101300000096e+01,-2.416411072100000013e+01,0.000000000000000000e+00,2.416411072100000013e+01
1.991992031999999924e+01,-2.472446447300000116e+01,0.000000000000000000e+00,2.472446447300000116e+01,-2.408000353599999954e+01,0.000000000000000000e+00,2.408000353599999954e+01
1.993994023999999854e+01,-2.480368125800000101e+01,0.000000000000000000e+00,2.480368125800000101e+01,-2.415591021999999910e+01,0.000000000000000000e+00,2.415591021999999910e+01
1.995996016000000139e+01,-2.448828856000000087e+01,0.000000000000000000e+00,2.448828856000000087e+01,-2.415979557500000041e+01,0.000000000000000000e+00,2.415979557500000041e+01
1.997998008000000070e+01,-2.434437783399999944e+01,0.000000000000000000e+00,2.434437783399999944e+01,-2.431799582600000065e+01,0.000000000000000000e+00,2.431799582600000065e+01
2.000000000000000000e+01,-2.436184323499999849e+01,0.000000000000000000e+00,2.436184323499999849e+01,-2.470154920499999918e+01,0.000000000000000000e+00,2.470154920499999918e+01
